step,train_loss,nll,div,val_loss,lr,time_s
1,6.18646,5.14884,51.88110,,2.778e-06,1.0
2,6.38922,5.14733,62.09451,,5.556e-06,1.2
3,6.21910,5.12315,54.79720,,8.333e-06,1.5
4,6.59543,5.17916,70.81348,,1.111e-05,1.7
5,6.19636,5.12463,53.58622,,1.389e-05,1.9
6,6.05028,5.18790,43.11891,,1.667e-05,2.1
7,6.33141,5.11760,60.69031,,1.944e-05,2.3
8,6.19721,5.17543,51.08927,,2.222e-05,2.5
9,5.60189,5.18370,20.90926,,2.500e-05,2.7
10,6.29948,5.13092,58.42802,,2.778e-05,2.9
20,5.41213,5.14600,13.30622,,5.556e-05,4.9
30,5.20070,5.06322,6.87416,,8.333e-05,7.0
40,4.95108,4.87315,3.89666,,1.111e-04,8.9
50,4.43313,4.38787,2.26310,,1.389e-04,11.0
60,4.11578,4.07586,1.99559,,1.667e-04,13.0
70,4.28233,4.25267,1.48332,,1.944e-04,15.0
80,4.02137,4.01380,0.37836,,2.222e-04,17.0
90,4.05119,4.04501,0.30876,,2.500e-04,19.1
100,3.73060,3.72377,0.34169,,2.778e-04,21.0
110,4.14426,4.13968,0.22896,,3.056e-04,23.1
120,4.51361,4.50886,0.23774,,3.333e-04,25.1
130,4.50747,4.49991,0.37806,,3.611e-04,27.1
140,4.37343,4.37018,0.16245,,3.889e-04,29.1
150,4.60780,4.60126,0.32692,,4.167e-04,31.1
160,3.97441,3.97222,0.10919,,4.444e-04,33.1
170,3.92234,3.91843,0.19565,,4.722e-04,35.1
180,3.86116,3.85545,0.28521,,5.000e-04,37.2
190,4.40880,4.40326,0.27675,,5.278e-04,39.2
200,4.15371,4.15076,0.14705,,5.556e-04,41.3
210,4.60015,4.59809,0.10263,,5.833e-04,43.3
220,4.00723,4.00485,0.11913,,6.111e-04,45.4
230,3.77542,3.77343,0.09965,,6.389e-04,47.4
240,3.92865,3.92736,0.06467,,6.667e-04,49.4
250,3.78458,3.78347,0.05548,,6.944e-04,51.4
260,3.86046,3.85881,0.08248,,7.222e-04,53.4
270,3.87155,3.86970,0.09242,,7.500e-04,55.4
280,4.11877,4.11592,0.14253,,7.778e-04,57.4
290,4.08676,4.08527,0.07412,,8.056e-04,59.4
300,3.86498,3.86197,0.15040,,8.333e-04,61.5
310,3.59947,3.59661,0.14313,,8.611e-04,63.5
320,3.55682,3.55323,0.17936,,8.889e-04,65.6
330,3.64856,3.64181,0.33746,,9.167e-04,67.6
340,3.54638,3.54448,0.09524,,9.444e-04,69.7
350,3.65172,3.64962,0.10497,,9.722e-04,71.8
360,3.76954,3.76386,0.28373,,1.000e-03,73.8
370,3.98960,3.98415,0.27247,,1.028e-03,75.9
380,3.95440,3.95162,0.13887,,1.056e-03,77.9
390,3.60103,3.59870,0.11662,,1.083e-03,80.0
400,3.64214,3.64019,0.09758,,1.111e-03,82.0
410,3.67992,3.67692,0.14994,,1.139e-03,84.1
420,3.62509,3.62388,0.06035,,1.167e-03,86.1
430,3.51824,3.51712,0.05582,,1.194e-03,88.2
440,3.74534,3.74427,0.05318,,1.222e-03,90.2
450,3.42897,3.42758,0.06982,,1.250e-03,92.3
460,3.56259,3.56130,0.06429,,1.278e-03,94.4
470,3.56364,3.56216,0.07401,,1.306e-03,96.4
480,3.59907,3.59773,0.06690,,1.333e-03,98.4
490,3.59477,3.59346,0.06555,,1.361e-03,100.5
500,3.36318,3.36205,0.05602,,1.389e-03,102.5
510,3.50352,3.50216,0.06806,,1.417e-03,104.5
520,3.23902,3.23731,0.08539,,1.444e-03,106.5
530,3.63303,3.63076,0.11343,,1.472e-03,108.5
540,3.58972,3.58837,0.06717,,1.500e-03,110.6
550,3.44225,3.44093,0.06601,,1.528e-03,112.6
560,3.53567,3.53500,0.03354,,1.556e-03,114.7
570,3.57182,3.57056,0.06303,,1.583e-03,116.7
580,3.28896,3.28713,0.09132,,1.611e-03,118.7
590,3.50626,3.50558,0.03382,,1.639e-03,120.8
600,3.35800,3.35703,0.04879,,1.667e-03,122.8
610,3.17389,3.17309,0.03979,,1.694e-03,124.8
620,3.09723,3.09668,0.02776,,1.722e-03,126.8
630,3.25199,3.25087,0.05595,,1.750e-03,128.9
640,3.29379,3.29296,0.04157,,1.778e-03,131.1
650,3.29067,3.28944,0.06115,,1.806e-03,133.2
660,3.32569,3.32489,0.03982,,1.833e-03,135.4
670,3.24570,3.24497,0.03614,,1.861e-03,137.5
680,3.39721,3.39608,0.05636,,1.889e-03,139.5
690,3.41620,3.41531,0.04414,,1.917e-03,141.6
700,3.21524,3.21432,0.04617,,1.944e-03,143.6
710,3.27310,3.27219,0.04542,,1.972e-03,145.6
720,2.94514,2.94448,0.03313,,2.000e-03,147.7
730,3.30978,3.30893,0.04258,,2.000e-03,149.7
740,3.28174,3.28102,0.03595,,2.000e-03,151.7
750,3.36613,3.36514,0.04942,,2.000e-03,153.8
760,3.38572,3.38438,0.06693,,2.000e-03,155.8
770,3.38017,3.37960,0.02881,,2.000e-03,157.8
780,3.09879,3.09804,0.03783,,2.000e-03,159.8
790,3.32251,3.32133,0.05907,,2.000e-03,161.9
800,3.24865,3.24746,0.05917,,2.000e-03,164.0
810,3.35283,3.35208,0.03788,,2.000e-03,166.1
820,3.59320,3.59225,0.04731,,2.000e-03,168.3
830,3.24915,3.24838,0.03885,,2.000e-03,170.5
840,3.30078,3.30013,0.03225,,2.000e-03,172.6
850,3.20935,3.20870,0.03237,,2.000e-03,174.7
860,3.02004,3.01906,0.04890,,2.000e-03,176.7
870,3.32014,3.31935,0.03991,,2.000e-03,178.7
880,3.31558,3.31515,0.02171,,2.000e-03,180.8
890,3.35981,3.35922,0.02931,,2.000e-03,182.8
900,3.09281,3.09238,0.02148,,2.000e-03,184.8
910,3.25241,3.25134,0.05346,,2.000e-03,186.8
920,3.10891,3.10784,0.05321,,2.000e-03,188.9
930,3.11653,3.11591,0.03101,,2.000e-03,190.9
940,2.98297,2.98224,0.03659,,2.000e-03,192.9
950,3.20890,3.20792,0.04927,,2.000e-03,195.0
960,3.26901,3.26832,0.03437,,1.999e-03,197.0
970,2.96879,2.96806,0.03645,,1.999e-03,199.1
980,3.05431,3.05386,0.02237,,1.999e-03,201.2
990,3.18818,3.18762,0.02834,,1.999e-03,203.3
1000,3.10981,3.10918,0.03185,2.94314,1.999e-03,206.2
1010,3.28585,3.28479,0.05285,,1.999e-03,208.3
1020,3.08037,3.07913,0.06206,,1.999e-03,210.4
1030,3.11287,3.11194,0.04651,,1.999e-03,212.5
1040,2.95187,2.95078,0.05467,,1.999e-03,214.5
1050,3.04040,3.04011,0.01470,,1.999e-03,216.5
1060,3.28239,3.28167,0.03602,,1.999e-03,218.6
1070,3.34095,3.34039,0.02804,,1.999e-03,220.6
1080,3.12175,3.12099,0.03807,,1.999e-03,222.6
1090,3.17495,3.17427,0.03441,,1.999e-03,224.6
1100,3.44043,3.44001,0.02106,,1.999e-03,226.7
1110,3.15658,3.15609,0.02488,,1.999e-03,228.7
1120,2.92897,2.92852,0.02258,,1.999e-03,230.7
1130,3.04879,3.04840,0.01942,,1.999e-03,232.7
1140,3.01544,3.01497,0.02367,,1.998e-03,234.7
1150,3.10707,3.10633,0.03706,,1.998e-03,236.8
1160,2.89103,2.89059,0.02200,,1.998e-03,238.8
1170,3.15947,3.15865,0.04137,,1.998e-03,240.8
1180,3.10288,3.10241,0.02373,,1.998e-03,242.9
1190,2.84895,2.84845,0.02516,,1.998e-03,244.9
1200,2.82675,2.82629,0.02288,,1.998e-03,246.9
1210,2.88374,2.88329,0.02231,,1.998e-03,248.9
1220,2.77771,2.77738,0.01661,,1.998e-03,250.9
1230,3.16525,3.16459,0.03313,,1.998e-03,252.9
1240,2.98901,2.98860,0.02051,,1.998e-03,254.9
1250,2.91055,2.90975,0.04002,,1.998e-03,256.9
1260,2.96721,2.96657,0.03199,,1.997e-03,258.9
1270,2.83458,2.83423,0.01731,,1.997e-03,260.9
1280,2.74851,2.74793,0.02935,,1.997e-03,262.9
1290,2.87365,2.87317,0.02390,,1.997e-03,265.0
1300,2.84093,2.84044,0.02406,,1.997e-03,267.0
1310,2.86881,2.86821,0.02982,,1.997e-03,269.0
1320,3.25123,3.25082,0.02065,,1.997e-03,271.0
1330,3.15922,3.15887,0.01761,,1.997e-03,273.1
1340,3.10223,3.10178,0.02260,,1.997e-03,275.1
1350,3.18689,3.18639,0.02456,,1.996e-03,277.1
1360,2.89438,2.89402,0.01798,,1.996e-03,279.1
1370,2.94277,2.94216,0.03076,,1.996e-03,281.1
1380,3.22027,3.21970,0.02883,,1.996e-03,283.1
1390,2.82144,2.82096,0.02389,,1.996e-03,285.2
1400,2.82494,2.82442,0.02566,,1.996e-03,287.3
1410,2.82426,2.82388,0.01893,,1.996e-03,289.3
1420,2.95531,2.95494,0.01861,,1.996e-03,291.3
1430,2.90310,2.90265,0.02238,,1.996e-03,293.3
1440,2.86837,2.86787,0.02496,,1.995e-03,295.3
1450,2.95311,2.95258,0.02655,,1.995e-03,297.3
1460,2.87503,2.87468,0.01735,,1.995e-03,299.4
1470,2.93680,2.93646,0.01717,,1.995e-03,301.4
1480,3.18809,3.18774,0.01748,,1.995e-03,303.4
1490,2.66384,2.66324,0.03027,,1.995e-03,305.4
1500,2.88979,2.88937,0.02107,,1.995e-03,307.4
1510,2.74357,2.74330,0.01327,,1.994e-03,309.5
1520,2.84228,2.84177,0.02525,,1.994e-03,311.5
1530,2.86931,2.86898,0.01696,,1.994e-03,313.5
1540,2.91789,2.91739,0.02462,,1.994e-03,315.7
1550,2.80178,2.80128,0.02469,,1.994e-03,317.7
1560,2.76253,2.76216,0.01830,,1.994e-03,319.8
1570,2.95055,2.95005,0.02528,,1.994e-03,321.8
1580,2.87837,2.87802,0.01750,,1.993e-03,323.8
1590,2.68777,2.68746,0.01525,,1.993e-03,325.9
1600,2.75666,2.75607,0.02961,,1.993e-03,327.9
1610,3.01988,3.01940,0.02418,,1.993e-03,329.9
1620,2.80752,2.80705,0.02372,,1.993e-03,332.0
1630,2.95696,2.95641,0.02748,,1.993e-03,334.0
1640,2.87829,2.87792,0.01860,,1.992e-03,336.0
1650,2.85509,2.85458,0.02519,,1.992e-03,338.0
1660,2.85116,2.85081,0.01752,,1.992e-03,340.1
1670,2.89509,2.89447,0.03090,,1.992e-03,342.1
1680,2.90368,2.90312,0.02823,,1.992e-03,344.2
1690,2.74014,2.73977,0.01841,,1.992e-03,346.2
1700,2.73046,2.73014,0.01591,,1.991e-03,348.2
1710,2.79299,2.79260,0.01906,,1.991e-03,350.2
1720,2.74054,2.74016,0.01895,,1.991e-03,352.3
1730,3.05486,3.05455,0.01557,,1.991e-03,354.3
1740,2.76522,2.76491,0.01581,,1.991e-03,356.4
1750,2.48342,2.48313,0.01487,,1.991e-03,358.4
1760,2.79154,2.79122,0.01575,,1.990e-03,360.5
1770,3.00156,3.00118,0.01886,,1.990e-03,362.5
1780,3.05705,3.05670,0.01745,,1.990e-03,364.5
1790,2.80513,2.80465,0.02377,,1.990e-03,366.5
1800,2.80905,2.80869,0.01780,,1.990e-03,368.5
1810,2.76665,2.76628,0.01870,,1.989e-03,370.5
1820,2.77687,2.77646,0.02027,,1.989e-03,372.6
1830,2.84962,2.84929,0.01643,,1.989e-03,374.6
1840,3.03826,3.03760,0.03307,,1.989e-03,376.6
1850,2.95289,2.95231,0.02927,,1.989e-03,378.6
1860,2.85584,2.85541,0.02130,,1.988e-03,380.6
1870,2.53184,2.53158,0.01314,,1.988e-03,382.6
1880,2.47855,2.47823,0.01589,,1.988e-03,384.6
1890,2.90104,2.90064,0.02011,,1.988e-03,386.7
1900,3.06373,3.06319,0.02707,,1.988e-03,388.7
1910,2.88009,2.87968,0.02064,,1.987e-03,390.7
1920,2.95115,2.95065,0.02496,,1.987e-03,392.7
1930,3.01715,3.01668,0.02376,,1.987e-03,394.7
1940,3.07938,3.07894,0.02195,,1.987e-03,396.8
1950,3.09745,3.09702,0.02158,,1.987e-03,398.8
1960,3.05663,3.05600,0.03162,,1.986e-03,400.8
1970,2.96304,2.96252,0.02587,,1.986e-03,402.9
1980,2.96046,2.96009,0.01874,,1.986e-03,404.9
1990,2.93451,2.93396,0.02714,,1.986e-03,406.9
2000,2.69301,2.69260,0.02061,2.64418,1.985e-03,409.8
2010,2.79281,2.79238,0.02159,,1.985e-03,411.8
2020,2.86064,2.86034,0.01523,,1.985e-03,413.9
2030,3.10333,3.10286,0.02337,,1.985e-03,415.8
2040,2.94645,2.94601,0.02191,,1.985e-03,417.8
2050,3.01586,3.01535,0.02555,,1.984e-03,419.9
2060,2.64161,2.64125,0.01800,,1.984e-03,421.9
2070,2.78799,2.78751,0.02381,,1.984e-03,423.9
2080,2.71590,2.71550,0.01986,,1.984e-03,425.9
2090,2.83988,2.83946,0.02121,,1.983e-03,428.0
2100,2.90015,2.89972,0.02162,,1.983e-03,430.0
2110,2.93609,2.93554,0.02712,,1.983e-03,432.0
2120,2.77438,2.77378,0.03004,,1.983e-03,434.1
2130,2.80899,2.80866,0.01634,,1.982e-03,436.1
2140,2.73051,2.72995,0.02770,,1.982e-03,438.1
2150,2.74384,2.74347,0.01873,,1.982e-03,440.1
2160,2.51355,2.51336,0.00946,,1.982e-03,442.2
2170,3.11750,3.11711,0.01966,,1.981e-03,444.2
2180,2.92652,2.92599,0.02632,,1.981e-03,446.2
2190,2.99887,2.99847,0.02018,,1.981e-03,448.3
2200,2.87737,2.87684,0.02654,,1.981e-03,450.3
2210,2.80229,2.80202,0.01341,,1.980e-03,452.3
2220,2.95340,2.95287,0.02659,,1.980e-03,454.4
2230,2.71767,2.71734,0.01639,,1.980e-03,456.4
2240,2.83659,2.83620,0.01964,,1.979e-03,458.4
2250,2.67481,2.67446,0.01752,,1.979e-03,460.5
2260,2.50502,2.50480,0.01149,,1.979e-03,462.5
2270,2.78912,2.78880,0.01588,,1.979e-03,464.5
2280,2.71085,2.71037,0.02414,,1.978e-03,466.6
2290,2.81292,2.81263,0.01475,,1.978e-03,468.6
2300,2.94093,2.94048,0.02243,,1.978e-03,470.7
2310,3.01736,3.01690,0.02343,,1.978e-03,472.7
2320,2.77808,2.77759,0.02450,,1.977e-03,474.7
2330,2.69147,2.69093,0.02685,,1.977e-03,476.7
2340,2.92018,2.91978,0.01980,,1.977e-03,478.8
2350,2.77739,2.77701,0.01912,,1.976e-03,480.8
2360,2.58056,2.58018,0.01884,,1.976e-03,482.8
2370,2.70489,2.70459,0.01511,,1.976e-03,484.8
2380,2.64666,2.64627,0.01957,,1.976e-03,486.8
2390,2.69932,2.69896,0.01832,,1.975e-03,488.8
2400,2.75636,2.75595,0.02068,,1.975e-03,490.9
2410,2.92816,2.92768,0.02417,,1.975e-03,492.9
2420,2.65517,2.65481,0.01788,,1.974e-03,494.9
2430,2.78196,2.78160,0.01797,,1.974e-03,496.9
2440,2.73797,2.73754,0.02161,,1.974e-03,498.9
2450,2.70893,2.70855,0.01910,,1.973e-03,501.0
2460,2.76960,2.76909,0.02520,,1.973e-03,503.0
2470,2.80615,2.80578,0.01816,,1.973e-03,505.1
2480,2.68299,2.68260,0.01974,,1.973e-03,507.1
2490,2.72846,2.72808,0.01897,,1.972e-03,509.1
2500,2.88825,2.88784,0.02056,,1.972e-03,511.1
2510,2.88687,2.88645,0.02065,,1.972e-03,513.1
2520,2.74759,2.74710,0.02462,,1.971e-03,515.2
2530,2.60002,2.59961,0.02078,,1.971e-03,517.2
2540,2.80056,2.80000,0.02793,,1.971e-03,519.2
2550,2.85343,2.85312,0.01538,,1.970e-03,521.2
2560,2.95320,2.95262,0.02917,,1.970e-03,523.2
2570,2.71132,2.71099,0.01651,,1.970e-03,525.2
2580,2.81270,2.81220,0.02484,,1.969e-03,527.2
2590,2.74606,2.74557,0.02446,,1.969e-03,529.2
2600,2.99895,2.99833,0.03117,,1.969e-03,531.3
2610,2.67418,2.67384,0.01698,,1.968e-03,533.3
2620,2.57759,2.57727,0.01589,,1.968e-03,535.3
2630,2.64048,2.64007,0.02063,,1.968e-03,537.4
2640,2.80107,2.80066,0.02004,,1.967e-03,539.4
2650,2.90493,2.90443,0.02485,,1.967e-03,541.4
2660,2.92261,2.92197,0.03181,,1.967e-03,543.5
2670,2.67796,2.67759,0.01823,,1.966e-03,545.6
2680,2.67276,2.67250,0.01327,,1.966e-03,547.7
2690,2.83376,2.83327,0.02472,,1.966e-03,549.8
2700,2.64912,2.64871,0.02063,,1.965e-03,551.8
2710,2.72544,2.72505,0.01973,,1.965e-03,553.8
2720,2.64047,2.63997,0.02469,,1.965e-03,555.7
2730,2.95677,2.95639,0.01911,,1.964e-03,557.8
2740,2.69705,2.69668,0.01833,,1.964e-03,559.8
2750,2.59191,2.59142,0.02449,,1.963e-03,561.9
2760,2.56622,2.56588,0.01696,,1.963e-03,563.9
2770,2.53459,2.53420,0.01945,,1.963e-03,566.0
2780,2.60494,2.60451,0.02165,,1.962e-03,568.1
2790,2.69631,2.69587,0.02202,,1.962e-03,570.1
2800,2.76745,2.76701,0.02169,,1.962e-03,572.2
2810,2.78832,2.78799,0.01654,,1.961e-03,574.3
2820,2.79263,2.79213,0.02515,,1.961e-03,576.3
2830,2.77144,2.77089,0.02728,,1.961e-03,578.4
2840,2.76251,2.76201,0.02539,,1.960e-03,580.5
2850,2.57491,2.57450,0.02034,,1.960e-03,582.6
2860,2.55955,2.55922,0.01614,,1.959e-03,584.6
2870,2.89402,2.89357,0.02282,,1.959e-03,586.6
2880,2.87603,2.87560,0.02128,,1.959e-03,588.7
2890,2.56560,2.56521,0.01917,,1.958e-03,590.7
2900,3.00847,3.00796,0.02584,,1.958e-03,592.8
2910,2.79609,2.79574,0.01759,,1.958e-03,594.8
2920,2.65652,2.65621,0.01527,,1.957e-03,596.9
2930,2.76532,2.76485,0.02353,,1.957e-03,599.0
2940,2.80935,2.80890,0.02236,,1.956e-03,601.2
2950,2.86754,2.86717,0.01867,,1.956e-03,603.2
2960,2.68968,2.68935,0.01681,,1.956e-03,605.3
2970,2.88321,2.88288,0.01689,,1.955e-03,607.4
2980,2.71815,2.71779,0.01828,,1.955e-03,609.5
2990,2.61788,2.61749,0.01932,,1.954e-03,611.6
3000,2.64020,2.63992,0.01387,2.49806,1.954e-03,614.6
3010,2.60334,2.60297,0.01847,,1.954e-03,616.7
3020,2.63177,2.63131,0.02314,,1.953e-03,618.7
3030,2.72500,2.72447,0.02659,,1.953e-03,620.8
3040,2.81552,2.81512,0.01999,,1.952e-03,622.8
3050,2.56046,2.56018,0.01379,,1.952e-03,624.9
3060,2.64247,2.64207,0.02027,,1.952e-03,626.9
3070,2.44058,2.44025,0.01634,,1.951e-03,629.0
3080,2.57592,2.57540,0.02607,,1.951e-03,631.1
3090,3.00316,3.00273,0.02131,,1.950e-03,633.2
3100,2.73716,2.73677,0.01942,,1.950e-03,635.3
3110,2.74717,2.74673,0.02190,,1.950e-03,637.4
3120,2.51035,2.51000,0.01729,,1.949e-03,639.4
3130,2.66498,2.66456,0.02133,,1.949e-03,641.5
3140,2.69811,2.69769,0.02080,,1.948e-03,643.6
3150,2.66555,2.66518,0.01852,,1.948e-03,645.6
3160,2.51589,2.51539,0.02482,,1.947e-03,647.7
3170,2.79004,2.78974,0.01506,,1.947e-03,649.7
3180,2.33669,2.33640,0.01456,,1.947e-03,651.8
3190,2.29661,2.29637,0.01177,,1.946e-03,653.9
3200,2.46483,2.46454,0.01469,,1.946e-03,655.9
3210,2.66963,2.66928,0.01734,,1.945e-03,657.9
3220,2.89246,2.89211,0.01729,,1.945e-03,660.0
3230,2.70727,2.70679,0.02404,,1.944e-03,662.1
3240,2.78615,2.78573,0.02070,,1.944e-03,664.2
3250,2.53925,2.53888,0.01873,,1.943e-03,666.2
3260,2.53380,2.53347,0.01646,,1.943e-03,668.3
3270,2.43610,2.43577,0.01624,,1.943e-03,670.3
3280,2.52928,2.52893,0.01750,,1.942e-03,672.4
3290,2.68072,2.68010,0.03099,,1.942e-03,674.4
3300,2.49740,2.49706,0.01706,,1.941e-03,676.5
3310,2.37267,2.37231,0.01800,,1.941e-03,678.6
3320,2.57162,2.57126,0.01805,,1.940e-03,680.6
3330,2.57376,2.57351,0.01224,,1.940e-03,682.7
3340,2.59420,2.59362,0.02908,,1.939e-03,684.7
3350,2.62246,2.62193,0.02637,,1.939e-03,686.8
3360,2.24211,2.24185,0.01276,,1.939e-03,688.7
3370,2.58565,2.58532,0.01654,,1.938e-03,690.8
3380,2.60834,2.60793,0.02034,,1.938e-03,692.9
3390,2.60265,2.60229,0.01811,,1.937e-03,694.9
3400,2.62239,2.62209,0.01468,,1.937e-03,697.0
3410,2.76609,2.76578,0.01536,,1.936e-03,699.1
3420,2.65322,2.65275,0.02343,,1.936e-03,701.2
3430,2.45669,2.45624,0.02236,,1.935e-03,703.2
3440,2.44372,2.44335,0.01857,,1.935e-03,705.3
3450,2.95532,2.95468,0.03219,,1.934e-03,707.4
3460,2.53909,2.53883,0.01288,,1.934e-03,709.4
3470,2.72597,2.72547,0.02505,,1.933e-03,711.5
3480,2.64977,2.64930,0.02350,,1.933e-03,713.5
3490,2.64877,2.64852,0.01264,,1.932e-03,715.6
3500,2.66083,2.66019,0.03193,,1.932e-03,717.6
3510,2.60592,2.60552,0.02022,,1.931e-03,719.7
3520,2.59552,2.59515,0.01859,,1.931e-03,721.7
3530,2.70424,2.70364,0.03002,,1.930e-03,723.8
3540,2.49954,2.49929,0.01252,,1.930e-03,725.8
3550,2.68175,2.68129,0.02316,,1.929e-03,727.9
3560,2.56378,2.56323,0.02719,,1.929e-03,729.9
3570,2.68839,2.68795,0.02206,,1.928e-03,731.9
3580,2.74607,2.74561,0.02305,,1.928e-03,734.0
3590,2.57699,2.57664,0.01742,,1.927e-03,736.0
3600,2.58161,2.58113,0.02375,,1.927e-03,738.0
3610,2.68799,2.68750,0.02404,,1.926e-03,740.1
3620,2.48310,2.48257,0.02683,,1.926e-03,742.1
3630,2.65915,2.65877,0.01885,,1.925e-03,744.1
3640,2.63751,2.63704,0.02356,,1.925e-03,746.1
3650,2.83809,2.83766,0.02158,,1.924e-03,748.1
3660,2.87538,2.87482,0.02829,,1.924e-03,750.2
3670,2.62900,2.62836,0.03163,,1.923e-03,752.2
3680,2.47437,2.47402,0.01764,,1.923e-03,754.2
3690,2.40583,2.40533,0.02531,,1.922e-03,756.2
3700,2.61081,2.61027,0.02702,,1.922e-03,758.3
3710,2.64117,2.64078,0.01942,,1.921e-03,760.4
3720,2.78648,2.78596,0.02582,,1.921e-03,762.5
3730,2.73071,2.73027,0.02228,,1.920e-03,764.5
3740,2.62933,2.62897,0.01813,,1.920e-03,766.6
3750,2.65307,2.65247,0.02997,,1.919e-03,768.6
3760,2.72291,2.72256,0.01755,,1.919e-03,770.6
3770,2.60575,2.60522,0.02645,,1.918e-03,772.7
3780,2.53584,2.53544,0.01966,,1.918e-03,774.7
3790,2.52619,2.52585,0.01729,,1.917e-03,776.8
3800,2.37714,2.37681,0.01626,,1.917e-03,778.8
3810,2.72632,2.72589,0.02152,,1.916e-03,780.9
3820,2.49358,2.49313,0.02251,,1.916e-03,783.0
3830,2.72373,2.72343,0.01494,,1.915e-03,785.1
3840,2.64502,2.64469,0.01664,,1.914e-03,787.1
3850,2.54273,2.54246,0.01338,,1.914e-03,789.2
3860,2.64129,2.64091,0.01895,,1.913e-03,791.2
3870,2.68560,2.68518,0.02103,,1.913e-03,793.2
3880,2.51083,2.51049,0.01669,,1.912e-03,795.3
3890,2.57719,2.57675,0.02204,,1.912e-03,797.3
3900,2.62114,2.62079,0.01724,,1.911e-03,799.3
3910,2.70632,2.70585,0.02319,,1.911e-03,801.3
3920,2.50279,2.50241,0.01927,,1.910e-03,803.3
3930,2.55846,2.55810,0.01803,,1.910e-03,805.4
3940,2.61300,2.61260,0.01962,,1.909e-03,807.3
3950,2.69191,2.69142,0.02462,,1.908e-03,809.4
3960,2.44791,2.44753,0.01910,,1.908e-03,811.4
3970,2.58181,2.58129,0.02611,,1.907e-03,813.5
3980,2.44888,2.44852,0.01807,,1.907e-03,815.5
3990,2.53474,2.53429,0.02241,,1.906e-03,817.6
4000,2.63611,2.63560,0.02544,2.40870,1.906e-03,820.6
4010,2.39777,2.39744,0.01618,,1.905e-03,822.7
4020,2.42121,2.42086,0.01770,,1.904e-03,824.7
4030,2.59381,2.59325,0.02832,,1.904e-03,826.7
4040,2.59628,2.59597,0.01542,,1.903e-03,828.7
4050,2.52378,2.52336,0.02074,,1.903e-03,830.7
4060,2.83636,2.83594,0.02083,,1.902e-03,832.8
4070,2.64962,2.64913,0.02443,,1.902e-03,834.8
4080,2.72662,2.72618,0.02210,,1.901e-03,836.8
4090,2.60149,2.60104,0.02225,,1.900e-03,838.8
4100,2.48326,2.48282,0.02172,,1.900e-03,840.9
4110,2.43420,2.43364,0.02759,,1.899e-03,842.9
4120,2.80938,2.80872,0.03277,,1.899e-03,844.9
4130,2.63013,2.62959,0.02682,,1.898e-03,846.9
4140,2.94428,2.94391,0.01837,,1.898e-03,848.9
4150,2.73978,2.73940,0.01916,,1.897e-03,850.9
4160,2.42605,2.42565,0.02036,,1.896e-03,853.0
4170,2.53362,2.53327,0.01734,,1.896e-03,855.0
4180,2.63984,2.63941,0.02142,,1.895e-03,857.0
4190,2.69745,2.69693,0.02631,,1.895e-03,859.1
4200,2.68820,2.68762,0.02887,,1.894e-03,861.1
4210,2.43885,2.43863,0.01065,,1.893e-03,863.1
4220,2.67835,2.67789,0.02297,,1.893e-03,865.2
4230,2.55333,2.55280,0.02642,,1.892e-03,867.3
4240,2.63214,2.63165,0.02455,,1.892e-03,869.3
4250,2.29624,2.29590,0.01749,,1.891e-03,871.3
4260,2.47321,2.47273,0.02403,,1.890e-03,873.4
4270,2.60805,2.60763,0.02087,,1.890e-03,875.4
4280,2.43430,2.43385,0.02266,,1.889e-03,877.5
4290,2.68228,2.68180,0.02444,,1.889e-03,879.5
4300,2.56257,2.56215,0.02062,,1.888e-03,881.5
4310,2.47532,2.47497,0.01746,,1.887e-03,883.6
4320,2.74304,2.74261,0.02157,,1.887e-03,885.6
4330,2.46348,2.46312,0.01806,,1.886e-03,887.6
4340,2.45336,2.45285,0.02546,,1.885e-03,889.7
4350,2.81623,2.81556,0.03344,,1.885e-03,891.7
4360,2.47849,2.47821,0.01384,,1.884e-03,893.8
4370,2.37014,2.36982,0.01624,,1.884e-03,895.9
4380,2.68192,2.68143,0.02457,,1.883e-03,897.9
4390,2.57521,2.57483,0.01918,,1.882e-03,900.0
4400,2.50643,2.50594,0.02481,,1.882e-03,902.0
4410,2.57329,2.57293,0.01792,,1.881e-03,904.0
4420,2.45543,2.45517,0.01312,,1.880e-03,906.1
4430,2.36377,2.36343,0.01678,,1.880e-03,908.1
4440,2.46715,2.46677,0.01894,,1.879e-03,910.2
4450,2.55783,2.55744,0.01933,,1.879e-03,912.2
4460,2.45798,2.45772,0.01303,,1.878e-03,914.3
4470,2.70495,2.70446,0.02447,,1.877e-03,916.4
4480,2.45172,2.45125,0.02367,,1.877e-03,918.4
4490,2.60230,2.60185,0.02262,,1.876e-03,920.5
4500,2.76115,2.76067,0.02427,,1.875e-03,922.5
4510,2.55847,2.55792,0.02748,,1.875e-03,924.5
4520,2.67896,2.67852,0.02200,,1.874e-03,926.5
4530,2.49034,2.48999,0.01748,,1.873e-03,928.6
4540,2.43143,2.43101,0.02085,,1.873e-03,930.6
4550,2.58087,2.58046,0.02080,,1.872e-03,932.6
4560,2.80703,2.80645,0.02866,,1.871e-03,934.6
4570,2.37937,2.37901,0.01832,,1.871e-03,936.6
4580,2.86410,2.86354,0.02822,,1.870e-03,938.7
4590,2.55098,2.55052,0.02297,,1.869e-03,940.7
4600,2.73778,2.73738,0.02036,,1.869e-03,942.7
4610,2.66865,2.66828,0.01845,,1.868e-03,944.7
4620,2.66396,2.66366,0.01512,,1.867e-03,946.7
4630,2.59411,2.59362,0.02423,,1.867e-03,948.7
4640,2.60474,2.60438,0.01814,,1.866e-03,950.7
4650,2.74307,2.74273,0.01727,,1.865e-03,952.7
4660,2.72785,2.72731,0.02661,,1.865e-03,954.8
4670,2.48639,2.48603,0.01772,,1.864e-03,956.8
4680,2.53762,2.53725,0.01887,,1.863e-03,958.9
4690,2.61120,2.61076,0.02224,,1.863e-03,960.9
4700,2.65358,2.65322,0.01765,,1.862e-03,962.9
4710,2.51645,2.51596,0.02480,,1.861e-03,964.9
4720,2.52891,2.52844,0.02324,,1.861e-03,966.9
4730,2.60804,2.60775,0.01451,,1.860e-03,968.9
4740,2.74553,2.74522,0.01538,,1.859e-03,971.0
4750,2.65536,2.65496,0.02020,,1.859e-03,973.1
4760,2.58729,2.58693,0.01796,,1.858e-03,975.1
4770,2.42393,2.42345,0.02413,,1.857e-03,977.1
4780,2.51163,2.51129,0.01674,,1.857e-03,979.1
4790,2.42145,2.42106,0.01955,,1.856e-03,981.2
4800,2.48853,2.48818,0.01742,,1.855e-03,983.2
4810,2.41359,2.41323,0.01833,,1.855e-03,985.2
4820,2.39983,2.39945,0.01886,,1.854e-03,987.2
4830,2.36261,2.36228,0.01657,,1.853e-03,989.2
4840,2.79980,2.79924,0.02778,,1.852e-03,991.2
4850,2.61027,2.60977,0.02502,,1.852e-03,993.2
4860,2.46986,2.46952,0.01697,,1.851e-03,995.3
4870,2.72309,2.72256,0.02637,,1.850e-03,997.4
4880,2.57141,2.57096,0.02238,,1.850e-03,999.4
4890,2.78234,2.78194,0.02023,,1.849e-03,1001.5
4900,2.55627,2.55584,0.02159,,1.848e-03,1003.5
4910,2.74778,2.74726,0.02632,,1.848e-03,1005.6
4920,2.43757,2.43726,0.01569,,1.847e-03,1007.6
4930,2.51174,2.51138,0.01767,,1.846e-03,1009.6
4940,2.51364,2.51322,0.02093,,1.845e-03,1011.7
4950,2.59540,2.59508,0.01628,,1.845e-03,1013.7
4960,2.47497,2.47441,0.02789,,1.844e-03,1015.7
4970,2.66362,2.66323,0.01935,,1.843e-03,1017.8
4980,2.62032,2.61999,0.01680,,1.843e-03,1019.8
4990,2.61555,2.61513,0.02120,,1.842e-03,1021.8
5000,2.45258,2.45221,0.01856,2.35717,1.841e-03,1024.7
5010,2.54936,2.54881,0.02759,,1.840e-03,1026.7
5020,2.51533,2.51495,0.01935,,1.840e-03,1028.8
5030,2.47900,2.47861,0.01936,,1.839e-03,1030.8
5040,2.53598,2.53551,0.02307,,1.838e-03,1032.8
5050,2.52359,2.52307,0.02591,,1.837e-03,1034.8
5060,2.39817,2.39779,0.01880,,1.837e-03,1036.9
5070,2.61221,2.61172,0.02455,,1.836e-03,1038.9
5080,2.54082,2.54042,0.01981,,1.835e-03,1040.9
5090,2.43954,2.43915,0.01939,,1.835e-03,1042.9
5100,2.34690,2.34652,0.01947,,1.834e-03,1045.0
5110,2.52788,2.52757,0.01514,,1.833e-03,1047.0
5120,2.44344,2.44306,0.01888,,1.832e-03,1049.1
5130,2.33143,2.33100,0.02179,,1.832e-03,1051.2
5140,2.77359,2.77309,0.02495,,1.831e-03,1053.2
5150,2.44768,2.44727,0.02075,,1.830e-03,1055.2
5160,2.57936,2.57877,0.02925,,1.829e-03,1057.2
5170,2.44691,2.44651,0.01983,,1.829e-03,1059.2
5180,2.49997,2.49968,0.01451,,1.828e-03,1061.3
5190,2.53106,2.53061,0.02257,,1.827e-03,1063.3
5200,2.39651,2.39611,0.02002,,1.826e-03,1065.4
5210,2.29986,2.29936,0.02487,,1.826e-03,1067.4
5220,2.48381,2.48322,0.02943,,1.825e-03,1069.5
5230,2.39174,2.39121,0.02660,,1.824e-03,1071.5
5240,2.57065,2.57025,0.02031,,1.823e-03,1073.5
5250,2.56372,2.56330,0.02100,,1.823e-03,1075.6
5260,2.52541,2.52507,0.01683,,1.822e-03,1077.7
5270,2.43474,2.43422,0.02581,,1.821e-03,1079.7
5280,2.53456,2.53400,0.02808,,1.820e-03,1081.7
5290,2.47785,2.47743,0.02113,,1.820e-03,1083.7
5300,2.46052,2.46004,0.02413,,1.819e-03,1085.8
5310,2.52489,2.52443,0.02260,,1.818e-03,1087.8
5320,2.50893,2.50852,0.02092,,1.817e-03,1089.9
5330,2.57708,2.57673,0.01719,,1.816e-03,1091.9
5340,2.41690,2.41651,0.01988,,1.816e-03,1094.0
5350,2.55824,2.55791,0.01637,,1.815e-03,1096.0
5360,2.53109,2.53065,0.02211,,1.814e-03,1098.0
5370,2.48248,2.48208,0.01978,,1.813e-03,1100.0
5380,2.60436,2.60392,0.02194,,1.813e-03,1102.1
5390,2.45315,2.45276,0.01974,,1.812e-03,1103.9
5400,2.45805,2.45760,0.02265,,1.811e-03,1106.0
5410,2.47294,2.47250,0.02207,,1.810e-03,1108.0
5420,2.27448,2.27409,0.01964,,1.809e-03,1110.0
5430,2.37892,2.37859,0.01659,,1.809e-03,1112.1
5440,2.58080,2.58049,0.01563,,1.808e-03,1114.1
5450,2.44790,2.44763,0.01371,,1.807e-03,1116.1
5460,2.78254,2.78218,0.01805,,1.806e-03,1118.2
5470,2.46429,2.46384,0.02216,,1.806e-03,1120.2
5480,2.59609,2.59573,0.01840,,1.805e-03,1122.2
5490,2.85213,2.85169,0.02168,,1.804e-03,1124.3
5500,2.59264,2.59226,0.01872,,1.803e-03,1126.3
5510,2.65701,2.65664,0.01854,,1.802e-03,1128.4
5520,2.75623,2.75574,0.02444,,1.802e-03,1130.4
5530,2.34534,2.34482,0.02592,,1.801e-03,1132.4
5540,2.33909,2.33881,0.01399,,1.800e-03,1134.5
5550,2.56886,2.56849,0.01849,,1.799e-03,1136.5
5560,2.60240,2.60206,0.01697,,1.798e-03,1138.5
5570,2.35640,2.35607,0.01637,,1.798e-03,1140.6
5580,2.50515,2.50468,0.02375,,1.797e-03,1142.6
5590,2.43538,2.43493,0.02258,,1.796e-03,1144.6
5600,2.57658,2.57609,0.02451,,1.795e-03,1146.6
5610,2.29536,2.29502,0.01726,,1.794e-03,1148.6
5620,2.61471,2.61429,0.02112,,1.794e-03,1150.7
5630,2.61615,2.61577,0.01922,,1.793e-03,1152.7
5640,2.32340,2.32295,0.02245,,1.792e-03,1154.8
5650,2.71315,2.71274,0.02087,,1.791e-03,1156.8
5660,2.32516,2.32485,0.01567,,1.790e-03,1158.8
5670,2.32363,2.32320,0.02170,,1.789e-03,1160.9
5680,2.56172,2.56128,0.02176,,1.789e-03,1162.9
5690,2.11217,2.11187,0.01520,,1.788e-03,1164.9
5700,2.44347,2.44302,0.02222,,1.787e-03,1166.9
5710,2.18939,2.18890,0.02452,,1.786e-03,1169.0
5720,2.83504,2.83464,0.01961,,1.785e-03,1171.0
5730,2.70597,2.70556,0.02074,,1.785e-03,1172.9
5740,2.50393,2.50359,0.01712,,1.784e-03,1175.0
5750,2.20288,2.20253,0.01745,,1.783e-03,1177.0
5760,2.40985,2.40949,0.01766,,1.782e-03,1179.0
5770,2.52358,2.52318,0.02000,,1.781e-03,1181.1
5780,2.47695,2.47646,0.02448,,1.780e-03,1183.1
5790,2.72543,2.72496,0.02342,,1.780e-03,1185.2
5800,2.39570,2.39514,0.02789,,1.779e-03,1187.2
5810,2.68366,2.68315,0.02548,,1.778e-03,1189.3
5820,2.29982,2.29951,0.01558,,1.777e-03,1191.4
5830,2.48896,2.48860,0.01818,,1.776e-03,1193.4
5840,2.48326,2.48292,0.01734,,1.775e-03,1195.5
5850,2.46644,2.46607,0.01864,,1.774e-03,1197.6
5860,2.58749,2.58711,0.01883,,1.774e-03,1199.7
5870,2.43901,2.43855,0.02338,,1.773e-03,1201.8
5880,2.63355,2.63312,0.02115,,1.772e-03,1203.9
5890,2.64790,2.64730,0.03001,,1.771e-03,1205.9
5900,2.62924,2.62874,0.02481,,1.770e-03,1208.0
5910,2.44837,2.44794,0.02145,,1.769e-03,1210.0
5920,2.48685,2.48643,0.02071,,1.769e-03,1212.0
5930,2.61369,2.61319,0.02493,,1.768e-03,1214.2
5940,2.61780,2.61722,0.02896,,1.767e-03,1216.3
5950,2.31197,2.31152,0.02248,,1.766e-03,1218.3
5960,2.62006,2.61950,0.02786,,1.765e-03,1220.3
5970,2.41373,2.41338,0.01747,,1.764e-03,1222.4
5980,2.58996,2.58957,0.01928,,1.763e-03,1224.4
5990,2.55943,2.55891,0.02599,,1.763e-03,1226.4
6000,2.52644,2.52611,0.01656,2.31190,1.762e-03,1229.4
6010,2.34679,2.34637,0.02072,,1.761e-03,1231.4
6020,2.52090,2.52042,0.02377,,1.760e-03,1233.4
6030,2.30810,2.30772,0.01936,,1.759e-03,1235.5
6040,2.49641,2.49598,0.02181,,1.758e-03,1237.5
6050,2.38723,2.38692,0.01522,,1.757e-03,1239.6
6060,2.54376,2.54333,0.02189,,1.756e-03,1241.5
6070,2.39512,2.39472,0.01998,,1.756e-03,1243.5
6080,2.48828,2.48772,0.02792,,1.755e-03,1245.5
6090,2.54969,2.54931,0.01890,,1.754e-03,1247.6
6100,2.66120,2.66081,0.01937,,1.753e-03,1249.6
6110,2.33435,2.33400,0.01787,,1.752e-03,1251.7
6120,2.58839,2.58809,0.01501,,1.751e-03,1253.7
6130,2.49821,2.49777,0.02166,,1.750e-03,1255.7
6140,2.43163,2.43124,0.01927,,1.749e-03,1257.8
6150,2.59168,2.59121,0.02390,,1.749e-03,1259.8
6160,2.46891,2.46837,0.02677,,1.748e-03,1261.8
6170,2.43536,2.43506,0.01499,,1.747e-03,1263.8
6180,2.45058,2.45014,0.02175,,1.746e-03,1265.9
6190,2.62779,2.62727,0.02570,,1.745e-03,1267.9
6200,2.52739,2.52689,0.02487,,1.744e-03,1269.9
6210,2.17227,2.17197,0.01489,,1.743e-03,1272.0
6220,2.65277,2.65240,0.01837,,1.742e-03,1274.0
6230,2.82252,2.82172,0.04001,,1.741e-03,1276.0
6240,2.32656,2.32616,0.01991,,1.741e-03,1278.0
6250,2.84411,2.84389,0.01083,,1.740e-03,1280.1
6260,2.49665,2.49610,0.02725,,1.739e-03,1282.1
6270,2.55630,2.55583,0.02330,,1.738e-03,1284.1
6280,2.67237,2.67178,0.02968,,1.737e-03,1286.2
6290,2.62295,2.62247,0.02369,,1.736e-03,1288.2
6300,2.51786,2.51741,0.02274,,1.735e-03,1290.3
6310,2.16302,2.16262,0.02026,,1.734e-03,1292.3
6320,2.58543,2.58497,0.02314,,1.733e-03,1294.3
6330,2.48831,2.48788,0.02154,,1.732e-03,1296.4
6340,2.28842,2.28811,0.01542,,1.732e-03,1298.4
6350,2.48155,2.48120,0.01739,,1.731e-03,1300.4
6360,2.55590,2.55542,0.02415,,1.730e-03,1302.4
6370,2.67652,2.67608,0.02193,,1.729e-03,1304.5
6380,2.48746,2.48703,0.02115,,1.728e-03,1306.5
6390,2.62572,2.62515,0.02841,,1.727e-03,1308.6
6400,2.32259,2.32221,0.01895,,1.726e-03,1310.6
6410,2.46458,2.46417,0.02063,,1.725e-03,1312.7
6420,2.55114,2.55078,0.01791,,1.724e-03,1314.7
6430,2.37533,2.37496,0.01824,,1.723e-03,1316.8
6440,2.23979,2.23946,0.01674,,1.722e-03,1318.8
6450,2.37915,2.37873,0.02116,,1.721e-03,1320.9
6460,2.51388,2.51340,0.02366,,1.720e-03,1322.9
6470,2.36426,2.36389,0.01804,,1.720e-03,1324.9
6480,2.47593,2.47545,0.02411,,1.719e-03,1327.0
6490,2.60238,2.60189,0.02417,,1.718e-03,1329.0
6500,2.55407,2.55365,0.02128,,1.717e-03,1331.0
6510,2.75856,2.75806,0.02506,,1.716e-03,1333.1
6520,2.35980,2.35933,0.02374,,1.715e-03,1335.1
6530,2.34900,2.34867,0.01644,,1.714e-03,1337.1
6540,2.43267,2.43219,0.02416,,1.713e-03,1339.1
6550,2.35797,2.35752,0.02290,,1.712e-03,1341.2
6560,2.76422,2.76377,0.02240,,1.711e-03,1343.2
6570,2.30873,2.30838,0.01729,,1.710e-03,1345.4
6580,2.46885,2.46820,0.03258,,1.709e-03,1347.4
6590,2.66200,2.66156,0.02208,,1.708e-03,1349.4
6600,2.45882,2.45825,0.02833,,1.707e-03,1351.4
6610,2.44154,2.44122,0.01620,,1.706e-03,1353.5
6620,2.56572,2.56533,0.01914,,1.706e-03,1355.6
6630,2.18593,2.18548,0.02224,,1.705e-03,1357.6
6640,2.53990,2.53941,0.02468,,1.704e-03,1359.6
6650,2.52895,2.52837,0.02916,,1.703e-03,1361.7
6660,2.60881,2.60843,0.01868,,1.702e-03,1363.7
6670,2.41021,2.40987,0.01695,,1.701e-03,1365.8
6680,2.59566,2.59515,0.02533,,1.700e-03,1367.9
6690,2.60143,2.60109,0.01724,,1.699e-03,1369.9
6700,2.57603,2.57555,0.02403,,1.698e-03,1372.0
6710,2.39692,2.39655,0.01813,,1.697e-03,1374.0
6720,2.53415,2.53367,0.02392,,1.696e-03,1376.1
6730,2.49647,2.49618,0.01479,,1.695e-03,1378.1
6740,2.35827,2.35773,0.02710,,1.694e-03,1380.1
6750,2.51158,2.51122,0.01803,,1.693e-03,1382.1
6760,2.50019,2.49971,0.02392,,1.692e-03,1384.2
6770,2.28163,2.28130,0.01615,,1.691e-03,1386.3
6780,2.24153,2.24110,0.02154,,1.690e-03,1388.3
6790,2.34333,2.34297,0.01829,,1.689e-03,1390.4
6800,2.62626,2.62582,0.02188,,1.688e-03,1392.4
6810,2.56749,2.56685,0.03164,,1.687e-03,1394.4
6820,2.54737,2.54696,0.02072,,1.686e-03,1396.5
6830,2.63677,2.63638,0.01943,,1.685e-03,1398.5
6840,2.24315,2.24272,0.02157,,1.684e-03,1400.5
6850,2.46480,2.46435,0.02235,,1.683e-03,1402.5
6860,2.36731,2.36693,0.01928,,1.683e-03,1404.6
6870,2.67622,2.67562,0.03001,,1.682e-03,1406.7
6880,2.51864,2.51802,0.03099,,1.681e-03,1408.7
6890,2.45057,2.45009,0.02398,,1.680e-03,1410.7
6900,2.33302,2.33262,0.01974,,1.679e-03,1412.7
6910,2.31645,2.31600,0.02224,,1.678e-03,1414.8
6920,2.44710,2.44668,0.02075,,1.677e-03,1416.9
6930,2.35747,2.35709,0.01936,,1.676e-03,1418.9
6940,2.54028,2.53996,0.01581,,1.675e-03,1420.9
6950,2.61341,2.61300,0.02036,,1.674e-03,1423.0
6960,2.56647,2.56600,0.02341,,1.673e-03,1425.0
6970,2.39667,2.39620,0.02344,,1.672e-03,1427.1
6980,2.57651,2.57612,0.01951,,1.671e-03,1429.1
6990,2.54920,2.54866,0.02717,,1.670e-03,1431.2
7000,2.42388,2.42339,0.02424,2.27362,1.669e-03,1434.1
7010,2.48081,2.48049,0.01559,,1.668e-03,1436.1
7020,2.52595,2.52550,0.02225,,1.667e-03,1438.2
7030,2.40242,2.40202,0.01985,,1.666e-03,1440.2
7040,2.51077,2.51039,0.01941,,1.665e-03,1442.3
7050,2.36048,2.35988,0.03010,,1.664e-03,1444.3
7060,2.53672,2.53636,0.01797,,1.663e-03,1446.3
7070,2.37351,2.37302,0.02461,,1.662e-03,1448.4
7080,2.49300,2.49254,0.02288,,1.661e-03,1450.4
7090,2.54466,2.54416,0.02525,,1.660e-03,1452.4
7100,2.45736,2.45689,0.02335,,1.659e-03,1454.4
7110,2.38050,2.38018,0.01606,,1.658e-03,1456.5
7120,2.47192,2.47158,0.01726,,1.657e-03,1458.5
7130,2.30915,2.30887,0.01401,,1.656e-03,1460.6
7140,2.53466,2.53434,0.01590,,1.655e-03,1462.6
7150,2.47895,2.47853,0.02135,,1.654e-03,1464.7
7160,2.42186,2.42124,0.03128,,1.653e-03,1466.7
7170,2.25549,2.25515,0.01692,,1.652e-03,1468.7
7180,2.29543,2.29474,0.03464,,1.651e-03,1470.7
7190,2.38305,2.38272,0.01637,,1.650e-03,1472.7
7200,2.45000,2.44962,0.01907,,1.649e-03,1474.7
7210,2.45825,2.45773,0.02574,,1.648e-03,1476.8
7220,2.60620,2.60578,0.02103,,1.647e-03,1478.8
7230,2.48028,2.47992,0.01800,,1.646e-03,1480.8
7240,2.37215,2.37180,0.01760,,1.645e-03,1482.9
7250,2.49388,2.49345,0.02172,,1.644e-03,1484.9
7260,2.40029,2.39981,0.02418,,1.643e-03,1486.9
7270,2.37535,2.37484,0.02558,,1.642e-03,1489.0
7280,2.48271,2.48231,0.01981,,1.641e-03,1491.0
7290,2.38196,2.38151,0.02241,,1.640e-03,1493.0
7300,2.41885,2.41838,0.02350,,1.638e-03,1495.0
7310,2.40954,2.40911,0.02190,,1.637e-03,1497.1
7320,2.36926,2.36891,0.01742,,1.636e-03,1499.1
7330,2.34933,2.34891,0.02124,,1.635e-03,1501.1
7340,2.37900,2.37857,0.02177,,1.634e-03,1503.1
7350,2.47031,2.46980,0.02548,,1.633e-03,1505.1
7360,2.36403,2.36362,0.02070,,1.632e-03,1507.1
7370,2.59181,2.59142,0.01944,,1.631e-03,1509.1
7380,2.62985,2.62922,0.03162,,1.630e-03,1511.2
7390,2.45868,2.45809,0.02970,,1.629e-03,1513.2
7400,2.43659,2.43622,0.01849,,1.628e-03,1515.2
7410,2.39826,2.39790,0.01796,,1.627e-03,1517.2
7420,2.37234,2.37206,0.01401,,1.626e-03,1519.2
7430,2.43960,2.43923,0.01849,,1.625e-03,1521.3
7440,2.55137,2.55082,0.02777,,1.624e-03,1523.3
7450,2.35073,2.35041,0.01603,,1.623e-03,1525.4
7460,2.53888,2.53837,0.02544,,1.622e-03,1527.4
7470,2.71960,2.71916,0.02164,,1.621e-03,1529.5
7480,2.36551,2.36512,0.01946,,1.620e-03,1531.5
7490,2.62699,2.62667,0.01575,,1.619e-03,1533.5
7500,2.38705,2.38670,0.01748,,1.618e-03,1535.5
7510,2.26247,2.26202,0.02212,,1.617e-03,1537.5
7520,2.49964,2.49924,0.01952,,1.616e-03,1539.6
7530,2.73751,2.73707,0.02221,,1.615e-03,1541.6
7540,2.41032,2.40985,0.02360,,1.614e-03,1543.6
7550,2.67354,2.67292,0.03069,,1.612e-03,1545.7
7560,2.35058,2.35020,0.01918,,1.611e-03,1547.7
7570,2.22785,2.22732,0.02615,,1.610e-03,1549.7
7580,2.70163,2.70114,0.02468,,1.609e-03,1551.7
7590,2.61399,2.61360,0.01951,,1.608e-03,1553.8
7600,2.59400,2.59349,0.02539,,1.607e-03,1555.8
7610,2.62504,2.62471,0.01633,,1.606e-03,1557.9
7620,2.31290,2.31260,0.01475,,1.605e-03,1559.9
7630,2.39457,2.39394,0.03131,,1.604e-03,1561.9
7640,2.31904,2.31873,0.01542,,1.603e-03,1564.0
7650,2.42261,2.42222,0.01958,,1.602e-03,1566.0
7660,2.17503,2.17459,0.02175,,1.601e-03,1568.0
7670,2.30870,2.30846,0.01193,,1.600e-03,1570.1
7680,2.58225,2.58193,0.01605,,1.599e-03,1572.1
7690,2.60045,2.59992,0.02686,,1.598e-03,1574.1
7700,2.53895,2.53848,0.02350,,1.597e-03,1576.2
7710,2.51774,2.51732,0.02099,,1.595e-03,1578.2
7720,2.29253,2.29202,0.02520,,1.594e-03,1580.2
7730,2.46235,2.46205,0.01511,,1.593e-03,1582.2
7740,2.56864,2.56822,0.02078,,1.592e-03,1584.3
7750,2.49402,2.49359,0.02151,,1.591e-03,1586.3
7760,2.61792,2.61744,0.02401,,1.590e-03,1588.4
7770,2.34508,2.34474,0.01703,,1.589e-03,1590.4
7780,2.14367,2.14327,0.02014,,1.588e-03,1592.5
7790,2.14986,2.14956,0.01511,,1.587e-03,1594.5
7800,2.51009,2.50962,0.02369,,1.586e-03,1596.5
7810,2.57739,2.57696,0.02161,,1.585e-03,1598.6
7820,2.23013,2.22984,0.01484,,1.584e-03,1600.6
7830,2.38357,2.38311,0.02286,,1.583e-03,1602.7
7840,2.52242,2.52182,0.03004,,1.581e-03,1604.7
7850,2.41419,2.41380,0.01939,,1.580e-03,1606.7
7860,2.40711,2.40658,0.02644,,1.579e-03,1608.7
7870,2.39748,2.39702,0.02300,,1.578e-03,1610.7
7880,2.44422,2.44379,0.02142,,1.577e-03,1612.7
7890,2.48468,2.48414,0.02669,,1.576e-03,1614.8
7900,2.23542,2.23514,0.01406,,1.575e-03,1616.8
7910,2.41746,2.41720,0.01322,,1.574e-03,1618.9
7920,2.60628,2.60585,0.02172,,1.573e-03,1620.9
7930,2.46305,2.46269,0.01800,,1.572e-03,1622.9
7940,2.31501,2.31456,0.02243,,1.571e-03,1625.0
7950,2.54847,2.54802,0.02263,,1.570e-03,1627.0
7960,2.50175,2.50119,0.02772,,1.568e-03,1629.0
7970,2.41904,2.41860,0.02184,,1.567e-03,1631.0
7980,2.32538,2.32515,0.01135,,1.566e-03,1633.0
7990,2.26146,2.26110,0.01771,,1.565e-03,1635.1
8000,2.60883,2.60841,0.02119,2.24503,1.564e-03,1638.0
8010,2.40725,2.40668,0.02832,,1.563e-03,1640.3
8020,2.51844,2.51799,0.02274,,1.562e-03,1642.3
8030,2.43659,2.43616,0.02142,,1.561e-03,1644.3
8040,2.37043,2.37004,0.01977,,1.560e-03,1646.4
8050,2.46556,2.46510,0.02296,,1.559e-03,1648.4
8060,2.38815,2.38764,0.02566,,1.557e-03,1650.4
8070,2.64934,2.64898,0.01768,,1.556e-03,1652.4
8080,2.40169,2.40125,0.02210,,1.555e-03,1654.5
8090,2.30222,2.30187,0.01759,,1.554e-03,1656.6
8100,2.19336,2.19300,0.01776,,1.553e-03,1658.4
8110,2.34742,2.34714,0.01403,,1.552e-03,1660.4
8120,2.48434,2.48392,0.02089,,1.551e-03,1662.5
8130,2.42066,2.42014,0.02615,,1.550e-03,1664.5
8140,2.61061,2.61012,0.02457,,1.549e-03,1666.6
8150,2.36698,2.36672,0.01279,,1.547e-03,1668.7
8160,2.47637,2.47594,0.02123,,1.546e-03,1670.7
8170,2.69611,2.69570,0.02081,,1.545e-03,1672.7
8180,2.21858,2.21819,0.01950,,1.544e-03,1674.8
8190,2.40649,2.40611,0.01867,,1.543e-03,1676.8
8200,2.36221,2.36186,0.01758,,1.542e-03,1678.9
8210,2.31689,2.31650,0.01939,,1.541e-03,1680.9
8220,2.55887,2.55823,0.03178,,1.540e-03,1682.9
8230,2.65861,2.65798,0.03185,,1.538e-03,1684.9
8240,2.32316,2.32278,0.01894,,1.537e-03,1687.0
8250,2.32534,2.32496,0.01892,,1.536e-03,1689.0
8260,2.24665,2.24632,0.01698,,1.535e-03,1691.0
8270,2.63835,2.63794,0.02034,,1.534e-03,1693.1
8280,2.35206,2.35155,0.02552,,1.533e-03,1695.1
8290,2.54530,2.54493,0.01876,,1.532e-03,1697.2
8300,2.47017,2.46957,0.02980,,1.531e-03,1699.2
8310,2.50715,2.50667,0.02389,,1.529e-03,1701.2
8320,2.37380,2.37343,0.01833,,1.528e-03,1703.2
8330,2.47131,2.47069,0.03114,,1.527e-03,1705.3
8340,2.26892,2.26865,0.01368,,1.526e-03,1707.3
8350,2.10635,2.10614,0.01016,,1.525e-03,1709.3
8360,2.37220,2.37182,0.01894,,1.524e-03,1711.4
8370,2.37074,2.37043,0.01568,,1.523e-03,1713.4
8380,2.51876,2.51823,0.02646,,1.522e-03,1715.4
8390,2.62663,2.62604,0.02951,,1.520e-03,1717.4
8400,2.32290,2.32246,0.02186,,1.519e-03,1719.5
8410,2.61110,2.61062,0.02403,,1.518e-03,1721.5
8420,2.24667,2.24627,0.02010,,1.517e-03,1723.5
8430,2.48995,2.48959,0.01799,,1.516e-03,1725.6
8440,2.33429,2.33390,0.01963,,1.515e-03,1727.6
8450,2.25064,2.25013,0.02580,,1.514e-03,1729.6
8460,2.53291,2.53254,0.01864,,1.512e-03,1731.6
8470,2.52315,2.52275,0.01992,,1.511e-03,1733.7
8480,2.57645,2.57615,0.01522,,1.510e-03,1735.8
8490,2.27633,2.27598,0.01766,,1.509e-03,1737.8
8500,2.51132,2.51083,0.02443,,1.508e-03,1739.8
8510,2.32655,2.32620,0.01735,,1.507e-03,1741.9
8520,2.21817,2.21761,0.02827,,1.506e-03,1743.9
8530,2.38203,2.38173,0.01497,,1.504e-03,1745.9
8540,2.50067,2.50033,0.01727,,1.503e-03,1747.9
8550,2.40446,2.40396,0.02460,,1.502e-03,1749.9
8560,2.53235,2.53186,0.02439,,1.501e-03,1752.0
8570,2.22237,2.22191,0.02308,,1.500e-03,1754.0
8580,2.42805,2.42761,0.02185,,1.499e-03,1756.0
8590,2.62232,2.62191,0.02053,,1.497e-03,1758.0
8600,2.34057,2.34010,0.02334,,1.496e-03,1760.1
8610,2.40668,2.40618,0.02482,,1.495e-03,1762.1
8620,2.37591,2.37543,0.02366,,1.494e-03,1764.1
8630,2.51591,2.51534,0.02841,,1.493e-03,1766.1
8640,2.18287,2.18258,0.01493,,1.492e-03,1768.2
8650,2.38896,2.38861,0.01730,,1.491e-03,1770.2
8660,2.22287,2.22261,0.01320,,1.489e-03,1772.2
8670,2.23570,2.23519,0.02569,,1.488e-03,1774.3
8680,2.56353,2.56308,0.02202,,1.487e-03,1776.3
8690,2.55755,2.55714,0.02052,,1.486e-03,1778.3
8700,2.42227,2.42175,0.02619,,1.485e-03,1780.3
8710,2.59735,2.59682,0.02652,,1.484e-03,1782.4
8720,2.24031,2.23991,0.02017,,1.482e-03,1784.4
8730,2.33447,2.33418,0.01427,,1.481e-03,1786.4
8740,2.23500,2.23459,0.02008,,1.480e-03,1788.4
8750,2.30795,2.30756,0.01938,,1.479e-03,1790.4
8760,2.19739,2.19706,0.01629,,1.478e-03,1792.4
8770,2.49516,2.49477,0.01959,,1.477e-03,1794.5
8780,2.43440,2.43376,0.03187,,1.475e-03,1796.4
8790,2.35626,2.35581,0.02243,,1.474e-03,1798.4
8800,2.37859,2.37825,0.01714,,1.473e-03,1800.4
8810,2.27202,2.27161,0.02038,,1.472e-03,1802.4
8820,2.35464,2.35423,0.02035,,1.471e-03,1804.4
8830,2.28228,2.28184,0.02194,,1.470e-03,1806.4
8840,2.47403,2.47373,0.01529,,1.468e-03,1808.5
8850,2.51752,2.51700,0.02617,,1.467e-03,1810.5
8860,2.23449,2.23400,0.02491,,1.466e-03,1812.5
8870,2.07535,2.07494,0.02026,,1.465e-03,1814.5
8880,2.56027,2.55984,0.02134,,1.464e-03,1816.6
8890,2.26383,2.26342,0.02073,,1.462e-03,1818.6
8900,2.52105,2.52061,0.02165,,1.461e-03,1820.6
8910,2.36801,2.36761,0.01973,,1.460e-03,1822.7
8920,2.63385,2.63337,0.02445,,1.459e-03,1824.8
8930,2.28513,2.28471,0.02075,,1.458e-03,1827.0
8940,2.39687,2.39643,0.02196,,1.457e-03,1829.1
8950,2.27928,2.27890,0.01941,,1.455e-03,1831.2
8960,2.29200,2.29160,0.02022,,1.454e-03,1833.3
8970,2.33638,2.33597,0.02039,,1.453e-03,1835.3
8980,2.31342,2.31317,0.01253,,1.452e-03,1837.3
8990,2.32840,2.32789,0.02565,,1.451e-03,1839.4
9000,2.37443,2.37397,0.02311,2.22162,1.449e-03,1842.4
9010,2.42013,2.41974,0.01976,,1.448e-03,1844.6
9020,2.29228,2.29197,0.01565,,1.447e-03,1846.7
9030,2.41902,2.41858,0.02195,,1.446e-03,1848.8
9040,2.36633,2.36594,0.01957,,1.445e-03,1850.9
9050,2.44854,2.44809,0.02265,,1.443e-03,1853.1
9060,2.23438,2.23404,0.01683,,1.442e-03,1855.2
9070,2.31094,2.31048,0.02291,,1.441e-03,1857.3
9080,2.51975,2.51918,0.02850,,1.440e-03,1859.4
9090,2.48058,2.48002,0.02810,,1.439e-03,1861.5
9100,2.33901,2.33854,0.02362,,1.437e-03,1863.6
9110,2.49090,2.49052,0.01916,,1.436e-03,1865.7
9120,2.41228,2.41189,0.01940,,1.435e-03,1867.7
9130,2.52316,2.52266,0.02486,,1.434e-03,1869.7
9140,2.52255,2.52216,0.01927,,1.433e-03,1871.8
9150,2.42397,2.42345,0.02568,,1.431e-03,1873.8
9160,2.45988,2.45942,0.02297,,1.430e-03,1875.9
9170,2.44032,2.43985,0.02358,,1.429e-03,1877.9
9180,2.34555,2.34526,0.01471,,1.428e-03,1879.9
9190,2.42704,2.42668,0.01803,,1.427e-03,1882.0
9200,2.22845,2.22810,0.01737,,1.425e-03,1884.1
9210,2.51924,2.51873,0.02548,,1.424e-03,1886.2
9220,2.23520,2.23492,0.01392,,1.423e-03,1888.2
9230,2.37472,2.37441,0.01581,,1.422e-03,1890.2
9240,2.43059,2.43021,0.01896,,1.421e-03,1892.3
9250,2.20397,2.20362,0.01744,,1.419e-03,1894.3
9260,2.45101,2.45044,0.02825,,1.418e-03,1896.3
9270,2.34805,2.34767,0.01909,,1.417e-03,1898.4
9280,2.25963,2.25923,0.02020,,1.416e-03,1900.4
9290,2.37356,2.37317,0.01950,,1.415e-03,1902.5
9300,2.32036,2.31998,0.01877,,1.413e-03,1904.5
9310,2.43507,2.43482,0.01285,,1.412e-03,1906.5
9320,2.51222,2.51181,0.02095,,1.411e-03,1908.6
9330,2.41225,2.41192,0.01627,,1.410e-03,1910.6
9340,2.32959,2.32916,0.02136,,1.409e-03,1912.6
9350,2.36402,2.36342,0.02998,,1.407e-03,1914.7
9360,2.20034,2.19983,0.02563,,1.406e-03,1916.7
9370,2.04993,2.04956,0.01820,,1.405e-03,1918.7
9380,2.15396,2.15371,0.01285,,1.404e-03,1920.8
9390,2.17419,2.17395,0.01198,,1.402e-03,1922.8
9400,2.55816,2.55765,0.02567,,1.401e-03,1924.8
9410,2.38476,2.38435,0.02016,,1.400e-03,1926.9
9420,2.39212,2.39143,0.03424,,1.399e-03,1929.0
9430,2.51300,2.51257,0.02158,,1.398e-03,1931.0
9440,2.45011,2.44963,0.02428,,1.396e-03,1933.0
9450,2.48155,2.48112,0.02139,,1.395e-03,1935.0
9460,2.25881,2.25845,0.01805,,1.394e-03,1937.0
9470,2.39116,2.39063,0.02689,,1.393e-03,1939.1
9480,2.33815,2.33765,0.02502,,1.391e-03,1941.2
9490,2.25944,2.25900,0.02173,,1.390e-03,1943.2
9500,2.32674,2.32643,0.01577,,1.389e-03,1945.3
9510,2.30878,2.30817,0.03031,,1.388e-03,1947.3
9520,2.63424,2.63372,0.02597,,1.387e-03,1949.3
9530,2.36072,2.36035,0.01806,,1.385e-03,1951.4
9540,2.46592,2.46546,0.02309,,1.384e-03,1953.4
9550,2.29105,2.29070,0.01764,,1.383e-03,1955.4
9560,2.20321,2.20290,0.01562,,1.382e-03,1957.4
9570,2.32334,2.32296,0.01888,,1.380e-03,1959.5
9580,2.34630,2.34605,0.01244,,1.379e-03,1961.5
9590,2.17678,2.17642,0.01779,,1.378e-03,1963.6
9600,2.26401,2.26366,0.01750,,1.377e-03,1965.6
9610,2.47954,2.47876,0.03912,,1.376e-03,1967.6
9620,2.61726,2.61679,0.02333,,1.374e-03,1969.6
9630,2.45304,2.45267,0.01827,,1.373e-03,1971.7
9640,2.34328,2.34264,0.03183,,1.372e-03,1973.7
9650,2.41736,2.41678,0.02880,,1.371e-03,1975.8
9660,2.22000,2.21956,0.02182,,1.369e-03,1977.8
9670,2.20703,2.20656,0.02323,,1.368e-03,1979.8
9680,2.24994,2.24965,0.01474,,1.367e-03,1981.8
9690,2.49236,2.49183,0.02623,,1.366e-03,1983.8
9700,2.44616,2.44581,0.01742,,1.364e-03,1985.8
9710,2.26611,2.26569,0.02061,,1.363e-03,1987.9
9720,2.27812,2.27764,0.02414,,1.362e-03,1990.0
9730,2.52665,2.52629,0.01779,,1.361e-03,1992.0
9740,2.46218,2.46183,0.01750,,1.359e-03,1994.0
9750,2.35286,2.35237,0.02436,,1.358e-03,1996.1
9760,2.18157,2.18116,0.02048,,1.357e-03,1998.1
9770,2.53148,2.53094,0.02657,,1.356e-03,2000.2
9780,2.22264,2.22235,0.01470,,1.354e-03,2002.2
9790,2.29458,2.29418,0.02009,,1.353e-03,2004.2
9800,2.48030,2.47995,0.01709,,1.352e-03,2006.3
9810,2.39067,2.39009,0.02893,,1.351e-03,2008.3
9820,2.49401,2.49373,0.01429,,1.349e-03,2010.4
9830,2.32818,2.32785,0.01642,,1.348e-03,2012.4
9840,2.42501,2.42435,0.03285,,1.347e-03,2014.5
9850,2.32515,2.32477,0.01896,,1.346e-03,2016.5
9860,2.48518,2.48474,0.02205,,1.345e-03,2018.6
9870,2.21448,2.21411,0.01879,,1.343e-03,2020.7
9880,2.40751,2.40707,0.02222,,1.342e-03,2022.8
9890,2.22701,2.22660,0.02047,,1.341e-03,2025.0
9900,2.33639,2.33593,0.02303,,1.340e-03,2027.0
9910,2.35590,2.35551,0.01940,,1.338e-03,2029.1
9920,2.61004,2.60966,0.01913,,1.337e-03,2031.2
9930,2.50940,2.50888,0.02562,,1.336e-03,2033.2
9940,2.50935,2.50896,0.01924,,1.335e-03,2035.2
9950,2.42436,2.42383,0.02621,,1.333e-03,2037.2
9960,2.22155,2.22124,0.01566,,1.332e-03,2039.3
9970,2.08103,2.08073,0.01533,,1.331e-03,2041.3
9980,2.51275,2.51214,0.03095,,1.329e-03,2043.4
9990,2.44617,2.44548,0.03461,,1.328e-03,2045.4
10000,2.24296,2.24267,0.01488,2.19640,1.327e-03,2048.4
10010,2.37650,2.37605,0.02244,,1.326e-03,2050.4
10020,2.26479,2.26427,0.02628,,1.324e-03,2052.4
10030,2.49408,2.49364,0.02205,,1.323e-03,2054.5
10040,2.54858,2.54814,0.02199,,1.322e-03,2056.5
10050,2.25070,2.25034,0.01825,,1.321e-03,2058.6
10060,2.40494,2.40450,0.02198,,1.319e-03,2060.6
10070,2.45708,2.45649,0.02947,,1.318e-03,2062.6
10080,2.18834,2.18795,0.01919,,1.317e-03,2064.7
10090,2.47019,2.46972,0.02326,,1.316e-03,2066.7
10100,2.34592,2.34550,0.02119,,1.314e-03,2068.7
10110,2.46084,2.46015,0.03476,,1.313e-03,2070.7
10120,2.37416,2.37368,0.02420,,1.312e-03,2072.8
10130,2.34911,2.34870,0.02075,,1.311e-03,2074.8
10140,2.34039,2.34002,0.01853,,1.309e-03,2076.9
10150,2.28040,2.27991,0.02428,,1.308e-03,2078.9
10160,2.27737,2.27699,0.01905,,1.307e-03,2080.9
10170,2.26493,2.26441,0.02637,,1.306e-03,2082.9
10180,2.45918,2.45865,0.02654,,1.304e-03,2085.0
10190,2.30106,2.30060,0.02284,,1.303e-03,2087.0
10200,2.21093,2.21054,0.01925,,1.302e-03,2089.0
10210,2.32545,2.32495,0.02512,,1.300e-03,2091.1
10220,2.43441,2.43395,0.02312,,1.299e-03,2093.1
10230,2.38297,2.38267,0.01463,,1.298e-03,2095.2
10240,2.46328,2.46293,0.01751,,1.297e-03,2097.2
10250,2.39041,2.39009,0.01605,,1.295e-03,2099.3
10260,2.46445,2.46391,0.02677,,1.294e-03,2101.3
10270,2.57020,2.56977,0.02136,,1.293e-03,2103.3
10280,2.23652,2.23625,0.01364,,1.292e-03,2105.4
10290,2.24511,2.24464,0.02379,,1.290e-03,2107.4
10300,2.18425,2.18391,0.01731,,1.289e-03,2109.5
10310,2.29903,2.29864,0.01927,,1.288e-03,2111.6
10320,2.53738,2.53695,0.02181,,1.287e-03,2113.5
10330,2.27068,2.27032,0.01780,,1.285e-03,2115.6
10340,2.61986,2.61939,0.02350,,1.284e-03,2117.6
10350,2.52343,2.52305,0.01911,,1.283e-03,2119.6
10360,2.28216,2.28184,0.01630,,1.281e-03,2121.6
10370,2.32986,2.32941,0.02267,,1.280e-03,2123.7
10380,2.37882,2.37847,0.01776,,1.279e-03,2125.7
10390,2.40850,2.40808,0.02146,,1.278e-03,2127.8
10400,2.29118,2.29066,0.02581,,1.276e-03,2129.8
10410,2.48101,2.48055,0.02327,,1.275e-03,2131.9
10420,2.26084,2.26042,0.02086,,1.274e-03,2133.9
10430,2.39661,2.39615,0.02286,,1.272e-03,2135.9
10440,2.42163,2.42128,0.01770,,1.271e-03,2138.0
10450,2.28875,2.28813,0.03138,,1.270e-03,2140.0
10460,2.49062,2.49013,0.02424,,1.269e-03,2142.0
10470,2.35173,2.35138,0.01720,,1.267e-03,2144.0
10480,2.29884,2.29843,0.02058,,1.266e-03,2146.1
10490,2.40757,2.40708,0.02441,,1.265e-03,2148.1
10500,2.30198,2.30159,0.01922,,1.264e-03,2150.1
10510,2.37803,2.37758,0.02226,,1.262e-03,2152.1
10520,2.50163,2.50112,0.02572,,1.261e-03,2154.1
10530,2.47984,2.47941,0.02149,,1.260e-03,2156.2
10540,2.23661,2.23621,0.02015,,1.258e-03,2158.2
10550,2.32604,2.32554,0.02483,,1.257e-03,2160.4
10560,2.54096,2.54042,0.02713,,1.256e-03,2162.4
10570,2.40777,2.40735,0.02114,,1.255e-03,2164.5
10580,2.34127,2.34075,0.02612,,1.253e-03,2166.5
10590,2.55538,2.55485,0.02694,,1.252e-03,2168.6
10600,2.41601,2.41555,0.02305,,1.251e-03,2170.6
10610,2.32922,2.32879,0.02115,,1.249e-03,2172.6
10620,2.42386,2.42351,0.01758,,1.248e-03,2174.6
10630,2.32530,2.32496,0.01712,,1.247e-03,2176.7
10640,2.17755,2.17708,0.02315,,1.246e-03,2178.7
10650,2.32041,2.31991,0.02458,,1.244e-03,2180.7
10660,2.61686,2.61636,0.02490,,1.243e-03,2182.7
10670,2.03130,2.03085,0.02270,,1.242e-03,2184.8
10680,2.22208,2.22177,0.01566,,1.240e-03,2186.9
10690,2.45591,2.45556,0.01757,,1.239e-03,2188.9
10700,2.32178,2.32133,0.02227,,1.238e-03,2191.0
10710,2.18450,2.18381,0.03440,,1.237e-03,2193.1
10720,2.47974,2.47932,0.02145,,1.235e-03,2195.1
10730,2.40187,2.40138,0.02425,,1.234e-03,2197.1
10740,2.36697,2.36648,0.02452,,1.233e-03,2199.2
10750,2.29128,2.29094,0.01697,,1.231e-03,2201.3
10760,2.22734,2.22687,0.02314,,1.230e-03,2203.5
10770,2.18221,2.18162,0.02979,,1.229e-03,2205.5
10780,2.48088,2.48037,0.02535,,1.228e-03,2207.4
10790,2.14885,2.14858,0.01370,,1.226e-03,2209.4
10800,2.20901,2.20880,0.01062,,1.225e-03,2211.5
10810,2.30381,2.30344,0.01845,,1.224e-03,2213.6
10820,2.31703,2.31668,0.01772,,1.222e-03,2215.6
10830,2.35527,2.35477,0.02511,,1.221e-03,2217.6
10840,2.33743,2.33700,0.02145,,1.220e-03,2219.7
10850,2.42326,2.42277,0.02448,,1.218e-03,2221.7
10860,2.25975,2.25945,0.01484,,1.217e-03,2223.7
10870,2.39783,2.39741,0.02077,,1.216e-03,2225.7
10880,2.13266,2.13235,0.01536,,1.215e-03,2227.8
10890,2.21635,2.21597,0.01910,,1.213e-03,2229.9
10900,2.45439,2.45388,0.02563,,1.212e-03,2231.9
10910,2.02305,2.02267,0.01892,,1.211e-03,2233.9
10920,2.47455,2.47422,0.01652,,1.209e-03,2236.0
10930,2.28198,2.28140,0.02895,,1.208e-03,2238.0
10940,2.37795,2.37739,0.02792,,1.207e-03,2240.1
10950,2.13703,2.13676,0.01345,,1.205e-03,2242.2
10960,2.24473,2.24421,0.02597,,1.204e-03,2244.2
10970,2.22091,2.22042,0.02452,,1.203e-03,2246.2
10980,2.40228,2.40185,0.02128,,1.202e-03,2248.2
10990,2.59712,2.59646,0.03291,,1.200e-03,2250.2
11000,2.08412,2.08372,0.02008,2.17312,1.199e-03,2253.2
11010,2.25458,2.25408,0.02467,,1.198e-03,2255.3
11020,2.38598,2.38546,0.02596,,1.196e-03,2257.3
11030,2.24304,2.24251,0.02653,,1.195e-03,2259.3
11040,2.18954,2.18919,0.01779,,1.194e-03,2261.3
11050,2.50417,2.50369,0.02416,,1.192e-03,2263.4
11060,2.17987,2.17941,0.02300,,1.191e-03,2265.5
11070,2.31214,2.31170,0.02170,,1.190e-03,2267.5
11080,2.35643,2.35607,0.01793,,1.189e-03,2269.5
11090,2.26180,2.26135,0.02255,,1.187e-03,2271.5
11100,2.28794,2.28737,0.02882,,1.186e-03,2273.6
11110,2.40050,2.39995,0.02707,,1.185e-03,2275.7
11120,2.18059,2.18020,0.01954,,1.183e-03,2277.7
11130,2.27762,2.27709,0.02682,,1.182e-03,2279.8
11140,2.19614,2.19575,0.01948,,1.181e-03,2281.9
11150,2.37655,2.37592,0.03161,,1.179e-03,2283.9
11160,2.48324,2.48278,0.02295,,1.178e-03,2285.9
11170,2.27833,2.27807,0.01297,,1.177e-03,2288.0
11180,2.43762,2.43713,0.02455,,1.176e-03,2290.0
11190,2.31425,2.31377,0.02392,,1.174e-03,2292.1
11200,2.14289,2.14248,0.02093,,1.173e-03,2294.1
11210,2.08153,2.08125,0.01410,,1.172e-03,2296.1
11220,2.38855,2.38799,0.02841,,1.170e-03,2298.1
11230,2.26262,2.26215,0.02368,,1.169e-03,2300.2
11240,2.21419,2.21374,0.02238,,1.168e-03,2302.2
11250,2.26566,2.26529,0.01885,,1.166e-03,2304.3
11260,2.34977,2.34929,0.02416,,1.165e-03,2306.3
11270,2.15721,2.15678,0.02152,,1.164e-03,2308.4
11280,2.22610,2.22563,0.02326,,1.162e-03,2310.4
11290,2.19580,2.19537,0.02142,,1.161e-03,2312.4
11300,2.20578,2.20534,0.02180,,1.160e-03,2314.5
11310,2.13583,2.13550,0.01661,,1.159e-03,2316.5
11320,2.29832,2.29819,0.00683,,1.157e-03,2318.6
11330,2.27224,2.27174,0.02507,,1.156e-03,2320.6
11340,2.47874,2.47826,0.02392,,1.155e-03,2322.7
11350,2.46966,2.46918,0.02420,,1.153e-03,2324.7
11360,2.18198,2.18155,0.02141,,1.152e-03,2326.7
11370,1.97472,1.97442,0.01454,,1.151e-03,2328.7
11380,2.37745,2.37704,0.02046,,1.149e-03,2330.7
11390,2.38044,2.37998,0.02291,,1.148e-03,2332.8
11400,2.18014,2.17972,0.02099,,1.147e-03,2334.8
11410,2.52111,2.52074,0.01853,,1.145e-03,2336.8
11420,2.28961,2.28915,0.02298,,1.144e-03,2338.9
11430,2.22796,2.22767,0.01442,,1.143e-03,2340.9
11440,2.19529,2.19498,0.01579,,1.141e-03,2343.0
11450,2.20628,2.20588,0.02018,,1.140e-03,2345.0
11460,2.29601,2.29551,0.02519,,1.139e-03,2347.0
11470,2.39378,2.39345,0.01671,,1.138e-03,2349.1
11480,2.28246,2.28213,0.01623,,1.136e-03,2351.1
11490,2.19402,2.19353,0.02436,,1.135e-03,2353.1
11500,2.31352,2.31296,0.02758,,1.134e-03,2355.1
11510,2.26102,2.26060,0.02086,,1.132e-03,2357.2
11520,2.33322,2.33266,0.02798,,1.131e-03,2359.2
11530,2.40479,2.40442,0.01833,,1.130e-03,2361.2
11540,2.42163,2.42113,0.02529,,1.128e-03,2363.3
11550,2.06245,2.06208,0.01845,,1.127e-03,2365.3
11560,2.33378,2.33339,0.01952,,1.126e-03,2367.3
11570,2.09851,2.09807,0.02212,,1.124e-03,2369.3
11580,2.20666,2.20624,0.02125,,1.123e-03,2371.4
11590,2.09820,2.09789,0.01530,,1.122e-03,2373.4
11600,2.31051,2.31005,0.02292,,1.120e-03,2375.5
11610,2.41165,2.41126,0.01980,,1.119e-03,2377.5
11620,2.34094,2.34052,0.02101,,1.118e-03,2379.5
11630,2.08448,2.08412,0.01790,,1.117e-03,2381.5
11640,2.16842,2.16798,0.02207,,1.115e-03,2383.6
11650,2.25359,2.25308,0.02553,,1.114e-03,2385.6
11660,2.37413,2.37364,0.02454,,1.113e-03,2387.6
11670,2.47756,2.47713,0.02180,,1.111e-03,2389.6
11680,2.32484,2.32455,0.01461,,1.110e-03,2391.6
11690,2.09729,2.09684,0.02243,,1.109e-03,2393.7
11700,2.23006,2.22949,0.02870,,1.107e-03,2395.8
11710,2.18849,2.18808,0.02017,,1.106e-03,2397.8
11720,2.03816,2.03775,0.02068,,1.105e-03,2399.8
11730,2.40358,2.40295,0.03150,,1.103e-03,2401.9
11740,2.20734,2.20708,0.01308,,1.102e-03,2403.9
11750,2.33803,2.33758,0.02272,,1.101e-03,2405.9
11760,2.25026,2.24994,0.01594,,1.099e-03,2408.0
11770,1.98556,1.98521,0.01772,,1.098e-03,2410.0
11780,2.45638,2.45592,0.02331,,1.097e-03,2412.0
11790,2.45397,2.45343,0.02683,,1.095e-03,2414.1
11800,2.21620,2.21583,0.01846,,1.094e-03,2416.1
11810,2.20133,2.20090,0.02142,,1.093e-03,2418.1
11820,2.28387,2.28349,0.01935,,1.091e-03,2420.1
11830,2.27877,2.27842,0.01757,,1.090e-03,2422.1
11840,2.29190,2.29124,0.03299,,1.089e-03,2424.2
11850,1.93293,1.93248,0.02241,,1.088e-03,2426.2
11860,2.16215,2.16173,0.02086,,1.086e-03,2428.3
11870,2.19463,2.19424,0.01929,,1.085e-03,2430.3
11880,2.09606,2.09574,0.01596,,1.084e-03,2432.4
11890,2.12676,2.12633,0.02114,,1.082e-03,2434.4
11900,2.22555,2.22503,0.02574,,1.081e-03,2436.4
11910,2.40149,2.40095,0.02732,,1.080e-03,2438.4
11920,2.42106,2.42053,0.02627,,1.078e-03,2440.4
11930,2.27544,2.27518,0.01266,,1.077e-03,2442.5
11940,2.15264,2.15220,0.02196,,1.076e-03,2444.5
11950,2.26654,2.26617,0.01894,,1.074e-03,2446.5
11960,2.45452,2.45392,0.02992,,1.073e-03,2448.6
11970,2.28277,2.28235,0.02104,,1.072e-03,2450.7
11980,2.35005,2.34966,0.01980,,1.070e-03,2452.7
11990,2.27401,2.27370,0.01570,,1.069e-03,2454.7
12000,2.39581,2.39537,0.02192,2.15347,1.068e-03,2457.7
12010,2.40134,2.40094,0.01980,,1.066e-03,2459.9
12020,2.17580,2.17544,0.01801,,1.065e-03,2461.9
12030,2.36117,2.36071,0.02327,,1.064e-03,2464.0
12040,2.26989,2.26945,0.02169,,1.062e-03,2466.0
12050,2.26194,2.26161,0.01642,,1.061e-03,2468.0
12060,2.42248,2.42194,0.02666,,1.060e-03,2470.0
12070,2.34361,2.34296,0.03286,,1.058e-03,2472.0
12080,2.13853,2.13823,0.01474,,1.057e-03,2474.0
12090,2.41397,2.41344,0.02646,,1.056e-03,2476.0
12100,2.10847,2.10808,0.01953,,1.055e-03,2478.1
12110,2.24394,2.24352,0.02139,,1.053e-03,2480.2
12120,2.23941,2.23897,0.02200,,1.052e-03,2482.2
12130,2.47589,2.47546,0.02167,,1.051e-03,2484.2
12140,2.17460,2.17425,0.01751,,1.049e-03,2486.2
12150,2.47330,2.47299,0.01552,,1.048e-03,2488.3
12160,2.02681,2.02645,0.01794,,1.047e-03,2490.3
12170,2.42743,2.42699,0.02184,,1.045e-03,2492.3
12180,2.20407,2.20345,0.03100,,1.044e-03,2494.4
12190,2.31604,2.31561,0.02163,,1.043e-03,2496.4
12200,2.29457,2.29412,0.02215,,1.041e-03,2498.5
12210,2.12092,2.12062,0.01546,,1.040e-03,2500.5
12220,2.28077,2.28032,0.02213,,1.039e-03,2502.5
12230,2.26339,2.26292,0.02336,,1.037e-03,2504.6
12240,2.26446,2.26405,0.02076,,1.036e-03,2506.6
12250,2.22958,2.22908,0.02502,,1.035e-03,2508.6
12260,2.21320,2.21272,0.02359,,1.033e-03,2510.7
12270,2.32140,2.32084,0.02791,,1.032e-03,2512.7
12280,2.21423,2.21384,0.01942,,1.031e-03,2514.8
12290,2.22108,2.22063,0.02259,,1.029e-03,2516.8
12300,2.31488,2.31437,0.02589,,1.028e-03,2518.9
12310,2.20878,2.20850,0.01426,,1.027e-03,2520.9
12320,1.96327,1.96293,0.01696,,1.025e-03,2522.9
12330,2.16460,2.16422,0.01922,,1.024e-03,2525.0
12340,2.56683,2.56639,0.02185,,1.023e-03,2527.0
12350,2.21662,2.21615,0.02344,,1.021e-03,2529.1
12360,2.40180,2.40136,0.02241,,1.020e-03,2531.1
12370,2.35521,2.35479,0.02106,,1.019e-03,2533.1
12380,2.36926,2.36870,0.02804,,1.017e-03,2535.2
12390,2.44177,2.44113,0.03174,,1.016e-03,2537.2
12400,2.17234,2.17195,0.01961,,1.015e-03,2539.3
12410,2.12562,2.12525,0.01823,,1.014e-03,2541.3
12420,1.97462,1.97432,0.01506,,1.012e-03,2543.4
12430,2.34887,2.34853,0.01694,,1.011e-03,2545.4
12440,2.32080,2.32050,0.01485,,1.010e-03,2547.4
12450,2.16271,2.16233,0.01871,,1.008e-03,2549.5
12460,2.17738,2.17699,0.01951,,1.007e-03,2551.5
12470,2.20248,2.20208,0.02012,,1.006e-03,2553.6
12480,2.46830,2.46780,0.02511,,1.004e-03,2555.6
12490,2.13492,2.13443,0.02459,,1.003e-03,2557.6
12500,2.24496,2.24456,0.01974,,1.002e-03,2559.6
12510,2.11234,2.11192,0.02063,,1.000e-03,2561.7
12520,2.20303,2.20271,0.01607,,9.990e-04,2563.7
12530,2.43933,2.43893,0.02009,,9.977e-04,2565.7
12540,2.50523,2.50473,0.02491,,9.963e-04,2567.8
12550,2.41288,2.41235,0.02639,,9.950e-04,2569.8
12560,2.24646,2.24598,0.02392,,9.937e-04,2571.8
12570,2.48338,2.48300,0.01912,,9.924e-04,2573.7
12580,2.36995,2.36954,0.02038,,9.910e-04,2575.8
12590,2.20304,2.20267,0.01881,,9.897e-04,2577.8
12600,2.41637,2.41559,0.03911,,9.884e-04,2579.9
12610,2.13516,2.13470,0.02292,,9.871e-04,2581.9
12620,2.19821,2.19774,0.02373,,9.858e-04,2583.9
12630,2.25567,2.25511,0.02803,,9.844e-04,2586.0
12640,2.34644,2.34598,0.02326,,9.831e-04,2588.0
12650,2.09719,2.09683,0.01818,,9.818e-04,2590.1
12660,2.12036,2.11991,0.02242,,9.805e-04,2592.2
12670,2.25904,2.25851,0.02646,,9.791e-04,2594.3
12680,2.37180,2.37139,0.02046,,9.778e-04,2596.4
12690,1.94700,1.94670,0.01519,,9.765e-04,2598.4
12700,2.38883,2.38840,0.02111,,9.752e-04,2600.5
12710,2.24745,2.24710,0.01768,,9.739e-04,2602.5
12720,2.31837,2.31787,0.02472,,9.725e-04,2604.6
12730,2.23296,2.23250,0.02328,,9.712e-04,2606.6
12740,2.32139,2.32106,0.01679,,9.699e-04,2608.6
12750,2.29416,2.29365,0.02552,,9.686e-04,2610.6
12760,2.34156,2.34122,0.01719,,9.673e-04,2612.8
12770,2.35562,2.35513,0.02478,,9.659e-04,2614.9
12780,2.25579,2.25548,0.01574,,9.646e-04,2616.9
12790,1.95397,1.95359,0.01912,,9.633e-04,2619.0
12800,2.16349,2.16304,0.02245,,9.620e-04,2621.0
12810,2.34330,2.34277,0.02631,,9.607e-04,2623.1
12820,2.40614,2.40571,0.02182,,9.593e-04,2625.1
12830,2.12570,2.12542,0.01386,,9.580e-04,2627.1
12840,2.36873,2.36830,0.02133,,9.567e-04,2629.2
12850,2.31135,2.31096,0.01948,,9.554e-04,2631.3
12860,2.28169,2.28114,0.02715,,9.541e-04,2633.3
12870,2.13882,2.13841,0.02074,,9.527e-04,2635.4
12880,2.29780,2.29725,0.02751,,9.514e-04,2637.4
12890,2.33255,2.33193,0.03099,,9.501e-04,2639.4
12900,2.24336,2.24289,0.02349,,9.488e-04,2641.5
12910,2.42944,2.42899,0.02281,,9.475e-04,2643.5
12920,2.04493,2.04446,0.02330,,9.461e-04,2645.6
12930,2.27304,2.27265,0.01930,,9.448e-04,2647.6
12940,2.13958,2.13910,0.02408,,9.435e-04,2649.6
12950,2.18270,2.18233,0.01836,,9.422e-04,2651.6
12960,2.04958,2.04910,0.02418,,9.409e-04,2653.7
12970,2.41755,2.41700,0.02770,,9.396e-04,2655.7
12980,2.17616,2.17564,0.02600,,9.382e-04,2657.7
12990,2.31596,2.31545,0.02571,,9.369e-04,2659.7
13000,2.23235,2.23180,0.02760,2.13411,9.356e-04,2662.7
13010,2.37447,2.37390,0.02869,,9.343e-04,2664.7
13020,2.49417,2.49362,0.02721,,9.330e-04,2666.7
13030,2.46967,2.46926,0.02051,,9.316e-04,2668.8
13040,2.11929,2.11884,0.02245,,9.303e-04,2670.8
13050,2.39555,2.39501,0.02701,,9.290e-04,2672.8
13060,2.21885,2.21858,0.01369,,9.277e-04,2674.8
13070,2.01542,2.01517,0.01283,,9.264e-04,2676.9
13080,2.04795,2.04761,0.01735,,9.251e-04,2678.9
13090,2.09364,2.09315,0.02450,,9.237e-04,2680.9
13100,2.13561,2.13523,0.01915,,9.224e-04,2683.0
13110,2.19510,2.19467,0.02144,,9.211e-04,2685.0
13120,2.10023,2.09993,0.01482,,9.198e-04,2687.1
13130,2.27814,2.27761,0.02620,,9.185e-04,2689.1
13140,2.09792,2.09757,0.01713,,9.172e-04,2691.2
13150,2.28337,2.28300,0.01863,,9.159e-04,2693.2
13160,2.25071,2.25030,0.02044,,9.145e-04,2695.2
13170,2.24054,2.24013,0.02078,,9.132e-04,2697.3
13180,2.02409,2.02371,0.01908,,9.119e-04,2699.3
13190,2.18248,2.18210,0.01919,,9.106e-04,2701.3
13200,2.26737,2.26696,0.02029,,9.093e-04,2703.3
13210,2.18732,2.18692,0.01964,,9.080e-04,2705.3
13220,2.17100,2.17056,0.02232,,9.067e-04,2707.4
13230,2.09004,2.08958,0.02272,,9.053e-04,2709.4
13240,2.41678,2.41638,0.01993,,9.040e-04,2711.4
13250,2.25581,2.25536,0.02246,,9.027e-04,2713.5
13260,2.31714,2.31661,0.02614,,9.014e-04,2715.5
13270,2.02939,2.02904,0.01737,,9.001e-04,2717.7
13280,2.24915,2.24857,0.02868,,8.988e-04,2719.7
13290,2.60373,2.60307,0.03293,,8.975e-04,2721.8
13300,2.28212,2.28168,0.02209,,8.962e-04,2723.8
13310,2.22408,2.22354,0.02695,,8.948e-04,2725.9
13320,2.27762,2.27714,0.02370,,8.935e-04,2727.9
13330,2.35086,2.35042,0.02244,,8.922e-04,2729.9
13340,2.23436,2.23400,0.01821,,8.909e-04,2731.9
13350,2.27594,2.27550,0.02197,,8.896e-04,2734.0
13360,2.07089,2.07035,0.02724,,8.883e-04,2736.1
13370,1.97821,1.97785,0.01806,,8.870e-04,2738.1
13380,2.28022,2.27984,0.01909,,8.857e-04,2740.2
13390,2.23842,2.23809,0.01632,,8.844e-04,2742.2
13400,2.17712,2.17680,0.01572,,8.830e-04,2744.2
13410,2.26115,2.26065,0.02505,,8.817e-04,2746.2
13420,2.13814,2.13773,0.02082,,8.804e-04,2748.2
13430,2.23363,2.23316,0.02362,,8.791e-04,2750.2
13440,2.28458,2.28428,0.01518,,8.778e-04,2752.3
13450,2.60767,2.60704,0.03137,,8.765e-04,2754.3
13460,2.22653,2.22607,0.02307,,8.752e-04,2756.4
13470,2.30509,2.30477,0.01565,,8.739e-04,2758.2
13480,2.21761,2.21728,0.01623,,8.726e-04,2760.2
13490,2.18732,2.18703,0.01451,,8.713e-04,2762.2
13500,2.35741,2.35697,0.02196,,8.700e-04,2764.2
13510,2.28595,2.28539,0.02817,,8.687e-04,2766.3
13520,2.36286,2.36250,0.01777,,8.673e-04,2768.3
13530,2.20161,2.20124,0.01843,,8.660e-04,2770.3
13540,2.22658,2.22632,0.01307,,8.647e-04,2772.3
13550,2.18012,2.17964,0.02410,,8.634e-04,2774.3
13560,2.34877,2.34840,0.01851,,8.621e-04,2776.3
13570,2.12237,2.12203,0.01661,,8.608e-04,2778.4
13580,2.36207,2.36170,0.01828,,8.595e-04,2780.4
13590,2.10837,2.10799,0.01886,,8.582e-04,2782.4
13600,2.29153,2.29094,0.02937,,8.569e-04,2784.4
13610,2.07485,2.07464,0.01039,,8.556e-04,2786.5
13620,2.21159,2.21116,0.02141,,8.543e-04,2788.5
13630,2.29355,2.29321,0.01690,,8.530e-04,2790.5
13640,2.02544,2.02490,0.02738,,8.517e-04,2792.6
13650,2.27481,2.27420,0.03034,,8.504e-04,2794.6
13660,2.17952,2.17919,0.01650,,8.491e-04,2796.6
13670,2.09308,2.09272,0.01802,,8.478e-04,2798.6
13680,2.14433,2.14385,0.02403,,8.465e-04,2800.6
13690,1.97987,1.97944,0.02173,,8.452e-04,2802.7
13700,2.04787,2.04743,0.02188,,8.439e-04,2804.7
13710,2.08267,2.08242,0.01244,,8.426e-04,2806.8
13720,2.29947,2.29893,0.02677,,8.413e-04,2808.8
13730,2.23533,2.23500,0.01628,,8.400e-04,2810.9
13740,2.01051,2.01009,0.02104,,8.387e-04,2812.9
13750,2.13357,2.13328,0.01490,,8.374e-04,2814.9
13760,2.11528,2.11493,0.01727,,8.361e-04,2816.9
13770,2.37692,2.37631,0.03045,,8.348e-04,2819.0
13780,2.22396,2.22350,0.02280,,8.335e-04,2821.0
13790,2.07335,2.07298,0.01839,,8.322e-04,2823.0
13800,2.11989,2.11963,0.01321,,8.309e-04,2825.1
13810,2.06664,2.06624,0.02027,,8.296e-04,2827.1
13820,2.19551,2.19507,0.02220,,8.283e-04,2829.1
13830,2.24544,2.24495,0.02409,,8.270e-04,2831.1
13840,2.21648,2.21586,0.03115,,8.257e-04,2833.1
13850,2.10572,2.10538,0.01712,,8.244e-04,2835.1
13860,2.32996,2.32955,0.02069,,8.231e-04,2837.1
13870,2.25689,2.25649,0.02003,,8.218e-04,2839.2
13880,2.49733,2.49690,0.02139,,8.205e-04,2841.1
13890,2.19005,2.18955,0.02522,,8.192e-04,2843.2
13900,2.07810,2.07764,0.02309,,8.179e-04,2845.2
13910,2.05630,2.05598,0.01614,,8.166e-04,2847.3
13920,2.26444,2.26408,0.01793,,8.153e-04,2849.3
13930,2.38943,2.38881,0.03140,,8.140e-04,2851.3
13940,1.97499,1.97457,0.02079,,8.128e-04,2853.4
13950,2.33917,2.33859,0.02889,,8.115e-04,2855.4
13960,1.98777,1.98732,0.02249,,8.102e-04,2857.4
13970,2.12737,2.12696,0.02051,,8.089e-04,2859.5
13980,2.24914,2.24869,0.02267,,8.076e-04,2861.5
13990,2.08156,2.08117,0.01913,,8.063e-04,2863.5
14000,2.27527,2.27478,0.02422,2.11992,8.050e-04,2866.5
14010,2.13804,2.13769,0.01792,,8.037e-04,2868.5
14020,2.23359,2.23315,0.02241,,8.024e-04,2870.6
14030,2.27610,2.27567,0.02144,,8.011e-04,2872.7
14040,2.16974,2.16946,0.01430,,7.998e-04,2874.7
14050,2.01719,2.01693,0.01300,,7.986e-04,2876.8
14060,2.19544,2.19496,0.02393,,7.973e-04,2878.8
14070,2.32045,2.31994,0.02572,,7.960e-04,2880.8
14080,2.57983,2.57940,0.02115,,7.947e-04,2882.9
14090,2.01982,2.01949,0.01632,,7.934e-04,2884.9
14100,2.26222,2.26188,0.01659,,7.921e-04,2886.9
14110,2.16480,2.16449,0.01551,,7.908e-04,2889.0
14120,2.42776,2.42731,0.02273,,7.896e-04,2891.0
14130,2.40643,2.40606,0.01878,,7.883e-04,2893.0
14140,2.17030,2.16993,0.01864,,7.870e-04,2895.0
14150,2.26109,2.26066,0.02184,,7.857e-04,2897.0
14160,2.14670,2.14626,0.02192,,7.844e-04,2899.1
14170,2.19460,2.19424,0.01815,,7.831e-04,2901.2
14180,2.04696,2.04656,0.01974,,7.818e-04,2903.2
14190,1.99125,1.99080,0.02275,,7.806e-04,2905.3
14200,2.08417,2.08383,0.01674,,7.793e-04,2907.3
14210,2.26823,2.26779,0.02191,,7.780e-04,2909.4
14220,2.29476,2.29414,0.03134,,7.767e-04,2911.5
14230,2.43434,2.43387,0.02356,,7.754e-04,2913.5
14240,2.28345,2.28298,0.02338,,7.742e-04,2915.6
14250,2.18425,2.18375,0.02498,,7.729e-04,2917.6
14260,2.25659,2.25603,0.02798,,7.716e-04,2919.7
14270,2.39378,2.39322,0.02760,,7.703e-04,2921.8
14280,2.03621,2.03589,0.01622,,7.690e-04,2923.8
14290,2.39376,2.39332,0.02191,,7.678e-04,2925.9
14300,2.43691,2.43626,0.03287,,7.665e-04,2927.9
14310,2.08136,2.08095,0.02042,,7.652e-04,2929.9
14320,2.26574,2.26534,0.02019,,7.639e-04,2932.0
14330,2.22280,2.22239,0.02037,,7.627e-04,2934.0
14340,2.22708,2.22670,0.01900,,7.614e-04,2936.0
14350,2.44687,2.44626,0.03062,,7.601e-04,2938.1
14360,1.98122,1.98071,0.02506,,7.588e-04,2940.1
14370,1.98343,1.98300,0.02125,,7.576e-04,2942.2
14380,1.99370,1.99339,0.01557,,7.563e-04,2944.2
14390,2.21051,2.21001,0.02492,,7.550e-04,2946.3
14400,2.38711,2.38656,0.02739,,7.537e-04,2948.3
14410,2.07180,2.07134,0.02298,,7.525e-04,2950.3
14420,2.27298,2.27253,0.02264,,7.512e-04,2952.4
14430,2.27185,2.27146,0.01917,,7.499e-04,2954.5
14440,2.03809,2.03775,0.01711,,7.486e-04,2956.5
14450,2.08782,2.08758,0.01222,,7.474e-04,2958.5
14460,2.33492,2.33441,0.02532,,7.461e-04,2960.5
14470,2.02610,2.02573,0.01845,,7.448e-04,2962.5
14480,2.17199,2.17171,0.01411,,7.436e-04,2964.5
14490,2.24587,2.24552,0.01779,,7.423e-04,2966.5
14500,2.26979,2.26940,0.01950,,7.410e-04,2968.6
14510,2.18487,2.18441,0.02313,,7.398e-04,2970.6
14520,1.97432,1.97392,0.01964,,7.385e-04,2972.6
14530,2.11668,2.11631,0.01880,,7.372e-04,2974.7
14540,2.01727,2.01686,0.02080,,7.360e-04,2976.8
14550,2.24263,2.24215,0.02417,,7.347e-04,2978.8
14560,2.26106,2.26066,0.02008,,7.334e-04,2980.9
14570,2.26594,2.26549,0.02236,,7.322e-04,2982.9
14580,2.19438,2.19397,0.02066,,7.309e-04,2984.9
14590,2.14342,2.14284,0.02909,,7.296e-04,2986.9
14600,2.09782,2.09737,0.02253,,7.284e-04,2989.0
14610,2.28846,2.28783,0.03106,,7.271e-04,2991.0
14620,2.07778,2.07741,0.01841,,7.259e-04,2993.0
14630,2.32684,2.32620,0.03225,,7.246e-04,2995.0
14640,2.12027,2.11977,0.02508,,7.233e-04,2997.0
14650,2.03226,2.03186,0.01973,,7.221e-04,2999.1
14660,2.32265,2.32221,0.02210,,7.208e-04,3001.2
14670,2.25599,2.25566,0.01648,,7.196e-04,3003.3
14680,2.47499,2.47455,0.02205,,7.183e-04,3005.5
14690,2.16884,2.16838,0.02296,,7.170e-04,3007.5
14700,1.96235,1.96216,0.00915,,7.158e-04,3009.6
14710,2.26093,2.26030,0.03134,,7.145e-04,3011.6
14720,2.17623,2.17576,0.02372,,7.133e-04,3013.6
14730,2.19230,2.19179,0.02507,,7.120e-04,3015.7
14740,2.21685,2.21630,0.02786,,7.108e-04,3017.7
14750,1.98674,1.98641,0.01672,,7.095e-04,3019.7
14760,2.24898,2.24854,0.02188,,7.082e-04,3021.7
14770,2.04517,2.04489,0.01413,,7.070e-04,3023.8
14780,2.01678,2.01651,0.01318,,7.057e-04,3025.8
14790,2.50475,2.50418,0.02858,,7.045e-04,3027.9
14800,2.43665,2.43611,0.02679,,7.032e-04,3029.9
14810,2.13638,2.13594,0.02187,,7.020e-04,3032.0
14820,2.09912,2.09869,0.02152,,7.007e-04,3033.9
14830,2.01621,2.01576,0.02249,,6.995e-04,3036.0
14840,2.13722,2.13675,0.02324,,6.982e-04,3037.9
14850,2.25271,2.25227,0.02179,,6.970e-04,3040.0
14860,2.20574,2.20530,0.02220,,6.957e-04,3042.0
14870,2.18386,2.18332,0.02711,,6.945e-04,3044.1
14880,2.20967,2.20914,0.02646,,6.932e-04,3046.1
14890,2.00584,2.00545,0.01940,,6.920e-04,3048.1
14900,2.24153,2.24102,0.02541,,6.908e-04,3050.1
14910,2.26103,2.26045,0.02901,,6.895e-04,3052.2
14920,2.12259,2.12208,0.02564,,6.883e-04,3054.2
14930,1.95704,1.95664,0.01987,,6.870e-04,3056.2
14940,2.36369,2.36319,0.02483,,6.858e-04,3058.2
14950,2.12532,2.12483,0.02441,,6.845e-04,3060.3
14960,2.25378,2.25342,0.01804,,6.833e-04,3062.3
14970,2.25674,2.25617,0.02864,,6.820e-04,3064.4
14980,2.15156,2.15121,0.01711,,6.808e-04,3066.5
14990,2.20118,2.20082,0.01813,,6.796e-04,3068.5
15000,2.13867,2.13824,0.02135,2.10789,6.783e-04,3071.5
15010,1.99434,1.99394,0.01965,,6.771e-04,3073.5
15020,2.06591,2.06553,0.01927,,6.758e-04,3075.5
15030,2.09070,2.09028,0.02128,,6.746e-04,3077.6
15040,2.04161,2.04115,0.02309,,6.734e-04,3079.6
15050,1.94872,1.94834,0.01916,,6.721e-04,3081.6
15060,2.24312,2.24272,0.01987,,6.709e-04,3083.6
15070,2.17033,2.16997,0.01810,,6.697e-04,3085.6
15080,2.04260,2.04216,0.02210,,6.684e-04,3087.7
15090,2.27712,2.27655,0.02851,,6.672e-04,3089.7
15100,1.85068,1.85029,0.01943,,6.660e-04,3091.7
15110,1.88788,1.88750,0.01917,,6.647e-04,3093.8
15120,2.22117,2.22070,0.02373,,6.635e-04,3095.8
15130,1.95468,1.95423,0.02240,,6.623e-04,3097.8
15140,2.06776,2.06739,0.01881,,6.610e-04,3099.9
15150,2.06014,2.05966,0.02402,,6.598e-04,3101.9
15160,2.38236,2.38181,0.02702,,6.586e-04,3103.9
15170,2.16273,2.16231,0.02137,,6.573e-04,3105.9
15180,2.33506,2.33450,0.02837,,6.561e-04,3108.0
15190,2.11542,2.11509,0.01688,,6.549e-04,3110.0
15200,2.05578,2.05532,0.02297,,6.537e-04,3112.0
15210,2.20485,2.20439,0.02342,,6.524e-04,3114.1
15220,1.77508,1.77470,0.01915,,6.512e-04,3116.1
15230,2.10761,2.10715,0.02300,,6.500e-04,3118.1
15240,2.13954,2.13906,0.02420,,6.488e-04,3120.2
15250,2.26929,2.26880,0.02467,,6.475e-04,3122.2
15260,2.00436,2.00398,0.01879,,6.463e-04,3124.3
15270,2.04027,2.03986,0.02018,,6.451e-04,3126.3
15280,2.14848,2.14813,0.01778,,6.439e-04,3128.3
15290,1.90543,1.90519,0.01225,,6.427e-04,3130.3
15300,2.24228,2.24187,0.02028,,6.414e-04,3132.3
15310,2.37731,2.37684,0.02360,,6.402e-04,3134.3
15320,2.19619,2.19569,0.02488,,6.390e-04,3136.3
15330,2.21005,2.20958,0.02342,,6.378e-04,3138.4
15340,2.15805,2.15752,0.02674,,6.366e-04,3140.4
15350,2.15498,2.15444,0.02727,,6.353e-04,3142.5
15360,2.04120,2.04080,0.01978,,6.341e-04,3144.5
15370,2.36533,2.36484,0.02485,,6.329e-04,3146.5
15380,2.11855,2.11808,0.02333,,6.317e-04,3148.6
15390,2.28039,2.27966,0.03650,,6.305e-04,3150.6
15400,2.22792,2.22759,0.01683,,6.293e-04,3152.6
15410,2.03223,2.03193,0.01498,,6.281e-04,3154.6
15420,2.03528,2.03484,0.02197,,6.268e-04,3156.7
15430,2.30653,2.30596,0.02812,,6.256e-04,3158.7
15440,2.28702,2.28655,0.02354,,6.244e-04,3160.7
15450,2.17751,2.17705,0.02257,,6.232e-04,3162.7
15460,2.03121,2.03085,0.01809,,6.220e-04,3164.8
15470,2.31382,2.31330,0.02581,,6.208e-04,3166.8
15480,2.06802,2.06773,0.01410,,6.196e-04,3168.9
15490,2.25789,2.25738,0.02563,,6.184e-04,3170.9
15500,2.32577,2.32538,0.01984,,6.172e-04,3172.9
15510,2.30828,2.30784,0.02210,,6.160e-04,3174.9
15520,2.43384,2.43354,0.01486,,6.148e-04,3177.0
15530,2.07283,2.07251,0.01575,,6.136e-04,3179.0
15540,2.27395,2.27350,0.02298,,6.124e-04,3181.1
15550,2.18363,2.18320,0.02169,,6.112e-04,3183.1
15560,2.22251,2.22218,0.01652,,6.100e-04,3185.1
15570,2.16965,2.16920,0.02256,,6.088e-04,3187.2
15580,2.04736,2.04692,0.02211,,6.076e-04,3189.3
15590,2.13399,2.13356,0.02177,,6.064e-04,3191.3
15600,2.30684,2.30628,0.02820,,6.052e-04,3193.3
15610,2.07956,2.07919,0.01813,,6.040e-04,3195.3
15620,2.27554,2.27506,0.02371,,6.028e-04,3197.4
15630,2.11591,2.11544,0.02361,,6.016e-04,3199.4
15640,2.01033,2.00994,0.01969,,6.004e-04,3201.4
15650,2.20856,2.20819,0.01828,,5.992e-04,3203.5
15660,1.97100,1.97072,0.01383,,5.980e-04,3205.5
15670,2.21540,2.21502,0.01934,,5.968e-04,3207.6
15680,2.19365,2.19295,0.03505,,5.956e-04,3209.6
15690,2.05216,2.05174,0.02118,,5.944e-04,3211.6
15700,1.97279,1.97221,0.02899,,5.932e-04,3213.6
15710,1.91923,1.91893,0.01522,,5.920e-04,3215.7
15720,2.10414,2.10375,0.01920,,5.908e-04,3217.7
15730,2.10530,2.10487,0.02181,,5.896e-04,3219.8
15740,2.07824,2.07774,0.02490,,5.885e-04,3221.8
15750,2.09479,2.09437,0.02098,,5.873e-04,3224.0
15760,1.91456,1.91419,0.01816,,5.861e-04,3226.0
15770,2.14723,2.14676,0.02360,,5.849e-04,3228.1
15780,2.27711,2.27671,0.01988,,5.837e-04,3230.2
15790,2.12632,2.12593,0.01957,,5.825e-04,3232.2
15800,2.00914,2.00872,0.02132,,5.813e-04,3234.2
15810,2.16176,2.16137,0.01957,,5.802e-04,3236.2
15820,2.15346,2.15307,0.01936,,5.790e-04,3238.2
15830,1.96365,1.96324,0.02061,,5.778e-04,3240.3
15840,2.27060,2.27010,0.02521,,5.766e-04,3242.3
15850,2.24399,2.24363,0.01782,,5.754e-04,3244.4
15860,2.24310,2.24254,0.02811,,5.743e-04,3246.4
15870,2.15549,2.15493,0.02781,,5.731e-04,3248.4
15880,2.01472,2.01432,0.02003,,5.719e-04,3250.5
15890,2.24422,2.24391,0.01560,,5.707e-04,3252.5
15900,2.23943,2.23896,0.02323,,5.696e-04,3254.5
15910,2.39438,2.39374,0.03182,,5.684e-04,3256.5
15920,2.28202,2.28157,0.02249,,5.672e-04,3258.6
15930,2.37159,2.37106,0.02636,,5.660e-04,3260.6
15940,2.29477,2.29429,0.02412,,5.649e-04,3262.6
15950,2.18810,2.18775,0.01743,,5.637e-04,3264.6
15960,2.03365,2.03335,0.01506,,5.625e-04,3266.7
15970,2.11102,2.11063,0.01914,,5.614e-04,3268.7
15980,2.37597,2.37540,0.02826,,5.602e-04,3270.7
15990,2.21794,2.21748,0.02324,,5.590e-04,3272.7
16000,2.25547,2.25488,0.02949,2.09539,5.579e-04,3275.6
16010,2.34759,2.34731,0.01375,,5.567e-04,3277.8
16020,1.91646,1.91611,0.01780,,5.555e-04,3279.8
16030,2.53261,2.53216,0.02235,,5.544e-04,3281.9
16040,2.27012,2.26972,0.01959,,5.532e-04,3283.8
16050,2.30269,2.30234,0.01750,,5.520e-04,3285.9
16060,2.16598,2.16553,0.02213,,5.509e-04,3287.9
16070,2.27659,2.27615,0.02200,,5.497e-04,3290.0
16080,2.03955,2.03921,0.01680,,5.486e-04,3292.0
16090,2.06206,2.06165,0.02074,,5.474e-04,3294.0
16100,2.25187,2.25149,0.01907,,5.462e-04,3296.0
16110,2.43156,2.43100,0.02828,,5.451e-04,3298.0
16120,2.02109,2.02069,0.02012,,5.439e-04,3300.0
16130,2.04336,2.04306,0.01515,,5.428e-04,3302.0
16140,2.02162,2.02128,0.01735,,5.416e-04,3304.0
16150,2.04539,2.04482,0.02865,,5.405e-04,3306.1
16160,2.02269,2.02231,0.01910,,5.393e-04,3308.1
16170,2.24752,2.24703,0.02473,,5.382e-04,3310.2
16180,2.18732,2.18687,0.02255,,5.370e-04,3311.5
16190,2.15966,2.15932,0.01707,,5.359e-04,3312.9
16200,2.41202,2.41145,0.02825,,5.347e-04,3314.3
16210,2.06780,2.06743,0.01823,,5.336e-04,3315.6
16220,2.24777,2.24727,0.02494,,5.324e-04,3317.0
16230,2.06528,2.06479,0.02443,,5.313e-04,3318.3
16240,2.16531,2.16497,0.01726,,5.301e-04,3319.6
16250,2.28123,2.28060,0.03144,,5.290e-04,3321.0
16260,2.07178,2.07131,0.02339,,5.278e-04,3322.3
16270,2.14914,2.14871,0.02129,,5.267e-04,3323.7
16280,2.07469,2.07418,0.02543,,5.255e-04,3325.1
16290,2.03366,2.03319,0.02348,,5.244e-04,3326.5
16300,2.12917,2.12876,0.02039,,5.233e-04,3327.8
16310,2.11232,2.11181,0.02569,,5.221e-04,3329.3
16320,2.15244,2.15204,0.01972,,5.210e-04,3330.6
16330,2.24425,2.24385,0.01993,,5.198e-04,3332.0
16340,2.23318,2.23270,0.02403,,5.187e-04,3333.4
16350,2.00038,2.00002,0.01779,,5.176e-04,3334.8
16360,2.22811,2.22766,0.02208,,5.164e-04,3336.2
16370,2.15243,2.15196,0.02368,,5.153e-04,3337.5
16380,2.11376,2.11335,0.02066,,5.142e-04,3339.0
16390,1.98588,1.98548,0.01974,,5.130e-04,3340.4
16400,2.12145,2.12097,0.02388,,5.119e-04,3341.9
16410,2.05303,2.05276,0.01329,,5.108e-04,3343.5
16420,2.19862,2.19808,0.02705,,5.096e-04,3345.0
16430,2.19069,2.19029,0.01961,,5.085e-04,3346.3
16440,2.34659,2.34606,0.02631,,5.074e-04,3347.7
16450,1.89152,1.89115,0.01852,,5.063e-04,3349.0
16460,2.15732,2.15685,0.02365,,5.051e-04,3350.4
16470,2.48489,2.48430,0.02962,,5.040e-04,3351.8
16480,2.18133,2.18104,0.01462,,5.029e-04,3353.1
16490,1.80856,1.80824,0.01596,,5.018e-04,3354.5
16500,2.05780,2.05732,0.02368,,5.006e-04,3355.8
16510,2.12719,2.12657,0.03076,,4.995e-04,3357.3
16520,2.11068,2.11026,0.02102,,4.984e-04,3358.9
16530,2.08044,2.08001,0.02127,,4.973e-04,3360.2
16540,1.87800,1.87769,0.01543,,4.962e-04,3361.6
16550,2.08203,2.08151,0.02601,,4.950e-04,3363.0
16560,2.17311,2.17269,0.02095,,4.939e-04,3364.4
16570,2.12691,2.12650,0.02056,,4.928e-04,3366.0
16580,1.86829,1.86794,0.01756,,4.917e-04,3367.6
16590,1.99279,1.99247,0.01624,,4.906e-04,3368.9
16600,2.30972,2.30904,0.03414,,4.895e-04,3370.6
16610,2.00348,2.00316,0.01609,,4.884e-04,3372.1
16620,2.11955,2.11918,0.01852,,4.873e-04,3373.5
16630,1.85083,1.85054,0.01450,,4.861e-04,3374.9
16640,2.15332,2.15276,0.02823,,4.850e-04,3376.3
16650,2.11401,2.11336,0.03241,,4.839e-04,3377.9
16660,2.02462,2.02436,0.01287,,4.828e-04,3379.4
16670,2.38823,2.38769,0.02694,,4.817e-04,3381.1
16680,2.13464,2.13433,0.01529,,4.806e-04,3382.4
16690,2.00814,2.00783,0.01542,,4.795e-04,3383.9
16700,2.12871,2.12807,0.03191,,4.784e-04,3385.3
16710,2.24737,2.24689,0.02400,,4.773e-04,3386.6
16720,2.08326,2.08279,0.02361,,4.762e-04,3388.2
16730,2.28659,2.28618,0.02069,,4.751e-04,3389.6
16740,2.15174,2.15140,0.01697,,4.740e-04,3391.1
16750,2.26616,2.26569,0.02335,,4.729e-04,3392.6
16760,2.05199,2.05156,0.02150,,4.718e-04,3394.1
16770,2.26856,2.26824,0.01587,,4.707e-04,3395.6
16780,2.14513,2.14461,0.02624,,4.696e-04,3397.0
16790,2.34331,2.34284,0.02359,,4.685e-04,3398.5
16800,2.11278,2.11236,0.02059,,4.674e-04,3400.0
16810,1.96982,1.96939,0.02144,,4.663e-04,3401.4
16820,2.13565,2.13525,0.02010,,4.652e-04,3402.8
16830,1.94209,1.94173,0.01791,,4.642e-04,3404.4
16840,2.46911,2.46850,0.03064,,4.631e-04,3406.0
16850,2.32726,2.32674,0.02641,,4.620e-04,3407.4
16860,2.35907,2.35845,0.03090,,4.609e-04,3408.8
16870,2.07071,2.07035,0.01804,,4.598e-04,3410.3
16880,2.33302,2.33249,0.02656,,4.587e-04,3411.7
16890,2.16482,2.16442,0.02005,,4.576e-04,3413.1
16900,1.85463,1.85431,0.01599,,4.566e-04,3414.6
16910,2.15438,2.15389,0.02446,,4.555e-04,3416.2
16920,1.94996,1.94957,0.01949,,4.544e-04,3417.9
16930,2.06144,2.06093,0.02547,,4.533e-04,3419.6
16940,2.08607,2.08570,0.01813,,4.522e-04,3421.0
16950,2.36680,2.36617,0.03149,,4.512e-04,3422.4
16960,2.11524,2.11482,0.02109,,4.501e-04,3423.8
16970,2.12111,2.12074,0.01846,,4.490e-04,3425.3
16980,2.24250,2.24209,0.02021,,4.479e-04,3426.9
16990,2.06160,2.06114,0.02317,,4.469e-04,3428.3
17000,2.29604,2.29568,0.01766,2.09745,4.458e-04,3430.5
17010,2.00694,2.00665,0.01458,,4.447e-04,3432.0
17020,1.80814,1.80784,0.01500,,4.436e-04,3433.5
17030,2.28188,2.28133,0.02756,,4.426e-04,3435.1
17040,2.32504,2.32457,0.02392,,4.415e-04,3436.6
17050,2.21988,2.21942,0.02309,,4.404e-04,3437.9
17060,2.16980,2.16936,0.02212,,4.394e-04,3439.4
17070,2.25516,2.25453,0.03166,,4.383e-04,3440.9
17080,2.21344,2.21308,0.01791,,4.373e-04,3442.4
17090,2.17488,2.17441,0.02383,,4.362e-04,3443.9
17100,2.10356,2.10295,0.03060,,4.351e-04,3445.4
17110,2.04037,2.03993,0.02176,,4.341e-04,3446.7
17120,1.92420,1.92379,0.02028,,4.330e-04,3448.2
17130,2.39001,2.38950,0.02565,,4.319e-04,3449.7
17140,2.07032,2.06988,0.02207,,4.309e-04,3451.1
17150,2.02573,2.02509,0.03224,,4.298e-04,3452.5
17160,2.31974,2.31934,0.01983,,4.288e-04,3454.1
17170,2.21218,2.21170,0.02414,,4.277e-04,3455.6
17180,2.16683,2.16633,0.02475,,4.267e-04,3457.1
17190,2.05250,2.05196,0.02713,,4.256e-04,3458.5
17200,2.33478,2.33421,0.02817,,4.246e-04,3459.9
17210,2.18630,2.18583,0.02383,,4.235e-04,3461.5
17220,2.17093,2.17046,0.02342,,4.225e-04,3463.0
17230,2.14799,2.14751,0.02413,,4.214e-04,3464.6
17240,2.01125,2.01088,0.01852,,4.204e-04,3466.2
17250,2.04107,2.04067,0.02003,,4.193e-04,3467.7
17260,2.20550,2.20499,0.02574,,4.183e-04,3469.1
17270,2.10432,2.10385,0.02367,,4.172e-04,3470.7
17280,2.21738,2.21684,0.02716,,4.162e-04,3472.1
17290,2.18939,2.18884,0.02740,,4.152e-04,3473.5
17300,2.20012,2.19957,0.02785,,4.141e-04,3475.1
17310,2.12386,2.12338,0.02395,,4.131e-04,3476.6
17320,2.27394,2.27350,0.02173,,4.120e-04,3478.2
17330,2.31751,2.31713,0.01886,,4.110e-04,3479.5
17340,1.98840,1.98803,0.01869,,4.100e-04,3481.1
17350,2.11989,2.11955,0.01720,,4.089e-04,3482.6
17360,2.21778,2.21727,0.02521,,4.079e-04,3484.0
17370,1.78127,1.78098,0.01428,,4.069e-04,3485.4
17380,2.11354,2.11327,0.01342,,4.058e-04,3487.0
17390,2.25809,2.25765,0.02196,,4.048e-04,3488.3
17400,2.13252,2.13213,0.01954,,4.038e-04,3489.9
17410,1.90692,1.90658,0.01712,,4.028e-04,3491.2
17420,2.11265,2.11233,0.01559,,4.017e-04,3492.7
17430,2.19003,2.18966,0.01826,,4.007e-04,3494.4
17440,2.22763,2.22705,0.02932,,3.997e-04,3495.7
17450,2.11237,2.11195,0.02108,,3.987e-04,3497.3
17460,2.19767,2.19725,0.02123,,3.976e-04,3498.7
17470,1.99523,1.99491,0.01624,,3.966e-04,3500.5
17480,2.05836,2.05801,0.01761,,3.956e-04,3501.8
17490,2.18298,2.18238,0.02985,,3.946e-04,3503.2
17500,2.07834,2.07792,0.02096,,3.936e-04,3504.8
17510,2.15272,2.15235,0.01876,,3.925e-04,3506.2
17520,2.03537,2.03505,0.01592,,3.915e-04,3507.6
17530,2.26831,2.26781,0.02514,,3.905e-04,3509.0
17540,2.16448,2.16390,0.02908,,3.895e-04,3510.4
17550,2.30700,2.30660,0.02004,,3.885e-04,3511.9
17560,2.19453,2.19405,0.02381,,3.875e-04,3513.3
17570,1.97991,1.97949,0.02073,,3.865e-04,3514.8
17580,1.98658,1.98625,0.01628,,3.855e-04,3516.4
17590,2.08186,2.08151,0.01739,,3.844e-04,3517.9
17600,2.05701,2.05666,0.01757,,3.834e-04,3519.5
17610,2.28806,2.28758,0.02410,,3.824e-04,3520.8
17620,1.98838,1.98797,0.02041,,3.814e-04,3522.3
17630,2.32609,2.32558,0.02570,,3.804e-04,3523.9
17640,2.15067,2.15012,0.02777,,3.794e-04,3525.4
17650,2.05105,2.05062,0.02187,,3.784e-04,3526.8
17660,2.09764,2.09722,0.02107,,3.774e-04,3528.2
17670,2.30184,2.30133,0.02541,,3.764e-04,3529.6
17680,2.13499,2.13462,0.01846,,3.754e-04,3531.0
17690,1.96279,1.96247,0.01564,,3.744e-04,3532.4
17700,2.25354,2.25315,0.01923,,3.734e-04,3533.8
17710,2.20861,2.20806,0.02767,,3.725e-04,3535.2
17720,1.93545,1.93510,0.01751,,3.715e-04,3536.5
17730,2.37564,2.37481,0.04175,,3.705e-04,3537.9
17740,2.00319,2.00256,0.03171,,3.695e-04,3539.3
17750,2.01283,2.01246,0.01871,,3.685e-04,3540.6
17760,2.42086,2.42035,0.02521,,3.675e-04,3542.1
17770,2.15736,2.15688,0.02444,,3.665e-04,3543.5
17780,1.86441,1.86389,0.02628,,3.655e-04,3544.8
17790,1.98599,1.98545,0.02674,,3.645e-04,3546.3
17800,2.14033,2.13996,0.01861,,3.636e-04,3547.8
17810,1.96520,1.96484,0.01798,,3.626e-04,3549.2
17820,2.18271,2.18224,0.02380,,3.616e-04,3550.6
17830,2.19124,2.19087,0.01868,,3.606e-04,3551.9
17840,2.07164,2.07119,0.02252,,3.596e-04,3553.3
17850,2.00130,2.00089,0.02041,,3.587e-04,3554.9
17860,2.02353,2.02321,0.01596,,3.577e-04,3556.3
17870,2.05477,2.05441,0.01803,,3.567e-04,3557.7
17880,2.24518,2.24465,0.02635,,3.557e-04,3559.1
17890,2.01107,2.01072,0.01776,,3.548e-04,3560.6
17900,1.73417,1.73394,0.01152,,3.538e-04,3562.1
17910,1.89135,1.89105,0.01508,,3.528e-04,3563.6
17920,2.01385,2.01339,0.02297,,3.519e-04,3565.2
17930,1.99081,1.99039,0.02111,,3.509e-04,3566.5
17940,2.02471,2.02419,0.02558,,3.499e-04,3568.0
17950,2.05131,2.05082,0.02439,,3.490e-04,3569.4
17960,2.37112,2.37069,0.02140,,3.480e-04,3570.7
17970,1.98355,1.98307,0.02401,,3.470e-04,3572.1
17980,1.96935,1.96901,0.01723,,3.461e-04,3573.5
17990,2.25149,2.25113,0.01811,,3.451e-04,3574.9
18000,2.09972,2.09938,0.01699,2.09947,3.442e-04,3576.8
18010,1.91760,1.91716,0.02186,,3.432e-04,3578.1
18020,2.18519,2.18480,0.01972,,3.423e-04,3579.5
18030,1.92480,1.92433,0.02357,,3.413e-04,3580.8
18040,2.00087,2.00051,0.01785,,3.403e-04,3582.3
18050,1.93089,1.93051,0.01899,,3.394e-04,3583.8
18060,1.96876,1.96839,0.01844,,3.384e-04,3585.2
18070,1.99814,1.99766,0.02400,,3.375e-04,3586.6
18080,1.97672,1.97646,0.01303,,3.365e-04,3588.1
18090,1.99400,1.99358,0.02090,,3.356e-04,3589.6
18100,2.01500,2.01463,0.01883,,3.347e-04,3591.0
18110,1.92108,1.92069,0.01959,,3.337e-04,3592.6
18120,2.14278,2.14228,0.02482,,3.328e-04,3594.0
18130,2.07958,2.07924,0.01679,,3.318e-04,3595.4
18140,2.02183,2.02136,0.02374,,3.309e-04,3596.9
18150,2.06154,2.06112,0.02063,,3.299e-04,3598.4
18160,2.00245,2.00199,0.02306,,3.290e-04,3600.0
18170,1.97303,1.97260,0.02129,,3.281e-04,3601.4
18180,2.08552,2.08499,0.02641,,3.271e-04,3603.0
18190,2.11756,2.11716,0.02031,,3.262e-04,3604.5
18200,2.16338,2.16295,0.02152,,3.253e-04,3605.9
18210,1.93041,1.93002,0.01920,,3.243e-04,3607.4
18220,2.19595,2.19559,0.01785,,3.234e-04,3608.9
18230,1.86923,1.86896,0.01318,,3.225e-04,3610.3
18240,2.21995,2.21948,0.02344,,3.215e-04,3611.7
18250,2.12812,2.12764,0.02412,,3.206e-04,3613.1
18260,2.05336,2.05291,0.02256,,3.197e-04,3614.5
18270,1.98314,1.98268,0.02282,,3.188e-04,3616.0
18280,2.19625,2.19585,0.01964,,3.178e-04,3617.3
18290,1.96331,1.96288,0.02188,,3.169e-04,3618.7
18300,2.13343,2.13287,0.02765,,3.160e-04,3620.0
18310,1.79254,1.79239,0.00756,,3.151e-04,3621.5
18320,1.81036,1.80996,0.02016,,3.142e-04,3623.0
18330,2.10052,2.10003,0.02455,,3.132e-04,3624.3
18340,2.22851,2.22801,0.02482,,3.123e-04,3625.7
18350,1.98504,1.98457,0.02327,,3.114e-04,3627.2
18360,2.20076,2.20044,0.01617,,3.105e-04,3628.8
18370,1.91553,1.91505,0.02419,,3.096e-04,3630.3
18380,1.71507,1.71480,0.01363,,3.087e-04,3631.7
18390,2.16204,2.16158,0.02293,,3.078e-04,3633.2
18400,2.28345,2.28297,0.02405,,3.069e-04,3634.8
18410,1.95073,1.95041,0.01611,,3.060e-04,3636.3
18420,2.03453,2.03418,0.01719,,3.050e-04,3637.7
18430,2.08339,2.08288,0.02565,,3.041e-04,3639.3
18440,2.00117,2.00069,0.02426,,3.032e-04,3640.7
18450,2.01129,2.01082,0.02355,,3.023e-04,3642.1
18460,2.13098,2.13073,0.01287,,3.014e-04,3643.7
18470,2.03599,2.03565,0.01712,,3.005e-04,3645.2
18480,2.16169,2.16110,0.02940,,2.996e-04,3646.6
18490,2.08404,2.08356,0.02422,,2.988e-04,3648.0
18500,2.04251,2.04216,0.01786,,2.979e-04,3649.5
18510,2.10177,2.10134,0.02126,,2.970e-04,3650.9
18520,1.98959,1.98909,0.02522,,2.961e-04,3652.4
18530,2.22316,2.22266,0.02521,,2.952e-04,3653.8
18540,2.09793,2.09751,0.02105,,2.943e-04,3655.4
18550,1.97737,1.97695,0.02080,,2.934e-04,3656.9
18560,2.09589,2.09547,0.02115,,2.925e-04,3658.4
18570,2.04493,2.04460,0.01649,,2.916e-04,3659.8
18580,1.87065,1.87023,0.02101,,2.907e-04,3661.3
18590,1.95515,1.95462,0.02668,,2.899e-04,3662.7
18600,2.14125,2.14077,0.02389,,2.890e-04,3664.0
18610,2.28516,2.28462,0.02718,,2.881e-04,3665.4
18620,2.10810,2.10773,0.01844,,2.872e-04,3667.1
18630,1.93312,1.93282,0.01496,,2.863e-04,3668.6
18640,2.07518,2.07478,0.02013,,2.855e-04,3670.1
18650,2.22345,2.22298,0.02319,,2.846e-04,3671.5
18660,2.17189,2.17149,0.01997,,2.837e-04,3673.0
18670,1.98748,1.98705,0.02122,,2.828e-04,3674.4
18680,1.95576,1.95548,0.01363,,2.820e-04,3676.0
18690,2.15591,2.15544,0.02333,,2.811e-04,3677.5
18700,2.17151,2.17101,0.02481,,2.802e-04,3679.0
18710,2.05610,2.05573,0.01823,,2.794e-04,3680.4
18720,1.99487,1.99449,0.01864,,2.785e-04,3681.9
18730,1.96669,1.96630,0.01924,,2.776e-04,3683.4
18740,2.02519,2.02470,0.02425,,2.768e-04,3684.7
18750,2.16075,2.16033,0.02113,,2.759e-04,3686.1
18760,2.12836,2.12800,0.01755,,2.751e-04,3687.5
18770,1.83246,1.83207,0.01976,,2.742e-04,3688.8
18780,1.92907,1.92868,0.01961,,2.733e-04,3690.3
18790,2.06735,2.06697,0.01916,,2.725e-04,3691.6
18800,2.00736,2.00677,0.02975,,2.716e-04,3693.0
18810,2.17403,2.17336,0.03340,,2.708e-04,3694.5
18820,2.22768,2.22712,0.02804,,2.699e-04,3696.1
18830,1.72414,1.72379,0.01745,,2.691e-04,3697.5
18840,2.09144,2.09094,0.02497,,2.682e-04,3698.9
18850,1.89070,1.89031,0.01955,,2.674e-04,3700.4
18860,2.09823,2.09764,0.02959,,2.665e-04,3701.9
18870,1.95053,1.95005,0.02409,,2.657e-04,3703.6
18880,1.87203,1.87151,0.02589,,2.648e-04,3705.0
18890,2.30125,2.30060,0.03256,,2.640e-04,3706.5
18900,2.00276,2.00235,0.02063,,2.632e-04,3708.0
18910,1.94509,1.94470,0.01947,,2.623e-04,3709.5
18920,2.09659,2.09609,0.02522,,2.615e-04,3711.1
18930,1.95687,1.95635,0.02638,,2.606e-04,3712.5
18940,1.78708,1.78680,0.01387,,2.598e-04,3713.9
18950,1.89609,1.89580,0.01490,,2.590e-04,3715.2
18960,2.28896,2.28853,0.02151,,2.581e-04,3716.6
18970,2.35074,2.35017,0.02820,,2.573e-04,3718.0
18980,1.75045,1.75009,0.01782,,2.565e-04,3719.7
18990,2.02159,2.02113,0.02279,,2.557e-04,3721.3
19000,1.88643,1.88612,0.01572,2.09802,2.548e-04,3723.4
19010,2.17874,2.17818,0.02778,,2.540e-04,3724.8
19020,2.04012,2.03962,0.02528,,2.532e-04,3726.4
19030,1.77461,1.77422,0.01960,,2.524e-04,3727.9
19040,2.10572,2.10511,0.03083,,2.515e-04,3729.4
19050,1.91150,1.91110,0.01998,,2.507e-04,3730.8
19060,1.91711,1.91663,0.02423,,2.499e-04,3732.3
19070,2.07543,2.07494,0.02433,,2.491e-04,3733.7
19080,2.05401,2.05366,0.01748,,2.483e-04,3735.2
19090,2.05149,2.05105,0.02233,,2.475e-04,3736.7
19100,1.92884,1.92842,0.02119,,2.466e-04,3738.2
19110,1.94639,1.94592,0.02381,,2.458e-04,3739.6
19120,2.13634,2.13581,0.02652,,2.450e-04,3740.9
19130,1.97147,1.97110,0.01857,,2.442e-04,3742.3
19140,1.96567,1.96539,0.01411,,2.434e-04,3743.6
19150,1.92690,1.92638,0.02597,,2.426e-04,3745.1
19160,1.81722,1.81688,0.01693,,2.418e-04,3746.5
19170,2.24023,2.23984,0.01975,,2.410e-04,3748.0
19180,1.94681,1.94638,0.02150,,2.402e-04,3749.5
19190,2.16102,2.16065,0.01863,,2.394e-04,3751.1
19200,1.83458,1.83414,0.02184,,2.386e-04,3752.6
19210,1.94070,1.94029,0.02077,,2.378e-04,3754.2
19220,1.86126,1.86086,0.02026,,2.370e-04,3755.6
19230,1.99975,1.99939,0.01784,,2.362e-04,3757.0
19240,1.78980,1.78944,0.01783,,2.354e-04,3758.5
19250,2.07616,2.07560,0.02807,,2.346e-04,3760.0
19260,1.89847,1.89801,0.02304,,2.338e-04,3761.4
19270,2.06319,2.06270,0.02465,,2.330e-04,3762.8
19280,2.00455,2.00417,0.01897,,2.322e-04,3764.2
19290,1.92314,1.92282,0.01557,,2.315e-04,3765.6
19300,2.03226,2.03197,0.01472,,2.307e-04,3767.0
19310,1.82634,1.82594,0.02001,,2.299e-04,3768.4
19320,1.95955,1.95884,0.03525,,2.291e-04,3769.8
19330,1.89194,1.89164,0.01503,,2.283e-04,3771.2
19340,2.01826,2.01780,0.02286,,2.276e-04,3772.7
19350,2.15127,2.15055,0.03609,,2.268e-04,3774.2
19360,1.98050,1.98011,0.01954,,2.260e-04,3775.7
19370,2.17756,2.17709,0.02329,,2.252e-04,3777.2
19380,2.12878,2.12834,0.02158,,2.245e-04,3778.7
19390,2.06016,2.05976,0.02027,,2.237e-04,3780.1
19400,2.04415,2.04379,0.01823,,2.229e-04,3781.6
19410,2.09866,2.09817,0.02434,,2.221e-04,3783.1
19420,2.09143,2.09091,0.02583,,2.214e-04,3784.4
19430,2.25673,2.25642,0.01544,,2.206e-04,3785.8
19440,2.06467,2.06430,0.01848,,2.198e-04,3787.4
19450,2.11744,2.11698,0.02283,,2.191e-04,3789.0
19460,2.20560,2.20517,0.02124,,2.183e-04,3790.5
19470,1.98335,1.98289,0.02298,,2.176e-04,3791.9
19480,2.29080,2.29028,0.02631,,2.168e-04,3793.3
19490,2.04863,2.04819,0.02228,,2.160e-04,3795.0
19500,2.02792,2.02754,0.01904,,2.153e-04,3796.5
19510,1.78217,1.78163,0.02689,,2.145e-04,3797.9
19520,2.19370,2.19322,0.02420,,2.138e-04,3799.4
19530,2.02716,2.02678,0.01884,,2.130e-04,3800.9
19540,1.93924,1.93881,0.02154,,2.123e-04,3802.4
19550,1.99393,1.99356,0.01854,,2.115e-04,3803.8
19560,2.16821,2.16784,0.01841,,2.108e-04,3805.3
19570,1.95402,1.95373,0.01472,,2.100e-04,3806.7
19580,2.23892,2.23843,0.02460,,2.093e-04,3808.1
19590,2.16453,2.16410,0.02142,,2.086e-04,3809.5
19600,2.12583,2.12545,0.01909,,2.078e-04,3810.9
19610,2.20070,2.20027,0.02154,,2.071e-04,3812.2
19620,2.06602,2.06554,0.02366,,2.063e-04,3813.6
19630,2.22320,2.22257,0.03158,,2.056e-04,3815.1
19640,2.37573,2.37523,0.02493,,2.049e-04,3816.4
19650,2.07218,2.07165,0.02646,,2.041e-04,3817.9
19660,1.87565,1.87521,0.02201,,2.034e-04,3819.6
19670,1.96199,1.96157,0.02075,,2.027e-04,3821.1
19680,1.99675,1.99647,0.01422,,2.019e-04,3822.6
19690,2.17421,2.17379,0.02057,,2.012e-04,3824.1
19700,1.92986,1.92950,0.01816,,2.005e-04,3825.5
19710,2.18478,2.18422,0.02788,,1.998e-04,3826.9
19720,1.94838,1.94794,0.02202,,1.990e-04,3828.5
19730,1.76046,1.76012,0.01677,,1.983e-04,3829.9
19740,1.89126,1.89086,0.02004,,1.976e-04,3831.4
19750,1.98212,1.98176,0.01804,,1.969e-04,3832.8
19760,1.98282,1.98231,0.02562,,1.962e-04,3834.3
19770,1.99807,1.99783,0.01224,,1.954e-04,3835.8
19780,2.05707,2.05664,0.02158,,1.947e-04,3837.3
19790,2.05593,2.05551,0.02097,,1.940e-04,3838.7
19800,2.00284,2.00243,0.02046,,1.933e-04,3840.2
19810,2.15213,2.15155,0.02883,,1.926e-04,3841.5
19820,1.93892,1.93843,0.02468,,1.919e-04,3843.0
19830,2.11264,2.11210,0.02688,,1.912e-04,3844.3
19840,2.02037,2.01988,0.02464,,1.905e-04,3845.6
19850,2.02073,2.02022,0.02529,,1.898e-04,3847.0
19860,2.21551,2.21500,0.02558,,1.891e-04,3848.4
19870,2.03464,2.03417,0.02335,,1.884e-04,3849.8
19880,2.10439,2.10387,0.02589,,1.877e-04,3851.2
19890,2.18753,2.18706,0.02323,,1.870e-04,3852.6
19900,2.04010,2.03962,0.02368,,1.863e-04,3854.0
19910,1.71401,1.71363,0.01902,,1.856e-04,3855.4
19920,2.14070,2.14024,0.02303,,1.849e-04,3856.7
19930,2.01019,2.00984,0.01716,,1.842e-04,3858.1
19940,2.19667,2.19623,0.02204,,1.835e-04,3859.4
19950,2.01257,2.01226,0.01513,,1.828e-04,3860.7
19960,2.21449,2.21384,0.03257,,1.821e-04,3862.2
19970,2.08834,2.08780,0.02704,,1.815e-04,3863.7
19980,2.04004,2.03983,0.01055,,1.808e-04,3865.2
19990,1.98141,1.98099,0.02092,,1.801e-04,3866.7
20000,2.06053,2.06006,0.02348,2.10378,1.794e-04,3868.8
20010,1.94265,1.94233,0.01603,,1.787e-04,3870.5
20020,1.86033,1.85991,0.02118,,1.781e-04,3872.0
20030,2.16042,2.16005,0.01891,,1.774e-04,3873.4
20040,1.83695,1.83667,0.01370,,1.767e-04,3874.8
20050,2.20446,2.20388,0.02877,,1.760e-04,3876.3
20060,1.99601,1.99565,0.01793,,1.754e-04,3877.7
20070,2.09169,2.09123,0.02312,,1.747e-04,3879.2
20080,1.81355,1.81324,0.01562,,1.740e-04,3880.7
20090,1.97867,1.97831,0.01799,,1.734e-04,3882.2
20100,1.90182,1.90131,0.02529,,1.727e-04,3883.6
20110,1.82161,1.82113,0.02358,,1.720e-04,3885.1
20120,2.02612,2.02568,0.02194,,1.714e-04,3886.6
20130,1.93083,1.93029,0.02713,,1.707e-04,3888.0
20140,2.08339,2.08295,0.02165,,1.700e-04,3889.4
20150,2.14759,2.14702,0.02865,,1.694e-04,3891.0
20160,2.03571,2.03520,0.02551,,1.687e-04,3892.4
20170,2.08545,2.08485,0.02999,,1.681e-04,3893.8
20180,2.18327,2.18276,0.02540,,1.674e-04,3895.2
20190,2.33799,2.33736,0.03155,,1.668e-04,3896.7
20200,2.05317,2.05266,0.02598,,1.661e-04,3898.0
20210,2.09353,2.09302,0.02535,,1.655e-04,3899.4
20220,2.19513,2.19469,0.02175,,1.648e-04,3900.8
20230,2.19252,2.19208,0.02188,,1.642e-04,3902.3
20240,1.85879,1.85845,0.01690,,1.635e-04,3903.7
20250,2.24640,2.24590,0.02495,,1.629e-04,3905.0
20260,1.89396,1.89347,0.02431,,1.623e-04,3906.3
20270,1.90657,1.90611,0.02291,,1.616e-04,3907.7
20280,1.88148,1.88104,0.02187,,1.610e-04,3909.1
20290,2.18721,2.18672,0.02452,,1.603e-04,3910.6
20300,2.06723,2.06682,0.02045,,1.597e-04,3912.1
20310,2.03607,2.03557,0.02507,,1.591e-04,3913.5
20320,1.78250,1.78211,0.01974,,1.584e-04,3914.9
20330,1.93723,1.93689,0.01666,,1.578e-04,3916.3
20340,1.87074,1.87037,0.01853,,1.572e-04,3917.8
20350,2.05571,2.05515,0.02799,,1.566e-04,3919.3
20360,2.02679,2.02629,0.02476,,1.559e-04,3920.7
20370,1.81223,1.81185,0.01919,,1.553e-04,3922.1
20380,2.12861,2.12809,0.02577,,1.547e-04,3923.7
20390,2.01589,2.01536,0.02630,,1.541e-04,3925.3
20400,2.18907,2.18862,0.02215,,1.535e-04,3926.6
20410,1.91972,1.91933,0.01959,,1.528e-04,3928.2
20420,1.93500,1.93451,0.02452,,1.522e-04,3929.5
20430,2.06454,2.06405,0.02444,,1.516e-04,3930.9
20440,1.81153,1.81114,0.01907,,1.510e-04,3932.3
20450,1.96898,1.96859,0.01908,,1.504e-04,3933.7
20460,2.09615,2.09573,0.02103,,1.498e-04,3935.1
20470,1.78028,1.78004,0.01199,,1.492e-04,3936.4
20480,2.28719,2.28662,0.02828,,1.486e-04,3937.9
20490,2.03900,2.03857,0.02143,,1.480e-04,3939.4
20500,1.76913,1.76878,0.01725,,1.474e-04,3940.8
20510,1.95393,1.95339,0.02685,,1.468e-04,3942.3
20520,2.20414,2.20371,0.02133,,1.462e-04,3943.6
20530,2.01615,2.01575,0.01978,,1.456e-04,3945.0
20540,1.92314,1.92271,0.02153,,1.450e-04,3946.4
20550,1.98157,1.98111,0.02299,,1.444e-04,3947.7
20560,2.13811,2.13772,0.01934,,1.438e-04,3949.1
20570,1.98294,1.98252,0.02101,,1.432e-04,3950.4
20580,2.08511,2.08468,0.02137,,1.426e-04,3951.7
20590,1.95113,1.95064,0.02448,,1.420e-04,3953.1
20600,1.97431,1.97396,0.01771,,1.414e-04,3954.5
20610,2.16034,2.15971,0.03161,,1.408e-04,3955.9
20620,2.09294,2.09252,0.02146,,1.402e-04,3957.3
20630,2.04954,2.04921,0.01651,,1.397e-04,3958.8
20640,2.26443,2.26401,0.02139,,1.391e-04,3960.2
20650,1.97708,1.97655,0.02678,,1.385e-04,3961.6
20660,2.07775,2.07744,0.01592,,1.379e-04,3963.1
20670,2.02649,2.02594,0.02747,,1.374e-04,3964.4
20680,1.87040,1.86994,0.02307,,1.368e-04,3965.8
20690,1.75843,1.75798,0.02220,,1.362e-04,3967.2
20700,2.01425,2.01385,0.01990,,1.356e-04,3968.7
20710,2.06320,2.06285,0.01707,,1.351e-04,3970.0
20720,2.00783,2.00742,0.02060,,1.345e-04,3971.5
20730,2.26417,2.26361,0.02804,,1.339e-04,3972.8
20740,2.14425,2.14384,0.02045,,1.334e-04,3974.2
20750,2.07658,2.07608,0.02499,,1.328e-04,3975.8
20760,1.83631,1.83601,0.01494,,1.322e-04,3977.2
20770,2.13279,2.13237,0.02115,,1.317e-04,3978.6
20780,1.96980,1.96914,0.03293,,1.311e-04,3980.1
20790,1.83311,1.83265,0.02294,,1.306e-04,3981.5
20800,2.11424,2.11382,0.02125,,1.300e-04,3982.9
20810,1.92935,1.92894,0.02047,,1.295e-04,3984.3
20820,1.97298,1.97250,0.02391,,1.289e-04,3985.7
20830,2.13971,2.13929,0.02120,,1.284e-04,3987.1
20840,1.93311,1.93269,0.02132,,1.278e-04,3988.5
20850,2.07031,2.06987,0.02213,,1.273e-04,3989.9
20860,1.97552,1.97498,0.02698,,1.267e-04,3991.4
20870,1.70969,1.70916,0.02664,,1.262e-04,3992.9
20880,2.15841,2.15807,0.01715,,1.256e-04,3994.3
20890,2.21065,2.21017,0.02439,,1.251e-04,3995.8
20900,2.16923,2.16872,0.02560,,1.246e-04,3997.1
20910,2.09205,2.09152,0.02647,,1.240e-04,3998.5
20920,1.96959,1.96906,0.02670,,1.235e-04,3999.9
20930,1.78175,1.78135,0.01983,,1.230e-04,4001.2
20940,1.78922,1.78887,0.01759,,1.224e-04,4002.6
20950,2.20520,2.20474,0.02314,,1.219e-04,4003.9
20960,1.76828,1.76798,0.01475,,1.214e-04,4005.3
20970,1.99755,1.99719,0.01820,,1.208e-04,4006.8
20980,1.86883,1.86852,0.01566,,1.203e-04,4008.1
20990,1.96399,1.96342,0.02870,,1.198e-04,4009.6
21000,1.80323,1.80269,0.02691,2.11694,1.193e-04,4011.5
21010,1.87625,1.87594,0.01544,,1.188e-04,4012.9
21020,1.94891,1.94850,0.02055,,1.182e-04,4014.4
21030,2.36130,2.36081,0.02469,,1.177e-04,4015.7
21040,2.14063,2.14018,0.02254,,1.172e-04,4017.1
21050,2.01958,2.01905,0.02646,,1.167e-04,4018.4
21060,1.97543,1.97480,0.03159,,1.162e-04,4019.9
21070,1.89318,1.89262,0.02801,,1.157e-04,4021.2
21080,1.97869,1.97841,0.01386,,1.152e-04,4022.6
21090,2.15815,2.15770,0.02272,,1.146e-04,4024.0
21100,2.06929,2.06871,0.02904,,1.141e-04,4025.3
21110,2.22505,2.22455,0.02484,,1.136e-04,4026.7
21120,2.04108,2.04069,0.01951,,1.131e-04,4028.0
21130,2.23570,2.23525,0.02255,,1.126e-04,4029.6
21140,1.99035,1.98986,0.02463,,1.121e-04,4030.9
21150,2.10832,2.10791,0.02064,,1.116e-04,4032.3
21160,1.73587,1.73554,0.01644,,1.111e-04,4033.6
21170,2.39405,2.39347,0.02920,,1.107e-04,4035.0
21180,1.86684,1.86644,0.01994,,1.102e-04,4036.5
21190,1.85110,1.85081,0.01415,,1.097e-04,4038.0
21200,1.88188,1.88146,0.02062,,1.092e-04,4039.4
21210,2.17551,2.17495,0.02827,,1.087e-04,4040.8
21220,1.99193,1.99160,0.01624,,1.082e-04,4042.2
21230,1.74098,1.74056,0.02119,,1.077e-04,4043.6
21240,1.68027,1.67998,0.01437,,1.072e-04,4045.0
21250,2.12636,2.12589,0.02358,,1.068e-04,4046.5
21260,2.29293,2.29230,0.03148,,1.063e-04,4048.0
21270,2.06834,2.06788,0.02281,,1.058e-04,4049.3
21280,2.07200,2.07152,0.02375,,1.053e-04,4050.7
21290,1.99021,1.98981,0.02013,,1.049e-04,4052.2
21300,2.05513,2.05460,0.02670,,1.044e-04,4053.6
21310,1.95937,1.95900,0.01835,,1.039e-04,4055.0
21320,1.93905,1.93855,0.02547,,1.034e-04,4056.4
21330,2.27270,2.27226,0.02156,,1.030e-04,4057.9
21340,2.09731,2.09672,0.02951,,1.025e-04,4059.3
21350,2.25513,2.25458,0.02723,,1.020e-04,4060.6
21360,2.02860,2.02802,0.02889,,1.016e-04,4062.0
21370,2.26857,2.26801,0.02806,,1.011e-04,4063.4
21380,2.12367,2.12318,0.02446,,1.007e-04,4064.9
21390,2.15538,2.15492,0.02310,,1.002e-04,4066.3
21400,2.12697,2.12639,0.02899,,9.975e-05,4067.7
21410,2.21533,2.21478,0.02709,,9.930e-05,4069.0
21420,2.16422,2.16379,0.02179,,9.885e-05,4070.6
21430,2.22568,2.22518,0.02487,,9.839e-05,4072.1
21440,1.85655,1.85620,0.01783,,9.795e-05,4073.5
21450,2.05102,2.05037,0.03235,,9.750e-05,4074.9
21460,2.11455,2.11408,0.02356,,9.705e-05,4076.4
21470,2.08830,2.08786,0.02197,,9.661e-05,4078.0
21480,1.89306,1.89281,0.01237,,9.617e-05,4079.3
21490,1.87788,1.87753,0.01775,,9.573e-05,4080.8
21500,2.06001,2.05963,0.01879,,9.529e-05,4082.1
21510,1.78124,1.78095,0.01432,,9.485e-05,4083.5
21520,2.08624,2.08558,0.03303,,9.442e-05,4084.9
21530,1.97956,1.97925,0.01520,,9.398e-05,4086.3
21540,1.90697,1.90653,0.02240,,9.355e-05,4087.8
21550,1.89165,1.89133,0.01585,,9.312e-05,4089.3
21560,1.75348,1.75309,0.01977,,9.269e-05,4090.8
21570,2.04007,2.03970,0.01849,,9.226e-05,4092.2
21580,2.00385,2.00344,0.02037,,9.184e-05,4093.7
21590,2.10702,2.10654,0.02431,,9.141e-05,4095.0
21600,1.85163,1.85127,0.01768,,9.099e-05,4096.5
21610,2.24493,2.24426,0.03336,,9.057e-05,4098.0
21620,1.74581,1.74546,0.01751,,9.015e-05,4099.4
21630,1.96671,1.96617,0.02703,,8.974e-05,4100.7
21640,2.16891,2.16852,0.01947,,8.932e-05,4102.2
21650,1.97215,1.97162,0.02639,,8.891e-05,4103.6
21660,2.25470,2.25415,0.02727,,8.850e-05,4105.0
21670,2.01046,2.00986,0.02990,,8.809e-05,4106.3
21680,2.03673,2.03632,0.02075,,8.768e-05,4107.6
21690,1.78870,1.78830,0.02005,,8.727e-05,4109.2
21700,2.07595,2.07540,0.02736,,8.687e-05,4110.5
21710,1.70826,1.70793,0.01629,,8.646e-05,4111.8
21720,2.10757,2.10715,0.02094,,8.606e-05,4113.3
21730,1.97554,1.97514,0.01984,,8.566e-05,4114.8
21740,2.02464,2.02401,0.03152,,8.526e-05,4116.2
21750,1.94633,1.94589,0.02211,,8.487e-05,4117.5
21760,2.00704,2.00656,0.02390,,8.447e-05,4119.0
21770,1.86409,1.86366,0.02158,,8.408e-05,4120.5
21780,2.05372,2.05324,0.02398,,8.369e-05,4121.9
21790,2.02693,2.02645,0.02375,,8.330e-05,4123.2
21800,1.94959,1.94915,0.02190,,8.291e-05,4124.6
21810,1.88980,1.88938,0.02089,,8.253e-05,4126.0
21820,2.13814,2.13766,0.02401,,8.214e-05,4127.4
21830,2.10957,2.10924,0.01634,,8.176e-05,4128.8
21840,1.77608,1.77567,0.02040,,8.138e-05,4130.2
21850,1.97549,1.97504,0.02258,,8.100e-05,4131.7
21860,2.07091,2.07050,0.02051,,8.062e-05,4133.2
21870,2.00579,2.00526,0.02668,,8.024e-05,4134.6
21880,1.82448,1.82396,0.02604,,7.987e-05,4136.0
21890,2.07974,2.07938,0.01824,,7.950e-05,4137.3
21900,2.12506,2.12451,0.02765,,7.913e-05,4138.7
21910,2.12072,2.12022,0.02480,,7.876e-05,4140.0
21920,1.67265,1.67218,0.02354,,7.839e-05,4141.4
21930,2.32071,2.32027,0.02200,,7.802e-05,4142.8
21940,1.84611,1.84582,0.01490,,7.766e-05,4144.2
21950,2.05942,2.05879,0.03157,,7.730e-05,4145.7
21960,1.92880,1.92840,0.02026,,7.694e-05,4147.1
21970,2.28563,2.28510,0.02651,,7.658e-05,4148.4
21980,2.06295,2.06247,0.02416,,7.622e-05,4149.8
21990,2.03647,2.03597,0.02481,,7.587e-05,4151.2
22000,2.02355,2.02316,0.01937,2.12943,7.551e-05,4153.3
22010,1.92704,1.92668,0.01790,,7.516e-05,4154.7
22020,1.85405,1.85379,0.01298,,7.481e-05,4156.1
22030,2.07591,2.07542,0.02428,,7.446e-05,4157.4
22040,2.07336,2.07279,0.02869,,7.412e-05,4158.8
22050,2.12410,2.12357,0.02650,,7.377e-05,4160.2
22060,1.91835,1.91797,0.01903,,7.343e-05,4161.7
22070,1.98031,1.97995,0.01794,,7.309e-05,4163.0
22080,1.99540,1.99496,0.02208,,7.275e-05,4164.4
22090,1.97379,1.97342,0.01857,,7.241e-05,4165.8
22100,2.04440,2.04398,0.02072,,7.207e-05,4167.4
22110,2.09217,2.09168,0.02433,,7.174e-05,4168.8
22120,2.14165,2.14110,0.02780,,7.140e-05,4170.1
22130,2.22069,2.22025,0.02207,,7.107e-05,4171.6
22140,2.17406,2.17345,0.03056,,7.074e-05,4173.1
22150,1.80588,1.80542,0.02285,,7.041e-05,4174.8
22160,1.94163,1.94124,0.01957,,7.009e-05,4176.3
22170,2.09807,2.09753,0.02689,,6.976e-05,4177.6
22180,1.83769,1.83719,0.02482,,6.944e-05,4179.0
22190,1.81786,1.81741,0.02251,,6.912e-05,4180.4
22200,1.80917,1.80885,0.01561,,6.880e-05,4181.8
22210,2.14036,2.13987,0.02459,,6.848e-05,4183.2
22220,1.86317,1.86285,0.01610,,6.817e-05,4184.7
22230,2.19339,2.19289,0.02504,,6.785e-05,4186.1
22240,1.90304,1.90277,0.01380,,6.754e-05,4187.5
22250,2.09489,2.09449,0.02004,,6.723e-05,4188.9
22260,2.11018,2.10967,0.02542,,6.692e-05,4190.3
22270,2.09639,2.09593,0.02289,,6.662e-05,4191.7
22280,2.07349,2.07298,0.02567,,6.631e-05,4193.1
22290,2.10134,2.10090,0.02187,,6.601e-05,4194.6
22300,1.91566,1.91534,0.01592,,6.571e-05,4196.2
22310,1.87444,1.87410,0.01709,,6.541e-05,4197.5
22320,1.94166,1.94130,0.01803,,6.511e-05,4198.9
22330,1.83388,1.83357,0.01539,,6.481e-05,4200.2
22340,2.17640,2.17605,0.01735,,6.452e-05,4201.6
22350,1.98813,1.98762,0.02532,,6.422e-05,4202.9
22360,1.96796,1.96765,0.01515,,6.393e-05,4204.3
22370,1.77680,1.77636,0.02202,,6.364e-05,4205.8
22380,1.92655,1.92617,0.01898,,6.335e-05,4207.2
22390,2.03459,2.03420,0.01943,,6.307e-05,4208.7
22400,2.00974,2.00934,0.02000,,6.278e-05,4210.1
22410,2.05440,2.05403,0.01869,,6.250e-05,4211.5
22420,1.90049,1.90014,0.01769,,6.222e-05,4212.9
22430,2.09432,2.09388,0.02200,,6.194e-05,4214.3
22440,1.87511,1.87449,0.03121,,6.166e-05,4215.8
22450,2.22562,2.22508,0.02716,,6.139e-05,4217.4
22460,1.97036,1.96981,0.02762,,6.111e-05,4218.8
22470,1.99395,1.99352,0.02136,,6.084e-05,4220.2
22480,2.16425,2.16384,0.02047,,6.057e-05,4221.5
22490,1.93671,1.93637,0.01684,,6.030e-05,4222.9
22500,1.87909,1.87856,0.02666,,6.004e-05,4224.5
22510,1.82863,1.82825,0.01869,,5.977e-05,4225.9
22520,1.86426,1.86384,0.02096,,5.951e-05,4227.2
22530,2.14962,2.14892,0.03511,,5.925e-05,4228.6
22540,1.80337,1.80300,0.01850,,5.899e-05,4230.1
22550,1.95926,1.95883,0.02165,,5.873e-05,4231.5
22560,2.02661,2.02600,0.03074,,5.847e-05,4232.9
22570,2.01252,2.01210,0.02131,,5.822e-05,4234.4
22580,1.81422,1.81385,0.01836,,5.796e-05,4235.9
22590,1.70616,1.70583,0.01667,,5.771e-05,4237.2
22600,2.11229,2.11175,0.02671,,5.746e-05,4238.6
22610,2.10451,2.10412,0.01937,,5.722e-05,4239.9
22620,2.02693,2.02659,0.01696,,5.697e-05,4241.3
22630,1.94927,1.94894,0.01649,,5.672e-05,4242.7
22640,2.16957,2.16915,0.02121,,5.648e-05,4244.0
22650,1.75803,1.75763,0.02026,,5.624e-05,4245.4
22660,2.02206,2.02154,0.02608,,5.600e-05,4246.8
22670,2.07573,2.07519,0.02730,,5.577e-05,4248.2
22680,1.97692,1.97651,0.02052,,5.553e-05,4249.6
22690,1.79930,1.79893,0.01837,,5.530e-05,4251.0
22700,1.78903,1.78866,0.01855,,5.506e-05,4252.5
22710,1.89190,1.89152,0.01920,,5.483e-05,4253.8
22720,1.95047,1.95001,0.02317,,5.461e-05,4255.2
22730,2.19695,2.19629,0.03283,,5.438e-05,4256.5
22740,1.95025,1.94982,0.02172,,5.416e-05,4258.1
22750,1.65978,1.65942,0.01802,,5.393e-05,4259.4
22760,2.15525,2.15480,0.02267,,5.371e-05,4260.9
22770,1.99730,1.99679,0.02530,,5.349e-05,4262.3
22780,1.83740,1.83718,0.01102,,5.327e-05,4263.8
22790,2.01211,2.01143,0.03408,,5.306e-05,4265.3
22800,1.90209,1.90166,0.02155,,5.284e-05,4266.9
22810,1.83532,1.83491,0.02022,,5.263e-05,4268.3
22820,2.04293,2.04254,0.01956,,5.242e-05,4269.8
22830,2.07608,2.07568,0.01976,,5.221e-05,4271.1
22840,1.90807,1.90755,0.02585,,5.200e-05,4272.6
22850,2.01564,2.01532,0.01593,,5.180e-05,4274.0
22860,2.09549,2.09510,0.01926,,5.159e-05,4275.4
22870,1.79148,1.79109,0.01997,,5.139e-05,4276.8
22880,1.92932,1.92882,0.02487,,5.119e-05,4278.2
22890,2.11226,2.11164,0.03092,,5.099e-05,4279.6
22900,2.04711,2.04672,0.01929,,5.080e-05,4281.0
22910,1.95613,1.95571,0.02121,,5.060e-05,4282.4
22920,1.71345,1.71308,0.01852,,5.041e-05,4283.8
22930,2.08091,2.08036,0.02731,,5.022e-05,4285.2
22940,2.25181,2.25118,0.03133,,5.003e-05,4286.8
22950,2.02770,2.02722,0.02377,,4.984e-05,4288.2
22960,1.96105,1.96069,0.01840,,4.965e-05,4289.6
22970,2.05382,2.05340,0.02063,,4.947e-05,4291.0
22980,1.98506,1.98464,0.02093,,4.929e-05,4292.4
22990,2.12475,2.12438,0.01858,,4.911e-05,4293.8
23000,2.02657,2.02618,0.01950,2.13516,4.893e-05,4295.8
23010,1.96274,1.96228,0.02330,,4.875e-05,4297.4
23020,2.01754,2.01721,0.01659,,4.857e-05,4298.8
23030,1.83958,1.83928,0.01480,,4.840e-05,4300.3
23040,2.29283,2.29236,0.02323,,4.823e-05,4301.8
23050,1.99595,1.99555,0.02010,,4.806e-05,4303.3
23060,1.94288,1.94245,0.02165,,4.789e-05,4304.8
23070,1.85769,1.85720,0.02456,,4.772e-05,4306.3
23080,2.11176,2.11142,0.01715,,4.756e-05,4308.0
23090,1.98347,1.98294,0.02658,,4.740e-05,4309.5
23100,2.02597,2.02555,0.02062,,4.724e-05,4310.8
23110,2.03163,2.03131,0.01589,,4.708e-05,4312.3
23120,1.86403,1.86369,0.01713,,4.692e-05,4313.6
23130,1.93584,1.93533,0.02585,,4.676e-05,4315.2
23140,2.13293,2.13235,0.02902,,4.661e-05,4316.6
23150,1.90082,1.90024,0.02893,,4.646e-05,4318.1
23160,2.01538,2.01485,0.02626,,4.630e-05,4319.7
23170,1.73325,1.73300,0.01239,,4.616e-05,4321.2
23180,1.85994,1.85946,0.02385,,4.601e-05,4322.6
23190,1.87015,1.86962,0.02646,,4.586e-05,4324.2
23200,1.89233,1.89185,0.02401,,4.572e-05,4325.7
23210,2.14284,2.14234,0.02473,,4.558e-05,4327.2
23220,1.96910,1.96864,0.02299,,4.544e-05,4328.5
23230,1.97954,1.97904,0.02500,,4.530e-05,4330.0
23240,1.91481,1.91443,0.01920,,4.516e-05,4331.4
23250,1.89345,1.89309,0.01809,,4.503e-05,4332.8
23260,2.22475,2.22416,0.02963,,4.490e-05,4334.3
23270,1.87701,1.87660,0.02009,,4.476e-05,4335.9
23280,2.20505,2.20452,0.02647,,4.464e-05,4337.4
23290,2.08657,2.08608,0.02450,,4.451e-05,4338.9
23300,1.86420,1.86379,0.02033,,4.438e-05,4340.2
23310,2.08059,2.08010,0.02481,,4.426e-05,4341.7
23320,1.71470,1.71439,0.01540,,4.414e-05,4343.2
23330,2.12116,2.12063,0.02662,,4.401e-05,4344.7
23340,1.84799,1.84748,0.02559,,4.390e-05,4346.1
23350,2.04371,2.04313,0.02880,,4.378e-05,4347.6
23360,1.85213,1.85181,0.01591,,4.366e-05,4349.0
23370,1.96070,1.96045,0.01272,,4.355e-05,4350.3
23380,1.91906,1.91866,0.02021,,4.344e-05,4351.7
23390,2.03619,2.03575,0.02196,,4.333e-05,4353.2
23400,2.04827,2.04778,0.02464,,4.322e-05,4354.6
23410,1.85528,1.85489,0.01941,,4.312e-05,4356.2
23420,2.10778,2.10725,0.02656,,4.301e-05,4357.7
23430,1.96181,1.96134,0.02343,,4.291e-05,4359.2
23440,2.11477,2.11435,0.02073,,4.281e-05,4360.7
23450,1.98376,1.98324,0.02590,,4.271e-05,4362.2
23460,1.96872,1.96834,0.01899,,4.261e-05,4363.8
23470,1.87970,1.87938,0.01639,,4.251e-05,4365.3
23480,2.12621,2.12567,0.02697,,4.242e-05,4366.9
23490,2.02367,2.02328,0.01920,,4.233e-05,4368.3
23500,2.29232,2.29168,0.03170,,4.224e-05,4369.6
23510,1.91039,1.90994,0.02238,,4.215e-05,4371.0
23520,1.92918,1.92858,0.03020,,4.206e-05,4372.5
23530,2.04852,2.04806,0.02299,,4.198e-05,4373.9
23540,1.87564,1.87521,0.02146,,4.190e-05,4375.4
23550,2.10227,2.10187,0.02022,,4.181e-05,4376.9
23560,1.91064,1.91030,0.01714,,4.173e-05,4378.3
23570,1.76275,1.76243,0.01598,,4.166e-05,4379.7
23580,2.03698,2.03660,0.01922,,4.158e-05,4381.2
23590,1.84839,1.84797,0.02132,,4.151e-05,4382.6
23600,1.86854,1.86818,0.01784,,4.143e-05,4384.0
23610,1.92962,1.92940,0.01087,,4.136e-05,4385.7
23620,1.99960,1.99898,0.03104,,4.130e-05,4387.2
23630,2.17770,2.17734,0.01821,,4.123e-05,4388.6
23640,1.84902,1.84858,0.02238,,4.116e-05,4390.1
23650,1.95827,1.95786,0.02049,,4.110e-05,4391.5
23660,2.18961,2.18917,0.02218,,4.104e-05,4393.0
23670,2.05274,2.05229,0.02238,,4.098e-05,4394.6
23680,2.00396,2.00349,0.02352,,4.092e-05,4396.0
23690,2.13908,2.13849,0.02964,,4.086e-05,4397.4
23700,2.00931,2.00878,0.02639,,4.081e-05,4398.9
23710,2.03870,2.03806,0.03212,,4.076e-05,4400.3
23720,1.93424,1.93385,0.01943,,4.070e-05,4401.9
23730,1.93767,1.93724,0.02158,,4.066e-05,4403.4
23740,2.02605,2.02562,0.02170,,4.061e-05,4405.0
23750,2.11202,2.11151,0.02532,,4.056e-05,4406.5
23760,2.05532,2.05490,0.02095,,4.052e-05,4408.0
23770,1.93677,1.93627,0.02490,,4.048e-05,4409.4
23780,2.04274,2.04226,0.02411,,4.044e-05,4410.9
23790,1.95277,1.95240,0.01821,,4.040e-05,4412.3
23800,2.01169,2.01131,0.01907,,4.036e-05,4413.8
23810,1.88100,1.88056,0.02239,,4.033e-05,4415.3
23820,2.10598,2.10563,0.01769,,4.029e-05,4416.7
23830,2.10460,2.10411,0.02487,,4.026e-05,4418.2
23840,1.96073,1.96033,0.01985,,4.023e-05,4419.6
23850,1.90997,1.90944,0.02636,,4.020e-05,4421.1
23860,1.72363,1.72325,0.01929,,4.018e-05,4422.5
23870,2.08654,2.08594,0.02995,,4.015e-05,4424.0
23880,2.12022,2.11977,0.02255,,4.013e-05,4425.3
23890,1.72910,1.72869,0.02051,,4.011e-05,4426.8
23900,2.10594,2.10545,0.02456,,4.009e-05,4428.4
23910,2.16412,2.16347,0.03261,,4.007e-05,4429.9
23920,1.66920,1.66878,0.02124,,4.006e-05,4431.3
23930,1.82720,1.82687,0.01672,,4.004e-05,4432.7
23940,2.08784,2.08737,0.02349,,4.003e-05,4434.1
23950,2.04274,2.04223,0.02530,,4.002e-05,4435.5
23960,2.16724,2.16672,0.02579,,4.002e-05,4437.1
23970,1.99955,1.99907,0.02373,,4.001e-05,4438.6
23980,1.80384,1.80351,0.01668,,4.000e-05,4440.2
23990,1.98713,1.98669,0.02172,,4.000e-05,4441.6
24000,1.99742,1.99702,0.02015,2.14550,4.000e-05,4443.6
