location,start,mode,wind_set_ms,hour,offset_m,agl_m,msl_m,ground_msl_m,u_h_ms,u_along_ms,w_ms,u_profile_model_ms,u_cross_ms
altai,sinyukha_west,field,6.0,12.0,-3000.0,1.0,383.47,382.47,1.480,1.478,0.002,1.954,0.075
altai,sinyukha_west,field,6.0,12.0,-3000.0,1.5,383.97,382.47,1.702,1.700,0.002,2.155,0.086
altai,sinyukha_west,field,6.0,12.0,-3000.0,2.0,384.47,382.47,1.864,1.862,0.002,2.310,0.095
altai,sinyukha_west,field,6.0,12.0,-3000.0,3.0,385.47,382.47,2.098,2.095,0.003,2.549,0.107
altai,sinyukha_west,field,6.0,12.0,-3000.0,5.0,387.47,382.47,2.398,2.395,0.003,2.887,0.122
altai,sinyukha_west,field,6.0,12.0,-3000.0,10.0,392.47,382.47,2.812,2.808,0.003,3.428,0.143
altai,sinyukha_west,field,6.0,12.0,-3000.0,30.0,412.47,382.47,3.474,3.470,0.004,4.556,0.176
altai,sinyukha_west,field,6.0,12.0,-3000.0,50.0,432.47,382.47,3.814,3.809,0.005,5.256,0.194
altai,sinyukha_west,field,6.0,12.0,-3000.0,100.0,482.47,382.47,4.465,4.459,0.010,6.520,0.231
altai,sinyukha_west,field,6.0,12.0,-3000.0,200.0,582.47,382.47,4.856,4.849,0.045,8.439,0.264
altai,sinyukha_west,field,6.0,12.0,-3000.0,300.0,682.47,382.47,5.096,5.088,0.084,10.116,0.286
altai,sinyukha_west,field,6.0,12.0,-1000.0,1.0,717.11,716.11,1.064,1.035,0.150,2.645,0.245
altai,sinyukha_west,field,6.0,12.0,-1000.0,1.5,717.61,716.11,1.203,1.171,0.169,2.917,0.277
altai,sinyukha_west,field,6.0,12.0,-1000.0,2.0,718.11,716.11,1.307,1.272,0.184,3.126,0.301
altai,sinyukha_west,field,6.0,12.0,-1000.0,3.0,719.11,716.11,1.457,1.418,0.204,3.449,0.335
altai,sinyukha_west,field,6.0,12.0,-1000.0,5.0,721.11,716.11,1.655,1.611,0.231,3.905,0.379
altai,sinyukha_west,field,6.0,12.0,-1000.0,10.0,726.11,716.11,1.962,1.911,0.272,4.629,0.445
altai,sinyukha_west,field,6.0,12.0,-1000.0,30.0,746.11,716.11,3.148,3.118,0.478,6.120,0.432
altai,sinyukha_west,field,6.0,12.0,-1000.0,50.0,766.11,716.11,3.655,3.643,0.597,7.024,0.294
altai,sinyukha_west,field,6.0,12.0,-1000.0,100.0,816.11,716.11,4.349,4.347,0.693,8.608,0.123
altai,sinyukha_west,field,6.0,12.0,-1000.0,200.0,916.11,716.11,5.100,5.100,0.747,10.904,0.013
altai,sinyukha_west,field,6.0,12.0,-1000.0,300.0,1016.11,716.11,5.552,5.552,0.776,12.833,-0.008
altai,sinyukha_west,field,6.0,12.0,-300.0,1.0,975.18,974.18,1.246,1.242,0.437,3.180,0.107
altai,sinyukha_west,field,6.0,12.0,-300.0,1.5,975.68,974.18,1.368,1.363,0.479,3.506,0.118
altai,sinyukha_west,field,6.0,12.0,-300.0,2.0,976.18,974.18,1.463,1.457,0.513,3.758,0.126
altai,sinyukha_west,field,6.0,12.0,-300.0,3.0,977.18,974.18,1.607,1.601,0.563,4.145,0.138
altai,sinyukha_west,field,6.0,12.0,-300.0,5.0,979.18,974.18,1.815,1.809,0.633,4.691,0.148
altai,sinyukha_west,field,6.0,12.0,-300.0,10.0,984.18,974.18,2.265,2.260,0.771,5.558,0.138
altai,sinyukha_west,field,6.0,12.0,-300.0,30.0,1004.18,974.18,3.964,3.964,1.247,7.329,0.005
altai,sinyukha_west,field,6.0,12.0,-300.0,50.0,1024.18,974.18,4.675,4.672,1.343,8.391,-0.151
altai,sinyukha_west,field,6.0,12.0,-300.0,100.0,1074.18,974.18,5.569,5.557,1.328,10.222,-0.356
altai,sinyukha_west,field,6.0,12.0,-300.0,200.0,1174.18,974.18,6.435,6.415,1.167,12.811,-0.507
altai,sinyukha_west,field,6.0,12.0,-300.0,300.0,1274.18,974.18,6.816,6.797,0.982,14.935,-0.506
altai,sinyukha_west,field,6.0,12.0,-150.0,1.0,1035.89,1034.89,0.939,0.916,0.290,3.306,-0.205
altai,sinyukha_west,field,6.0,12.0,-150.0,1.5,1036.39,1034.89,1.135,1.107,0.351,3.645,-0.250
altai,sinyukha_west,field,6.0,12.0,-150.0,2.0,1036.89,1034.89,1.270,1.239,0.392,3.906,-0.280
altai,sinyukha_west,field,6.0,12.0,-150.0,3.0,1037.89,1034.89,1.455,1.419,0.449,4.308,-0.323
altai,sinyukha_west,field,6.0,12.0,-150.0,5.0,1039.89,1034.89,1.684,1.642,0.520,4.876,-0.375
altai,sinyukha_west,field,6.0,12.0,-150.0,10.0,1044.89,1034.89,1.992,1.942,0.614,5.777,-0.444
altai,sinyukha_west,field,6.0,12.0,-150.0,30.0,1064.89,1034.89,3.617,3.581,1.055,7.613,-0.509
altai,sinyukha_west,field,6.0,12.0,-150.0,50.0,1084.89,1034.89,5.254,5.224,1.420,8.712,-0.557
altai,sinyukha_west,field,6.0,12.0,-150.0,100.0,1134.89,1034.89,6.414,6.371,1.339,10.602,-0.743
altai,sinyukha_west,field,6.0,12.0,-150.0,200.0,1234.89,1034.89,7.035,6.993,0.994,13.260,-0.771
altai,sinyukha_west,field,6.0,12.0,-150.0,300.0,1334.89,1034.89,7.179,7.148,0.791,15.429,-0.667
altai,sinyukha_west,field,6.0,12.0,-50.0,1.0,1086.25,1085.25,2.306,2.219,0.266,3.410,-0.628
altai,sinyukha_west,field,6.0,12.0,-50.0,1.5,1086.75,1085.25,2.608,2.510,0.298,3.760,-0.708
altai,sinyukha_west,field,6.0,12.0,-50.0,2.0,1087.25,1085.25,2.834,2.729,0.322,4.030,-0.768
altai,sinyukha_west,field,6.0,12.0,-50.0,3.0,1088.25,1085.25,3.168,3.050,0.357,4.444,-0.856
altai,sinyukha_west,field,6.0,12.0,-50.0,5.0,1090.25,1085.25,3.605,3.471,0.404,5.030,-0.971
altai,sinyukha_west,field,6.0,12.0,-50.0,10.0,1095.25,1085.25,4.245,4.096,0.471,5.958,-1.115
altai,sinyukha_west,field,6.0,12.0,-50.0,30.0,1115.25,1085.25,6.299,6.198,0.782,7.849,-1.122
altai,sinyukha_west,field,6.0,12.0,-50.0,50.0,1135.25,1085.25,6.935,6.846,0.862,8.979,-1.107
altai,sinyukha_west,field,6.0,12.0,-50.0,100.0,1185.25,1085.25,7.200,7.122,0.810,10.917,-1.058
altai,sinyukha_west,field,6.0,12.0,-50.0,200.0,1285.25,1085.25,7.301,7.247,0.698,13.632,-0.881
altai,sinyukha_west,field,6.0,12.0,-50.0,300.0,1385.25,1085.25,7.318,7.283,0.604,15.839,-0.715
altai,sinyukha_west,field,6.0,12.0,-30.0,1.0,1096.17,1095.17,3.640,3.566,0.152,3.430,-0.731
altai,sinyukha_west,field,6.0,12.0,-30.0,1.5,1096.67,1095.17,3.908,3.829,0.163,3.782,-0.785
altai,sinyukha_west,field,6.0,12.0,-30.0,2.0,1097.17,1095.17,4.127,4.043,0.172,4.054,-0.829
altai,sinyukha_west,field,6.0,12.0,-30.0,3.0,1098.17,1095.17,4.472,4.381,0.186,4.471,-0.897
altai,sinyukha_west,field,6.0,12.0,-30.0,5.0,1100.17,1095.17,4.958,4.857,0.206,5.060,-0.994
altai,sinyukha_west,field,6.0,12.0,-30.0,10.0,1105.17,1095.17,5.702,5.589,0.237,5.994,-1.129
altai,sinyukha_west,field,6.0,12.0,-30.0,30.0,1125.17,1095.17,6.820,6.710,0.426,7.896,-1.217
altai,sinyukha_west,field,6.0,12.0,-30.0,50.0,1145.17,1095.17,7.068,6.966,0.574,9.032,-1.192
altai,sinyukha_west,field,6.0,12.0,-30.0,100.0,1195.17,1095.17,7.258,7.175,0.685,10.979,-1.093
altai,sinyukha_west,field,6.0,12.0,-30.0,200.0,1295.17,1095.17,7.327,7.272,0.644,13.705,-0.891
altai,sinyukha_west,field,6.0,12.0,-30.0,300.0,1395.17,1095.17,7.334,7.299,0.571,15.920,-0.719
altai,sinyukha_west,field,6.0,12.0,-20.0,1.0,1100.54,1099.54,3.948,3.877,0.104,3.439,-0.745
altai,sinyukha_west,field,6.0,12.0,-20.0,1.5,1101.04,1099.54,4.242,4.166,0.112,3.792,-0.800
altai,sinyukha_west,field,6.0,12.0,-20.0,2.0,1101.54,1099.54,4.481,4.400,0.118,4.064,-0.845
altai,sinyukha_west,field,6.0,12.0,-20.0,3.0,1102.54,1099.54,4.856,4.769,0.128,4.483,-0.916
altai,sinyukha_west,field,6.0,12.0,-20.0,5.0,1104.54,1099.54,5.376,5.280,0.142,5.073,-1.014
altai,sinyukha_west,field,6.0,12.0,-20.0,10.0,1109.54,1099.54,6.114,6.004,0.163,6.010,-1.152
altai,sinyukha_west,field,6.0,12.0,-20.0,30.0,1129.54,1099.54,6.877,6.763,0.325,7.916,-1.247
altai,sinyukha_west,field,6.0,12.0,-20.0,50.0,1149.54,1099.54,7.089,6.984,0.494,9.055,-1.215
altai,sinyukha_west,field,6.0,12.0,-20.0,100.0,1199.54,1099.54,7.271,7.187,0.637,11.006,-1.105
altai,sinyukha_west,field,6.0,12.0,-20.0,200.0,1299.54,1099.54,7.336,7.281,0.619,13.737,-0.896
altai,sinyukha_west,field,6.0,12.0,-20.0,300.0,1399.54,1099.54,7.341,7.306,0.555,15.956,-0.722
altai,sinyukha_west,field,6.0,12.0,-10.0,1.0,1104.26,1103.26,4.201,4.123,0.096,3.447,-0.809
altai,sinyukha_west,field,6.0,12.0,-10.0,1.5,1104.76,1103.26,4.482,4.399,0.102,3.801,-0.863
altai,sinyukha_west,field,6.0,12.0,-10.0,2.0,1105.26,1103.26,4.714,4.626,0.108,4.074,-0.907
altai,sinyukha_west,field,6.0,12.0,-10.0,3.0,1106.26,1103.26,5.084,4.989,0.116,4.493,-0.979
altai,sinyukha_west,field,6.0,12.0,-10.0,5.0,1108.26,1103.26,5.564,5.460,0.128,5.085,-1.071
altai,sinyukha_west,field,6.0,12.0,-10.0,10.0,1113.26,1103.26,6.211,6.096,0.149,6.023,-1.193
altai,sinyukha_west,field,6.0,12.0,-10.0,30.0,1133.26,1103.26,6.866,6.750,0.311,7.934,-1.258
altai,sinyukha_west,field,6.0,12.0,-10.0,50.0,1153.26,1103.26,7.079,6.972,0.458,9.075,-1.226
altai,sinyukha_west,field,6.0,12.0,-10.0,100.0,1203.26,1103.26,7.272,7.186,0.598,11.030,-1.114
altai,sinyukha_west,field,6.0,12.0,-10.0,200.0,1303.26,1103.26,7.341,7.286,0.596,13.765,-0.900
altai,sinyukha_west,field,6.0,12.0,-10.0,300.0,1403.26,1103.26,7.347,7.311,0.539,15.986,-0.724
altai,sinyukha_west,field,6.0,12.0,0.0,1.0,1107.89,1106.89,4.857,4.763,0.094,3.455,-0.955
altai,sinyukha_west,field,6.0,12.0,0.0,1.5,1108.39,1106.89,5.060,4.961,0.098,3.809,-0.995
altai,sinyukha_west,field,6.0,12.0,0.0,2.0,1108.89,1106.89,5.236,5.134,0.102,4.082,-1.030
altai,sinyukha_west,field,6.0,12.0,0.0,3.0,1109.89,1106.89,5.505,5.397,0.107,4.502,-1.082
altai,sinyukha_west,field,6.0,12.0,0.0,5.0,1111.89,1106.89,5.835,5.721,0.117,5.096,-1.146
altai,sinyukha_west,field,6.0,12.0,0.0,10.0,1116.89,1106.89,6.321,6.200,0.138,6.036,-1.235
altai,sinyukha_west,field,6.0,12.0,0.0,30.0,1136.89,1106.89,6.868,6.750,0.297,7.951,-1.271
altai,sinyukha_west,field,6.0,12.0,0.0,50.0,1156.89,1106.89,7.076,6.967,0.423,9.094,-1.237
altai,sinyukha_west,field,6.0,12.0,0.0,100.0,1206.89,1106.89,7.275,7.188,0.560,11.052,-1.122
altai,sinyukha_west,field,6.0,12.0,0.0,200.0,1306.89,1106.89,7.347,7.291,0.573,13.792,-0.904
altai,sinyukha_west,field,6.0,12.0,0.0,300.0,1406.89,1106.89,7.352,7.316,0.524,16.016,-0.727
altai,sinyukha_west,field,6.0,12.0,100.0,1.0,1097.30,1096.30,2.095,2.044,-0.061,3.433,-0.457
altai,sinyukha_west,field,6.0,12.0,100.0,1.5,1097.80,1096.30,2.495,2.435,-0.071,3.785,-0.545
altai,sinyukha_west,field,6.0,12.0,100.0,2.0,1098.30,1096.30,2.778,2.711,-0.078,4.057,-0.606
altai,sinyukha_west,field,6.0,12.0,100.0,3.0,1099.30,1096.30,3.173,3.096,-0.087,4.474,-0.693
altai,sinyukha_west,field,6.0,12.0,100.0,5.0,1101.30,1096.30,3.611,3.523,-0.096,5.063,-0.792
altai,sinyukha_west,field,6.0,12.0,100.0,10.0,1106.30,1096.30,4.474,4.363,-0.104,5.998,-0.991
altai,sinyukha_west,field,6.0,12.0,100.0,30.0,1126.30,1096.30,6.259,6.110,-0.093,7.901,-1.355
altai,sinyukha_west,field,6.0,12.0,100.0,50.0,1146.30,1096.30,6.683,6.544,0.013,9.038,-1.354
altai,sinyukha_west,field,6.0,12.0,100.0,100.0,1196.30,1096.30,7.115,7.004,0.207,10.986,-1.249
altai,sinyukha_west,field,6.0,12.0,100.0,200.0,1296.30,1096.30,7.340,7.269,0.372,13.713,-1.013
altai,sinyukha_west,field,6.0,12.0,100.0,300.0,1396.30,1096.30,7.381,7.336,0.397,15.929,-0.814
altai,sinyukha_west,field,6.0,12.0,300.0,1.0,1057.97,1056.97,0.300,-0.300,-0.062,3.351,0.011
altai,sinyukha_west,field,6.0,12.0,300.0,1.5,1058.47,1056.97,0.194,-0.193,-0.070,3.695,0.012
altai,sinyukha_west,field,6.0,12.0,300.0,2.0,1058.97,1056.97,0.107,-0.106,-0.075,3.960,0.013
altai,sinyukha_west,field,6.0,12.0,300.0,3.0,1059.97,1056.97,0.042,0.040,-0.084,4.368,0.014
altai,sinyukha_west,field,6.0,12.0,300.0,5.0,1061.97,1056.97,0.298,0.298,-0.097,4.944,0.012
altai,sinyukha_west,field,6.0,12.0,300.0,10.0,1066.97,1056.97,1.045,1.045,-0.129,5.856,-0.011
altai,sinyukha_west,field,6.0,12.0,300.0,30.0,1086.97,1056.97,3.697,3.690,-0.294,7.717,-0.225
altai,sinyukha_west,field,6.0,12.0,300.0,50.0,1106.97,1056.97,5.025,4.971,-0.352,8.829,-0.733
altai,sinyukha_west,field,6.0,12.0,300.0,100.0,1156.97,1056.97,6.406,6.307,-0.211,10.740,-1.126
altai,sinyukha_west,field,6.0,12.0,300.0,200.0,1256.97,1056.97,7.085,7.002,0.042,13.423,-1.084
altai,sinyukha_west,field,6.0,12.0,300.0,300.0,1356.97,1056.97,7.296,7.237,0.157,15.609,-0.927
altai,sinyukha_east,field,6.0,12.0,-3000.0,1.0,671.64,670.64,2.391,2.270,0.008,2.339,0.752
altai,sinyukha_east,field,6.0,12.0,-3000.0,1.5,672.14,670.64,2.736,2.597,0.009,2.579,0.860
altai,sinyukha_east,field,6.0,12.0,-3000.0,2.0,672.64,670.64,2.990,2.838,0.010,2.765,0.940
altai,sinyukha_east,field,6.0,12.0,-3000.0,3.0,673.64,670.64,3.239,3.078,0.011,3.050,1.009
altai,sinyukha_east,field,6.0,12.0,-3000.0,5.0,675.64,670.64,3.386,3.228,0.011,3.454,1.025
altai,sinyukha_east,field,6.0,12.0,-3000.0,10.0,680.64,670.64,3.596,3.447,0.013,4.097,1.022
altai,sinyukha_east,field,6.0,12.0,-3000.0,30.0,700.64,670.64,3.884,3.805,0.017,5.427,0.780
altai,sinyukha_east,field,6.0,12.0,-3000.0,50.0,720.64,670.64,4.079,4.050,0.022,6.241,0.488
altai,sinyukha_east,field,6.0,12.0,-3000.0,100.0,770.64,670.64,4.340,4.319,0.026,7.683,0.418
altai,sinyukha_east,field,6.0,12.0,-3000.0,200.0,870.64,670.64,4.655,4.637,0.021,9.813,0.413
altai,sinyukha_east,field,6.0,12.0,-3000.0,300.0,970.64,670.64,4.875,4.861,0.012,11.630,0.365
altai,sinyukha_east,field,6.0,12.0,-1000.0,1.0,800.96,799.96,0.954,0.892,0.064,2.607,0.340
altai,sinyukha_east,field,6.0,12.0,-1000.0,1.5,801.46,799.96,1.113,1.040,0.075,2.875,0.397
altai,sinyukha_east,field,6.0,12.0,-1000.0,2.0,801.96,799.96,1.227,1.147,0.082,3.081,0.438
altai,sinyukha_east,field,6.0,12.0,-1000.0,3.0,802.96,799.96,1.389,1.298,0.094,3.399,0.496
altai,sinyukha_east,field,6.0,12.0,-1000.0,5.0,804.96,799.96,1.594,1.489,0.108,3.848,0.569
altai,sinyukha_east,field,6.0,12.0,-1000.0,10.0,809.96,799.96,1.919,1.804,0.127,4.563,0.656
altai,sinyukha_east,field,6.0,12.0,-1000.0,30.0,829.96,799.96,2.792,2.698,0.217,6.033,0.719
altai,sinyukha_east,field,6.0,12.0,-1000.0,50.0,849.96,799.96,3.202,3.128,0.262,6.926,0.683
altai,sinyukha_east,field,6.0,12.0,-1000.0,100.0,899.96,799.96,3.701,3.650,0.309,8.492,0.613
altai,sinyukha_east,field,6.0,12.0,-1000.0,200.0,999.96,799.96,4.237,4.205,0.389,10.768,0.519
altai,sinyukha_east,field,6.0,12.0,-1000.0,300.0,1099.96,799.96,4.601,4.580,0.446,12.683,0.436
altai,sinyukha_east,field,6.0,12.0,-300.0,1.0,1050.65,1049.65,0.714,0.712,0.219,3.124,-0.051
altai,sinyukha_east,field,6.0,12.0,-300.0,1.5,1051.15,1049.65,0.891,0.889,0.273,3.445,-0.064
altai,sinyukha_east,field,6.0,12.0,-300.0,2.0,1051.65,1049.65,1.010,1.007,0.310,3.692,-0.073
altai,sinyukha_east,field,6.0,12.0,-300.0,3.0,1052.65,1049.65,1.170,1.167,0.359,4.072,-0.084
altai,sinyukha_east,field,6.0,12.0,-300.0,5.0,1054.65,1049.65,1.366,1.362,0.419,4.609,-0.099
altai,sinyukha_east,field,6.0,12.0,-300.0,10.0,1059.65,1049.65,1.625,1.621,0.499,5.462,-0.118
altai,sinyukha_east,field,6.0,12.0,-300.0,30.0,1079.65,1049.65,2.956,2.943,0.931,7.203,0.275
altai,sinyukha_east,field,6.0,12.0,-300.0,50.0,1099.65,1049.65,3.798,3.770,1.171,8.249,0.460
altai,sinyukha_east,field,6.0,12.0,-300.0,100.0,1149.65,1049.65,4.710,4.688,1.312,10.054,0.459
altai,sinyukha_east,field,6.0,12.0,-300.0,200.0,1249.65,1049.65,5.641,5.630,1.237,12.613,0.351
altai,sinyukha_east,field,6.0,12.0,-300.0,300.0,1349.65,1049.65,6.054,6.049,1.037,14.716,0.225
altai,sinyukha_east,field,6.0,12.0,-150.0,1.0,1129.84,1128.84,1.018,1.009,0.432,3.288,0.129
altai,sinyukha_east,field,6.0,12.0,-150.0,1.5,1130.34,1128.84,1.211,1.201,0.514,3.626,0.152
altai,sinyukha_east,field,6.0,12.0,-150.0,2.0,1130.84,1128.84,1.339,1.328,0.567,3.886,0.167
altai,sinyukha_east,field,6.0,12.0,-150.0,3.0,1131.84,1128.84,1.514,1.503,0.640,4.286,0.186
altai,sinyukha_east,field,6.0,12.0,-150.0,5.0,1133.84,1128.84,1.748,1.736,0.735,4.851,0.211
altai,sinyukha_east,field,6.0,12.0,-150.0,10.0,1138.84,1128.84,2.183,2.170,0.890,5.747,0.240
altai,sinyukha_east,field,6.0,12.0,-150.0,30.0,1158.84,1128.84,3.805,3.783,1.450,7.574,0.406
altai,sinyukha_east,field,6.0,12.0,-150.0,50.0,1178.84,1128.84,4.753,4.728,1.640,8.668,0.482
altai,sinyukha_east,field,6.0,12.0,-150.0,100.0,1228.84,1128.84,5.920,5.905,1.568,10.550,0.420
altai,sinyukha_east,field,6.0,12.0,-150.0,200.0,1328.84,1128.84,6.567,6.563,1.109,13.198,0.242
altai,sinyukha_east,field,6.0,12.0,-150.0,300.0,1428.84,1128.84,6.628,6.627,0.821,15.361,0.106
altai,sinyukha_east,field,6.0,12.0,-50.0,1.0,1185.06,1184.06,2.086,2.086,0.244,3.403,0.012
altai,sinyukha_east,field,6.0,12.0,-50.0,1.5,1185.56,1184.06,2.505,2.505,0.287,3.752,0.018
altai,sinyukha_east,field,6.0,12.0,-50.0,2.0,1186.06,1184.06,2.800,2.800,0.318,4.021,0.022
altai,sinyukha_east,field,6.0,12.0,-50.0,3.0,1187.06,1184.06,3.216,3.215,0.361,4.435,0.027
altai,sinyukha_east,field,6.0,12.0,-50.0,5.0,1189.06,1184.06,3.739,3.739,0.414,5.019,0.035
altai,sinyukha_east,field,6.0,12.0,-50.0,10.0,1194.06,1184.06,4.466,4.466,0.487,5.946,0.044
altai,sinyukha_east,field,6.0,12.0,-50.0,30.0,1214.06,1184.06,6.275,6.266,0.843,7.833,0.342
altai,sinyukha_east,field,6.0,12.0,-50.0,50.0,1234.06,1184.06,6.782,6.772,0.975,8.961,0.369
altai,sinyukha_east,field,6.0,12.0,-50.0,100.0,1284.06,1184.06,6.982,6.977,0.922,10.895,0.261
altai,sinyukha_east,field,6.0,12.0,-50.0,200.0,1384.06,1184.06,6.920,6.919,0.723,13.606,0.124
altai,sinyukha_east,field,6.0,12.0,-50.0,300.0,1484.06,1184.06,6.803,6.803,0.580,15.811,0.016
altai,sinyukha_east,field,6.0,12.0,-30.0,1.0,1196.24,1195.24,3.513,3.508,0.158,3.426,0.182
altai,sinyukha_east,field,6.0,12.0,-30.0,1.5,1196.74,1195.24,3.879,3.874,0.174,3.777,0.202
altai,sinyukha_east,field,6.0,12.0,-30.0,2.0,1197.24,1195.24,4.166,4.161,0.186,4.048,0.217
altai,sinyukha_east,field,6.0,12.0,-30.0,3.0,1198.24,1195.24,4.603,4.596,0.205,4.465,0.240
altai,sinyukha_east,field,6.0,12.0,-30.0,5.0,1200.24,1195.24,5.194,5.187,0.231,5.053,0.271
altai,sinyukha_east,field,6.0,12.0,-30.0,10.0,1205.24,1195.24,5.988,5.980,0.271,5.986,0.308
altai,sinyukha_east,field,6.0,12.0,-30.0,30.0,1225.24,1195.24,6.730,6.722,0.513,7.885,0.329
altai,sinyukha_east,field,6.0,12.0,-30.0,50.0,1245.24,1195.24,6.923,6.916,0.683,9.020,0.301
altai,sinyukha_east,field,6.0,12.0,-30.0,100.0,1295.24,1195.24,7.045,7.041,0.768,10.965,0.229
altai,sinyukha_east,field,6.0,12.0,-30.0,200.0,1395.24,1195.24,6.945,6.945,0.652,13.689,0.103
altai,sinyukha_east,field,6.0,12.0,-30.0,300.0,1495.24,1195.24,6.819,6.819,0.536,15.902,-0.001
altai,sinyukha_east,field,6.0,12.0,-20.0,1.0,1201.08,1200.08,3.806,3.799,0.132,3.436,0.227
altai,sinyukha_east,field,6.0,12.0,-20.0,1.5,1201.58,1200.08,4.230,4.222,0.147,3.788,0.252
altai,sinyukha_east,field,6.0,12.0,-20.0,2.0,1202.08,1200.08,4.555,4.547,0.158,4.060,0.272
altai,sinyukha_east,field,6.0,12.0,-20.0,3.0,1203.08,1200.08,4.978,4.969,0.175,4.478,0.296
altai,sinyukha_east,field,6.0,12.0,-20.0,5.0,1205.08,1200.08,5.519,5.510,0.197,5.068,0.326
altai,sinyukha_east,field,6.0,12.0,-20.0,10.0,1210.08,1200.08,6.185,6.175,0.234,6.003,0.354
altai,sinyukha_east,field,6.0,12.0,-20.0,30.0,1230.08,1200.08,6.734,6.726,0.463,7.908,0.325
altai,sinyukha_east,field,6.0,12.0,-20.0,50.0,1250.08,1200.08,6.921,6.915,0.618,9.046,0.293
altai,sinyukha_east,field,6.0,12.0,-20.0,100.0,1300.08,1200.08,7.049,7.045,0.710,10.995,0.217
altai,sinyukha_east,field,6.0,12.0,-20.0,200.0,1400.08,1200.08,6.950,6.950,0.619,13.724,0.093
altai,sinyukha_east,field,6.0,12.0,-20.0,300.0,1500.08,1200.08,6.823,6.823,0.515,15.941,-0.008
altai,sinyukha_east,field,6.0,12.0,-10.0,1.0,1205.69,1204.69,3.780,3.773,0.115,3.445,0.242
altai,sinyukha_east,field,6.0,12.0,-10.0,1.5,1206.19,1204.69,4.343,4.334,0.131,3.799,0.278
altai,sinyukha_east,field,6.0,12.0,-10.0,2.0,1206.69,1204.69,4.756,4.746,0.144,4.071,0.305
altai,sinyukha_east,field,6.0,12.0,-10.0,3.0,1207.69,1204.69,5.173,5.163,0.160,4.490,0.329
altai,sinyukha_east,field,6.0,12.0,-10.0,5.0,1209.69,1204.69,5.650,5.639,0.181,5.082,0.355
altai,sinyukha_east,field,6.0,12.0,-10.0,10.0,1214.69,1204.69,6.190,6.179,0.221,6.020,0.371
altai,sinyukha_east,field,6.0,12.0,-10.0,30.0,1234.69,1204.69,6.721,6.713,0.442,7.930,0.324
altai,sinyukha_east,field,6.0,12.0,-10.0,50.0,1254.69,1204.69,6.911,6.905,0.571,9.070,0.285
altai,sinyukha_east,field,6.0,12.0,-10.0,100.0,1304.69,1204.69,7.047,7.044,0.657,11.024,0.206
altai,sinyukha_east,field,6.0,12.0,-10.0,200.0,1404.69,1204.69,6.953,6.952,0.588,13.758,0.084
altai,sinyukha_east,field,6.0,12.0,-10.0,300.0,1504.69,1204.69,6.827,6.827,0.495,15.979,-0.016
altai,sinyukha_east,field,6.0,12.0,0.0,1.0,1210.18,1209.18,5.076,5.065,0.133,3.455,0.339
altai,sinyukha_east,field,6.0,12.0,0.0,1.5,1210.68,1209.18,5.268,5.257,0.141,3.809,0.351
altai,sinyukha_east,field,6.0,12.0,0.0,2.0,1211.18,1209.18,5.396,5.384,0.147,4.082,0.358
altai,sinyukha_east,field,6.0,12.0,0.0,3.0,1212.18,1209.18,5.603,5.590,0.158,4.502,0.368
altai,sinyukha_east,field,6.0,12.0,0.0,5.0,1214.18,1209.18,5.905,5.892,0.175,5.096,0.382
altai,sinyukha_east,field,6.0,12.0,0.0,10.0,1219.18,1209.18,6.221,6.209,0.215,6.036,0.378
altai,sinyukha_east,field,6.0,12.0,0.0,30.0,1239.18,1209.18,6.710,6.703,0.419,7.951,0.318
altai,sinyukha_east,field,6.0,12.0,0.0,50.0,1259.18,1209.18,6.911,6.905,0.527,9.094,0.275
altai,sinyukha_east,field,6.0,12.0,0.0,100.0,1309.18,1209.18,7.047,7.045,0.609,11.052,0.194
altai,sinyukha_east,field,6.0,12.0,0.0,200.0,1409.18,1209.18,6.955,6.955,0.559,13.792,0.075
altai,sinyukha_east,field,6.0,12.0,0.0,300.0,1509.18,1209.18,6.830,6.830,0.476,16.016,-0.023
altai,sinyukha_east,field,6.0,12.0,100.0,1.0,1191.10,1190.10,1.877,1.875,-0.034,3.415,0.098
altai,sinyukha_east,field,6.0,12.0,100.0,1.5,1191.60,1190.10,2.190,2.187,-0.039,3.765,0.115
altai,sinyukha_east,field,6.0,12.0,100.0,2.0,1192.10,1190.10,2.415,2.412,-0.042,4.036,0.127
altai,sinyukha_east,field,6.0,12.0,100.0,3.0,1193.10,1190.10,2.736,2.732,-0.047,4.451,0.144
altai,sinyukha_east,field,6.0,12.0,100.0,5.0,1195.10,1190.10,3.144,3.140,-0.053,5.038,0.166
altai,sinyukha_east,field,6.0,12.0,100.0,10.0,1200.10,1190.10,3.795,3.790,-0.061,5.967,0.199
altai,sinyukha_east,field,6.0,12.0,100.0,30.0,1220.10,1190.10,5.729,5.722,-0.064,7.861,0.292
altai,sinyukha_east,field,6.0,12.0,100.0,50.0,1240.10,1190.10,6.321,6.316,0.033,8.993,0.257
altai,sinyukha_east,field,6.0,12.0,100.0,100.0,1290.10,1190.10,6.814,6.811,0.204,10.933,0.170
altai,sinyukha_east,field,6.0,12.0,100.0,200.0,1390.10,1190.10,6.948,6.948,0.326,13.651,0.057
altai,sinyukha_east,field,6.0,12.0,100.0,300.0,1490.10,1190.10,6.877,6.877,0.333,15.860,-0.034
altai,sinyukha_east,field,6.0,12.0,300.0,1.0,1094.44,1093.44,0.124,0.123,0.036,3.215,-0.020
altai,sinyukha_east,field,6.0,12.0,300.0,1.5,1094.94,1093.44,0.163,0.161,0.041,3.545,-0.023
altai,sinyukha_east,field,6.0,12.0,300.0,2.0,1095.44,1093.44,0.191,0.189,0.045,3.799,-0.025
altai,sinyukha_east,field,6.0,12.0,300.0,3.0,1096.44,1093.44,0.232,0.231,0.051,4.190,-0.028
altai,sinyukha_east,field,6.0,12.0,300.0,5.0,1098.44,1093.44,0.287,0.285,0.058,4.743,-0.032
altai,sinyukha_east,field,6.0,12.0,300.0,10.0,1103.44,1093.44,0.371,0.369,0.068,5.619,-0.038
altai,sinyukha_east,field,6.0,12.0,300.0,30.0,1123.44,1093.44,0.848,0.848,0.082,7.408,0.001
altai,sinyukha_east,field,6.0,12.0,300.0,50.0,1143.44,1093.44,1.772,1.769,0.059,8.481,0.098
altai,sinyukha_east,field,6.0,12.0,300.0,100.0,1193.44,1093.44,3.903,3.900,-0.125,10.328,0.144
altai,sinyukha_east,field,6.0,12.0,300.0,200.0,1293.44,1093.44,6.047,6.046,-0.003,12.937,0.104
altai,sinyukha_east,field,6.0,12.0,300.0,300.0,1393.44,1093.44,6.560,6.560,0.085,15.073,0.007
altai,tugaya_south,field,6.0,12.0,-3000.0,1.0,297.27,296.27,1.431,1.431,0.006,2.764,0.007
altai,tugaya_south,field,6.0,12.0,-3000.0,1.5,297.77,296.27,1.691,1.691,0.007,3.047,0.009
altai,tugaya_south,field,6.0,12.0,-3000.0,2.0,298.27,296.27,1.875,1.875,0.008,3.266,0.009
altai,tugaya_south,field,6.0,12.0,-3000.0,3.0,299.27,296.27,2.132,2.132,0.009,3.603,0.011
altai,tugaya_south,field,6.0,12.0,-3000.0,5.0,301.27,296.27,2.457,2.457,0.010,4.079,0.012
altai,tugaya_south,field,6.0,12.0,-3000.0,10.0,306.27,296.27,2.896,2.896,0.012,4.835,0.014
altai,tugaya_south,field,6.0,12.0,-3000.0,30.0,326.27,296.27,3.652,3.652,0.014,6.387,0.037
altai,tugaya_south,field,6.0,12.0,-3000.0,50.0,346.27,296.27,4.231,4.230,0.011,7.326,0.093
altai,tugaya_south,field,6.0,12.0,-3000.0,100.0,396.27,296.27,5.350,5.346,-0.008,8.965,0.187
altai,tugaya_south,field,6.0,12.0,-3000.0,200.0,496.27,296.27,6.438,6.432,-0.052,11.327,0.298
altai,tugaya_south,field,6.0,12.0,-3000.0,300.0,596.27,296.27,7.061,7.051,-0.068,13.299,0.380
altai,tugaya_south,field,6.0,12.0,-1000.0,1.0,400.59,399.59,1.042,1.028,0.108,2.978,0.170
altai,tugaya_south,field,6.0,12.0,-1000.0,1.5,401.09,399.59,1.318,1.300,0.138,3.283,0.215
altai,tugaya_south,field,6.0,12.0,-1000.0,2.0,401.59,399.59,1.498,1.478,0.158,3.519,0.245
altai,tugaya_south,field,6.0,12.0,-1000.0,3.0,402.59,399.59,1.731,1.708,0.181,3.881,0.282
altai,tugaya_south,field,6.0,12.0,-1000.0,5.0,404.59,399.59,2.011,1.985,0.208,4.394,0.327
altai,tugaya_south,field,6.0,12.0,-1000.0,10.0,409.59,399.59,2.396,2.365,0.245,5.207,0.382
altai,tugaya_south,field,6.0,12.0,-1000.0,30.0,429.59,399.59,3.582,3.489,0.425,6.872,0.810
altai,tugaya_south,field,6.0,12.0,-1000.0,50.0,449.59,399.59,4.285,4.182,0.518,7.874,0.934
altai,tugaya_south,field,6.0,12.0,-1000.0,100.0,499.59,399.59,5.232,5.154,0.549,9.612,0.898
altai,tugaya_south,field,6.0,12.0,-1000.0,200.0,599.59,399.59,6.246,6.185,0.499,12.090,0.869
altai,tugaya_south,field,6.0,12.0,-1000.0,300.0,699.59,399.59,6.875,6.824,0.417,14.140,0.831
altai,tugaya_south,field,6.0,12.0,-300.0,1.0,600.65,599.65,1.939,1.918,0.135,3.392,0.284
altai,tugaya_south,field,6.0,12.0,-300.0,1.5,601.15,599.65,2.239,2.214,0.156,3.740,0.330
altai,tugaya_south,field,6.0,12.0,-300.0,2.0,601.65,599.65,2.456,2.429,0.171,4.008,0.363
altai,tugaya_south,field,6.0,12.0,-300.0,3.0,602.65,599.65,2.765,2.735,0.193,4.421,0.410
altai,tugaya_south,field,6.0,12.0,-300.0,5.0,604.65,599.65,3.221,3.185,0.218,5.004,0.482
altai,tugaya_south,field,6.0,12.0,-300.0,10.0,609.65,599.65,4.034,3.994,0.258,5.927,0.565
altai,tugaya_south,field,6.0,12.0,-300.0,30.0,629.65,599.65,5.931,5.902,0.404,7.809,0.583
altai,tugaya_south,field,6.0,12.0,-300.0,50.0,649.65,599.65,6.606,6.582,0.433,8.934,0.561
altai,tugaya_south,field,6.0,12.0,-300.0,100.0,699.65,599.65,7.372,7.346,0.412,10.863,0.615
altai,tugaya_south,field,6.0,12.0,-300.0,200.0,799.65,599.65,7.949,7.919,0.357,13.568,0.697
altai,tugaya_south,field,6.0,12.0,-300.0,300.0,899.65,599.65,8.253,8.221,0.298,15.769,0.721
altai,tugaya_south,field,6.0,12.0,-150.0,1.0,606.52,605.52,2.218,2.215,0.077,3.404,-0.105
altai,tugaya_south,field,6.0,12.0,-150.0,1.5,607.02,605.52,2.536,2.533,0.089,3.753,-0.120
altai,tugaya_south,field,6.0,12.0,-150.0,2.0,607.52,605.52,2.768,2.765,0.097,4.023,-0.131
altai,tugaya_south,field,6.0,12.0,-150.0,3.0,608.52,605.52,3.104,3.100,0.108,4.437,-0.146
altai,tugaya_south,field,6.0,12.0,-150.0,5.0,610.52,605.52,3.534,3.531,0.123,5.021,-0.166
altai,tugaya_south,field,6.0,12.0,-150.0,10.0,615.52,605.52,4.128,4.124,0.144,5.948,-0.194
altai,tugaya_south,field,6.0,12.0,-150.0,30.0,635.52,605.52,5.538,5.537,0.306,7.837,0.063
altai,tugaya_south,field,6.0,12.0,-150.0,50.0,655.52,605.52,6.376,6.372,0.378,8.965,0.234
altai,tugaya_south,field,6.0,12.0,-150.0,100.0,705.52,605.52,7.366,7.350,0.374,10.900,0.483
altai,tugaya_south,field,6.0,12.0,-150.0,200.0,805.52,605.52,8.029,7.999,0.280,13.612,0.686
altai,tugaya_south,field,6.0,12.0,-150.0,300.0,905.52,605.52,8.331,8.299,0.222,15.817,0.732
altai,tugaya_south,field,6.0,12.0,-50.0,1.0,617.38,616.38,2.117,2.113,0.147,3.427,0.134
altai,tugaya_south,field,6.0,12.0,-50.0,1.5,617.88,616.38,2.538,2.533,0.174,3.778,0.160
altai,tugaya_south,field,6.0,12.0,-50.0,2.0,618.38,616.38,2.830,2.825,0.193,4.049,0.177
altai,tugaya_south,field,6.0,12.0,-50.0,3.0,619.38,616.38,3.235,3.229,0.219,4.466,0.202
altai,tugaya_south,field,6.0,12.0,-50.0,5.0,621.38,616.38,3.740,3.733,0.252,5.055,0.232
altai,tugaya_south,field,6.0,12.0,-50.0,10.0,626.38,616.38,4.611,4.606,0.291,5.987,0.211
altai,tugaya_south,field,6.0,12.0,-50.0,30.0,646.38,616.38,6.408,6.405,0.417,7.887,0.175
altai,tugaya_south,field,6.0,12.0,-50.0,50.0,666.38,616.38,6.974,6.962,0.366,9.022,0.406
altai,tugaya_south,field,6.0,12.0,-50.0,100.0,716.38,616.38,7.622,7.595,0.275,10.968,0.641
altai,tugaya_south,field,6.0,12.0,-50.0,200.0,816.38,616.38,8.113,8.077,0.191,13.692,0.757
altai,tugaya_south,field,6.0,12.0,-50.0,300.0,916.38,616.38,8.382,8.347,0.156,15.906,0.766
altai,tugaya_south,field,6.0,12.0,-30.0,1.0,622.78,621.78,3.218,3.215,0.054,3.438,0.140
altai,tugaya_south,field,6.0,12.0,-30.0,1.5,623.28,621.78,3.600,3.597,0.060,3.790,0.157
altai,tugaya_south,field,6.0,12.0,-30.0,2.0,623.78,621.78,3.891,3.887,0.064,4.063,0.169
altai,tugaya_south,field,6.0,12.0,-30.0,3.0,624.78,621.78,4.323,4.319,0.071,4.481,0.188
altai,tugaya_south,field,6.0,12.0,-30.0,5.0,626.78,621.78,4.895,4.890,0.080,5.071,0.213
altai,tugaya_south,field,6.0,12.0,-30.0,10.0,631.78,621.78,5.709,5.704,0.093,6.007,0.246
altai,tugaya_south,field,6.0,12.0,-30.0,30.0,651.78,621.78,6.700,6.689,0.163,7.913,0.382
altai,tugaya_south,field,6.0,12.0,-30.0,50.0,671.78,621.78,7.139,7.119,0.215,9.051,0.526
altai,tugaya_south,field,6.0,12.0,-30.0,100.0,721.78,621.78,7.686,7.655,0.213,11.002,0.694
altai,tugaya_south,field,6.0,12.0,-30.0,200.0,821.78,621.78,8.135,8.098,0.167,13.732,0.774
altai,tugaya_south,field,6.0,12.0,-30.0,300.0,921.78,621.78,8.397,8.362,0.142,15.950,0.773
altai,tugaya_south,field,6.0,12.0,-20.0,1.0,625.35,624.35,3.262,3.257,0.042,3.443,0.189
altai,tugaya_south,field,6.0,12.0,-20.0,1.5,625.85,624.35,3.679,3.673,0.047,3.796,0.214
altai,tugaya_south,field,6.0,12.0,-20.0,2.0,626.35,624.35,3.992,3.985,0.051,4.069,0.232
altai,tugaya_south,field,6.0,12.0,-20.0,3.0,627.35,624.35,4.451,4.444,0.057,4.487,0.259
altai,tugaya_south,field,6.0,12.0,-20.0,5.0,629.35,624.35,5.052,5.043,0.065,5.079,0.295
altai,tugaya_south,field,6.0,12.0,-20.0,10.0,634.35,624.35,5.877,5.867,0.075,6.016,0.342
altai,tugaya_south,field,6.0,12.0,-20.0,30.0,654.35,624.35,6.752,6.735,0.142,7.925,0.470
altai,tugaya_south,field,6.0,12.0,-20.0,50.0,674.35,624.35,7.173,7.149,0.190,9.064,0.587
altai,tugaya_south,field,6.0,12.0,-20.0,100.0,724.35,624.35,7.704,7.670,0.193,11.018,0.722
altai,tugaya_south,field,6.0,12.0,-20.0,200.0,824.35,624.35,8.142,8.105,0.157,13.751,0.783
altai,tugaya_south,field,6.0,12.0,-20.0,300.0,924.35,624.35,8.403,8.367,0.135,15.970,0.776
altai,tugaya_south,field,6.0,12.0,-10.0,1.0,628.04,627.04,3.184,3.175,0.036,3.449,0.235
altai,tugaya_south,field,6.0,12.0,-10.0,1.5,628.54,627.04,3.663,3.653,0.041,3.802,0.271
altai,tugaya_south,field,6.0,12.0,-10.0,2.0,629.04,627.04,4.012,4.001,0.045,4.075,0.298
altai,tugaya_south,field,6.0,12.0,-10.0,3.0,630.04,627.04,4.512,4.499,0.050,4.495,0.335
altai,tugaya_south,field,6.0,12.0,-10.0,5.0,632.04,627.04,5.152,5.137,0.057,5.087,0.383
altai,tugaya_south,field,6.0,12.0,-10.0,10.0,637.04,627.04,5.984,5.968,0.067,6.026,0.443
altai,tugaya_south,field,6.0,12.0,-10.0,30.0,657.04,627.04,6.795,6.772,0.131,7.937,0.553
altai,tugaya_south,field,6.0,12.0,-10.0,50.0,677.04,627.04,7.204,7.175,0.169,9.079,0.645
altai,tugaya_south,field,6.0,12.0,-10.0,100.0,727.04,627.04,7.720,7.684,0.173,11.035,0.750
altai,tugaya_south,field,6.0,12.0,-10.0,200.0,827.04,627.04,8.150,8.111,0.146,13.771,0.792
altai,tugaya_south,field,6.0,12.0,-10.0,300.0,927.04,627.04,8.409,8.373,0.128,15.992,0.780
altai,tugaya_south,field,6.0,12.0,0.0,1.0,630.89,629.89,3.500,3.486,0.033,3.455,0.313
altai,tugaya_south,field,6.0,12.0,0.0,1.5,631.39,629.89,3.924,3.908,0.037,3.809,0.351
altai,tugaya_south,field,6.0,12.0,0.0,2.0,631.89,629.89,4.244,4.226,0.040,4.082,0.380
altai,tugaya_south,field,6.0,12.0,0.0,3.0,632.89,629.89,4.716,4.697,0.044,4.502,0.423
altai,tugaya_south,field,6.0,12.0,0.0,5.0,634.89,629.89,5.336,5.314,0.050,5.096,0.479
altai,tugaya_south,field,6.0,12.0,0.0,10.0,639.89,629.89,6.099,6.075,0.059,6.036,0.542
altai,tugaya_south,field,6.0,12.0,0.0,30.0,659.89,629.89,6.846,6.817,0.118,7.951,0.632
altai,tugaya_south,field,6.0,12.0,0.0,50.0,679.89,629.89,7.237,7.203,0.147,9.094,0.699
altai,tugaya_south,field,6.0,12.0,0.0,100.0,729.89,629.89,7.737,7.698,0.154,11.052,0.775
altai,tugaya_south,field,6.0,12.0,0.0,200.0,829.89,629.89,8.158,8.118,0.136,13.792,0.801
altai,tugaya_south,field,6.0,12.0,0.0,300.0,929.89,629.89,8.416,8.379,0.122,16.016,0.783
altai,tugaya_south,field,6.0,12.0,100.0,1.0,623.03,622.03,2.170,2.134,-0.128,3.438,0.394
altai,tugaya_south,field,6.0,12.0,100.0,1.5,623.53,622.03,2.382,2.342,-0.139,3.791,0.433
altai,tugaya_south,field,6.0,12.0,100.0,2.0,624.03,622.03,2.549,2.506,-0.148,4.063,0.464
altai,tugaya_south,field,6.0,12.0,100.0,3.0,625.03,622.03,2.805,2.758,-0.162,4.481,0.511
altai,tugaya_south,field,6.0,12.0,100.0,5.0,627.03,622.03,3.181,3.128,-0.179,5.072,0.581
altai,tugaya_south,field,6.0,12.0,100.0,10.0,632.03,622.03,4.235,4.160,-0.201,6.008,0.792
altai,tugaya_south,field,6.0,12.0,100.0,30.0,652.03,622.03,6.522,6.423,-0.236,7.914,1.133
altai,tugaya_south,field,6.0,12.0,100.0,50.0,672.03,622.03,7.029,6.947,-0.124,9.052,1.071
altai,tugaya_south,field,6.0,12.0,100.0,100.0,722.03,622.03,7.603,7.541,-0.019,11.003,0.973
altai,tugaya_south,field,6.0,12.0,100.0,200.0,822.03,622.03,8.095,8.047,0.047,13.734,0.883
altai,tugaya_south,field,6.0,12.0,100.0,300.0,922.03,622.03,8.383,8.342,0.064,15.952,0.826
altai,tugaya_south,field,6.0,12.0,300.0,1.0,586.99,585.99,0.829,0.829,-0.040,3.364,-0.007
altai,tugaya_south,field,6.0,12.0,300.0,1.5,587.49,585.99,1.005,1.005,-0.046,3.709,-0.008
altai,tugaya_south,field,6.0,12.0,300.0,2.0,587.99,585.99,1.135,1.135,-0.051,3.975,-0.009
altai,tugaya_south,field,6.0,12.0,300.0,3.0,588.99,585.99,1.326,1.326,-0.057,4.384,-0.009
altai,tugaya_south,field,6.0,12.0,300.0,5.0,590.99,585.99,1.603,1.603,-0.066,4.962,-0.016
altai,tugaya_south,field,6.0,12.0,300.0,10.0,595.99,585.99,2.046,2.046,-0.082,5.878,-0.029
altai,tugaya_south,field,6.0,12.0,300.0,30.0,615.99,585.99,3.757,3.742,-0.160,7.745,0.334
altai,tugaya_south,field,6.0,12.0,300.0,50.0,635.99,585.99,5.249,5.171,-0.200,8.861,0.901
altai,tugaya_south,field,6.0,12.0,300.0,100.0,685.99,585.99,6.775,6.688,-0.104,10.778,1.084
altai,tugaya_south,field,6.0,12.0,300.0,200.0,785.99,585.99,7.767,7.703,-0.031,13.467,0.994
altai,tugaya_south,field,6.0,12.0,300.0,300.0,885.99,585.99,8.207,8.157,-0.011,15.658,0.907
askarovo,biyagoda_west,field,6.0,12.0,-3000.0,1.0,541.57,540.57,0.755,0.755,-0.044,3.258,-0.012
askarovo,biyagoda_west,field,6.0,12.0,-3000.0,1.5,542.07,540.57,1.103,1.103,-0.056,3.592,-0.016
askarovo,biyagoda_west,field,6.0,12.0,-3000.0,2.0,542.57,540.57,1.334,1.334,-0.063,3.851,-0.019
askarovo,biyagoda_west,field,6.0,12.0,-3000.0,3.0,543.57,540.57,1.648,1.647,-0.074,4.247,-0.022
askarovo,biyagoda_west,field,6.0,12.0,-3000.0,5.0,545.57,540.57,2.036,2.035,-0.086,4.807,-0.027
askarovo,biyagoda_west,field,6.0,12.0,-3000.0,10.0,550.57,540.57,2.570,2.569,-0.102,5.695,-0.030
askarovo,biyagoda_west,field,6.0,12.0,-3000.0,30.0,570.57,540.57,3.827,3.827,-0.133,7.507,0.009
askarovo,biyagoda_west,field,6.0,12.0,-3000.0,50.0,590.57,540.57,5.091,5.090,-0.188,8.592,0.084
askarovo,biyagoda_west,field,6.0,12.0,-3000.0,100.0,640.57,540.57,7.482,7.478,-0.307,10.459,0.225
askarovo,biyagoda_west,field,6.0,12.0,-3000.0,200.0,740.57,540.57,9.453,9.448,-0.325,13.091,0.291
askarovo,biyagoda_west,field,6.0,12.0,-3000.0,300.0,840.57,540.57,10.233,10.228,-0.294,15.244,0.296
askarovo,biyagoda_west,field,6.0,12.0,-1000.0,1.0,465.68,464.68,1.924,1.923,-0.005,3.101,-0.061
askarovo,biyagoda_west,field,6.0,12.0,-1000.0,1.5,466.18,464.68,2.263,2.262,-0.006,3.419,-0.072
askarovo,biyagoda_west,field,6.0,12.0,-1000.0,2.0,466.68,464.68,2.510,2.508,-0.006,3.665,-0.080
askarovo,biyagoda_west,field,6.0,12.0,-1000.0,3.0,467.68,464.68,2.863,2.861,-0.006,4.042,-0.091
askarovo,biyagoda_west,field,6.0,12.0,-1000.0,5.0,469.68,464.68,3.320,3.318,-0.007,4.575,-0.106
askarovo,biyagoda_west,field,6.0,12.0,-1000.0,10.0,474.68,464.68,3.977,3.975,-0.007,5.422,-0.128
askarovo,biyagoda_west,field,6.0,12.0,-1000.0,30.0,494.68,464.68,5.115,5.113,-0.007,7.151,-0.140
askarovo,biyagoda_west,field,6.0,12.0,-1000.0,50.0,514.68,464.68,5.728,5.727,-0.003,8.190,-0.091
askarovo,biyagoda_west,field,6.0,12.0,-1000.0,100.0,564.68,464.68,6.743,6.743,0.007,9.985,0.030
askarovo,biyagoda_west,field,6.0,12.0,-1000.0,200.0,664.68,464.68,8.001,7.999,0.033,12.531,0.167
askarovo,biyagoda_west,field,6.0,12.0,-1000.0,300.0,764.68,464.68,8.876,8.872,0.061,14.626,0.235
askarovo,biyagoda_west,field,6.0,12.0,-300.0,1.0,503.94,502.94,0.859,0.843,0.226,3.180,0.163
askarovo,biyagoda_west,field,6.0,12.0,-300.0,1.5,504.44,502.94,1.013,0.994,0.267,3.507,0.192
askarovo,biyagoda_west,field,6.0,12.0,-300.0,2.0,504.94,502.94,1.121,1.101,0.295,3.758,0.212
askarovo,biyagoda_west,field,6.0,12.0,-300.0,3.0,505.94,502.94,1.274,1.251,0.335,4.145,0.241
askarovo,biyagoda_west,field,6.0,12.0,-300.0,5.0,507.94,502.94,1.466,1.439,0.386,4.692,0.278
askarovo,biyagoda_west,field,6.0,12.0,-300.0,10.0,512.94,502.94,1.737,1.705,0.454,5.559,0.332
askarovo,biyagoda_west,field,6.0,12.0,-300.0,30.0,532.94,502.94,4.255,4.171,0.770,7.330,0.845
askarovo,biyagoda_west,field,6.0,12.0,-300.0,50.0,552.94,502.94,5.421,5.348,0.821,8.392,0.886
askarovo,biyagoda_west,field,6.0,12.0,-300.0,100.0,602.94,502.94,6.751,6.715,0.809,10.224,0.695
askarovo,biyagoda_west,field,6.0,12.0,-300.0,200.0,702.94,502.94,8.403,8.384,0.768,12.813,0.574
askarovo,biyagoda_west,field,6.0,12.0,-300.0,300.0,802.94,502.94,9.420,9.406,0.640,14.937,0.512
askarovo,biyagoda_west,field,6.0,12.0,-150.0,1.0,560.82,559.82,1.392,1.363,0.398,3.298,0.282
askarovo,biyagoda_west,field,6.0,12.0,-150.0,1.5,561.32,559.82,1.652,1.618,0.474,3.636,0.334
askarovo,biyagoda_west,field,6.0,12.0,-150.0,2.0,561.82,559.82,1.834,1.796,0.528,3.898,0.369
askarovo,biyagoda_west,field,6.0,12.0,-150.0,3.0,562.82,559.82,2.087,2.044,0.602,4.299,0.419
askarovo,biyagoda_west,field,6.0,12.0,-150.0,5.0,564.82,559.82,2.388,2.343,0.673,4.865,0.462
askarovo,biyagoda_west,field,6.0,12.0,-150.0,10.0,569.82,559.82,2.949,2.899,0.804,5.764,0.541
askarovo,biyagoda_west,field,6.0,12.0,-150.0,30.0,589.82,559.82,4.998,4.930,1.334,7.597,0.821
askarovo,biyagoda_west,field,6.0,12.0,-150.0,50.0,609.82,559.82,6.296,6.237,1.548,8.694,0.863
askarovo,biyagoda_west,field,6.0,12.0,-150.0,100.0,659.82,559.82,8.003,7.971,1.434,10.580,0.718
askarovo,biyagoda_west,field,6.0,12.0,-150.0,200.0,759.82,559.82,9.495,9.477,0.937,13.233,0.579
askarovo,biyagoda_west,field,6.0,12.0,-150.0,300.0,859.82,559.82,10.194,10.181,0.624,15.400,0.512
askarovo,biyagoda_west,field,6.0,12.0,-50.0,1.0,613.83,612.83,2.441,2.439,0.404,3.408,0.097
askarovo,biyagoda_west,field,6.0,12.0,-50.0,1.5,614.33,612.83,2.810,2.808,0.463,3.757,0.112
askarovo,biyagoda_west,field,6.0,12.0,-50.0,2.0,614.83,612.83,3.080,3.077,0.506,4.027,0.124
askarovo,biyagoda_west,field,6.0,12.0,-50.0,3.0,615.83,612.83,3.469,3.466,0.567,4.442,0.140
askarovo,biyagoda_west,field,6.0,12.0,-50.0,5.0,617.83,612.83,3.969,3.966,0.647,5.027,0.161
askarovo,biyagoda_west,field,6.0,12.0,-50.0,10.0,622.83,612.83,4.683,4.679,0.756,5.955,0.183
askarovo,biyagoda_west,field,6.0,12.0,-50.0,30.0,642.83,612.83,7.305,7.282,1.275,7.845,0.584
askarovo,biyagoda_west,field,6.0,12.0,-50.0,50.0,662.83,612.83,8.563,8.542,1.483,8.974,0.603
askarovo,biyagoda_west,field,6.0,12.0,-50.0,100.0,712.83,612.83,9.646,9.631,1.167,10.911,0.539
askarovo,biyagoda_west,field,6.0,12.0,-50.0,200.0,812.83,612.83,10.280,10.267,0.656,13.625,0.509
askarovo,biyagoda_west,field,6.0,12.0,-50.0,300.0,912.83,612.83,10.664,10.654,0.440,15.832,0.472
askarovo,biyagoda_west,field,6.0,12.0,-30.0,1.0,623.54,622.54,2.998,2.997,0.367,3.428,0.096
askarovo,biyagoda_west,field,6.0,12.0,-30.0,1.5,624.04,622.54,3.404,3.402,0.417,3.780,0.108
askarovo,biyagoda_west,field,6.0,12.0,-30.0,2.0,624.54,622.54,3.705,3.704,0.455,4.051,0.117
askarovo,biyagoda_west,field,6.0,12.0,-30.0,3.0,625.54,622.54,4.144,4.142,0.509,4.468,0.129
askarovo,biyagoda_west,field,6.0,12.0,-30.0,5.0,627.54,622.54,4.713,4.711,0.579,5.057,0.145
askarovo,biyagoda_west,field,6.0,12.0,-30.0,10.0,632.54,622.54,5.513,5.510,0.677,5.990,0.165
askarovo,biyagoda_west,field,6.0,12.0,-30.0,30.0,652.54,622.54,7.749,7.734,1.137,7.891,0.472
askarovo,biyagoda_west,field,6.0,12.0,-30.0,50.0,672.54,622.54,8.955,8.939,1.354,9.026,0.533
askarovo,biyagoda_west,field,6.0,12.0,-30.0,100.0,722.54,622.54,9.882,9.868,1.039,10.972,0.513
askarovo,biyagoda_west,field,6.0,12.0,-30.0,200.0,822.54,622.54,10.385,10.373,0.588,13.697,0.498
askarovo,biyagoda_west,field,6.0,12.0,-30.0,300.0,922.54,622.54,10.732,10.722,0.402,15.911,0.465
askarovo,biyagoda_west,field,6.0,12.0,-20.0,1.0,628.01,627.01,3.063,3.062,0.447,3.437,0.078
askarovo,biyagoda_west,field,6.0,12.0,-20.0,1.5,628.51,627.01,3.453,3.452,0.494,3.790,0.082
askarovo,biyagoda_west,field,6.0,12.0,-20.0,2.0,629.01,627.01,3.744,3.743,0.528,4.062,0.084
askarovo,biyagoda_west,field,6.0,12.0,-20.0,3.0,630.01,627.01,4.171,4.170,0.580,4.480,0.088
askarovo,biyagoda_west,field,6.0,12.0,-20.0,5.0,632.01,627.01,4.737,4.736,0.648,5.070,0.093
askarovo,biyagoda_west,field,6.0,12.0,-20.0,10.0,637.01,627.01,5.563,5.562,0.747,6.006,0.103
askarovo,biyagoda_west,field,6.0,12.0,-20.0,30.0,657.01,627.01,8.119,8.106,1.224,7.912,0.452
askarovo,biyagoda_west,field,6.0,12.0,-20.0,50.0,677.01,627.01,9.174,9.160,1.312,9.049,0.510
askarovo,biyagoda_west,field,6.0,12.0,-20.0,100.0,727.01,627.01,9.979,9.966,0.959,11.000,0.502
askarovo,biyagoda_west,field,6.0,12.0,-20.0,200.0,827.01,627.01,10.426,10.414,0.550,13.730,0.492
askarovo,biyagoda_west,field,6.0,12.0,-20.0,300.0,927.01,627.01,10.760,10.750,0.383,15.948,0.461
askarovo,biyagoda_west,field,6.0,12.0,-10.0,1.0,632.26,631.26,3.018,3.017,0.519,3.446,0.079
askarovo,biyagoda_west,field,6.0,12.0,-10.0,1.5,632.76,631.26,3.425,3.424,0.565,3.800,0.077
askarovo,biyagoda_west,field,6.0,12.0,-10.0,2.0,633.26,631.26,3.723,3.722,0.598,4.072,0.076
askarovo,biyagoda_west,field,6.0,12.0,-10.0,3.0,634.26,631.26,4.161,4.160,0.648,4.491,0.074
askarovo,biyagoda_west,field,6.0,12.0,-10.0,5.0,636.26,631.26,4.747,4.746,0.714,5.083,0.071
askarovo,biyagoda_west,field,6.0,12.0,-10.0,10.0,641.26,631.26,5.666,5.666,0.818,6.021,0.085
askarovo,biyagoda_west,field,6.0,12.0,-10.0,30.0,661.26,631.26,8.531,8.520,1.281,7.931,0.446
askarovo,biyagoda_west,field,6.0,12.0,-10.0,50.0,681.26,631.26,9.385,9.372,1.233,9.072,0.484
askarovo,biyagoda_west,field,6.0,12.0,-10.0,100.0,731.26,631.26,10.063,10.051,0.871,11.027,0.490
askarovo,biyagoda_west,field,6.0,12.0,-10.0,200.0,831.26,631.26,10.462,10.451,0.513,13.761,0.486
askarovo,biyagoda_west,field,6.0,12.0,-10.0,300.0,931.26,631.26,10.786,10.776,0.364,15.982,0.457
askarovo,biyagoda_west,field,6.0,12.0,0.0,1.0,636.37,635.37,3.351,3.350,0.578,3.455,0.091
askarovo,biyagoda_west,field,6.0,12.0,0.0,1.5,636.87,635.37,3.705,3.703,0.612,3.809,0.088
askarovo,biyagoda_west,field,6.0,12.0,0.0,2.0,637.37,635.37,3.978,3.977,0.639,4.082,0.085
askarovo,biyagoda_west,field,6.0,12.0,0.0,3.0,638.37,635.37,4.395,4.394,0.680,4.502,0.081
askarovo,biyagoda_west,field,6.0,12.0,0.0,5.0,640.37,635.37,4.983,4.983,0.738,5.096,0.077
askarovo,biyagoda_west,field,6.0,12.0,0.0,10.0,645.37,635.37,5.991,5.990,0.840,6.036,0.104
askarovo,biyagoda_west,field,6.0,12.0,0.0,30.0,665.37,635.37,8.918,8.907,1.248,7.951,0.442
askarovo,biyagoda_west,field,6.0,12.0,0.0,50.0,685.37,635.37,9.582,9.571,1.116,9.094,0.458
askarovo,biyagoda_west,field,6.0,12.0,0.0,100.0,735.37,635.37,10.140,10.128,0.784,11.052,0.480
askarovo,biyagoda_west,field,6.0,12.0,0.0,200.0,835.37,635.37,10.496,10.485,0.478,13.792,0.481
askarovo,biyagoda_west,field,6.0,12.0,0.0,300.0,935.37,635.37,10.810,10.801,0.345,16.016,0.453
askarovo,biyagoda_west,field,6.0,12.0,100.0,1.0,637.81,636.81,2.382,2.373,-0.130,3.458,0.203
askarovo,biyagoda_west,field,6.0,12.0,100.0,1.5,638.31,636.81,2.670,2.660,-0.144,3.812,0.226
askarovo,biyagoda_west,field,6.0,12.0,100.0,2.0,638.81,636.81,2.890,2.880,-0.155,4.086,0.244
askarovo,biyagoda_west,field,6.0,12.0,100.0,3.0,639.81,636.81,3.218,3.207,-0.171,4.506,0.271
askarovo,biyagoda_west,field,6.0,12.0,100.0,5.0,641.81,636.81,3.719,3.707,-0.189,5.100,0.302
askarovo,biyagoda_west,field,6.0,12.0,100.0,10.0,646.81,636.81,4.958,4.946,-0.208,6.041,0.346
askarovo,biyagoda_west,field,6.0,12.0,100.0,30.0,666.81,636.81,8.585,8.575,-0.258,7.958,0.420
askarovo,biyagoda_west,field,6.0,12.0,100.0,50.0,686.81,636.81,9.446,9.437,-0.110,9.101,0.414
askarovo,biyagoda_west,field,6.0,12.0,100.0,100.0,736.81,636.81,10.160,10.151,0.091,11.061,0.425
askarovo,biyagoda_west,field,6.0,12.0,100.0,200.0,836.81,636.81,10.571,10.562,0.193,13.802,0.437
askarovo,biyagoda_west,field,6.0,12.0,100.0,300.0,936.81,636.81,10.871,10.863,0.194,16.027,0.424
askarovo,biyagoda_west,field,6.0,12.0,300.0,1.0,561.70,560.70,1.025,-1.020,0.068,3.300,-0.101
askarovo,biyagoda_west,field,6.0,12.0,300.0,1.5,562.20,560.70,1.005,-0.997,0.085,3.638,-0.126
askarovo,biyagoda_west,field,6.0,12.0,300.0,2.0,562.70,560.70,0.987,-0.976,0.096,3.900,-0.143
askarovo,biyagoda_west,field,6.0,12.0,300.0,3.0,563.70,560.70,0.924,-0.911,0.102,4.301,-0.155
askarovo,biyagoda_west,field,6.0,12.0,300.0,5.0,565.70,560.70,0.753,-0.737,0.096,4.868,-0.153
askarovo,biyagoda_west,field,6.0,12.0,300.0,10.0,570.70,560.70,0.358,-0.328,0.080,5.767,-0.145
askarovo,biyagoda_west,field,6.0,12.0,300.0,30.0,590.70,560.70,1.240,1.237,-0.011,7.601,-0.088
askarovo,biyagoda_west,field,6.0,12.0,300.0,50.0,610.70,560.70,3.187,3.186,-0.254,8.698,0.086
askarovo,biyagoda_west,field,6.0,12.0,300.0,100.0,660.70,560.70,7.159,7.151,-0.457,10.585,0.338
askarovo,biyagoda_west,field,6.0,12.0,300.0,200.0,760.70,560.70,9.649,9.642,-0.261,13.240,0.363
askarovo,biyagoda_west,field,6.0,12.0,300.0,300.0,860.70,560.70,10.381,10.375,-0.111,15.408,0.364
askarovo,biyagoda_east,field,6.0,12.0,-3000.0,1.0,506.24,505.24,2.443,2.443,0.003,3.182,-0.048
askarovo,biyagoda_east,field,6.0,12.0,-3000.0,1.5,506.74,505.24,2.872,2.872,0.004,3.508,-0.057
askarovo,biyagoda_east,field,6.0,12.0,-3000.0,2.0,507.24,505.24,3.177,3.176,0.004,3.760,-0.063
askarovo,biyagoda_east,field,6.0,12.0,-3000.0,3.0,508.24,505.24,3.606,3.606,0.004,4.147,-0.071
askarovo,biyagoda_east,field,6.0,12.0,-3000.0,5.0,510.24,505.24,4.148,4.147,0.005,4.694,-0.082
askarovo,biyagoda_east,field,6.0,12.0,-3000.0,10.0,515.24,505.24,4.883,4.883,0.006,5.562,-0.097
askarovo,biyagoda_east,field,6.0,12.0,-3000.0,30.0,535.24,505.24,6.124,6.123,0.012,7.333,-0.109
askarovo,biyagoda_east,field,6.0,12.0,-3000.0,50.0,555.24,505.24,6.911,6.910,0.022,8.396,-0.103
askarovo,biyagoda_east,field,6.0,12.0,-3000.0,100.0,605.24,505.24,7.798,7.798,0.050,10.228,-0.087
askarovo,biyagoda_east,field,6.0,12.0,-3000.0,200.0,705.24,505.24,8.300,8.300,0.078,12.818,-0.066
askarovo,biyagoda_east,field,6.0,12.0,-3000.0,300.0,805.24,505.24,8.527,8.527,0.081,14.942,-0.054
askarovo,biyagoda_east,field,6.0,12.0,-1000.0,1.0,490.97,489.97,1.922,1.922,-0.019,3.150,0.012
askarovo,biyagoda_east,field,6.0,12.0,-1000.0,1.5,491.47,489.97,2.231,2.231,-0.022,3.473,0.011
askarovo,biyagoda_east,field,6.0,12.0,-1000.0,2.0,491.97,489.97,2.456,2.456,-0.023,3.723,0.010
askarovo,biyagoda_east,field,6.0,12.0,-1000.0,3.0,492.97,489.97,2.779,2.779,-0.026,4.106,0.008
askarovo,biyagoda_east,field,6.0,12.0,-1000.0,5.0,494.97,489.97,3.199,3.199,-0.029,4.647,0.005
askarovo,biyagoda_east,field,6.0,12.0,-1000.0,10.0,499.97,489.97,3.798,3.798,-0.033,5.507,-0.001
askarovo,biyagoda_east,field,6.0,12.0,-1000.0,30.0,519.97,489.97,4.861,4.861,-0.052,7.262,-0.016
askarovo,biyagoda_east,field,6.0,12.0,-1000.0,50.0,539.97,489.97,5.552,5.552,-0.078,8.315,-0.017
askarovo,biyagoda_east,field,6.0,12.0,-1000.0,100.0,589.97,489.97,6.634,6.634,-0.084,10.132,-0.022
askarovo,biyagoda_east,field,6.0,12.0,-1000.0,200.0,689.97,489.97,7.667,7.667,-0.026,12.705,-0.018
askarovo,biyagoda_east,field,6.0,12.0,-1000.0,300.0,789.97,489.97,8.157,8.157,0.018,14.818,-0.013
askarovo,biyagoda_east,field,6.0,12.0,-300.0,1.0,556.31,555.31,1.837,1.837,0.188,3.285,-0.021
askarovo,biyagoda_east,field,6.0,12.0,-300.0,1.5,556.81,555.31,2.126,2.126,0.214,3.622,-0.022
askarovo,biyagoda_east,field,6.0,12.0,-300.0,2.0,557.31,555.31,2.337,2.337,0.232,3.883,-0.023
askarovo,biyagoda_east,field,6.0,12.0,-300.0,3.0,558.31,555.31,2.639,2.639,0.259,4.282,-0.024
askarovo,biyagoda_east,field,6.0,12.0,-300.0,5.0,560.31,555.31,3.030,3.030,0.294,4.847,-0.025
askarovo,biyagoda_east,field,6.0,12.0,-300.0,10.0,565.31,555.31,3.585,3.585,0.345,5.742,-0.025
askarovo,biyagoda_east,field,6.0,12.0,-300.0,30.0,585.31,555.31,5.682,5.681,0.533,7.568,0.095
askarovo,biyagoda_east,field,6.0,12.0,-300.0,50.0,605.31,555.31,6.383,6.383,0.603,8.661,0.073
askarovo,biyagoda_east,field,6.0,12.0,-300.0,100.0,655.31,555.31,7.248,7.248,0.636,10.541,-0.026
askarovo,biyagoda_east,field,6.0,12.0,-300.0,200.0,755.31,555.31,8.130,8.129,0.548,13.188,-0.080
askarovo,biyagoda_east,field,6.0,12.0,-300.0,300.0,855.31,555.31,8.559,8.558,0.422,15.350,-0.068
askarovo,biyagoda_east,field,6.0,12.0,-150.0,1.0,592.65,591.65,2.109,2.108,0.338,3.361,0.064
askarovo,biyagoda_east,field,6.0,12.0,-150.0,1.5,593.15,591.65,2.408,2.407,0.385,3.705,0.072
askarovo,biyagoda_east,field,6.0,12.0,-150.0,2.0,593.65,591.65,2.629,2.628,0.420,3.971,0.077
askarovo,biyagoda_east,field,6.0,12.0,-150.0,3.0,594.65,591.65,2.929,2.929,0.453,4.380,0.060
askarovo,biyagoda_east,field,6.0,12.0,-150.0,5.0,596.65,591.65,3.358,3.358,0.500,4.957,0.028
askarovo,biyagoda_east,field,6.0,12.0,-150.0,10.0,601.65,591.65,4.087,4.086,0.581,5.873,-0.037
askarovo,biyagoda_east,field,6.0,12.0,-150.0,30.0,621.65,591.65,6.042,6.037,0.855,7.738,-0.261
askarovo,biyagoda_east,field,6.0,12.0,-150.0,50.0,641.65,591.65,6.939,6.930,0.942,8.853,-0.357
askarovo,biyagoda_east,field,6.0,12.0,-150.0,100.0,691.65,591.65,7.935,7.928,0.827,10.769,-0.340
askarovo,biyagoda_east,field,6.0,12.0,-150.0,200.0,791.65,591.65,8.640,8.637,0.546,13.456,-0.197
askarovo,biyagoda_east,field,6.0,12.0,-150.0,300.0,891.65,591.65,8.889,8.889,0.372,15.646,-0.115
askarovo,biyagoda_east,field,6.0,12.0,-50.0,1.0,623.21,622.21,2.362,2.334,0.545,3.424,-0.365
askarovo,biyagoda_east,field,6.0,12.0,-50.0,1.5,623.71,622.21,2.599,2.565,0.587,3.775,-0.419
askarovo,biyagoda_east,field,6.0,12.0,-50.0,2.0,624.21,622.21,2.786,2.747,0.620,4.046,-0.461
askarovo,biyagoda_east,field,6.0,12.0,-50.0,3.0,625.21,622.21,3.076,3.031,0.671,4.462,-0.526
askarovo,biyagoda_east,field,6.0,12.0,-50.0,5.0,627.21,622.21,3.494,3.440,0.744,5.051,-0.614
askarovo,biyagoda_east,field,6.0,12.0,-50.0,10.0,632.21,622.21,4.254,4.200,0.853,5.983,-0.673
askarovo,biyagoda_east,field,6.0,12.0,-50.0,30.0,652.21,622.21,7.002,6.966,1.163,7.881,-0.708
askarovo,biyagoda_east,field,6.0,12.0,-50.0,50.0,672.21,622.21,8.074,8.049,1.065,9.015,-0.629
askarovo,biyagoda_east,field,6.0,12.0,-50.0,100.0,722.21,622.21,8.709,8.697,0.670,10.960,-0.448
askarovo,biyagoda_east,field,6.0,12.0,-50.0,200.0,822.21,622.21,8.982,8.979,0.377,13.682,-0.216
askarovo,biyagoda_east,field,6.0,12.0,-50.0,300.0,922.21,622.21,9.075,9.074,0.258,15.895,-0.117
askarovo,biyagoda_east,field,6.0,12.0,-30.0,1.0,629.36,628.36,2.087,2.020,0.536,3.437,-0.526
askarovo,biyagoda_east,field,6.0,12.0,-30.0,1.5,629.86,628.36,2.321,2.245,0.594,3.789,-0.589
askarovo,biyagoda_east,field,6.0,12.0,-30.0,2.0,630.36,628.36,2.502,2.419,0.639,4.061,-0.638
askarovo,biyagoda_east,field,6.0,12.0,-30.0,3.0,631.36,628.36,2.774,2.681,0.706,4.479,-0.712
askarovo,biyagoda_east,field,6.0,12.0,-30.0,5.0,633.36,628.36,3.140,3.045,0.787,5.069,-0.765
askarovo,biyagoda_east,field,6.0,12.0,-30.0,10.0,638.36,628.36,3.906,3.836,0.897,6.005,-0.736
askarovo,biyagoda_east,field,6.0,12.0,-30.0,30.0,658.36,628.36,7.551,7.526,1.285,7.910,-0.617
askarovo,biyagoda_east,field,6.0,12.0,-30.0,50.0,678.36,628.36,8.377,8.357,1.041,9.048,-0.585
askarovo,biyagoda_east,field,6.0,12.0,-30.0,100.0,728.36,628.36,8.847,8.836,0.593,10.998,-0.436
askarovo,biyagoda_east,field,6.0,12.0,-30.0,200.0,828.36,628.36,9.034,9.032,0.332,13.728,-0.212
askarovo,biyagoda_east,field,6.0,12.0,-30.0,300.0,928.36,628.36,9.103,9.102,0.232,15.945,-0.115
askarovo,biyagoda_east,field,6.0,12.0,-20.0,1.0,632.34,631.34,2.196,2.129,0.487,3.443,-0.540
askarovo,biyagoda_east,field,6.0,12.0,-20.0,1.5,632.84,631.34,2.461,2.385,0.545,3.796,-0.605
askarovo,biyagoda_east,field,6.0,12.0,-20.0,2.0,633.34,631.34,2.663,2.581,0.589,4.069,-0.655
askarovo,biyagoda_east,field,6.0,12.0,-20.0,3.0,634.34,631.34,2.964,2.873,0.654,4.487,-0.729
askarovo,biyagoda_east,field,6.0,12.0,-20.0,5.0,636.34,631.34,3.361,3.272,0.727,5.078,-0.766
askarovo,biyagoda_east,field,6.0,12.0,-20.0,10.0,641.34,631.34,4.202,4.139,0.830,6.016,-0.725
askarovo,biyagoda_east,field,6.0,12.0,-20.0,30.0,661.34,631.34,7.918,7.895,1.207,7.924,-0.591
askarovo,biyagoda_east,field,6.0,12.0,-20.0,50.0,681.34,631.34,8.501,8.482,0.929,9.064,-0.573
askarovo,biyagoda_east,field,6.0,12.0,-20.0,100.0,731.34,631.34,8.901,8.891,0.535,11.017,-0.426
askarovo,biyagoda_east,field,6.0,12.0,-20.0,200.0,831.34,631.34,9.055,9.053,0.308,13.750,-0.208
askarovo,biyagoda_east,field,6.0,12.0,-20.0,300.0,931.34,631.34,9.115,9.114,0.219,15.969,-0.113
askarovo,biyagoda_east,field,6.0,12.0,-10.0,1.0,635.22,634.22,2.725,2.675,0.416,3.449,-0.521
askarovo,biyagoda_east,field,6.0,12.0,-10.0,1.5,635.72,634.22,3.007,2.952,0.457,3.803,-0.574
askarovo,biyagoda_east,field,6.0,12.0,-10.0,2.0,636.22,634.22,3.228,3.169,0.490,4.076,-0.615
askarovo,biyagoda_east,field,6.0,12.0,-10.0,3.0,637.22,634.22,3.563,3.498,0.539,4.495,-0.678
askarovo,biyagoda_east,field,6.0,12.0,-10.0,5.0,639.22,634.22,4.024,3.963,0.591,5.087,-0.696
askarovo,biyagoda_east,field,6.0,12.0,-10.0,10.0,644.22,634.22,4.959,4.912,0.675,6.026,-0.678
askarovo,biyagoda_east,field,6.0,12.0,-10.0,30.0,664.22,634.22,8.164,8.143,0.971,7.938,-0.588
askarovo,biyagoda_east,field,6.0,12.0,-10.0,50.0,684.22,634.22,8.604,8.586,0.748,9.079,-0.563
askarovo,biyagoda_east,field,6.0,12.0,-10.0,100.0,734.22,634.22,8.944,8.935,0.463,11.035,-0.412
askarovo,biyagoda_east,field,6.0,12.0,-10.0,200.0,834.22,634.22,9.073,9.071,0.281,13.771,-0.203
askarovo,biyagoda_east,field,6.0,12.0,-10.0,300.0,934.22,634.22,9.125,9.124,0.204,15.993,-0.111
askarovo,biyagoda_east,field,6.0,12.0,0.0,1.0,638.03,637.03,3.266,3.231,0.326,3.455,-0.479
askarovo,biyagoda_east,field,6.0,12.0,0.0,1.5,638.53,637.03,3.571,3.532,0.355,3.809,-0.523
askarovo,biyagoda_east,field,6.0,12.0,0.0,2.0,639.03,637.03,3.812,3.772,0.378,4.082,-0.558
askarovo,biyagoda_east,field,6.0,12.0,0.0,3.0,640.03,637.03,4.185,4.140,0.413,4.502,-0.611
askarovo,biyagoda_east,field,6.0,12.0,0.0,5.0,642.03,637.03,4.708,4.667,0.449,5.096,-0.623
askarovo,biyagoda_east,field,6.0,12.0,0.0,10.0,647.03,637.03,5.697,5.662,0.514,6.036,-0.628
askarovo,biyagoda_east,field,6.0,12.0,0.0,30.0,667.03,637.03,8.327,8.307,0.731,7.951,-0.579
askarovo,biyagoda_east,field,6.0,12.0,0.0,50.0,687.03,637.03,8.694,8.676,0.583,9.094,-0.551
askarovo,biyagoda_east,field,6.0,12.0,0.0,100.0,737.03,637.03,8.985,8.976,0.396,11.052,-0.399
askarovo,biyagoda_east,field,6.0,12.0,0.0,200.0,837.03,637.03,9.090,9.087,0.256,13.792,-0.198
askarovo,biyagoda_east,field,6.0,12.0,0.0,300.0,937.03,637.03,9.135,9.134,0.190,16.016,-0.109
askarovo,biyagoda_east,field,6.0,12.0,100.0,1.0,639.70,638.70,2.165,2.163,-0.133,3.458,-0.085
askarovo,biyagoda_east,field,6.0,12.0,100.0,1.5,640.20,638.70,2.527,2.525,-0.154,3.813,-0.099
askarovo,biyagoda_east,field,6.0,12.0,100.0,2.0,640.70,638.70,2.787,2.785,-0.169,4.087,-0.110
askarovo,biyagoda_east,field,6.0,12.0,100.0,3.0,641.70,638.70,3.157,3.155,-0.189,4.507,-0.124
askarovo,biyagoda_east,field,6.0,12.0,100.0,5.0,643.70,638.70,3.657,3.654,-0.214,5.101,-0.139
askarovo,biyagoda_east,field,6.0,12.0,100.0,10.0,648.70,638.70,4.518,4.516,-0.247,6.042,-0.149
askarovo,biyagoda_east,field,6.0,12.0,100.0,30.0,668.70,638.70,7.981,7.979,-0.370,7.959,-0.205
askarovo,biyagoda_east,field,6.0,12.0,100.0,50.0,688.70,638.70,8.658,8.654,-0.283,9.103,-0.281
askarovo,biyagoda_east,field,6.0,12.0,100.0,100.0,738.70,638.70,9.042,9.038,-0.115,11.063,-0.275
askarovo,biyagoda_east,field,6.0,12.0,100.0,200.0,838.70,638.70,9.155,9.153,0.022,13.804,-0.164
askarovo,biyagoda_east,field,6.0,12.0,100.0,300.0,938.70,638.70,9.184,9.183,0.059,16.029,-0.096
askarovo,biyagoda_east,field,6.0,12.0,300.0,1.0,547.26,546.26,0.867,-0.854,0.023,3.267,0.150
askarovo,biyagoda_east,field,6.0,12.0,300.0,1.5,547.76,546.26,0.812,-0.788,0.030,3.602,0.196
askarovo,biyagoda_east,field,6.0,12.0,300.0,2.0,548.26,546.26,0.775,-0.741,0.034,3.860,0.226
askarovo,biyagoda_east,field,6.0,12.0,300.0,3.0,549.26,546.26,0.722,-0.672,0.039,4.258,0.264
askarovo,biyagoda_east,field,6.0,12.0,300.0,5.0,551.26,546.26,0.634,-0.555,0.040,4.819,0.306
askarovo,biyagoda_east,field,6.0,12.0,300.0,10.0,556.26,546.26,0.465,-0.278,0.027,5.709,0.373
askarovo,biyagoda_east,field,6.0,12.0,300.0,30.0,576.26,546.26,1.240,1.093,-0.136,7.525,0.585
askarovo,biyagoda_east,field,6.0,12.0,300.0,50.0,596.26,546.26,2.740,2.683,-0.421,8.613,0.555
askarovo,biyagoda_east,field,6.0,12.0,300.0,100.0,646.26,546.26,6.134,6.129,-0.810,10.485,0.245
askarovo,biyagoda_east,field,6.0,12.0,300.0,200.0,746.26,546.26,8.530,8.530,-0.530,13.121,-0.031
askarovo,biyagoda_east,field,6.0,12.0,300.0,300.0,846.26,546.26,8.942,8.941,-0.291,15.276,-0.051
askarovo,biyagoda_south_west,field,6.0,12.0,-3000.0,1.0,426.01,425.01,1.883,1.875,-0.006,2.827,0.180
askarovo,biyagoda_south_west,field,6.0,12.0,-3000.0,1.5,426.51,425.01,2.221,2.211,-0.007,3.117,0.211
askarovo,biyagoda_south_west,field,6.0,12.0,-3000.0,2.0,427.01,425.01,2.349,2.340,-0.007,3.341,0.213
askarovo,biyagoda_south_west,field,6.0,12.0,-3000.0,3.0,428.01,425.01,2.526,2.517,-0.008,3.685,0.213
askarovo,biyagoda_south_west,field,6.0,12.0,-3000.0,5.0,430.01,425.01,2.756,2.748,-0.009,4.172,0.211
askarovo,biyagoda_south_west,field,6.0,12.0,-3000.0,10.0,435.01,425.01,3.107,3.100,-0.010,4.945,0.201
askarovo,biyagoda_south_west,field,6.0,12.0,-3000.0,30.0,455.01,425.01,3.881,3.878,-0.014,6.530,0.139
askarovo,biyagoda_south_west,field,6.0,12.0,-3000.0,50.0,475.01,425.01,4.430,4.430,-0.018,7.488,0.059
askarovo,biyagoda_south_west,field,6.0,12.0,-3000.0,100.0,525.01,425.01,5.044,5.044,-0.028,9.156,-0.005
askarovo,biyagoda_south_west,field,6.0,12.0,-3000.0,200.0,625.01,425.01,5.762,5.762,-0.042,11.552,-0.067
askarovo,biyagoda_south_west,field,6.0,12.0,-3000.0,300.0,725.01,425.01,6.193,6.192,-0.044,13.547,-0.070
askarovo,biyagoda_south_west,field,6.0,12.0,-1000.0,1.0,437.05,436.05,2.052,2.051,0.002,2.850,0.068
askarovo,biyagoda_south_west,field,6.0,12.0,-1000.0,1.5,437.55,436.05,2.238,2.237,0.002,3.142,0.074
askarovo,biyagoda_south_west,field,6.0,12.0,-1000.0,2.0,438.05,436.05,2.324,2.323,0.003,3.368,0.077
askarovo,biyagoda_south_west,field,6.0,12.0,-1000.0,3.0,439.05,436.05,2.429,2.428,0.003,3.715,0.081
askarovo,biyagoda_south_west,field,6.0,12.0,-1000.0,5.0,441.05,436.05,2.545,2.544,0.004,4.205,0.086
askarovo,biyagoda_south_west,field,6.0,12.0,-1000.0,10.0,446.05,436.05,2.733,2.731,0.005,4.984,0.095
askarovo,biyagoda_south_west,field,6.0,12.0,-1000.0,30.0,466.05,436.05,3.412,3.409,0.013,6.582,0.128
askarovo,biyagoda_south_west,field,6.0,12.0,-1000.0,50.0,486.05,436.05,3.806,3.803,0.024,7.546,0.144
askarovo,biyagoda_south_west,field,6.0,12.0,-1000.0,100.0,536.05,436.05,4.430,4.427,0.053,9.225,0.158
askarovo,biyagoda_south_west,field,6.0,12.0,-1000.0,200.0,636.05,436.05,5.152,5.149,0.099,11.633,0.154
askarovo,biyagoda_south_west,field,6.0,12.0,-1000.0,300.0,736.05,436.05,5.635,5.633,0.137,13.637,0.139
askarovo,biyagoda_south_west,field,6.0,12.0,-300.0,1.0,567.86,566.86,0.703,0.702,0.168,3.121,-0.036
askarovo,biyagoda_south_west,field,6.0,12.0,-300.0,1.5,568.36,566.86,0.823,0.822,0.197,3.441,-0.042
askarovo,biyagoda_south_west,field,6.0,12.0,-300.0,2.0,568.86,566.86,0.909,0.908,0.218,3.688,-0.047
askarovo,biyagoda_south_west,field,6.0,12.0,-300.0,3.0,569.86,566.86,1.030,1.028,0.247,4.067,-0.053
askarovo,biyagoda_south_west,field,6.0,12.0,-300.0,5.0,571.86,566.86,1.181,1.180,0.283,4.604,-0.061
askarovo,biyagoda_south_west,field,6.0,12.0,-300.0,10.0,576.86,566.86,1.387,1.385,0.332,5.455,-0.072
askarovo,biyagoda_south_west,field,6.0,12.0,-300.0,30.0,596.86,566.86,2.574,2.572,0.599,7.195,0.106
askarovo,biyagoda_south_west,field,6.0,12.0,-300.0,50.0,616.86,566.86,3.627,3.619,0.823,8.239,0.252
askarovo,biyagoda_south_west,field,6.0,12.0,-300.0,100.0,666.86,566.86,4.658,4.654,0.941,10.043,0.204
askarovo,biyagoda_south_west,field,6.0,12.0,-300.0,200.0,766.86,566.86,5.922,5.921,0.884,12.600,0.137
askarovo,biyagoda_south_west,field,6.0,12.0,-300.0,300.0,866.86,566.86,6.584,6.583,0.733,14.702,0.108
askarovo,biyagoda_south_west,field,6.0,12.0,-150.0,1.0,660.69,659.69,1.217,1.216,0.362,3.313,-0.056
askarovo,biyagoda_south_west,field,6.0,12.0,-150.0,1.5,661.19,659.69,1.400,1.398,0.416,3.653,-0.066
askarovo,biyagoda_south_west,field,6.0,12.0,-150.0,2.0,661.69,659.69,1.510,1.508,0.447,3.915,-0.075
askarovo,biyagoda_south_west,field,6.0,12.0,-150.0,3.0,662.69,659.69,1.673,1.670,0.493,4.318,-0.088
askarovo,biyagoda_south_west,field,6.0,12.0,-150.0,5.0,664.69,659.69,1.898,1.895,0.555,4.887,-0.104
askarovo,biyagoda_south_west,field,6.0,12.0,-150.0,10.0,669.69,659.69,2.280,2.277,0.662,5.789,-0.124
askarovo,biyagoda_south_west,field,6.0,12.0,-150.0,30.0,689.69,659.69,3.824,3.824,1.039,7.630,-0.018
askarovo,biyagoda_south_west,field,6.0,12.0,-150.0,50.0,709.69,659.69,5.539,5.536,1.333,8.731,0.182
askarovo,biyagoda_south_west,field,6.0,12.0,-150.0,100.0,759.69,659.69,6.489,6.488,1.203,10.624,0.098
askarovo,biyagoda_south_west,field,6.0,12.0,-150.0,200.0,859.69,659.69,7.140,7.140,0.828,13.286,0.063
askarovo,biyagoda_south_west,field,6.0,12.0,-150.0,300.0,959.69,659.69,7.345,7.345,0.598,15.458,0.055
askarovo,biyagoda_south_west,field,6.0,12.0,-50.0,1.0,708.98,707.98,2.391,2.390,0.498,3.413,0.090
askarovo,biyagoda_south_west,field,6.0,12.0,-50.0,1.5,709.48,707.98,2.654,2.652,0.523,3.763,0.096
askarovo,biyagoda_south_west,field,6.0,12.0,-50.0,2.0,709.98,707.98,2.851,2.849,0.542,4.033,0.099
askarovo,biyagoda_south_west,field,6.0,12.0,-50.0,3.0,710.98,707.98,3.148,3.146,0.571,4.448,0.103
askarovo,biyagoda_south_west,field,6.0,12.0,-50.0,5.0,712.98,707.98,3.573,3.571,0.615,5.034,0.105
askarovo,biyagoda_south_west,field,6.0,12.0,-50.0,10.0,717.98,707.98,4.307,4.305,0.695,5.963,0.101
askarovo,biyagoda_south_west,field,6.0,12.0,-50.0,30.0,737.98,707.98,6.438,6.438,1.037,7.856,0.023
askarovo,biyagoda_south_west,field,6.0,12.0,-50.0,50.0,757.98,707.98,7.018,7.018,1.023,8.987,-0.006
askarovo,biyagoda_south_west,field,6.0,12.0,-50.0,100.0,807.98,707.98,7.449,7.449,0.822,10.926,0.004
askarovo,biyagoda_south_west,field,6.0,12.0,-50.0,200.0,907.98,707.98,7.559,7.559,0.563,13.642,0.028
askarovo,biyagoda_south_west,field,6.0,12.0,-50.0,300.0,1007.98,707.98,7.585,7.585,0.436,15.851,0.033
askarovo,biyagoda_south_west,field,6.0,12.0,-30.0,1.0,717.57,716.57,2.694,2.693,0.606,3.431,0.051
askarovo,biyagoda_south_west,field,6.0,12.0,-30.0,1.5,718.07,716.57,2.922,2.922,0.621,3.782,0.046
askarovo,biyagoda_south_west,field,6.0,12.0,-30.0,2.0,718.57,716.57,3.106,3.105,0.634,4.054,0.042
askarovo,biyagoda_south_west,field,6.0,12.0,-30.0,3.0,719.57,716.57,3.404,3.404,0.658,4.471,0.035
askarovo,biyagoda_south_west,field,6.0,12.0,-30.0,5.0,721.57,716.57,3.872,3.872,0.699,5.060,0.021
askarovo,biyagoda_south_west,field,6.0,12.0,-30.0,10.0,726.57,716.57,4.782,4.782,0.791,5.994,-0.011
askarovo,biyagoda_south_west,field,6.0,12.0,-30.0,30.0,746.57,716.57,6.918,6.918,1.012,7.896,-0.081
askarovo,biyagoda_south_west,field,6.0,12.0,-30.0,50.0,766.57,716.57,7.276,7.276,0.885,9.032,-0.056
askarovo,biyagoda_south_west,field,6.0,12.0,-30.0,100.0,816.57,716.57,7.552,7.552,0.707,10.980,-0.004
askarovo,biyagoda_south_west,field,6.0,12.0,-30.0,200.0,916.57,716.57,7.602,7.602,0.509,13.706,0.023
askarovo,biyagoda_south_west,field,6.0,12.0,-30.0,300.0,1016.57,716.57,7.614,7.614,0.405,15.921,0.030
askarovo,biyagoda_south_west,field,6.0,12.0,-20.0,1.0,721.58,720.58,2.817,2.817,0.526,3.439,0.048
askarovo,biyagoda_south_west,field,6.0,12.0,-20.0,1.5,722.08,720.58,3.123,3.123,0.540,3.792,0.045
askarovo,biyagoda_south_west,field,6.0,12.0,-20.0,2.0,722.58,720.58,3.359,3.359,0.552,4.064,0.041
askarovo,biyagoda_south_west,field,6.0,12.0,-20.0,3.0,723.58,720.58,3.726,3.726,0.574,4.482,0.036
askarovo,biyagoda_south_west,field,6.0,12.0,-20.0,5.0,725.58,720.58,4.273,4.272,0.613,5.073,0.024
askarovo,biyagoda_south_west,field,6.0,12.0,-20.0,10.0,730.58,720.58,5.210,5.210,0.699,6.009,-0.007
askarovo,biyagoda_south_west,field,6.0,12.0,-20.0,30.0,750.58,720.58,7.007,7.007,0.867,7.915,-0.072
askarovo,biyagoda_south_west,field,6.0,12.0,-20.0,50.0,770.58,720.58,7.320,7.320,0.777,9.053,-0.048
askarovo,biyagoda_south_west,field,6.0,12.0,-20.0,100.0,820.58,720.58,7.571,7.571,0.648,11.005,-0.002
askarovo,biyagoda_south_west,field,6.0,12.0,-20.0,200.0,920.58,720.58,7.615,7.615,0.483,13.736,0.022
askarovo,biyagoda_south_west,field,6.0,12.0,-20.0,300.0,1020.58,720.58,7.624,7.624,0.390,15.954,0.028
askarovo,biyagoda_south_west,field,6.0,12.0,-10.0,1.0,725.41,724.41,3.308,3.307,0.408,3.447,0.060
askarovo,biyagoda_south_west,field,6.0,12.0,-10.0,1.5,725.91,724.41,3.629,3.628,0.421,3.800,0.061
askarovo,biyagoda_south_west,field,6.0,12.0,-10.0,2.0,726.41,724.41,3.883,3.883,0.432,4.073,0.062
askarovo,biyagoda_south_west,field,6.0,12.0,-10.0,3.0,727.41,724.41,4.284,4.283,0.451,4.492,0.061
askarovo,biyagoda_south_west,field,6.0,12.0,-10.0,5.0,729.41,724.41,4.870,4.870,0.483,5.084,0.058
askarovo,biyagoda_south_west,field,6.0,12.0,-10.0,10.0,734.41,724.41,5.672,5.672,0.556,6.022,0.032
askarovo,biyagoda_south_west,field,6.0,12.0,-10.0,30.0,754.41,724.41,7.040,7.040,0.701,7.933,-0.032
askarovo,biyagoda_south_west,field,6.0,12.0,-10.0,50.0,774.41,724.41,7.330,7.330,0.665,9.074,-0.024
askarovo,biyagoda_south_west,field,6.0,12.0,-10.0,100.0,824.41,724.41,7.578,7.578,0.590,11.029,0.002
askarovo,biyagoda_south_west,field,6.0,12.0,-10.0,200.0,924.41,724.41,7.623,7.623,0.457,13.764,0.020
askarovo,biyagoda_south_west,field,6.0,12.0,-10.0,300.0,1024.41,724.41,7.633,7.633,0.376,15.985,0.027
askarovo,biyagoda_south_west,field,6.0,12.0,0.0,1.0,729.18,728.18,3.854,3.853,0.304,3.455,0.082
askarovo,biyagoda_south_west,field,6.0,12.0,0.0,1.5,729.68,728.18,4.176,4.175,0.315,3.809,0.086
askarovo,biyagoda_south_west,field,6.0,12.0,0.0,2.0,730.18,728.18,4.437,4.436,0.324,4.082,0.090
askarovo,biyagoda_south_west,field,6.0,12.0,0.0,3.0,731.18,728.18,4.852,4.851,0.340,4.502,0.094
askarovo,biyagoda_south_west,field,6.0,12.0,0.0,5.0,733.18,728.18,5.408,5.407,0.366,5.096,0.096
askarovo,biyagoda_south_west,field,6.0,12.0,0.0,10.0,738.18,728.18,6.038,6.038,0.427,6.036,0.072
askarovo,biyagoda_south_west,field,6.0,12.0,0.0,30.0,758.18,728.18,7.071,7.071,0.563,7.951,0.001
askarovo,biyagoda_south_west,field,6.0,12.0,0.0,50.0,778.18,728.18,7.340,7.340,0.568,9.094,-0.004
askarovo,biyagoda_south_west,field,6.0,12.0,0.0,100.0,828.18,728.18,7.584,7.584,0.537,11.052,0.005
askarovo,biyagoda_south_west,field,6.0,12.0,0.0,200.0,928.18,728.18,7.631,7.631,0.433,13.792,0.019
askarovo,biyagoda_south_west,field,6.0,12.0,0.0,300.0,1028.18,728.18,7.640,7.640,0.361,16.016,0.025
askarovo,biyagoda_south_west,field,6.0,12.0,100.0,1.0,727.37,726.37,3.700,3.698,0.020,3.451,0.136
askarovo,biyagoda_south_west,field,6.0,12.0,100.0,1.5,727.87,726.37,4.092,4.089,0.022,3.805,0.150
askarovo,biyagoda_south_west,field,6.0,12.0,100.0,2.0,728.37,726.37,4.397,4.394,0.024,4.078,0.161
askarovo,biyagoda_south_west,field,6.0,12.0,100.0,3.0,729.37,726.37,4.859,4.856,0.026,4.498,0.178
askarovo,biyagoda_south_west,field,6.0,12.0,100.0,5.0,731.37,726.37,5.331,5.328,0.030,5.090,0.193
askarovo,biyagoda_south_west,field,6.0,12.0,100.0,10.0,736.37,726.37,5.731,5.728,0.038,6.029,0.193
askarovo,biyagoda_south_west,field,6.0,12.0,100.0,30.0,756.37,726.37,6.504,6.503,0.081,7.942,0.118
askarovo,biyagoda_south_west,field,6.0,12.0,100.0,50.0,776.37,726.37,6.913,6.912,0.123,9.084,0.061
askarovo,biyagoda_south_west,field,6.0,12.0,100.0,100.0,826.37,726.37,7.385,7.385,0.201,11.041,0.012
askarovo,biyagoda_south_west,field,6.0,12.0,100.0,200.0,926.37,726.37,7.605,7.605,0.245,13.778,0.005
askarovo,biyagoda_south_west,field,6.0,12.0,100.0,300.0,1026.37,726.37,7.657,7.657,0.245,16.001,0.012
askarovo,biyagoda_south_west,field,6.0,12.0,300.0,1.0,640.14,639.14,0.070,-0.066,0.024,3.270,-0.022
askarovo,biyagoda_south_west,field,6.0,12.0,300.0,1.5,640.64,639.14,0.043,-0.032,0.028,3.606,-0.028
askarovo,biyagoda_south_west,field,6.0,12.0,300.0,2.0,641.14,639.14,0.032,-0.008,0.032,3.865,-0.031
askarovo,biyagoda_south_west,field,6.0,12.0,300.0,3.0,642.14,639.14,0.046,0.028,0.036,4.262,-0.037
askarovo,biyagoda_south_west,field,6.0,12.0,300.0,5.0,644.14,639.14,0.088,0.076,0.042,4.824,-0.043
askarovo,biyagoda_south_west,field,6.0,12.0,300.0,10.0,649.14,639.14,0.210,0.201,0.047,5.715,-0.063
askarovo,biyagoda_south_west,field,6.0,12.0,300.0,30.0,669.14,639.14,1.032,1.027,0.036,7.533,-0.104
askarovo,biyagoda_south_west,field,6.0,12.0,300.0,50.0,689.14,639.14,2.082,2.080,-0.028,8.622,-0.092
askarovo,biyagoda_south_west,field,6.0,12.0,300.0,100.0,739.14,639.14,4.893,4.893,-0.126,10.495,0.022
askarovo,biyagoda_south_west,field,6.0,12.0,300.0,200.0,839.14,639.14,6.774,6.774,0.008,13.134,0.002
askarovo,biyagoda_south_west,field,6.0,12.0,300.0,300.0,939.14,639.14,7.271,7.271,0.051,15.290,-0.007
aushkul,aushtau_east,field,6.0,12.0,-3000.0,1.0,480.66,479.66,1.913,1.909,-0.048,3.147,0.125
aushkul,aushtau_east,field,6.0,12.0,-3000.0,1.5,481.16,479.66,2.206,2.201,-0.055,3.470,0.144
aushkul,aushtau_east,field,6.0,12.0,-3000.0,2.0,481.66,479.66,2.419,2.414,-0.061,3.719,0.157
aushkul,aushtau_east,field,6.0,12.0,-3000.0,3.0,482.66,479.66,2.726,2.720,-0.068,4.102,0.177
aushkul,aushtau_east,field,6.0,12.0,-3000.0,5.0,484.66,479.66,3.119,3.113,-0.078,4.643,0.203
aushkul,aushtau_east,field,6.0,12.0,-3000.0,10.0,489.66,479.66,3.767,3.759,-0.087,5.501,0.239
aushkul,aushtau_east,field,6.0,12.0,-3000.0,30.0,509.66,479.66,5.184,5.175,-0.108,7.255,0.309
aushkul,aushtau_east,field,6.0,12.0,-3000.0,50.0,529.66,479.66,6.146,6.137,-0.129,8.307,0.337
aushkul,aushtau_east,field,6.0,12.0,-3000.0,100.0,579.66,479.66,7.102,7.098,-0.139,10.123,0.236
aushkul,aushtau_east,field,6.0,12.0,-3000.0,200.0,679.66,479.66,7.916,7.914,-0.134,12.694,0.159
aushkul,aushtau_east,field,6.0,12.0,-3000.0,300.0,779.66,479.66,8.285,8.284,-0.124,14.806,0.131
aushkul,aushtau_east,field,6.0,12.0,-1000.0,1.0,413.00,412.00,3.703,3.703,-0.003,3.007,0.036
aushkul,aushtau_east,field,6.0,12.0,-1000.0,1.5,413.50,412.00,3.727,3.726,-0.003,3.315,0.037
aushkul,aushtau_east,field,6.0,12.0,-1000.0,2.0,414.00,412.00,3.750,3.750,-0.003,3.554,0.039
aushkul,aushtau_east,field,6.0,12.0,-1000.0,3.0,415.00,412.00,3.798,3.797,-0.003,3.919,0.042
aushkul,aushtau_east,field,6.0,12.0,-1000.0,5.0,417.00,412.00,3.892,3.892,-0.003,4.437,0.048
aushkul,aushtau_east,field,6.0,12.0,-1000.0,10.0,422.00,412.00,4.129,4.128,-0.004,5.258,0.063
aushkul,aushtau_east,field,6.0,12.0,-1000.0,30.0,442.00,412.00,4.966,4.965,-0.006,6.938,0.116
aushkul,aushtau_east,field,6.0,12.0,-1000.0,50.0,462.00,412.00,5.425,5.423,-0.006,7.949,0.149
aushkul,aushtau_east,field,6.0,12.0,-1000.0,100.0,512.00,412.00,6.106,6.104,0.002,9.700,0.187
aushkul,aushtau_east,field,6.0,12.0,-1000.0,200.0,612.00,412.00,6.875,6.872,0.034,12.194,0.197
aushkul,aushtau_east,field,6.0,12.0,-1000.0,300.0,712.00,412.00,7.364,7.362,0.063,14.255,0.181
aushkul,aushtau_east,field,6.0,12.0,-300.0,1.0,482.57,481.57,1.016,0.986,0.201,3.151,0.246
aushkul,aushtau_east,field,6.0,12.0,-300.0,1.5,483.07,481.57,1.208,1.172,0.240,3.474,0.292
aushkul,aushtau_east,field,6.0,12.0,-300.0,2.0,483.57,481.57,1.342,1.303,0.268,3.724,0.324
aushkul,aushtau_east,field,6.0,12.0,-300.0,3.0,484.57,481.57,1.523,1.479,0.303,4.107,0.366
aushkul,aushtau_east,field,6.0,12.0,-300.0,5.0,486.57,481.57,1.757,1.709,0.345,4.649,0.407
aushkul,aushtau_east,field,6.0,12.0,-300.0,10.0,491.57,481.57,2.186,2.143,0.409,5.508,0.433
aushkul,aushtau_east,field,6.0,12.0,-300.0,30.0,511.57,481.57,3.641,3.615,0.699,7.264,0.433
aushkul,aushtau_east,field,6.0,12.0,-300.0,50.0,531.57,481.57,4.440,4.415,0.815,8.317,0.471
aushkul,aushtau_east,field,6.0,12.0,-300.0,100.0,581.57,481.57,5.678,5.664,0.910,10.135,0.404
aushkul,aushtau_east,field,6.0,12.0,-300.0,200.0,681.57,481.57,7.055,7.049,0.842,12.708,0.294
aushkul,aushtau_east,field,6.0,12.0,-300.0,300.0,781.57,481.57,7.745,7.742,0.657,14.822,0.220
aushkul,aushtau_east,field,6.0,12.0,-150.0,1.0,551.93,550.93,0.863,0.843,0.353,3.295,0.183
aushkul,aushtau_east,field,6.0,12.0,-150.0,1.5,552.43,550.93,1.107,1.081,0.453,3.633,0.235
aushkul,aushtau_east,field,6.0,12.0,-150.0,2.0,552.93,550.93,1.265,1.236,0.518,3.893,0.268
aushkul,aushtau_east,field,6.0,12.0,-150.0,3.0,553.93,550.93,1.476,1.442,0.605,4.294,0.313
aushkul,aushtau_east,field,6.0,12.0,-150.0,5.0,555.93,550.93,1.730,1.690,0.709,4.860,0.367
aushkul,aushtau_east,field,6.0,12.0,-150.0,10.0,560.93,550.93,2.216,2.169,0.873,5.758,0.454
aushkul,aushtau_east,field,6.0,12.0,-150.0,30.0,580.93,550.93,4.311,4.240,1.484,7.589,0.781
aushkul,aushtau_east,field,6.0,12.0,-150.0,50.0,600.93,550.93,5.462,5.419,1.630,8.684,0.680
aushkul,aushtau_east,field,6.0,12.0,-150.0,100.0,650.93,550.93,6.998,6.987,1.433,10.569,0.404
aushkul,aushtau_east,field,6.0,12.0,-150.0,200.0,750.93,550.93,8.040,8.037,0.884,13.221,0.225
aushkul,aushtau_east,field,6.0,12.0,-150.0,300.0,850.93,550.93,8.353,8.352,0.571,15.386,0.161
aushkul,aushtau_east,field,6.0,12.0,-50.0,1.0,608.54,607.54,2.403,2.394,0.275,3.412,0.200
aushkul,aushtau_east,field,6.0,12.0,-50.0,1.5,609.04,607.54,2.790,2.780,0.317,3.762,0.235
aushkul,aushtau_east,field,6.0,12.0,-50.0,2.0,609.54,607.54,3.073,3.062,0.347,4.032,0.261
aushkul,aushtau_east,field,6.0,12.0,-50.0,3.0,610.54,607.54,3.479,3.466,0.391,4.447,0.299
aushkul,aushtau_east,field,6.0,12.0,-50.0,5.0,612.54,607.54,4.001,3.986,0.447,5.033,0.347
aushkul,aushtau_east,field,6.0,12.0,-50.0,10.0,617.54,607.54,4.725,4.707,0.523,5.962,0.412
aushkul,aushtau_east,field,6.0,12.0,-50.0,30.0,637.54,607.54,6.808,6.762,0.854,7.854,0.785
aushkul,aushtau_east,field,6.0,12.0,-50.0,50.0,657.54,607.54,7.698,7.674,1.062,8.984,0.607
aushkul,aushtau_east,field,6.0,12.0,-50.0,100.0,707.54,607.54,8.315,8.311,0.905,10.923,0.271
aushkul,aushtau_east,field,6.0,12.0,-50.0,200.0,807.54,607.54,8.530,8.529,0.551,13.639,0.149
aushkul,aushtau_east,field,6.0,12.0,-50.0,300.0,907.54,607.54,8.608,8.607,0.380,15.847,0.117
aushkul,aushtau_east,field,6.0,12.0,-30.0,1.0,617.29,616.29,2.840,2.821,0.217,3.430,0.328
aushkul,aushtau_east,field,6.0,12.0,-30.0,1.5,617.79,616.29,3.273,3.251,0.251,3.782,0.377
aushkul,aushtau_east,field,6.0,12.0,-30.0,2.0,618.29,616.29,3.590,3.566,0.276,4.053,0.413
aushkul,aushtau_east,field,6.0,12.0,-30.0,3.0,619.29,616.29,4.046,4.019,0.311,4.470,0.464
aushkul,aushtau_east,field,6.0,12.0,-30.0,5.0,621.29,616.29,4.632,4.601,0.357,5.059,0.530
aushkul,aushtau_east,field,6.0,12.0,-30.0,10.0,626.29,616.29,5.442,5.407,0.420,5.993,0.620
aushkul,aushtau_east,field,6.0,12.0,-30.0,30.0,646.29,616.29,7.057,7.017,0.671,7.895,0.751
aushkul,aushtau_east,field,6.0,12.0,-30.0,50.0,666.29,616.29,7.942,7.922,0.919,9.031,0.568
aushkul,aushtau_east,field,6.0,12.0,-30.0,100.0,716.29,616.29,8.446,8.443,0.778,10.978,0.247
aushkul,aushtau_east,field,6.0,12.0,-30.0,200.0,816.29,616.29,8.579,8.577,0.488,13.704,0.140
aushkul,aushtau_east,field,6.0,12.0,-30.0,300.0,916.29,616.29,8.637,8.636,0.347,15.919,0.111
aushkul,aushtau_east,field,6.0,12.0,-20.0,1.0,621.34,620.34,2.877,2.855,0.222,3.438,0.354
aushkul,aushtau_east,field,6.0,12.0,-20.0,1.5,621.84,620.34,3.321,3.296,0.257,3.791,0.408
aushkul,aushtau_east,field,6.0,12.0,-20.0,2.0,622.34,620.34,3.645,3.617,0.282,4.063,0.448
aushkul,aushtau_east,field,6.0,12.0,-20.0,3.0,623.34,620.34,4.110,4.079,0.318,4.481,0.505
aushkul,aushtau_east,field,6.0,12.0,-20.0,5.0,625.34,620.34,4.707,4.672,0.365,5.072,0.578
aushkul,aushtau_east,field,6.0,12.0,-20.0,10.0,630.34,620.34,5.495,5.456,0.429,6.008,0.650
aushkul,aushtau_east,field,6.0,12.0,-20.0,30.0,650.34,620.34,7.163,7.131,0.690,7.914,0.680
aushkul,aushtau_east,field,6.0,12.0,-20.0,50.0,670.34,620.34,8.023,8.007,0.867,9.052,0.513
aushkul,aushtau_east,field,6.0,12.0,-20.0,100.0,720.34,620.34,8.480,8.477,0.710,11.003,0.229
aushkul,aushtau_east,field,6.0,12.0,-20.0,200.0,820.34,620.34,8.593,8.592,0.456,13.734,0.134
aushkul,aushtau_east,field,6.0,12.0,-20.0,300.0,920.34,620.34,8.647,8.646,0.330,15.952,0.107
aushkul,aushtau_east,field,6.0,12.0,-10.0,1.0,625.30,624.30,3.167,3.140,0.239,3.447,0.409
aushkul,aushtau_east,field,6.0,12.0,-10.0,1.5,625.80,624.30,3.557,3.527,0.268,3.800,0.460
aushkul,aushtau_east,field,6.0,12.0,-10.0,2.0,626.30,624.30,3.853,3.821,0.290,4.073,0.498
aushkul,aushtau_east,field,6.0,12.0,-10.0,3.0,627.30,624.30,4.293,4.257,0.323,4.492,0.555
aushkul,aushtau_east,field,6.0,12.0,-10.0,5.0,629.30,624.30,4.873,4.832,0.366,5.084,0.630
aushkul,aushtau_east,field,6.0,12.0,-10.0,10.0,634.30,624.30,5.603,5.564,0.427,6.022,0.660
aushkul,aushtau_east,field,6.0,12.0,-10.0,30.0,654.30,624.30,7.361,7.336,0.689,7.933,0.610
aushkul,aushtau_east,field,6.0,12.0,-10.0,50.0,674.30,624.30,8.103,8.090,0.792,9.073,0.453
aushkul,aushtau_east,field,6.0,12.0,-10.0,100.0,724.30,624.30,8.508,8.506,0.640,11.028,0.211
aushkul,aushtau_east,field,6.0,12.0,-10.0,200.0,824.30,624.30,8.606,8.605,0.425,13.763,0.129
aushkul,aushtau_east,field,6.0,12.0,-10.0,300.0,924.30,624.30,8.656,8.655,0.314,15.984,0.104
aushkul,aushtau_east,field,6.0,12.0,0.0,1.0,629.19,628.19,3.480,3.450,0.238,3.455,0.459
aushkul,aushtau_east,field,6.0,12.0,0.0,1.5,629.69,628.19,3.836,3.802,0.261,3.809,0.506
aushkul,aushtau_east,field,6.0,12.0,0.0,2.0,630.19,628.19,4.114,4.078,0.280,4.082,0.542
aushkul,aushtau_east,field,6.0,12.0,0.0,3.0,631.19,628.19,4.536,4.497,0.308,4.502,0.598
aushkul,aushtau_east,field,6.0,12.0,0.0,5.0,633.19,628.19,5.108,5.064,0.346,5.096,0.673
aushkul,aushtau_east,field,6.0,12.0,0.0,10.0,638.19,628.19,5.792,5.754,0.402,6.036,0.658
aushkul,aushtau_east,field,6.0,12.0,0.0,30.0,658.19,628.19,7.592,7.573,0.647,7.951,0.544
aushkul,aushtau_east,field,6.0,12.0,0.0,50.0,678.19,628.19,8.181,8.172,0.695,9.094,0.400
aushkul,aushtau_east,field,6.0,12.0,0.0,100.0,728.19,628.19,8.534,8.532,0.571,11.052,0.196
aushkul,aushtau_east,field,6.0,12.0,0.0,200.0,828.19,628.19,8.617,8.616,0.396,13.792,0.124
aushkul,aushtau_east,field,6.0,12.0,0.0,300.0,928.19,628.19,8.665,8.664,0.299,16.016,0.101
aushkul,aushtau_east,field,6.0,12.0,100.0,1.0,635.13,634.13,1.925,1.775,-0.154,3.467,-0.745
aushkul,aushtau_east,field,6.0,12.0,100.0,1.5,635.63,634.13,2.128,1.961,-0.170,3.822,-0.825
aushkul,aushtau_east,field,6.0,12.0,100.0,2.0,636.13,634.13,2.274,2.099,-0.182,4.097,-0.875
aushkul,aushtau_east,field,6.0,12.0,100.0,3.0,637.13,634.13,2.455,2.292,-0.191,4.518,-0.880
aushkul,aushtau_east,field,6.0,12.0,100.0,5.0,639.13,634.13,2.786,2.656,-0.202,5.114,-0.840
aushkul,aushtau_east,field,6.0,12.0,100.0,10.0,644.13,634.13,3.635,3.576,-0.217,6.057,-0.651
aushkul,aushtau_east,field,6.0,12.0,100.0,30.0,664.13,634.13,7.139,7.137,-0.261,7.979,0.193
aushkul,aushtau_east,field,6.0,12.0,100.0,50.0,684.13,634.13,7.861,7.858,-0.115,9.125,0.194
aushkul,aushtau_east,field,6.0,12.0,100.0,100.0,734.13,634.13,8.413,8.412,0.072,11.090,0.127
aushkul,aushtau_east,field,6.0,12.0,100.0,200.0,834.13,634.13,8.615,8.615,0.165,13.836,0.094
aushkul,aushtau_east,field,6.0,12.0,100.0,300.0,934.13,634.13,8.685,8.685,0.174,16.064,0.081
aushkul,aushtau_east,field,6.0,12.0,300.0,1.0,562.94,561.94,0.585,-0.567,0.001,3.317,-0.144
aushkul,aushtau_east,field,6.0,12.0,300.0,1.5,563.44,561.94,0.524,-0.494,0.001,3.658,-0.175
aushkul,aushtau_east,field,6.0,12.0,300.0,2.0,563.94,561.94,0.481,-0.440,0.001,3.920,-0.195
aushkul,aushtau_east,field,6.0,12.0,300.0,3.0,564.94,561.94,0.421,-0.357,0.001,4.324,-0.224
aushkul,aushtau_east,field,6.0,12.0,300.0,5.0,566.94,561.94,0.350,-0.234,0.001,4.894,-0.260
aushkul,aushtau_east,field,6.0,12.0,300.0,10.0,571.94,561.94,0.334,0.119,-0.010,5.798,-0.313
aushkul,aushtau_east,field,6.0,12.0,300.0,30.0,591.94,561.94,1.799,1.757,-0.090,7.640,-0.387
aushkul,aushtau_east,field,6.0,12.0,300.0,50.0,611.94,561.94,3.410,3.403,-0.235,8.743,-0.211
aushkul,aushtau_east,field,6.0,12.0,300.0,100.0,661.94,561.94,6.311,6.310,-0.328,10.638,0.082
aushkul,aushtau_east,field,6.0,12.0,300.0,200.0,761.94,561.94,7.963,7.963,-0.160,13.302,0.075
aushkul,aushtau_east,field,6.0,12.0,300.0,300.0,861.94,561.94,8.384,8.384,-0.053,15.476,0.060
aushkul,aushtau_south,field,6.0,12.0,-3000.0,1.0,423.18,422.18,2.435,2.411,-0.009,3.046,-0.340
aushkul,aushtau_south,field,6.0,12.0,-3000.0,1.5,423.68,422.18,2.862,2.834,-0.011,3.359,-0.399
aushkul,aushtau_south,field,6.0,12.0,-3000.0,2.0,424.18,422.18,3.159,3.128,-0.012,3.600,-0.441
aushkul,aushtau_south,field,6.0,12.0,-3000.0,3.0,425.18,422.18,3.427,3.394,-0.014,3.971,-0.472
aushkul,aushtau_south,field,6.0,12.0,-3000.0,5.0,427.18,422.18,3.775,3.740,-0.017,4.495,-0.512
aushkul,aushtau_south,field,6.0,12.0,-3000.0,10.0,432.18,422.18,4.239,4.202,-0.022,5.326,-0.557
aushkul,aushtau_south,field,6.0,12.0,-3000.0,30.0,452.18,422.18,5.205,5.167,-0.033,7.027,-0.628
aushkul,aushtau_south,field,6.0,12.0,-3000.0,50.0,472.18,422.18,5.877,5.842,-0.042,8.049,-0.647
aushkul,aushtau_south,field,6.0,12.0,-3000.0,100.0,522.18,422.18,6.886,6.862,-0.079,9.819,-0.576
aushkul,aushtau_south,field,6.0,12.0,-3000.0,200.0,622.18,422.18,8.151,8.138,-0.100,12.335,-0.448
aushkul,aushtau_south,field,6.0,12.0,-3000.0,300.0,722.18,422.18,8.751,8.743,-0.095,14.410,-0.379
aushkul,aushtau_south,field,6.0,12.0,-1000.0,1.0,416.41,415.41,2.410,2.396,0.002,3.032,-0.261
aushkul,aushtau_south,field,6.0,12.0,-1000.0,1.5,416.91,415.41,2.834,2.817,0.002,3.343,-0.307
aushkul,aushtau_south,field,6.0,12.0,-1000.0,2.0,417.41,415.41,3.135,3.116,0.003,3.584,-0.339
aushkul,aushtau_south,field,6.0,12.0,-1000.0,3.0,418.41,415.41,3.558,3.537,0.003,3.952,-0.385
aushkul,aushtau_south,field,6.0,12.0,-1000.0,5.0,420.41,415.41,4.092,4.068,0.004,4.474,-0.443
aushkul,aushtau_south,field,6.0,12.0,-1000.0,10.0,425.41,415.41,4.816,4.788,0.004,5.302,-0.521
aushkul,aushtau_south,field,6.0,12.0,-1000.0,30.0,445.41,415.41,5.879,5.844,0.009,6.995,-0.634
aushkul,aushtau_south,field,6.0,12.0,-1000.0,50.0,465.41,415.41,6.435,6.398,0.019,8.013,-0.686
aushkul,aushtau_south,field,6.0,12.0,-1000.0,100.0,515.41,415.41,7.174,7.142,0.046,9.777,-0.681
aushkul,aushtau_south,field,6.0,12.0,-1000.0,200.0,615.41,415.41,7.892,7.869,0.079,12.285,-0.598
aushkul,aushtau_south,field,6.0,12.0,-1000.0,300.0,715.41,415.41,8.339,8.322,0.102,14.355,-0.527
aushkul,aushtau_south,field,6.0,12.0,-300.0,1.0,492.29,491.29,1.321,1.307,0.209,3.189,-0.187
aushkul,aushtau_south,field,6.0,12.0,-300.0,1.5,492.79,491.29,1.543,1.528,0.244,3.517,-0.219
aushkul,aushtau_south,field,6.0,12.0,-300.0,2.0,493.29,491.29,1.702,1.685,0.268,3.769,-0.241
aushkul,aushtau_south,field,6.0,12.0,-300.0,3.0,494.29,491.29,1.927,1.908,0.304,4.157,-0.273
aushkul,aushtau_south,field,6.0,12.0,-300.0,5.0,496.29,491.29,2.212,2.190,0.348,4.705,-0.313
aushkul,aushtau_south,field,6.0,12.0,-300.0,10.0,501.29,491.29,2.689,2.662,0.416,5.575,-0.384
aushkul,aushtau_south,field,6.0,12.0,-300.0,30.0,521.29,491.29,4.584,4.556,0.713,7.351,-0.504
aushkul,aushtau_south,field,6.0,12.0,-300.0,50.0,541.29,491.29,5.538,5.520,0.863,8.415,-0.445
aushkul,aushtau_south,field,6.0,12.0,-300.0,100.0,591.29,491.29,6.767,6.758,0.914,10.251,-0.350
aushkul,aushtau_south,field,6.0,12.0,-300.0,200.0,691.29,491.29,7.982,7.975,0.771,12.846,-0.319
aushkul,aushtau_south,field,6.0,12.0,-300.0,300.0,791.29,491.29,8.592,8.586,0.601,14.973,-0.322
aushkul,aushtau_south,field,6.0,12.0,-150.0,1.0,558.08,557.08,2.118,2.118,0.305,3.326,0.004
aushkul,aushtau_south,field,6.0,12.0,-150.0,1.5,558.58,557.08,2.367,2.367,0.339,3.667,0.004
aushkul,aushtau_south,field,6.0,12.0,-150.0,2.0,559.08,557.08,2.557,2.557,0.365,3.930,0.004
aushkul,aushtau_south,field,6.0,12.0,-150.0,3.0,560.08,557.08,2.840,2.840,0.404,4.334,0.004
aushkul,aushtau_south,field,6.0,12.0,-150.0,5.0,562.08,557.08,3.218,3.218,0.455,4.906,0.004
aushkul,aushtau_south,field,6.0,12.0,-150.0,10.0,567.08,557.08,3.757,3.757,0.529,5.812,0.005
aushkul,aushtau_south,field,6.0,12.0,-150.0,30.0,587.08,557.08,5.660,5.659,0.842,7.659,-0.078
aushkul,aushtau_south,field,6.0,12.0,-150.0,50.0,607.08,557.08,6.900,6.900,1.139,8.764,-0.043
aushkul,aushtau_south,field,6.0,12.0,-150.0,100.0,657.08,557.08,7.961,7.961,1.115,10.663,-0.061
aushkul,aushtau_south,field,6.0,12.0,-150.0,200.0,757.08,557.08,8.742,8.740,0.785,13.332,-0.199
aushkul,aushtau_south,field,6.0,12.0,-150.0,300.0,857.08,557.08,9.090,9.087,0.560,15.509,-0.263
aushkul,aushtau_south,field,6.0,12.0,-50.0,1.0,602.33,601.33,2.221,2.215,0.566,3.417,0.172
aushkul,aushtau_south,field,6.0,12.0,-50.0,1.5,602.83,601.33,2.473,2.464,0.619,3.768,0.208
aushkul,aushtau_south,field,6.0,12.0,-50.0,2.0,603.33,601.33,2.658,2.648,0.654,4.038,0.238
aushkul,aushtau_south,field,6.0,12.0,-50.0,3.0,604.33,601.33,2.947,2.933,0.710,4.454,0.284
aushkul,aushtau_south,field,6.0,12.0,-50.0,5.0,606.33,601.33,3.369,3.351,0.791,5.041,0.351
aushkul,aushtau_south,field,6.0,12.0,-50.0,10.0,611.33,601.33,4.210,4.191,0.929,5.971,0.399
aushkul,aushtau_south,field,6.0,12.0,-50.0,30.0,631.33,601.33,7.152,7.147,1.312,7.866,0.274
aushkul,aushtau_south,field,6.0,12.0,-50.0,50.0,651.33,601.33,8.101,8.099,1.221,8.998,0.177
aushkul,aushtau_south,field,6.0,12.0,-50.0,100.0,701.33,601.33,8.783,8.783,0.915,10.940,0.024
aushkul,aushtau_south,field,6.0,12.0,-50.0,200.0,801.33,601.33,9.160,9.158,0.614,13.659,-0.175
aushkul,aushtau_south,field,6.0,12.0,-50.0,300.0,901.33,601.33,9.350,9.346,0.449,15.869,-0.252
aushkul,aushtau_south,field,6.0,12.0,-30.0,1.0,609.82,608.82,1.964,1.921,0.500,3.433,0.409
aushkul,aushtau_south,field,6.0,12.0,-30.0,1.5,610.32,608.82,2.251,2.201,0.571,3.785,0.474
aushkul,aushtau_south,field,6.0,12.0,-30.0,2.0,610.82,608.82,2.460,2.404,0.622,4.057,0.521
aushkul,aushtau_south,field,6.0,12.0,-30.0,3.0,611.82,608.82,2.762,2.699,0.696,4.474,0.589
aushkul,aushtau_south,field,6.0,12.0,-30.0,5.0,613.82,608.82,3.156,3.083,0.792,5.064,0.677
aushkul,aushtau_south,field,6.0,12.0,-30.0,10.0,618.82,608.82,4.030,3.982,0.930,5.998,0.622
aushkul,aushtau_south,field,6.0,12.0,-30.0,30.0,638.82,608.82,7.823,7.821,1.413,7.901,0.194
aushkul,aushtau_south,field,6.0,12.0,-30.0,50.0,658.82,608.82,8.373,8.371,1.163,9.038,0.166
aushkul,aushtau_south,field,6.0,12.0,-30.0,100.0,708.82,608.82,8.915,8.915,0.844,10.987,0.025
aushkul,aushtau_south,field,6.0,12.0,-30.0,200.0,808.82,608.82,9.222,9.221,0.575,13.714,-0.175
aushkul,aushtau_south,field,6.0,12.0,-30.0,300.0,908.82,608.82,9.390,9.386,0.426,15.930,-0.251
aushkul,aushtau_south,field,6.0,12.0,-20.0,1.0,613.42,612.42,2.234,2.180,0.483,3.440,0.488
aushkul,aushtau_south,field,6.0,12.0,-20.0,1.5,613.92,612.42,2.516,2.456,0.543,3.793,0.549
aushkul,aushtau_south,field,6.0,12.0,-20.0,2.0,614.42,612.42,2.729,2.663,0.588,4.066,0.595
aushkul,aushtau_south,field,6.0,12.0,-20.0,3.0,615.42,612.42,3.040,2.967,0.654,4.484,0.662
aushkul,aushtau_south,field,6.0,12.0,-20.0,5.0,617.42,612.42,3.447,3.365,0.740,5.075,0.750
aushkul,aushtau_south,field,6.0,12.0,-20.0,10.0,622.42,612.42,4.398,4.348,0.866,6.011,0.656
aushkul,aushtau_south,field,6.0,12.0,-20.0,30.0,642.42,612.42,8.005,8.002,1.303,7.918,0.221
aushkul,aushtau_south,field,6.0,12.0,-20.0,50.0,662.42,612.42,8.473,8.471,1.062,9.057,0.186
aushkul,aushtau_south,field,6.0,12.0,-20.0,100.0,712.42,612.42,8.971,8.971,0.798,11.009,0.026
aushkul,aushtau_south,field,6.0,12.0,-20.0,200.0,812.42,612.42,9.250,9.248,0.553,13.741,-0.176
aushkul,aushtau_south,field,6.0,12.0,-20.0,300.0,912.42,612.42,9.408,9.404,0.414,15.959,-0.252
aushkul,aushtau_south,field,6.0,12.0,-10.0,1.0,616.91,615.91,2.692,2.649,0.424,3.448,0.484
aushkul,aushtau_south,field,6.0,12.0,-10.0,1.5,617.41,615.91,2.997,2.948,0.470,3.801,0.538
aushkul,aushtau_south,field,6.0,12.0,-10.0,2.0,617.91,615.91,3.229,3.177,0.505,4.074,0.578
aushkul,aushtau_south,field,6.0,12.0,-10.0,3.0,618.91,615.91,3.577,3.519,0.558,4.493,0.639
aushkul,aushtau_south,field,6.0,12.0,-10.0,5.0,620.91,615.91,4.043,3.981,0.626,5.085,0.708
aushkul,aushtau_south,field,6.0,12.0,-10.0,10.0,625.91,615.91,5.061,5.022,0.733,6.024,0.631
aushkul,aushtau_south,field,6.0,12.0,-10.0,30.0,645.91,615.91,8.057,8.052,1.080,7.935,0.277
aushkul,aushtau_south,field,6.0,12.0,-10.0,50.0,665.91,615.91,8.543,8.541,0.927,9.076,0.213
aushkul,aushtau_south,field,6.0,12.0,-10.0,100.0,715.91,615.91,9.015,9.015,0.748,11.031,0.027
aushkul,aushtau_south,field,6.0,12.0,-10.0,200.0,815.91,615.91,9.275,9.273,0.531,13.766,-0.177
aushkul,aushtau_south,field,6.0,12.0,-10.0,300.0,915.91,615.91,9.424,9.421,0.401,15.988,-0.252
aushkul,aushtau_south,field,6.0,12.0,0.0,1.0,620.34,619.34,3.388,3.353,0.374,3.455,0.487
aushkul,aushtau_south,field,6.0,12.0,0.0,1.5,620.84,619.34,3.665,3.627,0.403,3.809,0.526
aushkul,aushtau_south,field,6.0,12.0,0.0,2.0,621.34,619.34,3.888,3.848,0.427,4.082,0.557
aushkul,aushtau_south,field,6.0,12.0,0.0,3.0,622.34,619.34,4.235,4.191,0.463,4.502,0.605
aushkul,aushtau_south,field,6.0,12.0,0.0,5.0,624.34,619.34,4.732,4.689,0.512,5.096,0.641
aushkul,aushtau_south,field,6.0,12.0,0.0,10.0,629.34,619.34,5.760,5.729,0.598,6.036,0.593
aushkul,aushtau_south,field,6.0,12.0,0.0,30.0,649.34,619.34,8.125,8.118,0.874,7.951,0.320
aushkul,aushtau_south,field,6.0,12.0,0.0,50.0,669.34,619.34,8.601,8.598,0.814,9.094,0.230
aushkul,aushtau_south,field,6.0,12.0,0.0,100.0,719.34,619.34,9.056,9.056,0.701,11.052,0.026
aushkul,aushtau_south,field,6.0,12.0,0.0,200.0,819.34,619.34,9.299,9.297,0.510,13.792,-0.178
aushkul,aushtau_south,field,6.0,12.0,0.0,300.0,919.34,619.34,9.440,9.437,0.389,16.016,-0.252
aushkul,aushtau_south,field,6.0,12.0,100.0,1.0,634.98,633.98,4.526,4.525,0.060,3.485,0.110
aushkul,aushtau_south,field,6.0,12.0,100.0,1.5,635.48,633.98,5.002,5.001,0.066,3.842,0.122
aushkul,aushtau_south,field,6.0,12.0,100.0,2.0,635.98,633.98,5.370,5.369,0.071,4.118,0.131
aushkul,aushtau_south,field,6.0,12.0,100.0,3.0,636.98,633.98,5.923,5.921,0.078,4.542,0.145
aushkul,aushtau_south,field,6.0,12.0,100.0,5.0,638.98,633.98,6.661,6.659,0.084,5.140,0.149
aushkul,aushtau_south,field,6.0,12.0,100.0,10.0,643.98,633.98,7.545,7.543,0.099,6.089,0.177
aushkul,aushtau_south,field,6.0,12.0,100.0,30.0,663.98,633.98,8.607,8.604,0.187,8.019,0.232
aushkul,aushtau_south,field,6.0,12.0,100.0,50.0,683.98,633.98,8.952,8.950,0.239,9.171,0.141
aushkul,aushtau_south,field,6.0,12.0,100.0,100.0,733.98,633.98,9.288,9.288,0.312,11.144,-0.034
aushkul,aushtau_south,field,6.0,12.0,100.0,200.0,833.98,633.98,9.447,9.445,0.314,13.900,-0.197
aushkul,aushtau_south,field,6.0,12.0,100.0,300.0,933.98,633.98,9.544,9.541,0.277,16.135,-0.257
aushkul,aushtau_south,field,6.0,12.0,300.0,1.0,606.58,605.58,2.912,2.871,-0.094,3.426,-0.488
aushkul,aushtau_south,field,6.0,12.0,300.0,1.5,607.08,605.58,3.301,3.254,-0.107,3.778,-0.554
aushkul,aushtau_south,field,6.0,12.0,300.0,2.0,607.58,605.58,3.589,3.539,-0.117,4.049,-0.602
aushkul,aushtau_south,field,6.0,12.0,300.0,3.0,608.58,605.58,4.010,3.953,-0.131,4.465,-0.673
aushkul,aushtau_south,field,6.0,12.0,300.0,5.0,610.58,605.58,4.557,4.492,-0.149,5.054,-0.764
aushkul,aushtau_south,field,6.0,12.0,300.0,10.0,615.58,605.58,5.483,5.410,-0.174,5.986,-0.891
aushkul,aushtau_south,field,6.0,12.0,300.0,30.0,635.58,605.58,7.317,7.259,-0.300,7.886,-0.917
aushkul,aushtau_south,field,6.0,12.0,300.0,50.0,655.58,605.58,8.035,8.010,-0.366,9.021,-0.634
aushkul,aushtau_south,field,6.0,12.0,300.0,100.0,705.58,605.58,8.866,8.858,-0.290,10.966,-0.380
aushkul,aushtau_south,field,6.0,12.0,300.0,200.0,805.58,605.58,9.347,9.342,-0.070,13.690,-0.301
aushkul,aushtau_south,field,6.0,12.0,300.0,300.0,905.58,605.58,9.523,9.519,0.040,15.904,-0.295
aushkul,ridge_west,field,6.0,12.0,-3000.0,1.0,437.29,436.29,1.930,1.910,-0.024,3.277,0.280
aushkul,ridge_west,field,6.0,12.0,-3000.0,1.5,437.79,436.29,2.277,2.253,-0.028,3.613,0.330
aushkul,ridge_west,field,6.0,12.0,-3000.0,2.0,438.29,436.29,2.522,2.496,-0.031,3.873,0.365
aushkul,ridge_west,field,6.0,12.0,-3000.0,3.0,439.29,436.29,2.869,2.839,-0.035,4.271,0.415
aushkul,ridge_west,field,6.0,12.0,-3000.0,5.0,441.29,436.29,3.305,3.270,-0.041,4.835,0.477
aushkul,ridge_west,field,6.0,12.0,-3000.0,10.0,446.29,436.29,3.898,3.857,-0.048,5.728,0.562
aushkul,ridge_west,field,6.0,12.0,-3000.0,30.0,466.29,436.29,4.837,4.787,-0.060,7.549,0.692
aushkul,ridge_west,field,6.0,12.0,-3000.0,50.0,486.29,436.29,5.348,5.305,-0.078,8.640,0.681
aushkul,ridge_west,field,6.0,12.0,-3000.0,100.0,536.29,436.29,6.597,6.570,-0.133,10.516,0.600
aushkul,ridge_west,field,6.0,12.0,-3000.0,200.0,636.29,436.29,8.261,8.247,-0.201,13.159,0.468
aushkul,ridge_west,field,6.0,12.0,-3000.0,300.0,736.29,436.29,9.260,9.253,-0.238,15.318,0.368
aushkul,ridge_west,field,6.0,12.0,-1000.0,1.0,469.97,468.97,3.029,3.024,0.183,3.345,0.176
aushkul,ridge_west,field,6.0,12.0,-1000.0,1.5,470.47,468.97,3.465,3.459,0.189,3.688,0.206
aushkul,ridge_west,field,6.0,12.0,-1000.0,2.0,470.97,468.97,3.786,3.779,0.194,3.953,0.228
aushkul,ridge_west,field,6.0,12.0,-1000.0,3.0,471.97,468.97,4.254,4.246,0.202,4.359,0.261
aushkul,ridge_west,field,6.0,12.0,-1000.0,5.0,473.97,468.97,4.881,4.872,0.215,4.934,0.307
aushkul,ridge_west,field,6.0,12.0,-1000.0,10.0,478.97,468.97,5.838,5.826,0.241,5.845,0.381
aushkul,ridge_west,field,6.0,12.0,-1000.0,30.0,498.97,468.97,7.377,7.359,0.294,7.702,0.509
aushkul,ridge_west,field,6.0,12.0,-1000.0,50.0,518.97,468.97,7.893,7.876,0.260,8.813,0.517
aushkul,ridge_west,field,6.0,12.0,-1000.0,100.0,568.97,468.97,8.590,8.578,0.179,10.721,0.456
aushkul,ridge_west,field,6.0,12.0,-1000.0,200.0,668.97,468.97,9.348,9.342,0.061,13.400,0.358
aushkul,ridge_west,field,6.0,12.0,-1000.0,300.0,768.97,468.97,9.940,9.936,-0.005,15.584,0.288
aushkul,ridge_west,field,6.0,12.0,-300.0,1.0,481.69,480.69,3.588,3.578,0.048,3.369,-0.277
aushkul,ridge_west,field,6.0,12.0,-300.0,1.5,482.19,480.69,4.024,4.012,0.054,3.715,-0.311
aushkul,ridge_west,field,6.0,12.0,-300.0,2.0,482.69,480.69,4.353,4.340,0.059,3.981,-0.336
aushkul,ridge_west,field,6.0,12.0,-300.0,3.0,483.69,480.69,4.839,4.825,0.065,4.391,-0.374
aushkul,ridge_west,field,6.0,12.0,-300.0,5.0,485.69,480.69,5.480,5.463,0.074,4.970,-0.424
aushkul,ridge_west,field,6.0,12.0,-300.0,10.0,490.69,480.69,6.126,6.111,0.089,5.887,-0.421
aushkul,ridge_west,field,6.0,12.0,-300.0,30.0,510.69,480.69,7.080,7.078,0.169,7.757,-0.166
aushkul,ridge_west,field,6.0,12.0,-300.0,50.0,530.69,480.69,7.666,7.666,0.189,8.875,-0.016
aushkul,ridge_west,field,6.0,12.0,-300.0,100.0,580.69,480.69,8.538,8.536,0.163,10.794,0.158
aushkul,ridge_west,field,6.0,12.0,-300.0,200.0,680.69,480.69,9.456,9.454,0.070,13.487,0.216
aushkul,ridge_west,field,6.0,12.0,-300.0,300.0,780.69,480.69,10.070,10.068,0.005,15.679,0.199
aushkul,ridge_west,field,6.0,12.0,-150.0,1.0,485.71,484.71,0.273,0.273,0.045,3.378,-0.010
aushkul,ridge_west,field,6.0,12.0,-150.0,1.5,486.21,484.71,2.080,2.080,0.333,3.724,-0.052
aushkul,ridge_west,field,6.0,12.0,-150.0,2.0,486.71,484.71,2.552,2.552,0.368,3.991,-0.060
aushkul,ridge_west,field,6.0,12.0,-150.0,3.0,487.71,484.71,3.089,3.088,0.408,4.402,-0.065
aushkul,ridge_west,field,6.0,12.0,-150.0,5.0,489.71,484.71,3.444,3.444,0.444,4.982,-0.060
aushkul,ridge_west,field,6.0,12.0,-150.0,10.0,494.71,484.71,4.091,4.091,0.509,5.902,0.002
aushkul,ridge_west,field,6.0,12.0,-150.0,30.0,514.71,484.71,6.405,6.395,0.721,7.776,0.358
aushkul,ridge_west,field,6.0,12.0,-150.0,50.0,534.71,484.71,7.262,7.253,0.573,8.896,0.375
aushkul,ridge_west,field,6.0,12.0,-150.0,100.0,584.71,484.71,8.465,8.458,0.355,10.819,0.345
aushkul,ridge_west,field,6.0,12.0,-150.0,200.0,684.71,484.71,9.516,9.513,0.126,13.516,0.274
aushkul,ridge_west,field,6.0,12.0,-150.0,300.0,784.71,484.71,10.124,10.122,0.018,15.712,0.224
aushkul,ridge_west,field,6.0,12.0,-50.0,1.0,506.34,505.34,2.138,2.130,0.313,3.420,0.191
aushkul,ridge_west,field,6.0,12.0,-50.0,1.5,506.84,505.34,2.501,2.491,0.368,3.771,0.224
aushkul,ridge_west,field,6.0,12.0,-50.0,2.0,507.34,505.34,2.758,2.746,0.408,4.042,0.247
aushkul,ridge_west,field,6.0,12.0,-50.0,3.0,508.34,505.34,3.118,3.106,0.463,4.458,0.280
aushkul,ridge_west,field,6.0,12.0,-50.0,5.0,510.34,505.34,3.574,3.561,0.509,5.045,0.301
aushkul,ridge_west,field,6.0,12.0,-50.0,10.0,515.34,505.34,4.423,4.409,0.575,5.976,0.345
aushkul,ridge_west,field,6.0,12.0,-50.0,30.0,535.34,505.34,7.094,7.080,0.866,7.873,0.446
aushkul,ridge_west,field,6.0,12.0,-50.0,50.0,555.34,505.34,7.934,7.922,0.740,9.006,0.440
aushkul,ridge_west,field,6.0,12.0,-50.0,100.0,605.34,505.34,8.939,8.931,0.400,10.948,0.384
aushkul,ridge_west,field,6.0,12.0,-50.0,200.0,705.34,505.34,9.736,9.732,0.100,13.669,0.291
aushkul,ridge_west,field,6.0,12.0,-50.0,300.0,805.34,505.34,10.266,10.263,-0.004,15.880,0.233
aushkul,ridge_west,field,6.0,12.0,-30.0,1.0,513.39,512.39,2.077,2.065,0.582,3.435,0.223
aushkul,ridge_west,field,6.0,12.0,-30.0,1.5,513.89,512.39,2.272,2.259,0.637,3.787,0.244
aushkul,ridge_west,field,6.0,12.0,-30.0,2.0,514.39,512.39,2.424,2.410,0.680,4.059,0.260
aushkul,ridge_west,field,6.0,12.0,-30.0,3.0,515.39,512.39,2.647,2.634,0.718,4.477,0.263
aushkul,ridge_west,field,6.0,12.0,-30.0,5.0,517.39,512.39,3.034,3.022,0.773,5.067,0.272
aushkul,ridge_west,field,6.0,12.0,-30.0,10.0,522.39,512.39,4.086,4.074,0.867,6.002,0.315
aushkul,ridge_west,field,6.0,12.0,-30.0,30.0,542.39,512.39,7.638,7.624,1.148,7.906,0.448
aushkul,ridge_west,field,6.0,12.0,-30.0,50.0,562.39,512.39,8.303,8.291,0.793,9.043,0.437
aushkul,ridge_west,field,6.0,12.0,-30.0,100.0,612.39,512.39,9.096,9.088,0.364,10.992,0.381
aushkul,ridge_west,field,6.0,12.0,-30.0,200.0,712.39,512.39,9.796,9.792,0.081,13.721,0.291
aushkul,ridge_west,field,6.0,12.0,-30.0,300.0,812.39,512.39,10.307,10.304,-0.012,15.938,0.233
aushkul,ridge_west,field,6.0,12.0,-20.0,1.0,516.73,515.73,2.196,2.185,0.586,3.442,0.220
aushkul,ridge_west,field,6.0,12.0,-20.0,1.5,517.23,515.73,2.400,2.388,0.639,3.795,0.241
aushkul,ridge_west,field,6.0,12.0,-20.0,2.0,517.73,515.73,2.556,2.543,0.675,4.067,0.252
aushkul,ridge_west,field,6.0,12.0,-20.0,3.0,518.73,515.73,2.799,2.787,0.713,4.486,0.255
aushkul,ridge_west,field,6.0,12.0,-20.0,5.0,520.73,515.73,3.235,3.224,0.766,5.077,0.266
aushkul,ridge_west,field,6.0,12.0,-20.0,10.0,525.73,515.73,4.375,4.364,0.863,6.014,0.312
aushkul,ridge_west,field,6.0,12.0,-20.0,30.0,545.73,515.73,7.820,7.807,1.087,7.921,0.441
aushkul,ridge_west,field,6.0,12.0,-20.0,50.0,565.73,515.73,8.440,8.429,0.727,9.061,0.432
aushkul,ridge_west,field,6.0,12.0,-20.0,100.0,615.73,515.73,9.153,9.145,0.332,11.013,0.379
aushkul,ridge_west,field,6.0,12.0,-20.0,200.0,715.73,515.73,9.821,9.817,0.071,13.746,0.291
aushkul,ridge_west,field,6.0,12.0,-20.0,300.0,815.73,515.73,10.325,10.323,-0.016,15.965,0.233
aushkul,ridge_west,field,6.0,12.0,-10.0,1.0,519.84,518.84,2.820,2.810,0.497,3.448,0.229
aushkul,ridge_west,field,6.0,12.0,-10.0,1.5,520.34,518.84,3.042,3.032,0.533,3.802,0.246
aushkul,ridge_west,field,6.0,12.0,-10.0,2.0,520.84,518.84,3.216,3.206,0.551,4.075,0.250
aushkul,ridge_west,field,6.0,12.0,-10.0,3.0,521.84,518.84,3.507,3.497,0.580,4.494,0.258
aushkul,ridge_west,field,6.0,12.0,-10.0,5.0,523.84,518.84,4.016,4.007,0.621,5.086,0.277
aushkul,ridge_west,field,6.0,12.0,-10.0,10.0,528.84,518.84,5.155,5.145,0.703,6.025,0.325
aushkul,ridge_west,field,6.0,12.0,-10.0,30.0,548.84,518.84,7.969,7.957,0.860,7.936,0.431
aushkul,ridge_west,field,6.0,12.0,-10.0,50.0,568.84,518.84,8.534,8.523,0.596,9.077,0.424
aushkul,ridge_west,field,6.0,12.0,-10.0,100.0,618.84,518.84,9.199,9.191,0.287,11.033,0.375
aushkul,ridge_west,field,6.0,12.0,-10.0,200.0,718.84,518.84,9.844,9.840,0.060,13.769,0.290
aushkul,ridge_west,field,6.0,12.0,-10.0,300.0,818.84,518.84,10.342,10.340,-0.021,15.990,0.233
aushkul,ridge_west,field,6.0,12.0,0.0,1.0,522.97,521.97,3.714,3.706,0.407,3.455,0.248
aushkul,ridge_west,field,6.0,12.0,0.0,1.5,523.47,521.97,3.913,3.904,0.420,3.809,0.255
aushkul,ridge_west,field,6.0,12.0,0.0,2.0,523.97,521.97,4.086,4.077,0.431,4.082,0.261
aushkul,ridge_west,field,6.0,12.0,0.0,3.0,524.97,521.97,4.383,4.374,0.451,4.502,0.271
aushkul,ridge_west,field,6.0,12.0,0.0,5.0,526.97,521.97,4.922,4.913,0.478,5.096,0.296
aushkul,ridge_west,field,6.0,12.0,0.0,10.0,531.97,521.97,5.995,5.985,0.542,6.036,0.343
aushkul,ridge_west,field,6.0,12.0,0.0,30.0,551.97,521.97,8.123,8.112,0.646,7.951,0.422
aushkul,ridge_west,field,6.0,12.0,0.0,50.0,571.97,521.97,8.629,8.619,0.473,9.094,0.417
aushkul,ridge_west,field,6.0,12.0,0.0,100.0,621.97,521.97,9.244,9.237,0.244,11.052,0.372
aushkul,ridge_west,field,6.0,12.0,0.0,200.0,721.97,521.97,9.866,9.862,0.049,13.792,0.290
aushkul,ridge_west,field,6.0,12.0,0.0,300.0,821.97,521.97,10.359,10.357,-0.025,16.016,0.233
aushkul,ridge_west,field,6.0,12.0,100.0,1.0,522.06,521.06,3.847,3.842,-0.003,3.453,0.190
aushkul,ridge_west,field,6.0,12.0,100.0,1.5,522.56,521.06,4.313,4.308,-0.004,3.807,0.213
aushkul,ridge_west,field,6.0,12.0,100.0,2.0,523.06,521.06,4.667,4.662,-0.004,4.080,0.231
aushkul,ridge_west,field,6.0,12.0,100.0,3.0,524.06,521.06,5.194,5.187,-0.005,4.500,0.257
aushkul,ridge_west,field,6.0,12.0,100.0,5.0,526.06,521.06,5.889,5.882,-0.005,5.093,0.291
aushkul,ridge_west,field,6.0,12.0,100.0,10.0,531.06,521.06,6.872,6.863,-0.006,6.033,0.339
aushkul,ridge_west,field,6.0,12.0,100.0,30.0,551.06,521.06,8.003,7.994,-0.008,7.947,0.383
aushkul,ridge_west,field,6.0,12.0,100.0,50.0,571.06,521.06,8.574,8.565,-0.010,9.089,0.390
aushkul,ridge_west,field,6.0,12.0,100.0,100.0,621.06,521.06,9.252,9.245,-0.004,11.047,0.369
aushkul,ridge_west,field,6.0,12.0,100.0,200.0,721.06,521.06,9.884,9.879,-0.028,13.785,0.305
aushkul,ridge_west,field,6.0,12.0,100.0,300.0,821.06,521.06,10.364,10.361,-0.055,16.008,0.250
aushkul,ridge_west,field,6.0,12.0,300.0,1.0,488.33,487.33,0.690,0.689,-0.065,3.383,0.029
aushkul,ridge_west,field,6.0,12.0,300.0,1.5,488.83,487.33,0.940,0.939,-0.079,3.730,0.035
aushkul,ridge_west,field,6.0,12.0,300.0,2.0,489.33,487.33,1.113,1.113,-0.088,3.998,0.039
aushkul,ridge_west,field,6.0,12.0,300.0,3.0,490.33,487.33,1.376,1.375,-0.099,4.409,0.038
aushkul,ridge_west,field,6.0,12.0,300.0,5.0,492.33,487.33,1.781,1.781,-0.111,4.990,0.023
aushkul,ridge_west,field,6.0,12.0,300.0,10.0,497.33,487.33,2.495,2.495,-0.132,5.911,-0.006
aushkul,ridge_west,field,6.0,12.0,300.0,30.0,517.33,487.33,4.589,4.589,-0.196,7.788,-0.010
aushkul,ridge_west,field,6.0,12.0,300.0,50.0,537.33,487.33,6.751,6.747,-0.237,8.910,0.232
aushkul,ridge_west,field,6.0,12.0,300.0,100.0,587.33,487.33,8.500,8.492,-0.181,10.836,0.366
aushkul,ridge_west,field,6.0,12.0,300.0,200.0,687.33,487.33,9.574,9.568,-0.119,13.536,0.355
aushkul,ridge_west,field,6.0,12.0,300.0,300.0,787.33,487.33,10.158,10.153,-0.098,15.734,0.305
ongudai,kayancha_south,field,6.0,12.0,-3000.0,1.0,1096.18,1095.18,1.037,1.033,0.057,1.852,-0.097
ongudai,kayancha_south,field,6.0,12.0,-3000.0,1.5,1096.68,1095.18,1.361,1.355,0.074,2.043,-0.127
ongudai,kayancha_south,field,6.0,12.0,-3000.0,2.0,1097.18,1095.18,1.565,1.558,0.085,2.190,-0.145
ongudai,kayancha_south,field,6.0,12.0,-3000.0,3.0,1098.18,1095.18,1.833,1.825,0.099,2.416,-0.170
ongudai,kayancha_south,field,6.0,12.0,-3000.0,5.0,1100.18,1095.18,2.150,2.141,0.117,2.738,-0.198
ongudai,kayancha_south,field,6.0,12.0,-3000.0,10.0,1105.18,1095.18,2.563,2.552,0.139,3.251,-0.236
ongudai,kayancha_south,field,6.0,12.0,-3000.0,30.0,1125.18,1095.18,3.183,3.170,0.175,4.326,-0.284
ongudai,kayancha_south,field,6.0,12.0,-3000.0,50.0,1145.18,1095.18,3.575,3.573,0.219,4.996,0.097
ongudai,kayancha_south,field,6.0,12.0,-3000.0,100.0,1195.18,1095.18,4.436,4.383,0.245,6.213,0.680
ongudai,kayancha_south,field,6.0,12.0,-3000.0,200.0,1295.18,1095.18,5.349,5.290,0.122,8.076,0.791
ongudai,kayancha_south,field,6.0,12.0,-3000.0,300.0,1395.18,1095.18,6.047,5.976,0.069,9.716,0.921
ongudai,kayancha_south,field,6.0,12.0,-1000.0,1.0,1492.33,1491.33,0.374,-0.322,0.035,2.673,-0.191
ongudai,kayancha_south,field,6.0,12.0,-1000.0,1.5,1492.83,1491.33,0.407,-0.340,0.041,2.947,-0.225
ongudai,kayancha_south,field,6.0,12.0,-1000.0,2.0,1493.33,1491.33,0.430,-0.351,0.045,3.159,-0.249
ongudai,kayancha_south,field,6.0,12.0,-1000.0,3.0,1494.33,1491.33,0.462,-0.366,0.052,3.485,-0.282
ongudai,kayancha_south,field,6.0,12.0,-1000.0,5.0,1496.33,1491.33,0.459,-0.346,0.053,3.945,-0.301
ongudai,kayancha_south,field,6.0,12.0,-1000.0,10.0,1501.33,1491.33,0.439,-0.283,0.051,4.677,-0.335
ongudai,kayancha_south,field,6.0,12.0,-1000.0,30.0,1521.33,1491.33,0.395,0.064,0.018,6.182,-0.390
ongudai,kayancha_south,field,6.0,12.0,-1000.0,50.0,1541.33,1491.33,0.704,0.671,-0.082,7.094,-0.214
ongudai,kayancha_south,field,6.0,12.0,-1000.0,100.0,1591.33,1491.33,2.787,2.759,-0.243,8.691,0.395
ongudai,kayancha_south,field,6.0,12.0,-1000.0,200.0,1691.33,1491.33,6.031,5.900,0.114,11.003,1.248
ongudai,kayancha_south,field,6.0,12.0,-1000.0,300.0,1791.33,1491.33,7.459,7.314,0.403,12.942,1.463
ongudai,kayancha_south,field,6.0,12.0,-300.0,1.0,1739.55,1738.55,1.840,1.768,0.461,3.185,0.509
ongudai,kayancha_south,field,6.0,12.0,-300.0,1.5,1740.05,1738.55,2.053,1.973,0.514,3.512,0.567
ongudai,kayancha_south,field,6.0,12.0,-300.0,2.0,1740.55,1738.55,2.215,2.129,0.555,3.764,0.611
ongudai,kayancha_south,field,6.0,12.0,-300.0,3.0,1741.55,1738.55,2.457,2.362,0.615,4.151,0.677
ongudai,kayancha_south,field,6.0,12.0,-300.0,5.0,1743.55,1738.55,2.698,2.610,0.684,4.699,0.683
ongudai,kayancha_south,field,6.0,12.0,-300.0,10.0,1748.55,1738.55,3.116,3.048,0.815,5.567,0.645
ongudai,kayancha_south,field,6.0,12.0,-300.0,30.0,1768.55,1738.55,4.812,4.811,1.374,7.341,0.104
ongudai,kayancha_south,field,6.0,12.0,-300.0,50.0,1788.55,1738.55,5.578,5.577,1.532,8.404,0.127
ongudai,kayancha_south,field,6.0,12.0,-300.0,100.0,1838.55,1738.55,6.782,6.768,1.593,10.238,0.441
ongudai,kayancha_south,field,6.0,12.0,-300.0,200.0,1938.55,1738.55,8.342,8.293,1.402,12.830,0.901
ongudai,kayancha_south,field,6.0,12.0,-300.0,300.0,2038.55,1738.55,9.304,9.235,1.139,14.955,1.128
ongudai,kayancha_south,field,6.0,12.0,-150.0,1.0,1809.93,1808.93,2.226,2.145,0.745,3.331,0.593
ongudai,kayancha_south,field,6.0,12.0,-150.0,1.5,1810.43,1808.93,2.408,2.321,0.806,3.672,0.642
ongudai,kayancha_south,field,6.0,12.0,-150.0,2.0,1810.93,1808.93,2.554,2.462,0.856,3.936,0.680
ongudai,kayancha_south,field,6.0,12.0,-150.0,3.0,1811.93,1808.93,2.779,2.679,0.930,4.341,0.738
ongudai,kayancha_south,field,6.0,12.0,-150.0,5.0,1813.93,1808.93,3.082,2.981,1.035,4.913,0.782
ongudai,kayancha_south,field,6.0,12.0,-150.0,10.0,1818.93,1808.93,3.660,3.596,1.262,5.821,0.682
ongudai,kayancha_south,field,6.0,12.0,-150.0,30.0,1838.93,1808.93,5.879,5.869,2.070,7.670,0.351
ongudai,kayancha_south,field,6.0,12.0,-150.0,50.0,1858.93,1808.93,6.764,6.746,2.099,8.777,0.502
ongudai,kayancha_south,field,6.0,12.0,-150.0,100.0,1908.93,1808.93,8.129,8.093,1.862,10.678,0.766
ongudai,kayancha_south,field,6.0,12.0,-150.0,200.0,2008.93,1808.93,9.355,9.299,1.287,13.350,1.027
ongudai,kayancha_south,field,6.0,12.0,-150.0,300.0,2108.93,1808.93,10.002,9.935,0.951,15.528,1.159
ongudai,kayancha_south,field,6.0,12.0,-50.0,1.0,1849.54,1848.54,2.073,1.970,0.782,3.413,0.648
ongudai,kayancha_south,field,6.0,12.0,-50.0,1.5,1850.04,1848.54,2.356,2.237,0.885,3.763,0.740
ongudai,kayancha_south,field,6.0,12.0,-50.0,2.0,1850.54,1848.54,2.567,2.436,0.961,4.033,0.807
ongudai,kayancha_south,field,6.0,12.0,-50.0,3.0,1851.54,1848.54,2.874,2.727,1.073,4.448,0.907
ongudai,kayancha_south,field,6.0,12.0,-50.0,5.0,1853.54,1848.54,3.323,3.153,1.204,5.034,1.050
ongudai,kayancha_south,field,6.0,12.0,-50.0,10.0,1858.54,1848.54,4.154,3.947,1.421,5.963,1.295
ongudai,kayancha_south,field,6.0,12.0,-50.0,30.0,1878.54,1848.54,7.136,7.079,2.074,7.856,0.898
ongudai,kayancha_south,field,6.0,12.0,-50.0,50.0,1898.54,1848.54,8.292,8.262,1.926,8.987,0.705
ongudai,kayancha_south,field,6.0,12.0,-50.0,100.0,1948.54,1848.54,9.157,9.118,1.398,10.926,0.851
ongudai,kayancha_south,field,6.0,12.0,-50.0,200.0,2048.54,1848.54,9.876,9.821,0.940,13.642,1.043
ongudai,kayancha_south,field,6.0,12.0,-50.0,300.0,2148.54,1848.54,10.336,10.271,0.726,15.851,1.158
ongudai,kayancha_south,field,6.0,12.0,-30.0,1.0,1858.21,1857.21,2.912,2.629,0.722,3.431,1.254
ongudai,kayancha_south,field,6.0,12.0,-30.0,1.5,1858.71,1857.21,3.209,2.896,0.796,3.783,1.382
ongudai,kayancha_south,field,6.0,12.0,-30.0,2.0,1859.21,1857.21,3.441,3.105,0.853,4.054,1.482
ongudai,kayancha_south,field,6.0,12.0,-30.0,3.0,1860.21,1857.21,3.736,3.383,0.928,4.471,1.585
ongudai,kayancha_south,field,6.0,12.0,-30.0,5.0,1862.21,1857.21,4.126,3.763,1.026,5.061,1.693
ongudai,kayancha_south,field,6.0,12.0,-30.0,10.0,1867.21,1857.21,4.799,4.486,1.197,5.994,1.705
ongudai,kayancha_south,field,6.0,12.0,-30.0,30.0,1887.21,1857.21,7.822,7.798,1.881,7.897,0.616
ongudai,kayancha_south,field,6.0,12.0,-30.0,50.0,1907.21,1857.21,8.582,8.558,1.664,9.033,0.641
ongudai,kayancha_south,field,6.0,12.0,-30.0,100.0,1957.21,1857.21,9.311,9.273,1.233,10.980,0.837
ongudai,kayancha_south,field,6.0,12.0,-30.0,200.0,2057.21,1857.21,9.958,9.904,0.859,13.706,1.041
ongudai,kayancha_south,field,6.0,12.0,-30.0,300.0,2157.21,1857.21,10.395,10.330,0.678,15.922,1.157
ongudai,kayancha_south,field,6.0,12.0,-20.0,1.0,1862.10,1861.10,3.065,2.835,0.625,3.439,1.164
ongudai,kayancha_south,field,6.0,12.0,-20.0,1.5,1862.60,1861.10,3.432,3.176,0.698,3.791,1.301
ongudai,kayancha_south,field,6.0,12.0,-20.0,2.0,1863.10,1861.10,3.711,3.435,0.754,4.064,1.405
ongudai,kayancha_south,field,6.0,12.0,-20.0,3.0,1864.10,1861.10,4.051,3.767,0.820,4.482,1.491
ongudai,kayancha_south,field,6.0,12.0,-20.0,5.0,1866.10,1861.10,4.495,4.212,0.906,5.072,1.567
ongudai,kayancha_south,field,6.0,12.0,-20.0,10.0,1871.10,1861.10,5.264,5.040,1.061,6.008,1.518
ongudai,kayancha_south,field,6.0,12.0,-20.0,30.0,1891.10,1861.10,8.116,8.097,1.660,7.915,0.561
ongudai,kayancha_south,field,6.0,12.0,-20.0,50.0,1911.10,1861.10,8.686,8.661,1.453,9.053,0.657
ongudai,kayancha_south,field,6.0,12.0,-20.0,100.0,1961.10,1861.10,9.367,9.330,1.131,11.004,0.836
ongudai,kayancha_south,field,6.0,12.0,-20.0,200.0,2061.10,1861.10,9.992,9.937,0.816,13.735,1.041
ongudai,kayancha_south,field,6.0,12.0,-20.0,300.0,2161.10,1861.10,10.420,10.356,0.653,15.953,1.157
ongudai,kayancha_south,field,6.0,12.0,-10.0,1.0,1865.94,1864.94,3.103,2.944,0.506,3.447,0.980
ongudai,kayancha_south,field,6.0,12.0,-10.0,1.5,1866.44,1864.94,3.577,3.396,0.581,3.800,1.125
ongudai,kayancha_south,field,6.0,12.0,-10.0,2.0,1866.94,1864.94,3.922,3.724,0.635,4.073,1.230
ongudai,kayancha_south,field,6.0,12.0,-10.0,3.0,1867.94,1864.94,4.343,4.141,0.695,4.492,1.309
ongudai,kayancha_south,field,6.0,12.0,-10.0,5.0,1869.94,1864.94,4.872,4.678,0.770,5.084,1.361
ongudai,kayancha_south,field,6.0,12.0,-10.0,10.0,1874.94,1864.94,5.759,5.613,0.905,6.022,1.291
ongudai,kayancha_south,field,6.0,12.0,-10.0,30.0,1894.94,1864.94,8.259,8.240,1.388,7.933,0.562
ongudai,kayancha_south,field,6.0,12.0,-10.0,50.0,1914.94,1864.94,8.772,8.746,1.249,9.073,0.666
ongudai,kayancha_south,field,6.0,12.0,-10.0,100.0,1964.94,1864.94,9.415,9.378,1.034,11.029,0.835
ongudai,kayancha_south,field,6.0,12.0,-10.0,200.0,2064.94,1864.94,10.023,9.968,0.775,13.763,1.041
ongudai,kayancha_south,field,6.0,12.0,-10.0,300.0,2164.94,1864.94,10.444,10.380,0.629,15.984,1.157
ongudai,kayancha_south,field,6.0,12.0,0.0,1.0,1869.76,1868.76,3.942,3.818,0.490,3.455,0.978
ongudai,kayancha_south,field,6.0,12.0,0.0,1.5,1870.26,1868.76,4.295,4.162,0.532,3.809,1.062
ongudai,kayancha_south,field,6.0,12.0,0.0,2.0,1870.76,1868.76,4.531,4.399,0.555,4.082,1.084
ongudai,kayancha_south,field,6.0,12.0,0.0,3.0,1871.76,1868.76,4.899,4.772,0.590,4.502,1.109
ongudai,kayancha_south,field,6.0,12.0,0.0,5.0,1873.76,1868.76,5.432,5.313,0.645,5.096,1.132
ongudai,kayancha_south,field,6.0,12.0,0.0,10.0,1878.76,1868.76,6.369,6.284,0.754,6.036,1.039
ongudai,kayancha_south,field,6.0,12.0,0.0,30.0,1898.76,1868.76,8.359,8.339,1.118,7.951,0.573
ongudai,kayancha_south,field,6.0,12.0,0.0,50.0,1918.76,1868.76,8.844,8.819,1.067,9.094,0.667
ongudai,kayancha_south,field,6.0,12.0,0.0,100.0,1968.76,1868.76,9.457,9.420,0.946,11.052,0.832
ongudai,kayancha_south,field,6.0,12.0,0.0,200.0,2068.76,1868.76,10.053,9.999,0.736,13.792,1.041
ongudai,kayancha_south,field,6.0,12.0,0.0,300.0,2168.76,1868.76,10.468,10.403,0.606,16.016,1.157
ongudai,kayancha_south,field,6.0,12.0,100.0,1.0,1875.42,1874.42,3.751,3.748,0.034,3.466,0.162
ongudai,kayancha_south,field,6.0,12.0,100.0,1.5,1875.92,1874.42,4.258,4.255,0.039,3.822,0.184
ongudai,kayancha_south,field,6.0,12.0,100.0,2.0,1876.42,1874.42,4.636,4.632,0.043,4.096,0.201
ongudai,kayancha_south,field,6.0,12.0,100.0,3.0,1877.42,1874.42,5.187,5.182,0.048,4.518,0.225
ongudai,kayancha_south,field,6.0,12.0,100.0,5.0,1879.42,1874.42,5.904,5.899,0.054,5.113,0.256
ongudai,kayancha_south,field,6.0,12.0,100.0,10.0,1884.42,1874.42,6.902,6.896,0.064,6.056,0.299
ongudai,kayancha_south,field,6.0,12.0,100.0,30.0,1904.42,1874.42,7.992,7.981,0.145,7.977,0.404
ongudai,kayancha_south,field,6.0,12.0,100.0,50.0,1924.42,1874.42,8.618,8.603,0.223,9.124,0.508
ongudai,kayancha_south,field,6.0,12.0,100.0,100.0,1974.42,1874.42,9.444,9.416,0.343,11.088,0.727
ongudai,kayancha_south,field,6.0,12.0,100.0,200.0,2074.42,1874.42,10.139,10.090,0.409,13.833,0.994
ongudai,kayancha_south,field,6.0,12.0,100.0,300.0,2174.42,1874.42,10.555,10.494,0.401,16.062,1.132
ongudai,kayancha_south,field,6.0,12.0,300.0,1.0,1846.10,1845.10,1.354,1.342,-0.139,3.406,-0.175
ongudai,kayancha_south,field,6.0,12.0,300.0,1.5,1846.60,1845.10,1.661,1.648,-0.164,3.755,-0.205
ongudai,kayancha_south,field,6.0,12.0,300.0,2.0,1847.10,1845.10,1.883,1.869,-0.182,4.025,-0.227
ongudai,kayancha_south,field,6.0,12.0,300.0,3.0,1848.10,1845.10,2.202,2.187,-0.207,4.439,-0.257
ongudai,kayancha_south,field,6.0,12.0,300.0,5.0,1850.10,1845.10,2.617,2.600,-0.238,5.024,-0.296
ongudai,kayancha_south,field,6.0,12.0,300.0,10.0,1855.10,1845.10,3.281,3.262,-0.280,5.951,-0.351
ongudai,kayancha_south,field,6.0,12.0,300.0,30.0,1875.10,1845.10,5.663,5.661,-0.446,7.840,-0.140
ongudai,kayancha_south,field,6.0,12.0,300.0,50.0,1895.10,1845.10,7.493,7.490,-0.546,8.968,0.194
ongudai,kayancha_south,field,6.0,12.0,300.0,100.0,1945.10,1845.10,8.855,8.839,-0.408,10.904,0.541
ongudai,kayancha_south,field,6.0,12.0,300.0,200.0,2045.10,1845.10,9.891,9.851,-0.166,13.617,0.889
ongudai,kayancha_south,field,6.0,12.0,300.0,300.0,2145.10,1845.10,10.439,10.383,-0.012,15.823,1.076
altai,sinyukha_west,field,3.0,12.0,-3000.0,1.0,383.47,382.47,0.895,0.895,-0.001,1.312,0.012
altai,sinyukha_west,field,3.0,12.0,-3000.0,1.5,383.97,382.47,1.029,1.029,-0.001,1.374,0.014
altai,sinyukha_west,field,3.0,12.0,-3000.0,2.0,384.47,382.47,1.127,1.127,-0.001,1.419,0.015
altai,sinyukha_west,field,3.0,12.0,-3000.0,3.0,385.47,382.47,1.269,1.268,-0.001,1.487,0.017
altai,sinyukha_west,field,3.0,12.0,-3000.0,5.0,387.47,382.47,1.450,1.450,-0.001,1.578,0.019
altai,sinyukha_west,field,3.0,12.0,-3000.0,10.0,392.47,382.47,1.700,1.700,-0.001,1.714,0.023
altai,sinyukha_west,field,3.0,12.0,-3000.0,30.0,412.47,382.47,2.100,2.100,-0.001,1.979,0.028
altai,sinyukha_west,field,3.0,12.0,-3000.0,50.0,432.47,382.47,2.295,2.295,-0.002,2.139,0.032
altai,sinyukha_west,field,3.0,12.0,-3000.0,100.0,482.47,382.47,2.605,2.605,-0.002,2.428,0.046
altai,sinyukha_west,field,3.0,12.0,-3000.0,200.0,582.47,382.47,2.693,2.692,0.001,2.876,0.075
altai,sinyukha_west,field,3.0,12.0,-3000.0,300.0,682.47,382.47,2.697,2.695,0.005,3.140,0.097
altai,sinyukha_west,field,3.0,12.0,-1000.0,1.0,717.11,716.11,0.572,0.551,0.025,1.776,0.154
altai,sinyukha_west,field,3.0,12.0,-1000.0,1.5,717.61,716.11,0.647,0.624,0.029,1.859,0.173
altai,sinyukha_west,field,3.0,12.0,-1000.0,2.0,718.11,716.11,0.703,0.678,0.031,1.921,0.188
altai,sinyukha_west,field,3.0,12.0,-1000.0,3.0,719.11,716.11,0.784,0.755,0.035,2.012,0.210
altai,sinyukha_west,field,3.0,12.0,-1000.0,5.0,721.11,716.11,0.890,0.858,0.039,2.133,0.238
altai,sinyukha_west,field,3.0,12.0,-1000.0,10.0,726.11,716.11,1.055,1.017,0.046,2.315,0.281
altai,sinyukha_west,field,3.0,12.0,-1000.0,30.0,746.11,716.11,1.662,1.634,0.081,2.658,0.301
altai,sinyukha_west,field,3.0,12.0,-1000.0,50.0,766.11,716.11,1.888,1.872,0.099,2.858,0.246
altai,sinyukha_west,field,3.0,12.0,-1000.0,100.0,816.11,716.11,2.146,2.139,0.117,3.205,0.173
altai,sinyukha_west,field,3.0,12.0,-1000.0,200.0,916.11,716.11,2.382,2.379,0.142,3.716,0.115
altai,sinyukha_west,field,3.0,12.0,-1000.0,300.0,1016.11,716.11,2.494,2.492,0.160,3.984,0.095
altai,sinyukha_west,field,3.0,12.0,-300.0,1.0,975.18,974.18,0.600,0.595,0.105,2.135,0.076
altai,sinyukha_west,field,3.0,12.0,-300.0,1.5,975.68,974.18,0.658,0.653,0.115,2.235,0.084
altai,sinyukha_west,field,3.0,12.0,-300.0,2.0,976.18,974.18,0.704,0.698,0.123,2.309,0.089
altai,sinyukha_west,field,3.0,12.0,-300.0,3.0,977.18,974.18,0.773,0.767,0.135,2.418,0.098
altai,sinyukha_west,field,3.0,12.0,-300.0,5.0,979.18,974.18,0.871,0.864,0.152,2.563,0.108
altai,sinyukha_west,field,3.0,12.0,-300.0,10.0,984.18,974.18,1.079,1.072,0.185,2.779,0.117
altai,sinyukha_west,field,3.0,12.0,-300.0,30.0,1004.18,974.18,1.845,1.842,0.300,3.184,0.101
altai,sinyukha_west,field,3.0,12.0,-300.0,50.0,1024.18,974.18,2.122,2.122,0.321,3.414,0.048
altai,sinyukha_west,field,3.0,12.0,-300.0,100.0,1074.18,974.18,2.419,2.418,0.310,3.806,-0.025
altai,sinyukha_west,field,3.0,12.0,-300.0,200.0,1174.18,974.18,2.676,2.674,0.258,4.365,-0.099
altai,sinyukha_west,field,3.0,12.0,-300.0,300.0,1274.18,974.18,2.759,2.756,0.205,4.636,-0.119
altai,sinyukha_west,field,3.0,12.0,-150.0,1.0,1035.89,1034.89,0.414,0.412,0.076,2.219,-0.046
altai,sinyukha_west,field,3.0,12.0,-150.0,1.5,1036.39,1034.89,0.501,0.498,0.092,2.323,-0.057
altai,sinyukha_west,field,3.0,12.0,-150.0,2.0,1036.89,1034.89,0.560,0.557,0.103,2.400,-0.064
altai,sinyukha_west,field,3.0,12.0,-150.0,3.0,1037.89,1034.89,0.642,0.638,0.118,2.513,-0.074
altai,sinyukha_west,field,3.0,12.0,-150.0,5.0,1039.89,1034.89,0.743,0.738,0.137,2.664,-0.086
altai,sinyukha_west,field,3.0,12.0,-150.0,10.0,1044.89,1034.89,0.879,0.873,0.162,2.888,-0.102
altai,sinyukha_west,field,3.0,12.0,-150.0,30.0,1064.89,1034.89,1.596,1.592,0.275,3.307,-0.109
altai,sinyukha_west,field,3.0,12.0,-150.0,50.0,1084.89,1034.89,2.291,2.288,0.366,3.545,-0.119
altai,sinyukha_west,field,3.0,12.0,-150.0,100.0,1134.89,1034.89,2.695,2.688,0.327,3.948,-0.191
altai,sinyukha_west,field,3.0,12.0,-150.0,200.0,1234.89,1034.89,2.856,2.847,0.216,4.518,-0.220
altai,sinyukha_west,field,3.0,12.0,-150.0,300.0,1334.89,1034.89,2.845,2.839,0.154,4.790,-0.199
altai,sinyukha_west,field,3.0,12.0,-50.0,1.0,1086.25,1085.25,0.987,0.964,0.070,2.289,-0.213
altai,sinyukha_west,field,3.0,12.0,-50.0,1.5,1086.75,1085.25,1.116,1.090,0.079,2.396,-0.240
altai,sinyukha_west,field,3.0,12.0,-50.0,2.0,1087.25,1085.25,1.213,1.185,0.085,2.476,-0.260
altai,sinyukha_west,field,3.0,12.0,-50.0,3.0,1088.25,1085.25,1.356,1.325,0.094,2.592,-0.290
altai,sinyukha_west,field,3.0,12.0,-50.0,5.0,1090.25,1085.25,1.543,1.508,0.107,2.748,-0.329
altai,sinyukha_west,field,3.0,12.0,-50.0,10.0,1095.25,1085.25,1.818,1.778,0.124,2.979,-0.377
altai,sinyukha_west,field,3.0,12.0,-50.0,30.0,1115.25,1085.25,2.693,2.669,0.203,3.410,-0.362
altai,sinyukha_west,field,3.0,12.0,-50.0,50.0,1135.25,1085.25,2.922,2.901,0.214,3.654,-0.349
altai,sinyukha_west,field,3.0,12.0,-50.0,100.0,1185.25,1085.25,2.953,2.935,0.182,4.065,-0.330
altai,sinyukha_west,field,3.0,12.0,-50.0,200.0,1285.25,1085.25,2.912,2.899,0.135,4.645,-0.280
altai,sinyukha_west,field,3.0,12.0,-50.0,300.0,1385.25,1085.25,2.853,2.844,0.102,4.917,-0.232
altai,sinyukha_west,field,3.0,12.0,-30.0,1.0,1096.17,1095.17,1.562,1.543,0.038,2.303,-0.247
altai,sinyukha_west,field,3.0,12.0,-30.0,1.5,1096.67,1095.17,1.678,1.656,0.040,2.411,-0.265
altai,sinyukha_west,field,3.0,12.0,-30.0,2.0,1097.17,1095.17,1.771,1.749,0.042,2.491,-0.280
altai,sinyukha_west,field,3.0,12.0,-30.0,3.0,1098.17,1095.17,1.920,1.896,0.046,2.608,-0.303
altai,sinyukha_west,field,3.0,12.0,-30.0,5.0,1100.17,1095.17,2.128,2.102,0.051,2.765,-0.336
altai,sinyukha_west,field,3.0,12.0,-30.0,10.0,1105.17,1095.17,2.448,2.418,0.058,2.997,-0.381
altai,sinyukha_west,field,3.0,12.0,-30.0,30.0,1125.17,1095.17,2.899,2.871,0.103,3.430,-0.402
altai,sinyukha_west,field,3.0,12.0,-30.0,50.0,1145.17,1095.17,2.958,2.933,0.133,3.675,-0.386
altai,sinyukha_west,field,3.0,12.0,-30.0,100.0,1195.17,1095.17,2.964,2.943,0.147,4.088,-0.347
altai,sinyukha_west,field,3.0,12.0,-30.0,200.0,1295.17,1095.17,2.913,2.898,0.121,4.670,-0.287
altai,sinyukha_west,field,3.0,12.0,-30.0,300.0,1395.17,1095.17,2.850,2.840,0.092,4.942,-0.236
altai,sinyukha_west,field,3.0,12.0,-20.0,1.0,1100.54,1099.54,1.695,1.677,0.024,2.309,-0.252
altai,sinyukha_west,field,3.0,12.0,-20.0,1.5,1101.04,1099.54,1.822,1.801,0.026,2.417,-0.270
altai,sinyukha_west,field,3.0,12.0,-20.0,2.0,1101.54,1099.54,1.924,1.903,0.027,2.497,-0.286
altai,sinyukha_west,field,3.0,12.0,-20.0,3.0,1102.54,1099.54,2.086,2.063,0.029,2.615,-0.310
altai,sinyukha_west,field,3.0,12.0,-20.0,5.0,1104.54,1099.54,2.309,2.283,0.033,2.772,-0.343
altai,sinyukha_west,field,3.0,12.0,-20.0,10.0,1109.54,1099.54,2.625,2.596,0.038,3.005,-0.389
altai,sinyukha_west,field,3.0,12.0,-20.0,30.0,1129.54,1099.54,2.914,2.885,0.074,3.439,-0.415
altai,sinyukha_west,field,3.0,12.0,-20.0,50.0,1149.54,1099.54,2.959,2.932,0.111,3.685,-0.396
altai,sinyukha_west,field,3.0,12.0,-20.0,100.0,1199.54,1099.54,2.963,2.942,0.134,4.098,-0.354
altai,sinyukha_west,field,3.0,12.0,-20.0,200.0,1299.54,1099.54,2.911,2.897,0.114,4.681,-0.291
altai,sinyukha_west,field,3.0,12.0,-20.0,300.0,1399.54,1099.54,2.848,2.838,0.088,4.953,-0.238
altai,sinyukha_west,field,3.0,12.0,-10.0,1.0,1104.26,1103.26,1.805,1.784,0.022,2.314,-0.275
altai,sinyukha_west,field,3.0,12.0,-10.0,1.5,1104.76,1103.26,1.926,1.903,0.023,2.423,-0.294
altai,sinyukha_west,field,3.0,12.0,-10.0,2.0,1105.26,1103.26,2.025,2.002,0.024,2.503,-0.309
altai,sinyukha_west,field,3.0,12.0,-10.0,3.0,1106.26,1103.26,2.184,2.158,0.026,2.621,-0.333
altai,sinyukha_west,field,3.0,12.0,-10.0,5.0,1108.26,1103.26,2.390,2.362,0.029,2.778,-0.365
altai,sinyukha_west,field,3.0,12.0,-10.0,10.0,1113.26,1103.26,2.666,2.635,0.033,3.011,-0.406
altai,sinyukha_west,field,3.0,12.0,-10.0,30.0,1133.26,1103.26,2.901,2.870,0.069,3.447,-0.420
altai,sinyukha_west,field,3.0,12.0,-10.0,50.0,1153.26,1103.26,2.946,2.919,0.100,3.693,-0.401
altai,sinyukha_west,field,3.0,12.0,-10.0,100.0,1203.26,1103.26,2.958,2.936,0.123,4.107,-0.359
altai,sinyukha_west,field,3.0,12.0,-10.0,200.0,1303.26,1103.26,2.909,2.894,0.107,4.690,-0.294
altai,sinyukha_west,field,3.0,12.0,-10.0,300.0,1403.26,1103.26,2.846,2.836,0.084,4.963,-0.240
altai,sinyukha_west,field,3.0,12.0,0.0,1.0,1107.89,1106.89,2.087,2.062,0.020,2.319,-0.328
altai,sinyukha_west,field,3.0,12.0,0.0,1.5,1108.39,1106.89,2.175,2.148,0.021,2.428,-0.341
altai,sinyukha_west,field,3.0,12.0,0.0,2.0,1108.89,1106.89,2.250,2.222,0.022,2.508,-0.353
altai,sinyukha_west,field,3.0,12.0,0.0,3.0,1109.89,1106.89,2.365,2.336,0.023,2.626,-0.371
altai,sinyukha_west,field,3.0,12.0,0.0,5.0,1111.89,1106.89,2.506,2.475,0.025,2.784,-0.393
altai,sinyukha_west,field,3.0,12.0,0.0,10.0,1116.89,1106.89,2.710,2.677,0.030,3.018,-0.423
altai,sinyukha_west,field,3.0,12.0,0.0,30.0,1136.89,1106.89,2.892,2.860,0.064,3.454,-0.425
altai,sinyukha_west,field,3.0,12.0,0.0,50.0,1156.89,1106.89,2.937,2.908,0.090,3.700,-0.407
altai,sinyukha_west,field,3.0,12.0,0.0,100.0,1206.89,1106.89,2.953,2.930,0.112,4.116,-0.364
altai,sinyukha_west,field,3.0,12.0,0.0,200.0,1306.89,1106.89,2.907,2.892,0.101,4.700,-0.297
altai,sinyukha_west,field,3.0,12.0,0.0,300.0,1406.89,1106.89,2.845,2.834,0.079,4.972,-0.243
altai,sinyukha_west,field,3.0,12.0,100.0,1.0,1097.30,1096.30,0.926,0.910,-0.020,2.305,-0.174
altai,sinyukha_west,field,3.0,12.0,100.0,1.5,1097.80,1096.30,1.103,1.083,-0.023,2.413,-0.208
altai,sinyukha_west,field,3.0,12.0,100.0,2.0,1098.30,1096.30,1.227,1.206,-0.025,2.492,-0.231
altai,sinyukha_west,field,3.0,12.0,100.0,3.0,1099.30,1096.30,1.402,1.377,-0.028,2.610,-0.264
altai,sinyukha_west,field,3.0,12.0,100.0,5.0,1101.30,1096.30,1.591,1.562,-0.031,2.767,-0.300
altai,sinyukha_west,field,3.0,12.0,100.0,10.0,1106.30,1096.30,1.953,1.918,-0.035,2.999,-0.371
altai,sinyukha_west,field,3.0,12.0,100.0,30.0,1126.30,1096.30,2.654,2.609,-0.038,3.432,-0.487
altai,sinyukha_west,field,3.0,12.0,100.0,50.0,1146.30,1096.30,2.772,2.731,-0.016,3.678,-0.472
altai,sinyukha_west,field,3.0,12.0,100.0,100.0,1196.30,1096.30,2.873,2.842,0.022,4.091,-0.423
altai,sinyukha_west,field,3.0,12.0,100.0,200.0,1296.30,1096.30,2.889,2.868,0.050,4.673,-0.346
altai,sinyukha_west,field,3.0,12.0,100.0,300.0,1396.30,1096.30,2.844,2.830,0.047,4.945,-0.283
altai,sinyukha_west,field,3.0,12.0,300.0,1.0,1057.97,1056.97,0.350,0.349,-0.025,2.250,-0.021
altai,sinyukha_west,field,3.0,12.0,300.0,1.5,1058.47,1056.97,0.399,0.398,-0.028,2.355,-0.024
altai,sinyukha_west,field,3.0,12.0,300.0,2.0,1058.97,1056.97,0.436,0.436,-0.030,2.433,-0.026
altai,sinyukha_west,field,3.0,12.0,300.0,3.0,1059.97,1056.97,0.496,0.495,-0.034,2.548,-0.029
altai,sinyukha_west,field,3.0,12.0,300.0,5.0,1061.97,1056.97,0.593,0.592,-0.038,2.701,-0.033
altai,sinyukha_west,field,3.0,12.0,300.0,10.0,1066.97,1056.97,0.849,0.848,-0.049,2.928,-0.045
altai,sinyukha_west,field,3.0,12.0,300.0,30.0,1086.97,1056.97,1.775,1.770,-0.101,3.352,-0.137
altai,sinyukha_west,field,3.0,12.0,300.0,50.0,1106.97,1056.97,2.169,2.151,-0.116,3.593,-0.280
altai,sinyukha_west,field,3.0,12.0,300.0,100.0,1156.97,1056.97,2.577,2.548,-0.086,3.999,-0.388
altai,sinyukha_west,field,3.0,12.0,300.0,200.0,1256.97,1056.97,2.762,2.736,-0.034,4.574,-0.379
altai,sinyukha_west,field,3.0,12.0,300.0,300.0,1356.97,1056.97,2.790,2.770,-0.014,4.846,-0.336
altai,sinyukha_west,field,10.0,12.0,-3000.0,1.0,383.47,382.47,2.028,2.020,0.003,3.257,0.184
altai,sinyukha_west,field,10.0,12.0,-3000.0,1.5,383.97,382.47,2.332,2.323,0.004,3.591,0.211
altai,sinyukha_west,field,10.0,12.0,-3000.0,2.0,384.47,382.47,2.555,2.544,0.004,3.850,0.232
altai,sinyukha_west,field,10.0,12.0,-3000.0,3.0,385.47,382.47,2.875,2.863,0.005,4.248,0.261
altai,sinyukha_west,field,10.0,12.0,-3000.0,5.0,387.47,382.47,3.286,3.273,0.005,4.812,0.298
altai,sinyukha_west,field,10.0,12.0,-3000.0,10.0,392.47,382.47,3.853,3.837,0.006,5.714,0.349
altai,sinyukha_west,field,10.0,12.0,-3000.0,30.0,412.47,382.47,4.761,4.741,0.008,7.593,0.431
altai,sinyukha_west,field,10.0,12.0,-3000.0,50.0,432.47,382.47,5.244,5.222,0.009,8.760,0.473
altai,sinyukha_west,field,10.0,12.0,-3000.0,100.0,482.47,382.47,6.274,6.250,0.019,10.867,0.547
altai,sinyukha_west,field,10.0,12.0,-3000.0,200.0,582.47,382.47,7.122,7.099,0.080,14.066,0.574
altai,sinyukha_west,field,10.0,12.0,-3000.0,300.0,682.47,382.47,7.766,7.744,0.143,16.860,0.578
altai,sinyukha_west,field,10.0,12.0,-1000.0,1.0,717.11,716.11,1.534,1.491,0.268,4.409,0.358
altai,sinyukha_west,field,10.0,12.0,-1000.0,1.5,717.61,716.11,1.734,1.687,0.303,4.861,0.404
altai,sinyukha_west,field,10.0,12.0,-1000.0,2.0,718.11,716.11,1.885,1.833,0.329,5.211,0.439
altai,sinyukha_west,field,10.0,12.0,-1000.0,3.0,719.11,716.11,2.100,2.043,0.365,5.748,0.489
altai,sinyukha_west,field,10.0,12.0,-1000.0,5.0,721.11,716.11,2.387,2.322,0.412,6.508,0.553
altai,sinyukha_west,field,10.0,12.0,-1000.0,10.0,726.11,716.11,2.830,2.754,0.487,7.715,0.649
altai,sinyukha_west,field,10.0,12.0,-1000.0,30.0,746.11,716.11,4.564,4.520,0.855,10.199,0.635
altai,sinyukha_west,field,10.0,12.0,-1000.0,50.0,766.11,716.11,5.347,5.330,1.068,11.706,0.436
altai,sinyukha_west,field,10.0,12.0,-1000.0,100.0,816.11,716.11,6.508,6.505,1.243,14.346,0.192
altai,sinyukha_west,field,10.0,12.0,-1000.0,200.0,916.11,716.11,7.884,7.883,1.319,18.174,0.052
altai,sinyukha_west,field,10.0,12.0,-1000.0,300.0,1016.11,716.11,8.805,8.805,1.323,21.389,0.035
altai,sinyukha_west,field,10.0,12.0,-300.0,1.0,975.18,974.18,1.881,1.875,0.759,5.300,0.147
altai,sinyukha_west,field,10.0,12.0,-300.0,1.5,975.68,974.18,2.064,2.058,0.833,5.843,0.160
altai,sinyukha_west,field,10.0,12.0,-300.0,2.0,976.18,974.18,2.208,2.201,0.891,6.263,0.171
altai,sinyukha_west,field,10.0,12.0,-300.0,3.0,977.18,974.18,2.426,2.419,0.979,6.908,0.188
altai,sinyukha_west,field,10.0,12.0,-300.0,5.0,979.18,974.18,2.742,2.734,1.100,7.819,0.201
altai,sinyukha_west,field,10.0,12.0,-300.0,10.0,984.18,974.18,3.428,3.424,1.339,9.264,0.181
altai,sinyukha_west,field,10.0,12.0,-300.0,30.0,1004.18,974.18,6.041,6.041,2.163,12.215,-0.041
altai,sinyukha_west,field,10.0,12.0,-300.0,50.0,1024.18,974.18,7.189,7.183,2.328,13.985,-0.295
altai,sinyukha_west,field,10.0,12.0,-300.0,100.0,1074.18,974.18,8.735,8.713,2.299,17.037,-0.627
altai,sinyukha_west,field,10.0,12.0,-300.0,200.0,1174.18,974.18,10.346,10.312,1.997,21.352,-0.833
altai,sinyukha_west,field,10.0,12.0,-300.0,300.0,1274.18,974.18,11.174,11.145,1.657,24.892,-0.798
altai,sinyukha_west,field,10.0,12.0,-150.0,1.0,1035.89,1034.89,1.446,1.405,0.500,5.509,-0.340
altai,sinyukha_west,field,10.0,12.0,-150.0,1.5,1036.39,1034.89,1.749,1.699,0.605,6.074,-0.414
altai,sinyukha_west,field,10.0,12.0,-150.0,2.0,1036.89,1034.89,1.956,1.900,0.676,6.510,-0.465
altai,sinyukha_west,field,10.0,12.0,-150.0,3.0,1037.89,1034.89,2.242,2.177,0.775,7.180,-0.535
altai,sinyukha_west,field,10.0,12.0,-150.0,5.0,1039.89,1034.89,2.594,2.519,0.896,8.127,-0.621
altai,sinyukha_west,field,10.0,12.0,-150.0,10.0,1044.89,1034.89,3.070,2.980,1.060,9.628,-0.735
altai,sinyukha_west,field,10.0,12.0,-150.0,30.0,1064.89,1034.89,5.586,5.521,1.820,12.689,-0.850
altai,sinyukha_west,field,10.0,12.0,-150.0,50.0,1084.89,1034.89,8.162,8.108,2.450,14.521,-0.935
altai,sinyukha_west,field,10.0,12.0,-150.0,100.0,1134.89,1034.89,10.143,10.068,2.308,17.670,-1.233
altai,sinyukha_west,field,10.0,12.0,-150.0,200.0,1234.89,1034.89,11.382,11.314,1.695,22.100,-1.243
altai,sinyukha_west,field,10.0,12.0,-150.0,300.0,1334.89,1034.89,11.849,11.803,1.338,25.715,-1.050
altai,sinyukha_west,field,10.0,12.0,-50.0,1.0,1086.25,1085.25,3.574,3.432,0.458,5.683,-0.996
altai,sinyukha_west,field,10.0,12.0,-50.0,1.5,1086.75,1085.25,4.041,3.882,0.514,6.266,-1.122
altai,sinyukha_west,field,10.0,12.0,-50.0,2.0,1087.25,1085.25,4.393,4.221,0.555,6.716,-1.217
altai,sinyukha_west,field,10.0,12.0,-50.0,3.0,1088.25,1085.25,4.909,4.718,0.616,7.407,-1.357
altai,sinyukha_west,field,10.0,12.0,-50.0,5.0,1090.25,1085.25,5.586,5.369,0.695,8.383,-1.540
altai,sinyukha_west,field,10.0,12.0,-50.0,10.0,1095.25,1085.25,6.579,6.336,0.811,9.930,-1.769
altai,sinyukha_west,field,10.0,12.0,-50.0,30.0,1115.25,1085.25,9.793,9.627,1.347,13.082,-1.793
altai,sinyukha_west,field,10.0,12.0,-50.0,50.0,1135.25,1085.25,10.865,10.717,1.485,14.965,-1.782
altai,sinyukha_west,field,10.0,12.0,-50.0,100.0,1185.25,1085.25,11.469,11.340,1.391,18.195,-1.712
altai,sinyukha_west,field,10.0,12.0,-50.0,200.0,1285.25,1085.25,11.897,11.814,1.188,22.720,-1.403
altai,sinyukha_west,field,10.0,12.0,-50.0,300.0,1385.25,1085.25,12.172,12.120,1.029,26.399,-1.123
altai,sinyukha_west,field,10.0,12.0,-30.0,1.0,1096.17,1095.17,5.636,5.517,0.263,5.717,-1.155
altai,sinyukha_west,field,10.0,12.0,-30.0,1.5,1096.67,1095.17,6.052,5.923,0.282,6.304,-1.240
altai,sinyukha_west,field,10.0,12.0,-30.0,2.0,1097.17,1095.17,6.391,6.255,0.297,6.756,-1.309
altai,sinyukha_west,field,10.0,12.0,-30.0,3.0,1098.17,1095.17,6.925,6.778,0.321,7.451,-1.418
altai,sinyukha_west,field,10.0,12.0,-30.0,5.0,1100.17,1095.17,7.677,7.515,0.355,8.433,-1.570
altai,sinyukha_west,field,10.0,12.0,-30.0,10.0,1105.17,1095.17,8.829,8.647,0.408,9.990,-1.784
altai,sinyukha_west,field,10.0,12.0,-30.0,30.0,1125.17,1095.17,10.616,10.438,0.735,13.160,-1.935
altai,sinyukha_west,field,10.0,12.0,-30.0,50.0,1145.17,1095.17,11.094,10.928,0.989,15.053,-1.912
altai,sinyukha_west,field,10.0,12.0,-30.0,100.0,1195.17,1095.17,11.581,11.446,1.176,18.299,-1.763
altai,sinyukha_west,field,10.0,12.0,-30.0,200.0,1295.17,1095.17,11.959,11.874,1.096,22.842,-1.417
altai,sinyukha_west,field,10.0,12.0,-30.0,300.0,1395.17,1095.17,12.221,12.168,0.973,26.534,-1.129
altai,sinyukha_west,field,10.0,12.0,-20.0,1.0,1100.54,1099.54,6.108,5.995,0.180,5.732,-1.172
altai,sinyukha_west,field,10.0,12.0,-20.0,1.5,1101.04,1099.54,6.562,6.441,0.193,6.320,-1.259
altai,sinyukha_west,field,10.0,12.0,-20.0,2.0,1101.54,1099.54,6.932,6.804,0.204,6.774,-1.330
altai,sinyukha_west,field,10.0,12.0,-20.0,3.0,1102.54,1099.54,7.514,7.374,0.221,7.471,-1.441
altai,sinyukha_west,field,10.0,12.0,-20.0,5.0,1104.54,1099.54,8.318,8.164,0.245,8.456,-1.595
altai,sinyukha_west,field,10.0,12.0,-20.0,10.0,1109.54,1099.54,9.460,9.285,0.281,10.016,-1.813
altai,sinyukha_west,field,10.0,12.0,-20.0,30.0,1129.54,1099.54,10.710,10.526,0.561,13.194,-1.979
altai,sinyukha_west,field,10.0,12.0,-20.0,50.0,1149.54,1099.54,11.135,10.964,0.852,15.091,-1.946
altai,sinyukha_west,field,10.0,12.0,-20.0,100.0,1199.54,1099.54,11.611,11.474,1.093,18.344,-1.780
altai,sinyukha_west,field,10.0,12.0,-20.0,200.0,1299.54,1099.54,11.982,11.897,1.054,22.896,-1.424
altai,sinyukha_west,field,10.0,12.0,-20.0,300.0,1399.54,1099.54,12.241,12.189,0.947,26.593,-1.133
altai,sinyukha_west,field,10.0,12.0,-10.0,1.0,1104.26,1103.26,6.491,6.366,0.166,5.745,-1.265
altai,sinyukha_west,field,10.0,12.0,-10.0,1.5,1104.76,1103.26,6.925,6.792,0.177,6.334,-1.350
altai,sinyukha_west,field,10.0,12.0,-10.0,2.0,1105.26,1103.26,7.284,7.144,0.186,6.789,-1.420
altai,sinyukha_west,field,10.0,12.0,-10.0,3.0,1106.26,1103.26,7.854,7.703,0.200,7.488,-1.531
altai,sinyukha_west,field,10.0,12.0,-10.0,5.0,1108.26,1103.26,8.596,8.431,0.221,8.474,-1.676
altai,sinyukha_west,field,10.0,12.0,-10.0,10.0,1113.26,1103.26,9.601,9.418,0.257,10.038,-1.868
altai,sinyukha_west,field,10.0,12.0,-10.0,30.0,1133.26,1103.26,10.699,10.512,0.538,13.223,-1.993
altai,sinyukha_west,field,10.0,12.0,-10.0,50.0,1153.26,1103.26,11.127,10.953,0.790,15.124,-1.960
altai,sinyukha_west,field,10.0,12.0,-10.0,100.0,1203.26,1103.26,11.621,11.482,1.025,18.383,-1.792
altai,sinyukha_west,field,10.0,12.0,-10.0,200.0,1303.26,1103.26,11.999,11.913,1.015,22.941,-1.430
altai,sinyukha_west,field,10.0,12.0,-10.0,300.0,1403.26,1103.26,12.258,12.205,0.921,26.643,-1.137
altai,sinyukha_west,field,10.0,12.0,0.0,1.0,1107.89,1106.89,7.494,7.345,0.163,5.758,-1.486
altai,sinyukha_west,field,10.0,12.0,0.0,1.5,1108.39,1106.89,7.807,7.652,0.170,6.348,-1.548
altai,sinyukha_west,field,10.0,12.0,0.0,2.0,1108.89,1106.89,8.079,7.918,0.176,6.804,-1.602
altai,sinyukha_west,field,10.0,12.0,0.0,3.0,1109.89,1106.89,8.493,8.324,0.186,7.504,-1.684
altai,sinyukha_west,field,10.0,12.0,0.0,5.0,1111.89,1106.89,9.005,8.826,0.203,8.493,-1.785
altai,sinyukha_west,field,10.0,12.0,0.0,10.0,1116.89,1106.89,9.765,9.573,0.238,10.060,-1.927
altai,sinyukha_west,field,10.0,12.0,0.0,30.0,1136.89,1106.89,10.709,10.519,0.512,13.251,-2.010
altai,sinyukha_west,field,10.0,12.0,0.0,50.0,1156.89,1106.89,11.131,10.955,0.730,15.156,-1.975
altai,sinyukha_west,field,10.0,12.0,0.0,100.0,1206.89,1106.89,11.633,11.493,0.961,18.421,-1.804
altai,sinyukha_west,field,10.0,12.0,0.0,200.0,1306.89,1106.89,12.016,11.930,0.976,22.986,-1.436
altai,sinyukha_west,field,10.0,12.0,0.0,300.0,1406.89,1106.89,12.274,12.221,0.897,26.693,-1.141
altai,sinyukha_west,field,10.0,12.0,100.0,1.0,1097.30,1096.30,3.161,3.094,-0.104,5.721,-0.646
altai,sinyukha_west,field,10.0,12.0,100.0,1.5,1097.80,1096.30,3.767,3.687,-0.121,6.308,-0.772
altai,sinyukha_west,field,10.0,12.0,100.0,2.0,1098.30,1096.30,4.193,4.104,-0.133,6.761,-0.860
altai,sinyukha_west,field,10.0,12.0,100.0,3.0,1099.30,1096.30,4.790,4.689,-0.149,7.456,-0.983
altai,sinyukha_west,field,10.0,12.0,100.0,5.0,1101.30,1096.30,5.455,5.337,-0.163,8.439,-1.129
altai,sinyukha_west,field,10.0,12.0,100.0,10.0,1106.30,1096.30,6.775,6.621,-0.178,9.997,-1.435
altai,sinyukha_west,field,10.0,12.0,100.0,30.0,1126.30,1096.30,9.595,9.376,-0.157,13.169,-2.042
altai,sinyukha_west,field,10.0,12.0,100.0,50.0,1146.30,1096.30,10.402,10.188,0.025,15.063,-2.100
altai,sinyukha_west,field,10.0,12.0,100.0,100.0,1196.30,1096.30,11.326,11.150,0.357,18.310,-1.989
altai,sinyukha_west,field,10.0,12.0,100.0,200.0,1296.30,1096.30,11.974,11.864,0.637,22.856,-1.613
altai,sinyukha_west,field,10.0,12.0,100.0,300.0,1396.30,1096.30,12.287,12.220,0.683,26.549,-1.284
altai,sinyukha_west,field,10.0,12.0,300.0,1.0,1057.97,1056.97,0.632,-0.616,-0.099,5.585,0.142
altai,sinyukha_west,field,10.0,12.0,300.0,1.5,1058.47,1056.97,0.504,-0.478,-0.111,6.158,0.159
altai,sinyukha_west,field,10.0,12.0,300.0,2.0,1058.97,1056.97,0.403,-0.365,-0.120,6.601,0.171
altai,sinyukha_west,field,10.0,12.0,300.0,3.0,1059.97,1056.97,0.255,-0.173,-0.134,7.280,0.187
altai,sinyukha_west,field,10.0,12.0,300.0,5.0,1061.97,1056.97,0.265,0.170,-0.155,8.239,0.203
altai,sinyukha_west,field,10.0,12.0,300.0,10.0,1066.97,1056.97,1.124,1.108,-0.208,9.760,0.188
altai,sinyukha_west,field,10.0,12.0,300.0,30.0,1086.97,1056.97,5.112,5.111,-0.486,12.861,-0.081
altai,sinyukha_west,field,10.0,12.0,300.0,50.0,1106.97,1056.97,7.476,7.409,-0.587,14.715,-1.003
altai,sinyukha_west,field,10.0,12.0,300.0,100.0,1156.97,1056.97,10.068,9.908,-0.347,17.900,-1.790
altai,sinyukha_west,field,10.0,12.0,300.0,200.0,1256.97,1056.97,11.495,11.359,0.080,22.371,-1.761
altai,sinyukha_west,field,10.0,12.0,300.0,300.0,1356.97,1056.97,12.072,11.980,0.277,26.015,-1.489
altai,sinyukha_east,field,3.0,12.0,-3000.0,1.0,671.64,670.64,1.511,1.438,-0.013,1.570,0.465
altai,sinyukha_east,field,3.0,12.0,-3000.0,1.5,672.14,670.64,1.728,1.645,-0.015,1.644,0.532
altai,sinyukha_east,field,3.0,12.0,-3000.0,2.0,672.64,670.64,1.889,1.797,-0.017,1.699,0.581
altai,sinyukha_east,field,3.0,12.0,-3000.0,3.0,673.64,670.64,2.046,1.948,-0.018,1.779,0.624
altai,sinyukha_east,field,3.0,12.0,-3000.0,5.0,675.64,670.64,2.136,2.039,-0.020,1.887,0.635
altai,sinyukha_east,field,3.0,12.0,-3000.0,10.0,680.64,670.64,2.262,2.170,-0.022,2.049,0.637
altai,sinyukha_east,field,3.0,12.0,-3000.0,30.0,700.64,670.64,2.408,2.355,-0.029,2.358,0.503
altai,sinyukha_east,field,3.0,12.0,-3000.0,50.0,720.64,670.64,2.489,2.466,-0.036,2.540,0.338
altai,sinyukha_east,field,3.0,12.0,-3000.0,100.0,770.64,670.64,2.545,2.528,-0.044,2.861,0.290
altai,sinyukha_east,field,3.0,12.0,-3000.0,200.0,870.64,670.64,2.583,2.569,-0.081,3.344,0.276
altai,sinyukha_east,field,3.0,12.0,-3000.0,300.0,970.64,670.64,2.593,2.581,-0.125,3.610,0.243
altai,sinyukha_east,field,3.0,12.0,-1000.0,1.0,800.96,799.96,0.608,0.555,0.027,1.750,0.249
altai,sinyukha_east,field,3.0,12.0,-1000.0,1.5,801.46,799.96,0.710,0.648,0.031,1.832,0.291
altai,sinyukha_east,field,3.0,12.0,-1000.0,2.0,801.96,799.96,0.783,0.714,0.034,1.893,0.321
altai,sinyukha_east,field,3.0,12.0,-1000.0,3.0,802.96,799.96,0.886,0.808,0.039,1.983,0.363
altai,sinyukha_east,field,3.0,12.0,-1000.0,5.0,804.96,799.96,1.017,0.927,0.045,2.103,0.417
altai,sinyukha_east,field,3.0,12.0,-1000.0,10.0,809.96,799.96,1.220,1.120,0.053,2.281,0.483
altai,sinyukha_east,field,3.0,12.0,-1000.0,30.0,829.96,799.96,1.728,1.640,0.089,2.621,0.546
altai,sinyukha_east,field,3.0,12.0,-1000.0,50.0,849.96,799.96,1.934,1.860,0.106,2.818,0.530
altai,sinyukha_east,field,3.0,12.0,-1000.0,100.0,899.96,799.96,2.137,2.081,0.130,3.162,0.486
altai,sinyukha_east,field,3.0,12.0,-1000.0,200.0,999.96,799.96,2.317,2.278,0.171,3.669,0.425
altai,sinyukha_east,field,3.0,12.0,-1000.0,300.0,1099.96,799.96,2.417,2.389,0.196,3.937,0.371
altai,sinyukha_east,field,3.0,12.0,-300.0,1.0,1050.65,1049.65,0.374,0.373,0.098,2.098,0.021
altai,sinyukha_east,field,3.0,12.0,-300.0,1.5,1051.15,1049.65,0.467,0.466,0.122,2.196,0.026
altai,sinyukha_east,field,3.0,12.0,-300.0,2.0,1051.65,1049.65,0.529,0.528,0.138,2.268,0.030
altai,sinyukha_east,field,3.0,12.0,-300.0,3.0,1052.65,1049.65,0.613,0.612,0.160,2.375,0.034
altai,sinyukha_east,field,3.0,12.0,-300.0,5.0,1054.65,1049.65,0.716,0.714,0.187,2.519,0.040
altai,sinyukha_east,field,3.0,12.0,-300.0,10.0,1059.65,1049.65,0.851,0.850,0.223,2.731,0.047
altai,sinyukha_east,field,3.0,12.0,-300.0,30.0,1079.65,1049.65,1.570,1.544,0.420,3.129,0.282
altai,sinyukha_east,field,3.0,12.0,-300.0,50.0,1099.65,1049.65,1.996,1.956,0.531,3.356,0.394
altai,sinyukha_east,field,3.0,12.0,-300.0,100.0,1149.65,1049.65,2.387,2.352,0.593,3.744,0.407
altai,sinyukha_east,field,3.0,12.0,-300.0,200.0,1249.65,1049.65,2.740,2.716,0.516,4.298,0.357
altai,sinyukha_east,field,3.0,12.0,-300.0,300.0,1349.65,1049.65,2.858,2.844,0.365,4.569,0.286
altai,sinyukha_east,field,3.0,12.0,-150.0,1.0,1129.84,1128.84,0.534,0.521,0.231,2.208,0.116
altai,sinyukha_east,field,3.0,12.0,-150.0,1.5,1130.34,1128.84,0.636,0.621,0.275,2.311,0.138
altai,sinyukha_east,field,3.0,12.0,-150.0,2.0,1130.84,1128.84,0.703,0.686,0.303,2.387,0.152
altai,sinyukha_east,field,3.0,12.0,-150.0,3.0,1131.84,1128.84,0.794,0.776,0.342,2.500,0.170
altai,sinyukha_east,field,3.0,12.0,-150.0,5.0,1133.84,1128.84,0.916,0.895,0.392,2.650,0.195
altai,sinyukha_east,field,3.0,12.0,-150.0,10.0,1138.84,1128.84,1.134,1.110,0.471,2.873,0.230
altai,sinyukha_east,field,3.0,12.0,-150.0,30.0,1158.84,1128.84,1.942,1.904,0.755,3.290,0.379
altai,sinyukha_east,field,3.0,12.0,-150.0,50.0,1178.84,1128.84,2.374,2.336,0.830,3.527,0.426
altai,sinyukha_east,field,3.0,12.0,-150.0,100.0,1228.84,1128.84,2.845,2.817,0.741,3.928,0.397
altai,sinyukha_east,field,3.0,12.0,-150.0,200.0,1328.84,1128.84,3.052,3.037,0.411,4.497,0.306
altai,sinyukha_east,field,3.0,12.0,-150.0,300.0,1428.84,1128.84,3.015,3.007,0.188,4.769,0.227
altai,sinyukha_east,field,3.0,12.0,-50.0,1.0,1185.06,1184.06,0.992,0.988,0.124,2.284,0.081
altai,sinyukha_east,field,3.0,12.0,-50.0,1.5,1185.56,1184.06,1.190,1.186,0.146,2.391,0.098
altai,sinyukha_east,field,3.0,12.0,-50.0,2.0,1186.06,1184.06,1.331,1.326,0.162,2.470,0.111
altai,sinyukha_east,field,3.0,12.0,-50.0,3.0,1187.06,1184.06,1.528,1.523,0.184,2.587,0.128
altai,sinyukha_east,field,3.0,12.0,-50.0,5.0,1189.06,1184.06,1.777,1.771,0.211,2.742,0.150
altai,sinyukha_east,field,3.0,12.0,-50.0,10.0,1194.06,1184.06,2.122,2.115,0.247,2.973,0.179
altai,sinyukha_east,field,3.0,12.0,-50.0,30.0,1214.06,1184.06,2.979,2.957,0.419,3.403,0.354
altai,sinyukha_east,field,3.0,12.0,-50.0,50.0,1234.06,1184.06,3.184,3.162,0.460,3.646,0.375
altai,sinyukha_east,field,3.0,12.0,-50.0,100.0,1284.06,1184.06,3.211,3.194,0.352,4.057,0.325
altai,sinyukha_east,field,3.0,12.0,-50.0,200.0,1384.06,1184.06,3.123,3.113,0.142,4.636,0.249
altai,sinyukha_east,field,3.0,12.0,-50.0,300.0,1484.06,1184.06,3.018,3.012,0.004,4.908,0.180
altai,sinyukha_east,field,3.0,12.0,-30.0,1.0,1196.24,1195.24,1.669,1.658,0.073,2.300,0.194
altai,sinyukha_east,field,3.0,12.0,-30.0,1.5,1196.74,1195.24,1.843,1.831,0.081,2.408,0.214
altai,sinyukha_east,field,3.0,12.0,-30.0,2.0,1197.24,1195.24,1.979,1.966,0.087,2.487,0.230
altai,sinyukha_east,field,3.0,12.0,-30.0,3.0,1198.24,1195.24,2.187,2.172,0.096,2.604,0.254
altai,sinyukha_east,field,3.0,12.0,-30.0,5.0,1200.24,1195.24,2.468,2.451,0.108,2.761,0.287
altai,sinyukha_east,field,3.0,12.0,-30.0,10.0,1205.24,1195.24,2.844,2.825,0.126,2.993,0.328
altai,sinyukha_east,field,3.0,12.0,-30.0,30.0,1225.24,1195.24,3.163,3.143,0.227,3.426,0.356
altai,sinyukha_east,field,3.0,12.0,-30.0,50.0,1245.24,1195.24,3.215,3.197,0.283,3.670,0.345
altai,sinyukha_east,field,3.0,12.0,-30.0,100.0,1295.24,1195.24,3.215,3.200,0.249,4.083,0.310
altai,sinyukha_east,field,3.0,12.0,-30.0,200.0,1395.24,1195.24,3.117,3.108,0.088,4.664,0.238
altai,sinyukha_east,field,3.0,12.0,-30.0,300.0,1495.24,1195.24,3.009,3.004,-0.030,4.937,0.171
altai,sinyukha_east,field,3.0,12.0,-20.0,1.0,1201.08,1200.08,1.805,1.790,0.057,2.307,0.225
altai,sinyukha_east,field,3.0,12.0,-20.0,1.5,1201.58,1200.08,2.005,1.990,0.064,2.415,0.251
altai,sinyukha_east,field,3.0,12.0,-20.0,2.0,1202.08,1200.08,2.160,2.143,0.069,2.494,0.270
altai,sinyukha_east,field,3.0,12.0,-20.0,3.0,1203.08,1200.08,2.360,2.342,0.076,2.612,0.294
altai,sinyukha_east,field,3.0,12.0,-20.0,5.0,1205.08,1200.08,2.617,2.597,0.085,2.769,0.325
altai,sinyukha_east,field,3.0,12.0,-20.0,10.0,1210.08,1200.08,2.929,2.907,0.101,3.002,0.357
altai,sinyukha_east,field,3.0,12.0,-20.0,30.0,1230.08,1200.08,3.148,3.128,0.191,3.435,0.355
altai,sinyukha_east,field,3.0,12.0,-20.0,50.0,1250.08,1200.08,3.199,3.181,0.237,3.681,0.342
altai,sinyukha_east,field,3.0,12.0,-20.0,100.0,1300.08,1200.08,3.205,3.190,0.208,4.094,0.304
altai,sinyukha_east,field,3.0,12.0,-20.0,200.0,1400.08,1200.08,3.111,3.102,0.064,4.677,0.233
altai,sinyukha_east,field,3.0,12.0,-20.0,300.0,1500.08,1200.08,3.004,2.999,-0.047,4.949,0.167
altai,sinyukha_east,field,3.0,12.0,-10.0,1.0,1205.69,1204.69,1.789,1.773,0.046,2.313,0.235
altai,sinyukha_east,field,3.0,12.0,-10.0,1.5,1206.19,1204.69,2.055,2.037,0.053,2.421,0.271
altai,sinyukha_east,field,3.0,12.0,-10.0,2.0,1206.69,1204.69,2.250,2.230,0.058,2.501,0.296
altai,sinyukha_east,field,3.0,12.0,-10.0,3.0,1207.69,1204.69,2.447,2.426,0.065,2.619,0.321
altai,sinyukha_east,field,3.0,12.0,-10.0,5.0,1209.69,1204.69,2.672,2.650,0.073,2.777,0.347
altai,sinyukha_east,field,3.0,12.0,-10.0,10.0,1214.69,1204.69,2.922,2.899,0.088,3.010,0.370
altai,sinyukha_east,field,3.0,12.0,-10.0,30.0,1234.69,1204.69,3.126,3.106,0.169,3.445,0.356
altai,sinyukha_east,field,3.0,12.0,-10.0,50.0,1254.69,1204.69,3.179,3.161,0.201,3.691,0.339
altai,sinyukha_east,field,3.0,12.0,-10.0,100.0,1304.69,1204.69,3.193,3.179,0.169,4.105,0.299
altai,sinyukha_east,field,3.0,12.0,-10.0,200.0,1404.69,1204.69,3.104,3.095,0.040,4.688,0.228
altai,sinyukha_east,field,3.0,12.0,-10.0,300.0,1504.69,1204.69,2.998,2.994,-0.062,4.960,0.163
altai,sinyukha_east,field,3.0,12.0,0.0,1.0,1210.18,1209.18,2.397,2.374,0.049,2.319,0.327
altai,sinyukha_east,field,3.0,12.0,0.0,1.5,1210.68,1209.18,2.487,2.464,0.052,2.428,0.339
altai,sinyukha_east,field,3.0,12.0,0.0,2.0,1211.18,1209.18,2.547,2.524,0.055,2.508,0.346
altai,sinyukha_east,field,3.0,12.0,0.0,3.0,1212.18,1209.18,2.644,2.620,0.059,2.626,0.357
altai,sinyukha_east,field,3.0,12.0,0.0,5.0,1214.18,1209.18,2.785,2.760,0.064,2.784,0.372
altai,sinyukha_east,field,3.0,12.0,0.0,10.0,1219.18,1209.18,2.924,2.900,0.077,3.018,0.377
altai,sinyukha_east,field,3.0,12.0,0.0,30.0,1239.18,1209.18,3.105,3.084,0.146,3.454,0.355
altai,sinyukha_east,field,3.0,12.0,0.0,50.0,1259.18,1209.18,3.163,3.146,0.165,3.700,0.335
altai,sinyukha_east,field,3.0,12.0,0.0,100.0,1309.18,1209.18,3.181,3.167,0.132,4.116,0.293
altai,sinyukha_east,field,3.0,12.0,0.0,200.0,1409.18,1209.18,3.096,3.088,0.017,4.700,0.224
altai,sinyukha_east,field,3.0,12.0,0.0,300.0,1509.18,1209.18,2.992,2.988,-0.078,4.972,0.159
altai,sinyukha_east,field,3.0,12.0,100.0,1.0,1191.10,1190.10,0.885,0.877,-0.058,2.293,0.116
altai,sinyukha_east,field,3.0,12.0,100.0,1.5,1191.60,1190.10,1.032,1.023,-0.067,2.400,0.135
altai,sinyukha_east,field,3.0,12.0,100.0,2.0,1192.10,1190.10,1.138,1.128,-0.073,2.479,0.149
altai,sinyukha_east,field,3.0,12.0,100.0,3.0,1193.10,1190.10,1.289,1.278,-0.082,2.596,0.169
altai,sinyukha_east,field,3.0,12.0,100.0,5.0,1195.10,1190.10,1.481,1.468,-0.093,2.752,0.195
altai,sinyukha_east,field,3.0,12.0,100.0,10.0,1200.10,1190.10,1.783,1.767,-0.109,2.984,0.233
altai,sinyukha_east,field,3.0,12.0,100.0,30.0,1220.10,1190.10,2.617,2.596,-0.173,3.415,0.330
altai,sinyukha_east,field,3.0,12.0,100.0,50.0,1240.10,1190.10,2.823,2.805,-0.165,3.659,0.323
altai,sinyukha_east,field,3.0,12.0,100.0,100.0,1290.10,1190.10,2.991,2.977,-0.143,4.071,0.284
altai,sinyukha_east,field,3.0,12.0,100.0,200.0,1390.10,1190.10,3.029,3.021,-0.148,4.652,0.221
altai,sinyukha_east,field,3.0,12.0,100.0,300.0,1490.10,1190.10,2.971,2.966,-0.183,4.924,0.162
altai,sinyukha_east,field,3.0,12.0,300.0,1.0,1094.44,1093.44,0.140,0.139,-0.022,2.158,0.010
altai,sinyukha_east,field,3.0,12.0,300.0,1.5,1094.94,1093.44,0.165,0.164,-0.025,2.259,0.012
altai,sinyukha_east,field,3.0,12.0,300.0,2.0,1095.44,1093.44,0.183,0.182,-0.027,2.334,0.013
altai,sinyukha_east,field,3.0,12.0,300.0,3.0,1096.44,1093.44,0.209,0.209,-0.031,2.444,0.015
altai,sinyukha_east,field,3.0,12.0,300.0,5.0,1098.44,1093.44,0.243,0.242,-0.035,2.591,0.017
altai,sinyukha_east,field,3.0,12.0,300.0,10.0,1103.44,1093.44,0.292,0.292,-0.041,2.810,0.020
altai,sinyukha_east,field,3.0,12.0,300.0,30.0,1123.44,1093.44,0.553,0.546,-0.085,3.218,0.083
altai,sinyukha_east,field,3.0,12.0,300.0,50.0,1143.44,1093.44,1.014,0.994,-0.181,3.451,0.202
altai,sinyukha_east,field,3.0,12.0,300.0,100.0,1193.44,1093.44,1.679,1.662,-0.375,3.846,0.241
altai,sinyukha_east,field,3.0,12.0,300.0,200.0,1293.44,1093.44,2.448,2.436,-0.398,4.408,0.242
altai,sinyukha_east,field,3.0,12.0,300.0,300.0,1393.44,1093.44,2.702,2.694,-0.374,4.679,0.198
altai,sinyukha_east,field,10.0,12.0,-3000.0,1.0,671.64,670.64,3.559,3.374,0.014,3.898,1.134
altai,sinyukha_east,field,10.0,12.0,-3000.0,1.5,672.14,670.64,4.072,3.860,0.016,4.299,1.297
altai,sinyukha_east,field,10.0,12.0,-3000.0,2.0,672.64,670.64,4.450,4.218,0.018,4.608,1.418
altai,sinyukha_east,field,10.0,12.0,-3000.0,3.0,673.64,670.64,4.823,4.577,0.019,5.084,1.521
altai,sinyukha_east,field,10.0,12.0,-3000.0,5.0,675.64,670.64,5.047,4.807,0.020,5.757,1.537
altai,sinyukha_east,field,10.0,12.0,-3000.0,10.0,680.64,670.64,5.370,5.150,0.022,6.829,1.521
altai,sinyukha_east,field,10.0,12.0,-3000.0,30.0,700.64,670.64,5.872,5.768,0.030,9.045,1.097
altai,sinyukha_east,field,10.0,12.0,-3000.0,50.0,720.64,670.64,6.252,6.223,0.037,10.401,0.596
altai,sinyukha_east,field,10.0,12.0,-3000.0,100.0,770.64,670.64,6.935,6.919,0.041,12.805,0.476
altai,sinyukha_east,field,10.0,12.0,-3000.0,200.0,870.64,670.64,7.887,7.874,0.024,16.355,0.456
altai,sinyukha_east,field,10.0,12.0,-3000.0,300.0,970.64,670.64,8.603,8.596,0.010,19.383,0.353
altai,sinyukha_east,field,10.0,12.0,-1000.0,1.0,800.96,799.96,1.415,1.343,0.153,4.345,0.445
altai,sinyukha_east,field,10.0,12.0,-1000.0,1.5,801.46,799.96,1.651,1.567,0.179,4.791,0.519
altai,sinyukha_east,field,10.0,12.0,-1000.0,2.0,801.96,799.96,1.820,1.727,0.198,5.135,0.573
altai,sinyukha_east,field,10.0,12.0,-1000.0,3.0,802.96,799.96,2.060,1.955,0.225,5.665,0.649
altai,sinyukha_east,field,10.0,12.0,-1000.0,5.0,804.96,799.96,2.364,2.243,0.259,6.414,0.746
altai,sinyukha_east,field,10.0,12.0,-1000.0,10.0,809.96,799.96,2.853,2.722,0.304,7.605,0.855
altai,sinyukha_east,field,10.0,12.0,-1000.0,30.0,829.96,799.96,4.242,4.143,0.522,10.055,0.911
altai,sinyukha_east,field,10.0,12.0,-1000.0,50.0,849.96,799.96,4.968,4.896,0.628,11.543,0.846
altai,sinyukha_east,field,10.0,12.0,-1000.0,100.0,899.96,799.96,5.990,5.945,0.717,14.154,0.731
altai,sinyukha_east,field,10.0,12.0,-1000.0,200.0,999.96,799.96,7.222,7.199,0.849,17.947,0.578
altai,sinyukha_east,field,10.0,12.0,-1000.0,300.0,1099.96,799.96,8.138,8.126,0.938,21.139,0.445
altai,sinyukha_east,field,10.0,12.0,-300.0,1.0,1050.65,1049.65,1.221,1.207,0.441,5.207,-0.183
altai,sinyukha_east,field,10.0,12.0,-300.0,1.5,1051.15,1049.65,1.525,1.508,0.550,5.741,-0.229
altai,sinyukha_east,field,10.0,12.0,-300.0,2.0,1051.65,1049.65,1.728,1.709,0.624,6.154,-0.259
altai,sinyukha_east,field,10.0,12.0,-300.0,3.0,1052.65,1049.65,2.003,1.980,0.723,6.787,-0.301
altai,sinyukha_east,field,10.0,12.0,-300.0,5.0,1054.65,1049.65,2.338,2.311,0.844,7.682,-0.351
altai,sinyukha_east,field,10.0,12.0,-300.0,10.0,1059.65,1049.65,2.782,2.750,1.004,9.103,-0.418
altai,sinyukha_east,field,10.0,12.0,-300.0,30.0,1079.65,1049.65,4.982,4.978,1.876,12.005,0.201
altai,sinyukha_east,field,10.0,12.0,-300.0,50.0,1099.65,1049.65,6.434,6.416,2.360,13.748,0.488
altai,sinyukha_east,field,10.0,12.0,-300.0,100.0,1149.65,1049.65,8.169,8.156,2.649,16.757,0.461
altai,sinyukha_east,field,10.0,12.0,-300.0,200.0,1249.65,1049.65,10.074,10.071,2.481,21.022,0.271
altai,sinyukha_east,field,10.0,12.0,-300.0,300.0,1349.65,1049.65,11.052,11.052,2.062,24.527,0.085
altai,sinyukha_east,field,10.0,12.0,-150.0,1.0,1129.84,1128.84,1.709,1.705,0.855,5.480,0.126
altai,sinyukha_east,field,10.0,12.0,-150.0,1.5,1130.34,1128.84,2.034,2.029,1.016,6.043,0.147
altai,sinyukha_east,field,10.0,12.0,-150.0,2.0,1130.84,1128.84,2.250,2.244,1.121,6.476,0.160
altai,sinyukha_east,field,10.0,12.0,-150.0,3.0,1131.84,1128.84,2.546,2.540,1.264,7.143,0.176
altai,sinyukha_east,field,10.0,12.0,-150.0,5.0,1133.84,1128.84,2.943,2.936,1.453,8.085,0.197
altai,sinyukha_east,field,10.0,12.0,-150.0,10.0,1138.84,1128.84,3.691,3.685,1.760,9.578,0.209
altai,sinyukha_east,field,10.0,12.0,-150.0,30.0,1158.84,1128.84,6.479,6.468,2.871,12.624,0.382
altai,sinyukha_east,field,10.0,12.0,-150.0,50.0,1178.84,1128.84,8.177,8.162,3.250,14.447,0.496
altai,sinyukha_east,field,10.0,12.0,-150.0,100.0,1228.84,1128.84,10.412,10.405,3.116,17.583,0.385
altai,sinyukha_east,field,10.0,12.0,-150.0,200.0,1328.84,1128.84,11.846,11.846,2.200,21.997,0.094
altai,sinyukha_east,field,10.0,12.0,-150.0,300.0,1428.84,1128.84,12.210,12.210,1.628,25.602,-0.095
altai,sinyukha_east,field,10.0,12.0,-50.0,1.0,1185.06,1184.06,3.603,3.601,0.480,5.671,-0.103
altai,sinyukha_east,field,10.0,12.0,-50.0,1.5,1185.56,1184.06,4.324,4.323,0.565,6.253,-0.118
altai,sinyukha_east,field,10.0,12.0,-50.0,2.0,1186.06,1184.06,4.834,4.832,0.626,6.702,-0.128
altai,sinyukha_east,field,10.0,12.0,-50.0,3.0,1187.06,1184.06,5.551,5.549,0.710,7.391,-0.141
altai,sinyukha_east,field,10.0,12.0,-50.0,5.0,1189.06,1184.06,6.454,6.452,0.816,8.365,-0.159
altai,sinyukha_east,field,10.0,12.0,-50.0,10.0,1194.06,1184.06,7.708,7.706,0.960,9.909,-0.184
altai,sinyukha_east,field,10.0,12.0,-50.0,30.0,1214.06,1184.06,10.850,10.847,1.662,13.055,0.275
altai,sinyukha_east,field,10.0,12.0,-50.0,50.0,1234.06,1184.06,11.821,11.817,1.925,14.934,0.308
altai,sinyukha_east,field,10.0,12.0,-50.0,100.0,1284.06,1184.06,12.399,12.399,1.825,18.159,0.117
altai,sinyukha_east,field,10.0,12.0,-50.0,200.0,1384.06,1184.06,12.582,12.582,1.433,22.677,-0.091
altai,sinyukha_east,field,10.0,12.0,-50.0,300.0,1484.06,1184.06,12.640,12.638,1.158,26.352,-0.221
altai,sinyukha_east,field,10.0,12.0,-30.0,1.0,1196.24,1195.24,6.031,6.029,0.311,5.710,0.143
altai,sinyukha_east,field,10.0,12.0,-30.0,1.5,1196.74,1195.24,6.660,6.658,0.343,6.295,0.159
altai,sinyukha_east,field,10.0,12.0,-30.0,2.0,1197.24,1195.24,7.153,7.151,0.368,6.747,0.171
altai,sinyukha_east,field,10.0,12.0,-30.0,3.0,1198.24,1195.24,7.901,7.899,0.405,7.441,0.189
altai,sinyukha_east,field,10.0,12.0,-30.0,5.0,1200.24,1195.24,8.917,8.914,0.457,8.422,0.214
altai,sinyukha_east,field,10.0,12.0,-30.0,10.0,1205.24,1195.24,10.284,10.281,0.535,9.976,0.239
altai,sinyukha_east,field,10.0,12.0,-30.0,30.0,1225.24,1195.24,11.649,11.647,1.014,13.142,0.246
altai,sinyukha_east,field,10.0,12.0,-30.0,50.0,1245.24,1195.24,12.096,12.094,1.350,15.033,0.189
altai,sinyukha_east,field,10.0,12.0,-30.0,100.0,1295.24,1195.24,12.538,12.538,1.522,18.275,0.064
altai,sinyukha_east,field,10.0,12.0,-30.0,200.0,1395.24,1195.24,12.653,12.652,1.293,22.814,-0.122
altai,sinyukha_east,field,10.0,12.0,-30.0,300.0,1495.24,1195.24,12.694,12.692,1.073,26.503,-0.243
altai,sinyukha_east,field,10.0,12.0,-20.0,1.0,1201.08,1200.08,6.515,6.511,0.262,5.726,0.204
altai,sinyukha_east,field,10.0,12.0,-20.0,1.5,1201.58,1200.08,7.239,7.236,0.291,6.314,0.228
altai,sinyukha_east,field,10.0,12.0,-20.0,2.0,1202.08,1200.08,7.796,7.792,0.313,6.767,0.245
altai,sinyukha_east,field,10.0,12.0,-20.0,3.0,1203.08,1200.08,8.522,8.518,0.345,7.463,0.267
altai,sinyukha_east,field,10.0,12.0,-20.0,5.0,1205.08,1200.08,9.452,9.448,0.389,8.447,0.292
altai,sinyukha_east,field,10.0,12.0,-20.0,10.0,1210.08,1200.08,10.604,10.599,0.463,10.005,0.309
altai,sinyukha_east,field,10.0,12.0,-20.0,30.0,1230.08,1200.08,11.658,11.656,0.916,13.180,0.238
altai,sinyukha_east,field,10.0,12.0,-20.0,50.0,1250.08,1200.08,12.102,12.101,1.223,15.076,0.175
altai,sinyukha_east,field,10.0,12.0,-20.0,100.0,1300.08,1200.08,12.555,12.555,1.406,18.326,0.044
altai,sinyukha_east,field,10.0,12.0,-20.0,200.0,1400.08,1200.08,12.673,12.672,1.228,22.874,-0.137
altai,sinyukha_east,field,10.0,12.0,-20.0,300.0,1500.08,1200.08,12.714,12.711,1.033,26.569,-0.253
altai,sinyukha_east,field,10.0,12.0,-10.0,1.0,1205.69,1204.69,6.450,6.446,0.227,5.742,0.227
altai,sinyukha_east,field,10.0,12.0,-10.0,1.5,1206.19,1204.69,7.410,7.406,0.260,6.331,0.261
altai,sinyukha_east,field,10.0,12.0,-10.0,2.0,1206.69,1204.69,8.114,8.109,0.284,6.786,0.287
altai,sinyukha_east,field,10.0,12.0,-10.0,3.0,1207.69,1204.69,8.830,8.825,0.316,7.484,0.309
altai,sinyukha_east,field,10.0,12.0,-10.0,5.0,1209.69,1204.69,9.651,9.646,0.359,8.470,0.331
altai,sinyukha_east,field,10.0,12.0,-10.0,10.0,1214.69,1204.69,10.595,10.590,0.437,10.033,0.334
altai,sinyukha_east,field,10.0,12.0,-10.0,30.0,1234.69,1204.69,11.634,11.631,0.875,13.216,0.236
altai,sinyukha_east,field,10.0,12.0,-10.0,50.0,1254.69,1204.69,12.091,12.090,1.131,15.117,0.163
altai,sinyukha_east,field,10.0,12.0,-10.0,100.0,1304.69,1204.69,12.564,12.564,1.303,18.374,0.026
altai,sinyukha_east,field,10.0,12.0,-10.0,200.0,1404.69,1204.69,12.689,12.688,1.168,22.931,-0.151
altai,sinyukha_east,field,10.0,12.0,-10.0,300.0,1504.69,1204.69,12.732,12.729,0.994,26.632,-0.263
altai,sinyukha_east,field,10.0,12.0,0.0,1.0,1210.18,1209.18,8.635,8.629,0.264,5.758,0.325
altai,sinyukha_east,field,10.0,12.0,0.0,1.5,1210.68,1209.18,8.965,8.958,0.279,6.348,0.336
altai,sinyukha_east,field,10.0,12.0,0.0,2.0,1211.18,1209.18,9.185,9.179,0.292,6.804,0.341
altai,sinyukha_east,field,10.0,12.0,0.0,3.0,1212.18,1209.18,9.543,9.536,0.312,7.504,0.350
altai,sinyukha_east,field,10.0,12.0,0.0,5.0,1214.18,1209.18,10.067,10.061,0.346,8.493,0.360
altai,sinyukha_east,field,10.0,12.0,0.0,10.0,1219.18,1209.18,10.637,10.631,0.425,10.060,0.341
altai,sinyukha_east,field,10.0,12.0,0.0,30.0,1239.18,1209.18,11.618,11.616,0.830,13.251,0.225
altai,sinyukha_east,field,10.0,12.0,0.0,50.0,1259.18,1209.18,12.102,12.101,1.044,15.156,0.146
altai,sinyukha_east,field,10.0,12.0,0.0,100.0,1309.18,1209.18,12.576,12.576,1.208,18.421,0.007
altai,sinyukha_east,field,10.0,12.0,0.0,200.0,1409.18,1209.18,12.705,12.704,1.110,22.986,-0.164
altai,sinyukha_east,field,10.0,12.0,0.0,300.0,1509.18,1209.18,12.749,12.746,0.957,26.693,-0.272
altai,sinyukha_east,field,10.0,12.0,100.0,1.0,1191.10,1190.10,3.011,3.010,-0.065,5.692,0.079
altai,sinyukha_east,field,10.0,12.0,100.0,1.5,1191.60,1190.10,3.514,3.513,-0.074,6.276,0.092
altai,sinyukha_east,field,10.0,12.0,100.0,2.0,1192.10,1190.10,3.876,3.875,-0.081,6.726,0.102
altai,sinyukha_east,field,10.0,12.0,100.0,3.0,1193.10,1190.10,4.392,4.390,-0.090,7.418,0.116
altai,sinyukha_east,field,10.0,12.0,100.0,5.0,1195.10,1190.10,5.048,5.046,-0.102,8.396,0.135
altai,sinyukha_east,field,10.0,12.0,100.0,10.0,1200.10,1190.10,6.106,6.104,-0.117,9.946,0.162
altai,sinyukha_east,field,10.0,12.0,100.0,30.0,1220.10,1190.10,9.430,9.427,-0.120,13.102,0.237
altai,sinyukha_east,field,10.0,12.0,100.0,50.0,1240.10,1190.10,10.730,10.729,0.071,14.988,0.146
altai,sinyukha_east,field,10.0,12.0,100.0,100.0,1290.10,1190.10,12.048,12.048,0.408,18.222,-0.026
altai,sinyukha_east,field,10.0,12.0,100.0,200.0,1390.10,1190.10,12.658,12.656,0.648,22.751,-0.202
altai,sinyukha_east,field,10.0,12.0,100.0,300.0,1490.10,1190.10,12.793,12.789,0.669,26.434,-0.304
altai,sinyukha_east,field,10.0,12.0,300.0,1.0,1094.44,1093.44,0.314,-0.260,0.071,5.358,0.177
altai,sinyukha_east,field,10.0,12.0,300.0,1.5,1094.94,1093.44,0.334,-0.265,0.081,5.908,0.203
altai,sinyukha_east,field,10.0,12.0,300.0,2.0,1095.44,1093.44,0.348,-0.268,0.089,6.332,0.222
altai,sinyukha_east,field,10.0,12.0,300.0,3.0,1096.44,1093.44,0.368,-0.271,0.100,6.984,0.249
altai,sinyukha_east,field,10.0,12.0,300.0,5.0,1098.44,1093.44,0.393,-0.272,0.113,7.905,0.284
altai,sinyukha_east,field,10.0,12.0,300.0,10.0,1103.44,1093.44,0.423,-0.263,0.133,9.366,0.332
altai,sinyukha_east,field,10.0,12.0,300.0,30.0,1123.44,1093.44,0.327,0.166,0.161,12.347,0.282
altai,sinyukha_east,field,10.0,12.0,300.0,50.0,1143.44,1093.44,1.384,1.383,0.115,14.134,0.050
altai,sinyukha_east,field,10.0,12.0,300.0,100.0,1193.44,1093.44,5.976,5.976,-0.247,17.214,0.004
altai,sinyukha_east,field,10.0,12.0,300.0,200.0,1293.44,1093.44,10.997,10.996,-0.006,21.561,-0.131
altai,sinyukha_east,field,10.0,12.0,300.0,300.0,1393.44,1093.44,12.157,12.154,0.160,25.122,-0.287
altai,tugaya_south,field,3.0,12.0,-3000.0,1.0,297.27,296.27,0.896,0.887,0.001,1.855,0.126
altai,tugaya_south,field,3.0,12.0,-3000.0,1.5,297.77,296.27,1.058,1.048,0.001,1.942,0.149
altai,tugaya_south,field,3.0,12.0,-3000.0,2.0,298.27,296.27,1.173,1.161,0.002,2.007,0.165
altai,tugaya_south,field,3.0,12.0,-3000.0,3.0,299.27,296.27,1.335,1.321,0.002,2.102,0.188
altai,tugaya_south,field,3.0,12.0,-3000.0,5.0,301.27,296.27,1.537,1.522,0.002,2.229,0.216
altai,tugaya_south,field,3.0,12.0,-3000.0,10.0,306.27,296.27,1.812,1.794,0.002,2.417,0.255
altai,tugaya_south,field,3.0,12.0,-3000.0,30.0,326.27,296.27,2.260,2.234,0.003,2.775,0.339
altai,tugaya_south,field,3.0,12.0,-3000.0,50.0,346.27,296.27,2.468,2.429,0.002,2.981,0.438
altai,tugaya_south,field,3.0,12.0,-3000.0,100.0,396.27,296.27,2.834,2.770,-0.004,3.338,0.598
altai,tugaya_south,field,3.0,12.0,-3000.0,200.0,496.27,296.27,3.106,3.027,-0.014,3.860,0.697
altai,tugaya_south,field,3.0,12.0,-3000.0,300.0,596.27,296.27,3.255,3.168,-0.016,4.128,0.747
altai,tugaya_south,field,3.0,12.0,-1000.0,1.0,400.59,399.59,0.594,0.530,0.035,1.999,0.267
altai,tugaya_south,field,3.0,12.0,-1000.0,1.5,401.09,399.59,0.751,0.671,0.044,2.093,0.338
altai,tugaya_south,field,3.0,12.0,-1000.0,2.0,401.59,399.59,0.854,0.762,0.051,2.162,0.385
altai,tugaya_south,field,3.0,12.0,-1000.0,3.0,402.59,399.59,0.986,0.881,0.058,2.264,0.444
altai,tugaya_south,field,3.0,12.0,-1000.0,5.0,404.59,399.59,1.145,1.023,0.066,2.401,0.514
altai,tugaya_south,field,3.0,12.0,-1000.0,10.0,409.59,399.59,1.361,1.218,0.078,2.603,0.606
altai,tugaya_south,field,3.0,12.0,-1000.0,30.0,429.59,399.59,2.077,1.830,0.137,2.985,0.983
altai,tugaya_south,field,3.0,12.0,-1000.0,50.0,449.59,399.59,2.421,2.153,0.167,3.204,1.106
altai,tugaya_south,field,3.0,12.0,-1000.0,100.0,499.59,399.59,2.742,2.506,0.175,3.579,1.114
altai,tugaya_south,field,3.0,12.0,-1000.0,200.0,599.59,399.59,3.022,2.817,0.160,4.120,1.094
altai,tugaya_south,field,3.0,12.0,-1000.0,300.0,699.59,399.59,3.158,2.978,0.146,4.390,1.050
altai,tugaya_south,field,3.0,12.0,-300.0,1.0,600.65,599.65,0.950,0.894,0.047,2.277,0.322
altai,tugaya_south,field,3.0,12.0,-300.0,1.5,601.15,599.65,1.097,1.032,0.054,2.384,0.373
altai,tugaya_south,field,3.0,12.0,-300.0,2.0,601.65,599.65,1.204,1.132,0.059,2.463,0.410
altai,tugaya_south,field,3.0,12.0,-300.0,3.0,602.65,599.65,1.356,1.275,0.067,2.579,0.462
altai,tugaya_south,field,3.0,12.0,-300.0,5.0,604.65,599.65,1.582,1.485,0.075,2.734,0.545
altai,tugaya_south,field,3.0,12.0,-300.0,10.0,609.65,599.65,1.981,1.861,0.089,2.964,0.678
altai,tugaya_south,field,3.0,12.0,-300.0,30.0,629.65,599.65,2.855,2.708,0.138,3.392,0.906
altai,tugaya_south,field,3.0,12.0,-300.0,50.0,649.65,599.65,3.107,2.960,0.146,3.635,0.945
altai,tugaya_south,field,3.0,12.0,-300.0,100.0,699.65,599.65,3.354,3.205,0.138,4.045,0.989
altai,tugaya_south,field,3.0,12.0,-300.0,200.0,799.65,599.65,3.497,3.353,0.127,4.623,0.994
altai,tugaya_south,field,3.0,12.0,-300.0,300.0,899.65,599.65,3.530,3.397,0.117,4.895,0.959
altai,tugaya_south,field,3.0,12.0,-150.0,1.0,606.52,605.52,0.973,0.966,0.028,2.286,0.117
altai,tugaya_south,field,3.0,12.0,-150.0,1.5,607.02,605.52,1.113,1.105,0.032,2.392,0.134
altai,tugaya_south,field,3.0,12.0,-150.0,2.0,607.52,605.52,1.215,1.206,0.034,2.472,0.147
altai,tugaya_south,field,3.0,12.0,-150.0,3.0,608.52,605.52,1.362,1.352,0.039,2.588,0.164
altai,tugaya_south,field,3.0,12.0,-150.0,5.0,610.52,605.52,1.551,1.540,0.044,2.744,0.187
altai,tugaya_south,field,3.0,12.0,-150.0,10.0,615.52,605.52,1.812,1.799,0.051,2.974,0.219
altai,tugaya_south,field,3.0,12.0,-150.0,30.0,635.52,605.52,2.547,2.476,0.107,3.404,0.596
altai,tugaya_south,field,3.0,12.0,-150.0,50.0,655.52,605.52,2.921,2.817,0.130,3.648,0.772
altai,tugaya_south,field,3.0,12.0,-150.0,100.0,705.52,605.52,3.295,3.162,0.127,4.059,0.927
altai,tugaya_south,field,3.0,12.0,-150.0,200.0,805.52,605.52,3.501,3.358,0.102,4.638,0.989
altai,tugaya_south,field,3.0,12.0,-150.0,300.0,905.52,605.52,3.545,3.412,0.092,4.910,0.963
altai,tugaya_south,field,3.0,12.0,-50.0,1.0,617.38,616.38,1.006,0.965,0.049,2.301,0.284
altai,tugaya_south,field,3.0,12.0,-50.0,1.5,617.88,616.38,1.206,1.157,0.058,2.408,0.341
altai,tugaya_south,field,3.0,12.0,-50.0,2.0,618.38,616.38,1.345,1.290,0.065,2.488,0.380
altai,tugaya_south,field,3.0,12.0,-50.0,3.0,619.38,616.38,1.537,1.475,0.074,2.605,0.434
altai,tugaya_south,field,3.0,12.0,-50.0,5.0,621.38,616.38,1.777,1.705,0.085,2.762,0.501
altai,tugaya_south,field,3.0,12.0,-50.0,10.0,626.38,616.38,2.179,2.099,0.098,2.994,0.585
altai,tugaya_south,field,3.0,12.0,-50.0,30.0,646.38,616.38,2.970,2.875,0.140,3.426,0.747
altai,tugaya_south,field,3.0,12.0,-50.0,50.0,666.38,616.38,3.191,3.064,0.122,3.671,0.891
altai,tugaya_south,field,3.0,12.0,-50.0,100.0,716.38,616.38,3.406,3.254,0.094,4.084,1.006
altai,tugaya_south,field,3.0,12.0,-50.0,200.0,816.38,616.38,3.526,3.375,0.074,4.666,1.020
altai,tugaya_south,field,3.0,12.0,-50.0,300.0,916.38,616.38,3.552,3.416,0.071,4.938,0.974
altai,tugaya_south,field,3.0,12.0,-30.0,1.0,622.78,621.78,1.529,1.473,0.018,2.308,0.409
altai,tugaya_south,field,3.0,12.0,-30.0,1.5,623.28,621.78,1.711,1.648,0.020,2.416,0.458
altai,tugaya_south,field,3.0,12.0,-30.0,2.0,623.78,621.78,1.849,1.781,0.021,2.496,0.495
altai,tugaya_south,field,3.0,12.0,-30.0,3.0,624.78,621.78,2.054,1.979,0.023,2.614,0.550
altai,tugaya_south,field,3.0,12.0,-30.0,5.0,626.78,621.78,2.326,2.241,0.026,2.771,0.623
altai,tugaya_south,field,3.0,12.0,-30.0,10.0,631.78,621.78,2.713,2.614,0.030,3.003,0.725
altai,tugaya_south,field,3.0,12.0,-30.0,30.0,651.78,621.78,3.132,3.007,0.054,3.437,0.874
altai,tugaya_south,field,3.0,12.0,-30.0,50.0,671.78,621.78,3.275,3.132,0.071,3.683,0.957
altai,tugaya_south,field,3.0,12.0,-30.0,100.0,721.78,621.78,3.434,3.276,0.074,4.097,1.031
altai,tugaya_south,field,3.0,12.0,-30.0,200.0,821.78,621.78,3.531,3.379,0.067,4.679,1.025
altai,tugaya_south,field,3.0,12.0,-30.0,300.0,921.78,621.78,3.553,3.416,0.066,4.951,0.975
altai,tugaya_south,field,3.0,12.0,-20.0,1.0,625.35,624.35,1.561,1.498,0.014,2.312,0.440
altai,tugaya_south,field,3.0,12.0,-20.0,1.5,625.85,624.35,1.761,1.689,0.015,2.420,0.496
altai,tugaya_south,field,3.0,12.0,-20.0,2.0,626.35,624.35,1.911,1.833,0.017,2.500,0.538
altai,tugaya_south,field,3.0,12.0,-20.0,3.0,627.35,624.35,2.130,2.044,0.018,2.618,0.600
altai,tugaya_south,field,3.0,12.0,-20.0,5.0,629.35,624.35,2.418,2.320,0.021,2.775,0.682
altai,tugaya_south,field,3.0,12.0,-20.0,10.0,634.35,624.35,2.812,2.698,0.024,3.008,0.792
altai,tugaya_south,field,3.0,12.0,-20.0,30.0,654.35,624.35,3.163,3.026,0.047,3.443,0.919
altai,tugaya_south,field,3.0,12.0,-20.0,50.0,674.35,624.35,3.295,3.144,0.063,3.688,0.987
altai,tugaya_south,field,3.0,12.0,-20.0,100.0,724.35,624.35,3.443,3.281,0.067,4.103,1.044
altai,tugaya_south,field,3.0,12.0,-20.0,200.0,824.35,624.35,3.532,3.379,0.064,4.686,1.028
altai,tugaya_south,field,3.0,12.0,-20.0,300.0,924.35,624.35,3.553,3.416,0.064,4.958,0.975
altai,tugaya_south,field,3.0,12.0,-10.0,1.0,628.04,627.04,1.535,1.466,0.011,2.315,0.455
altai,tugaya_south,field,3.0,12.0,-10.0,1.5,628.54,627.04,1.766,1.687,0.013,2.424,0.524
altai,tugaya_south,field,3.0,12.0,-10.0,2.0,629.04,627.04,1.935,1.848,0.014,2.504,0.574
altai,tugaya_south,field,3.0,12.0,-10.0,3.0,630.04,627.04,2.176,2.078,0.016,2.622,0.646
altai,tugaya_south,field,3.0,12.0,-10.0,5.0,632.04,627.04,2.485,2.373,0.019,2.779,0.738
altai,tugaya_south,field,3.0,12.0,-10.0,10.0,637.04,627.04,2.883,2.754,0.022,3.013,0.855
altai,tugaya_south,field,3.0,12.0,-10.0,30.0,657.04,627.04,3.189,3.041,0.043,3.448,0.961
altai,tugaya_south,field,3.0,12.0,-10.0,50.0,677.04,627.04,3.313,3.153,0.056,3.694,1.015
altai,tugaya_south,field,3.0,12.0,-10.0,100.0,727.04,627.04,3.451,3.285,0.061,4.109,1.056
altai,tugaya_south,field,3.0,12.0,-10.0,200.0,827.04,627.04,3.533,3.379,0.060,4.692,1.031
altai,tugaya_south,field,3.0,12.0,-10.0,300.0,927.04,627.04,3.552,3.416,0.062,4.965,0.975
altai,tugaya_south,field,3.0,12.0,0.0,1.0,630.89,629.89,1.701,1.617,0.011,2.319,0.528
altai,tugaya_south,field,3.0,12.0,0.0,1.5,631.39,629.89,1.907,1.812,0.012,2.428,0.593
altai,tugaya_south,field,3.0,12.0,0.0,2.0,631.89,629.89,2.062,1.960,0.013,2.508,0.641
altai,tugaya_south,field,3.0,12.0,0.0,3.0,632.89,629.89,2.292,2.178,0.014,2.626,0.713
altai,tugaya_south,field,3.0,12.0,0.0,5.0,634.89,629.89,2.593,2.464,0.016,2.784,0.807
altai,tugaya_south,field,3.0,12.0,0.0,10.0,639.89,629.89,2.957,2.812,0.019,3.018,0.916
altai,tugaya_south,field,3.0,12.0,0.0,30.0,659.89,629.89,3.218,3.058,0.039,3.454,1.002
altai,tugaya_south,field,3.0,12.0,0.0,50.0,679.89,629.89,3.331,3.163,0.049,3.700,1.042
altai,tugaya_south,field,3.0,12.0,0.0,100.0,729.89,629.89,3.458,3.289,0.055,4.116,1.067
altai,tugaya_south,field,3.0,12.0,0.0,200.0,829.89,629.89,3.534,3.380,0.057,4.700,1.034
altai,tugaya_south,field,3.0,12.0,0.0,300.0,929.89,629.89,3.552,3.416,0.060,4.972,0.975
altai,tugaya_south,field,3.0,12.0,100.0,1.0,623.03,622.03,1.144,1.052,-0.039,2.309,0.450
altai,tugaya_south,field,3.0,12.0,100.0,1.5,623.53,622.03,1.255,1.154,-0.042,2.416,0.494
altai,tugaya_south,field,3.0,12.0,100.0,2.0,624.03,622.03,1.342,1.234,-0.045,2.496,0.528
altai,tugaya_south,field,3.0,12.0,100.0,3.0,625.03,622.03,1.477,1.357,-0.049,2.614,0.582
altai,tugaya_south,field,3.0,12.0,100.0,5.0,627.03,622.03,1.672,1.537,-0.054,2.771,0.658
altai,tugaya_south,field,3.0,12.0,100.0,10.0,632.03,622.03,2.191,2.012,-0.061,3.004,0.866
altai,tugaya_south,field,3.0,12.0,100.0,30.0,652.03,622.03,3.205,2.960,-0.070,3.438,1.228
altai,tugaya_south,field,3.0,12.0,100.0,50.0,672.03,622.03,3.328,3.097,-0.035,3.683,1.218
altai,tugaya_south,field,3.0,12.0,100.0,100.0,722.03,622.03,3.440,3.238,0.001,4.097,1.162
altai,tugaya_south,field,3.0,12.0,100.0,200.0,822.03,622.03,3.517,3.349,0.029,4.680,1.075
altai,tugaya_south,field,3.0,12.0,100.0,300.0,922.03,622.03,3.542,3.398,0.041,4.952,0.998
altai,tugaya_south,field,3.0,12.0,300.0,1.0,586.99,585.99,0.594,0.586,-0.010,2.258,0.095
altai,tugaya_south,field,3.0,12.0,300.0,1.5,587.49,585.99,0.684,0.676,-0.012,2.364,0.110
altai,tugaya_south,field,3.0,12.0,300.0,2.0,587.99,585.99,0.750,0.740,-0.013,2.442,0.121
altai,tugaya_south,field,3.0,12.0,300.0,3.0,588.99,585.99,0.845,0.834,-0.014,2.557,0.136
altai,tugaya_south,field,3.0,12.0,300.0,5.0,590.99,585.99,0.971,0.958,-0.017,2.711,0.155
altai,tugaya_south,field,3.0,12.0,300.0,10.0,595.99,585.99,1.161,1.147,-0.021,2.939,0.184
altai,tugaya_south,field,3.0,12.0,300.0,30.0,615.99,585.99,1.886,1.800,-0.042,3.365,0.565
altai,tugaya_south,field,3.0,12.0,300.0,50.0,635.99,585.99,2.514,2.325,-0.053,3.606,0.956
altai,tugaya_south,field,3.0,12.0,300.0,100.0,685.99,585.99,3.080,2.856,-0.023,4.013,1.155
altai,tugaya_south,field,3.0,12.0,300.0,200.0,785.99,585.99,3.389,3.198,0.004,4.589,1.124
altai,tugaya_south,field,3.0,12.0,300.0,300.0,885.99,585.99,3.485,3.324,0.016,4.861,1.046
altai,tugaya_south,field,10.0,12.0,-3000.0,1.0,297.27,296.27,1.898,1.898,0.011,4.606,-0.054
altai,tugaya_south,field,10.0,12.0,-3000.0,1.5,297.77,296.27,2.257,2.256,0.013,5.079,-0.064
altai,tugaya_south,field,10.0,12.0,-3000.0,2.0,298.27,296.27,2.511,2.510,0.014,5.444,-0.071
altai,tugaya_south,field,10.0,12.0,-3000.0,3.0,299.27,296.27,2.868,2.867,0.016,6.005,-0.081
altai,tugaya_south,field,10.0,12.0,-3000.0,5.0,301.27,296.27,3.317,3.316,0.019,6.798,-0.093
altai,tugaya_south,field,10.0,12.0,-3000.0,10.0,306.27,296.27,3.918,3.917,0.022,8.058,-0.110
altai,tugaya_south,field,10.0,12.0,-3000.0,30.0,326.27,296.27,4.987,4.986,0.026,10.646,-0.123
altai,tugaya_south,field,10.0,12.0,-3000.0,50.0,346.27,296.27,6.037,6.035,0.019,12.211,-0.127
altai,tugaya_south,field,10.0,12.0,-3000.0,100.0,396.27,296.27,8.176,8.175,-0.022,14.942,-0.135
altai,tugaya_south,field,10.0,12.0,-3000.0,200.0,496.27,296.27,10.584,10.584,-0.115,18.878,-0.045
altai,tugaya_south,field,10.0,12.0,-3000.0,300.0,596.27,296.27,12.003,12.003,-0.155,22.165,0.055
altai,tugaya_south,field,10.0,12.0,-1000.0,1.0,400.59,399.59,1.547,1.541,0.228,4.963,0.132
altai,tugaya_south,field,10.0,12.0,-1000.0,1.5,401.09,399.59,1.958,1.950,0.291,5.472,0.166
altai,tugaya_south,field,10.0,12.0,-1000.0,2.0,401.59,399.59,2.224,2.216,0.332,5.865,0.189
altai,tugaya_south,field,10.0,12.0,-1000.0,3.0,402.59,399.59,2.571,2.562,0.381,6.469,0.217
altai,tugaya_south,field,10.0,12.0,-1000.0,5.0,404.59,399.59,2.988,2.977,0.437,7.323,0.252
altai,tugaya_south,field,10.0,12.0,-1000.0,10.0,409.59,399.59,3.563,3.551,0.516,8.678,0.292
altai,tugaya_south,field,10.0,12.0,-1000.0,30.0,429.59,399.59,5.335,5.268,0.896,11.453,0.841
altai,tugaya_south,field,10.0,12.0,-1000.0,50.0,449.59,399.59,6.501,6.426,1.094,13.123,0.988
altai,tugaya_south,field,10.0,12.0,-1000.0,100.0,499.59,399.59,8.330,8.281,1.161,16.019,0.899
altai,tugaya_south,field,10.0,12.0,-1000.0,200.0,599.59,399.59,10.524,10.492,1.049,20.150,0.823
altai,tugaya_south,field,10.0,12.0,-1000.0,300.0,699.59,399.59,11.987,11.963,0.867,23.567,0.767
altai,tugaya_south,field,10.0,12.0,-300.0,1.0,600.65,599.65,3.221,3.206,0.261,5.653,0.304
altai,tugaya_south,field,10.0,12.0,-300.0,1.5,601.15,599.65,3.719,3.702,0.301,6.233,0.354
altai,tugaya_south,field,10.0,12.0,-300.0,2.0,601.65,599.65,4.079,4.061,0.330,6.681,0.390
altai,tugaya_south,field,10.0,12.0,-300.0,3.0,602.65,599.65,4.593,4.572,0.372,7.368,0.441
altai,tugaya_south,field,10.0,12.0,-300.0,5.0,604.65,599.65,5.348,5.323,0.421,8.339,0.518
altai,tugaya_south,field,10.0,12.0,-300.0,10.0,609.65,599.65,6.699,6.675,0.499,9.879,0.571
altai,tugaya_south,field,10.0,12.0,-300.0,30.0,629.65,599.65,9.933,9.925,0.784,13.015,0.399
altai,tugaya_south,field,10.0,12.0,-300.0,50.0,649.65,599.65,11.194,11.190,0.845,14.889,0.310
altai,tugaya_south,field,10.0,12.0,-300.0,100.0,699.65,599.65,12.755,12.749,0.812,18.105,0.372
altai,tugaya_south,field,10.0,12.0,-300.0,200.0,799.65,599.65,14.088,14.078,0.710,22.614,0.534
altai,tugaya_south,field,10.0,12.0,-300.0,300.0,899.65,599.65,14.911,14.898,0.580,26.282,0.619
altai,tugaya_south,field,10.0,12.0,-150.0,1.0,606.52,605.52,3.785,3.771,0.148,5.674,-0.326
altai,tugaya_south,field,10.0,12.0,-150.0,1.5,607.02,605.52,4.327,4.311,0.169,6.255,-0.373
altai,tugaya_south,field,10.0,12.0,-150.0,2.0,607.52,605.52,4.724,4.707,0.184,6.705,-0.407
altai,tugaya_south,field,10.0,12.0,-150.0,3.0,608.52,605.52,5.296,5.277,0.206,7.394,-0.456
altai,tugaya_south,field,10.0,12.0,-150.0,5.0,610.52,605.52,6.032,6.009,0.235,8.369,-0.519
altai,tugaya_south,field,10.0,12.0,-150.0,10.0,615.52,605.52,7.045,7.019,0.274,9.914,-0.605
altai,tugaya_south,field,10.0,12.0,-150.0,30.0,635.52,605.52,9.384,9.375,0.588,13.061,-0.411
altai,tugaya_south,field,10.0,12.0,-150.0,50.0,655.52,605.52,10.882,10.879,0.730,14.941,-0.226
altai,tugaya_south,field,10.0,12.0,-150.0,100.0,705.52,605.52,12.811,12.810,0.732,18.167,0.141
altai,tugaya_south,field,10.0,12.0,-150.0,200.0,805.52,605.52,14.268,14.259,0.548,22.686,0.509
altai,tugaya_south,field,10.0,12.0,-150.0,300.0,905.52,605.52,15.074,15.060,0.423,26.362,0.634
altai,tugaya_south,field,10.0,12.0,-50.0,1.0,617.38,616.38,3.551,3.550,0.285,5.711,0.041
altai,tugaya_south,field,10.0,12.0,-50.0,1.5,617.88,616.38,4.256,4.256,0.339,6.297,0.048
altai,tugaya_south,field,10.0,12.0,-50.0,2.0,618.38,616.38,4.746,4.746,0.375,6.749,0.052
altai,tugaya_south,field,10.0,12.0,-50.0,3.0,619.38,616.38,5.425,5.425,0.426,7.443,0.058
altai,tugaya_south,field,10.0,12.0,-50.0,5.0,621.38,616.38,6.272,6.272,0.489,8.424,0.065
altai,tugaya_south,field,10.0,12.0,-50.0,10.0,626.38,616.38,7.741,7.741,0.566,9.979,-0.054
altai,tugaya_south,field,10.0,12.0,-50.0,30.0,646.38,616.38,10.837,10.833,0.811,13.146,-0.295
altai,tugaya_south,field,10.0,12.0,-50.0,50.0,666.38,616.38,11.910,11.910,0.712,15.037,0.020
altai,tugaya_south,field,10.0,12.0,-50.0,100.0,716.38,616.38,13.282,13.277,0.535,18.280,0.395
altai,tugaya_south,field,10.0,12.0,-50.0,200.0,816.38,616.38,14.452,14.438,0.368,22.820,0.627
altai,tugaya_south,field,10.0,12.0,-50.0,300.0,916.38,616.38,15.199,15.183,0.288,26.509,0.694
altai,tugaya_south,field,10.0,12.0,-30.0,1.0,622.78,621.78,5.388,5.388,0.104,5.730,-0.059
altai,tugaya_south,field,10.0,12.0,-30.0,1.5,623.28,621.78,6.029,6.028,0.116,6.317,-0.066
altai,tugaya_south,field,10.0,12.0,-30.0,2.0,623.78,621.78,6.515,6.515,0.125,6.771,-0.071
altai,tugaya_south,field,10.0,12.0,-30.0,3.0,624.78,621.78,7.238,7.238,0.138,7.468,-0.078
altai,tugaya_south,field,10.0,12.0,-30.0,5.0,626.78,621.78,8.196,8.195,0.156,8.452,-0.089
altai,tugaya_south,field,10.0,12.0,-30.0,10.0,631.78,621.78,9.560,9.560,0.181,10.011,-0.108
altai,tugaya_south,field,10.0,12.0,-30.0,30.0,651.78,621.78,11.321,11.321,0.317,13.188,0.017
altai,tugaya_south,field,10.0,12.0,-30.0,50.0,671.78,621.78,12.202,12.200,0.418,15.085,0.212
altai,tugaya_south,field,10.0,12.0,-30.0,100.0,721.78,621.78,13.407,13.399,0.414,18.336,0.483
altai,tugaya_south,field,10.0,12.0,-30.0,200.0,821.78,621.78,14.507,14.492,0.319,22.886,0.658
altai,tugaya_south,field,10.0,12.0,-30.0,300.0,921.78,621.78,15.242,15.225,0.258,26.583,0.708
altai,tugaya_south,field,10.0,12.0,-20.0,1.0,625.35,624.35,5.450,5.450,0.081,5.739,0.018
altai,tugaya_south,field,10.0,12.0,-20.0,1.5,625.85,624.35,6.146,6.146,0.091,6.327,0.020
altai,tugaya_south,field,10.0,12.0,-20.0,2.0,626.35,624.35,6.668,6.668,0.099,6.781,0.023
altai,tugaya_south,field,10.0,12.0,-20.0,3.0,627.35,624.35,7.435,7.435,0.110,7.479,0.026
altai,tugaya_south,field,10.0,12.0,-20.0,5.0,629.35,624.35,8.439,8.439,0.125,8.465,0.030
altai,tugaya_south,field,10.0,12.0,-20.0,10.0,634.35,624.35,9.818,9.817,0.146,10.027,0.034
altai,tugaya_south,field,10.0,12.0,-20.0,30.0,654.35,624.35,11.406,11.405,0.276,13.208,0.156
altai,tugaya_south,field,10.0,12.0,-20.0,50.0,674.35,624.35,12.266,12.262,0.368,15.107,0.312
altai,tugaya_south,field,10.0,12.0,-20.0,100.0,724.35,624.35,13.445,13.434,0.373,18.363,0.531
altai,tugaya_south,field,10.0,12.0,-20.0,200.0,824.35,624.35,14.528,14.512,0.298,22.918,0.675
altai,tugaya_south,field,10.0,12.0,-20.0,300.0,924.35,624.35,15.260,15.243,0.243,26.617,0.716
altai,tugaya_south,field,10.0,12.0,-10.0,1.0,628.04,627.04,5.305,5.304,0.069,5.748,0.100
altai,tugaya_south,field,10.0,12.0,-10.0,1.5,628.54,627.04,6.103,6.102,0.079,6.337,0.116
altai,tugaya_south,field,10.0,12.0,-10.0,2.0,629.04,627.04,6.684,6.683,0.087,6.792,0.127
altai,tugaya_south,field,10.0,12.0,-10.0,3.0,630.04,627.04,7.517,7.516,0.097,7.491,0.144
altai,tugaya_south,field,10.0,12.0,-10.0,5.0,632.04,627.04,8.583,8.582,0.111,8.478,0.165
altai,tugaya_south,field,10.0,12.0,-10.0,10.0,637.04,627.04,9.975,9.973,0.130,10.043,0.188
altai,tugaya_south,field,10.0,12.0,-10.0,30.0,657.04,627.04,11.479,11.475,0.253,13.229,0.287
altai,tugaya_south,field,10.0,12.0,-10.0,50.0,677.04,627.04,12.324,12.317,0.327,15.131,0.406
altai,tugaya_south,field,10.0,12.0,-10.0,100.0,727.04,627.04,13.480,13.468,0.334,18.391,0.576
altai,tugaya_south,field,10.0,12.0,-10.0,200.0,827.04,627.04,14.549,14.532,0.277,22.951,0.691
altai,tugaya_south,field,10.0,12.0,-10.0,300.0,927.04,627.04,15.279,15.262,0.230,26.654,0.723
altai,tugaya_south,field,10.0,12.0,0.0,1.0,630.89,629.89,5.817,5.813,0.064,5.758,0.198
altai,tugaya_south,field,10.0,12.0,0.0,1.5,631.39,629.89,6.521,6.517,0.072,6.348,0.223
altai,tugaya_south,field,10.0,12.0,0.0,2.0,631.89,629.89,7.052,7.048,0.077,6.804,0.241
altai,tugaya_south,field,10.0,12.0,0.0,3.0,632.89,629.89,7.836,7.832,0.086,7.504,0.269
altai,tugaya_south,field,10.0,12.0,0.0,5.0,634.89,629.89,8.867,8.862,0.097,8.493,0.305
altai,tugaya_south,field,10.0,12.0,0.0,10.0,639.89,629.89,10.146,10.140,0.114,10.060,0.339
altai,tugaya_south,field,10.0,12.0,0.0,30.0,659.89,629.89,11.568,11.561,0.227,13.251,0.411
altai,tugaya_south,field,10.0,12.0,0.0,50.0,679.89,629.89,12.389,12.379,0.283,15.156,0.494
altai,tugaya_south,field,10.0,12.0,0.0,100.0,729.89,629.89,13.518,13.504,0.295,18.421,0.619
altai,tugaya_south,field,10.0,12.0,0.0,200.0,829.89,629.89,14.571,14.554,0.256,22.986,0.706
altai,tugaya_south,field,10.0,12.0,0.0,300.0,929.89,629.89,15.299,15.281,0.216,26.693,0.730
altai,tugaya_south,field,10.0,12.0,100.0,1.0,623.03,622.03,3.467,3.442,-0.260,5.731,0.416
altai,tugaya_south,field,10.0,12.0,100.0,1.5,623.53,622.03,3.816,3.789,-0.283,6.318,0.458
altai,tugaya_south,field,10.0,12.0,100.0,2.0,624.03,622.03,4.091,4.062,-0.301,6.772,0.491
altai,tugaya_south,field,10.0,12.0,100.0,3.0,625.03,622.03,4.512,4.480,-0.328,7.469,0.542
altai,tugaya_south,field,10.0,12.0,100.0,5.0,627.03,622.03,5.135,5.098,-0.363,8.453,0.618
altai,tugaya_south,field,10.0,12.0,100.0,10.0,632.03,622.03,6.877,6.821,-0.409,10.013,0.874
altai,tugaya_south,field,10.0,12.0,100.0,30.0,652.03,622.03,10.814,10.741,-0.484,13.190,1.250
altai,tugaya_south,field,10.0,12.0,100.0,50.0,672.03,622.03,11.903,11.852,-0.262,15.087,1.109
altai,tugaya_south,field,10.0,12.0,100.0,100.0,722.03,622.03,13.241,13.208,-0.056,18.339,0.943
altai,tugaya_south,field,10.0,12.0,100.0,200.0,822.03,622.03,14.451,14.427,0.074,22.889,0.840
altai,tugaya_south,field,10.0,12.0,100.0,300.0,922.03,622.03,15.230,15.209,0.098,26.586,0.798
altai,tugaya_south,field,10.0,12.0,300.0,1.0,586.99,585.99,0.931,0.929,-0.084,5.606,-0.065
altai,tugaya_south,field,10.0,12.0,300.0,1.5,587.49,585.99,1.211,1.209,-0.097,6.181,-0.074
altai,tugaya_south,field,10.0,12.0,300.0,2.0,587.99,585.99,1.420,1.418,-0.106,6.625,-0.081
altai,tugaya_south,field,10.0,12.0,300.0,3.0,588.99,585.99,1.730,1.728,-0.119,7.307,-0.091
altai,tugaya_south,field,10.0,12.0,300.0,5.0,590.99,585.99,2.188,2.185,-0.139,8.270,-0.115
altai,tugaya_south,field,10.0,12.0,300.0,10.0,595.99,585.99,2.938,2.934,-0.170,9.797,-0.157
altai,tugaya_south,field,10.0,12.0,300.0,30.0,615.99,585.99,5.963,5.959,-0.334,12.908,0.225
altai,tugaya_south,field,10.0,12.0,300.0,50.0,635.99,585.99,8.715,8.652,-0.420,14.769,1.044
altai,tugaya_south,field,10.0,12.0,300.0,100.0,685.99,585.99,11.745,11.683,-0.234,17.963,1.201
altai,tugaya_south,field,10.0,12.0,300.0,200.0,785.99,585.99,13.831,13.793,-0.089,22.446,1.032
altai,tugaya_south,field,10.0,12.0,300.0,300.0,885.99,585.99,14.861,14.832,-0.052,26.097,0.926
askarovo,biyagoda_west,field,3.0,12.0,-3000.0,1.0,541.57,540.57,0.775,0.774,-0.017,2.188,0.043
askarovo,biyagoda_west,field,3.0,12.0,-3000.0,1.5,542.07,540.57,0.975,0.974,-0.022,2.290,0.054
askarovo,biyagoda_west,field,3.0,12.0,-3000.0,2.0,542.57,540.57,1.107,1.105,-0.025,2.366,0.061
askarovo,biyagoda_west,field,3.0,12.0,-3000.0,3.0,543.57,540.57,1.284,1.282,-0.029,2.477,0.070
askarovo,biyagoda_west,field,3.0,12.0,-3000.0,5.0,545.57,540.57,1.498,1.496,-0.034,2.626,0.081
askarovo,biyagoda_west,field,3.0,12.0,-3000.0,10.0,550.57,540.57,1.780,1.777,-0.040,2.847,0.097
askarovo,biyagoda_west,field,3.0,12.0,-3000.0,30.0,570.57,540.57,2.356,2.351,-0.052,3.261,0.160
askarovo,biyagoda_west,field,3.0,12.0,-3000.0,50.0,590.57,540.57,2.846,2.835,-0.072,3.496,0.247
askarovo,biyagoda_west,field,3.0,12.0,-3000.0,100.0,640.57,540.57,3.761,3.739,-0.117,3.895,0.404
askarovo,biyagoda_west,field,3.0,12.0,-3000.0,200.0,740.57,540.57,4.408,4.383,-0.118,4.461,0.476
askarovo,biyagoda_west,field,3.0,12.0,-3000.0,300.0,840.57,540.57,4.640,4.615,-0.102,4.732,0.481
askarovo,biyagoda_west,field,3.0,12.0,-1000.0,1.0,465.68,464.68,1.143,1.138,-0.003,2.082,0.103
askarovo,biyagoda_west,field,3.0,12.0,-1000.0,1.5,466.18,464.68,1.345,1.339,-0.004,2.179,0.121
askarovo,biyagoda_west,field,3.0,12.0,-1000.0,2.0,466.68,464.68,1.491,1.485,-0.004,2.252,0.134
askarovo,biyagoda_west,field,3.0,12.0,-1000.0,3.0,467.68,464.68,1.700,1.693,-0.004,2.358,0.152
askarovo,biyagoda_west,field,3.0,12.0,-1000.0,5.0,469.68,464.68,1.970,1.963,-0.004,2.500,0.176
askarovo,biyagoda_west,field,3.0,12.0,-1000.0,10.0,474.68,464.68,2.359,2.349,-0.004,2.711,0.209
askarovo,biyagoda_west,field,3.0,12.0,-1000.0,30.0,494.68,464.68,2.974,2.962,-0.004,3.106,0.265
askarovo,biyagoda_west,field,3.0,12.0,-1000.0,50.0,514.68,464.68,3.193,3.179,-0.002,3.332,0.294
askarovo,biyagoda_west,field,3.0,12.0,-1000.0,100.0,564.68,464.68,3.500,3.483,0.005,3.718,0.343
askarovo,biyagoda_west,field,3.0,12.0,-1000.0,200.0,664.68,464.68,3.829,3.809,0.017,4.270,0.392
askarovo,biyagoda_west,field,3.0,12.0,-1000.0,300.0,764.68,464.68,4.044,4.023,0.030,4.540,0.415
askarovo,biyagoda_west,field,3.0,12.0,-300.0,1.0,503.94,502.94,0.491,0.453,0.088,2.135,0.191
askarovo,biyagoda_west,field,3.0,12.0,-300.0,1.5,504.44,502.94,0.579,0.534,0.104,2.235,0.225
askarovo,biyagoda_west,field,3.0,12.0,-300.0,2.0,504.94,502.94,0.642,0.591,0.115,2.309,0.249
askarovo,biyagoda_west,field,3.0,12.0,-300.0,3.0,505.94,502.94,0.729,0.672,0.131,2.418,0.283
askarovo,biyagoda_west,field,3.0,12.0,-300.0,5.0,507.94,502.94,0.839,0.773,0.150,2.564,0.325
askarovo,biyagoda_west,field,3.0,12.0,-300.0,10.0,512.94,502.94,0.994,0.916,0.177,2.780,0.385
askarovo,biyagoda_west,field,3.0,12.0,-300.0,30.0,532.94,502.94,2.371,2.262,0.300,3.184,0.712
askarovo,biyagoda_west,field,3.0,12.0,-300.0,50.0,552.94,502.94,2.941,2.843,0.319,3.415,0.755
askarovo,biyagoda_west,field,3.0,12.0,-300.0,100.0,602.94,502.94,3.447,3.381,0.306,3.807,0.668
askarovo,biyagoda_west,field,3.0,12.0,-300.0,200.0,702.94,502.94,4.004,3.958,0.279,4.366,0.602
askarovo,biyagoda_west,field,3.0,12.0,-300.0,300.0,802.94,502.94,4.294,4.258,0.231,4.637,0.558
askarovo,biyagoda_west,field,3.0,12.0,-150.0,1.0,560.82,559.82,0.759,0.723,0.149,2.214,0.231
askarovo,biyagoda_west,field,3.0,12.0,-150.0,1.5,561.32,559.82,0.901,0.859,0.178,2.318,0.274
askarovo,biyagoda_west,field,3.0,12.0,-150.0,2.0,561.82,559.82,1.000,0.953,0.198,2.395,0.303
askarovo,biyagoda_west,field,3.0,12.0,-150.0,3.0,562.82,559.82,1.138,1.084,0.226,2.507,0.345
askarovo,biyagoda_west,field,3.0,12.0,-150.0,5.0,564.82,559.82,1.298,1.239,0.252,2.658,0.387
askarovo,biyagoda_west,field,3.0,12.0,-150.0,10.0,569.82,559.82,1.592,1.524,0.301,2.882,0.462
askarovo,biyagoda_west,field,3.0,12.0,-150.0,30.0,589.82,559.82,2.648,2.554,0.499,3.300,0.698
askarovo,biyagoda_west,field,3.0,12.0,-150.0,50.0,609.82,559.82,3.257,3.173,0.576,3.538,0.737
askarovo,biyagoda_west,field,3.0,12.0,-150.0,100.0,659.82,559.82,3.952,3.894,0.527,3.940,0.678
askarovo,biyagoda_west,field,3.0,12.0,-150.0,200.0,759.82,559.82,4.440,4.399,0.338,4.509,0.602
askarovo,biyagoda_west,field,3.0,12.0,-150.0,300.0,859.82,559.82,4.584,4.551,0.226,4.781,0.554
askarovo,biyagoda_west,field,3.0,12.0,-50.0,1.0,613.83,612.83,1.233,1.219,0.146,2.288,0.180
askarovo,biyagoda_west,field,3.0,12.0,-50.0,1.5,614.33,612.83,1.419,1.404,0.168,2.395,0.208
askarovo,biyagoda_west,field,3.0,12.0,-50.0,2.0,614.83,612.83,1.555,1.538,0.183,2.474,0.228
askarovo,biyagoda_west,field,3.0,12.0,-50.0,3.0,615.83,612.83,1.752,1.733,0.205,2.591,0.257
askarovo,biyagoda_west,field,3.0,12.0,-50.0,5.0,617.83,612.83,2.004,1.983,0.234,2.747,0.294
askarovo,biyagoda_west,field,3.0,12.0,-50.0,10.0,622.83,612.83,2.363,2.338,0.274,2.977,0.342
askarovo,biyagoda_west,field,3.0,12.0,-50.0,30.0,642.83,612.83,3.677,3.629,0.462,3.408,0.596
askarovo,biyagoda_west,field,3.0,12.0,-50.0,50.0,662.83,612.83,4.245,4.200,0.537,3.652,0.615
askarovo,biyagoda_west,field,3.0,12.0,-50.0,100.0,712.83,612.83,4.627,4.589,0.421,4.063,0.589
askarovo,biyagoda_west,field,3.0,12.0,-50.0,200.0,812.83,612.83,4.719,4.686,0.236,4.643,0.562
askarovo,biyagoda_west,field,3.0,12.0,-50.0,300.0,912.83,612.83,4.724,4.694,0.161,4.915,0.527
askarovo,biyagoda_west,field,3.0,12.0,-30.0,1.0,623.54,622.54,1.508,1.495,0.132,2.302,0.200
askarovo,biyagoda_west,field,3.0,12.0,-30.0,1.5,624.04,622.54,1.712,1.697,0.150,2.409,0.227
askarovo,biyagoda_west,field,3.0,12.0,-30.0,2.0,624.54,622.54,1.864,1.848,0.164,2.489,0.246
askarovo,biyagoda_west,field,3.0,12.0,-30.0,3.0,625.54,622.54,2.084,2.066,0.183,2.606,0.275
askarovo,biyagoda_west,field,3.0,12.0,-30.0,5.0,627.54,622.54,2.371,2.350,0.208,2.763,0.312
askarovo,biyagoda_west,field,3.0,12.0,-30.0,10.0,632.54,622.54,2.772,2.748,0.244,2.995,0.362
askarovo,biyagoda_west,field,3.0,12.0,-30.0,30.0,652.54,622.54,3.872,3.833,0.410,3.428,0.550
askarovo,biyagoda_west,field,3.0,12.0,-30.0,50.0,672.54,622.54,4.411,4.373,0.488,3.673,0.583
askarovo,biyagoda_west,field,3.0,12.0,-30.0,100.0,722.54,622.54,4.719,4.683,0.374,4.086,0.575
askarovo,biyagoda_west,field,3.0,12.0,-30.0,200.0,822.54,622.54,4.752,4.719,0.211,4.667,0.555
askarovo,biyagoda_west,field,3.0,12.0,-30.0,300.0,922.54,622.54,4.741,4.712,0.148,4.939,0.522
askarovo,biyagoda_west,field,3.0,12.0,-20.0,1.0,628.01,627.01,1.539,1.527,0.160,2.308,0.192
askarovo,biyagoda_west,field,3.0,12.0,-20.0,1.5,628.51,627.01,1.734,1.721,0.177,2.416,0.213
askarovo,biyagoda_west,field,3.0,12.0,-20.0,2.0,629.01,627.01,1.880,1.866,0.190,2.496,0.229
askarovo,biyagoda_west,field,3.0,12.0,-20.0,3.0,630.01,627.01,2.094,2.078,0.208,2.613,0.252
askarovo,biyagoda_west,field,3.0,12.0,-20.0,5.0,632.01,627.01,2.376,2.359,0.233,2.770,0.282
askarovo,biyagoda_west,field,3.0,12.0,-20.0,10.0,637.01,627.01,2.789,2.770,0.268,3.003,0.327
askarovo,biyagoda_west,field,3.0,12.0,-20.0,30.0,657.01,627.01,4.047,4.011,0.440,3.437,0.537
askarovo,biyagoda_west,field,3.0,12.0,-20.0,50.0,677.01,627.01,4.507,4.471,0.472,3.682,0.571
askarovo,biyagoda_west,field,3.0,12.0,-20.0,100.0,727.01,627.01,4.755,4.720,0.344,4.096,0.569
askarovo,biyagoda_west,field,3.0,12.0,-20.0,200.0,827.01,627.01,4.763,4.731,0.198,4.678,0.551
askarovo,biyagoda_west,field,3.0,12.0,-20.0,300.0,927.01,627.01,4.747,4.718,0.141,4.951,0.519
askarovo,biyagoda_west,field,3.0,12.0,-10.0,1.0,632.26,631.26,1.517,1.506,0.186,2.314,0.184
askarovo,biyagoda_west,field,3.0,12.0,-10.0,1.5,632.76,631.26,1.720,1.708,0.203,2.422,0.202
askarovo,biyagoda_west,field,3.0,12.0,-10.0,2.0,633.26,631.26,1.869,1.856,0.215,2.502,0.215
askarovo,biyagoda_west,field,3.0,12.0,-10.0,3.0,634.26,631.26,2.086,2.073,0.232,2.620,0.235
askarovo,biyagoda_west,field,3.0,12.0,-10.0,5.0,636.26,631.26,2.378,2.363,0.256,2.777,0.260
askarovo,biyagoda_west,field,3.0,12.0,-10.0,10.0,641.26,631.26,2.835,2.819,0.293,3.011,0.305
askarovo,biyagoda_west,field,3.0,12.0,-10.0,30.0,661.26,631.26,4.245,4.212,0.460,3.446,0.530
askarovo,biyagoda_west,field,3.0,12.0,-10.0,50.0,681.26,631.26,4.598,4.565,0.443,3.691,0.556
askarovo,biyagoda_west,field,3.0,12.0,-10.0,100.0,731.26,631.26,4.784,4.751,0.313,4.106,0.562
askarovo,biyagoda_west,field,3.0,12.0,-10.0,200.0,831.26,631.26,4.772,4.740,0.184,4.689,0.548
askarovo,biyagoda_west,field,3.0,12.0,-10.0,300.0,931.26,631.26,4.752,4.724,0.134,4.961,0.516
askarovo,biyagoda_west,field,3.0,12.0,0.0,1.0,636.37,635.37,1.684,1.672,0.207,2.319,0.195
askarovo,biyagoda_west,field,3.0,12.0,0.0,1.5,636.87,635.37,1.859,1.847,0.219,2.428,0.208
askarovo,biyagoda_west,field,3.0,12.0,0.0,2.0,637.37,635.37,1.995,1.983,0.229,2.508,0.219
askarovo,biyagoda_west,field,3.0,12.0,0.0,3.0,638.37,635.37,2.202,2.190,0.244,2.626,0.235
askarovo,biyagoda_west,field,3.0,12.0,0.0,5.0,640.37,635.37,2.494,2.480,0.265,2.784,0.257
askarovo,biyagoda_west,field,3.0,12.0,0.0,10.0,645.37,635.37,2.994,2.978,0.301,3.018,0.306
askarovo,biyagoda_west,field,3.0,12.0,0.0,30.0,665.37,635.37,4.430,4.399,0.447,3.454,0.525
askarovo,biyagoda_west,field,3.0,12.0,0.0,50.0,685.37,635.37,4.682,4.651,0.400,3.700,0.542
askarovo,biyagoda_west,field,3.0,12.0,0.0,100.0,735.37,635.37,4.810,4.778,0.281,4.116,0.557
askarovo,biyagoda_west,field,3.0,12.0,0.0,200.0,835.37,635.37,4.780,4.749,0.172,4.700,0.544
askarovo,biyagoda_west,field,3.0,12.0,0.0,300.0,935.37,635.37,4.757,4.729,0.128,4.972,0.514
askarovo,biyagoda_west,field,3.0,12.0,100.0,1.0,637.81,636.81,1.257,1.243,-0.047,2.321,0.188
askarovo,biyagoda_west,field,3.0,12.0,100.0,1.5,638.31,636.81,1.408,1.392,-0.052,2.430,0.210
askarovo,biyagoda_west,field,3.0,12.0,100.0,2.0,638.81,636.81,1.523,1.506,-0.056,2.510,0.227
askarovo,biyagoda_west,field,3.0,12.0,100.0,3.0,639.81,636.81,1.695,1.676,-0.062,2.629,0.252
askarovo,biyagoda_west,field,3.0,12.0,100.0,5.0,641.81,636.81,1.953,1.932,-0.069,2.787,0.285
askarovo,biyagoda_west,field,3.0,12.0,100.0,10.0,646.81,636.81,2.567,2.544,-0.076,3.021,0.344
askarovo,biyagoda_west,field,3.0,12.0,100.0,30.0,666.81,636.81,4.293,4.266,-0.096,3.457,0.486
askarovo,biyagoda_west,field,3.0,12.0,100.0,50.0,686.81,636.81,4.604,4.576,-0.044,3.703,0.505
askarovo,biyagoda_west,field,3.0,12.0,100.0,100.0,736.81,636.81,4.794,4.765,0.029,4.119,0.524
askarovo,biyagoda_west,field,3.0,12.0,100.0,200.0,836.81,636.81,4.800,4.771,0.069,4.703,0.521
askarovo,biyagoda_west,field,3.0,12.0,100.0,300.0,936.81,636.81,4.779,4.753,0.073,4.975,0.499
askarovo,biyagoda_west,field,3.0,12.0,300.0,1.0,561.70,560.70,0.066,0.060,0.006,2.216,0.027
askarovo,biyagoda_west,field,3.0,12.0,300.0,1.5,562.20,560.70,0.110,0.105,0.008,2.319,0.033
askarovo,biyagoda_west,field,3.0,12.0,300.0,2.0,562.70,560.70,0.140,0.134,0.008,2.396,0.038
askarovo,biyagoda_west,field,3.0,12.0,300.0,3.0,563.70,560.70,0.187,0.182,0.008,2.509,0.043
askarovo,biyagoda_west,field,3.0,12.0,300.0,5.0,565.70,560.70,0.281,0.276,0.005,2.660,0.051
askarovo,biyagoda_west,field,3.0,12.0,300.0,10.0,570.70,560.70,0.507,0.502,-0.004,2.884,0.069
askarovo,biyagoda_west,field,3.0,12.0,300.0,30.0,590.70,560.70,1.385,1.378,-0.044,3.302,0.148
askarovo,biyagoda_west,field,3.0,12.0,300.0,50.0,610.70,560.70,2.120,2.105,-0.117,3.539,0.258
askarovo,biyagoda_west,field,3.0,12.0,300.0,100.0,660.70,560.70,3.494,3.468,-0.180,3.942,0.427
askarovo,biyagoda_west,field,3.0,12.0,300.0,200.0,760.70,560.70,4.400,4.374,-0.100,4.512,0.481
askarovo,biyagoda_west,field,3.0,12.0,300.0,300.0,860.70,560.70,4.619,4.595,-0.039,4.783,0.478
askarovo,biyagoda_west,field,10.0,12.0,-3000.0,1.0,541.57,540.57,0.474,0.472,-0.081,5.431,-0.039
askarovo,biyagoda_west,field,10.0,12.0,-3000.0,1.5,542.07,540.57,0.986,0.984,-0.102,5.987,-0.050
askarovo,biyagoda_west,field,10.0,12.0,-3000.0,2.0,542.57,540.57,1.328,1.327,-0.116,6.418,-0.058
askarovo,biyagoda_west,field,10.0,12.0,-3000.0,3.0,543.57,540.57,1.800,1.798,-0.135,7.078,-0.068
askarovo,biyagoda_west,field,10.0,12.0,-3000.0,5.0,545.57,540.57,2.396,2.394,-0.158,8.011,-0.081
askarovo,biyagoda_west,field,10.0,12.0,-3000.0,10.0,550.57,540.57,3.247,3.246,-0.188,9.491,-0.093
askarovo,biyagoda_west,field,10.0,12.0,-3000.0,30.0,570.57,540.57,5.341,5.341,-0.244,12.511,-0.049
askarovo,biyagoda_west,field,10.0,12.0,-3000.0,50.0,590.57,540.57,7.717,7.717,-0.346,14.319,0.062
askarovo,biyagoda_west,field,10.0,12.0,-3000.0,100.0,640.57,540.57,12.468,12.465,-0.565,17.432,0.282
askarovo,biyagoda_west,field,10.0,12.0,-3000.0,200.0,740.57,540.57,16.701,16.697,-0.596,21.819,0.381
askarovo,biyagoda_west,field,10.0,12.0,-3000.0,300.0,840.57,540.57,18.515,18.511,-0.534,25.406,0.388
askarovo,biyagoda_west,field,10.0,12.0,-1000.0,1.0,465.68,464.68,2.712,2.708,-0.010,5.169,-0.136
askarovo,biyagoda_west,field,10.0,12.0,-1000.0,1.5,466.18,464.68,3.191,3.187,-0.012,5.699,-0.160
askarovo,biyagoda_west,field,10.0,12.0,-1000.0,2.0,466.68,464.68,3.539,3.534,-0.013,6.108,-0.178
askarovo,biyagoda_west,field,10.0,12.0,-1000.0,3.0,467.68,464.68,4.037,4.032,-0.013,6.737,-0.203
askarovo,biyagoda_west,field,10.0,12.0,-1000.0,5.0,469.68,464.68,4.683,4.677,-0.013,7.626,-0.237
askarovo,biyagoda_west,field,10.0,12.0,-1000.0,10.0,474.68,464.68,5.611,5.604,-0.014,9.036,-0.285
askarovo,biyagoda_west,field,10.0,12.0,-1000.0,30.0,494.68,464.68,7.337,7.330,-0.015,11.918,-0.324
askarovo,biyagoda_west,field,10.0,12.0,-1000.0,50.0,514.68,464.68,8.512,8.509,-0.007,13.649,-0.247
askarovo,biyagoda_west,field,10.0,12.0,-1000.0,100.0,564.68,464.68,10.746,10.746,0.012,16.641,-0.040
askarovo,biyagoda_west,field,10.0,12.0,-1000.0,200.0,664.68,464.68,13.790,13.789,0.061,20.884,0.191
askarovo,biyagoda_west,field,10.0,12.0,-1000.0,300.0,764.68,464.68,15.951,15.948,0.113,24.376,0.299
askarovo,biyagoda_west,field,10.0,12.0,-300.0,1.0,503.94,502.94,1.280,1.246,0.418,5.301,0.289
askarovo,biyagoda_west,field,10.0,12.0,-300.0,1.5,504.44,502.94,1.509,1.470,0.492,5.844,0.341
askarovo,biyagoda_west,field,10.0,12.0,-300.0,2.0,504.94,502.94,1.671,1.628,0.545,6.264,0.378
askarovo,biyagoda_west,field,10.0,12.0,-300.0,3.0,505.94,502.94,1.898,1.849,0.619,6.909,0.429
askarovo,biyagoda_west,field,10.0,12.0,-300.0,5.0,507.94,502.94,2.184,2.127,0.712,7.820,0.493
askarovo,biyagoda_west,field,10.0,12.0,-300.0,10.0,512.94,502.94,2.590,2.523,0.839,9.265,0.588
askarovo,biyagoda_west,field,10.0,12.0,-300.0,30.0,532.94,502.94,6.524,6.384,1.425,12.217,1.347
askarovo,biyagoda_west,field,10.0,12.0,-300.0,50.0,552.94,502.94,8.468,8.355,1.523,13.987,1.382
askarovo,biyagoda_west,field,10.0,12.0,-300.0,100.0,602.94,502.94,11.037,10.988,1.514,17.040,1.047
askarovo,biyagoda_west,field,10.0,12.0,-300.0,200.0,702.94,502.94,14.567,14.543,1.446,21.355,0.836
askarovo,biyagoda_west,field,10.0,12.0,-300.0,300.0,802.94,502.94,16.914,16.899,1.202,24.895,0.734
askarovo,biyagoda_west,field,10.0,12.0,-150.0,1.0,560.82,559.82,2.206,2.160,0.747,5.497,0.452
askarovo,biyagoda_west,field,10.0,12.0,-150.0,1.5,561.32,559.82,2.619,2.564,0.891,6.061,0.534
askarovo,biyagoda_west,field,10.0,12.0,-150.0,2.0,561.82,559.82,2.907,2.846,0.991,6.496,0.591
askarovo,biyagoda_west,field,10.0,12.0,-150.0,3.0,562.82,559.82,3.308,3.239,1.131,7.164,0.671
askarovo,biyagoda_west,field,10.0,12.0,-150.0,5.0,564.82,559.82,3.791,3.718,1.263,8.109,0.738
askarovo,biyagoda_west,field,10.0,12.0,-150.0,10.0,569.82,559.82,4.692,4.612,1.509,9.607,0.860
askarovo,biyagoda_west,field,10.0,12.0,-150.0,30.0,589.82,559.82,8.029,7.924,2.503,12.661,1.299
askarovo,biyagoda_west,field,10.0,12.0,-150.0,50.0,609.82,559.82,10.243,10.153,2.905,14.489,1.351
askarovo,biyagoda_west,field,10.0,12.0,-150.0,100.0,659.82,559.82,13.435,13.391,2.697,17.633,1.088
askarovo,biyagoda_west,field,10.0,12.0,-150.0,200.0,759.82,559.82,16.679,16.657,1.764,22.056,0.846
askarovo,biyagoda_west,field,10.0,12.0,-150.0,300.0,859.82,559.82,18.462,18.447,1.171,25.667,0.731
askarovo,biyagoda_west,field,10.0,12.0,-50.0,1.0,613.83,612.83,4.021,4.019,0.762,5.680,0.127
askarovo,biyagoda_west,field,10.0,12.0,-50.0,1.5,614.33,612.83,4.628,4.626,0.872,6.262,0.148
askarovo,biyagoda_west,field,10.0,12.0,-50.0,2.0,614.83,612.83,5.073,5.070,0.953,6.712,0.163
askarovo,biyagoda_west,field,10.0,12.0,-50.0,3.0,615.83,612.83,5.714,5.711,1.069,7.403,0.184
askarovo,biyagoda_west,field,10.0,12.0,-50.0,5.0,617.83,612.83,6.538,6.535,1.218,8.378,0.212
askarovo,biyagoda_west,field,10.0,12.0,-50.0,10.0,622.83,612.83,7.716,7.712,1.425,9.925,0.240
askarovo,biyagoda_west,field,10.0,12.0,-50.0,30.0,642.83,612.83,12.095,12.063,2.402,13.075,0.884
askarovo,biyagoda_west,field,10.0,12.0,-50.0,50.0,662.83,612.83,14.305,14.277,2.795,14.957,0.908
askarovo,biyagoda_west,field,10.0,12.0,-50.0,100.0,712.83,612.83,16.520,16.501,2.200,18.186,0.786
askarovo,biyagoda_west,field,10.0,12.0,-50.0,200.0,812.83,612.83,18.291,18.277,1.233,22.709,0.729
askarovo,biyagoda_west,field,10.0,12.0,-50.0,300.0,912.83,612.83,19.495,19.484,0.822,26.387,0.663
askarovo,biyagoda_west,field,10.0,12.0,-30.0,1.0,623.54,622.54,4.956,4.955,0.692,5.714,0.117
askarovo,biyagoda_west,field,10.0,12.0,-30.0,1.5,624.04,622.54,5.628,5.626,0.786,6.299,0.130
askarovo,biyagoda_west,field,10.0,12.0,-30.0,2.0,624.54,622.54,6.126,6.124,0.857,6.752,0.140
askarovo,biyagoda_west,field,10.0,12.0,-30.0,3.0,625.54,622.54,6.850,6.849,0.959,7.446,0.155
askarovo,biyagoda_west,field,10.0,12.0,-30.0,5.0,627.54,622.54,7.792,7.790,1.091,8.428,0.173
askarovo,biyagoda_west,field,10.0,12.0,-30.0,10.0,632.54,622.54,9.114,9.112,1.276,9.983,0.194
askarovo,biyagoda_west,field,10.0,12.0,-30.0,30.0,652.54,622.54,12.886,12.867,2.143,13.151,0.693
askarovo,biyagoda_west,field,10.0,12.0,-30.0,50.0,672.54,622.54,15.023,15.002,2.551,15.043,0.787
askarovo,biyagoda_west,field,10.0,12.0,-30.0,100.0,722.54,622.54,16.981,16.965,1.958,18.287,0.744
askarovo,biyagoda_west,field,10.0,12.0,-30.0,200.0,822.54,622.54,18.520,18.507,1.104,22.828,0.711
askarovo,biyagoda_west,field,10.0,12.0,-30.0,300.0,922.54,622.54,19.652,19.641,0.751,26.519,0.650
askarovo,biyagoda_west,field,10.0,12.0,-20.0,1.0,628.01,627.01,5.068,5.067,0.843,5.729,0.086
askarovo,biyagoda_west,field,10.0,12.0,-20.0,1.5,628.51,627.01,5.714,5.713,0.931,6.316,0.087
askarovo,biyagoda_west,field,10.0,12.0,-20.0,2.0,629.01,627.01,6.196,6.195,0.997,6.770,0.087
askarovo,biyagoda_west,field,10.0,12.0,-20.0,3.0,630.01,627.01,6.903,6.903,1.093,7.466,0.087
askarovo,biyagoda_west,field,10.0,12.0,-20.0,5.0,632.01,627.01,7.840,7.839,1.221,8.450,0.087
askarovo,biyagoda_west,field,10.0,12.0,-20.0,10.0,637.01,627.01,9.210,9.209,1.408,10.010,0.092
askarovo,biyagoda_west,field,10.0,12.0,-20.0,30.0,657.01,627.01,13.520,13.504,2.307,13.186,0.660
askarovo,biyagoda_west,field,10.0,12.0,-20.0,50.0,677.01,627.01,15.418,15.399,2.472,15.082,0.751
askarovo,biyagoda_west,field,10.0,12.0,-20.0,100.0,727.01,627.01,17.175,17.160,1.807,18.334,0.724
askarovo,biyagoda_west,field,10.0,12.0,-20.0,200.0,827.01,627.01,18.615,18.602,1.033,22.883,0.701
askarovo,biyagoda_west,field,10.0,12.0,-20.0,300.0,927.01,627.01,19.719,19.709,0.715,26.579,0.643
askarovo,biyagoda_west,field,10.0,12.0,-10.0,1.0,632.26,631.26,4.999,4.998,0.979,5.744,0.091
askarovo,biyagoda_west,field,10.0,12.0,-10.0,1.5,632.76,631.26,5.672,5.672,1.066,6.333,0.082
askarovo,biyagoda_west,field,10.0,12.0,-10.0,2.0,633.26,631.26,6.168,6.167,1.129,6.787,0.076
askarovo,biyagoda_west,field,10.0,12.0,-10.0,3.0,634.26,631.26,6.893,6.893,1.222,7.485,0.066
askarovo,biyagoda_west,field,10.0,12.0,-10.0,5.0,636.26,631.26,7.865,7.865,1.348,8.472,0.054
askarovo,biyagoda_west,field,10.0,12.0,-10.0,10.0,641.26,631.26,9.393,9.393,1.543,10.035,0.067
askarovo,biyagoda_west,field,10.0,12.0,-10.0,30.0,661.26,631.26,14.222,14.207,2.415,13.219,0.653
askarovo,biyagoda_west,field,10.0,12.0,-10.0,50.0,681.26,631.26,15.795,15.779,2.324,15.120,0.708
askarovo,biyagoda_west,field,10.0,12.0,-10.0,100.0,731.26,631.26,17.347,17.333,1.641,18.378,0.705
askarovo,biyagoda_west,field,10.0,12.0,-10.0,200.0,831.26,631.26,18.700,18.687,0.963,22.935,0.691
askarovo,biyagoda_west,field,10.0,12.0,-10.0,300.0,931.26,631.26,19.781,19.771,0.678,26.637,0.636
askarovo,biyagoda_west,field,10.0,12.0,0.0,1.0,636.37,635.37,5.556,5.555,1.091,5.758,0.110
askarovo,biyagoda_west,field,10.0,12.0,0.0,1.5,636.87,635.37,6.143,6.142,1.156,6.348,0.100
askarovo,biyagoda_west,field,10.0,12.0,0.0,2.0,637.37,635.37,6.596,6.596,1.206,6.804,0.092
askarovo,biyagoda_west,field,10.0,12.0,0.0,3.0,638.37,635.37,7.290,7.290,1.283,7.504,0.081
askarovo,biyagoda_west,field,10.0,12.0,0.0,5.0,640.37,635.37,8.267,8.267,1.394,8.493,0.066
askarovo,biyagoda_west,field,10.0,12.0,0.0,10.0,645.37,635.37,9.945,9.944,1.586,10.060,0.102
askarovo,biyagoda_west,field,10.0,12.0,0.0,30.0,665.37,635.37,14.883,14.869,2.354,13.251,0.646
askarovo,biyagoda_west,field,10.0,12.0,0.0,50.0,685.37,635.37,16.151,16.138,2.103,15.156,0.665
askarovo,biyagoda_west,field,10.0,12.0,0.0,100.0,735.37,635.37,17.505,17.492,1.475,18.421,0.688
askarovo,biyagoda_west,field,10.0,12.0,0.0,200.0,835.37,635.37,18.780,18.767,0.896,22.986,0.682
askarovo,biyagoda_west,field,10.0,12.0,0.0,300.0,935.37,635.37,19.841,19.831,0.644,26.693,0.630
askarovo,biyagoda_west,field,10.0,12.0,100.0,1.0,637.81,636.81,3.797,3.782,-0.247,5.763,0.338
askarovo,biyagoda_west,field,10.0,12.0,100.0,1.5,638.31,636.81,4.288,4.271,-0.274,6.354,0.377
askarovo,biyagoda_west,field,10.0,12.0,100.0,2.0,638.81,636.81,4.663,4.645,-0.295,6.810,0.407
askarovo,biyagoda_west,field,10.0,12.0,100.0,3.0,639.81,636.81,5.223,5.203,-0.326,7.510,0.452
askarovo,biyagoda_west,field,10.0,12.0,100.0,5.0,641.81,636.81,6.077,6.056,-0.361,8.500,0.502
askarovo,biyagoda_west,field,10.0,12.0,100.0,10.0,646.81,636.81,8.149,8.129,-0.396,10.069,0.564
askarovo,biyagoda_west,field,10.0,12.0,100.0,30.0,666.81,636.81,14.226,14.211,-0.493,13.263,0.638
askarovo,biyagoda_west,field,10.0,12.0,100.0,50.0,686.81,636.81,15.895,15.883,-0.214,15.169,0.604
askarovo,biyagoda_west,field,10.0,12.0,100.0,100.0,736.81,636.81,17.562,17.552,0.165,18.436,0.601
askarovo,biyagoda_west,field,10.0,12.0,100.0,200.0,836.81,636.81,18.916,18.906,0.357,23.004,0.610
askarovo,biyagoda_west,field,10.0,12.0,100.0,300.0,936.81,636.81,19.947,19.938,0.358,26.712,0.582
askarovo,biyagoda_west,field,10.0,12.0,300.0,1.0,561.70,560.70,1.850,-1.839,0.128,5.500,-0.197
askarovo,biyagoda_west,field,10.0,12.0,300.0,1.5,562.20,560.70,1.886,-1.870,0.160,6.064,-0.247
askarovo,biyagoda_west,field,10.0,12.0,300.0,2.0,562.70,560.70,1.902,-1.882,0.181,6.500,-0.280
askarovo,biyagoda_west,field,10.0,12.0,300.0,3.0,563.70,560.70,1.849,-1.825,0.193,7.168,-0.299
askarovo,biyagoda_west,field,10.0,12.0,300.0,5.0,565.70,560.70,1.629,-1.604,0.180,8.114,-0.284
askarovo,biyagoda_west,field,10.0,12.0,300.0,10.0,570.70,560.70,1.110,-1.083,0.149,9.612,-0.244
askarovo,biyagoda_west,field,10.0,12.0,300.0,30.0,590.70,560.70,1.036,1.034,-0.025,12.668,-0.058
askarovo,biyagoda_west,field,10.0,12.0,300.0,50.0,610.70,560.70,4.371,4.367,-0.486,14.497,0.191
askarovo,biyagoda_west,field,10.0,12.0,300.0,100.0,660.70,560.70,11.766,11.754,-0.871,17.642,0.530
askarovo,biyagoda_west,field,10.0,12.0,300.0,200.0,760.70,560.70,17.055,17.047,-0.506,22.067,0.503
askarovo,biyagoda_west,field,10.0,12.0,300.0,300.0,860.70,560.70,18.810,18.803,-0.222,25.679,0.487
askarovo,biyagoda_east,field,3.0,12.0,-3000.0,1.0,506.24,505.24,1.374,1.374,0.001,2.136,-0.030
askarovo,biyagoda_east,field,3.0,12.0,-3000.0,1.5,506.74,505.24,1.615,1.615,0.001,2.236,-0.035
askarovo,biyagoda_east,field,3.0,12.0,-3000.0,2.0,507.24,505.24,1.786,1.786,0.001,2.310,-0.038
askarovo,biyagoda_east,field,3.0,12.0,-3000.0,3.0,508.24,505.24,2.028,2.027,0.002,2.419,-0.044
askarovo,biyagoda_east,field,3.0,12.0,-3000.0,5.0,510.24,505.24,2.333,2.332,0.002,2.565,-0.050
askarovo,biyagoda_east,field,3.0,12.0,-3000.0,10.0,515.24,505.24,2.746,2.746,0.002,2.781,-0.059
askarovo,biyagoda_east,field,3.0,12.0,-3000.0,30.0,535.24,505.24,3.418,3.418,0.004,3.186,-0.066
askarovo,biyagoda_east,field,3.0,12.0,-3000.0,50.0,555.24,505.24,3.816,3.816,0.008,3.416,-0.062
askarovo,biyagoda_east,field,3.0,12.0,-3000.0,100.0,605.24,505.24,4.226,4.226,0.019,3.809,-0.053
askarovo,biyagoda_east,field,3.0,12.0,-3000.0,200.0,705.24,505.24,4.367,4.367,0.030,4.368,-0.041
askarovo,biyagoda_east,field,3.0,12.0,-3000.0,300.0,805.24,505.24,4.382,4.382,0.032,4.639,-0.035
askarovo,biyagoda_east,field,3.0,12.0,-1000.0,1.0,490.97,489.97,1.194,1.194,-0.009,2.115,-0.010
askarovo,biyagoda_east,field,3.0,12.0,-1000.0,1.5,491.47,489.97,1.385,1.385,-0.010,2.214,-0.014
askarovo,biyagoda_east,field,3.0,12.0,-1000.0,2.0,491.97,489.97,1.524,1.524,-0.011,2.287,-0.017
askarovo,biyagoda_east,field,3.0,12.0,-1000.0,3.0,492.97,489.97,1.724,1.724,-0.012,2.395,-0.021
askarovo,biyagoda_east,field,3.0,12.0,-1000.0,5.0,494.97,489.97,1.984,1.984,-0.013,2.539,-0.026
askarovo,biyagoda_east,field,3.0,12.0,-1000.0,10.0,499.97,489.97,2.353,2.353,-0.015,2.753,-0.035
askarovo,biyagoda_east,field,3.0,12.0,-1000.0,30.0,519.97,489.97,2.929,2.928,-0.023,3.155,-0.047
askarovo,biyagoda_east,field,3.0,12.0,-1000.0,50.0,539.97,489.97,3.155,3.155,-0.035,3.383,-0.039
askarovo,biyagoda_east,field,3.0,12.0,-1000.0,100.0,589.97,489.97,3.510,3.509,-0.037,3.773,-0.030
askarovo,biyagoda_east,field,3.0,12.0,-1000.0,200.0,689.97,489.97,3.865,3.865,-0.010,4.329,-0.029
askarovo,biyagoda_east,field,3.0,12.0,-1000.0,300.0,789.97,489.97,4.032,4.032,0.010,4.600,-0.031
askarovo,biyagoda_east,field,3.0,12.0,-300.0,1.0,556.31,555.31,1.010,1.010,0.076,2.206,-0.024
askarovo,biyagoda_east,field,3.0,12.0,-300.0,1.5,556.81,555.31,1.169,1.169,0.086,2.309,-0.027
askarovo,biyagoda_east,field,3.0,12.0,-300.0,2.0,557.31,555.31,1.285,1.284,0.093,2.385,-0.029
askarovo,biyagoda_east,field,3.0,12.0,-300.0,3.0,558.31,555.31,1.451,1.450,0.104,2.498,-0.031
askarovo,biyagoda_east,field,3.0,12.0,-300.0,5.0,560.31,555.31,1.665,1.665,0.118,2.648,-0.035
askarovo,biyagoda_east,field,3.0,12.0,-300.0,10.0,565.31,555.31,1.970,1.969,0.138,2.871,-0.039
askarovo,biyagoda_east,field,3.0,12.0,-300.0,30.0,585.31,555.31,3.090,3.090,0.214,3.288,0.023
askarovo,biyagoda_east,field,3.0,12.0,-300.0,50.0,605.31,555.31,3.412,3.412,0.243,3.524,0.010
askarovo,biyagoda_east,field,3.0,12.0,-300.0,100.0,655.31,555.31,3.744,3.744,0.253,3.925,-0.040
askarovo,biyagoda_east,field,3.0,12.0,-300.0,200.0,755.31,555.31,4.049,4.048,0.219,4.494,-0.068
askarovo,biyagoda_east,field,3.0,12.0,-300.0,300.0,855.31,555.31,4.171,4.170,0.172,4.765,-0.064
askarovo,biyagoda_east,field,3.0,12.0,-150.0,1.0,592.65,591.65,1.133,1.132,0.133,2.256,0.030
askarovo,biyagoda_east,field,3.0,12.0,-150.0,1.5,593.15,591.65,1.293,1.292,0.151,2.362,0.033
askarovo,biyagoda_east,field,3.0,12.0,-150.0,2.0,593.65,591.65,1.412,1.411,0.165,2.440,0.036
askarovo,biyagoda_east,field,3.0,12.0,-150.0,3.0,594.65,591.65,1.572,1.572,0.178,2.555,0.026
askarovo,biyagoda_east,field,3.0,12.0,-150.0,5.0,596.65,591.65,1.800,1.800,0.196,2.709,0.008
askarovo,biyagoda_east,field,3.0,12.0,-150.0,10.0,601.65,591.65,2.189,2.188,0.228,2.936,-0.029
askarovo,biyagoda_east,field,3.0,12.0,-150.0,30.0,621.65,591.65,3.207,3.203,0.336,3.362,-0.153
askarovo,biyagoda_east,field,3.0,12.0,-150.0,50.0,641.65,591.65,3.635,3.629,0.370,3.603,-0.205
askarovo,biyagoda_east,field,3.0,12.0,-150.0,100.0,691.65,591.65,4.046,4.041,0.324,4.010,-0.200
askarovo,biyagoda_east,field,3.0,12.0,-150.0,200.0,791.65,591.65,4.273,4.271,0.217,4.585,-0.131
askarovo,biyagoda_east,field,3.0,12.0,-150.0,300.0,891.65,591.65,4.308,4.307,0.152,4.857,-0.091
askarovo,biyagoda_east,field,3.0,12.0,-50.0,1.0,623.21,622.21,1.255,1.238,0.211,2.299,-0.209
askarovo,biyagoda_east,field,3.0,12.0,-50.0,1.5,623.71,622.21,1.381,1.361,0.228,2.406,-0.238
askarovo,biyagoda_east,field,3.0,12.0,-50.0,2.0,624.21,622.21,1.480,1.457,0.240,2.486,-0.261
askarovo,biyagoda_east,field,3.0,12.0,-50.0,3.0,625.21,622.21,1.634,1.607,0.260,2.603,-0.297
askarovo,biyagoda_east,field,3.0,12.0,-50.0,5.0,627.21,622.21,1.856,1.823,0.288,2.760,-0.345
askarovo,biyagoda_east,field,3.0,12.0,-50.0,10.0,632.21,622.21,2.255,2.223,0.331,2.991,-0.377
askarovo,biyagoda_east,field,3.0,12.0,-50.0,30.0,652.21,622.21,3.667,3.646,0.451,3.424,-0.391
askarovo,biyagoda_east,field,3.0,12.0,-50.0,50.0,672.21,622.21,4.176,4.162,0.414,3.668,-0.344
askarovo,biyagoda_east,field,3.0,12.0,-50.0,100.0,722.21,622.21,4.396,4.389,0.262,4.081,-0.252
askarovo,biyagoda_east,field,3.0,12.0,-50.0,200.0,822.21,622.21,4.414,4.412,0.152,4.662,-0.140
askarovo,biyagoda_east,field,3.0,12.0,-50.0,300.0,922.21,622.21,4.374,4.373,0.108,4.934,-0.094
askarovo,biyagoda_east,field,3.0,12.0,-30.0,1.0,629.36,628.36,1.112,1.072,0.207,2.307,-0.295
askarovo,biyagoda_east,field,3.0,12.0,-30.0,1.5,629.86,628.36,1.237,1.192,0.230,2.415,-0.330
askarovo,biyagoda_east,field,3.0,12.0,-30.0,2.0,630.36,628.36,1.333,1.284,0.247,2.495,-0.357
askarovo,biyagoda_east,field,3.0,12.0,-30.0,3.0,631.36,628.36,1.478,1.423,0.273,2.613,-0.398
askarovo,biyagoda_east,field,3.0,12.0,-30.0,5.0,633.36,628.36,1.671,1.615,0.304,2.770,-0.429
askarovo,biyagoda_east,field,3.0,12.0,-30.0,10.0,638.36,628.36,2.069,2.027,0.347,3.002,-0.413
askarovo,biyagoda_east,field,3.0,12.0,-30.0,30.0,658.36,628.36,3.944,3.929,0.497,3.436,-0.342
askarovo,biyagoda_east,field,3.0,12.0,-30.0,50.0,678.36,628.36,4.320,4.308,0.404,3.682,-0.320
askarovo,biyagoda_east,field,3.0,12.0,-30.0,100.0,728.36,628.36,4.456,4.449,0.232,4.095,-0.244
askarovo,biyagoda_east,field,3.0,12.0,-30.0,200.0,828.36,628.36,4.433,4.431,0.134,4.678,-0.138
askarovo,biyagoda_east,field,3.0,12.0,-30.0,300.0,928.36,628.36,4.382,4.381,0.098,4.950,-0.093
askarovo,biyagoda_east,field,3.0,12.0,-20.0,1.0,632.34,631.34,1.167,1.127,0.188,2.312,-0.301
askarovo,biyagoda_east,field,3.0,12.0,-20.0,1.5,632.84,631.34,1.307,1.263,0.211,2.420,-0.338
askarovo,biyagoda_east,field,3.0,12.0,-20.0,2.0,633.34,631.34,1.415,1.367,0.228,2.500,-0.366
askarovo,biyagoda_east,field,3.0,12.0,-20.0,3.0,634.34,631.34,1.574,1.521,0.253,2.617,-0.407
askarovo,biyagoda_east,field,3.0,12.0,-20.0,5.0,636.34,631.34,1.783,1.731,0.281,2.775,-0.428
askarovo,biyagoda_east,field,3.0,12.0,-20.0,10.0,641.34,631.34,2.219,2.181,0.321,3.008,-0.406
askarovo,biyagoda_east,field,3.0,12.0,-20.0,30.0,661.34,631.34,4.131,4.118,0.467,3.442,-0.327
askarovo,biyagoda_east,field,3.0,12.0,-20.0,50.0,681.34,631.34,4.376,4.365,0.360,3.688,-0.312
askarovo,biyagoda_east,field,3.0,12.0,-20.0,100.0,731.34,631.34,4.478,4.472,0.210,4.102,-0.239
askarovo,biyagoda_east,field,3.0,12.0,-20.0,200.0,831.34,631.34,4.441,4.439,0.125,4.685,-0.136
askarovo,biyagoda_east,field,3.0,12.0,-20.0,300.0,931.34,631.34,4.385,4.385,0.092,4.957,-0.092
askarovo,biyagoda_east,field,3.0,12.0,-10.0,1.0,635.22,634.22,1.440,1.410,0.161,2.316,-0.290
askarovo,biyagoda_east,field,3.0,12.0,-10.0,1.5,635.72,634.22,1.589,1.556,0.177,2.424,-0.319
askarovo,biyagoda_east,field,3.0,12.0,-10.0,2.0,636.22,634.22,1.705,1.670,0.189,2.504,-0.342
askarovo,biyagoda_east,field,3.0,12.0,-10.0,3.0,637.22,634.22,1.882,1.844,0.208,2.622,-0.377
askarovo,biyagoda_east,field,3.0,12.0,-10.0,5.0,639.22,634.22,2.123,2.087,0.228,2.780,-0.388
askarovo,biyagoda_east,field,3.0,12.0,-10.0,10.0,644.22,634.22,2.608,2.581,0.261,3.013,-0.378
askarovo,biyagoda_east,field,3.0,12.0,-10.0,30.0,664.22,634.22,4.254,4.241,0.376,3.448,-0.324
askarovo,biyagoda_east,field,3.0,12.0,-10.0,50.0,684.22,634.22,4.420,4.410,0.290,3.694,-0.306
askarovo,biyagoda_east,field,3.0,12.0,-10.0,100.0,734.22,634.22,4.495,4.489,0.182,4.109,-0.231
askarovo,biyagoda_east,field,3.0,12.0,-10.0,200.0,834.22,634.22,4.446,4.444,0.115,4.692,-0.134
askarovo,biyagoda_east,field,3.0,12.0,-10.0,300.0,934.22,634.22,4.388,4.387,0.087,4.965,-0.091
askarovo,biyagoda_east,field,3.0,12.0,0.0,1.0,638.03,637.03,1.718,1.698,0.126,2.319,-0.266
askarovo,biyagoda_east,field,3.0,12.0,0.0,1.5,638.53,637.03,1.878,1.856,0.137,2.428,-0.290
askarovo,biyagoda_east,field,3.0,12.0,0.0,2.0,639.03,637.03,2.006,1.982,0.146,2.508,-0.309
askarovo,biyagoda_east,field,3.0,12.0,0.0,3.0,640.03,637.03,2.201,2.175,0.160,2.626,-0.339
askarovo,biyagoda_east,field,3.0,12.0,0.0,5.0,642.03,637.03,2.475,2.451,0.174,2.784,-0.346
askarovo,biyagoda_east,field,3.0,12.0,0.0,10.0,647.03,637.03,2.989,2.968,0.199,3.018,-0.348
askarovo,biyagoda_east,field,3.0,12.0,0.0,30.0,667.03,637.03,4.332,4.320,0.283,3.454,-0.317
askarovo,biyagoda_east,field,3.0,12.0,0.0,50.0,687.03,637.03,4.459,4.449,0.226,3.700,-0.298
askarovo,biyagoda_east,field,3.0,12.0,0.0,100.0,737.03,637.03,4.510,4.504,0.156,4.116,-0.224
askarovo,biyagoda_east,field,3.0,12.0,0.0,200.0,837.03,637.03,4.451,4.449,0.105,4.700,-0.131
askarovo,biyagoda_east,field,3.0,12.0,0.0,300.0,937.03,637.03,4.390,4.389,0.081,4.972,-0.090
askarovo,biyagoda_east,field,3.0,12.0,100.0,1.0,639.70,638.70,1.164,1.163,-0.051,2.322,-0.059
askarovo,biyagoda_east,field,3.0,12.0,100.0,1.5,640.20,638.70,1.358,1.357,-0.059,2.430,-0.069
askarovo,biyagoda_east,field,3.0,12.0,100.0,2.0,640.70,638.70,1.498,1.496,-0.065,2.511,-0.076
askarovo,biyagoda_east,field,3.0,12.0,100.0,3.0,641.70,638.70,1.696,1.694,-0.073,2.629,-0.086
askarovo,biyagoda_east,field,3.0,12.0,100.0,5.0,643.70,638.70,1.963,1.960,-0.082,2.787,-0.096
askarovo,biyagoda_east,field,3.0,12.0,100.0,10.0,648.70,638.70,2.414,2.412,-0.095,3.021,-0.101
askarovo,biyagoda_east,field,3.0,12.0,100.0,30.0,668.70,638.70,4.147,4.145,-0.141,3.457,-0.115
askarovo,biyagoda_east,field,3.0,12.0,100.0,50.0,688.70,638.70,4.418,4.416,-0.107,3.704,-0.147
askarovo,biyagoda_east,field,3.0,12.0,100.0,100.0,738.70,638.70,4.518,4.515,-0.041,4.119,-0.152
askarovo,biyagoda_east,field,3.0,12.0,100.0,200.0,838.70,638.70,4.471,4.470,0.014,4.704,-0.111
askarovo,biyagoda_east,field,3.0,12.0,100.0,300.0,938.70,638.70,4.406,4.405,0.030,4.976,-0.083
askarovo,biyagoda_east,field,3.0,12.0,300.0,1.0,547.26,546.26,0.078,0.051,0.006,2.193,0.060
askarovo,biyagoda_east,field,3.0,12.0,300.0,1.5,547.76,546.26,0.128,0.102,0.007,2.296,0.079
askarovo,biyagoda_east,field,3.0,12.0,300.0,2.0,548.26,546.26,0.161,0.134,0.008,2.372,0.090
askarovo,biyagoda_east,field,3.0,12.0,300.0,3.0,549.26,546.26,0.206,0.177,0.009,2.483,0.105
askarovo,biyagoda_east,field,3.0,12.0,300.0,5.0,551.26,546.26,0.267,0.237,0.009,2.633,0.123
askarovo,biyagoda_east,field,3.0,12.0,300.0,10.0,556.26,546.26,0.400,0.370,0.003,2.855,0.153
askarovo,biyagoda_east,field,3.0,12.0,300.0,30.0,576.26,546.26,1.095,1.066,-0.060,3.269,0.251
askarovo,biyagoda_east,field,3.0,12.0,300.0,50.0,596.26,546.26,1.785,1.768,-0.166,3.505,0.248
askarovo,biyagoda_east,field,3.0,12.0,300.0,100.0,646.26,546.26,3.172,3.169,-0.311,3.904,0.125
askarovo,biyagoda_east,field,3.0,12.0,300.0,200.0,746.26,546.26,4.164,4.164,-0.199,4.471,-0.017
askarovo,biyagoda_east,field,3.0,12.0,300.0,300.0,846.26,546.26,4.316,4.316,-0.105,4.742,-0.047
askarovo,biyagoda_east,field,10.0,12.0,-3000.0,1.0,506.24,505.24,4.165,4.164,0.006,5.303,-0.088
askarovo,biyagoda_east,field,10.0,12.0,-3000.0,1.5,506.74,505.24,4.896,4.895,0.007,5.847,-0.104
askarovo,biyagoda_east,field,10.0,12.0,-3000.0,2.0,507.24,505.24,5.415,5.414,0.008,6.267,-0.115
askarovo,biyagoda_east,field,10.0,12.0,-3000.0,3.0,508.24,505.24,6.148,6.146,0.009,6.912,-0.130
askarovo,biyagoda_east,field,10.0,12.0,-3000.0,5.0,510.24,505.24,7.071,7.069,0.010,7.823,-0.150
askarovo,biyagoda_east,field,10.0,12.0,-3000.0,10.0,515.24,505.24,8.325,8.323,0.012,9.269,-0.177
askarovo,biyagoda_east,field,10.0,12.0,-3000.0,30.0,535.24,505.24,10.492,10.490,0.024,12.222,-0.201
askarovo,biyagoda_east,field,10.0,12.0,-3000.0,50.0,555.24,505.24,11.927,11.926,0.043,13.993,-0.196
askarovo,biyagoda_east,field,10.0,12.0,-3000.0,100.0,605.24,505.24,13.661,13.660,0.098,17.047,-0.176
askarovo,biyagoda_east,field,10.0,12.0,-3000.0,200.0,705.24,505.24,14.919,14.918,0.152,21.363,-0.147
askarovo,biyagoda_east,field,10.0,12.0,-3000.0,300.0,805.24,505.24,15.593,15.593,0.156,24.904,-0.131
askarovo,biyagoda_east,field,10.0,12.0,-1000.0,1.0,490.97,489.97,2.839,2.839,-0.037,5.250,0.023
askarovo,biyagoda_east,field,10.0,12.0,-1000.0,1.5,491.47,489.97,3.299,3.299,-0.042,5.789,0.022
askarovo,biyagoda_east,field,10.0,12.0,-1000.0,2.0,491.97,489.97,3.634,3.634,-0.045,6.204,0.020
askarovo,biyagoda_east,field,10.0,12.0,-1000.0,3.0,492.97,489.97,4.117,4.117,-0.049,6.843,0.018
askarovo,biyagoda_east,field,10.0,12.0,-1000.0,5.0,494.97,489.97,4.745,4.745,-0.055,7.746,0.015
askarovo,biyagoda_east,field,10.0,12.0,-1000.0,10.0,499.97,489.97,5.645,5.645,-0.064,9.178,0.007
askarovo,biyagoda_east,field,10.0,12.0,-1000.0,30.0,519.97,489.97,7.457,7.457,-0.099,12.103,-0.027
askarovo,biyagoda_east,field,10.0,12.0,-1000.0,50.0,539.97,489.97,9.046,9.046,-0.150,13.858,-0.059
askarovo,biyagoda_east,field,10.0,12.0,-1000.0,100.0,589.97,489.97,11.627,11.626,-0.162,16.887,-0.104
askarovo,biyagoda_east,field,10.0,12.0,-1000.0,200.0,689.97,489.97,13.975,13.975,-0.056,21.175,-0.092
askarovo,biyagoda_east,field,10.0,12.0,-1000.0,300.0,789.97,489.97,15.043,15.043,0.027,24.697,-0.079
askarovo,biyagoda_east,field,10.0,12.0,-300.0,1.0,556.31,555.31,3.093,3.093,0.362,5.476,-0.045
askarovo,biyagoda_east,field,10.0,12.0,-300.0,1.5,556.81,555.31,3.581,3.580,0.412,6.037,-0.049
askarovo,biyagoda_east,field,10.0,12.0,-300.0,2.0,557.31,555.31,3.935,3.935,0.448,6.471,-0.051
askarovo,biyagoda_east,field,10.0,12.0,-300.0,3.0,558.31,555.31,4.445,4.445,0.500,7.137,-0.055
askarovo,biyagoda_east,field,10.0,12.0,-300.0,5.0,560.31,555.31,5.104,5.104,0.567,8.078,-0.059
askarovo,biyagoda_east,field,10.0,12.0,-300.0,10.0,565.31,555.31,6.041,6.040,0.664,9.570,-0.062
askarovo,biyagoda_east,field,10.0,12.0,-300.0,30.0,585.31,555.31,9.644,9.643,1.027,12.613,0.128
askarovo,biyagoda_east,field,10.0,12.0,-300.0,50.0,605.31,555.31,10.998,10.998,1.166,14.435,0.080
askarovo,biyagoda_east,field,10.0,12.0,-300.0,100.0,655.31,555.31,12.883,12.882,1.232,17.569,-0.111
askarovo,biyagoda_east,field,10.0,12.0,-300.0,200.0,755.31,555.31,14.866,14.864,1.057,21.980,-0.208
askarovo,biyagoda_east,field,10.0,12.0,-300.0,300.0,855.31,555.31,15.840,15.839,0.808,25.583,-0.183
askarovo,biyagoda_east,field,10.0,12.0,-150.0,1.0,592.65,591.65,3.622,3.621,0.653,5.601,0.087
askarovo,biyagoda_east,field,10.0,12.0,-150.0,1.5,593.15,591.65,4.134,4.133,0.745,6.176,0.097
askarovo,biyagoda_east,field,10.0,12.0,-150.0,2.0,593.65,591.65,4.514,4.513,0.812,6.619,0.104
askarovo,biyagoda_east,field,10.0,12.0,-150.0,3.0,594.65,591.65,5.033,5.032,0.877,7.300,0.071
askarovo,biyagoda_east,field,10.0,12.0,-150.0,5.0,596.65,591.65,5.773,5.773,0.967,8.262,0.010
askarovo,biyagoda_east,field,10.0,12.0,-150.0,10.0,601.65,591.65,7.034,7.034,1.125,9.788,-0.111
askarovo,biyagoda_east,field,10.0,12.0,-150.0,30.0,621.65,591.65,10.479,10.466,1.655,12.897,-0.519
askarovo,biyagoda_east,field,10.0,12.0,-150.0,50.0,641.65,591.65,12.158,12.139,1.824,14.756,-0.695
askarovo,biyagoda_east,field,10.0,12.0,-150.0,100.0,691.65,591.65,14.218,14.202,1.601,17.948,-0.667
askarovo,biyagoda_east,field,10.0,12.0,-150.0,200.0,791.65,591.65,15.832,15.826,1.051,22.427,-0.413
askarovo,biyagoda_east,field,10.0,12.0,-150.0,300.0,891.65,591.65,16.473,16.471,0.709,26.077,-0.266
askarovo,biyagoda_east,field,10.0,12.0,-50.0,1.0,623.21,622.21,4.109,4.055,1.055,5.707,-0.661
askarovo,biyagoda_east,field,10.0,12.0,-50.0,1.5,623.71,622.21,4.523,4.459,1.136,6.292,-0.759
askarovo,biyagoda_east,field,10.0,12.0,-50.0,2.0,624.21,622.21,4.849,4.776,1.199,6.744,-0.835
askarovo,biyagoda_east,field,10.0,12.0,-50.0,3.0,625.21,622.21,5.356,5.270,1.298,7.437,-0.952
askarovo,biyagoda_east,field,10.0,12.0,-50.0,5.0,627.21,622.21,6.086,5.984,1.439,8.418,-1.111
askarovo,biyagoda_east,field,10.0,12.0,-50.0,10.0,632.21,622.21,7.416,7.315,1.651,9.971,-1.221
askarovo,biyagoda_east,field,10.0,12.0,-50.0,30.0,652.21,622.21,12.280,12.210,2.249,13.136,-1.306
askarovo,biyagoda_east,field,10.0,12.0,-50.0,50.0,672.21,622.21,14.275,14.226,2.059,15.025,-1.184
askarovo,biyagoda_east,field,10.0,12.0,-50.0,100.0,722.21,622.21,15.695,15.671,1.295,18.266,-0.872
askarovo,biyagoda_east,field,10.0,12.0,-50.0,200.0,822.21,622.21,16.499,16.493,0.721,22.804,-0.450
askarovo,biyagoda_east,field,10.0,12.0,-50.0,300.0,922.21,622.21,16.847,16.845,0.487,26.492,-0.272
askarovo,biyagoda_east,field,10.0,12.0,-30.0,1.0,629.36,628.36,3.642,3.516,1.036,5.728,-0.950
askarovo,biyagoda_east,field,10.0,12.0,-30.0,1.5,629.86,628.36,4.050,3.908,1.148,6.315,-1.065
askarovo,biyagoda_east,field,10.0,12.0,-30.0,2.0,630.36,628.36,4.366,4.210,1.235,6.769,-1.154
askarovo,biyagoda_east,field,10.0,12.0,-30.0,3.0,631.36,628.36,4.842,4.667,1.365,7.465,-1.287
askarovo,biyagoda_east,field,10.0,12.0,-30.0,5.0,633.36,628.36,5.481,5.303,1.520,8.449,-1.386
askarovo,biyagoda_east,field,10.0,12.0,-30.0,10.0,638.36,628.36,6.825,6.692,1.735,10.008,-1.341
askarovo,biyagoda_east,field,10.0,12.0,-30.0,30.0,658.36,628.36,13.259,13.209,2.483,13.184,-1.154
askarovo,biyagoda_east,field,10.0,12.0,-30.0,50.0,678.36,628.36,14.838,14.796,2.013,15.080,-1.114
askarovo,biyagoda_east,field,10.0,12.0,-30.0,100.0,728.36,628.36,15.962,15.939,1.145,18.330,-0.855
askarovo,biyagoda_east,field,10.0,12.0,-30.0,200.0,828.36,628.36,16.604,16.598,0.634,22.879,-0.444
askarovo,biyagoda_east,field,10.0,12.0,-30.0,300.0,928.36,628.36,16.906,16.904,0.437,26.575,-0.269
askarovo,biyagoda_east,field,10.0,12.0,-20.0,1.0,632.34,631.34,3.836,3.709,0.941,5.738,-0.978
askarovo,biyagoda_east,field,10.0,12.0,-20.0,1.5,632.84,631.34,4.299,4.157,1.053,6.327,-1.096
askarovo,biyagoda_east,field,10.0,12.0,-20.0,2.0,633.34,631.34,4.652,4.498,1.137,6.781,-1.187
askarovo,biyagoda_east,field,10.0,12.0,-20.0,3.0,634.34,631.34,5.178,5.007,1.264,7.478,-1.321
askarovo,biyagoda_east,field,10.0,12.0,-20.0,5.0,636.34,631.34,5.872,5.705,1.405,8.464,-1.390
askarovo,biyagoda_east,field,10.0,12.0,-20.0,10.0,641.34,631.34,7.350,7.229,1.603,10.026,-1.326
askarovo,biyagoda_east,field,10.0,12.0,-20.0,30.0,661.34,631.34,13.906,13.861,2.333,13.207,-1.113
askarovo,biyagoda_east,field,10.0,12.0,-20.0,50.0,681.34,631.34,15.071,15.031,1.796,15.106,-1.097
askarovo,biyagoda_east,field,10.0,12.0,-20.0,100.0,731.34,631.34,16.071,16.049,1.031,18.361,-0.839
askarovo,biyagoda_east,field,10.0,12.0,-20.0,200.0,831.34,631.34,16.648,16.642,0.586,22.916,-0.438
askarovo,biyagoda_east,field,10.0,12.0,-20.0,300.0,931.34,631.34,16.932,16.930,0.410,26.615,-0.266
askarovo,biyagoda_east,field,10.0,12.0,-10.0,1.0,635.22,634.22,4.764,4.668,0.804,5.748,-0.948
askarovo,biyagoda_east,field,10.0,12.0,-10.0,1.5,635.72,634.22,5.256,5.152,0.884,6.338,-1.044
askarovo,biyagoda_east,field,10.0,12.0,-10.0,2.0,636.22,634.22,5.642,5.530,0.946,6.793,-1.120
askarovo,biyagoda_east,field,10.0,12.0,-10.0,3.0,637.22,634.22,6.228,6.104,1.041,7.491,-1.234
askarovo,biyagoda_east,field,10.0,12.0,-10.0,5.0,639.22,634.22,7.034,6.919,1.142,8.479,-1.271
askarovo,biyagoda_east,field,10.0,12.0,-10.0,10.0,644.22,634.22,8.677,8.587,1.304,10.043,-1.246
askarovo,biyagoda_east,field,10.0,12.0,-10.0,30.0,664.22,634.22,14.347,14.303,1.876,13.229,-1.111
askarovo,biyagoda_east,field,10.0,12.0,-10.0,50.0,684.22,634.22,15.270,15.231,1.446,15.131,-1.086
askarovo,biyagoda_east,field,10.0,12.0,-10.0,100.0,734.22,634.22,16.160,16.140,0.892,18.391,-0.817
askarovo,biyagoda_east,field,10.0,12.0,-10.0,200.0,834.22,634.22,16.685,16.680,0.535,22.952,-0.430
askarovo,biyagoda_east,field,10.0,12.0,-10.0,300.0,934.22,634.22,16.955,16.953,0.382,26.654,-0.263
askarovo,biyagoda_east,field,10.0,12.0,0.0,1.0,638.03,637.03,5.712,5.644,0.630,5.758,-0.878
askarovo,biyagoda_east,field,10.0,12.0,0.0,1.5,638.53,637.03,6.244,6.171,0.686,6.348,-0.958
askarovo,biyagoda_east,field,10.0,12.0,0.0,2.0,639.03,637.03,6.668,6.589,0.730,6.804,-1.022
askarovo,biyagoda_east,field,10.0,12.0,0.0,3.0,640.03,637.03,7.319,7.233,0.799,7.504,-1.120
askarovo,biyagoda_east,field,10.0,12.0,0.0,5.0,642.03,637.03,8.236,8.155,0.868,8.493,-1.147
askarovo,biyagoda_east,field,10.0,12.0,0.0,10.0,647.03,637.03,9.971,9.903,0.993,10.060,-1.162
askarovo,biyagoda_east,field,10.0,12.0,0.0,30.0,667.03,637.03,14.644,14.602,1.413,13.251,-1.099
askarovo,biyagoda_east,field,10.0,12.0,0.0,50.0,687.03,637.03,15.444,15.407,1.126,15.156,-1.068
askarovo,biyagoda_east,field,10.0,12.0,0.0,100.0,737.03,637.03,16.245,16.226,0.763,18.421,-0.796
askarovo,biyagoda_east,field,10.0,12.0,0.0,200.0,837.03,637.03,16.721,16.716,0.486,22.986,-0.423
askarovo,biyagoda_east,field,10.0,12.0,0.0,300.0,937.03,637.03,16.977,16.975,0.355,26.693,-0.259
askarovo,biyagoda_east,field,10.0,12.0,100.0,1.0,639.70,638.70,3.749,3.745,-0.259,5.764,-0.179
askarovo,biyagoda_east,field,10.0,12.0,100.0,1.5,640.20,638.70,4.377,4.372,-0.298,6.355,-0.209
askarovo,biyagoda_east,field,10.0,12.0,100.0,2.0,640.70,638.70,4.828,4.822,-0.327,6.811,-0.230
askarovo,biyagoda_east,field,10.0,12.0,100.0,3.0,641.70,638.70,5.469,5.463,-0.367,7.511,-0.260
askarovo,biyagoda_east,field,10.0,12.0,100.0,5.0,643.70,638.70,6.336,6.329,-0.415,8.501,-0.293
askarovo,biyagoda_east,field,10.0,12.0,100.0,10.0,648.70,638.70,7.832,7.826,-0.478,10.070,-0.319
askarovo,biyagoda_east,field,10.0,12.0,100.0,30.0,668.70,638.70,13.941,13.933,-0.718,13.264,-0.462
askarovo,biyagoda_east,field,10.0,12.0,100.0,50.0,688.70,638.70,15.356,15.344,-0.553,15.171,-0.623
askarovo,biyagoda_east,field,10.0,12.0,100.0,100.0,738.70,638.70,16.361,16.350,-0.230,18.438,-0.604
askarovo,biyagoda_east,field,10.0,12.0,100.0,200.0,838.70,638.70,16.849,16.845,0.030,23.007,-0.374
askarovo,biyagoda_east,field,10.0,12.0,100.0,300.0,938.70,638.70,17.073,17.072,0.099,26.715,-0.241
askarovo,biyagoda_east,field,10.0,12.0,300.0,1.0,547.26,546.26,1.591,-1.571,0.045,5.444,0.256
askarovo,biyagoda_east,field,10.0,12.0,300.0,1.5,547.76,546.26,1.537,-1.500,0.058,6.003,0.335
askarovo,biyagoda_east,field,10.0,12.0,300.0,2.0,548.26,546.26,1.498,-1.448,0.066,6.434,0.385
askarovo,biyagoda_east,field,10.0,12.0,300.0,3.0,549.26,546.26,1.436,-1.364,0.076,7.096,0.450
askarovo,biyagoda_east,field,10.0,12.0,300.0,5.0,551.26,546.26,1.315,-1.208,0.078,8.032,0.520
askarovo,biyagoda_east,field,10.0,12.0,300.0,10.0,556.26,546.26,1.029,-0.820,0.053,9.515,0.621
askarovo,biyagoda_east,field,10.0,12.0,300.0,30.0,576.26,546.26,1.590,1.290,-0.263,12.542,0.929
askarovo,biyagoda_east,field,10.0,12.0,300.0,50.0,596.26,546.26,4.039,3.950,-0.816,14.355,0.843
askarovo,biyagoda_east,field,10.0,12.0,300.0,100.0,646.26,546.26,10.576,10.573,-1.570,17.474,0.264
askarovo,biyagoda_east,field,10.0,12.0,300.0,200.0,746.26,546.26,15.644,15.643,-1.039,21.868,-0.218
askarovo,biyagoda_east,field,10.0,12.0,300.0,300.0,846.26,546.26,16.557,16.556,-0.577,25.461,-0.194
askarovo,biyagoda_south_west,field,3.0,12.0,-3000.0,1.0,426.01,425.01,1.232,1.225,-0.004,1.898,0.132
askarovo,biyagoda_south_west,field,3.0,12.0,-3000.0,1.5,426.51,425.01,1.453,1.444,-0.005,1.987,0.155
askarovo,biyagoda_south_west,field,3.0,12.0,-3000.0,2.0,427.01,425.01,1.532,1.524,-0.005,2.052,0.157
askarovo,biyagoda_south_west,field,3.0,12.0,-3000.0,3.0,428.01,425.01,1.641,1.633,-0.005,2.149,0.159
askarovo,biyagoda_south_west,field,3.0,12.0,-3000.0,5.0,430.01,425.01,1.781,1.774,-0.006,2.279,0.160
askarovo,biyagoda_south_west,field,3.0,12.0,-3000.0,10.0,435.01,425.01,1.990,1.984,-0.007,2.472,0.156
askarovo,biyagoda_south_west,field,3.0,12.0,-3000.0,30.0,455.01,425.01,2.433,2.430,-0.009,2.837,0.123
askarovo,biyagoda_south_west,field,3.0,12.0,-3000.0,50.0,475.01,425.01,2.727,2.726,-0.011,3.047,0.078
askarovo,biyagoda_south_west,field,3.0,12.0,-3000.0,100.0,525.01,425.01,2.937,2.936,-0.014,3.409,0.064
askarovo,biyagoda_south_west,field,3.0,12.0,-3000.0,200.0,625.01,425.01,3.109,3.108,-0.018,3.936,0.054
askarovo,biyagoda_south_west,field,3.0,12.0,-3000.0,300.0,725.01,425.01,3.168,3.167,-0.019,4.205,0.061
askarovo,biyagoda_south_west,field,3.0,12.0,-1000.0,1.0,437.05,436.05,1.482,1.480,0.001,1.913,0.073
askarovo,biyagoda_south_west,field,3.0,12.0,-1000.0,1.5,437.55,436.05,1.613,1.611,0.001,2.003,0.080
askarovo,biyagoda_south_west,field,3.0,12.0,-1000.0,2.0,438.05,436.05,1.672,1.669,0.001,2.069,0.083
askarovo,biyagoda_south_west,field,3.0,12.0,-1000.0,3.0,439.05,436.05,1.738,1.735,0.001,2.167,0.086
askarovo,biyagoda_south_west,field,3.0,12.0,-1000.0,5.0,441.05,436.05,1.798,1.795,0.001,2.298,0.090
askarovo,biyagoda_south_west,field,3.0,12.0,-1000.0,10.0,446.05,436.05,1.864,1.861,0.002,2.492,0.094
askarovo,biyagoda_south_west,field,3.0,12.0,-1000.0,30.0,466.05,436.05,2.091,2.088,0.005,2.859,0.111
askarovo,biyagoda_south_west,field,3.0,12.0,-1000.0,50.0,486.05,436.05,2.216,2.213,0.008,3.071,0.119
askarovo,biyagoda_south_west,field,3.0,12.0,-1000.0,100.0,536.05,436.05,2.409,2.405,0.019,3.435,0.129
askarovo,biyagoda_south_west,field,3.0,12.0,-1000.0,200.0,636.05,436.05,2.611,2.607,0.036,3.964,0.136
askarovo,biyagoda_south_west,field,3.0,12.0,-1000.0,300.0,736.05,436.05,2.719,2.715,0.050,4.233,0.137
askarovo,biyagoda_south_west,field,3.0,12.0,-300.0,1.0,567.86,566.86,0.380,0.380,0.057,2.095,-0.004
askarovo,biyagoda_south_west,field,3.0,12.0,-300.0,1.5,568.36,566.86,0.445,0.445,0.067,2.193,-0.005
askarovo,biyagoda_south_west,field,3.0,12.0,-300.0,2.0,568.86,566.86,0.492,0.492,0.074,2.266,-0.006
askarovo,biyagoda_south_west,field,3.0,12.0,-300.0,3.0,569.86,566.86,0.557,0.557,0.083,2.373,-0.007
askarovo,biyagoda_south_west,field,3.0,12.0,-300.0,5.0,571.86,566.86,0.639,0.639,0.096,2.516,-0.008
askarovo,biyagoda_south_west,field,3.0,12.0,-300.0,10.0,576.86,566.86,0.750,0.750,0.112,2.728,-0.009
askarovo,biyagoda_south_west,field,3.0,12.0,-300.0,30.0,596.86,566.86,1.375,1.371,0.202,3.125,0.096
askarovo,biyagoda_south_west,field,3.0,12.0,-300.0,50.0,616.86,566.86,1.904,1.896,0.277,3.353,0.181
askarovo,biyagoda_south_west,field,3.0,12.0,-300.0,100.0,666.86,566.86,2.340,2.334,0.314,3.740,0.167
askarovo,biyagoda_south_west,field,3.0,12.0,-300.0,200.0,766.86,566.86,2.807,2.803,0.300,4.293,0.143
askarovo,biyagoda_south_west,field,3.0,12.0,-300.0,300.0,866.86,566.86,2.993,2.990,0.251,4.564,0.133
askarovo,biyagoda_south_west,field,3.0,12.0,-150.0,1.0,660.69,659.69,0.618,0.618,0.122,2.224,-0.002
askarovo,biyagoda_south_west,field,3.0,12.0,-150.0,1.5,661.19,659.69,0.710,0.710,0.140,2.328,-0.003
askarovo,biyagoda_south_west,field,3.0,12.0,-150.0,2.0,661.69,659.69,0.766,0.766,0.150,2.405,-0.005
askarovo,biyagoda_south_west,field,3.0,12.0,-150.0,3.0,662.69,659.69,0.847,0.847,0.166,2.519,-0.008
askarovo,biyagoda_south_west,field,3.0,12.0,-150.0,5.0,664.69,659.69,0.960,0.960,0.187,2.670,-0.011
askarovo,biyagoda_south_west,field,3.0,12.0,-150.0,10.0,669.69,659.69,1.151,1.151,0.222,2.895,-0.013
askarovo,biyagoda_south_west,field,3.0,12.0,-150.0,30.0,689.69,659.69,1.913,1.913,0.349,3.314,0.057
askarovo,biyagoda_south_west,field,3.0,12.0,-150.0,50.0,709.69,659.69,2.730,2.725,0.448,3.553,0.163
askarovo,biyagoda_south_west,field,3.0,12.0,-150.0,100.0,759.69,659.69,3.091,3.088,0.404,3.956,0.130
askarovo,biyagoda_south_west,field,3.0,12.0,-150.0,200.0,859.69,659.69,3.257,3.255,0.280,4.527,0.117
askarovo,biyagoda_south_west,field,3.0,12.0,-150.0,300.0,959.69,659.69,3.231,3.229,0.201,4.799,0.116
askarovo,biyagoda_south_west,field,3.0,12.0,-50.0,1.0,708.98,707.98,1.178,1.176,0.169,2.291,0.075
askarovo,biyagoda_south_west,field,3.0,12.0,-50.0,1.5,709.48,707.98,1.307,1.304,0.177,2.399,0.082
askarovo,biyagoda_south_west,field,3.0,12.0,-50.0,2.0,709.98,707.98,1.403,1.400,0.184,2.478,0.086
askarovo,biyagoda_south_west,field,3.0,12.0,-50.0,3.0,710.98,707.98,1.548,1.546,0.193,2.595,0.092
askarovo,biyagoda_south_west,field,3.0,12.0,-50.0,5.0,712.98,707.98,1.756,1.753,0.208,2.751,0.099
askarovo,biyagoda_south_west,field,3.0,12.0,-50.0,10.0,717.98,707.98,2.114,2.111,0.235,2.982,0.107
askarovo,biyagoda_south_west,field,3.0,12.0,-50.0,30.0,737.98,707.98,3.130,3.129,0.350,3.413,0.091
askarovo,biyagoda_south_west,field,3.0,12.0,-50.0,50.0,757.98,707.98,3.361,3.360,0.344,3.657,0.084
askarovo,biyagoda_south_west,field,3.0,12.0,-50.0,100.0,807.98,707.98,3.463,3.462,0.275,4.068,0.095
askarovo,biyagoda_south_west,field,3.0,12.0,-50.0,200.0,907.98,707.98,3.382,3.380,0.187,4.649,0.106
askarovo,biyagoda_south_west,field,3.0,12.0,-50.0,300.0,1007.98,707.98,3.276,3.274,0.142,4.921,0.110
askarovo,biyagoda_south_west,field,3.0,12.0,-30.0,1.0,717.57,716.57,1.324,1.322,0.205,2.303,0.054
askarovo,biyagoda_south_west,field,3.0,12.0,-30.0,1.5,718.07,716.57,1.434,1.433,0.210,2.411,0.055
askarovo,biyagoda_south_west,field,3.0,12.0,-30.0,2.0,718.57,716.57,1.524,1.523,0.215,2.491,0.055
askarovo,biyagoda_south_west,field,3.0,12.0,-30.0,3.0,719.57,716.57,1.668,1.667,0.223,2.608,0.055
askarovo,biyagoda_south_west,field,3.0,12.0,-30.0,5.0,721.57,716.57,1.896,1.895,0.237,2.765,0.053
askarovo,biyagoda_south_west,field,3.0,12.0,-30.0,10.0,726.57,716.57,2.337,2.336,0.268,2.997,0.049
askarovo,biyagoda_south_west,field,3.0,12.0,-30.0,30.0,746.57,716.57,3.349,3.349,0.341,3.430,0.040
askarovo,biyagoda_south_west,field,3.0,12.0,-30.0,50.0,766.57,716.57,3.467,3.466,0.297,3.675,0.061
askarovo,biyagoda_south_west,field,3.0,12.0,-30.0,100.0,816.57,716.57,3.496,3.494,0.235,4.088,0.092
askarovo,biyagoda_south_west,field,3.0,12.0,-30.0,200.0,916.57,716.57,3.388,3.387,0.168,4.670,0.105
askarovo,biyagoda_south_west,field,3.0,12.0,-30.0,300.0,1016.57,716.57,3.277,3.275,0.131,4.942,0.109
askarovo,biyagoda_south_west,field,3.0,12.0,-20.0,1.0,721.58,720.58,1.383,1.382,0.178,2.309,0.054
askarovo,biyagoda_south_west,field,3.0,12.0,-20.0,1.5,722.08,720.58,1.532,1.531,0.183,2.417,0.056
askarovo,biyagoda_south_west,field,3.0,12.0,-20.0,2.0,722.58,720.58,1.646,1.645,0.187,2.497,0.057
askarovo,biyagoda_south_west,field,3.0,12.0,-20.0,3.0,723.58,720.58,1.825,1.824,0.194,2.614,0.058
askarovo,biyagoda_south_west,field,3.0,12.0,-20.0,5.0,725.58,720.58,2.090,2.089,0.207,2.772,0.059
askarovo,biyagoda_south_west,field,3.0,12.0,-20.0,10.0,730.58,720.58,2.544,2.544,0.236,3.004,0.055
askarovo,biyagoda_south_west,field,3.0,12.0,-20.0,30.0,750.58,720.58,3.384,3.384,0.292,3.438,0.046
askarovo,biyagoda_south_west,field,3.0,12.0,-20.0,50.0,770.58,720.58,3.479,3.479,0.260,3.684,0.066
askarovo,biyagoda_south_west,field,3.0,12.0,-20.0,100.0,820.58,720.58,3.497,3.496,0.215,4.098,0.093
askarovo,biyagoda_south_west,field,3.0,12.0,-20.0,200.0,920.58,720.58,3.388,3.386,0.158,4.680,0.105
askarovo,biyagoda_south_west,field,3.0,12.0,-20.0,300.0,1020.58,720.58,3.276,3.274,0.125,4.953,0.108
askarovo,biyagoda_south_west,field,3.0,12.0,-10.0,1.0,725.41,724.41,1.622,1.620,0.138,2.314,0.067
askarovo,biyagoda_south_west,field,3.0,12.0,-10.0,1.5,725.91,724.41,1.778,1.777,0.142,2.422,0.071
askarovo,biyagoda_south_west,field,3.0,12.0,-10.0,2.0,726.41,724.41,1.902,1.901,0.146,2.503,0.074
askarovo,biyagoda_south_west,field,3.0,12.0,-10.0,3.0,727.41,724.41,2.098,2.096,0.152,2.620,0.079
askarovo,biyagoda_south_west,field,3.0,12.0,-10.0,5.0,729.41,724.41,2.383,2.382,0.163,2.778,0.084
askarovo,biyagoda_south_west,field,3.0,12.0,-10.0,10.0,734.41,724.41,2.769,2.768,0.187,3.011,0.081
askarovo,biyagoda_south_west,field,3.0,12.0,-10.0,30.0,754.41,724.41,3.391,3.390,0.235,3.446,0.068
askarovo,biyagoda_south_west,field,3.0,12.0,-10.0,50.0,774.41,724.41,3.475,3.474,0.221,3.692,0.080
askarovo,biyagoda_south_west,field,3.0,12.0,-10.0,100.0,824.41,724.41,3.493,3.491,0.195,4.107,0.096
askarovo,biyagoda_south_west,field,3.0,12.0,-10.0,200.0,924.41,724.41,3.385,3.384,0.149,4.690,0.104
askarovo,biyagoda_south_west,field,3.0,12.0,-10.0,300.0,1024.41,724.41,3.274,3.272,0.119,4.962,0.108
askarovo,biyagoda_south_west,field,3.0,12.0,0.0,1.0,729.18,728.18,1.889,1.887,0.102,2.319,0.085
askarovo,biyagoda_south_west,field,3.0,12.0,0.0,1.5,729.68,728.18,2.046,2.044,0.106,2.428,0.091
askarovo,biyagoda_south_west,field,3.0,12.0,0.0,2.0,730.18,728.18,2.174,2.171,0.109,2.508,0.096
askarovo,biyagoda_south_west,field,3.0,12.0,0.0,3.0,731.18,728.18,2.376,2.374,0.114,2.626,0.103
askarovo,biyagoda_south_west,field,3.0,12.0,0.0,5.0,733.18,728.18,2.647,2.645,0.123,2.784,0.111
askarovo,biyagoda_south_west,field,3.0,12.0,0.0,10.0,738.18,728.18,2.947,2.945,0.143,3.018,0.107
askarovo,biyagoda_south_west,field,3.0,12.0,0.0,30.0,758.18,728.18,3.397,3.396,0.187,3.454,0.087
askarovo,biyagoda_south_west,field,3.0,12.0,0.0,50.0,778.18,728.18,3.471,3.470,0.188,3.700,0.090
askarovo,biyagoda_south_west,field,3.0,12.0,0.0,100.0,828.18,728.18,3.488,3.487,0.176,4.116,0.098
askarovo,biyagoda_south_west,field,3.0,12.0,0.0,200.0,928.18,728.18,3.383,3.381,0.140,4.700,0.104
askarovo,biyagoda_south_west,field,3.0,12.0,0.0,300.0,1028.18,728.18,3.272,3.270,0.114,4.972,0.108
askarovo,biyagoda_south_west,field,3.0,12.0,100.0,1.0,727.37,726.37,1.844,1.840,0.005,2.317,0.119
askarovo,biyagoda_south_west,field,3.0,12.0,100.0,1.5,727.87,726.37,2.039,2.035,0.006,2.425,0.131
askarovo,biyagoda_south_west,field,3.0,12.0,100.0,2.0,728.37,726.37,2.191,2.187,0.006,2.505,0.141
askarovo,biyagoda_south_west,field,3.0,12.0,100.0,3.0,729.37,726.37,2.421,2.416,0.007,2.623,0.156
askarovo,biyagoda_south_west,field,3.0,12.0,100.0,5.0,731.37,726.37,2.655,2.650,0.008,2.781,0.170
askarovo,biyagoda_south_west,field,3.0,12.0,100.0,10.0,736.37,726.37,2.845,2.840,0.010,3.015,0.176
askarovo,biyagoda_south_west,field,3.0,12.0,100.0,30.0,756.37,726.37,3.146,3.143,0.022,3.450,0.150
askarovo,biyagoda_south_west,field,3.0,12.0,100.0,50.0,776.37,726.37,3.269,3.267,0.034,3.696,0.128
askarovo,biyagoda_south_west,field,3.0,12.0,100.0,100.0,826.37,726.37,3.377,3.375,0.057,4.111,0.107
askarovo,biyagoda_south_west,field,3.0,12.0,100.0,200.0,926.37,726.37,3.349,3.348,0.072,4.695,0.102
askarovo,biyagoda_south_west,field,3.0,12.0,100.0,300.0,1026.37,726.37,3.264,3.263,0.070,4.967,0.104
askarovo,biyagoda_south_west,field,3.0,12.0,300.0,1.0,640.14,639.14,0.134,0.132,0.003,2.196,-0.022
askarovo,biyagoda_south_west,field,3.0,12.0,300.0,1.5,640.64,639.14,0.167,0.165,0.004,2.298,-0.026
askarovo,biyagoda_south_west,field,3.0,12.0,300.0,2.0,641.14,639.14,0.190,0.188,0.005,2.374,-0.029
askarovo,biyagoda_south_west,field,3.0,12.0,300.0,3.0,642.14,639.14,0.222,0.220,0.005,2.486,-0.034
askarovo,biyagoda_south_west,field,3.0,12.0,300.0,5.0,644.14,639.14,0.264,0.261,0.006,2.636,-0.039
askarovo,biyagoda_south_west,field,3.0,12.0,300.0,10.0,649.14,639.14,0.346,0.343,0.006,2.858,-0.042
askarovo,biyagoda_south_west,field,3.0,12.0,300.0,30.0,669.14,639.14,0.823,0.823,-0.002,3.273,0.005
askarovo,biyagoda_south_west,field,3.0,12.0,300.0,50.0,689.14,639.14,1.330,1.329,-0.025,3.508,0.053
askarovo,biyagoda_south_west,field,3.0,12.0,300.0,100.0,739.14,639.14,2.334,2.331,-0.060,3.908,0.107
askarovo,biyagoda_south_west,field,3.0,12.0,300.0,200.0,839.14,639.14,2.981,2.979,-0.020,4.475,0.106
askarovo,biyagoda_south_west,field,3.0,12.0,300.0,300.0,939.14,639.14,3.115,3.113,-0.006,4.747,0.100
askarovo,biyagoda_south_west,field,10.0,12.0,-3000.0,1.0,426.01,425.01,2.749,2.738,-0.014,4.711,0.248
askarovo,biyagoda_south_west,field,10.0,12.0,-3000.0,1.5,426.51,425.01,3.244,3.231,-0.016,5.195,0.291
askarovo,biyagoda_south_west,field,10.0,12.0,-3000.0,2.0,427.01,425.01,3.438,3.425,-0.017,5.568,0.293
askarovo,biyagoda_south_west,field,10.0,12.0,-3000.0,3.0,428.01,425.01,3.707,3.695,-0.018,6.141,0.292
askarovo,biyagoda_south_west,field,10.0,12.0,-3000.0,5.0,430.01,425.01,4.060,4.049,-0.020,6.953,0.289
askarovo,biyagoda_south_west,field,10.0,12.0,-3000.0,10.0,435.01,425.01,4.602,4.594,-0.023,8.241,0.273
askarovo,biyagoda_south_west,field,10.0,12.0,-3000.0,30.0,455.01,425.01,5.836,5.834,-0.032,10.883,0.180
askarovo,biyagoda_south_west,field,10.0,12.0,-3000.0,50.0,475.01,425.01,6.749,6.749,-0.039,12.480,0.062
askarovo,biyagoda_south_west,field,10.0,12.0,-3000.0,100.0,525.01,425.01,8.100,8.100,-0.062,15.260,-0.083
askarovo,biyagoda_south_west,field,10.0,12.0,-3000.0,200.0,625.01,425.01,9.881,9.879,-0.097,19.253,-0.222
askarovo,biyagoda_south_west,field,10.0,12.0,-3000.0,300.0,725.01,425.01,11.039,11.037,-0.109,22.578,-0.221
askarovo,biyagoda_south_west,field,10.0,12.0,-1000.0,1.0,437.05,436.05,2.473,2.472,0.005,4.749,0.098
askarovo,biyagoda_south_west,field,10.0,12.0,-1000.0,1.5,437.55,436.05,2.703,2.701,0.006,5.237,0.107
askarovo,biyagoda_south_west,field,10.0,12.0,-1000.0,2.0,438.05,436.05,2.816,2.813,0.007,5.613,0.112
askarovo,biyagoda_south_west,field,10.0,12.0,-1000.0,3.0,439.05,436.05,2.961,2.958,0.007,6.191,0.117
askarovo,biyagoda_south_west,field,10.0,12.0,-1000.0,5.0,441.05,436.05,3.147,3.145,0.009,7.009,0.124
askarovo,biyagoda_south_west,field,10.0,12.0,-1000.0,10.0,446.05,436.05,3.514,3.511,0.014,8.307,0.140
askarovo,biyagoda_south_west,field,10.0,12.0,-1000.0,30.0,466.05,436.05,4.870,4.866,0.034,10.970,0.194
askarovo,biyagoda_south_west,field,10.0,12.0,-1000.0,50.0,486.05,436.05,5.728,5.724,0.061,12.577,0.220
askarovo,biyagoda_south_west,field,10.0,12.0,-1000.0,100.0,536.05,436.05,7.134,7.131,0.127,15.375,0.231
askarovo,biyagoda_south_west,field,10.0,12.0,-1000.0,200.0,636.05,436.05,8.836,8.834,0.226,19.389,0.188
askarovo,biyagoda_south_west,field,10.0,12.0,-1000.0,300.0,736.05,436.05,10.041,10.040,0.295,22.728,0.142
askarovo,biyagoda_south_west,field,10.0,12.0,-300.0,1.0,567.86,566.86,1.110,1.107,0.361,5.201,-0.073
askarovo,biyagoda_south_west,field,10.0,12.0,-300.0,1.5,568.36,566.86,1.301,1.298,0.424,5.734,-0.086
askarovo,biyagoda_south_west,field,10.0,12.0,-300.0,2.0,568.86,566.86,1.436,1.433,0.468,6.146,-0.095
askarovo,biyagoda_south_west,field,10.0,12.0,-300.0,3.0,569.86,566.86,1.626,1.623,0.530,6.779,-0.108
askarovo,biyagoda_south_west,field,10.0,12.0,-300.0,5.0,571.86,566.86,1.866,1.862,0.608,7.673,-0.124
askarovo,biyagoda_south_west,field,10.0,12.0,-300.0,10.0,576.86,566.86,2.191,2.186,0.714,9.092,-0.146
askarovo,biyagoda_south_west,field,10.0,12.0,-300.0,30.0,596.86,566.86,4.113,4.111,1.292,11.991,0.130
askarovo,biyagoda_south_west,field,10.0,12.0,-300.0,50.0,616.86,566.86,5.878,5.867,1.780,13.732,0.360
askarovo,biyagoda_south_west,field,10.0,12.0,-300.0,100.0,666.86,566.86,7.812,7.808,2.059,16.739,0.274
askarovo,biyagoda_south_west,field,10.0,12.0,-300.0,200.0,766.86,566.86,10.387,10.386,1.952,21.000,0.148
askarovo,biyagoda_south_west,field,10.0,12.0,-300.0,300.0,866.86,566.86,11.898,11.897,1.591,24.503,0.089
askarovo,biyagoda_south_west,field,10.0,12.0,-150.0,1.0,660.69,659.69,2.023,2.019,0.762,5.521,-0.129
askarovo,biyagoda_south_west,field,10.0,12.0,-150.0,1.5,661.19,659.69,2.327,2.322,0.875,6.088,-0.151
askarovo,biyagoda_south_west,field,10.0,12.0,-150.0,2.0,661.69,659.69,2.511,2.505,0.940,6.525,-0.169
askarovo,biyagoda_south_west,field,10.0,12.0,-150.0,3.0,662.69,659.69,2.783,2.776,1.036,7.196,-0.195
askarovo,biyagoda_south_west,field,10.0,12.0,-150.0,5.0,664.69,659.69,3.160,3.152,1.167,8.145,-0.229
askarovo,biyagoda_south_west,field,10.0,12.0,-150.0,10.0,669.69,659.69,3.800,3.791,1.391,9.649,-0.271
askarovo,biyagoda_south_west,field,10.0,12.0,-150.0,30.0,689.69,659.69,6.414,6.413,2.189,12.716,-0.112
askarovo,biyagoda_south_west,field,10.0,12.0,-150.0,50.0,709.69,659.69,9.376,9.373,2.819,14.552,0.217
askarovo,biyagoda_south_west,field,10.0,12.0,-150.0,100.0,759.69,659.69,11.234,11.234,2.574,17.707,0.068
askarovo,biyagoda_south_west,field,10.0,12.0,-150.0,200.0,859.69,659.69,12.763,12.763,1.782,22.143,0.009
askarovo,biyagoda_south_west,field,10.0,12.0,-150.0,300.0,959.69,659.69,13.472,13.472,1.262,25.763,-0.006
askarovo,biyagoda_south_west,field,10.0,12.0,-50.0,1.0,708.98,707.98,4.051,4.049,1.031,5.688,0.116
askarovo,biyagoda_south_west,field,10.0,12.0,-50.0,1.5,709.48,707.98,4.497,4.495,1.083,6.271,0.121
askarovo,biyagoda_south_west,field,10.0,12.0,-50.0,2.0,709.98,707.98,4.830,4.828,1.123,6.722,0.123
askarovo,biyagoda_south_west,field,10.0,12.0,-50.0,3.0,710.98,707.98,5.334,5.333,1.184,7.413,0.124
askarovo,biyagoda_south_west,field,10.0,12.0,-50.0,5.0,712.98,707.98,6.056,6.055,1.275,8.390,0.120
askarovo,biyagoda_south_west,field,10.0,12.0,-50.0,10.0,717.98,707.98,7.303,7.302,1.443,9.939,0.100
askarovo,biyagoda_south_west,field,10.0,12.0,-50.0,30.0,737.98,707.98,10.961,10.961,2.160,13.094,-0.056
askarovo,biyagoda_south_west,field,10.0,12.0,-50.0,50.0,757.98,707.98,12.051,12.050,2.146,14.978,-0.114
askarovo,biyagoda_south_west,field,10.0,12.0,-50.0,100.0,807.98,707.98,13.048,13.048,1.749,18.210,-0.100
askarovo,biyagoda_south_west,field,10.0,12.0,-50.0,200.0,907.98,707.98,13.640,13.640,1.199,22.737,-0.057
askarovo,biyagoda_south_west,field,10.0,12.0,-50.0,300.0,1007.98,707.98,14.029,14.029,0.904,26.419,-0.046
askarovo,biyagoda_south_west,field,10.0,12.0,-30.0,1.0,717.57,716.57,4.565,4.565,1.254,5.718,0.055
askarovo,biyagoda_south_west,field,10.0,12.0,-30.0,1.5,718.07,716.57,4.953,4.953,1.285,6.304,0.044
askarovo,biyagoda_south_west,field,10.0,12.0,-30.0,2.0,718.57,716.57,5.265,5.265,1.313,6.757,0.034
askarovo,biyagoda_south_west,field,10.0,12.0,-30.0,3.0,719.57,716.57,5.772,5.772,1.362,7.452,0.017
askarovo,biyagoda_south_west,field,10.0,12.0,-30.0,5.0,721.57,716.57,6.569,6.569,1.448,8.434,-0.012
askarovo,biyagoda_south_west,field,10.0,12.0,-30.0,10.0,726.57,716.57,8.116,8.116,1.640,9.990,-0.079
askarovo,biyagoda_south_west,field,10.0,12.0,-30.0,30.0,746.57,716.57,11.795,11.793,2.106,13.161,-0.230
askarovo,biyagoda_south_west,field,10.0,12.0,-30.0,50.0,766.57,716.57,12.519,12.517,1.858,15.054,-0.200
askarovo,biyagoda_south_west,field,10.0,12.0,-30.0,100.0,816.57,716.57,13.258,13.257,1.505,18.300,-0.114
askarovo,biyagoda_south_west,field,10.0,12.0,-30.0,200.0,916.57,716.57,13.743,13.743,1.082,22.843,-0.065
askarovo,biyagoda_south_west,field,10.0,12.0,-30.0,300.0,1016.57,716.57,14.104,14.104,0.837,26.535,-0.051
askarovo,biyagoda_south_west,field,10.0,12.0,-20.0,1.0,721.58,720.58,4.773,4.772,1.088,5.732,0.049
askarovo,biyagoda_south_west,field,10.0,12.0,-20.0,1.5,722.08,720.58,5.292,5.291,1.118,6.319,0.040
askarovo,biyagoda_south_west,field,10.0,12.0,-20.0,2.0,722.58,720.58,5.691,5.691,1.143,6.773,0.031
askarovo,biyagoda_south_west,field,10.0,12.0,-20.0,3.0,723.58,720.58,6.314,6.314,1.189,7.470,0.016
askarovo,biyagoda_south_west,field,10.0,12.0,-20.0,5.0,725.58,720.58,7.243,7.243,1.269,8.454,-0.010
askarovo,biyagoda_south_west,field,10.0,12.0,-20.0,10.0,730.58,720.58,8.837,8.837,1.449,10.014,-0.075
askarovo,biyagoda_south_west,field,10.0,12.0,-20.0,30.0,750.58,720.58,11.956,11.954,1.808,13.192,-0.216
askarovo,biyagoda_south_west,field,10.0,12.0,-20.0,50.0,770.58,720.58,12.606,12.605,1.632,15.089,-0.186
askarovo,biyagoda_south_west,field,10.0,12.0,-20.0,100.0,820.58,720.58,13.306,13.306,1.380,18.341,-0.112
askarovo,biyagoda_south_west,field,10.0,12.0,-20.0,200.0,920.58,720.58,13.779,13.779,1.025,22.893,-0.068
askarovo,biyagoda_south_west,field,10.0,12.0,-20.0,300.0,1020.58,720.58,14.135,14.135,0.805,26.590,-0.054
askarovo,biyagoda_south_west,field,10.0,12.0,-10.0,1.0,725.41,724.41,5.599,5.598,0.846,5.745,0.062
askarovo,biyagoda_south_west,field,10.0,12.0,-10.0,1.5,725.91,724.41,6.142,6.142,0.872,6.334,0.059
askarovo,biyagoda_south_west,field,10.0,12.0,-10.0,2.0,726.41,724.41,6.573,6.573,0.895,6.789,0.057
askarovo,biyagoda_south_west,field,10.0,12.0,-10.0,3.0,727.41,724.41,7.252,7.252,0.935,7.487,0.051
askarovo,biyagoda_south_west,field,10.0,12.0,-10.0,5.0,729.41,724.41,8.246,8.246,1.003,8.474,0.037
askarovo,biyagoda_south_west,field,10.0,12.0,-10.0,10.0,734.41,724.41,9.614,9.614,1.155,10.037,-0.018
askarovo,biyagoda_south_west,field,10.0,12.0,-10.0,30.0,754.41,724.41,12.020,12.020,1.465,13.222,-0.150
askarovo,biyagoda_south_west,field,10.0,12.0,-10.0,50.0,774.41,724.41,12.637,12.636,1.400,15.123,-0.146
askarovo,biyagoda_south_west,field,10.0,12.0,-10.0,100.0,824.41,724.41,13.331,13.331,1.259,18.381,-0.105
askarovo,biyagoda_south_west,field,10.0,12.0,-10.0,200.0,924.41,724.41,13.807,13.807,0.970,22.940,-0.071
askarovo,biyagoda_south_west,field,10.0,12.0,-10.0,300.0,1024.41,724.41,14.161,14.161,0.773,26.641,-0.057
askarovo,biyagoda_south_west,field,10.0,12.0,0.0,1.0,729.18,728.18,6.517,6.516,0.632,5.758,0.090
askarovo,biyagoda_south_west,field,10.0,12.0,0.0,1.5,729.68,728.18,7.061,7.060,0.654,6.348,0.093
askarovo,biyagoda_south_west,field,10.0,12.0,0.0,2.0,730.18,728.18,7.503,7.502,0.673,6.804,0.094
askarovo,biyagoda_south_west,field,10.0,12.0,0.0,3.0,731.18,728.18,8.206,8.205,0.706,7.504,0.096
askarovo,biyagoda_south_west,field,10.0,12.0,0.0,5.0,733.18,728.18,9.148,9.148,0.762,8.493,0.092
askarovo,biyagoda_south_west,field,10.0,12.0,0.0,10.0,738.18,728.18,10.230,10.230,0.889,10.060,0.042
askarovo,biyagoda_south_west,field,10.0,12.0,0.0,30.0,758.18,728.18,12.083,12.083,1.180,13.251,-0.096
askarovo,biyagoda_south_west,field,10.0,12.0,0.0,50.0,778.18,728.18,12.669,12.668,1.198,15.156,-0.113
askarovo,biyagoda_south_west,field,10.0,12.0,0.0,100.0,828.18,728.18,13.357,13.357,1.147,18.421,-0.100
askarovo,biyagoda_south_west,field,10.0,12.0,0.0,200.0,928.18,728.18,13.834,13.834,0.917,22.986,-0.074
askarovo,biyagoda_south_west,field,10.0,12.0,0.0,300.0,1028.18,728.18,14.187,14.187,0.742,26.693,-0.059
askarovo,biyagoda_south_west,field,10.0,12.0,100.0,1.0,727.37,726.37,6.122,6.120,0.042,5.752,0.175
askarovo,biyagoda_south_west,field,10.0,12.0,100.0,1.5,727.87,726.37,6.771,6.768,0.047,6.341,0.193
askarovo,biyagoda_south_west,field,10.0,12.0,100.0,2.0,728.37,726.37,7.276,7.273,0.051,6.797,0.207
askarovo,biyagoda_south_west,field,10.0,12.0,100.0,3.0,729.37,726.37,8.042,8.038,0.056,7.496,0.229
askarovo,biyagoda_south_west,field,10.0,12.0,100.0,5.0,731.37,726.37,8.825,8.822,0.064,8.484,0.247
askarovo,biyagoda_south_west,field,10.0,12.0,100.0,10.0,736.37,726.37,9.501,9.498,0.082,10.049,0.241
askarovo,biyagoda_south_west,field,10.0,12.0,100.0,30.0,756.37,726.37,10.948,10.948,0.173,13.237,0.103
askarovo,biyagoda_south_west,field,10.0,12.0,100.0,50.0,776.37,726.37,11.828,11.828,0.264,15.140,-0.002
askarovo,biyagoda_south_west,field,10.0,12.0,100.0,100.0,826.37,726.37,12.993,12.993,0.430,18.402,-0.093
askarovo,biyagoda_south_west,field,10.0,12.0,100.0,200.0,926.37,726.37,13.800,13.800,0.516,22.964,-0.101
askarovo,biyagoda_south_west,field,10.0,12.0,100.0,300.0,1026.37,726.37,14.220,14.220,0.496,26.668,-0.085
askarovo,biyagoda_south_west,field,10.0,12.0,300.0,1.0,640.14,639.14,0.434,-0.431,0.049,5.450,0.055
askarovo,biyagoda_south_west,field,10.0,12.0,300.0,1.5,640.64,639.14,0.440,-0.436,0.059,6.009,0.065
askarovo,biyagoda_south_west,field,10.0,12.0,300.0,2.0,641.14,639.14,0.443,-0.437,0.066,6.441,0.072
askarovo,biyagoda_south_west,field,10.0,12.0,300.0,3.0,642.14,639.14,0.445,-0.437,0.075,7.104,0.082
askarovo,biyagoda_south_west,field,10.0,12.0,300.0,5.0,644.14,639.14,0.439,-0.429,0.086,8.040,0.093
askarovo,biyagoda_south_west,field,10.0,12.0,300.0,10.0,649.14,639.14,0.344,-0.336,0.098,9.526,0.073
askarovo,biyagoda_south_west,field,10.0,12.0,300.0,30.0,669.14,639.14,0.744,0.733,0.074,12.556,-0.129
askarovo,biyagoda_south_west,field,10.0,12.0,300.0,50.0,689.14,639.14,2.486,2.475,-0.059,14.370,-0.233
askarovo,biyagoda_south_west,field,10.0,12.0,300.0,100.0,739.14,639.14,8.019,8.019,-0.260,17.492,-0.044
askarovo,biyagoda_south_west,field,10.0,12.0,300.0,200.0,839.14,639.14,12.199,12.199,0.008,21.890,-0.116
askarovo,biyagoda_south_west,field,10.0,12.0,300.0,300.0,939.14,639.14,13.398,13.397,0.092,25.484,-0.129
aushkul,aushtau_east,field,3.0,12.0,-3000.0,1.0,480.66,479.66,1.080,1.070,-0.019,2.113,0.150
aushkul,aushtau_east,field,3.0,12.0,-3000.0,1.5,481.16,479.66,1.246,1.233,-0.022,2.212,0.173
aushkul,aushtau_east,field,3.0,12.0,-3000.0,2.0,481.66,479.66,1.366,1.353,-0.024,2.285,0.190
aushkul,aushtau_east,field,3.0,12.0,-3000.0,3.0,482.66,479.66,1.539,1.524,-0.026,2.393,0.214
aushkul,aushtau_east,field,3.0,12.0,-3000.0,5.0,484.66,479.66,1.761,1.744,-0.030,2.537,0.245
aushkul,aushtau_east,field,3.0,12.0,-3000.0,10.0,489.66,479.66,2.119,2.099,-0.034,2.751,0.292
aushkul,aushtau_east,field,3.0,12.0,-3000.0,30.0,509.66,479.66,2.893,2.867,-0.042,3.152,0.388
aushkul,aushtau_east,field,3.0,12.0,-3000.0,50.0,529.66,479.66,3.392,3.363,-0.050,3.380,0.443
aushkul,aushtau_east,field,3.0,12.0,-3000.0,100.0,579.66,479.66,3.671,3.645,-0.052,3.770,0.439
aushkul,aushtau_east,field,3.0,12.0,-3000.0,200.0,679.66,479.66,3.884,3.861,-0.047,4.326,0.420
aushkul,aushtau_east,field,3.0,12.0,-3000.0,300.0,779.66,479.66,3.960,3.941,-0.041,4.596,0.396
aushkul,aushtau_east,field,3.0,12.0,-1000.0,1.0,413.00,412.00,2.450,2.441,-0.001,2.019,0.211
aushkul,aushtau_east,field,3.0,12.0,-1000.0,1.5,413.50,412.00,2.458,2.449,-0.001,2.113,0.212
aushkul,aushtau_east,field,3.0,12.0,-1000.0,2.0,414.00,412.00,2.467,2.457,-0.001,2.183,0.213
aushkul,aushtau_east,field,3.0,12.0,-1000.0,3.0,415.00,412.00,2.483,2.473,-0.002,2.286,0.215
aushkul,aushtau_east,field,3.0,12.0,-1000.0,5.0,417.00,412.00,2.515,2.506,-0.002,2.424,0.220
aushkul,aushtau_east,field,3.0,12.0,-1000.0,10.0,422.00,412.00,2.597,2.587,-0.002,2.629,0.232
aushkul,aushtau_east,field,3.0,12.0,-1000.0,30.0,442.00,412.00,2.882,2.869,-0.003,3.014,0.273
aushkul,aushtau_east,field,3.0,12.0,-1000.0,50.0,462.00,412.00,3.023,3.008,-0.004,3.234,0.295
aushkul,aushtau_east,field,3.0,12.0,-1000.0,100.0,512.00,412.00,3.215,3.199,-0.000,3.612,0.322
aushkul,aushtau_east,field,3.0,12.0,-1000.0,200.0,612.00,412.00,3.415,3.398,0.013,4.155,0.338
aushkul,aushtau_east,field,3.0,12.0,-1000.0,300.0,712.00,412.00,3.532,3.516,0.026,4.425,0.334
aushkul,aushtau_east,field,3.0,12.0,-300.0,1.0,482.57,481.57,0.601,0.568,0.078,2.116,0.197
aushkul,aushtau_east,field,3.0,12.0,-300.0,1.5,483.07,481.57,0.714,0.675,0.094,2.215,0.234
aushkul,aushtau_east,field,3.0,12.0,-300.0,2.0,483.57,481.57,0.794,0.750,0.104,2.288,0.259
aushkul,aushtau_east,field,3.0,12.0,-300.0,3.0,484.57,481.57,0.900,0.851,0.118,2.396,0.293
aushkul,aushtau_east,field,3.0,12.0,-300.0,5.0,486.57,481.57,1.036,0.982,0.134,2.540,0.330
aushkul,aushtau_east,field,3.0,12.0,-300.0,10.0,491.57,481.57,1.275,1.222,0.159,2.754,0.365
aushkul,aushtau_east,field,3.0,12.0,-300.0,30.0,511.57,481.57,2.053,2.010,0.272,3.155,0.421
aushkul,aushtau_east,field,3.0,12.0,-300.0,50.0,531.57,481.57,2.438,2.395,0.314,3.384,0.456
aushkul,aushtau_east,field,3.0,12.0,-300.0,100.0,581.57,481.57,2.958,2.926,0.340,3.774,0.436
aushkul,aushtau_east,field,3.0,12.0,-300.0,200.0,681.57,481.57,3.476,3.455,0.302,4.330,0.382
aushkul,aushtau_east,field,3.0,12.0,-300.0,300.0,781.57,481.57,3.691,3.676,0.237,4.601,0.340
aushkul,aushtau_east,field,3.0,12.0,-150.0,1.0,551.93,550.93,0.485,0.465,0.127,2.212,0.136
aushkul,aushtau_east,field,3.0,12.0,-150.0,1.5,552.43,550.93,0.622,0.597,0.163,2.315,0.174
aushkul,aushtau_east,field,3.0,12.0,-150.0,2.0,552.93,550.93,0.711,0.682,0.186,2.392,0.199
aushkul,aushtau_east,field,3.0,12.0,-150.0,3.0,553.93,550.93,0.829,0.796,0.217,2.505,0.233
aushkul,aushtau_east,field,3.0,12.0,-150.0,5.0,555.93,550.93,0.971,0.932,0.254,2.656,0.272
aushkul,aushtau_east,field,3.0,12.0,-150.0,10.0,560.93,550.93,1.235,1.188,0.313,2.879,0.339
aushkul,aushtau_east,field,3.0,12.0,-150.0,30.0,580.93,550.93,2.347,2.272,0.532,3.297,0.591
aushkul,aushtau_east,field,3.0,12.0,-150.0,50.0,600.93,550.93,2.893,2.837,0.585,3.534,0.566
aushkul,aushtau_east,field,3.0,12.0,-150.0,100.0,650.93,550.93,3.534,3.507,0.511,3.936,0.439
aushkul,aushtau_east,field,3.0,12.0,-150.0,200.0,750.93,550.93,3.886,3.871,0.312,4.505,0.346
aushkul,aushtau_east,field,3.0,12.0,-150.0,300.0,850.93,550.93,3.924,3.913,0.206,4.777,0.304
aushkul,aushtau_east,field,3.0,12.0,-50.0,1.0,608.54,607.54,1.243,1.228,0.097,2.291,0.194
aushkul,aushtau_east,field,3.0,12.0,-50.0,1.5,609.04,607.54,1.444,1.426,0.112,2.398,0.227
aushkul,aushtau_east,field,3.0,12.0,-50.0,2.0,609.54,607.54,1.590,1.570,0.122,2.477,0.251
aushkul,aushtau_east,field,3.0,12.0,-50.0,3.0,610.54,607.54,1.800,1.778,0.138,2.594,0.285
aushkul,aushtau_east,field,3.0,12.0,-50.0,5.0,612.54,607.54,2.071,2.044,0.157,2.750,0.329
aushkul,aushtau_east,field,3.0,12.0,-50.0,10.0,617.54,607.54,2.445,2.414,0.184,2.981,0.390
aushkul,aushtau_east,field,3.0,12.0,-50.0,30.0,637.54,607.54,3.513,3.457,0.301,3.412,0.625
aushkul,aushtau_east,field,3.0,12.0,-50.0,50.0,657.54,607.54,3.905,3.867,0.373,3.656,0.542
aushkul,aushtau_east,field,3.0,12.0,-50.0,100.0,707.54,607.54,4.087,4.070,0.317,4.067,0.375
aushkul,aushtau_east,field,3.0,12.0,-50.0,200.0,807.54,607.54,4.057,4.046,0.195,4.648,0.303
aushkul,aushtau_east,field,3.0,12.0,-50.0,300.0,907.54,607.54,3.990,3.981,0.139,4.920,0.275
aushkul,aushtau_east,field,3.0,12.0,-30.0,1.0,617.29,616.29,1.469,1.444,0.076,2.303,0.271
aushkul,aushtau_east,field,3.0,12.0,-30.0,1.5,617.79,616.29,1.693,1.664,0.088,2.411,0.311
aushkul,aushtau_east,field,3.0,12.0,-30.0,2.0,618.29,616.29,1.857,1.825,0.097,2.490,0.341
aushkul,aushtau_east,field,3.0,12.0,-30.0,3.0,619.29,616.29,2.092,2.057,0.109,2.608,0.384
aushkul,aushtau_east,field,3.0,12.0,-30.0,5.0,621.29,616.29,2.395,2.355,0.125,2.764,0.439
aushkul,aushtau_east,field,3.0,12.0,-30.0,10.0,626.29,616.29,2.814,2.767,0.148,2.997,0.514
aushkul,aushtau_east,field,3.0,12.0,-30.0,30.0,646.29,616.29,3.619,3.566,0.236,3.430,0.614
aushkul,aushtau_east,field,3.0,12.0,-30.0,50.0,666.29,616.29,4.006,3.972,0.322,3.675,0.524
aushkul,aushtau_east,field,3.0,12.0,-30.0,100.0,716.29,616.29,4.135,4.119,0.272,4.088,0.362
aushkul,aushtau_east,field,3.0,12.0,-30.0,200.0,816.29,616.29,4.070,4.059,0.173,4.670,0.297
aushkul,aushtau_east,field,3.0,12.0,-30.0,300.0,916.29,616.29,3.995,3.986,0.128,4.942,0.270
aushkul,aushtau_east,field,3.0,12.0,-20.0,1.0,621.34,620.34,1.489,1.462,0.078,2.309,0.280
aushkul,aushtau_east,field,3.0,12.0,-20.0,1.5,621.84,620.34,1.718,1.687,0.090,2.416,0.323
aushkul,aushtau_east,field,3.0,12.0,-20.0,2.0,622.34,620.34,1.885,1.852,0.099,2.496,0.355
aushkul,aushtau_east,field,3.0,12.0,-20.0,3.0,623.34,620.34,2.126,2.088,0.112,2.614,0.400
aushkul,aushtau_east,field,3.0,12.0,-20.0,5.0,625.34,620.34,2.435,2.392,0.128,2.771,0.458
aushkul,aushtau_east,field,3.0,12.0,-20.0,10.0,630.34,620.34,2.840,2.792,0.151,3.004,0.523
aushkul,aushtau_east,field,3.0,12.0,-20.0,30.0,650.34,620.34,3.660,3.615,0.242,3.438,0.573
aushkul,aushtau_east,field,3.0,12.0,-20.0,50.0,670.34,620.34,4.035,4.005,0.304,3.683,0.494
aushkul,aushtau_east,field,3.0,12.0,-20.0,100.0,720.34,620.34,4.144,4.129,0.248,4.097,0.353
aushkul,aushtau_east,field,3.0,12.0,-20.0,200.0,820.34,620.34,4.071,4.061,0.162,4.680,0.293
aushkul,aushtau_east,field,3.0,12.0,-20.0,300.0,920.34,620.34,3.996,3.987,0.122,4.952,0.268
aushkul,aushtau_east,field,3.0,12.0,-10.0,1.0,625.30,624.30,1.638,1.608,0.084,2.314,0.312
aushkul,aushtau_east,field,3.0,12.0,-10.0,1.5,625.80,624.30,1.840,1.806,0.094,2.422,0.351
aushkul,aushtau_east,field,3.0,12.0,-10.0,2.0,626.30,624.30,1.993,1.956,0.102,2.502,0.380
aushkul,aushtau_east,field,3.0,12.0,-10.0,3.0,627.30,624.30,2.220,2.179,0.113,2.620,0.423
aushkul,aushtau_east,field,3.0,12.0,-10.0,5.0,629.30,624.30,2.520,2.474,0.128,2.778,0.480
aushkul,aushtau_east,field,3.0,12.0,-10.0,10.0,634.30,624.30,2.892,2.844,0.150,3.011,0.522
aushkul,aushtau_east,field,3.0,12.0,-10.0,30.0,654.30,624.30,3.749,3.710,0.242,3.446,0.535
aushkul,aushtau_east,field,3.0,12.0,-10.0,50.0,674.30,624.30,4.063,4.036,0.277,3.692,0.464
aushkul,aushtau_east,field,3.0,12.0,-10.0,100.0,724.30,624.30,4.150,4.136,0.223,4.106,0.343
aushkul,aushtau_east,field,3.0,12.0,-10.0,200.0,824.30,624.30,4.072,4.062,0.151,4.690,0.290
aushkul,aushtau_east,field,3.0,12.0,-10.0,300.0,924.30,624.30,3.996,3.987,0.116,4.962,0.266
aushkul,aushtau_east,field,3.0,12.0,0.0,1.0,629.19,628.19,1.798,1.765,0.083,2.319,0.341
aushkul,aushtau_east,field,3.0,12.0,0.0,1.5,629.69,628.19,1.981,1.946,0.092,2.428,0.375
aushkul,aushtau_east,field,3.0,12.0,0.0,2.0,630.19,628.19,2.125,2.087,0.098,2.508,0.403
aushkul,aushtau_east,field,3.0,12.0,0.0,3.0,631.19,628.19,2.343,2.301,0.108,2.626,0.444
aushkul,aushtau_east,field,3.0,12.0,0.0,5.0,633.19,628.19,2.639,2.591,0.121,2.784,0.500
aushkul,aushtau_east,field,3.0,12.0,0.0,10.0,638.19,628.19,2.982,2.937,0.141,3.018,0.517
aushkul,aushtau_east,field,3.0,12.0,0.0,30.0,658.19,628.19,3.855,3.822,0.227,3.454,0.502
aushkul,aushtau_east,field,3.0,12.0,0.0,50.0,678.19,628.19,4.090,4.067,0.243,3.700,0.437
aushkul,aushtau_east,field,3.0,12.0,0.0,100.0,728.19,628.19,4.155,4.142,0.199,4.116,0.335
aushkul,aushtau_east,field,3.0,12.0,0.0,200.0,828.19,628.19,4.073,4.062,0.141,4.700,0.287
aushkul,aushtau_east,field,3.0,12.0,0.0,300.0,928.19,628.19,3.996,3.987,0.111,4.972,0.264
aushkul,aushtau_east,field,3.0,12.0,100.0,1.0,635.13,634.13,1.014,0.959,-0.054,2.328,-0.329
aushkul,aushtau_east,field,3.0,12.0,100.0,1.5,635.63,634.13,1.120,1.059,-0.060,2.437,-0.365
aushkul,aushtau_east,field,3.0,12.0,100.0,2.0,636.13,634.13,1.198,1.134,-0.064,2.517,-0.386
aushkul,aushtau_east,field,3.0,12.0,100.0,3.0,637.13,634.13,1.293,1.236,-0.068,2.636,-0.382
aushkul,aushtau_east,field,3.0,12.0,100.0,5.0,639.13,634.13,1.464,1.421,-0.071,2.794,-0.351
aushkul,aushtau_east,field,3.0,12.0,100.0,10.0,644.13,634.13,1.892,1.878,-0.077,3.029,-0.230
aushkul,aushtau_east,field,3.0,12.0,100.0,30.0,664.13,634.13,3.594,3.582,-0.093,3.466,0.296
aushkul,aushtau_east,field,3.0,12.0,100.0,50.0,684.13,634.13,3.886,3.873,-0.042,3.713,0.318
aushkul,aushtau_east,field,3.0,12.0,100.0,100.0,734.13,634.13,4.062,4.051,0.024,4.129,0.297
aushkul,aushtau_east,field,3.0,12.0,100.0,200.0,834.13,634.13,4.050,4.041,0.060,4.714,0.270
aushkul,aushtau_east,field,3.0,12.0,100.0,300.0,934.13,634.13,3.993,3.985,0.066,4.987,0.250
aushkul,aushtau_east,field,3.0,12.0,300.0,1.0,562.94,561.94,0.207,0.177,-0.005,2.227,-0.107
aushkul,aushtau_east,field,3.0,12.0,300.0,1.5,563.44,561.94,0.265,0.231,-0.006,2.332,-0.129
aushkul,aushtau_east,field,3.0,12.0,300.0,2.0,563.94,561.94,0.305,0.269,-0.006,2.409,-0.145
aushkul,aushtau_east,field,3.0,12.0,300.0,3.0,564.94,561.94,0.361,0.321,-0.007,2.522,-0.165
aushkul,aushtau_east,field,3.0,12.0,300.0,5.0,566.94,561.94,0.432,0.388,-0.009,2.674,-0.191
aushkul,aushtau_east,field,3.0,12.0,300.0,10.0,571.94,561.94,0.586,0.551,-0.014,2.899,-0.200
aushkul,aushtau_east,field,3.0,12.0,300.0,30.0,591.94,561.94,1.366,1.364,-0.046,3.319,-0.082
aushkul,aushtau_east,field,3.0,12.0,300.0,50.0,611.94,561.94,2.018,2.018,-0.091,3.558,0.053
aushkul,aushtau_east,field,3.0,12.0,300.0,100.0,661.94,561.94,3.101,3.092,-0.119,3.961,0.227
aushkul,aushtau_east,field,3.0,12.0,300.0,200.0,761.94,561.94,3.738,3.729,-0.055,4.533,0.256
aushkul,aushtau_east,field,3.0,12.0,300.0,300.0,861.94,561.94,3.873,3.865,-0.014,4.804,0.243
aushkul,aushtau_east,field,10.0,12.0,-3000.0,1.0,480.66,479.66,2.960,2.956,-0.095,5.245,0.160
aushkul,aushtau_east,field,10.0,12.0,-3000.0,1.5,481.16,479.66,3.422,3.417,-0.110,5.783,0.184
aushkul,aushtau_east,field,10.0,12.0,-3000.0,2.0,481.66,479.66,3.758,3.753,-0.120,6.198,0.202
aushkul,aushtau_east,field,10.0,12.0,-3000.0,3.0,482.66,479.66,4.242,4.236,-0.135,6.836,0.227
aushkul,aushtau_east,field,10.0,12.0,-3000.0,5.0,484.66,479.66,4.863,4.856,-0.154,7.738,0.260
aushkul,aushtau_east,field,10.0,12.0,-3000.0,10.0,489.66,479.66,5.918,5.910,-0.171,9.169,0.302
aushkul,aushtau_east,field,10.0,12.0,-3000.0,30.0,509.66,479.66,8.199,8.190,-0.214,12.091,0.378
aushkul,aushtau_east,field,10.0,12.0,-3000.0,50.0,529.66,479.66,9.811,9.804,-0.257,13.845,0.388
aushkul,aushtau_east,field,10.0,12.0,-3000.0,100.0,579.66,479.66,12.088,12.087,-0.282,16.872,0.106
aushkul,aushtau_east,field,10.0,12.0,-3000.0,200.0,679.66,479.66,14.112,14.112,-0.280,21.157,-0.034
aushkul,aushtau_east,field,10.0,12.0,-3000.0,300.0,779.66,479.66,15.103,15.103,-0.268,24.677,-0.046
aushkul,aushtau_east,field,10.0,12.0,-1000.0,1.0,413.00,412.00,5.090,5.089,-0.005,5.011,-0.110
aushkul,aushtau_east,field,10.0,12.0,-1000.0,1.5,413.50,412.00,5.136,5.135,-0.005,5.526,-0.109
aushkul,aushtau_east,field,10.0,12.0,-1000.0,2.0,414.00,412.00,5.182,5.181,-0.005,5.923,-0.107
aushkul,aushtau_east,field,10.0,12.0,-1000.0,3.0,415.00,412.00,5.273,5.272,-0.005,6.532,-0.103
aushkul,aushtau_east,field,10.0,12.0,-1000.0,5.0,417.00,412.00,5.457,5.456,-0.006,7.395,-0.096
aushkul,aushtau_east,field,10.0,12.0,-1000.0,10.0,422.00,412.00,5.915,5.914,-0.007,8.763,-0.078
aushkul,aushtau_east,field,10.0,12.0,-1000.0,30.0,442.00,412.00,7.571,7.571,-0.012,11.563,-0.010
aushkul,aushtau_east,field,10.0,12.0,-1000.0,50.0,462.00,412.00,8.616,8.616,-0.014,13.248,0.039
aushkul,aushtau_east,field,10.0,12.0,-1000.0,100.0,512.00,412.00,10.271,10.270,-0.002,16.167,0.088
aushkul,aushtau_east,field,10.0,12.0,-1000.0,200.0,612.00,412.00,12.215,12.215,0.047,20.324,0.068
aushkul,aushtau_east,field,10.0,12.0,-1000.0,300.0,712.00,412.00,13.460,13.460,0.087,23.758,0.024
aushkul,aushtau_east,field,10.0,12.0,-300.0,1.0,482.57,481.57,1.569,1.534,0.407,5.252,0.330
aushkul,aushtau_east,field,10.0,12.0,-300.0,1.5,483.07,481.57,1.866,1.825,0.486,5.790,0.390
aushkul,aushtau_east,field,10.0,12.0,-300.0,2.0,483.57,481.57,2.074,2.028,0.542,6.206,0.433
aushkul,aushtau_east,field,10.0,12.0,-300.0,3.0,484.57,481.57,2.354,2.303,0.614,6.845,0.487
aushkul,aushtau_east,field,10.0,12.0,-300.0,5.0,486.57,481.57,2.720,2.666,0.698,7.748,0.540
aushkul,aushtau_east,field,10.0,12.0,-300.0,10.0,491.57,481.57,3.408,3.362,0.827,9.180,0.559
aushkul,aushtau_east,field,10.0,12.0,-300.0,30.0,511.57,481.57,5.814,5.793,1.416,12.106,0.495
aushkul,aushtau_east,field,10.0,12.0,-300.0,50.0,531.57,481.57,7.256,7.236,1.653,13.862,0.536
aushkul,aushtau_east,field,10.0,12.0,-300.0,100.0,581.57,481.57,9.709,9.700,1.851,16.892,0.403
aushkul,aushtau_east,field,10.0,12.0,-300.0,200.0,681.57,481.57,12.642,12.641,1.696,21.181,0.204
aushkul,aushtau_east,field,10.0,12.0,-300.0,300.0,781.57,481.57,14.231,14.231,1.293,24.703,0.078
aushkul,aushtau_east,field,10.0,12.0,-150.0,1.0,551.93,550.93,1.411,1.388,0.713,5.491,0.254
aushkul,aushtau_east,field,10.0,12.0,-150.0,1.5,552.43,550.93,1.810,1.780,0.914,6.054,0.326
aushkul,aushtau_east,field,10.0,12.0,-150.0,2.0,552.93,550.93,2.069,2.035,1.045,6.489,0.372
aushkul,aushtau_east,field,10.0,12.0,-150.0,3.0,553.93,550.93,2.414,2.375,1.220,7.157,0.434
aushkul,aushtau_east,field,10.0,12.0,-150.0,5.0,555.93,550.93,2.829,2.783,1.430,8.100,0.509
aushkul,aushtau_east,field,10.0,12.0,-150.0,10.0,560.93,550.93,3.643,3.588,1.761,9.596,0.630
aushkul,aushtau_east,field,10.0,12.0,-150.0,30.0,580.93,550.93,7.198,7.116,2.994,12.648,1.084
aushkul,aushtau_east,field,10.0,12.0,-150.0,50.0,600.93,550.93,9.270,9.228,3.290,14.474,0.878
aushkul,aushtau_east,field,10.0,12.0,-150.0,100.0,650.93,550.93,12.265,12.259,2.893,17.615,0.384
aushkul,aushtau_east,field,10.0,12.0,-150.0,200.0,750.93,550.93,14.583,14.583,1.763,22.035,0.078
aushkul,aushtau_east,field,10.0,12.0,-150.0,300.0,850.93,550.93,15.475,15.475,1.104,25.644,-0.021
aushkul,aushtau_east,field,10.0,12.0,-50.0,1.0,608.54,607.54,4.149,4.144,0.553,5.687,0.216
aushkul,aushtau_east,field,10.0,12.0,-50.0,1.5,609.04,607.54,4.819,4.812,0.636,6.270,0.258
aushkul,aushtau_east,field,10.0,12.0,-50.0,2.0,609.54,607.54,5.307,5.299,0.697,6.720,0.288
aushkul,aushtau_east,field,10.0,12.0,-50.0,3.0,610.54,607.54,6.008,5.999,0.785,7.411,0.331
aushkul,aushtau_east,field,10.0,12.0,-50.0,5.0,612.54,607.54,6.909,6.898,0.897,8.388,0.386
aushkul,aushtau_east,field,10.0,12.0,-50.0,10.0,617.54,607.54,8.160,8.147,1.051,9.936,0.462
aushkul,aushtau_east,field,10.0,12.0,-50.0,30.0,637.54,607.54,11.779,11.733,1.716,13.090,1.047
aushkul,aushtau_east,field,10.0,12.0,-50.0,50.0,657.54,607.54,13.453,13.433,2.132,14.974,0.733
aushkul,aushtau_east,field,10.0,12.0,-50.0,100.0,707.54,607.54,14.854,14.854,1.809,18.205,0.144
aushkul,aushtau_east,field,10.0,12.0,-50.0,200.0,807.54,607.54,15.639,15.639,1.072,22.732,-0.053
aushkul,aushtau_east,field,10.0,12.0,-50.0,300.0,907.54,607.54,16.072,16.072,0.705,26.412,-0.091
aushkul,aushtau_east,field,10.0,12.0,-30.0,1.0,617.29,616.29,4.910,4.892,0.436,5.717,0.423
aushkul,aushtau_east,field,10.0,12.0,-30.0,1.5,617.79,616.29,5.660,5.639,0.504,6.303,0.485
aushkul,aushtau_east,field,10.0,12.0,-30.0,2.0,618.29,616.29,6.207,6.185,0.553,6.756,0.531
aushkul,aushtau_east,field,10.0,12.0,-30.0,3.0,619.29,616.29,6.996,6.970,0.624,7.450,0.596
aushkul,aushtau_east,field,10.0,12.0,-30.0,5.0,621.29,616.29,8.009,7.980,0.715,8.432,0.680
aushkul,aushtau_east,field,10.0,12.0,-30.0,10.0,626.29,616.29,9.411,9.377,0.842,9.989,0.794
aushkul,aushtau_east,field,10.0,12.0,-30.0,30.0,646.29,616.29,12.260,12.221,1.346,13.158,0.978
aushkul,aushtau_east,field,10.0,12.0,-30.0,50.0,666.29,616.29,13.929,13.914,1.842,15.051,0.662
aushkul,aushtau_east,field,10.0,12.0,-30.0,100.0,716.29,616.29,15.128,15.128,1.551,18.297,0.101
aushkul,aushtau_east,field,10.0,12.0,-30.0,200.0,816.29,616.29,15.754,15.753,0.941,22.840,-0.069
aushkul,aushtau_east,field,10.0,12.0,-30.0,300.0,916.29,616.29,16.145,16.145,0.636,26.531,-0.101
aushkul,aushtau_east,field,10.0,12.0,-20.0,1.0,621.34,620.34,4.975,4.953,0.446,5.731,0.473
aushkul,aushtau_east,field,10.0,12.0,-20.0,1.5,621.84,620.34,5.742,5.716,0.515,6.318,0.545
aushkul,aushtau_east,field,10.0,12.0,-20.0,2.0,622.34,620.34,6.302,6.274,0.565,6.772,0.598
aushkul,aushtau_east,field,10.0,12.0,-20.0,3.0,623.34,620.34,7.107,7.075,0.638,7.469,0.673
aushkul,aushtau_east,field,10.0,12.0,-20.0,5.0,625.34,620.34,8.140,8.103,0.731,8.453,0.771
aushkul,aushtau_east,field,10.0,12.0,-20.0,10.0,630.34,620.34,9.506,9.467,0.859,10.013,0.855
aushkul,aushtau_east,field,10.0,12.0,-20.0,30.0,650.34,620.34,12.468,12.438,1.383,13.190,0.863
aushkul,aushtau_east,field,10.0,12.0,-20.0,50.0,670.34,620.34,14.097,14.085,1.737,15.087,0.566
aushkul,aushtau_east,field,10.0,12.0,-20.0,100.0,720.34,620.34,15.208,15.207,1.411,18.339,0.069
aushkul,aushtau_east,field,10.0,12.0,-20.0,200.0,820.34,620.34,15.793,15.793,0.876,22.889,-0.078
aushkul,aushtau_east,field,10.0,12.0,-20.0,300.0,920.34,620.34,16.174,16.174,0.602,26.586,-0.106
aushkul,aushtau_east,field,10.0,12.0,-10.0,1.0,625.30,624.30,5.477,5.448,0.479,5.744,0.563
aushkul,aushtau_east,field,10.0,12.0,-10.0,1.5,625.80,624.30,6.152,6.119,0.537,6.333,0.632
aushkul,aushtau_east,field,10.0,12.0,-10.0,2.0,626.30,624.30,6.664,6.629,0.581,6.788,0.685
aushkul,aushtau_east,field,10.0,12.0,-10.0,3.0,627.30,624.30,7.424,7.385,0.647,7.487,0.764
aushkul,aushtau_east,field,10.0,12.0,-10.0,5.0,629.30,624.30,8.428,8.383,0.734,8.473,0.867
aushkul,aushtau_east,field,10.0,12.0,-10.0,10.0,634.30,624.30,9.699,9.659,0.856,10.037,0.883
aushkul,aushtau_east,field,10.0,12.0,-10.0,30.0,654.30,624.30,12.833,12.811,1.381,13.221,0.746
aushkul,aushtau_east,field,10.0,12.0,-10.0,50.0,674.30,624.30,14.262,14.254,1.584,15.122,0.464
aushkul,aushtau_east,field,10.0,12.0,-10.0,100.0,724.30,624.30,15.278,15.278,1.269,18.380,0.039
aushkul,aushtau_east,field,10.0,12.0,-10.0,200.0,824.30,624.30,15.829,15.829,0.813,22.938,-0.087
aushkul,aushtau_east,field,10.0,12.0,-10.0,300.0,924.30,624.30,16.201,16.200,0.569,26.640,-0.111
aushkul,aushtau_east,field,10.0,12.0,0.0,1.0,629.19,628.19,6.023,5.988,0.476,5.758,0.645
aushkul,aushtau_east,field,10.0,12.0,0.0,1.5,629.69,628.19,6.638,6.599,0.524,6.348,0.711
aushkul,aushtau_east,field,10.0,12.0,0.0,2.0,630.19,628.19,7.119,7.078,0.561,6.804,0.762
aushkul,aushtau_east,field,10.0,12.0,0.0,3.0,631.19,628.19,7.850,7.805,0.617,7.504,0.841
aushkul,aushtau_east,field,10.0,12.0,0.0,5.0,633.19,628.19,8.840,8.789,0.694,8.493,0.947
aushkul,aushtau_east,field,10.0,12.0,0.0,10.0,638.19,628.19,10.038,9.999,0.804,10.060,0.884
aushkul,aushtau_east,field,10.0,12.0,0.0,30.0,658.19,628.19,13.254,13.239,1.296,13.251,0.631
aushkul,aushtau_east,field,10.0,12.0,0.0,50.0,678.19,628.19,14.426,14.421,1.389,15.156,0.371
aushkul,aushtau_east,field,10.0,12.0,0.0,100.0,728.19,628.19,15.343,15.343,1.129,18.421,0.012
aushkul,aushtau_east,field,10.0,12.0,0.0,200.0,828.19,628.19,15.863,15.863,0.752,22.986,-0.095
aushkul,aushtau_east,field,10.0,12.0,0.0,300.0,928.19,628.19,16.226,16.226,0.537,26.693,-0.115
aushkul,aushtau_east,field,10.0,12.0,100.0,1.0,635.13,634.13,3.293,2.989,-0.315,5.778,-1.382
aushkul,aushtau_east,field,10.0,12.0,100.0,1.5,635.63,634.13,3.649,3.313,-0.349,6.371,-1.530
aushkul,aushtau_east,field,10.0,12.0,100.0,2.0,636.13,634.13,3.907,3.554,-0.372,6.828,-1.622
aushkul,aushtau_east,field,10.0,12.0,100.0,3.0,637.13,634.13,4.221,3.889,-0.392,7.531,-1.639
aushkul,aushtau_east,field,10.0,12.0,100.0,5.0,639.13,634.13,4.802,4.534,-0.415,8.523,-1.583
aushkul,aushtau_east,field,10.0,12.0,100.0,10.0,644.13,634.13,6.279,6.146,-0.447,10.096,-1.289
aushkul,aushtau_east,field,10.0,12.0,100.0,30.0,664.13,634.13,12.437,12.437,-0.544,13.298,0.052
aushkul,aushtau_east,field,10.0,12.0,100.0,50.0,684.13,634.13,13.893,13.893,-0.255,15.209,0.024
aushkul,aushtau_east,field,10.0,12.0,100.0,100.0,734.13,634.13,15.188,15.187,0.110,18.483,-0.111
aushkul,aushtau_east,field,10.0,12.0,100.0,200.0,834.13,634.13,15.899,15.898,0.280,23.059,-0.151
aushkul,aushtau_east,field,10.0,12.0,100.0,300.0,934.13,634.13,16.288,16.288,0.280,26.773,-0.151
aushkul,aushtau_east,field,10.0,12.0,300.0,1.0,562.94,561.94,1.370,-1.369,-0.006,5.529,-0.048
aushkul,aushtau_east,field,10.0,12.0,300.0,1.5,563.44,561.94,1.318,-1.317,-0.008,6.096,-0.061
aushkul,aushtau_east,field,10.0,12.0,300.0,2.0,563.94,561.94,1.274,-1.272,-0.009,6.534,-0.069
aushkul,aushtau_east,field,10.0,12.0,300.0,3.0,564.94,561.94,1.199,-1.196,-0.010,7.206,-0.082
aushkul,aushtau_east,field,10.0,12.0,300.0,5.0,566.94,561.94,1.071,-1.067,-0.013,8.156,-0.097
aushkul,aushtau_east,field,10.0,12.0,300.0,10.0,571.94,561.94,0.585,-0.540,-0.038,9.663,-0.226
aushkul,aushtau_east,field,10.0,12.0,300.0,30.0,591.94,561.94,2.245,2.099,-0.213,12.734,-0.797
aushkul,aushtau_east,field,10.0,12.0,300.0,50.0,611.94,561.94,5.068,5.033,-0.507,14.571,-0.595
aushkul,aushtau_east,field,10.0,12.0,300.0,100.0,661.94,561.94,11.098,11.097,-0.704,17.730,-0.124
aushkul,aushtau_east,field,10.0,12.0,300.0,200.0,761.94,561.94,14.665,14.664,-0.382,22.170,-0.198
aushkul,aushtau_east,field,10.0,12.0,300.0,300.0,861.94,561.94,15.650,15.649,-0.175,25.793,-0.209
aushkul,aushtau_south,field,3.0,12.0,-3000.0,1.0,423.18,422.18,1.481,1.472,-0.006,2.045,-0.163
aushkul,aushtau_south,field,3.0,12.0,-3000.0,1.5,423.68,422.18,1.740,1.730,-0.007,2.141,-0.192
aushkul,aushtau_south,field,3.0,12.0,-3000.0,2.0,424.18,422.18,1.921,1.909,-0.007,2.212,-0.211
aushkul,aushtau_south,field,3.0,12.0,-3000.0,3.0,425.18,422.18,2.079,2.067,-0.008,2.316,-0.223
aushkul,aushtau_south,field,3.0,12.0,-3000.0,5.0,427.18,422.18,2.284,2.271,-0.010,2.456,-0.238
aushkul,aushtau_south,field,3.0,12.0,-3000.0,10.0,432.18,422.18,2.548,2.536,-0.012,2.663,-0.251
aushkul,aushtau_south,field,3.0,12.0,-3000.0,30.0,452.18,422.18,3.075,3.064,-0.017,3.053,-0.260
aushkul,aushtau_south,field,3.0,12.0,-3000.0,50.0,472.18,422.18,3.412,3.403,-0.021,3.275,-0.249
aushkul,aushtau_south,field,3.0,12.0,-3000.0,100.0,522.18,422.18,3.761,3.754,-0.034,3.656,-0.236
aushkul,aushtau_south,field,3.0,12.0,-3000.0,200.0,622.18,422.18,4.138,4.132,-0.039,4.203,-0.212
aushkul,aushtau_south,field,3.0,12.0,-3000.0,300.0,722.18,422.18,4.301,4.296,-0.034,4.473,-0.196
aushkul,aushtau_south,field,3.0,12.0,-1000.0,1.0,416.41,415.41,1.462,1.458,0.000,2.036,-0.111
aushkul,aushtau_south,field,3.0,12.0,-1000.0,1.5,416.91,415.41,1.719,1.714,0.001,2.131,-0.131
aushkul,aushtau_south,field,3.0,12.0,-1000.0,2.0,417.41,415.41,1.901,1.896,0.001,2.202,-0.145
aushkul,aushtau_south,field,3.0,12.0,-1000.0,3.0,418.41,415.41,2.158,2.152,0.001,2.306,-0.164
aushkul,aushtau_south,field,3.0,12.0,-1000.0,5.0,420.41,415.41,2.482,2.475,0.001,2.445,-0.189
aushkul,aushtau_south,field,3.0,12.0,-1000.0,10.0,425.41,415.41,2.921,2.913,0.001,2.651,-0.222
aushkul,aushtau_south,field,3.0,12.0,-1000.0,30.0,445.41,415.41,3.500,3.490,0.002,3.039,-0.267
aushkul,aushtau_south,field,3.0,12.0,-1000.0,50.0,465.41,415.41,3.678,3.667,0.006,3.261,-0.281
aushkul,aushtau_south,field,3.0,12.0,-1000.0,100.0,515.41,415.41,3.881,3.871,0.017,3.640,-0.279
aushkul,aushtau_south,field,3.0,12.0,-1000.0,200.0,615.41,415.41,4.034,4.026,0.031,4.186,-0.250
aushkul,aushtau_south,field,3.0,12.0,-1000.0,300.0,715.41,415.41,4.109,4.102,0.042,4.456,-0.226
aushkul,aushtau_south,field,3.0,12.0,-300.0,1.0,492.29,491.29,0.753,0.748,0.084,2.141,-0.083
aushkul,aushtau_south,field,3.0,12.0,-300.0,1.5,492.79,491.29,0.879,0.874,0.097,2.242,-0.097
aushkul,aushtau_south,field,3.0,12.0,-300.0,2.0,493.29,491.29,0.970,0.964,0.107,2.316,-0.107
aushkul,aushtau_south,field,3.0,12.0,-300.0,3.0,494.29,491.29,1.098,1.092,0.121,2.425,-0.121
aushkul,aushtau_south,field,3.0,12.0,-300.0,5.0,496.29,491.29,1.260,1.253,0.139,2.571,-0.139
aushkul,aushtau_south,field,3.0,12.0,-300.0,10.0,501.29,491.29,1.529,1.519,0.166,2.788,-0.173
aushkul,aushtau_south,field,3.0,12.0,-300.0,30.0,521.29,491.29,2.566,2.555,0.285,3.193,-0.233
aushkul,aushtau_south,field,3.0,12.0,-300.0,50.0,541.29,491.29,3.039,3.033,0.343,3.424,-0.193
aushkul,aushtau_south,field,3.0,12.0,-300.0,100.0,591.29,491.29,3.558,3.555,0.355,3.817,-0.127
aushkul,aushtau_south,field,3.0,12.0,-300.0,200.0,691.29,491.29,3.995,3.994,0.292,4.377,-0.105
aushkul,aushtau_south,field,3.0,12.0,-300.0,300.0,791.29,491.29,4.162,4.160,0.228,4.648,-0.113
aushkul,aushtau_south,field,3.0,12.0,-150.0,1.0,558.08,557.08,1.143,1.143,0.115,2.233,0.022
aushkul,aushtau_south,field,3.0,12.0,-150.0,1.5,558.58,557.08,1.277,1.277,0.128,2.337,0.024
aushkul,aushtau_south,field,3.0,12.0,-150.0,2.0,559.08,557.08,1.380,1.379,0.138,2.415,0.026
aushkul,aushtau_south,field,3.0,12.0,-150.0,3.0,560.08,557.08,1.532,1.532,0.152,2.528,0.029
aushkul,aushtau_south,field,3.0,12.0,-150.0,5.0,562.08,557.08,1.736,1.736,0.172,2.681,0.032
aushkul,aushtau_south,field,3.0,12.0,-150.0,10.0,567.08,557.08,2.027,2.026,0.200,2.906,0.037
aushkul,aushtau_south,field,3.0,12.0,-150.0,30.0,587.08,557.08,3.028,3.028,0.318,3.327,-0.001
aushkul,aushtau_south,field,3.0,12.0,-150.0,50.0,607.08,557.08,3.641,3.641,0.430,3.566,0.019
aushkul,aushtau_south,field,3.0,12.0,-150.0,100.0,657.08,557.08,4.072,4.072,0.418,3.971,0.018
aushkul,aushtau_south,field,3.0,12.0,-150.0,200.0,757.08,557.08,4.298,4.298,0.293,4.543,-0.048
aushkul,aushtau_south,field,3.0,12.0,-150.0,300.0,857.08,557.08,4.339,4.338,0.213,4.814,-0.086
aushkul,aushtau_south,field,3.0,12.0,-50.0,1.0,602.33,601.33,1.185,1.180,0.210,2.294,0.115
aushkul,aushtau_south,field,3.0,12.0,-50.0,1.5,602.83,601.33,1.319,1.312,0.229,2.402,0.136
aushkul,aushtau_south,field,3.0,12.0,-50.0,2.0,603.33,601.33,1.418,1.410,0.242,2.481,0.154
aushkul,aushtau_south,field,3.0,12.0,-50.0,3.0,604.33,601.33,1.572,1.561,0.263,2.598,0.181
aushkul,aushtau_south,field,3.0,12.0,-50.0,5.0,606.33,601.33,1.796,1.783,0.293,2.754,0.219
aushkul,aushtau_south,field,3.0,12.0,-50.0,10.0,611.33,601.33,2.238,2.224,0.344,2.986,0.248
aushkul,aushtau_south,field,3.0,12.0,-50.0,30.0,631.33,601.33,3.747,3.743,0.486,3.417,0.185
aushkul,aushtau_south,field,3.0,12.0,-50.0,50.0,651.33,601.33,4.184,4.182,0.452,3.662,0.133
aushkul,aushtau_south,field,3.0,12.0,-50.0,100.0,701.33,601.33,4.414,4.414,0.338,4.074,0.059
aushkul,aushtau_south,field,3.0,12.0,-50.0,200.0,801.33,601.33,4.449,4.449,0.229,4.654,-0.039
aushkul,aushtau_south,field,3.0,12.0,-50.0,300.0,901.33,601.33,4.416,4.416,0.173,4.926,-0.083
aushkul,aushtau_south,field,3.0,12.0,-30.0,1.0,609.82,608.82,1.051,1.024,0.185,2.305,0.239
aushkul,aushtau_south,field,3.0,12.0,-30.0,1.5,610.32,608.82,1.205,1.173,0.211,2.413,0.276
aushkul,aushtau_south,field,3.0,12.0,-30.0,2.0,610.82,608.82,1.316,1.281,0.230,2.492,0.304
aushkul,aushtau_south,field,3.0,12.0,-30.0,3.0,611.82,608.82,1.478,1.438,0.257,2.610,0.343
aushkul,aushtau_south,field,3.0,12.0,-30.0,5.0,613.82,608.82,1.689,1.642,0.293,2.767,0.394
aushkul,aushtau_south,field,3.0,12.0,-30.0,10.0,618.82,608.82,2.141,2.109,0.344,2.999,0.367
aushkul,aushtau_south,field,3.0,12.0,-30.0,30.0,638.82,608.82,4.085,4.082,0.522,3.432,0.141
aushkul,aushtau_south,field,3.0,12.0,-30.0,50.0,658.82,608.82,4.307,4.305,0.430,3.678,0.127
aushkul,aushtau_south,field,3.0,12.0,-30.0,100.0,708.82,608.82,4.467,4.467,0.312,4.091,0.059
aushkul,aushtau_south,field,3.0,12.0,-30.0,200.0,808.82,608.82,4.470,4.470,0.215,4.673,-0.039
aushkul,aushtau_south,field,3.0,12.0,-30.0,300.0,908.82,608.82,4.427,4.426,0.165,4.945,-0.083
aushkul,aushtau_south,field,3.0,12.0,-20.0,1.0,613.42,612.42,1.191,1.157,0.178,2.310,0.281
aushkul,aushtau_south,field,3.0,12.0,-20.0,1.5,613.92,612.42,1.342,1.304,0.201,2.418,0.316
aushkul,aushtau_south,field,3.0,12.0,-20.0,2.0,614.42,612.42,1.455,1.414,0.217,2.498,0.343
aushkul,aushtau_south,field,3.0,12.0,-20.0,3.0,615.42,612.42,1.621,1.575,0.242,2.615,0.382
aushkul,aushtau_south,field,3.0,12.0,-20.0,5.0,617.42,612.42,1.838,1.786,0.273,2.773,0.432
aushkul,aushtau_south,field,3.0,12.0,-20.0,10.0,622.42,612.42,2.327,2.295,0.320,3.006,0.384
aushkul,aushtau_south,field,3.0,12.0,-20.0,30.0,642.42,612.42,4.171,4.168,0.481,3.440,0.154
aushkul,aushtau_south,field,3.0,12.0,-20.0,50.0,662.42,612.42,4.349,4.347,0.392,3.685,0.136
aushkul,aushtau_south,field,3.0,12.0,-20.0,100.0,712.42,612.42,4.488,4.488,0.294,4.099,0.059
aushkul,aushtau_south,field,3.0,12.0,-20.0,200.0,812.42,612.42,4.479,4.479,0.207,4.682,-0.040
aushkul,aushtau_south,field,3.0,12.0,-20.0,300.0,912.42,612.42,4.432,4.431,0.160,4.954,-0.083
aushkul,aushtau_south,field,3.0,12.0,-10.0,1.0,616.91,615.91,1.427,1.399,0.157,2.315,0.279
aushkul,aushtau_south,field,3.0,12.0,-10.0,1.5,617.41,615.91,1.588,1.557,0.174,2.423,0.310
aushkul,aushtau_south,field,3.0,12.0,-10.0,2.0,617.91,615.91,1.711,1.678,0.187,2.503,0.333
aushkul,aushtau_south,field,3.0,12.0,-10.0,3.0,618.91,615.91,1.895,1.859,0.206,2.621,0.368
aushkul,aushtau_south,field,3.0,12.0,-10.0,5.0,620.91,615.91,2.141,2.102,0.231,2.779,0.408
aushkul,aushtau_south,field,3.0,12.0,-10.0,10.0,625.91,615.91,2.667,2.641,0.271,3.012,0.369
aushkul,aushtau_south,field,3.0,12.0,-10.0,30.0,645.91,615.91,4.189,4.185,0.399,3.447,0.183
aushkul,aushtau_south,field,3.0,12.0,-10.0,50.0,665.91,615.91,4.377,4.374,0.342,3.693,0.150
aushkul,aushtau_south,field,3.0,12.0,-10.0,100.0,715.91,615.91,4.504,4.503,0.276,4.108,0.060
aushkul,aushtau_south,field,3.0,12.0,-10.0,200.0,815.91,615.91,4.487,4.486,0.199,4.691,-0.041
aushkul,aushtau_south,field,3.0,12.0,-10.0,300.0,915.91,615.91,4.436,4.435,0.156,4.963,-0.084
aushkul,aushtau_south,field,3.0,12.0,0.0,1.0,620.34,619.34,1.786,1.764,0.138,2.319,0.281
aushkul,aushtau_south,field,3.0,12.0,0.0,1.5,620.84,619.34,1.932,1.908,0.149,2.428,0.303
aushkul,aushtau_south,field,3.0,12.0,0.0,2.0,621.34,619.34,2.050,2.024,0.158,2.508,0.321
aushkul,aushtau_south,field,3.0,12.0,0.0,3.0,622.34,619.34,2.232,2.205,0.171,2.626,0.349
aushkul,aushtau_south,field,3.0,12.0,0.0,5.0,624.34,619.34,2.493,2.466,0.189,2.784,0.371
aushkul,aushtau_south,field,3.0,12.0,0.0,10.0,629.34,619.34,3.025,3.005,0.221,3.018,0.348
aushkul,aushtau_south,field,3.0,12.0,0.0,30.0,649.34,619.34,4.215,4.210,0.322,3.454,0.205
aushkul,aushtau_south,field,3.0,12.0,0.0,50.0,669.34,619.34,4.398,4.395,0.300,3.700,0.158
aushkul,aushtau_south,field,3.0,12.0,0.0,100.0,719.34,619.34,4.518,4.518,0.259,4.116,0.059
aushkul,aushtau_south,field,3.0,12.0,0.0,200.0,819.34,619.34,4.494,4.494,0.192,4.700,-0.042
aushkul,aushtau_south,field,3.0,12.0,0.0,300.0,919.34,619.34,4.440,4.439,0.151,4.972,-0.084
aushkul,aushtau_south,field,3.0,12.0,100.0,1.0,634.98,633.98,2.373,2.372,0.022,2.340,0.074
aushkul,aushtau_south,field,3.0,12.0,100.0,1.5,635.48,633.98,2.623,2.621,0.024,2.449,0.082
aushkul,aushtau_south,field,3.0,12.0,100.0,2.0,635.98,633.98,2.815,2.814,0.026,2.530,0.088
aushkul,aushtau_south,field,3.0,12.0,100.0,3.0,636.98,633.98,3.105,3.104,0.029,2.649,0.097
aushkul,aushtau_south,field,3.0,12.0,100.0,5.0,638.98,633.98,3.492,3.490,0.031,2.809,0.101
aushkul,aushtau_south,field,3.0,12.0,100.0,10.0,643.98,633.98,3.946,3.944,0.036,3.044,0.119
aushkul,aushtau_south,field,3.0,12.0,100.0,30.0,663.98,633.98,4.416,4.413,0.069,3.484,0.156
aushkul,aushtau_south,field,3.0,12.0,100.0,50.0,683.98,633.98,4.529,4.528,0.088,3.732,0.110
aushkul,aushtau_south,field,3.0,12.0,100.0,100.0,733.98,633.98,4.597,4.597,0.115,4.150,0.024
aushkul,aushtau_south,field,3.0,12.0,100.0,200.0,833.98,633.98,4.542,4.541,0.119,4.736,-0.054
aushkul,aushtau_south,field,3.0,12.0,100.0,300.0,933.98,633.98,4.471,4.471,0.109,5.009,-0.087
aushkul,aushtau_south,field,3.0,12.0,300.0,1.0,606.58,605.58,1.551,1.532,-0.035,2.300,-0.240
aushkul,aushtau_south,field,3.0,12.0,300.0,1.5,607.08,605.58,1.757,1.736,-0.040,2.408,-0.272
aushkul,aushtau_south,field,3.0,12.0,300.0,2.0,607.58,605.58,1.911,1.888,-0.043,2.487,-0.295
aushkul,aushtau_south,field,3.0,12.0,300.0,3.0,608.58,605.58,2.135,2.109,-0.048,2.605,-0.330
aushkul,aushtau_south,field,3.0,12.0,300.0,5.0,610.58,605.58,2.426,2.397,-0.055,2.761,-0.375
aushkul,aushtau_south,field,3.0,12.0,300.0,10.0,615.58,605.58,2.913,2.880,-0.064,2.993,-0.434
aushkul,aushtau_south,field,3.0,12.0,300.0,30.0,635.58,605.58,3.808,3.785,-0.110,3.426,-0.421
aushkul,aushtau_south,field,3.0,12.0,300.0,50.0,655.58,605.58,4.085,4.075,-0.133,3.671,-0.287
aushkul,aushtau_south,field,3.0,12.0,300.0,100.0,705.58,605.58,4.380,4.377,-0.104,4.083,-0.162
aushkul,aushtau_south,field,3.0,12.0,300.0,200.0,805.58,605.58,4.494,4.492,-0.022,4.665,-0.112
aushkul,aushtau_south,field,3.0,12.0,300.0,300.0,905.58,605.58,4.476,4.474,0.021,4.937,-0.108
aushkul,aushtau_south,field,10.0,12.0,-3000.0,1.0,423.18,422.18,3.743,3.696,-0.024,5.077,-0.595
aushkul,aushtau_south,field,10.0,12.0,-3000.0,1.5,423.68,422.18,4.400,4.344,-0.029,5.598,-0.699
aushkul,aushtau_south,field,10.0,12.0,-3000.0,2.0,424.18,422.18,4.857,4.795,-0.032,6.000,-0.772
aushkul,aushtau_south,field,10.0,12.0,-3000.0,3.0,425.18,422.18,5.276,5.210,-0.036,6.618,-0.832
aushkul,aushtau_south,field,10.0,12.0,-3000.0,5.0,427.18,422.18,5.824,5.752,-0.042,7.491,-0.910
aushkul,aushtau_south,field,10.0,12.0,-3000.0,10.0,432.18,422.18,6.566,6.489,-0.052,8.877,-1.004
aushkul,aushtau_south,field,10.0,12.0,-3000.0,30.0,452.18,422.18,8.150,8.065,-0.076,11.711,-1.174
aushkul,aushtau_south,field,10.0,12.0,-3000.0,50.0,472.18,422.18,9.319,9.236,-0.098,13.416,-1.243
aushkul,aushtau_south,field,10.0,12.0,-3000.0,100.0,522.18,422.18,11.572,11.524,-0.169,16.365,-1.044
aushkul,aushtau_south,field,10.0,12.0,-3000.0,200.0,622.18,422.18,14.567,14.549,-0.218,20.558,-0.708
aushkul,aushtau_south,field,10.0,12.0,-3000.0,300.0,722.18,422.18,15.967,15.957,-0.216,24.017,-0.552
aushkul,aushtau_south,field,10.0,12.0,-1000.0,1.0,416.41,415.41,3.632,3.606,0.004,5.054,-0.440
aushkul,aushtau_south,field,10.0,12.0,-1000.0,1.5,416.91,415.41,4.271,4.239,0.004,5.572,-0.517
aushkul,aushtau_south,field,10.0,12.0,-1000.0,2.0,417.41,415.41,4.724,4.689,0.005,5.973,-0.572
aushkul,aushtau_south,field,10.0,12.0,-1000.0,3.0,418.41,415.41,5.362,5.323,0.005,6.587,-0.650
aushkul,aushtau_south,field,10.0,12.0,-1000.0,5.0,420.41,415.41,6.167,6.121,0.006,7.457,-0.747
aushkul,aushtau_south,field,10.0,12.0,-1000.0,10.0,425.41,415.41,7.258,7.205,0.007,8.836,-0.879
aushkul,aushtau_south,field,10.0,12.0,-1000.0,30.0,445.41,415.41,9.020,8.955,0.016,11.659,-1.083
aushkul,aushtau_south,field,10.0,12.0,-1000.0,50.0,465.41,415.41,10.259,10.189,0.034,13.356,-1.197
aushkul,aushtau_south,field,10.0,12.0,-1000.0,100.0,515.41,415.41,12.094,12.037,0.084,16.294,-1.171
aushkul,aushtau_south,field,10.0,12.0,-1000.0,200.0,615.41,415.41,14.022,13.989,0.142,20.475,-0.963
aushkul,aushtau_south,field,10.0,12.0,-1000.0,300.0,715.41,415.41,15.230,15.209,0.175,23.925,-0.796
aushkul,aushtau_south,field,10.0,12.0,-300.0,1.0,492.29,491.29,2.116,2.101,0.407,5.316,-0.254
aushkul,aushtau_south,field,10.0,12.0,-300.0,1.5,492.79,491.29,2.473,2.455,0.475,5.861,-0.297
aushkul,aushtau_south,field,10.0,12.0,-300.0,2.0,493.29,491.29,2.728,2.708,0.523,6.282,-0.327
aushkul,aushtau_south,field,10.0,12.0,-300.0,3.0,494.29,491.29,3.089,3.066,0.592,6.928,-0.370
aushkul,aushtau_south,field,10.0,12.0,-300.0,5.0,496.29,491.29,3.545,3.520,0.678,7.842,-0.425
aushkul,aushtau_south,field,10.0,12.0,-300.0,10.0,501.29,491.29,4.316,4.284,0.811,9.292,-0.528
aushkul,aushtau_south,field,10.0,12.0,-300.0,30.0,521.29,491.29,7.464,7.429,1.390,12.251,-0.720
aushkul,aushtau_south,field,10.0,12.0,-300.0,50.0,541.29,491.29,9.193,9.172,1.688,14.026,-0.633
aushkul,aushtau_south,field,10.0,12.0,-300.0,100.0,591.29,491.29,11.690,11.680,1.797,17.086,-0.503
aushkul,aushtau_south,field,10.0,12.0,-300.0,200.0,691.29,491.29,14.379,14.372,1.512,21.409,-0.447
aushkul,aushtau_south,field,10.0,12.0,-300.0,300.0,791.29,491.29,15.831,15.825,1.158,24.955,-0.424
aushkul,aushtau_south,field,10.0,12.0,-150.0,1.0,558.08,557.08,3.595,3.594,0.601,5.543,0.078
aushkul,aushtau_south,field,10.0,12.0,-150.0,1.5,558.58,557.08,4.016,4.015,0.668,6.111,0.087
aushkul,aushtau_south,field,10.0,12.0,-150.0,2.0,559.08,557.08,4.339,4.338,0.719,6.550,0.093
aushkul,aushtau_south,field,10.0,12.0,-150.0,3.0,560.08,557.08,4.820,4.819,0.795,7.224,0.102
aushkul,aushtau_south,field,10.0,12.0,-150.0,5.0,562.08,557.08,5.461,5.460,0.896,8.177,0.115
aushkul,aushtau_south,field,10.0,12.0,-150.0,10.0,567.08,557.08,6.377,6.376,1.041,9.686,0.134
aushkul,aushtau_south,field,10.0,12.0,-150.0,30.0,587.08,557.08,9.645,9.645,1.659,12.765,0.016
aushkul,aushtau_south,field,10.0,12.0,-150.0,50.0,607.08,557.08,11.878,11.878,2.245,14.607,0.076
aushkul,aushtau_south,field,10.0,12.0,-150.0,100.0,657.08,557.08,14.060,14.060,2.197,17.772,0.026
aushkul,aushtau_south,field,10.0,12.0,-150.0,200.0,757.08,557.08,15.920,15.919,1.529,22.219,-0.213
aushkul,aushtau_south,field,10.0,12.0,-150.0,300.0,857.08,557.08,16.870,16.867,1.069,25.848,-0.303
aushkul,aushtau_south,field,10.0,12.0,-50.0,1.0,602.33,601.33,3.824,3.807,1.118,5.696,0.362
aushkul,aushtau_south,field,10.0,12.0,-50.0,1.5,602.83,601.33,4.259,4.237,1.221,6.280,0.432
aushkul,aushtau_south,field,10.0,12.0,-50.0,2.0,603.33,601.33,4.580,4.554,1.291,6.731,0.490
aushkul,aushtau_south,field,10.0,12.0,-50.0,3.0,604.33,601.33,5.081,5.048,1.400,7.423,0.580
aushkul,aushtau_south,field,10.0,12.0,-50.0,5.0,606.33,601.33,5.814,5.770,1.558,8.401,0.708
aushkul,aushtau_south,field,10.0,12.0,-50.0,10.0,611.33,601.33,7.273,7.228,1.831,9.952,0.810
aushkul,aushtau_south,field,10.0,12.0,-50.0,30.0,631.33,601.33,12.427,12.411,2.580,13.111,0.625
aushkul,aushtau_south,field,10.0,12.0,-50.0,50.0,651.33,601.33,14.203,14.195,2.396,14.997,0.464
aushkul,aushtau_south,field,10.0,12.0,-50.0,100.0,701.33,601.33,15.712,15.711,1.791,18.233,0.192
aushkul,aushtau_south,field,10.0,12.0,-50.0,200.0,801.33,601.33,16.797,16.796,1.183,22.764,-0.155
aushkul,aushtau_south,field,10.0,12.0,-50.0,300.0,901.33,601.33,17.433,17.431,0.845,26.448,-0.272
aushkul,aushtau_south,field,10.0,12.0,-30.0,1.0,609.82,608.82,3.408,3.316,0.979,5.722,0.785
aushkul,aushtau_south,field,10.0,12.0,-30.0,1.5,610.32,608.82,3.906,3.799,1.118,6.308,0.908
aushkul,aushtau_south,field,10.0,12.0,-30.0,2.0,610.82,608.82,4.269,4.150,1.218,6.761,0.998
aushkul,aushtau_south,field,10.0,12.0,-30.0,3.0,611.82,608.82,4.794,4.659,1.362,7.457,1.128
aushkul,aushtau_south,field,10.0,12.0,-30.0,5.0,613.82,608.82,5.479,5.323,1.550,8.439,1.296
aushkul,aushtau_south,field,10.0,12.0,-30.0,10.0,618.82,608.82,6.997,6.891,1.821,9.997,1.213
aushkul,aushtau_south,field,10.0,12.0,-30.0,30.0,638.82,608.82,13.618,13.609,2.766,13.169,0.494
aushkul,aushtau_south,field,10.0,12.0,-30.0,50.0,658.82,608.82,14.717,14.710,2.276,15.063,0.452
aushkul,aushtau_south,field,10.0,12.0,-30.0,100.0,708.82,608.82,15.980,15.978,1.648,18.311,0.197
aushkul,aushtau_south,field,10.0,12.0,-30.0,200.0,808.82,608.82,16.930,16.929,1.105,22.857,-0.153
aushkul,aushtau_south,field,10.0,12.0,-30.0,300.0,908.82,608.82,17.520,17.518,0.799,26.550,-0.270
aushkul,aushtau_south,field,10.0,12.0,-20.0,1.0,613.42,612.42,3.883,3.771,0.944,5.734,0.929
aushkul,aushtau_south,field,10.0,12.0,-20.0,1.5,613.92,612.42,4.375,4.248,1.061,6.322,1.045
aushkul,aushtau_south,field,10.0,12.0,-20.0,2.0,614.42,612.42,4.744,4.607,1.149,6.776,1.133
aushkul,aushtau_south,field,10.0,12.0,-20.0,3.0,615.42,612.42,5.285,5.133,1.278,7.473,1.261
aushkul,aushtau_south,field,10.0,12.0,-20.0,5.0,617.42,612.42,5.993,5.821,1.446,8.458,1.428
aushkul,aushtau_south,field,10.0,12.0,-20.0,10.0,622.42,612.42,7.646,7.538,1.692,10.018,1.276
aushkul,aushtau_south,field,10.0,12.0,-20.0,30.0,642.42,612.42,13.953,13.943,2.547,13.197,0.543
aushkul,aushtau_south,field,10.0,12.0,-20.0,50.0,662.42,612.42,14.913,14.905,2.077,15.095,0.488
aushkul,aushtau_south,field,10.0,12.0,-20.0,100.0,712.42,612.42,16.096,16.095,1.556,18.349,0.200
aushkul,aushtau_south,field,10.0,12.0,-20.0,200.0,812.42,612.42,16.990,16.990,1.062,22.901,-0.153
aushkul,aushtau_south,field,10.0,12.0,-20.0,300.0,912.42,612.42,17.561,17.559,0.774,26.599,-0.270
aushkul,aushtau_south,field,10.0,12.0,-10.0,1.0,616.91,615.91,4.682,4.590,0.828,5.746,0.926
aushkul,aushtau_south,field,10.0,12.0,-10.0,1.5,617.41,615.91,5.211,5.109,0.918,6.335,1.028
aushkul,aushtau_south,field,10.0,12.0,-10.0,2.0,617.91,615.91,5.616,5.507,0.987,6.790,1.106
aushkul,aushtau_south,field,10.0,12.0,-10.0,3.0,618.91,615.91,6.221,6.099,1.090,7.489,1.222
aushkul,aushtau_south,field,10.0,12.0,-10.0,5.0,620.91,615.91,7.031,6.899,1.224,8.475,1.356
aushkul,aushtau_south,field,10.0,12.0,-10.0,10.0,625.91,615.91,8.803,8.717,1.433,10.039,1.234
aushkul,aushtau_south,field,10.0,12.0,-10.0,30.0,645.91,615.91,14.067,14.052,2.111,13.225,0.642
aushkul,aushtau_south,field,10.0,12.0,-10.0,50.0,665.91,615.91,15.059,15.049,1.813,15.126,0.538
aushkul,aushtau_south,field,10.0,12.0,-10.0,100.0,715.91,615.91,16.190,16.188,1.458,18.385,0.203
aushkul,aushtau_south,field,10.0,12.0,-10.0,200.0,815.91,615.91,17.045,17.044,1.018,22.944,-0.154
aushkul,aushtau_south,field,10.0,12.0,-10.0,300.0,915.91,615.91,17.598,17.596,0.749,26.646,-0.269
aushkul,aushtau_south,field,10.0,12.0,0.0,1.0,620.34,619.34,5.895,5.819,0.731,5.758,0.939
aushkul,aushtau_south,field,10.0,12.0,0.0,1.5,620.84,619.34,6.376,6.295,0.788,6.348,1.013
aushkul,aushtau_south,field,10.0,12.0,0.0,2.0,621.34,619.34,6.764,6.678,0.834,6.804,1.073
aushkul,aushtau_south,field,10.0,12.0,0.0,3.0,622.34,619.34,7.367,7.274,0.905,7.504,1.167
aushkul,aushtau_south,field,10.0,12.0,0.0,5.0,624.34,619.34,8.232,8.138,1.000,8.493,1.241
aushkul,aushtau_south,field,10.0,12.0,0.0,10.0,629.34,619.34,10.023,9.954,1.168,10.060,1.171
aushkul,aushtau_south,field,10.0,12.0,0.0,30.0,649.34,619.34,14.208,14.190,1.707,13.251,0.720
aushkul,aushtau_south,field,10.0,12.0,0.0,50.0,669.34,619.34,15.181,15.170,1.590,15.156,0.570
aushkul,aushtau_south,field,10.0,12.0,0.0,100.0,719.34,619.34,16.278,16.277,1.364,18.421,0.205
aushkul,aushtau_south,field,10.0,12.0,0.0,200.0,819.34,619.34,17.098,17.097,0.976,22.986,-0.155
aushkul,aushtau_south,field,10.0,12.0,0.0,300.0,919.34,619.34,17.634,17.632,0.724,26.693,-0.269
aushkul,aushtau_south,field,10.0,12.0,100.0,1.0,634.98,633.98,7.848,7.843,0.106,5.808,0.265
aushkul,aushtau_south,field,10.0,12.0,100.0,1.5,635.48,633.98,8.674,8.669,0.118,6.404,0.293
aushkul,aushtau_south,field,10.0,12.0,100.0,2.0,635.98,633.98,9.312,9.306,0.127,6.864,0.314
aushkul,aushtau_south,field,10.0,12.0,100.0,3.0,636.98,633.98,10.270,10.264,0.140,7.570,0.347
aushkul,aushtau_south,field,10.0,12.0,100.0,5.0,638.98,633.98,11.550,11.544,0.149,8.567,0.364
aushkul,aushtau_south,field,10.0,12.0,100.0,10.0,643.98,633.98,13.101,13.094,0.176,10.148,0.430
aushkul,aushtau_south,field,10.0,12.0,100.0,30.0,663.98,633.98,15.134,15.123,0.336,13.366,0.574
aushkul,aushtau_south,field,10.0,12.0,100.0,50.0,683.98,633.98,15.892,15.886,0.442,15.286,0.430
aushkul,aushtau_south,field,10.0,12.0,100.0,100.0,733.98,633.98,16.764,16.763,0.586,18.573,0.117
aushkul,aushtau_south,field,10.0,12.0,100.0,200.0,833.98,633.98,17.404,17.403,0.584,23.166,-0.176
aushkul,aushtau_south,field,10.0,12.0,100.0,300.0,933.98,633.98,17.849,17.846,0.501,26.891,-0.271
aushkul,aushtau_south,field,10.0,12.0,300.0,1.0,606.58,605.58,4.930,4.860,-0.191,5.710,-0.829
aushkul,aushtau_south,field,10.0,12.0,300.0,1.5,607.08,605.58,5.588,5.508,-0.217,6.296,-0.940
aushkul,aushtau_south,field,10.0,12.0,300.0,2.0,607.58,605.58,6.077,5.990,-0.236,6.748,-1.022
aushkul,aushtau_south,field,10.0,12.0,300.0,3.0,608.58,605.58,6.789,6.692,-0.265,7.442,-1.142
aushkul,aushtau_south,field,10.0,12.0,300.0,5.0,610.58,605.58,7.714,7.604,-0.301,8.423,-1.298
aushkul,aushtau_south,field,10.0,12.0,300.0,10.0,615.58,605.58,9.285,9.161,-0.352,9.977,-1.511
aushkul,aushtau_south,field,10.0,12.0,300.0,30.0,635.58,605.58,12.517,12.424,-0.611,13.144,-1.528
aushkul,aushtau_south,field,10.0,12.0,300.0,50.0,655.58,605.58,14.022,13.989,-0.752,15.035,-0.956
aushkul,aushtau_south,field,10.0,12.0,300.0,100.0,705.58,605.58,15.918,15.912,-0.605,18.277,-0.458
aushkul,aushtau_south,field,10.0,12.0,300.0,200.0,805.58,605.58,17.166,17.163,-0.174,22.817,-0.339
aushkul,aushtau_south,field,10.0,12.0,300.0,300.0,905.58,605.58,17.749,17.746,0.037,26.506,-0.330
aushkul,ridge_west,field,3.0,12.0,-3000.0,1.0,437.29,436.29,1.096,1.093,-0.008,2.200,0.087
aushkul,ridge_west,field,3.0,12.0,-3000.0,1.5,437.79,436.29,1.291,1.287,-0.010,2.303,0.102
aushkul,ridge_west,field,3.0,12.0,-3000.0,2.0,438.29,436.29,1.429,1.425,-0.011,2.379,0.113
aushkul,ridge_west,field,3.0,12.0,-3000.0,3.0,439.29,436.29,1.624,1.619,-0.012,2.492,0.129
aushkul,ridge_west,field,3.0,12.0,-3000.0,5.0,441.29,436.29,1.869,1.863,-0.014,2.642,0.148
aushkul,ridge_west,field,3.0,12.0,-3000.0,10.0,446.29,436.29,2.201,2.194,-0.017,2.864,0.175
aushkul,ridge_west,field,3.0,12.0,-3000.0,30.0,466.29,436.29,2.722,2.714,-0.021,3.279,0.215
aushkul,ridge_west,field,3.0,12.0,-3000.0,50.0,486.29,436.29,2.907,2.899,-0.027,3.516,0.210
aushkul,ridge_west,field,3.0,12.0,-3000.0,100.0,536.29,436.29,3.286,3.281,-0.045,3.916,0.180
aushkul,ridge_west,field,3.0,12.0,-3000.0,200.0,636.29,436.29,3.748,3.746,-0.064,4.484,0.133
aushkul,ridge_west,field,3.0,12.0,-3000.0,300.0,736.29,436.29,3.980,3.978,-0.074,4.755,0.097
aushkul,ridge_west,field,3.0,12.0,-1000.0,1.0,469.97,468.97,1.581,1.580,0.067,2.246,0.063
aushkul,ridge_west,field,3.0,12.0,-1000.0,1.5,470.47,468.97,1.807,1.806,0.069,2.351,0.074
aushkul,ridge_west,field,3.0,12.0,-1000.0,2.0,470.97,468.97,1.973,1.971,0.071,2.429,0.082
aushkul,ridge_west,field,3.0,12.0,-1000.0,3.0,471.97,468.97,2.215,2.213,0.074,2.543,0.094
aushkul,ridge_west,field,3.0,12.0,-1000.0,5.0,473.97,468.97,2.539,2.537,0.078,2.696,0.111
aushkul,ridge_west,field,3.0,12.0,-1000.0,10.0,478.97,468.97,3.033,3.030,0.088,2.923,0.140
aushkul,ridge_west,field,3.0,12.0,-1000.0,30.0,498.97,468.97,3.762,3.758,0.107,3.346,0.184
aushkul,ridge_west,field,3.0,12.0,-1000.0,50.0,518.97,468.97,3.910,3.907,0.094,3.586,0.174
aushkul,ridge_west,field,3.0,12.0,-1000.0,100.0,568.97,468.97,4.057,4.055,0.064,3.992,0.134
aushkul,ridge_west,field,3.0,12.0,-1000.0,200.0,668.97,468.97,4.167,4.166,0.019,4.566,0.091
aushkul,ridge_west,field,3.0,12.0,-1000.0,300.0,768.97,468.97,4.234,4.233,-0.007,4.838,0.065
aushkul,ridge_west,field,3.0,12.0,-300.0,1.0,481.69,480.69,1.935,1.928,0.018,2.262,-0.161
aushkul,ridge_west,field,3.0,12.0,-300.0,1.5,482.19,480.69,2.170,2.162,0.020,2.368,-0.180
aushkul,ridge_west,field,3.0,12.0,-300.0,2.0,482.69,480.69,2.347,2.339,0.022,2.446,-0.195
aushkul,ridge_west,field,3.0,12.0,-300.0,3.0,483.69,480.69,2.609,2.600,0.024,2.561,-0.217
aushkul,ridge_west,field,3.0,12.0,-300.0,5.0,485.69,480.69,2.955,2.944,0.027,2.715,-0.246
aushkul,ridge_west,field,3.0,12.0,-300.0,10.0,490.69,480.69,3.286,3.277,0.033,2.944,-0.248
aushkul,ridge_west,field,3.0,12.0,-300.0,30.0,510.69,480.69,3.601,3.598,0.062,3.370,-0.139
aushkul,ridge_west,field,3.0,12.0,-300.0,50.0,530.69,480.69,3.767,3.767,0.068,3.611,-0.077
aushkul,ridge_west,field,3.0,12.0,-300.0,100.0,580.69,480.69,3.990,3.990,0.055,4.019,-0.003
aushkul,ridge_west,field,3.0,12.0,-300.0,200.0,680.69,480.69,4.178,4.178,0.019,4.596,0.024
aushkul,ridge_west,field,3.0,12.0,-300.0,300.0,780.69,480.69,4.270,4.270,-0.007,4.867,0.021
aushkul,ridge_west,field,3.0,12.0,-150.0,1.0,485.71,484.71,0.152,0.152,0.017,2.268,-0.007
aushkul,ridge_west,field,3.0,12.0,-150.0,1.5,486.21,484.71,1.125,1.125,0.125,2.374,-0.041
aushkul,ridge_west,field,3.0,12.0,-150.0,2.0,486.71,484.71,1.380,1.379,0.138,2.452,-0.048
aushkul,ridge_west,field,3.0,12.0,-150.0,3.0,487.71,484.71,1.668,1.667,0.153,2.568,-0.054
aushkul,ridge_west,field,3.0,12.0,-150.0,5.0,489.71,484.71,1.851,1.850,0.167,2.722,-0.056
aushkul,ridge_west,field,3.0,12.0,-150.0,10.0,494.71,484.71,2.171,2.170,0.192,2.951,-0.032
aushkul,ridge_west,field,3.0,12.0,-150.0,30.0,514.71,484.71,3.258,3.255,0.271,3.378,0.123
aushkul,ridge_west,field,3.0,12.0,-150.0,50.0,534.71,484.71,3.565,3.563,0.213,3.620,0.121
aushkul,ridge_west,field,3.0,12.0,-150.0,100.0,584.71,484.71,3.945,3.944,0.126,4.029,0.092
aushkul,ridge_west,field,3.0,12.0,-150.0,200.0,684.71,484.71,4.198,4.197,0.039,4.606,0.053
aushkul,ridge_west,field,3.0,12.0,-150.0,300.0,784.71,484.71,4.288,4.288,-0.002,4.878,0.032
aushkul,ridge_west,field,3.0,12.0,-50.0,1.0,506.34,505.34,1.095,1.093,0.111,2.296,0.066
aushkul,ridge_west,field,3.0,12.0,-50.0,1.5,506.84,505.34,1.281,1.279,0.131,2.404,0.077
aushkul,ridge_west,field,3.0,12.0,-50.0,2.0,507.34,505.34,1.413,1.410,0.145,2.483,0.085
aushkul,ridge_west,field,3.0,12.0,-50.0,3.0,508.34,505.34,1.598,1.595,0.165,2.600,0.096
aushkul,ridge_west,field,3.0,12.0,-50.0,5.0,510.34,505.34,1.829,1.826,0.181,2.757,0.103
aushkul,ridge_west,field,3.0,12.0,-50.0,10.0,515.34,505.34,2.253,2.250,0.205,2.988,0.119
aushkul,ridge_west,field,3.0,12.0,-50.0,30.0,535.34,505.34,3.526,3.523,0.309,3.420,0.157
aushkul,ridge_west,field,3.0,12.0,-50.0,50.0,555.34,505.34,3.836,3.833,0.264,3.665,0.145
aushkul,ridge_west,field,3.0,12.0,-50.0,100.0,605.34,505.34,4.124,4.122,0.141,4.077,0.107
aushkul,ridge_west,field,3.0,12.0,-50.0,200.0,705.34,505.34,4.261,4.261,0.030,4.658,0.060
aushkul,ridge_west,field,3.0,12.0,-50.0,300.0,805.34,505.34,4.317,4.317,-0.011,4.930,0.036
aushkul,ridge_west,field,3.0,12.0,-30.0,1.0,513.39,512.39,1.064,1.061,0.206,2.306,0.073
aushkul,ridge_west,field,3.0,12.0,-30.0,1.5,513.89,512.39,1.163,1.160,0.226,2.414,0.079
aushkul,ridge_west,field,3.0,12.0,-30.0,2.0,514.39,512.39,1.241,1.238,0.241,2.494,0.085
aushkul,ridge_west,field,3.0,12.0,-30.0,3.0,515.39,512.39,1.352,1.350,0.254,2.611,0.084
aushkul,ridge_west,field,3.0,12.0,-30.0,5.0,517.39,512.39,1.545,1.542,0.274,2.768,0.085
aushkul,ridge_west,field,3.0,12.0,-30.0,10.0,522.39,512.39,2.060,2.057,0.308,3.001,0.103
aushkul,ridge_west,field,3.0,12.0,-30.0,30.0,542.39,512.39,3.770,3.766,0.408,3.434,0.157
aushkul,ridge_west,field,3.0,12.0,-30.0,50.0,562.39,512.39,3.988,3.986,0.282,3.680,0.141
aushkul,ridge_west,field,3.0,12.0,-30.0,100.0,612.39,512.39,4.179,4.178,0.128,4.093,0.104
aushkul,ridge_west,field,3.0,12.0,-30.0,200.0,712.39,512.39,4.275,4.275,0.023,4.675,0.060
aushkul,ridge_west,field,3.0,12.0,-30.0,300.0,812.39,512.39,4.323,4.323,-0.014,4.948,0.036
aushkul,ridge_west,field,3.0,12.0,-20.0,1.0,516.73,515.73,1.118,1.116,0.208,2.311,0.070
aushkul,ridge_west,field,3.0,12.0,-20.0,1.5,517.23,515.73,1.222,1.219,0.226,2.419,0.077
aushkul,ridge_west,field,3.0,12.0,-20.0,2.0,517.73,515.73,1.301,1.298,0.239,2.499,0.080
aushkul,ridge_west,field,3.0,12.0,-20.0,3.0,518.73,515.73,1.422,1.420,0.252,2.616,0.079
aushkul,ridge_west,field,3.0,12.0,-20.0,5.0,520.73,515.73,1.638,1.636,0.271,2.774,0.082
aushkul,ridge_west,field,3.0,12.0,-20.0,10.0,525.73,515.73,2.195,2.192,0.306,3.007,0.100
aushkul,ridge_west,field,3.0,12.0,-20.0,30.0,545.73,515.73,3.847,3.844,0.386,3.441,0.152
aushkul,ridge_west,field,3.0,12.0,-20.0,50.0,565.73,515.73,4.043,4.041,0.258,3.687,0.137
aushkul,ridge_west,field,3.0,12.0,-20.0,100.0,615.73,515.73,4.198,4.197,0.116,4.101,0.102
aushkul,ridge_west,field,3.0,12.0,-20.0,200.0,715.73,515.73,4.281,4.280,0.019,4.684,0.060
aushkul,ridge_west,field,3.0,12.0,-20.0,300.0,815.73,515.73,4.326,4.325,-0.015,4.956,0.036
aushkul,ridge_west,field,3.0,12.0,-10.0,1.0,519.84,518.84,1.425,1.423,0.176,2.315,0.073
aushkul,ridge_west,field,3.0,12.0,-10.0,1.5,520.34,518.84,1.537,1.535,0.188,2.423,0.078
aushkul,ridge_west,field,3.0,12.0,-10.0,2.0,520.84,518.84,1.623,1.621,0.195,2.503,0.079
aushkul,ridge_west,field,3.0,12.0,-10.0,3.0,521.84,518.84,1.768,1.767,0.205,2.621,0.080
aushkul,ridge_west,field,3.0,12.0,-10.0,5.0,523.84,518.84,2.020,2.018,0.220,2.779,0.086
aushkul,ridge_west,field,3.0,12.0,-10.0,10.0,528.84,518.84,2.578,2.576,0.249,3.012,0.105
aushkul,ridge_west,field,3.0,12.0,-10.0,30.0,548.84,518.84,3.907,3.904,0.305,3.448,0.145
aushkul,ridge_west,field,3.0,12.0,-10.0,50.0,568.84,518.84,4.078,4.075,0.211,3.694,0.132
aushkul,ridge_west,field,3.0,12.0,-10.0,100.0,618.84,518.84,4.212,4.211,0.100,4.108,0.100
aushkul,ridge_west,field,3.0,12.0,-10.0,200.0,718.84,518.84,4.285,4.285,0.015,4.692,0.059
aushkul,ridge_west,field,3.0,12.0,-10.0,300.0,818.84,518.84,4.328,4.328,-0.017,4.964,0.036
aushkul,ridge_west,field,3.0,12.0,0.0,1.0,522.97,521.97,1.865,1.864,0.144,2.319,0.079
aushkul,ridge_west,field,3.0,12.0,0.0,1.5,523.47,521.97,1.964,1.962,0.148,2.428,0.080
aushkul,ridge_west,field,3.0,12.0,0.0,2.0,523.97,521.97,2.050,2.049,0.152,2.508,0.082
aushkul,ridge_west,field,3.0,12.0,0.0,3.0,524.97,521.97,2.198,2.196,0.159,2.626,0.085
aushkul,ridge_west,field,3.0,12.0,0.0,5.0,526.97,521.97,2.464,2.462,0.169,2.784,0.094
aushkul,ridge_west,field,3.0,12.0,0.0,10.0,531.97,521.97,2.992,2.990,0.192,3.018,0.112
aushkul,ridge_west,field,3.0,12.0,0.0,30.0,551.97,521.97,3.968,3.965,0.228,3.454,0.138
aushkul,ridge_west,field,3.0,12.0,0.0,50.0,571.97,521.97,4.111,4.109,0.167,3.700,0.127
aushkul,ridge_west,field,3.0,12.0,0.0,100.0,621.97,521.97,4.225,4.224,0.084,4.116,0.098
aushkul,ridge_west,field,3.0,12.0,0.0,200.0,721.97,521.97,4.290,4.289,0.011,4.700,0.059
aushkul,ridge_west,field,3.0,12.0,0.0,300.0,821.97,521.97,4.330,4.330,-0.018,4.972,0.036
aushkul,ridge_west,field,3.0,12.0,100.0,1.0,522.06,521.06,1.927,1.926,-0.002,2.318,0.059
aushkul,ridge_west,field,3.0,12.0,100.0,1.5,522.56,521.06,2.160,2.159,-0.002,2.427,0.067
aushkul,ridge_west,field,3.0,12.0,100.0,2.0,523.06,521.06,2.338,2.336,-0.002,2.507,0.072
aushkul,ridge_west,field,3.0,12.0,100.0,3.0,524.06,521.06,2.601,2.600,-0.002,2.625,0.080
aushkul,ridge_west,field,3.0,12.0,100.0,5.0,526.06,521.06,2.949,2.948,-0.003,2.783,0.091
aushkul,ridge_west,field,3.0,12.0,100.0,10.0,531.06,521.06,3.441,3.440,-0.003,3.016,0.106
aushkul,ridge_west,field,3.0,12.0,100.0,30.0,551.06,521.06,3.912,3.910,-0.005,3.452,0.115
aushkul,ridge_west,field,3.0,12.0,100.0,50.0,571.06,521.06,4.079,4.077,-0.006,3.698,0.110
aushkul,ridge_west,field,3.0,12.0,100.0,100.0,621.06,521.06,4.225,4.224,-0.004,4.113,0.093
aushkul,ridge_west,field,3.0,12.0,100.0,200.0,721.06,521.06,4.297,4.296,-0.016,4.697,0.064
aushkul,ridge_west,field,3.0,12.0,100.0,300.0,821.06,521.06,4.333,4.333,-0.029,4.970,0.042
aushkul,ridge_west,field,3.0,12.0,300.0,1.0,488.33,487.33,0.622,0.622,-0.026,2.271,0.006
aushkul,ridge_west,field,3.0,12.0,300.0,1.5,488.83,487.33,0.764,0.764,-0.032,2.378,0.007
aushkul,ridge_west,field,3.0,12.0,300.0,2.0,489.33,487.33,0.861,0.860,-0.036,2.456,0.007
aushkul,ridge_west,field,3.0,12.0,300.0,3.0,490.33,487.33,1.000,1.000,-0.040,2.572,0.004
aushkul,ridge_west,field,3.0,12.0,300.0,5.0,492.33,487.33,1.205,1.205,-0.044,2.727,-0.006
aushkul,ridge_west,field,3.0,12.0,300.0,10.0,497.33,487.33,1.557,1.557,-0.053,2.956,-0.025
aushkul,ridge_west,field,3.0,12.0,300.0,30.0,517.33,487.33,2.544,2.543,-0.078,3.383,-0.049
aushkul,ridge_west,field,3.0,12.0,300.0,50.0,537.33,487.33,3.312,3.312,-0.093,3.626,0.035
aushkul,ridge_west,field,3.0,12.0,300.0,100.0,587.33,487.33,3.921,3.920,-0.069,4.035,0.088
aushkul,ridge_west,field,3.0,12.0,300.0,200.0,687.33,487.33,4.200,4.200,-0.046,4.612,0.084
aushkul,ridge_west,field,3.0,12.0,300.0,300.0,787.33,487.33,4.292,4.291,-0.041,4.884,0.063
aushkul,ridge_west,field,10.0,12.0,-3000.0,1.0,437.29,436.29,2.684,2.602,-0.046,5.462,0.657
aushkul,ridge_west,field,10.0,12.0,-3000.0,1.5,437.79,436.29,3.227,3.133,-0.055,6.022,0.774
aushkul,ridge_west,field,10.0,12.0,-3000.0,2.0,438.29,436.29,3.615,3.512,-0.061,6.455,0.856
aushkul,ridge_west,field,10.0,12.0,-3000.0,3.0,439.29,436.29,4.165,4.049,-0.069,7.119,0.973
aushkul,ridge_west,field,10.0,12.0,-3000.0,5.0,441.29,436.29,4.867,4.736,-0.079,8.058,1.120
aushkul,ridge_west,field,10.0,12.0,-3000.0,10.0,446.29,436.29,5.840,5.689,-0.093,9.546,1.319
aushkul,ridge_west,field,10.0,12.0,-3000.0,30.0,466.29,436.29,7.417,7.237,-0.116,12.582,1.625
aushkul,ridge_west,field,10.0,12.0,-3000.0,50.0,486.29,436.29,8.423,8.269,-0.152,14.400,1.603
aushkul,ridge_west,field,10.0,12.0,-3000.0,100.0,536.29,436.29,10.956,10.863,-0.261,17.527,1.425
aushkul,ridge_west,field,10.0,12.0,-3000.0,200.0,636.29,436.29,14.575,14.532,-0.397,21.931,1.112
aushkul,ridge_west,field,10.0,12.0,-3000.0,300.0,736.29,436.29,16.968,16.946,-0.474,25.530,0.859
aushkul,ridge_west,field,10.0,12.0,-1000.0,1.0,469.97,468.97,4.865,4.850,0.346,5.575,0.386
aushkul,ridge_west,field,10.0,12.0,-1000.0,1.5,470.47,468.97,5.570,5.552,0.358,6.147,0.450
aushkul,ridge_west,field,10.0,12.0,-1000.0,2.0,470.97,468.97,6.087,6.067,0.367,6.588,0.497
aushkul,ridge_west,field,10.0,12.0,-1000.0,3.0,471.97,468.97,6.844,6.821,0.382,7.266,0.567
aushkul,ridge_west,field,10.0,12.0,-1000.0,5.0,473.97,468.97,7.859,7.831,0.407,8.224,0.663
aushkul,ridge_west,field,10.0,12.0,-1000.0,10.0,478.97,468.97,9.408,9.372,0.457,9.742,0.817
aushkul,ridge_west,field,10.0,12.0,-1000.0,30.0,498.97,468.97,12.031,11.981,0.555,12.837,1.094
aushkul,ridge_west,field,10.0,12.0,-1000.0,50.0,518.97,468.97,13.119,13.068,0.491,14.688,1.148
aushkul,ridge_west,field,10.0,12.0,-1000.0,100.0,568.97,468.97,14.808,14.770,0.336,17.868,1.060
aushkul,ridge_west,field,10.0,12.0,-1000.0,200.0,668.97,468.97,16.871,16.850,0.106,22.333,0.834
aushkul,ridge_west,field,10.0,12.0,-1000.0,300.0,768.97,468.97,18.479,18.467,-0.026,25.973,0.658
aushkul,ridge_west,field,10.0,12.0,-300.0,1.0,481.69,480.69,5.701,5.686,0.091,5.615,-0.406
aushkul,ridge_west,field,10.0,12.0,-300.0,1.5,482.19,480.69,6.392,6.376,0.102,6.191,-0.455
aushkul,ridge_west,field,10.0,12.0,-300.0,2.0,482.69,480.69,6.915,6.897,0.110,6.636,-0.493
aushkul,ridge_west,field,10.0,12.0,-300.0,3.0,483.69,480.69,7.688,7.668,0.123,7.318,-0.549
aushkul,ridge_west,field,10.0,12.0,-300.0,5.0,485.69,480.69,8.705,8.682,0.139,8.283,-0.622
aushkul,ridge_west,field,10.0,12.0,-300.0,10.0,490.69,480.69,9.758,9.739,0.167,9.812,-0.604
aushkul,ridge_west,field,10.0,12.0,-300.0,30.0,510.69,480.69,11.610,11.609,0.317,12.929,-0.118
aushkul,ridge_west,field,10.0,12.0,-300.0,50.0,530.69,480.69,12.852,12.851,0.356,14.792,0.169
aushkul,ridge_west,field,10.0,12.0,-300.0,100.0,580.69,480.69,14.855,14.847,0.306,17.990,0.493
aushkul,ridge_west,field,10.0,12.0,-300.0,200.0,680.69,480.69,17.177,17.168,0.126,22.478,0.556
aushkul,ridge_west,field,10.0,12.0,-300.0,300.0,780.69,480.69,18.789,18.783,-0.003,26.132,0.478
aushkul,ridge_west,field,10.0,12.0,-150.0,1.0,485.71,484.71,0.423,0.422,0.084,5.629,-0.012
aushkul,ridge_west,field,10.0,12.0,-150.0,1.5,486.21,484.71,3.311,3.311,0.626,6.206,-0.054
aushkul,ridge_west,field,10.0,12.0,-150.0,2.0,486.71,484.71,4.063,4.063,0.691,6.652,-0.061
aushkul,ridge_west,field,10.0,12.0,-150.0,3.0,487.71,484.71,4.920,4.920,0.766,7.336,-0.061
aushkul,ridge_west,field,10.0,12.0,-150.0,5.0,489.71,484.71,5.501,5.500,0.834,8.304,-0.043
aushkul,ridge_west,field,10.0,12.0,-150.0,10.0,494.71,484.71,6.577,6.576,0.957,9.836,0.081
aushkul,ridge_west,field,10.0,12.0,-150.0,30.0,514.71,484.71,10.532,10.506,1.356,12.960,0.738
aushkul,ridge_west,field,10.0,12.0,-150.0,50.0,534.71,484.71,12.199,12.172,1.079,14.827,0.801
aushkul,ridge_west,field,10.0,12.0,-150.0,100.0,584.71,484.71,14.761,14.741,0.670,18.032,0.786
aushkul,ridge_west,field,10.0,12.0,-150.0,200.0,684.71,484.71,17.308,17.296,0.233,22.527,0.643
aushkul,ridge_west,field,10.0,12.0,-150.0,300.0,784.71,484.71,18.906,18.899,0.022,26.187,0.512
aushkul,ridge_west,field,10.0,12.0,-50.0,1.0,506.34,505.34,3.508,3.486,0.598,5.700,0.393
aushkul,ridge_west,field,10.0,12.0,-50.0,1.5,506.84,505.34,4.105,4.079,0.705,6.285,0.461
aushkul,ridge_west,field,10.0,12.0,-50.0,2.0,507.34,505.34,4.527,4.499,0.781,6.736,0.509
aushkul,ridge_west,field,10.0,12.0,-50.0,3.0,508.34,505.34,5.121,5.088,0.886,7.429,0.576
aushkul,ridge_west,field,10.0,12.0,-50.0,5.0,510.34,505.34,5.873,5.840,0.973,8.408,0.623
aushkul,ridge_west,field,10.0,12.0,-50.0,10.0,515.34,505.34,7.287,7.253,1.101,9.960,0.708
aushkul,ridge_west,field,10.0,12.0,-50.0,30.0,535.34,505.34,11.854,11.819,1.656,13.121,0.904
aushkul,ridge_west,field,10.0,12.0,-50.0,50.0,555.34,505.34,13.485,13.453,1.413,15.009,0.920
aushkul,ridge_west,field,10.0,12.0,-50.0,100.0,605.34,505.34,15.714,15.691,0.760,18.247,0.849
aushkul,ridge_west,field,10.0,12.0,-50.0,200.0,705.34,505.34,17.806,17.794,0.182,22.781,0.658
aushkul,ridge_west,field,10.0,12.0,-50.0,300.0,805.34,505.34,19.252,19.246,-0.022,26.467,0.513
aushkul,ridge_west,field,10.0,12.0,-30.0,1.0,513.39,512.39,3.415,3.382,1.115,5.725,0.476
aushkul,ridge_west,field,10.0,12.0,-30.0,1.5,513.89,512.39,3.736,3.699,1.220,6.312,0.521
aushkul,ridge_west,field,10.0,12.0,-30.0,2.0,514.39,512.39,3.988,3.949,1.302,6.765,0.556
aushkul,ridge_west,field,10.0,12.0,-30.0,3.0,515.39,512.39,4.358,4.321,1.375,7.461,0.567
aushkul,ridge_west,field,10.0,12.0,-30.0,5.0,517.39,512.39,5.004,4.969,1.481,8.444,0.588
aushkul,ridge_west,field,10.0,12.0,-30.0,10.0,522.39,512.39,6.777,6.744,1.662,10.003,0.667
aushkul,ridge_west,field,10.0,12.0,-30.0,30.0,542.39,512.39,12.819,12.786,2.197,13.176,0.914
aushkul,ridge_west,field,10.0,12.0,-30.0,50.0,562.39,512.39,14.167,14.137,1.514,15.072,0.921
aushkul,ridge_west,field,10.0,12.0,-30.0,100.0,612.39,512.39,16.039,16.017,0.691,18.321,0.844
aushkul,ridge_west,field,10.0,12.0,-30.0,200.0,712.39,512.39,17.950,17.939,0.145,22.868,0.653
aushkul,ridge_west,field,10.0,12.0,-30.0,300.0,812.39,512.39,19.358,19.352,-0.039,26.563,0.509
aushkul,ridge_west,field,10.0,12.0,-20.0,1.0,516.73,515.73,3.622,3.591,1.123,5.736,0.475
aushkul,ridge_west,field,10.0,12.0,-20.0,1.5,517.23,515.73,3.960,3.926,1.226,6.324,0.518
aushkul,ridge_west,field,10.0,12.0,-20.0,2.0,517.73,515.73,4.218,4.183,1.293,6.779,0.543
aushkul,ridge_west,field,10.0,12.0,-20.0,3.0,518.73,515.73,4.625,4.591,1.366,7.476,0.555
aushkul,ridge_west,field,10.0,12.0,-20.0,5.0,520.73,515.73,5.356,5.324,1.467,8.461,0.580
aushkul,ridge_west,field,10.0,12.0,-20.0,10.0,525.73,515.73,7.278,7.248,1.654,10.023,0.664
aushkul,ridge_west,field,10.0,12.0,-20.0,30.0,545.73,515.73,13.153,13.122,2.081,13.202,0.906
aushkul,ridge_west,field,10.0,12.0,-20.0,50.0,565.73,515.73,14.429,14.400,1.387,15.101,0.916
aushkul,ridge_west,field,10.0,12.0,-20.0,100.0,615.73,515.73,16.162,16.141,0.629,18.356,0.839
aushkul,ridge_west,field,10.0,12.0,-20.0,200.0,715.73,515.73,18.013,18.001,0.126,22.909,0.650
aushkul,ridge_west,field,10.0,12.0,-20.0,300.0,815.73,515.73,19.406,19.400,-0.047,26.608,0.507
aushkul,ridge_west,field,10.0,12.0,-10.0,1.0,519.84,518.84,4.673,4.647,0.952,5.747,0.491
aushkul,ridge_west,field,10.0,12.0,-10.0,1.5,520.34,518.84,5.042,5.015,1.021,6.336,0.527
aushkul,ridge_west,field,10.0,12.0,-10.0,2.0,520.84,518.84,5.333,5.305,1.055,6.791,0.539
aushkul,ridge_west,field,10.0,12.0,-10.0,3.0,521.84,518.84,5.818,5.791,1.112,7.490,0.559
aushkul,ridge_west,field,10.0,12.0,-10.0,5.0,523.84,518.84,6.673,6.646,1.190,8.477,0.598
aushkul,ridge_west,field,10.0,12.0,-10.0,10.0,528.84,518.84,8.591,8.563,1.346,10.041,0.689
aushkul,ridge_west,field,10.0,12.0,-10.0,30.0,548.84,518.84,13.433,13.404,1.646,13.227,0.892
aushkul,ridge_west,field,10.0,12.0,-10.0,50.0,568.84,518.84,14.619,14.591,1.137,15.129,0.904
aushkul,ridge_west,field,10.0,12.0,-10.0,100.0,618.84,518.84,16.265,16.243,0.542,18.388,0.832
aushkul,ridge_west,field,10.0,12.0,-10.0,200.0,718.84,518.84,18.069,18.058,0.105,22.948,0.648
aushkul,ridge_west,field,10.0,12.0,-10.0,300.0,818.84,518.84,19.451,19.444,-0.055,26.650,0.506
aushkul,ridge_west,field,10.0,12.0,0.0,1.0,522.97,521.97,6.178,6.155,0.779,5.758,0.529
aushkul,ridge_west,field,10.0,12.0,0.0,1.5,523.47,521.97,6.509,6.486,0.804,6.348,0.545
aushkul,ridge_west,field,10.0,12.0,0.0,2.0,523.97,521.97,6.798,6.775,0.827,6.804,0.559
aushkul,ridge_west,field,10.0,12.0,0.0,3.0,524.97,521.97,7.294,7.271,0.865,7.504,0.583
aushkul,ridge_west,field,10.0,12.0,0.0,5.0,526.97,521.97,8.200,8.176,0.916,8.493,0.631
aushkul,ridge_west,field,10.0,12.0,0.0,10.0,531.97,521.97,10.004,9.978,1.037,10.060,0.723
aushkul,ridge_west,field,10.0,12.0,0.0,30.0,551.97,521.97,13.726,13.698,1.235,13.251,0.881
aushkul,ridge_west,field,10.0,12.0,0.0,50.0,571.97,521.97,14.813,14.786,0.901,15.156,0.893
aushkul,ridge_west,field,10.0,12.0,0.0,100.0,621.97,521.97,16.367,16.346,0.460,18.421,0.826
aushkul,ridge_west,field,10.0,12.0,0.0,200.0,721.97,521.97,18.126,18.114,0.084,22.986,0.645
aushkul,ridge_west,field,10.0,12.0,0.0,300.0,821.97,521.97,19.495,19.489,-0.063,26.693,0.504
aushkul,ridge_west,field,10.0,12.0,100.0,1.0,522.06,521.06,6.416,6.404,-0.007,5.755,0.398
aushkul,ridge_west,field,10.0,12.0,100.0,1.5,522.56,521.06,7.194,7.180,-0.008,6.345,0.446
aushkul,ridge_west,field,10.0,12.0,100.0,2.0,523.06,521.06,7.785,7.770,-0.008,6.800,0.482
aushkul,ridge_west,field,10.0,12.0,100.0,3.0,524.06,521.06,8.663,8.646,-0.009,7.500,0.537
aushkul,ridge_west,field,10.0,12.0,100.0,5.0,526.06,521.06,9.823,9.804,-0.010,8.488,0.609
aushkul,ridge_west,field,10.0,12.0,100.0,10.0,531.06,521.06,11.461,11.439,-0.012,10.055,0.710
aushkul,ridge_west,field,10.0,12.0,100.0,30.0,551.06,521.06,13.530,13.506,-0.017,13.244,0.815
aushkul,ridge_west,field,10.0,12.0,100.0,50.0,571.06,521.06,14.733,14.709,-0.022,15.148,0.847
aushkul,ridge_west,field,10.0,12.0,100.0,100.0,621.06,521.06,16.386,16.365,-0.015,18.411,0.818
aushkul,ridge_west,field,10.0,12.0,100.0,200.0,721.06,521.06,18.157,18.144,-0.066,22.975,0.667
aushkul,ridge_west,field,10.0,12.0,100.0,300.0,821.06,521.06,19.502,19.495,-0.122,26.680,0.529
aushkul,ridge_west,field,10.0,12.0,300.0,1.0,488.33,487.33,1.031,1.028,-0.126,5.638,0.072
aushkul,ridge_west,field,10.0,12.0,300.0,1.5,488.83,487.33,1.430,1.427,-0.153,6.216,0.087
aushkul,ridge_west,field,10.0,12.0,300.0,2.0,489.33,487.33,1.707,1.704,-0.172,6.663,0.098
aushkul,ridge_west,field,10.0,12.0,300.0,3.0,490.33,487.33,2.124,2.122,-0.193,7.348,0.101
aushkul,ridge_west,field,10.0,12.0,300.0,5.0,492.33,487.33,2.764,2.763,-0.215,8.317,0.085
aushkul,ridge_west,field,10.0,12.0,300.0,10.0,497.33,487.33,3.901,3.901,-0.256,9.852,0.053
aushkul,ridge_west,field,10.0,12.0,300.0,30.0,517.33,487.33,7.381,7.381,-0.380,12.981,0.090
aushkul,ridge_west,field,10.0,12.0,300.0,50.0,537.33,487.33,11.213,11.200,-0.458,14.850,0.530
aushkul,ridge_west,field,10.0,12.0,300.0,100.0,587.33,487.33,14.863,14.841,-0.353,18.060,0.805
aushkul,ridge_west,field,10.0,12.0,300.0,200.0,687.33,487.33,17.461,17.444,-0.240,22.560,0.760
aushkul,ridge_west,field,10.0,12.0,300.0,300.0,787.33,487.33,19.000,18.990,-0.203,26.223,0.629
ongudai,kayancha_south,field,3.0,12.0,-3000.0,1.0,1096.18,1095.18,0.685,0.680,0.019,1.244,-0.079
ongudai,kayancha_south,field,3.0,12.0,-3000.0,1.5,1096.68,1095.18,0.898,0.892,0.025,1.302,-0.103
ongudai,kayancha_south,field,3.0,12.0,-3000.0,2.0,1097.18,1095.18,1.033,1.026,0.029,1.345,-0.118
ongudai,kayancha_south,field,3.0,12.0,-3000.0,3.0,1098.18,1095.18,1.210,1.202,0.034,1.409,-0.138
ongudai,kayancha_south,field,3.0,12.0,-3000.0,5.0,1100.18,1095.18,1.419,1.410,0.040,1.496,-0.161
ongudai,kayancha_south,field,3.0,12.0,-3000.0,10.0,1105.18,1095.18,1.692,1.681,0.048,1.626,-0.192
ongudai,kayancha_south,field,3.0,12.0,-3000.0,30.0,1125.18,1095.18,2.095,2.082,0.060,1.879,-0.232
ongudai,kayancha_south,field,3.0,12.0,-3000.0,50.0,1145.18,1095.18,2.292,2.292,0.074,2.033,0.006
ongudai,kayancha_south,field,3.0,12.0,-3000.0,100.0,1195.18,1095.18,2.710,2.684,0.082,2.313,0.375
ongudai,kayancha_south,field,3.0,12.0,-3000.0,200.0,1295.18,1095.18,3.044,3.012,0.036,2.752,0.441
ongudai,kayancha_south,field,3.0,12.0,-3000.0,300.0,1395.18,1095.18,3.261,3.223,0.016,3.016,0.497
ongudai,kayancha_south,field,3.0,12.0,-1000.0,1.0,1492.33,1491.33,0.083,-0.042,0.009,1.794,-0.072
ongudai,kayancha_south,field,3.0,12.0,-1000.0,1.5,1492.83,1491.33,0.098,-0.049,0.011,1.879,-0.085
ongudai,kayancha_south,field,3.0,12.0,-1000.0,2.0,1493.33,1491.33,0.108,-0.054,0.012,1.941,-0.094
ongudai,kayancha_south,field,3.0,12.0,-1000.0,3.0,1494.33,1491.33,0.122,-0.061,0.013,2.033,-0.106
ongudai,kayancha_south,field,3.0,12.0,-1000.0,5.0,1496.33,1491.33,0.123,-0.036,0.014,2.156,-0.117
ongudai,kayancha_south,field,3.0,12.0,-1000.0,10.0,1501.33,1491.33,0.144,0.035,0.013,2.339,-0.140
ongudai,kayancha_south,field,3.0,12.0,-1000.0,30.0,1521.33,1491.33,0.422,0.373,0.003,2.686,-0.197
ongudai,kayancha_south,field,3.0,12.0,-1000.0,50.0,1541.33,1491.33,0.731,0.722,-0.027,2.887,-0.119
ongudai,kayancha_south,field,3.0,12.0,-1000.0,100.0,1591.33,1491.33,1.618,1.613,-0.077,3.236,0.131
ongudai,kayancha_south,field,3.0,12.0,-1000.0,200.0,1691.33,1491.33,2.862,2.821,0.055,3.749,0.481
ongudai,kayancha_south,field,3.0,12.0,-1000.0,300.0,1791.33,1491.33,3.438,3.383,0.162,4.018,0.614
ongudai,kayancha_south,field,3.0,12.0,-300.0,1.0,1739.55,1738.55,0.950,0.913,0.171,2.138,0.263
ongudai,kayancha_south,field,3.0,12.0,-300.0,1.5,1740.05,1738.55,1.060,1.019,0.191,2.238,0.293
ongudai,kayancha_south,field,3.0,12.0,-300.0,2.0,1740.55,1738.55,1.144,1.099,0.206,2.312,0.315
ongudai,kayancha_south,field,3.0,12.0,-300.0,3.0,1741.55,1738.55,1.268,1.219,0.229,2.421,0.350
ongudai,kayancha_south,field,3.0,12.0,-300.0,5.0,1743.55,1738.55,1.390,1.345,0.254,2.567,0.352
ongudai,kayancha_south,field,3.0,12.0,-300.0,10.0,1748.55,1738.55,1.601,1.566,0.303,2.784,0.332
ongudai,kayancha_south,field,3.0,12.0,-300.0,30.0,1768.55,1738.55,2.426,2.426,0.511,3.189,0.046
ongudai,kayancha_south,field,3.0,12.0,-300.0,50.0,1788.55,1738.55,2.756,2.756,0.569,3.420,0.045
ongudai,kayancha_south,field,3.0,12.0,-300.0,100.0,1838.55,1738.55,3.209,3.204,0.592,3.812,0.165
ongudai,kayancha_south,field,3.0,12.0,-300.0,200.0,1938.55,1738.55,3.742,3.726,0.523,4.372,0.349
ongudai,kayancha_south,field,3.0,12.0,-300.0,300.0,2038.55,1738.55,4.043,4.016,0.433,4.643,0.461
ongudai,kayancha_south,field,3.0,12.0,-150.0,1.0,1809.93,1808.93,1.091,1.056,0.273,2.236,0.275
ongudai,kayancha_south,field,3.0,12.0,-150.0,1.5,1810.43,1808.93,1.181,1.143,0.296,2.341,0.297
ongudai,kayancha_south,field,3.0,12.0,-150.0,2.0,1810.93,1808.93,1.252,1.212,0.314,2.418,0.315
ongudai,kayancha_south,field,3.0,12.0,-150.0,3.0,1811.93,1808.93,1.362,1.319,0.341,2.532,0.341
ongudai,kayancha_south,field,3.0,12.0,-150.0,5.0,1813.93,1808.93,1.510,1.466,0.379,2.685,0.361
ongudai,kayancha_south,field,3.0,12.0,-150.0,10.0,1818.93,1808.93,1.786,1.759,0.463,2.910,0.313
ongudai,kayancha_south,field,3.0,12.0,-150.0,30.0,1838.93,1808.93,2.839,2.835,0.760,3.332,0.152
ongudai,kayancha_south,field,3.0,12.0,-150.0,50.0,1858.93,1808.93,3.209,3.202,0.771,3.571,0.221
ongudai,kayancha_south,field,3.0,12.0,-150.0,100.0,1908.93,1808.93,3.730,3.716,0.686,3.976,0.325
ongudai,kayancha_south,field,3.0,12.0,-150.0,200.0,2008.93,1808.93,4.117,4.096,0.482,4.549,0.421
ongudai,kayancha_south,field,3.0,12.0,-150.0,300.0,2108.93,1808.93,4.279,4.252,0.363,4.821,0.488
ongudai,kayancha_south,field,3.0,12.0,-50.0,1.0,1849.54,1848.54,1.004,0.957,0.285,2.291,0.305
ongudai,kayancha_south,field,3.0,12.0,-50.0,1.5,1850.04,1848.54,1.141,1.087,0.322,2.398,0.348
ongudai,kayancha_south,field,3.0,12.0,-50.0,2.0,1850.54,1848.54,1.243,1.184,0.350,2.478,0.379
ongudai,kayancha_south,field,3.0,12.0,-50.0,3.0,1851.54,1848.54,1.392,1.325,0.391,2.594,0.426
ongudai,kayancha_south,field,3.0,12.0,-50.0,5.0,1853.54,1848.54,1.608,1.530,0.438,2.751,0.494
ongudai,kayancha_south,field,3.0,12.0,-50.0,10.0,1858.54,1848.54,2.005,1.910,0.518,2.982,0.611
ongudai,kayancha_south,field,3.0,12.0,-50.0,30.0,1878.54,1848.54,3.385,3.359,0.757,3.413,0.417
ongudai,kayancha_south,field,3.0,12.0,-50.0,50.0,1898.54,1848.54,3.869,3.856,0.705,3.657,0.318
ongudai,kayancha_south,field,3.0,12.0,-50.0,100.0,1948.54,1848.54,4.137,4.121,0.516,4.068,0.365
ongudai,kayancha_south,field,3.0,12.0,-50.0,200.0,2048.54,1848.54,4.299,4.277,0.355,4.649,0.434
ongudai,kayancha_south,field,3.0,12.0,-50.0,300.0,2148.54,1848.54,4.382,4.354,0.280,4.921,0.493
ongudai,kayancha_south,field,3.0,12.0,-30.0,1.0,1858.21,1857.21,1.401,1.267,0.264,2.303,0.597
ongudai,kayancha_south,field,3.0,12.0,-30.0,1.5,1858.71,1857.21,1.544,1.396,0.291,2.411,0.659
ongudai,kayancha_south,field,3.0,12.0,-30.0,2.0,1859.21,1857.21,1.655,1.497,0.312,2.491,0.706
ongudai,kayancha_south,field,3.0,12.0,-30.0,3.0,1860.21,1857.21,1.797,1.631,0.339,2.608,0.755
ongudai,kayancha_south,field,3.0,12.0,-30.0,5.0,1862.21,1857.21,1.984,1.813,0.375,2.765,0.806
ongudai,kayancha_south,field,3.0,12.0,-30.0,10.0,1867.21,1857.21,2.301,2.154,0.438,2.997,0.811
ongudai,kayancha_south,field,3.0,12.0,-30.0,30.0,1887.21,1857.21,3.689,3.678,0.688,3.430,0.285
ongudai,kayancha_south,field,3.0,12.0,-30.0,50.0,1907.21,1857.21,3.981,3.971,0.610,3.675,0.288
ongudai,kayancha_south,field,3.0,12.0,-30.0,100.0,1957.21,1857.21,4.190,4.175,0.456,4.089,0.358
ongudai,kayancha_south,field,3.0,12.0,-30.0,200.0,2057.21,1857.21,4.324,4.302,0.326,4.670,0.434
ongudai,kayancha_south,field,3.0,12.0,-30.0,300.0,2157.21,1857.21,4.397,4.369,0.263,4.943,0.494
ongudai,kayancha_south,field,3.0,12.0,-20.0,1.0,1862.10,1861.10,1.470,1.361,0.229,2.309,0.555
ongudai,kayancha_south,field,3.0,12.0,-20.0,1.5,1862.60,1861.10,1.646,1.524,0.255,2.417,0.621
ongudai,kayancha_south,field,3.0,12.0,-20.0,2.0,1863.10,1861.10,1.780,1.649,0.276,2.497,0.671
ongudai,kayancha_south,field,3.0,12.0,-20.0,3.0,1864.10,1861.10,1.942,1.807,0.300,2.614,0.712
ongudai,kayancha_south,field,3.0,12.0,-20.0,5.0,1866.10,1861.10,2.153,2.019,0.332,2.771,0.748
ongudai,kayancha_south,field,3.0,12.0,-20.0,10.0,1871.10,1861.10,2.515,2.408,0.388,3.004,0.724
ongudai,kayancha_south,field,3.0,12.0,-20.0,30.0,1891.10,1861.10,3.820,3.811,0.608,3.438,0.260
ongudai,kayancha_south,field,3.0,12.0,-20.0,50.0,1911.10,1861.10,4.019,4.008,0.533,3.684,0.295
ongudai,kayancha_south,field,3.0,12.0,-20.0,100.0,1961.10,1861.10,4.208,4.192,0.419,4.098,0.357
ongudai,kayancha_south,field,3.0,12.0,-20.0,200.0,2061.10,1861.10,4.333,4.311,0.311,4.680,0.434
ongudai,kayancha_south,field,3.0,12.0,-20.0,300.0,2161.10,1861.10,4.404,4.376,0.254,4.952,0.495
ongudai,kayancha_south,field,3.0,12.0,-10.0,1.0,1865.94,1864.94,1.483,1.408,0.185,2.314,0.469
ongudai,kayancha_south,field,3.0,12.0,-10.0,1.5,1866.44,1864.94,1.710,1.623,0.212,2.422,0.538
ongudai,kayancha_south,field,3.0,12.0,-10.0,2.0,1866.94,1864.94,1.875,1.780,0.232,2.502,0.588
ongudai,kayancha_south,field,3.0,12.0,-10.0,3.0,1867.94,1864.94,2.075,1.978,0.254,2.620,0.626
ongudai,kayancha_south,field,3.0,12.0,-10.0,5.0,1869.94,1864.94,2.326,2.233,0.282,2.778,0.650
ongudai,kayancha_south,field,3.0,12.0,-10.0,10.0,1874.94,1864.94,2.742,2.672,0.331,3.011,0.616
ongudai,kayancha_south,field,3.0,12.0,-10.0,30.0,1894.94,1864.94,3.879,3.870,0.508,3.446,0.261
ongudai,kayancha_south,field,3.0,12.0,-10.0,50.0,1914.94,1864.94,4.049,4.038,0.458,3.692,0.300
ongudai,kayancha_south,field,3.0,12.0,-10.0,100.0,1964.94,1864.94,4.221,4.206,0.384,4.107,0.356
ongudai,kayancha_south,field,3.0,12.0,-10.0,200.0,2064.94,1864.94,4.341,4.319,0.296,4.690,0.435
ongudai,kayancha_south,field,3.0,12.0,-10.0,300.0,2164.94,1864.94,4.409,4.382,0.245,4.962,0.495
ongudai,kayancha_south,field,3.0,12.0,0.0,1.0,1869.76,1868.76,1.879,1.820,0.179,2.319,0.468
ongudai,kayancha_south,field,3.0,12.0,0.0,1.5,1870.26,1868.76,2.047,1.983,0.195,2.428,0.508
ongudai,kayancha_south,field,3.0,12.0,0.0,2.0,1870.76,1868.76,2.159,2.095,0.203,2.508,0.519
ongudai,kayancha_south,field,3.0,12.0,0.0,3.0,1871.76,1868.76,2.333,2.272,0.216,2.626,0.531
ongudai,kayancha_south,field,3.0,12.0,0.0,5.0,1873.76,1868.76,2.585,2.528,0.236,2.784,0.542
ongudai,kayancha_south,field,3.0,12.0,0.0,10.0,1878.76,1868.76,3.024,2.983,0.276,3.018,0.497
ongudai,kayancha_south,field,3.0,12.0,0.0,30.0,1898.76,1868.76,3.914,3.905,0.410,3.454,0.266
ongudai,kayancha_south,field,3.0,12.0,0.0,50.0,1918.76,1868.76,4.073,4.062,0.392,3.700,0.300
ongudai,kayancha_south,field,3.0,12.0,0.0,100.0,1968.76,1868.76,4.233,4.218,0.352,4.116,0.354
ongudai,kayancha_south,field,3.0,12.0,0.0,200.0,2068.76,1868.76,4.349,4.327,0.282,4.700,0.435
ongudai,kayancha_south,field,3.0,12.0,0.0,300.0,2168.76,1868.76,4.415,4.387,0.236,4.972,0.495
ongudai,kayancha_south,field,3.0,12.0,100.0,1.0,1875.42,1874.42,1.787,1.785,0.013,2.327,0.082
ongudai,kayancha_south,field,3.0,12.0,100.0,1.5,1875.92,1874.42,2.029,2.027,0.014,2.436,0.093
ongudai,kayancha_south,field,3.0,12.0,100.0,2.0,1876.42,1874.42,2.209,2.206,0.016,2.517,0.101
ongudai,kayancha_south,field,3.0,12.0,100.0,3.0,1877.42,1874.42,2.471,2.469,0.017,2.635,0.113
ongudai,kayancha_south,field,3.0,12.0,100.0,5.0,1879.42,1874.42,2.813,2.810,0.020,2.794,0.129
ongudai,kayancha_south,field,3.0,12.0,100.0,10.0,1884.42,1874.42,3.288,3.285,0.023,3.028,0.151
ongudai,kayancha_south,field,3.0,12.0,100.0,30.0,1904.42,1874.42,3.729,3.724,0.054,3.465,0.192
ongudai,kayancha_south,field,3.0,12.0,100.0,50.0,1924.42,1874.42,3.947,3.940,0.084,3.713,0.230
ongudai,kayancha_south,field,3.0,12.0,100.0,100.0,1974.42,1874.42,4.204,4.193,0.133,4.129,0.310
ongudai,kayancha_south,field,3.0,12.0,100.0,200.0,2074.42,1874.42,4.371,4.351,0.162,4.714,0.417
ongudai,kayancha_south,field,3.0,12.0,100.0,300.0,2174.42,1874.42,4.440,4.414,0.162,4.986,0.485
ongudai,kayancha_south,field,3.0,12.0,300.0,1.0,1846.10,1845.10,0.888,0.886,-0.050,2.287,-0.051
ongudai,kayancha_south,field,3.0,12.0,300.0,1.5,1846.60,1845.10,1.043,1.041,-0.059,2.393,-0.059
ongudai,kayancha_south,field,3.0,12.0,300.0,2.0,1847.10,1845.10,1.153,1.151,-0.065,2.473,-0.066
ongudai,kayancha_south,field,3.0,12.0,300.0,3.0,1848.10,1845.10,1.309,1.307,-0.074,2.589,-0.074
ongudai,kayancha_south,field,3.0,12.0,300.0,5.0,1850.10,1845.10,1.505,1.503,-0.085,2.745,-0.085
ongudai,kayancha_south,field,3.0,12.0,300.0,10.0,1855.10,1845.10,1.801,1.798,-0.100,2.975,-0.104
ongudai,kayancha_south,field,3.0,12.0,300.0,30.0,1875.10,1845.10,2.784,2.783,-0.159,3.406,-0.032
ongudai,kayancha_south,field,3.0,12.0,300.0,50.0,1895.10,1845.10,3.498,3.497,-0.193,3.649,0.092
ongudai,kayancha_south,field,3.0,12.0,300.0,100.0,1945.10,1845.10,3.969,3.962,-0.139,4.060,0.241
ongudai,kayancha_south,field,3.0,12.0,300.0,200.0,2045.10,1845.10,4.269,4.252,-0.046,4.640,0.380
ongudai,kayancha_south,field,3.0,12.0,300.0,300.0,2145.10,1845.10,4.397,4.373,0.012,4.912,0.460
ongudai,kayancha_south,field,10.0,12.0,-3000.0,1.0,1096.18,1095.18,1.287,1.280,0.069,3.087,-0.128
ongudai,kayancha_south,field,10.0,12.0,-3000.0,1.5,1096.68,1095.18,1.688,1.679,0.090,3.404,-0.167
ongudai,kayancha_south,field,10.0,12.0,-3000.0,2.0,1097.18,1095.18,1.941,1.931,0.104,3.650,-0.192
ongudai,kayancha_south,field,10.0,12.0,-3000.0,3.0,1098.18,1095.18,2.273,2.262,0.121,4.027,-0.224
ongudai,kayancha_south,field,10.0,12.0,-3000.0,5.0,1100.18,1095.18,2.667,2.654,0.142,4.563,-0.262
ongudai,kayancha_south,field,10.0,12.0,-3000.0,10.0,1105.18,1095.18,3.178,3.163,0.170,5.419,-0.311
ongudai,kayancha_south,field,10.0,12.0,-3000.0,30.0,1125.18,1095.18,3.955,3.937,0.214,7.209,-0.377
ongudai,kayancha_south,field,10.0,12.0,-3000.0,50.0,1145.18,1095.18,4.522,4.522,0.276,8.326,0.074
ongudai,kayancha_south,field,10.0,12.0,-3000.0,100.0,1195.18,1095.18,5.816,5.768,0.334,10.355,0.749
ongudai,kayancha_south,field,10.0,12.0,-3000.0,200.0,1295.18,1095.18,7.511,7.461,0.260,13.460,0.863
ongudai,kayancha_south,field,10.0,12.0,-3000.0,300.0,1395.18,1095.18,8.950,8.884,0.273,16.193,1.087
ongudai,kayancha_south,field,10.0,12.0,-1000.0,1.0,1492.33,1491.33,0.403,-0.207,0.104,4.455,-0.346
ongudai,kayancha_south,field,10.0,12.0,-1000.0,1.5,1492.83,1491.33,0.476,-0.244,0.123,4.912,-0.408
ongudai,kayancha_south,field,10.0,12.0,-1000.0,2.0,1493.33,1491.33,0.526,-0.270,0.136,5.265,-0.452
ongudai,kayancha_south,field,10.0,12.0,-1000.0,3.0,1494.33,1491.33,0.597,-0.306,0.155,5.808,-0.513
ongudai,kayancha_south,field,10.0,12.0,-1000.0,5.0,1496.33,1491.33,0.637,-0.315,0.169,6.575,-0.554
ongudai,kayancha_south,field,10.0,12.0,-1000.0,10.0,1501.33,1491.33,0.702,-0.312,0.193,7.795,-0.629
ongudai,kayancha_south,field,10.0,12.0,-1000.0,30.0,1521.33,1491.33,0.791,-0.133,0.244,10.303,-0.780
ongudai,kayancha_south,field,10.0,12.0,-1000.0,50.0,1541.33,1491.33,0.737,0.522,0.151,11.824,-0.521
ongudai,kayancha_south,field,10.0,12.0,-1000.0,100.0,1591.33,1491.33,3.634,3.606,-0.016,14.485,0.449
ongudai,kayancha_south,field,10.0,12.0,-1000.0,200.0,1691.33,1491.33,9.139,8.955,0.557,18.338,1.825
ongudai,kayancha_south,field,10.0,12.0,-1000.0,300.0,1791.33,1491.33,11.655,11.465,1.019,21.570,2.098
ongudai,kayancha_south,field,10.0,12.0,-300.0,1.0,1739.55,1738.55,2.590,2.519,0.705,5.308,0.605
ongudai,kayancha_south,field,10.0,12.0,-300.0,1.5,1740.05,1738.55,2.890,2.810,0.786,5.853,0.674
ongudai,kayancha_south,field,10.0,12.0,-300.0,2.0,1740.55,1738.55,3.119,3.033,0.848,6.273,0.727
ongudai,kayancha_south,field,10.0,12.0,-300.0,3.0,1741.55,1738.55,3.459,3.364,0.940,6.919,0.806
ongudai,kayancha_south,field,10.0,12.0,-300.0,5.0,1743.55,1738.55,3.809,3.724,1.047,7.831,0.800
ongudai,kayancha_south,field,10.0,12.0,-300.0,10.0,1748.55,1738.55,4.426,4.367,1.247,9.279,0.726
ongudai,kayancha_south,field,10.0,12.0,-300.0,30.0,1768.55,1738.55,7.018,7.017,2.113,12.234,-0.079
ongudai,kayancha_south,field,10.0,12.0,-300.0,50.0,1788.55,1738.55,8.238,8.238,2.374,14.007,-0.037
ongudai,kayancha_south,field,10.0,12.0,-300.0,100.0,1838.55,1738.55,10.281,10.270,2.526,17.063,0.473
ongudai,kayancha_south,field,10.0,12.0,-300.0,200.0,1938.55,1738.55,13.106,13.050,2.333,21.383,1.217
ongudai,kayancha_south,field,10.0,12.0,-300.0,300.0,2038.55,1738.55,14.960,14.880,2.016,24.925,1.545
ongudai,kayancha_south,field,10.0,12.0,-150.0,1.0,1809.93,1808.93,3.223,3.138,1.117,5.551,0.737
ongudai,kayancha_south,field,10.0,12.0,-150.0,1.5,1810.43,1808.93,3.487,3.395,1.208,6.121,0.797
ongudai,kayancha_south,field,10.0,12.0,-150.0,2.0,1810.93,1808.93,3.699,3.601,1.282,6.560,0.845
ongudai,kayancha_south,field,10.0,12.0,-150.0,3.0,1811.93,1808.93,4.024,3.919,1.393,7.235,0.916
ongudai,kayancha_south,field,10.0,12.0,-150.0,5.0,1813.93,1808.93,4.471,4.365,1.551,8.189,0.965
ongudai,kayancha_south,field,10.0,12.0,-150.0,10.0,1818.93,1808.93,5.361,5.300,1.894,9.701,0.806
ongudai,kayancha_south,field,10.0,12.0,-150.0,30.0,1838.93,1808.93,8.770,8.765,3.115,12.784,0.276
ongudai,kayancha_south,field,10.0,12.0,-150.0,50.0,1858.93,1808.93,10.183,10.171,3.184,14.628,0.500
ongudai,kayancha_south,field,10.0,12.0,-150.0,100.0,1908.93,1808.93,12.488,12.453,2.908,17.797,0.930
ongudai,kayancha_south,field,10.0,12.0,-150.0,200.0,2008.93,1808.93,14.807,14.743,2.171,22.249,1.373
ongudai,kayancha_south,field,10.0,12.0,-150.0,300.0,2108.93,1808.93,16.178,16.102,1.745,25.881,1.567
ongudai,kayancha_south,field,10.0,12.0,-50.0,1.0,1849.54,1848.54,3.037,2.914,1.163,5.688,0.854
ongudai,kayancha_south,field,10.0,12.0,-50.0,1.5,1850.04,1848.54,3.451,3.310,1.317,6.271,0.974
ongudai,kayancha_south,field,10.0,12.0,-50.0,2.0,1850.54,1848.54,3.759,3.605,1.431,6.722,1.064
ongudai,kayancha_south,field,10.0,12.0,-50.0,3.0,1851.54,1848.54,4.208,4.035,1.597,7.413,1.195
ongudai,kayancha_south,field,10.0,12.0,-50.0,5.0,1853.54,1848.54,4.867,4.665,1.794,8.390,1.386
ongudai,kayancha_south,field,10.0,12.0,-50.0,10.0,1858.54,1848.54,6.091,5.844,2.120,9.939,1.716
ongudai,kayancha_south,field,10.0,12.0,-50.0,30.0,1878.54,1848.54,10.681,10.627,3.123,13.093,1.073
ongudai,kayancha_south,field,10.0,12.0,-50.0,50.0,1898.54,1848.54,12.547,12.522,2.944,14.978,0.788
ongudai,kayancha_south,field,10.0,12.0,-50.0,100.0,1948.54,1848.54,14.137,14.098,2.241,18.210,1.049
ongudai,kayancha_south,field,10.0,12.0,-50.0,200.0,2048.54,1848.54,15.686,15.625,1.675,22.737,1.383
ongudai,kayancha_south,field,10.0,12.0,-50.0,300.0,2148.54,1848.54,16.768,16.695,1.425,26.418,1.553
ongudai,kayancha_south,field,10.0,12.0,-30.0,1.0,1858.21,1857.21,4.231,3.872,1.094,5.718,1.706
ongudai,kayancha_south,field,10.0,12.0,-30.0,1.5,1858.71,1857.21,4.663,4.267,1.205,6.304,1.881
ongudai,kayancha_south,field,10.0,12.0,-30.0,2.0,1859.21,1857.21,4.999,4.574,1.292,6.757,2.017
ongudai,kayancha_south,field,10.0,12.0,-30.0,3.0,1860.21,1857.21,5.430,4.985,1.405,7.452,2.154
ongudai,kayancha_south,field,10.0,12.0,-30.0,5.0,1862.21,1857.21,6.005,5.549,1.555,8.434,2.295
ongudai,kayancha_south,field,10.0,12.0,-30.0,10.0,1867.21,1857.21,7.022,6.639,1.815,9.991,2.288
ongudai,kayancha_south,field,10.0,12.0,-30.0,30.0,1887.21,1857.21,11.753,11.736,2.866,13.161,0.636
ongudai,kayancha_south,field,10.0,12.0,-30.0,50.0,1907.21,1857.21,13.016,12.998,2.570,15.054,0.689
ongudai,kayancha_south,field,10.0,12.0,-30.0,100.0,1957.21,1857.21,14.398,14.362,2.005,18.300,1.027
ongudai,kayancha_south,field,10.0,12.0,-30.0,200.0,2057.21,1857.21,15.833,15.773,1.562,22.844,1.378
ongudai,kayancha_south,field,10.0,12.0,-30.0,300.0,2157.21,1857.21,16.876,16.805,1.358,26.536,1.550
ongudai,kayancha_south,field,10.0,12.0,-20.0,1.0,1862.10,1861.10,4.478,4.193,0.949,5.731,1.574
ongudai,kayancha_south,field,10.0,12.0,-20.0,1.5,1862.60,1861.10,5.016,4.697,1.060,6.319,1.759
ongudai,kayancha_south,field,10.0,12.0,-20.0,2.0,1863.10,1861.10,5.424,5.081,1.145,6.773,1.899
ongudai,kayancha_south,field,10.0,12.0,-20.0,3.0,1864.10,1861.10,5.925,5.573,1.245,7.470,2.011
ongudai,kayancha_south,field,10.0,12.0,-20.0,5.0,1866.10,1861.10,6.584,6.238,1.377,8.454,2.105
ongudai,kayancha_south,field,10.0,12.0,-20.0,10.0,1871.10,1861.10,7.755,7.490,1.613,10.014,2.008
ongudai,kayancha_south,field,10.0,12.0,-20.0,30.0,1891.10,1861.10,12.209,12.196,2.538,13.191,0.552
ongudai,kayancha_south,field,10.0,12.0,-20.0,50.0,1911.10,1861.10,13.184,13.165,2.257,15.089,0.712
ongudai,kayancha_south,field,10.0,12.0,-20.0,100.0,1961.10,1861.10,14.495,14.459,1.858,18.341,1.028
ongudai,kayancha_south,field,10.0,12.0,-20.0,200.0,2061.10,1861.10,15.893,15.833,1.501,22.892,1.378
ongudai,kayancha_south,field,10.0,12.0,-20.0,300.0,2161.10,1861.10,16.923,16.852,1.323,26.589,1.549
ongudai,kayancha_south,field,10.0,12.0,-10.0,1.0,1865.94,1864.94,4.562,4.370,0.770,5.745,1.309
ongudai,kayancha_south,field,10.0,12.0,-10.0,1.5,1866.44,1864.94,5.260,5.041,0.884,6.334,1.502
ongudai,kayancha_south,field,10.0,12.0,-10.0,2.0,1866.94,1864.94,5.767,5.529,0.966,6.788,1.641
ongudai,kayancha_south,field,10.0,12.0,-10.0,3.0,1867.94,1864.94,6.392,6.150,1.058,7.487,1.741
ongudai,kayancha_south,field,10.0,12.0,-10.0,5.0,1869.94,1864.94,7.183,6.954,1.172,8.473,1.797
ongudai,kayancha_south,field,10.0,12.0,-10.0,10.0,1874.94,1864.94,8.533,8.369,1.380,10.037,1.666
ongudai,kayancha_south,field,10.0,12.0,-10.0,30.0,1894.94,1864.94,12.435,12.423,2.132,13.221,0.554
ongudai,kayancha_south,field,10.0,12.0,-10.0,50.0,1914.94,1864.94,13.324,13.304,1.955,15.122,0.727
ongudai,kayancha_south,field,10.0,12.0,-10.0,100.0,1964.94,1864.94,14.578,14.542,1.719,18.381,1.025
ongudai,kayancha_south,field,10.0,12.0,-10.0,200.0,2064.94,1864.94,15.950,15.890,1.443,22.939,1.377
ongudai,kayancha_south,field,10.0,12.0,-10.0,300.0,2164.94,1864.94,16.967,16.897,1.289,26.641,1.548
ongudai,kayancha_south,field,10.0,12.0,0.0,1.0,1869.76,1868.76,5.829,5.687,0.748,5.758,1.278
ongudai,kayancha_south,field,10.0,12.0,0.0,1.5,1870.26,1868.76,6.352,6.199,0.813,6.348,1.388
ongudai,kayancha_south,field,10.0,12.0,0.0,2.0,1870.76,1868.76,6.704,6.554,0.847,6.804,1.411
ongudai,kayancha_south,field,10.0,12.0,0.0,3.0,1871.76,1868.76,7.256,7.113,0.902,7.504,1.435
ongudai,kayancha_south,field,10.0,12.0,0.0,5.0,1873.76,1868.76,8.057,7.925,0.985,8.493,1.449
ongudai,kayancha_south,field,10.0,12.0,0.0,10.0,1878.76,1868.76,9.482,9.394,1.155,10.060,1.284
ongudai,kayancha_south,field,10.0,12.0,0.0,30.0,1898.76,1868.76,12.598,12.585,1.730,13.251,0.571
ongudai,kayancha_south,field,10.0,12.0,0.0,50.0,1918.76,1868.76,13.446,13.427,1.687,15.156,0.729
ongudai,kayancha_south,field,10.0,12.0,0.0,100.0,1968.76,1868.76,14.653,14.618,1.591,18.421,1.020
ongudai,kayancha_south,field,10.0,12.0,0.0,200.0,2068.76,1868.76,16.004,15.945,1.388,22.986,1.375
ongudai,kayancha_south,field,10.0,12.0,0.0,300.0,2168.76,1868.76,17.011,16.941,1.257,26.693,1.547
ongudai,kayancha_south,field,10.0,12.0,100.0,1.0,1875.42,1874.42,5.572,5.571,0.064,5.777,0.087
ongudai,kayancha_south,field,10.0,12.0,100.0,1.5,1875.92,1874.42,6.325,6.325,0.073,6.370,0.099
ongudai,kayancha_south,field,10.0,12.0,100.0,2.0,1876.42,1874.42,6.886,6.886,0.080,6.827,0.108
ongudai,kayancha_south,field,10.0,12.0,100.0,3.0,1877.42,1874.42,7.705,7.704,0.089,7.529,0.121
ongudai,kayancha_south,field,10.0,12.0,100.0,5.0,1879.42,1874.42,8.770,8.769,0.102,8.522,0.138
ongudai,kayancha_south,field,10.0,12.0,100.0,10.0,1884.42,1874.42,10.252,10.251,0.119,10.094,0.162
ongudai,kayancha_south,field,10.0,12.0,100.0,30.0,1904.42,1874.42,11.978,11.974,0.277,13.295,0.305
ongudai,kayancha_south,field,10.0,12.0,100.0,50.0,1924.42,1874.42,13.047,13.038,0.436,15.206,0.473
ongudai,kayancha_south,field,10.0,12.0,100.0,100.0,1974.42,1874.42,14.588,14.564,0.706,18.480,0.844
ongudai,kayancha_south,field,10.0,12.0,100.0,200.0,2074.42,1874.42,16.099,16.047,0.908,23.056,1.292
ongudai,kayancha_south,field,10.0,12.0,100.0,300.0,2174.42,1874.42,17.111,17.045,0.957,26.769,1.505
ongudai,kayancha_south,field,10.0,12.0,300.0,1.0,1846.10,1845.10,1.560,1.523,-0.186,5.676,-0.341
ongudai,kayancha_south,field,10.0,12.0,300.0,1.5,1846.60,1845.10,2.006,1.966,-0.220,6.258,-0.400
ongudai,kayancha_south,field,10.0,12.0,300.0,2.0,1847.10,1845.10,2.333,2.291,-0.243,6.708,-0.442
ongudai,kayancha_south,field,10.0,12.0,300.0,3.0,1848.10,1845.10,2.810,2.765,-0.277,7.398,-0.501
ongudai,kayancha_south,field,10.0,12.0,300.0,5.0,1850.10,1845.10,3.443,3.395,-0.319,8.373,-0.576
ongudai,kayancha_south,field,10.0,12.0,300.0,10.0,1855.10,1845.10,4.468,4.416,-0.374,9.918,-0.683
ongudai,kayancha_south,field,10.0,12.0,300.0,30.0,1875.10,1845.10,8.122,8.110,-0.580,13.066,-0.434
ongudai,kayancha_south,field,10.0,12.0,300.0,50.0,1895.10,1845.10,10.948,10.948,-0.680,14.947,0.015
ongudai,kayancha_south,field,10.0,12.0,300.0,100.0,1945.10,1845.10,13.389,13.378,-0.395,18.174,0.529
ongudai,kayancha_south,field,10.0,12.0,300.0,200.0,2045.10,1845.10,15.493,15.454,0.064,22.695,1.105
ongudai,kayancha_south,field,10.0,12.0,300.0,300.0,2145.10,1845.10,16.733,16.674,0.347,26.372,1.407
