mode,wing,group,site,wind_set_ms,pitch,gs_30m,gs_100m,gs_200m
analytic,aeros_combat_c,topless,altai/sinyukha_west,3.000,-0.500,15.557,15.465,15.069
analytic,aeros_combat_c,topless,altai/sinyukha_west,3.000,-1.000,24.549,24.964,24.776
analytic,aeros_combat_c,topless,altai/sinyukha_west,3.000,0.000,6.950,6.872,5.906
analytic,aeros_combat_c,topless,altai/sinyukha_west,6.000,-0.500,5.219,5.414,6.329
analytic,aeros_combat_c,topless,altai/sinyukha_west,6.000,-1.000,16.704,16.298,12.981
analytic,aeros_combat_c,topless,altai/sinyukha_west,6.000,0.000,-0.710,1.559,-0.187
analytic,aeros_combat_c,topless,askarovo/biyagoda_west,3.000,-0.500,15.201,15.124,15.090
analytic,aeros_combat_c,topless,askarovo/biyagoda_west,3.000,-1.000,24.219,24.422,23.567
analytic,aeros_combat_c,topless,askarovo/biyagoda_west,3.000,0.000,6.062,6.420,6.943
analytic,aeros_combat_c,topless,askarovo/biyagoda_west,6.000,-0.500,5.577,5.201,3.799
analytic,aeros_combat_c,topless,askarovo/biyagoda_west,6.000,-1.000,19.299,17.502,13.814
analytic,aeros_combat_c,topless,askarovo/biyagoda_west,6.000,0.000,-1.098,0.474,1.089
analytic,aeros_combat_c,topless,aushkul/aushtau_east,3.000,-0.500,15.527,15.669,15.354
analytic,aeros_combat_c,topless,aushkul/aushtau_east,3.000,-1.000,24.523,23.803,24.277
analytic,aeros_combat_c,topless,aushkul/aushtau_east,3.000,0.000,6.517,5.794,5.182
analytic,aeros_combat_c,topless,aushkul/aushtau_east,6.000,-0.500,7.406,7.272,6.083
analytic,aeros_combat_c,topless,aushkul/aushtau_east,6.000,-1.000,17.043,16.232,15.438
analytic,aeros_combat_c,topless,aushkul/aushtau_east,6.000,0.000,0.067,1.129,0.067
analytic,aeros_combat_c,topless,ongudai/kayancha_south,3.000,-0.500,16.324,16.670,15.785
analytic,aeros_combat_c,topless,ongudai/kayancha_south,3.000,-1.000,25.952,25.770,25.689
analytic,aeros_combat_c,topless,ongudai/kayancha_south,3.000,0.000,7.137,6.733,6.215
analytic,aeros_combat_c,topless,ongudai/kayancha_south,6.000,-0.500,5.509,5.739,5.632
analytic,aeros_combat_c,topless,ongudai/kayancha_south,6.000,-1.000,17.690,16.513,14.464
analytic,aeros_combat_c,topless,ongudai/kayancha_south,6.000,0.000,2.354,2.741,-1.665
analytic,aeros_combat_l,topless,altai/sinyukha_west,3.000,-0.500,15.219,15.108,14.742
analytic,aeros_combat_l,topless,altai/sinyukha_west,3.000,-1.000,24.099,24.518,24.321
analytic,aeros_combat_l,topless,altai/sinyukha_west,3.000,0.000,6.808,6.737,5.732
analytic,aeros_combat_l,topless,altai/sinyukha_west,6.000,-0.500,5.036,5.251,6.067
analytic,aeros_combat_l,topless,altai/sinyukha_west,6.000,-1.000,16.233,15.884,12.576
analytic,aeros_combat_l,topless,altai/sinyukha_west,6.000,0.000,-0.225,1.736,-0.627
analytic,aeros_combat_l,topless,askarovo/biyagoda_west,3.000,-0.500,14.865,14.817,14.816
analytic,aeros_combat_l,topless,askarovo/biyagoda_west,3.000,-1.000,23.783,23.946,23.093
analytic,aeros_combat_l,topless,askarovo/biyagoda_west,3.000,0.000,5.912,6.186,6.751
analytic,aeros_combat_l,topless,askarovo/biyagoda_west,6.000,-0.500,5.117,4.996,3.696
analytic,aeros_combat_l,topless,askarovo/biyagoda_west,6.000,-1.000,19.014,16.799,13.231
analytic,aeros_combat_l,topless,askarovo/biyagoda_west,6.000,0.000,0.317,0.418,-0.186
analytic,aeros_combat_l,topless,aushkul/aushtau_east,3.000,-0.500,15.177,15.311,14.961
analytic,aeros_combat_l,topless,aushkul/aushtau_east,3.000,-1.000,24.037,23.315,23.802
analytic,aeros_combat_l,topless,aushkul/aushtau_east,3.000,0.000,6.323,5.553,4.987
analytic,aeros_combat_l,topless,aushkul/aushtau_east,6.000,-0.500,7.136,7.001,5.776
analytic,aeros_combat_l,topless,aushkul/aushtau_east,6.000,-1.000,16.451,15.687,14.905
analytic,aeros_combat_l,topless,aushkul/aushtau_east,6.000,0.000,2.954,-0.238,1.482
analytic,aeros_combat_l,topless,ongudai/kayancha_south,3.000,-0.500,15.973,16.380,15.526
analytic,aeros_combat_l,topless,ongudai/kayancha_south,3.000,-1.000,25.440,25.282,25.198
analytic,aeros_combat_l,topless,ongudai/kayancha_south,3.000,0.000,7.022,6.494,6.065
analytic,aeros_combat_l,topless,ongudai/kayancha_south,6.000,-0.500,5.255,5.583,5.562
analytic,aeros_combat_l,topless,ongudai/kayancha_south,6.000,-1.000,17.384,15.954,14.031
analytic,aeros_combat_l,topless,ongudai/kayancha_south,6.000,0.000,-0.087,2.539,-2.462
analytic,aeros_discus,kingpost,altai/sinyukha_west,3.000,-0.500,13.932,13.779,13.397
analytic,aeros_discus,kingpost,altai/sinyukha_west,3.000,-1.000,21.582,21.821,21.649
analytic,aeros_discus,kingpost,altai/sinyukha_west,3.000,0.000,7.044,6.828,6.008
analytic,aeros_discus,kingpost,altai/sinyukha_west,6.000,-0.500,4.285,4.331,4.586
analytic,aeros_discus,kingpost,altai/sinyukha_west,6.000,-1.000,13.791,13.550,10.766
analytic,aeros_discus,kingpost,altai/sinyukha_west,6.000,0.000,0.012,1.121,1.308
analytic,aeros_discus,kingpost,askarovo/biyagoda_west,3.000,-0.500,13.680,13.786,13.690
analytic,aeros_discus,kingpost,askarovo/biyagoda_west,3.000,-1.000,20.928,21.292,20.711
analytic,aeros_discus,kingpost,askarovo/biyagoda_west,3.000,0.000,5.966,6.383,6.862
analytic,aeros_discus,kingpost,askarovo/biyagoda_west,6.000,-0.500,4.867,4.188,3.998
analytic,aeros_discus,kingpost,askarovo/biyagoda_west,6.000,-1.000,16.105,13.762,10.717
analytic,aeros_discus,kingpost,askarovo/biyagoda_west,6.000,0.000,0.402,1.223,1.717
analytic,aeros_discus,kingpost,aushkul/aushtau_east,3.000,-0.500,13.855,14.023,13.600
analytic,aeros_discus,kingpost,aushkul/aushtau_east,3.000,-1.000,21.449,20.962,21.062
analytic,aeros_discus,kingpost,aushkul/aushtau_east,3.000,0.000,6.658,5.707,5.093
analytic,aeros_discus,kingpost,aushkul/aushtau_east,6.000,-0.500,6.378,6.216,4.961
analytic,aeros_discus,kingpost,aushkul/aushtau_east,6.000,-1.000,13.566,12.846,12.195
analytic,aeros_discus,kingpost,aushkul/aushtau_east,6.000,0.000,0.239,1.301,1.660
analytic,aeros_discus,kingpost,ongudai/kayancha_south,3.000,-0.500,15.119,15.320,14.681
analytic,aeros_discus,kingpost,ongudai/kayancha_south,3.000,-1.000,22.624,22.543,22.433
analytic,aeros_discus,kingpost,ongudai/kayancha_south,3.000,0.000,6.986,6.805,6.047
analytic,aeros_discus,kingpost,ongudai/kayancha_south,6.000,-0.500,5.011,5.186,5.614
analytic,aeros_discus,kingpost,ongudai/kayancha_south,6.000,-1.000,13.978,13.222,11.645
analytic,aeros_discus,kingpost,ongudai/kayancha_south,6.000,0.000,1.920,2.197,-1.967
analytic,aeros_fox,trainer,altai/sinyukha_west,3.000,-0.500,9.477,9.711,9.136
analytic,aeros_fox,trainer,altai/sinyukha_west,3.000,-1.000,13.637,13.342,12.878
analytic,aeros_fox,trainer,altai/sinyukha_west,3.000,0.000,5.772,5.153,5.042
analytic,aeros_fox,trainer,altai/sinyukha_west,6.000,-0.500,1.752,2.191,2.820
analytic,aeros_fox,trainer,altai/sinyukha_west,6.000,-1.000,8.449,6.487,5.281
analytic,aeros_fox,trainer,altai/sinyukha_west,6.000,0.000,-0.263,0.013,0.425
analytic,aeros_fox,trainer,askarovo/biyagoda_west,3.000,-0.500,9.034,8.758,8.982
analytic,aeros_fox,trainer,askarovo/biyagoda_west,3.000,-1.000,13.260,12.991,12.938
analytic,aeros_fox,trainer,askarovo/biyagoda_west,3.000,0.000,4.221,4.008,4.980
analytic,aeros_fox,trainer,askarovo/biyagoda_west,6.000,-0.500,1.956,2.480,2.133
analytic,aeros_fox,trainer,askarovo/biyagoda_west,6.000,-1.000,7.200,3.902,3.535
analytic,aeros_fox,trainer,askarovo/biyagoda_west,6.000,0.000,0.733,1.036,0.293
analytic,aeros_fox,trainer,aushkul/aushtau_east,3.000,-0.500,9.023,9.172,9.050
analytic,aeros_fox,trainer,aushkul/aushtau_east,3.000,-1.000,13.203,13.127,13.035
analytic,aeros_fox,trainer,aushkul/aushtau_east,3.000,0.000,4.898,4.583,4.787
analytic,aeros_fox,trainer,aushkul/aushtau_east,6.000,-0.500,1.995,2.042,2.996
analytic,aeros_fox,trainer,aushkul/aushtau_east,6.000,-1.000,5.356,5.840,4.855
analytic,aeros_fox,trainer,aushkul/aushtau_east,6.000,0.000,0.171,1.371,-0.985
analytic,aeros_fox,trainer,ongudai/kayancha_south,3.000,-0.500,9.777,10.168,9.749
analytic,aeros_fox,trainer,ongudai/kayancha_south,3.000,-1.000,14.046,14.002,14.205
analytic,aeros_fox,trainer,ongudai/kayancha_south,3.000,0.000,5.048,5.103,4.461
analytic,aeros_fox,trainer,ongudai/kayancha_south,6.000,-0.500,3.894,3.757,2.560
analytic,aeros_fox,trainer,ongudai/kayancha_south,6.000,-1.000,6.549,6.904,6.410
analytic,aeros_fox,trainer,ongudai/kayancha_south,6.000,0.000,0.656,1.753,-1.682
analytic,air_c4,topless,altai/sinyukha_west,3.000,-0.500,15.254,15.145,14.777
analytic,air_c4,topless,altai/sinyukha_west,3.000,-1.000,24.151,24.570,24.374
analytic,air_c4,topless,altai/sinyukha_west,3.000,0.000,6.818,6.746,5.746
analytic,air_c4,topless,altai/sinyukha_west,6.000,-0.500,5.053,5.268,6.093
analytic,air_c4,topless,altai/sinyukha_west,6.000,-1.000,16.287,15.933,12.625
analytic,air_c4,topless,altai/sinyukha_west,6.000,0.000,-0.226,1.641,-4.483
analytic,air_c4,topless,askarovo/biyagoda_west,3.000,-0.500,14.901,14.848,14.844
analytic,air_c4,topless,askarovo/biyagoda_west,3.000,-1.000,23.833,24.002,23.148
analytic,air_c4,topless,askarovo/biyagoda_west,3.000,0.000,5.923,6.203,6.765
analytic,air_c4,topless,askarovo/biyagoda_west,6.000,-0.500,5.216,5.017,3.704
analytic,air_c4,topless,askarovo/biyagoda_west,6.000,-1.000,19.041,16.890,13.295
analytic,air_c4,topless,askarovo/biyagoda_west,6.000,0.000,-0.026,0.418,-0.179
analytic,air_c4,topless,aushkul/aushtau_east,3.000,-0.500,15.213,15.348,15.002
analytic,air_c4,topless,aushkul/aushtau_east,3.000,-1.000,24.095,23.372,23.858
analytic,air_c4,topless,aushkul/aushtau_east,3.000,0.000,6.339,5.571,5.001
analytic,air_c4,topless,aushkul/aushtau_east,6.000,-0.500,7.165,7.032,5.806
analytic,air_c4,topless,aushkul/aushtau_east,6.000,-1.000,16.518,15.750,14.965
analytic,air_c4,topless,aushkul/aushtau_east,6.000,0.000,2.971,-0.061,1.596
analytic,air_c4,topless,ongudai/kayancha_south,3.000,-0.500,16.010,16.410,15.554
analytic,air_c4,topless,ongudai/kayancha_south,3.000,-1.000,25.500,25.339,25.255
analytic,air_c4,topless,ongudai/kayancha_south,3.000,0.000,7.029,6.512,6.076
analytic,air_c4,topless,ongudai/kayancha_south,6.000,-0.500,5.292,5.599,5.562
analytic,air_c4,topless,ongudai/kayancha_south,6.000,-1.000,17.421,16.017,14.083
analytic,air_c4,topless,ongudai/kayancha_south,6.000,0.000,2.149,2.899,-2.388
analytic,air_f2,trainer,altai/sinyukha_west,3.000,-0.500,8.752,8.315,8.511
analytic,air_f2,trainer,altai/sinyukha_west,3.000,-1.000,12.782,12.692,12.352
analytic,air_f2,trainer,altai/sinyukha_west,3.000,0.000,5.254,5.101,4.567
analytic,air_f2,trainer,altai/sinyukha_west,6.000,-0.500,1.090,2.057,2.460
analytic,air_f2,trainer,altai/sinyukha_west,6.000,-1.000,4.761,4.641,3.921
analytic,air_f2,trainer,altai/sinyukha_west,6.000,0.000,1.106,-0.250,-2.091
analytic,air_f2,trainer,askarovo/biyagoda_west,3.000,-0.500,7.752,8.356,8.810
analytic,air_f2,trainer,askarovo/biyagoda_west,3.000,-1.000,12.498,12.103,12.288
analytic,air_f2,trainer,askarovo/biyagoda_west,3.000,0.000,3.363,4.421,4.826
analytic,air_f2,trainer,askarovo/biyagoda_west,6.000,-0.500,1.609,2.237,2.256
analytic,air_f2,trainer,askarovo/biyagoda_west,6.000,-1.000,4.269,4.939,4.155
analytic,air_f2,trainer,askarovo/biyagoda_west,6.000,0.000,0.272,0.937,-0.583
analytic,air_f2,trainer,aushkul/aushtau_east,3.000,-0.500,8.665,8.829,7.869
analytic,air_f2,trainer,aushkul/aushtau_east,3.000,-1.000,12.639,12.135,12.323
analytic,air_f2,trainer,aushkul/aushtau_east,3.000,0.000,4.384,3.970,4.077
analytic,air_f2,trainer,aushkul/aushtau_east,6.000,-0.500,2.304,2.126,2.124
analytic,air_f2,trainer,aushkul/aushtau_east,6.000,-1.000,4.860,4.261,4.864
analytic,air_f2,trainer,aushkul/aushtau_east,6.000,0.000,-0.375,1.475,-1.009
analytic,air_f2,trainer,ongudai/kayancha_south,3.000,-0.500,9.301,9.848,8.686
analytic,air_f2,trainer,ongudai/kayancha_south,3.000,-1.000,13.404,13.546,13.658
analytic,air_f2,trainer,ongudai/kayancha_south,3.000,0.000,4.982,3.853,4.295
analytic,air_f2,trainer,ongudai/kayancha_south,6.000,-0.500,2.978,3.626,2.107
analytic,air_f2,trainer,ongudai/kayancha_south,6.000,-1.000,6.458,5.425,4.471
analytic,air_f2,trainer,ongudai/kayancha_south,6.000,0.000,1.529,1.212,-2.746
analytic,air_rev,topless,altai/sinyukha_west,3.000,-0.500,15.202,15.089,14.725
analytic,air_rev,topless,altai/sinyukha_west,3.000,-1.000,24.073,24.492,24.291
analytic,air_rev,topless,altai/sinyukha_west,3.000,0.000,6.807,6.735,5.730
analytic,air_rev,topless,altai/sinyukha_west,6.000,-0.500,5.031,5.240,6.055
analytic,air_rev,topless,altai/sinyukha_west,6.000,-1.000,16.205,15.857,12.548
analytic,air_rev,topless,altai/sinyukha_west,6.000,0.000,-0.228,1.745,-0.297
analytic,air_rev,topless,askarovo/biyagoda_west,3.000,-0.500,14.850,14.802,14.801
analytic,air_rev,topless,askarovo/biyagoda_west,3.000,-1.000,23.758,23.917,23.063
analytic,air_rev,topless,askarovo/biyagoda_west,3.000,0.000,5.911,6.184,6.749
analytic,air_rev,topless,askarovo/biyagoda_west,6.000,-0.500,5.044,4.984,3.689
analytic,air_rev,topless,askarovo/biyagoda_west,6.000,-1.000,18.994,16.713,13.187
analytic,air_rev,topless,askarovo/biyagoda_west,6.000,0.000,0.551,0.667,-0.158
analytic,air_rev,topless,aushkul/aushtau_east,3.000,-0.500,15.160,15.293,14.941
analytic,air_rev,topless,aushkul/aushtau_east,3.000,-1.000,23.998,23.281,23.769
analytic,air_rev,topless,aushkul/aushtau_east,3.000,0.000,6.321,5.550,4.986
analytic,air_rev,topless,aushkul/aushtau_east,6.000,-0.500,7.123,6.987,5.758
analytic,air_rev,topless,aushkul/aushtau_east,6.000,-1.000,16.409,15.650,14.872
analytic,air_rev,topless,aushkul/aushtau_east,6.000,0.000,2.959,0.632,1.521
analytic,air_rev,topless,ongudai/kayancha_south,3.000,-0.500,15.953,16.366,15.513
analytic,air_rev,topless,ongudai/kayancha_south,3.000,-1.000,25.407,25.252,25.165
analytic,air_rev,topless,ongudai/kayancha_south,3.000,0.000,7.020,6.492,6.064
analytic,air_rev,topless,ongudai/kayancha_south,6.000,-0.500,5.237,5.575,5.556
analytic,air_rev,topless,ongudai/kayancha_south,6.000,-1.000,17.374,15.917,14.000
analytic,air_rev,topless,ongudai/kayancha_south,6.000,0.000,1.829,2.727,-2.468
analytic,air_sting3,kingpost,altai/sinyukha_west,3.000,-0.500,13.016,13.051,12.686
analytic,air_sting3,kingpost,altai/sinyukha_west,3.000,-1.000,20.505,20.792,20.482
analytic,air_sting3,kingpost,altai/sinyukha_west,3.000,0.000,6.618,6.438,5.541
analytic,air_sting3,kingpost,altai/sinyukha_west,6.000,-0.500,3.675,3.928,4.452
analytic,air_sting3,kingpost,altai/sinyukha_west,6.000,-1.000,12.810,12.198,9.871
analytic,air_sting3,kingpost,altai/sinyukha_west,6.000,0.000,-0.553,0.254,-1.851
analytic,air_sting3,kingpost,askarovo/biyagoda_west,3.000,-0.500,12.838,13.030,13.012
analytic,air_sting3,kingpost,askarovo/biyagoda_west,3.000,-1.000,19.911,20.224,19.592
analytic,air_sting3,kingpost,askarovo/biyagoda_west,3.000,0.000,5.415,5.835,6.360
analytic,air_sting3,kingpost,askarovo/biyagoda_west,6.000,-0.500,4.917,3.715,3.781
analytic,air_sting3,kingpost,askarovo/biyagoda_west,6.000,-1.000,14.942,12.777,9.548
analytic,air_sting3,kingpost,askarovo/biyagoda_west,6.000,0.000,-0.000,0.905,0.767
analytic,air_sting3,kingpost,aushkul/aushtau_east,3.000,-0.500,12.970,13.267,12.735
analytic,air_sting3,kingpost,aushkul/aushtau_east,3.000,-1.000,20.340,19.870,20.038
analytic,air_sting3,kingpost,aushkul/aushtau_east,3.000,0.000,6.080,5.138,4.618
analytic,air_sting3,kingpost,aushkul/aushtau_east,6.000,-0.500,5.830,5.374,4.675
analytic,air_sting3,kingpost,aushkul/aushtau_east,6.000,-1.000,12.350,11.646,11.226
analytic,air_sting3,kingpost,aushkul/aushtau_east,6.000,0.000,-0.053,0.276,1.108
analytic,air_sting3,kingpost,ongudai/kayancha_south,3.000,-0.500,14.272,14.702,13.934
analytic,air_sting3,kingpost,ongudai/kayancha_south,3.000,-1.000,21.518,21.414,21.306
analytic,air_sting3,kingpost,ongudai/kayancha_south,3.000,0.000,6.636,6.055,5.614
analytic,air_sting3,kingpost,ongudai/kayancha_south,6.000,-0.500,4.161,5.016,4.985
analytic,air_sting3,kingpost,ongudai/kayancha_south,6.000,-1.000,13.086,12.359,10.599
analytic,air_sting3,kingpost,ongudai/kayancha_south,6.000,0.000,1.765,2.186,-2.823
analytic,apogee,soviet,altai/sinyukha_west,3.000,-0.500,9.931,10.118,9.751
analytic,apogee,soviet,altai/sinyukha_west,3.000,-1.000,14.142,13.928,13.364
analytic,apogee,soviet,altai/sinyukha_west,3.000,0.000,5.858,5.506,5.439
analytic,apogee,soviet,altai/sinyukha_west,6.000,-0.500,2.205,2.515,3.152
analytic,apogee,soviet,altai/sinyukha_west,6.000,-1.000,8.890,6.995,5.662
analytic,apogee,soviet,altai/sinyukha_west,6.000,0.000,0.134,0.903,0.460
analytic,apogee,soviet,askarovo/biyagoda_west,3.000,-0.500,9.527,9.264,9.436
analytic,apogee,soviet,askarovo/biyagoda_west,3.000,-1.000,13.750,13.514,13.447
analytic,apogee,soviet,askarovo/biyagoda_west,3.000,0.000,4.830,4.573,5.434
analytic,apogee,soviet,askarovo/biyagoda_west,6.000,-0.500,2.158,2.739,2.288
analytic,apogee,soviet,askarovo/biyagoda_west,6.000,-1.000,7.843,4.270,3.838
analytic,apogee,soviet,askarovo/biyagoda_west,6.000,0.000,0.753,1.846,2.110
analytic,apogee,soviet,aushkul/aushtau_east,3.000,-0.500,9.607,9.436,9.593
analytic,apogee,soviet,aushkul/aushtau_east,3.000,-1.000,13.681,13.653,13.573
analytic,apogee,soviet,aushkul/aushtau_east,3.000,0.000,5.606,5.192,5.166
analytic,apogee,soviet,aushkul/aushtau_east,6.000,-0.500,2.696,2.236,3.322
analytic,apogee,soviet,aushkul/aushtau_east,6.000,-1.000,5.609,6.275,5.341
analytic,apogee,soviet,aushkul/aushtau_east,6.000,0.000,0.386,1.015,-0.080
analytic,apogee,soviet,ongudai/kayancha_south,3.000,-0.500,10.345,10.589,10.354
analytic,apogee,soviet,ongudai/kayancha_south,3.000,-1.000,14.653,14.478,14.640
analytic,apogee,soviet,ongudai/kayancha_south,3.000,0.000,5.809,6.286,4.989
analytic,apogee,soviet,ongudai/kayancha_south,6.000,-0.500,4.202,4.033,2.876
analytic,apogee,soviet,ongudai/kayancha_south,6.000,-1.000,6.867,7.101,6.851
analytic,apogee,soviet,ongudai/kayancha_south,6.000,0.000,0.827,1.481,-0.761
analytic,atlas,soviet,altai/sinyukha_west,3.000,-0.500,10.807,10.804,10.418
analytic,atlas,soviet,altai/sinyukha_west,3.000,-1.000,15.217,15.088,14.428
analytic,atlas,soviet,altai/sinyukha_west,3.000,0.000,7.193,6.182,6.536
analytic,atlas,soviet,altai/sinyukha_west,6.000,-0.500,2.735,2.758,3.372
analytic,atlas,soviet,altai/sinyukha_west,6.000,-1.000,9.775,7.889,6.266
analytic,atlas,soviet,altai/sinyukha_west,6.000,0.000,0.663,1.208,-0.703
analytic,atlas,soviet,askarovo/biyagoda_west,3.000,-0.500,10.532,10.315,10.405
analytic,atlas,soviet,askarovo/biyagoda_west,3.000,-1.000,14.771,14.579,14.468
analytic,atlas,soviet,askarovo/biyagoda_west,3.000,0.000,6.118,5.826,7.418
analytic,atlas,soviet,askarovo/biyagoda_west,6.000,-0.500,2.233,2.852,3.039
analytic,atlas,soviet,askarovo/biyagoda_west,6.000,-1.000,9.259,5.109,4.598
analytic,atlas,soviet,askarovo/biyagoda_west,6.000,0.000,-0.331,1.787,-0.498
analytic,atlas,soviet,aushkul/aushtau_east,3.000,-0.500,10.348,10.172,10.254
analytic,atlas,soviet,aushkul/aushtau_east,3.000,-1.000,14.660,14.778,14.602
analytic,atlas,soviet,aushkul/aushtau_east,3.000,0.000,6.653,6.127,5.845
analytic,atlas,soviet,aushkul/aushtau_east,6.000,-0.500,3.425,3.136,3.047
analytic,atlas,soviet,aushkul/aushtau_east,6.000,-1.000,6.286,6.700,6.460
analytic,atlas,soviet,aushkul/aushtau_east,6.000,0.000,2.300,1.255,0.016
analytic,atlas,soviet,ongudai/kayancha_south,3.000,-0.500,11.149,11.455,11.281
analytic,atlas,soviet,ongudai/kayancha_south,3.000,-1.000,15.825,15.409,15.593
analytic,atlas,soviet,ongudai/kayancha_south,3.000,0.000,7.445,7.950,6.445
analytic,atlas,soviet,ongudai/kayancha_south,6.000,-0.500,4.444,4.605,3.479
analytic,atlas,soviet,ongudai/kayancha_south,6.000,-1.000,8.143,7.713,7.652
analytic,atlas,soviet,ongudai/kayancha_south,6.000,0.000,2.536,1.784,0.821
analytic,bautek_astir,kingpost,altai/sinyukha_west,3.000,-0.500,13.007,13.044,12.682
analytic,bautek_astir,kingpost,altai/sinyukha_west,3.000,-1.000,20.496,20.787,20.477
analytic,bautek_astir,kingpost,altai/sinyukha_west,3.000,0.000,6.610,6.428,5.529
analytic,bautek_astir,kingpost,altai/sinyukha_west,6.000,-0.500,3.680,3.925,4.472
analytic,bautek_astir,kingpost,altai/sinyukha_west,6.000,-1.000,12.802,12.157,9.854
analytic,bautek_astir,kingpost,altai/sinyukha_west,6.000,0.000,-0.545,0.247,-3.583
analytic,bautek_astir,kingpost,askarovo/biyagoda_west,3.000,-0.500,12.826,13.018,13.005
analytic,bautek_astir,kingpost,askarovo/biyagoda_west,3.000,-1.000,19.904,20.213,19.583
analytic,bautek_astir,kingpost,askarovo/biyagoda_west,3.000,0.000,5.407,5.823,6.348
analytic,bautek_astir,kingpost,askarovo/biyagoda_west,6.000,-0.500,4.918,3.712,3.775
analytic,bautek_astir,kingpost,askarovo/biyagoda_west,6.000,-1.000,14.938,12.779,9.543
analytic,bautek_astir,kingpost,askarovo/biyagoda_west,6.000,0.000,-0.044,0.917,0.231
analytic,bautek_astir,kingpost,aushkul/aushtau_east,3.000,-0.500,12.959,13.259,12.727
analytic,bautek_astir,kingpost,aushkul/aushtau_east,3.000,-1.000,20.329,19.855,20.032
analytic,bautek_astir,kingpost,aushkul/aushtau_east,3.000,0.000,6.067,5.129,4.605
analytic,bautek_astir,kingpost,aushkul/aushtau_east,6.000,-0.500,5.822,5.359,4.670
analytic,bautek_astir,kingpost,aushkul/aushtau_east,6.000,-1.000,12.315,11.623,11.212
analytic,bautek_astir,kingpost,aushkul/aushtau_east,6.000,0.000,-1.511,1.037,1.269
analytic,bautek_astir,kingpost,ongudai/kayancha_south,3.000,-0.500,14.263,14.694,13.923
analytic,bautek_astir,kingpost,ongudai/kayancha_south,3.000,-1.000,21.511,21.405,21.303
analytic,bautek_astir,kingpost,ongudai/kayancha_south,3.000,0.000,6.630,6.038,5.603
analytic,bautek_astir,kingpost,ongudai/kayancha_south,6.000,-0.500,4.144,5.014,4.969
analytic,bautek_astir,kingpost,ongudai/kayancha_south,6.000,-1.000,13.045,12.360,10.589
analytic,bautek_astir,kingpost,ongudai/kayancha_south,6.000,0.000,2.014,2.608,-2.770
analytic,bautek_fizz,kingpost,altai/sinyukha_west,3.000,-0.500,13.655,13.549,13.188
analytic,bautek_fizz,kingpost,altai/sinyukha_west,3.000,-1.000,21.289,21.542,21.332
analytic,bautek_fizz,kingpost,altai/sinyukha_west,3.000,0.000,6.869,6.702,5.864
analytic,bautek_fizz,kingpost,altai/sinyukha_west,6.000,-0.500,4.016,4.195,4.446
analytic,bautek_fizz,kingpost,altai/sinyukha_west,6.000,-1.000,13.508,13.249,10.540
analytic,bautek_fizz,kingpost,altai/sinyukha_west,6.000,0.000,-0.194,0.319,-0.006
analytic,bautek_fizz,kingpost,askarovo/biyagoda_west,3.000,-0.500,13.435,13.579,13.496
analytic,bautek_fizz,kingpost,askarovo/biyagoda_west,3.000,-1.000,20.650,21.002,20.406
analytic,bautek_fizz,kingpost,askarovo/biyagoda_west,3.000,0.000,5.748,6.210,6.723
analytic,bautek_fizz,kingpost,askarovo/biyagoda_west,6.000,-0.500,4.940,4.040,3.717
analytic,bautek_fizz,kingpost,askarovo/biyagoda_west,6.000,-1.000,15.732,13.491,10.370
analytic,bautek_fizz,kingpost,askarovo/biyagoda_west,6.000,0.000,-0.026,1.069,-1.859
analytic,bautek_fizz,kingpost,aushkul/aushtau_east,3.000,-0.500,13.608,13.802,13.347
analytic,bautek_fizz,kingpost,aushkul/aushtau_east,3.000,-1.000,21.147,20.669,20.776
analytic,bautek_fizz,kingpost,aushkul/aushtau_east,3.000,0.000,6.460,5.523,4.926
analytic,bautek_fizz,kingpost,aushkul/aushtau_east,6.000,-0.500,6.237,5.978,4.854
analytic,bautek_fizz,kingpost,aushkul/aushtau_east,6.000,-1.000,13.239,12.565,11.931
analytic,bautek_fizz,kingpost,aushkul/aushtau_east,6.000,0.000,0.452,0.409,1.018
analytic,bautek_fizz,kingpost,ongudai/kayancha_south,3.000,-0.500,14.873,15.146,14.474
analytic,bautek_fizz,kingpost,ongudai/kayancha_south,3.000,-1.000,22.323,22.236,22.121
analytic,bautek_fizz,kingpost,ongudai/kayancha_south,3.000,0.000,6.879,6.598,5.914
analytic,bautek_fizz,kingpost,ongudai/kayancha_south,6.000,-0.500,4.579,5.140,5.504
analytic,bautek_fizz,kingpost,ongudai/kayancha_south,6.000,-1.000,13.675,12.948,11.356
analytic,bautek_fizz,kingpost,ongudai/kayancha_south,6.000,0.000,1.836,2.606,-3.104
analytic,bautek_kite,kingpost,altai/sinyukha_west,3.000,-0.500,13.782,13.655,13.285
analytic,bautek_kite,kingpost,altai/sinyukha_west,3.000,-1.000,21.428,21.675,21.484
analytic,bautek_kite,kingpost,altai/sinyukha_west,3.000,0.000,6.943,6.757,5.929
analytic,bautek_kite,kingpost,altai/sinyukha_west,6.000,-0.500,4.124,4.258,4.511
analytic,bautek_kite,kingpost,altai/sinyukha_west,6.000,-1.000,13.641,13.396,10.641
analytic,bautek_kite,kingpost,altai/sinyukha_west,6.000,0.000,-0.208,0.991,0.240
analytic,bautek_kite,kingpost,askarovo/biyagoda_west,3.000,-0.500,13.548,13.678,13.586
analytic,bautek_kite,kingpost,askarovo/biyagoda_west,3.000,-1.000,20.782,21.141,20.552
analytic,bautek_kite,kingpost,askarovo/biyagoda_west,3.000,0.000,5.845,6.288,6.786
analytic,bautek_kite,kingpost,askarovo/biyagoda_west,6.000,-0.500,4.918,4.109,3.838
analytic,bautek_kite,kingpost,askarovo/biyagoda_west,6.000,-1.000,15.905,13.621,10.533
analytic,bautek_kite,kingpost,askarovo/biyagoda_west,6.000,0.000,0.036,0.778,0.926
analytic,bautek_kite,kingpost,aushkul/aushtau_east,3.000,-0.500,13.725,13.905,13.464
analytic,bautek_kite,kingpost,aushkul/aushtau_east,3.000,-1.000,21.291,20.809,20.913
analytic,bautek_kite,kingpost,aushkul/aushtau_east,3.000,0.000,6.548,5.604,4.998
analytic,bautek_kite,kingpost,aushkul/aushtau_east,6.000,-0.500,6.303,6.090,4.899
analytic,bautek_kite,kingpost,aushkul/aushtau_east,6.000,-1.000,13.391,12.706,12.056
analytic,bautek_kite,kingpost,aushkul/aushtau_east,6.000,0.000,0.431,0.383,1.420
analytic,bautek_kite,kingpost,ongudai/kayancha_south,3.000,-0.500,14.987,15.227,14.571
analytic,bautek_kite,kingpost,ongudai/kayancha_south,3.000,-1.000,22.466,22.383,22.269
analytic,bautek_kite,kingpost,ongudai/kayancha_south,3.000,0.000,6.926,6.695,5.972
analytic,bautek_kite,kingpost,ongudai/kayancha_south,6.000,-0.500,4.785,5.161,5.556
analytic,bautek_kite,kingpost,ongudai/kayancha_south,6.000,-1.000,13.818,13.078,11.495
analytic,bautek_kite,kingpost,ongudai/kayancha_south,6.000,0.000,1.918,2.500,-2.397
analytic,combat,topless,altai/sinyukha_west,3.000,-0.500,15.485,15.390,15.000
analytic,combat,topless,altai/sinyukha_west,3.000,-1.000,24.454,24.870,24.681
analytic,combat,topless,altai/sinyukha_west,3.000,0.000,6.917,6.844,5.869
analytic,combat,topless,altai/sinyukha_west,6.000,-0.500,5.176,5.380,6.274
analytic,combat,topless,altai/sinyukha_west,6.000,-1.000,16.605,16.211,12.898
analytic,combat,topless,altai/sinyukha_west,6.000,0.000,-0.668,1.592,-3.971
analytic,combat,topless,askarovo/biyagoda_west,3.000,-0.500,15.128,15.059,15.033
analytic,combat,topless,askarovo/biyagoda_west,3.000,-1.000,24.125,24.323,23.467
analytic,combat,topless,askarovo/biyagoda_west,3.000,0.000,6.032,6.374,6.903
analytic,combat,topless,askarovo/biyagoda_west,6.000,-0.500,5.570,5.161,3.776
analytic,combat,topless,askarovo/biyagoda_west,6.000,-1.000,19.246,17.379,13.690
analytic,combat,topless,askarovo/biyagoda_west,6.000,0.000,-1.220,0.468,-0.501
analytic,combat,topless,aushkul/aushtau_east,3.000,-0.500,15.454,15.594,15.272
analytic,combat,topless,aushkul/aushtau_east,3.000,-1.000,24.430,23.702,24.177
analytic,combat,topless,aushkul/aushtau_east,3.000,0.000,6.479,5.746,5.139
analytic,combat,topless,aushkul/aushtau_east,6.000,-0.500,7.351,7.219,6.019
analytic,combat,topless,aushkul/aushtau_east,6.000,-1.000,16.918,16.117,15.322
analytic,combat,topless,aushkul/aushtau_east,6.000,0.000,1.666,1.163,-2.717
analytic,combat,topless,ongudai/kayancha_south,3.000,-0.500,16.251,16.609,15.731
analytic,combat,topless,ongudai/kayancha_south,3.000,-1.000,25.844,25.667,25.585
analytic,combat,topless,ongudai/kayancha_south,3.000,0.000,7.113,6.684,6.185
analytic,combat,topless,ongudai/kayancha_south,6.000,-0.500,5.467,5.705,5.612
analytic,combat,topless,ongudai/kayancha_south,6.000,-1.000,17.630,16.393,14.375
analytic,combat,topless,ongudai/kayancha_south,6.000,0.000,2.866,2.711,-1.795
analytic,condor_crex3,trainer,altai/sinyukha_west,3.000,-0.500,10.215,9.782,9.892
analytic,condor_crex3,trainer,altai/sinyukha_west,3.000,-1.000,14.575,14.623,13.949
analytic,condor_crex3,trainer,altai/sinyukha_west,3.000,0.000,6.374,5.845,5.351
analytic,condor_crex3,trainer,altai/sinyukha_west,6.000,-0.500,1.578,1.820,3.076
analytic,condor_crex3,trainer,altai/sinyukha_west,6.000,-1.000,6.198,6.380,5.191
analytic,condor_crex3,trainer,altai/sinyukha_west,6.000,0.000,-0.717,0.376,-0.338
analytic,condor_crex3,trainer,askarovo/biyagoda_west,3.000,-0.500,9.651,9.720,10.048
analytic,condor_crex3,trainer,askarovo/biyagoda_west,3.000,-1.000,14.127,13.952,13.830
analytic,condor_crex3,trainer,askarovo/biyagoda_west,3.000,0.000,4.943,5.110,5.794
analytic,condor_crex3,trainer,askarovo/biyagoda_west,6.000,-0.500,2.503,2.200,1.906
analytic,condor_crex3,trainer,askarovo/biyagoda_west,6.000,-1.000,6.348,5.766,4.887
analytic,condor_crex3,trainer,askarovo/biyagoda_west,6.000,0.000,0.492,1.308,-0.626
analytic,condor_crex3,trainer,aushkul/aushtau_east,3.000,-0.500,9.711,10.016,9.474
analytic,condor_crex3,trainer,aushkul/aushtau_east,3.000,-1.000,14.583,14.059,14.263
analytic,condor_crex3,trainer,aushkul/aushtau_east,3.000,0.000,5.747,4.878,4.456
analytic,condor_crex3,trainer,aushkul/aushtau_east,6.000,-0.500,3.485,2.335,2.701
analytic,condor_crex3,trainer,aushkul/aushtau_east,6.000,-1.000,6.746,6.312,6.583
analytic,condor_crex3,trainer,aushkul/aushtau_east,6.000,0.000,-0.547,1.327,0.615
analytic,condor_crex3,trainer,ongudai/kayancha_south,3.000,-0.500,10.800,11.427,10.394
analytic,condor_crex3,trainer,ongudai/kayancha_south,3.000,-1.000,15.185,15.292,15.236
analytic,condor_crex3,trainer,ongudai/kayancha_south,3.000,0.000,5.832,4.987,4.912
analytic,condor_crex3,trainer,ongudai/kayancha_south,6.000,-0.500,3.249,4.315,3.450
analytic,condor_crex3,trainer,ongudai/kayancha_south,6.000,-1.000,6.933,7.054,5.613
analytic,condor_crex3,trainer,ongudai/kayancha_south,6.000,0.000,0.955,1.508,-1.457
analytic,condor_flex,trainer,altai/sinyukha_west,3.000,-0.500,9.109,8.729,8.854
analytic,condor_flex,trainer,altai/sinyukha_west,3.000,-1.000,13.227,13.150,12.713
analytic,condor_flex,trainer,altai/sinyukha_west,3.000,0.000,5.489,5.269,4.804
analytic,condor_flex,trainer,altai/sinyukha_west,6.000,-0.500,1.224,2.353,2.617
analytic,condor_flex,trainer,altai/sinyukha_west,6.000,-1.000,4.882,5.021,4.153
analytic,condor_flex,trainer,altai/sinyukha_west,6.000,0.000,-0.454,-0.161,-1.238
analytic,condor_flex,trainer,askarovo/biyagoda_west,3.000,-0.500,8.212,8.628,9.049
analytic,condor_flex,trainer,askarovo/biyagoda_west,3.000,-1.000,12.924,12.579,12.661
analytic,condor_flex,trainer,askarovo/biyagoda_west,3.000,0.000,3.859,4.627,5.127
analytic,condor_flex,trainer,askarovo/biyagoda_west,6.000,-0.500,1.894,2.431,2.167
analytic,condor_flex,trainer,askarovo/biyagoda_west,6.000,-1.000,4.952,5.273,4.360
analytic,condor_flex,trainer,askarovo/biyagoda_west,6.000,0.000,0.097,1.886,0.847
analytic,condor_flex,trainer,aushkul/aushtau_east,3.000,-0.500,8.915,9.116,8.219
analytic,condor_flex,trainer,aushkul/aushtau_east,3.000,-1.000,13.114,12.597,12.807
analytic,condor_flex,trainer,aushkul/aushtau_east,3.000,0.000,4.754,4.206,4.164
analytic,condor_flex,trainer,aushkul/aushtau_east,6.000,-0.500,2.679,2.033,2.144
analytic,condor_flex,trainer,aushkul/aushtau_east,6.000,-1.000,5.588,4.691,5.208
analytic,condor_flex,trainer,aushkul/aushtau_east,6.000,0.000,0.036,1.403,-0.749
analytic,condor_flex,trainer,ongudai/kayancha_south,3.000,-0.500,9.617,10.254,9.138
analytic,condor_flex,trainer,ongudai/kayancha_south,3.000,-1.000,13.869,13.982,14.078
analytic,condor_flex,trainer,ongudai/kayancha_south,3.000,0.000,5.093,4.096,4.481
analytic,condor_flex,trainer,ongudai/kayancha_south,6.000,-0.500,3.154,3.739,2.370
analytic,condor_flex,trainer,ongudai/kayancha_south,6.000,-1.000,6.679,5.540,4.760
analytic,condor_flex,trainer,ongudai/kayancha_south,6.000,0.000,2.022,1.637,-2.948
analytic,dp_she1,topless,altai/sinyukha_west,3.000,-0.500,15.313,15.208,14.836
analytic,dp_she1,topless,altai/sinyukha_west,3.000,-1.000,24.218,24.635,24.443
analytic,dp_she1,topless,altai/sinyukha_west,3.000,0.000,6.851,6.782,5.789
analytic,dp_she1,topless,altai/sinyukha_west,6.000,-0.500,5.081,5.297,6.143
analytic,dp_she1,topless,altai/sinyukha_west,6.000,-1.000,16.359,15.996,12.687
analytic,dp_she1,topless,altai/sinyukha_west,6.000,0.000,-0.353,1.478,0.256
analytic,dp_she1,topless,askarovo/biyagoda_west,3.000,-0.500,14.957,14.907,14.896
analytic,dp_she1,topless,askarovo/biyagoda_west,3.000,-1.000,23.898,24.073,23.218
analytic,dp_she1,topless,askarovo/biyagoda_west,3.000,0.000,5.965,6.268,6.814
analytic,dp_she1,topless,askarovo/biyagoda_west,6.000,-0.500,5.431,5.061,3.726
analytic,dp_she1,topless,askarovo/biyagoda_west,6.000,-1.000,19.069,17.024,13.384
analytic,dp_she1,topless,askarovo/biyagoda_west,6.000,0.000,-0.897,0.556,1.215
analytic,dp_she1,topless,aushkul/aushtau_east,3.000,-0.500,15.279,15.414,15.073
analytic,dp_she1,topless,aushkul/aushtau_east,3.000,-1.000,24.174,23.449,23.930
analytic,dp_she1,topless,aushkul/aushtau_east,3.000,0.000,6.391,5.636,5.050
analytic,dp_she1,topless,aushkul/aushtau_east,6.000,-0.500,7.216,7.087,5.864
analytic,dp_she1,topless,aushkul/aushtau_east,6.000,-1.000,16.611,15.833,15.038
analytic,dp_she1,topless,aushkul/aushtau_east,6.000,0.000,2.607,0.927,1.049
analytic,dp_she1,topless,ongudai/kayancha_south,3.000,-0.500,16.074,16.463,15.600
analytic,dp_she1,topless,ongudai/kayancha_south,3.000,-1.000,25.576,25.411,25.329
analytic,dp_she1,topless,ongudai/kayancha_south,3.000,0.000,7.061,6.575,6.117
analytic,dp_she1,topless,ongudai/kayancha_south,6.000,-0.500,5.351,5.624,5.584
analytic,dp_she1,topless,ongudai/kayancha_south,6.000,-1.000,17.451,16.100,14.156
analytic,dp_she1,topless,ongudai/kayancha_south,6.000,0.000,0.513,2.916,-2.136
analytic,fs_crossover,kingpost,altai/sinyukha_west,3.000,-0.500,13.431,13.371,13.019
analytic,fs_crossover,kingpost,altai/sinyukha_west,3.000,-1.000,21.010,21.281,21.033
analytic,fs_crossover,kingpost,altai/sinyukha_west,3.000,0.000,6.784,6.629,5.772
analytic,fs_crossover,kingpost,altai/sinyukha_west,6.000,-0.500,3.865,4.092,4.369
analytic,fs_crossover,kingpost,altai/sinyukha_west,6.000,-1.000,13.258,12.939,10.302
analytic,fs_crossover,kingpost,altai/sinyukha_west,6.000,0.000,-0.210,0.835,-1.122
analytic,fs_crossover,kingpost,askarovo/biyagoda_west,3.000,-0.500,13.235,13.400,13.337
analytic,fs_crossover,kingpost,askarovo/biyagoda_west,3.000,-1.000,20.388,20.728,20.120
analytic,fs_crossover,kingpost,askarovo/biyagoda_west,3.000,0.000,5.630,6.101,6.633
analytic,fs_crossover,kingpost,askarovo/biyagoda_west,6.000,-0.500,4.956,3.925,3.640
analytic,fs_crossover,kingpost,askarovo/biyagoda_west,6.000,-1.000,15.432,13.263,10.056
analytic,fs_crossover,kingpost,askarovo/biyagoda_west,6.000,0.000,0.790,1.272,-2.186
analytic,fs_crossover,kingpost,aushkul/aushtau_east,3.000,-0.500,13.396,13.621,13.140
analytic,fs_crossover,kingpost,aushkul/aushtau_east,3.000,-1.000,20.862,20.386,20.512
analytic,fs_crossover,kingpost,aushkul/aushtau_east,3.000,0.000,6.341,5.410,4.833
analytic,fs_crossover,kingpost,aushkul/aushtau_east,6.000,-0.500,6.113,5.776,4.787
analytic,fs_crossover,kingpost,aushkul/aushtau_east,6.000,-1.000,12.942,12.269,11.696
analytic,fs_crossover,kingpost,aushkul/aushtau_east,6.000,0.000,1.074,1.103,1.025
analytic,fs_crossover,kingpost,ongudai/kayancha_south,3.000,-0.500,14.671,15.001,14.299
analytic,fs_crossover,kingpost,ongudai/kayancha_south,3.000,-1.000,22.041,21.944,21.834
analytic,fs_crossover,kingpost,ongudai/kayancha_south,3.000,0.000,6.816,6.455,5.835
analytic,fs_crossover,kingpost,ongudai/kayancha_south,6.000,-0.500,4.322,5.101,5.360
analytic,fs_crossover,kingpost,ongudai/kayancha_south,6.000,-1.000,13.443,12.719,11.090
analytic,fs_crossover,kingpost,ongudai/kayancha_south,6.000,0.000,1.729,2.670,-3.215
analytic,fs_funky,trainer,altai/sinyukha_west,3.000,-0.500,9.804,9.414,9.511
analytic,fs_funky,trainer,altai/sinyukha_west,3.000,-1.000,14.091,14.077,13.455
analytic,fs_funky,trainer,altai/sinyukha_west,3.000,0.000,6.112,5.617,5.211
analytic,fs_funky,trainer,altai/sinyukha_west,6.000,-0.500,1.505,1.741,2.900
analytic,fs_funky,trainer,altai/sinyukha_west,6.000,-1.000,5.770,5.866,4.805
analytic,fs_funky,trainer,altai/sinyukha_west,6.000,0.000,-0.580,-0.205,-0.483
analytic,fs_funky,trainer,askarovo/biyagoda_west,3.000,-0.500,9.141,9.327,9.702
analytic,fs_funky,trainer,askarovo/biyagoda_west,3.000,-1.000,13.688,13.449,13.368
analytic,fs_funky,trainer,askarovo/biyagoda_west,3.000,0.000,4.594,4.969,5.603
analytic,fs_funky,trainer,askarovo/biyagoda_west,6.000,-0.500,2.363,2.145,1.951
analytic,fs_funky,trainer,askarovo/biyagoda_west,6.000,-1.000,5.777,5.653,4.702
analytic,fs_funky,trainer,askarovo/biyagoda_west,6.000,0.000,0.309,1.588,0.770
analytic,fs_funky,trainer,aushkul/aushtau_east,3.000,-0.500,9.406,9.716,9.026
analytic,fs_funky,trainer,aushkul/aushtau_east,3.000,-1.000,14.063,13.503,13.732
analytic,fs_funky,trainer,aushkul/aushtau_east,3.000,0.000,5.484,4.656,4.311
analytic,fs_funky,trainer,aushkul/aushtau_east,6.000,-0.500,3.252,1.844,2.227
analytic,fs_funky,trainer,aushkul/aushtau_east,6.000,-1.000,6.440,5.749,6.145
analytic,fs_funky,trainer,aushkul/aushtau_east,6.000,0.000,0.274,1.214,-0.082
analytic,fs_funky,trainer,ongudai/kayancha_south,3.000,-0.500,10.355,11.011,9.972
analytic,fs_funky,trainer,ongudai/kayancha_south,3.000,-1.000,14.718,14.840,14.812
analytic,fs_funky,trainer,ongudai/kayancha_south,3.000,0.000,5.535,4.713,4.727
analytic,fs_funky,trainer,ongudai/kayancha_south,6.000,-0.500,3.229,4.090,3.020
analytic,fs_funky,trainer,ongudai/kayancha_south,6.000,-1.000,6.472,6.285,5.326
analytic,fs_funky,trainer,ongudai/kayancha_south,6.000,0.000,1.462,1.248,-2.010
analytic,fs_space,trainer,altai/sinyukha_west,3.000,-0.500,10.569,10.084,10.178
analytic,fs_space,trainer,altai/sinyukha_west,3.000,-1.000,14.972,15.060,14.373
analytic,fs_space,trainer,altai/sinyukha_west,3.000,0.000,6.536,6.027,5.488
analytic,fs_space,trainer,altai/sinyukha_west,6.000,-0.500,1.735,1.922,3.202
analytic,fs_space,trainer,altai/sinyukha_west,6.000,-1.000,6.801,6.792,5.517
analytic,fs_space,trainer,altai/sinyukha_west,6.000,0.000,-0.706,-0.246,0.362
analytic,fs_space,trainer,askarovo/biyagoda_west,3.000,-0.500,10.014,10.003,10.318
analytic,fs_space,trainer,askarovo/biyagoda_west,3.000,-1.000,14.499,14.366,14.218
analytic,fs_space,trainer,askarovo/biyagoda_west,3.000,0.000,5.193,5.284,5.996
analytic,fs_space,trainer,askarovo/biyagoda_west,6.000,-0.500,2.672,2.340,2.066
analytic,fs_space,trainer,askarovo/biyagoda_west,6.000,-1.000,6.978,5.891,4.987
analytic,fs_space,trainer,askarovo/biyagoda_west,6.000,0.000,0.744,1.826,1.264
analytic,fs_space,trainer,aushkul/aushtau_east,3.000,-0.500,10.001,10.261,9.815
analytic,fs_space,trainer,aushkul/aushtau_east,3.000,-1.000,14.974,14.505,14.673
analytic,fs_space,trainer,aushkul/aushtau_east,3.000,0.000,5.975,5.092,4.584
analytic,fs_space,trainer,aushkul/aushtau_east,6.000,-0.500,3.629,2.636,3.070
analytic,fs_space,trainer,aushkul/aushtau_east,6.000,-1.000,6.871,6.661,6.919
analytic,fs_space,trainer,aushkul/aushtau_east,6.000,0.000,0.741,1.503,0.432
analytic,fs_space,trainer,ongudai/kayancha_south,3.000,-0.500,11.143,11.769,10.746
analytic,fs_space,trainer,ongudai/kayancha_south,3.000,-1.000,15.560,15.668,15.582
analytic,fs_space,trainer,ongudai/kayancha_south,3.000,0.000,6.082,5.274,5.134
analytic,fs_space,trainer,ongudai/kayancha_south,6.000,-0.500,3.347,4.421,3.602
analytic,fs_space,trainer,ongudai/kayancha_south,6.000,-1.000,7.510,7.633,5.786
analytic,fs_space,trainer,ongudai/kayancha_south,6.000,0.000,0.605,1.517,-1.960
analytic,icaro_alto,kingpost,altai/sinyukha_west,3.000,-0.500,13.020,13.053,12.691
analytic,icaro_alto,kingpost,altai/sinyukha_west,3.000,-1.000,20.514,20.803,20.495
analytic,icaro_alto,kingpost,altai/sinyukha_west,3.000,0.000,6.615,6.434,5.537
analytic,icaro_alto,kingpost,altai/sinyukha_west,6.000,-0.500,3.677,3.931,4.449
analytic,icaro_alto,kingpost,altai/sinyukha_west,6.000,-1.000,12.820,12.198,9.874
analytic,icaro_alto,kingpost,altai/sinyukha_west,6.000,0.000,-0.550,0.245,-1.783
analytic,icaro_alto,kingpost,askarovo/biyagoda_west,3.000,-0.500,12.841,13.032,13.016
analytic,icaro_alto,kingpost,askarovo/biyagoda_west,3.000,-1.000,19.922,20.233,19.602
analytic,icaro_alto,kingpost,askarovo/biyagoda_west,3.000,0.000,5.411,5.831,6.355
analytic,icaro_alto,kingpost,askarovo/biyagoda_west,6.000,-0.500,4.921,3.718,3.775
analytic,icaro_alto,kingpost,askarovo/biyagoda_west,6.000,-1.000,14.952,12.795,9.560
analytic,icaro_alto,kingpost,askarovo/biyagoda_west,6.000,0.000,-0.040,1.372,0.465
analytic,icaro_alto,kingpost,aushkul/aushtau_east,3.000,-0.500,12.974,13.271,12.739
analytic,icaro_alto,kingpost,aushkul/aushtau_east,3.000,-1.000,20.349,19.878,20.048
analytic,icaro_alto,kingpost,aushkul/aushtau_east,3.000,0.000,6.076,5.135,4.613
analytic,icaro_alto,kingpost,aushkul/aushtau_east,6.000,-0.500,5.832,5.376,4.674
analytic,icaro_alto,kingpost,aushkul/aushtau_east,6.000,-1.000,12.353,11.653,11.233
analytic,icaro_alto,kingpost,aushkul/aushtau_east,6.000,0.000,0.220,1.141,1.215
analytic,icaro_alto,kingpost,ongudai/kayancha_south,3.000,-0.500,14.276,14.704,13.937
analytic,icaro_alto,kingpost,ongudai/kayancha_south,3.000,-1.000,21.529,21.424,21.318
analytic,icaro_alto,kingpost,ongudai/kayancha_south,3.000,0.000,6.634,6.049,5.609
analytic,icaro_alto,kingpost,ongudai/kayancha_south,6.000,-0.500,4.156,5.017,4.983
analytic,icaro_alto,kingpost,ongudai/kayancha_south,6.000,-1.000,13.079,12.369,10.607
analytic,icaro_alto,kingpost,ongudai/kayancha_south,6.000,0.000,1.985,2.583,-2.796
analytic,icaro_laminar_z9,topless,altai/sinyukha_west,3.000,-0.500,14.665,14.531,14.195
analytic,icaro_laminar_z9,topless,altai/sinyukha_west,3.000,-1.000,23.374,23.775,23.546
analytic,icaro_laminar_z9,topless,altai/sinyukha_west,3.000,0.000,6.579,6.506,5.444
analytic,icaro_laminar_z9,topless,altai/sinyukha_west,6.000,-0.500,4.925,4.938,5.664
analytic,icaro_laminar_z9,topless,altai/sinyukha_west,6.000,-1.000,15.482,15.115,11.879
analytic,icaro_laminar_z9,topless,altai/sinyukha_west,6.000,0.000,-0.357,0.763,-3.064
analytic,icaro_laminar_z9,topless,askarovo/biyagoda_west,3.000,-0.500,14.355,14.341,14.354
analytic,icaro_laminar_z9,topless,askarovo/biyagoda_west,3.000,-1.000,23.063,23.141,22.307
analytic,icaro_laminar_z9,topless,askarovo/biyagoda_west,3.000,0.000,5.642,5.826,6.430
analytic,icaro_laminar_z9,topless,askarovo/biyagoda_west,6.000,-0.500,4.540,4.624,3.581
analytic,icaro_laminar_z9,topless,askarovo/biyagoda_west,6.000,-1.000,18.213,15.485,12.307
analytic,icaro_laminar_z9,topless,askarovo/biyagoda_west,6.000,0.000,0.204,1.071,-9.015
analytic,icaro_laminar_z9,topless,aushkul/aushtau_east,3.000,-0.500,14.605,14.741,14.329
analytic,icaro_laminar_z9,topless,aushkul/aushtau_east,3.000,-1.000,23.185,22.502,22.985
analytic,icaro_laminar_z9,topless,aushkul/aushtau_east,3.000,0.000,5.953,5.179,4.720
analytic,icaro_laminar_z9,topless,aushkul/aushtau_east,6.000,-0.500,6.808,6.524,5.265
analytic,icaro_laminar_z9,topless,aushkul/aushtau_east,6.000,-1.000,15.568,14.792,14.094
analytic,icaro_laminar_z9,topless,aushkul/aushtau_east,6.000,0.000,3.801,-2.204,0.574
analytic,icaro_laminar_z9,topless,ongudai/kayancha_south,3.000,-0.500,15.425,15.924,15.089
analytic,icaro_laminar_z9,topless,ongudai/kayancha_south,3.000,-1.000,24.586,24.475,24.374
analytic,icaro_laminar_z9,topless,ongudai/kayancha_south,3.000,0.000,6.818,6.091,5.798
analytic,icaro_laminar_z9,topless,ongudai/kayancha_south,6.000,-0.500,4.589,5.339,5.573
analytic,icaro_laminar_z9,topless,ongudai/kayancha_south,6.000,-1.000,16.653,15.148,13.267
analytic,icaro_laminar_z9,topless,ongudai/kayancha_south,6.000,0.000,1.679,2.200,-3.178
analytic,icaro_mastr,kingpost,altai/sinyukha_west,3.000,-0.500,14.069,13.926,13.605
analytic,icaro_mastr,kingpost,altai/sinyukha_west,3.000,-1.000,22.623,22.991,22.711
analytic,icaro_mastr,kingpost,altai/sinyukha_west,3.000,0.000,6.249,6.252,5.100
analytic,icaro_mastr,kingpost,altai/sinyukha_west,6.000,-0.500,4.407,4.585,5.094
analytic,icaro_mastr,kingpost,altai/sinyukha_west,6.000,-1.000,14.706,14.267,11.158
analytic,icaro_mastr,kingpost,altai/sinyukha_west,6.000,0.000,-1.144,-1.097,-4.392
analytic,icaro_mastr,kingpost,askarovo/biyagoda_west,3.000,-0.500,13.834,13.820,13.841
analytic,icaro_mastr,kingpost,askarovo/biyagoda_west,3.000,-1.000,22.302,22.285,21.480
analytic,icaro_mastr,kingpost,askarovo/biyagoda_west,3.000,0.000,5.269,5.511,6.039
analytic,icaro_mastr,kingpost,askarovo/biyagoda_west,6.000,-0.500,4.040,4.230,3.474
analytic,icaro_mastr,kingpost,askarovo/biyagoda_west,6.000,-1.000,17.196,14.233,11.403
analytic,icaro_mastr,kingpost,askarovo/biyagoda_west,6.000,0.000,-0.319,0.899,-0.219
analytic,icaro_mastr,kingpost,aushkul/aushtau_east,3.000,-0.500,14.004,14.163,13.692
analytic,icaro_mastr,kingpost,aushkul/aushtau_east,3.000,-1.000,22.312,21.673,22.125
analytic,icaro_mastr,kingpost,aushkul/aushtau_east,3.000,0.000,5.507,4.821,4.462
analytic,icaro_mastr,kingpost,aushkul/aushtau_east,6.000,-0.500,6.483,6.017,4.778
analytic,icaro_mastr,kingpost,aushkul/aushtau_east,6.000,-1.000,14.480,13.764,13.295
analytic,icaro_mastr,kingpost,aushkul/aushtau_east,6.000,0.000,-1.641,-0.142,1.825
analytic,icaro_mastr,kingpost,ongudai/kayancha_south,3.000,-0.500,14.879,15.468,14.609
analytic,icaro_mastr,kingpost,ongudai/kayancha_south,3.000,-1.000,23.706,23.631,23.520
analytic,icaro_mastr,kingpost,ongudai/kayancha_south,3.000,0.000,6.556,5.570,5.499
analytic,icaro_mastr,kingpost,ongudai/kayancha_south,6.000,-0.500,4.161,5.126,5.639
analytic,icaro_mastr,kingpost,ongudai/kayancha_south,6.000,-1.000,15.597,14.517,12.465
analytic,icaro_mastr,kingpost,ongudai/kayancha_south,6.000,0.000,0.618,1.906,-2.680
analytic,icaro_piuma,trainer,altai/sinyukha_west,3.000,-0.500,9.538,9.157,9.250
analytic,icaro_piuma,trainer,altai/sinyukha_west,3.000,-1.000,13.755,13.707,13.151
analytic,icaro_piuma,trainer,altai/sinyukha_west,3.000,0.000,5.874,5.470,5.079
analytic,icaro_piuma,trainer,altai/sinyukha_west,6.000,-0.500,1.423,1.774,2.783
analytic,icaro_piuma,trainer,altai/sinyukha_west,6.000,-1.000,5.504,5.525,4.523
analytic,icaro_piuma,trainer,altai/sinyukha_west,6.000,0.000,-0.535,-0.052,-0.737
analytic,icaro_piuma,trainer,askarovo/biyagoda_west,3.000,-0.500,8.760,9.032,9.428
analytic,icaro_piuma,trainer,askarovo/biyagoda_west,3.000,-1.000,13.392,13.108,13.079
analytic,icaro_piuma,trainer,askarovo/biyagoda_west,3.000,0.000,4.324,4.875,5.453
analytic,icaro_piuma,trainer,askarovo/biyagoda_west,6.000,-0.500,2.205,2.210,2.093
analytic,icaro_piuma,trainer,askarovo/biyagoda_west,6.000,-1.000,5.910,5.555,4.537
analytic,icaro_piuma,trainer,askarovo/biyagoda_west,6.000,0.000,0.260,1.605,-0.638
analytic,icaro_piuma,trainer,aushkul/aushtau_east,3.000,-0.500,9.209,9.489,8.692
analytic,icaro_piuma,trainer,aushkul/aushtau_east,3.000,-1.000,13.685,13.141,13.363
analytic,icaro_piuma,trainer,aushkul/aushtau_east,3.000,0.000,5.224,4.494,4.235
analytic,icaro_piuma,trainer,aushkul/aushtau_east,6.000,-0.500,3.056,1.650,2.141
analytic,icaro_piuma,trainer,aushkul/aushtau_east,6.000,-1.000,6.137,5.294,5.798
analytic,icaro_piuma,trainer,aushkul/aushtau_east,6.000,0.000,-0.094,1.153,-0.483
analytic,icaro_piuma,trainer,ongudai/kayancha_south,3.000,-0.500,10.043,10.718,9.665
analytic,icaro_piuma,trainer,ongudai/kayancha_south,3.000,-1.000,14.387,14.507,14.525
analytic,icaro_piuma,trainer,ongudai/kayancha_south,3.000,0.000,5.325,4.486,4.634
analytic,icaro_piuma,trainer,ongudai/kayancha_south,6.000,-0.500,3.199,3.912,2.735
analytic,icaro_piuma,trainer,ongudai/kayancha_south,6.000,-1.000,6.307,5.908,5.105
analytic,icaro_piuma,trainer,ongudai/kayancha_south,6.000,0.000,2.006,1.340,-1.627
analytic,laminar,kingpost,altai/sinyukha_west,3.000,-0.500,13.267,13.243,12.892
analytic,laminar,kingpost,altai/sinyukha_west,3.000,-1.000,20.821,21.101,20.829
analytic,laminar,kingpost,altai/sinyukha_west,3.000,0.000,6.713,6.552,5.679
analytic,laminar,kingpost,altai/sinyukha_west,6.000,-0.500,3.771,4.027,4.338
analytic,laminar,kingpost,altai/sinyukha_west,6.000,-1.000,13.095,12.695,10.138
analytic,laminar,kingpost,altai/sinyukha_west,6.000,0.000,-0.262,0.322,-1.841
analytic,laminar,kingpost,askarovo/biyagoda_west,3.000,-0.500,13.083,13.261,13.215
analytic,laminar,kingpost,askarovo/biyagoda_west,3.000,-1.000,20.212,20.542,19.924
analytic,laminar,kingpost,askarovo/biyagoda_west,3.000,0.000,5.531,5.989,6.527
analytic,laminar,kingpost,askarovo/biyagoda_west,6.000,-0.500,4.952,3.841,3.683
analytic,laminar,kingpost,askarovo/biyagoda_west,6.000,-1.000,15.243,13.107,9.863
analytic,laminar,kingpost,askarovo/biyagoda_west,6.000,0.000,0.414,1.294,-0.656
analytic,laminar,kingpost,aushkul/aushtau_east,3.000,-0.500,13.235,13.487,12.983
analytic,laminar,kingpost,aushkul/aushtau_east,3.000,-1.000,20.668,20.195,20.334
analytic,laminar,kingpost,aushkul/aushtau_east,3.000,0.000,6.234,5.295,4.741
analytic,laminar,kingpost,aushkul/aushtau_east,6.000,-0.500,6.010,5.622,4.741
analytic,laminar,kingpost,aushkul/aushtau_east,6.000,-1.000,12.735,12.048,11.527
analytic,laminar,kingpost,aushkul/aushtau_east,6.000,0.000,0.972,0.894,0.940
analytic,laminar,kingpost,ongudai/kayancha_south,3.000,-0.500,14.517,14.888,14.162
analytic,laminar,kingpost,ongudai/kayancha_south,3.000,-1.000,21.848,21.746,21.636
analytic,laminar,kingpost,ongudai/kayancha_south,3.000,0.000,6.745,6.301,5.745
analytic,laminar,kingpost,ongudai/kayancha_south,6.000,-0.500,4.232,5.071,5.204
analytic,laminar,kingpost,ongudai/kayancha_south,6.000,-1.000,13.298,12.575,10.908
analytic,laminar,kingpost,ongudai/kayancha_south,6.000,0.000,1.881,2.664,-3.139
analytic,magic,kingpost,altai/sinyukha_west,3.000,-0.500,11.837,11.428,11.258
analytic,magic,kingpost,altai/sinyukha_west,3.000,-1.000,17.590,17.938,17.349
analytic,magic,kingpost,altai/sinyukha_west,3.000,0.000,6.495,6.127,5.365
analytic,magic,kingpost,altai/sinyukha_west,6.000,-0.500,3.327,2.712,3.833
analytic,magic,kingpost,altai/sinyukha_west,6.000,-1.000,9.531,9.356,8.405
analytic,magic,kingpost,altai/sinyukha_west,6.000,0.000,-0.673,-0.097,-3.294
analytic,magic,kingpost,askarovo/biyagoda_west,3.000,-0.500,11.412,11.400,11.532
analytic,magic,kingpost,askarovo/biyagoda_west,3.000,-1.000,17.095,17.213,16.873
analytic,magic,kingpost,askarovo/biyagoda_west,3.000,0.000,5.176,5.493,5.947
analytic,magic,kingpost,askarovo/biyagoda_west,6.000,-0.500,3.438,2.982,3.656
analytic,magic,kingpost,askarovo/biyagoda_west,6.000,-1.000,10.639,9.607,6.582
analytic,magic,kingpost,askarovo/biyagoda_west,6.000,0.000,1.067,1.709,1.840
analytic,magic,kingpost,aushkul/aushtau_east,3.000,-0.500,11.327,11.339,11.245
analytic,magic,kingpost,aushkul/aushtau_east,3.000,-1.000,17.559,17.291,17.262
analytic,magic,kingpost,aushkul/aushtau_east,3.000,0.000,6.033,4.846,4.425
analytic,magic,kingpost,aushkul/aushtau_east,6.000,-0.500,4.481,4.463,4.348
analytic,magic,kingpost,aushkul/aushtau_east,6.000,-1.000,9.091,8.968,8.708
analytic,magic,kingpost,aushkul/aushtau_east,6.000,0.000,0.241,1.815,0.492
analytic,magic,kingpost,ongudai/kayancha_south,3.000,-0.500,12.710,13.176,12.369
analytic,magic,kingpost,ongudai/kayancha_south,3.000,-1.000,18.370,18.612,18.221
analytic,magic,kingpost,ongudai/kayancha_south,3.000,0.000,6.209,5.430,5.204
analytic,magic,kingpost,ongudai/kayancha_south,6.000,-0.500,4.820,4.674,4.465
analytic,magic,kingpost,ongudai/kayancha_south,6.000,-1.000,9.339,9.655,7.369
analytic,magic,kingpost,ongudai/kayancha_south,6.000,0.000,0.773,1.293,-2.459
analytic,moyes_gecko,kingpost,altai/sinyukha_west,3.000,-0.500,13.172,13.171,12.816
analytic,moyes_gecko,kingpost,altai/sinyukha_west,3.000,-1.000,20.704,20.988,20.698
analytic,moyes_gecko,kingpost,altai/sinyukha_west,3.000,0.000,6.679,6.511,5.631
analytic,moyes_gecko,kingpost,altai/sinyukha_west,6.000,-0.500,3.721,3.994,4.340
analytic,moyes_gecko,kingpost,altai/sinyukha_west,6.000,-1.000,12.995,12.520,10.022
analytic,moyes_gecko,kingpost,altai/sinyukha_west,6.000,0.000,-0.316,0.312,-1.161
analytic,moyes_gecko,kingpost,askarovo/biyagoda_west,3.000,-0.500,12.994,13.178,13.142
analytic,moyes_gecko,kingpost,askarovo/biyagoda_west,3.000,-1.000,20.104,20.427,19.801
analytic,moyes_gecko,kingpost,askarovo/biyagoda_west,3.000,0.000,5.487,5.932,6.467
analytic,moyes_gecko,kingpost,askarovo/biyagoda_west,6.000,-0.500,4.940,3.793,3.723
analytic,moyes_gecko,kingpost,askarovo/biyagoda_west,6.000,-1.000,15.137,12.998,9.746
analytic,moyes_gecko,kingpost,askarovo/biyagoda_west,6.000,0.000,0.124,-0.855,0.468
analytic,moyes_gecko,kingpost,aushkul/aushtau_east,3.000,-0.500,13.139,13.407,12.890
analytic,moyes_gecko,kingpost,aushkul/aushtau_east,3.000,-1.000,20.548,20.077,20.227
analytic,moyes_gecko,kingpost,aushkul/aushtau_east,3.000,0.000,6.180,5.236,4.696
analytic,moyes_gecko,kingpost,aushkul/aushtau_east,6.000,-0.500,5.945,5.533,4.713
analytic,moyes_gecko,kingpost,aushkul/aushtau_east,6.000,-1.000,12.606,11.903,11.423
analytic,moyes_gecko,kingpost,aushkul/aushtau_east,6.000,0.000,0.044,1.077,0.839
analytic,moyes_gecko,kingpost,ongudai/kayancha_south,3.000,-0.500,14.427,14.822,14.080
analytic,moyes_gecko,kingpost,ongudai/kayancha_south,3.000,-1.000,21.727,21.622,21.513
analytic,moyes_gecko,kingpost,ongudai/kayancha_south,3.000,0.000,6.705,6.216,5.697
analytic,moyes_gecko,kingpost,ongudai/kayancha_south,6.000,-0.500,4.208,5.052,5.120
analytic,moyes_gecko,kingpost,ongudai/kayancha_south,6.000,-1.000,13.237,12.498,10.797
analytic,moyes_gecko,kingpost,ongudai/kayancha_south,6.000,0.000,1.527,2.235,-3.060
analytic,moyes_litespeed_rx,topless,altai/sinyukha_west,3.000,-0.500,15.061,14.845,14.379
analytic,moyes_litespeed_rx,topless,altai/sinyukha_west,3.000,-1.000,23.493,23.634,23.752
analytic,moyes_litespeed_rx,topless,altai/sinyukha_west,3.000,0.000,6.842,6.785,5.773
analytic,moyes_litespeed_rx,topless,altai/sinyukha_west,6.000,-0.500,5.297,4.980,5.445
analytic,moyes_litespeed_rx,topless,altai/sinyukha_west,6.000,-1.000,16.517,15.522,13.590
analytic,moyes_litespeed_rx,topless,altai/sinyukha_west,6.000,0.000,0.444,1.703,-0.337
analytic,moyes_litespeed_rx,topless,askarovo/biyagoda_west,3.000,-0.500,14.690,14.652,14.524
analytic,moyes_litespeed_rx,topless,askarovo/biyagoda_west,3.000,-1.000,22.853,23.231,22.400
analytic,moyes_litespeed_rx,topless,askarovo/biyagoda_west,3.000,0.000,5.965,6.282,6.805
analytic,moyes_litespeed_rx,topless,askarovo/biyagoda_west,6.000,-0.500,4.857,4.851,4.586
analytic,moyes_litespeed_rx,topless,askarovo/biyagoda_west,6.000,-1.000,17.584,16.438,13.986
analytic,moyes_litespeed_rx,topless,askarovo/biyagoda_west,6.000,0.000,0.633,0.474,-0.014
analytic,moyes_litespeed_rx,topless,aushkul/aushtau_east,3.000,-0.500,14.831,14.980,14.665
analytic,moyes_litespeed_rx,topless,aushkul/aushtau_east,3.000,-1.000,23.238,22.998,22.713
analytic,moyes_litespeed_rx,topless,aushkul/aushtau_east,3.000,0.000,6.387,5.634,5.047
analytic,moyes_litespeed_rx,topless,aushkul/aushtau_east,6.000,-0.500,6.989,7.101,5.602
analytic,moyes_litespeed_rx,topless,aushkul/aushtau_east,6.000,-1.000,16.789,14.912,14.509
analytic,moyes_litespeed_rx,topless,aushkul/aushtau_east,6.000,0.000,2.129,0.024,-2.233
analytic,moyes_litespeed_rx,topless,ongudai/kayancha_south,3.000,-0.500,16.124,16.093,15.465
analytic,moyes_litespeed_rx,topless,ongudai/kayancha_south,3.000,-1.000,24.900,24.656,24.425
analytic,moyes_litespeed_rx,topless,ongudai/kayancha_south,3.000,0.000,7.073,6.566,6.119
analytic,moyes_litespeed_rx,topless,ongudai/kayancha_south,6.000,-0.500,6.689,5.275,6.159
analytic,moyes_litespeed_rx,topless,ongudai/kayancha_south,6.000,-1.000,16.786,15.945,14.314
analytic,moyes_litespeed_rx,topless,ongudai/kayancha_south,6.000,0.000,1.274,1.891,-2.104
analytic,moyes_litespeed_s,topless,altai/sinyukha_west,3.000,-0.500,15.398,15.152,14.647
analytic,moyes_litespeed_s,topless,altai/sinyukha_west,3.000,-1.000,23.862,24.006,24.154
analytic,moyes_litespeed_s,topless,altai/sinyukha_west,3.000,0.000,6.967,6.892,5.917
analytic,moyes_litespeed_s,topless,altai/sinyukha_west,6.000,-0.500,5.501,5.149,5.745
analytic,moyes_litespeed_s,topless,altai/sinyukha_west,6.000,-1.000,16.872,15.898,13.960
analytic,moyes_litespeed_s,topless,altai/sinyukha_west,6.000,0.000,0.582,1.475,-0.360
analytic,moyes_litespeed_s,topless,askarovo/biyagoda_west,3.000,-0.500,15.000,14.886,14.749
analytic,moyes_litespeed_s,topless,askarovo/biyagoda_west,3.000,-1.000,23.226,23.622,22.804
analytic,moyes_litespeed_s,topless,askarovo/biyagoda_west,3.000,0.000,6.088,6.459,6.963
analytic,moyes_litespeed_s,topless,askarovo/biyagoda_west,6.000,-0.500,4.986,5.023,4.668
analytic,moyes_litespeed_s,topless,askarovo/biyagoda_west,6.000,-1.000,17.894,17.086,14.482
analytic,moyes_litespeed_s,topless,askarovo/biyagoda_west,6.000,0.000,0.744,0.458,0.046
analytic,moyes_litespeed_s,topless,aushkul/aushtau_east,3.000,-0.500,15.071,15.245,14.983
analytic,moyes_litespeed_s,topless,aushkul/aushtau_east,3.000,-1.000,23.607,23.401,23.099
analytic,moyes_litespeed_s,topless,aushkul/aushtau_east,3.000,0.000,6.542,5.832,5.208
analytic,moyes_litespeed_s,topless,aushkul/aushtau_east,6.000,-0.500,7.174,7.326,5.829
analytic,moyes_litespeed_s,topless,aushkul/aushtau_east,6.000,-1.000,17.333,15.358,14.852
analytic,moyes_litespeed_s,topless,aushkul/aushtau_east,6.000,0.000,0.930,0.245,1.097
analytic,moyes_litespeed_s,topless,ongudai/kayancha_south,3.000,-0.500,16.411,16.326,15.688
analytic,moyes_litespeed_s,topless,ongudai/kayancha_south,3.000,-1.000,25.325,25.058,24.836
analytic,moyes_litespeed_s,topless,ongudai/kayancha_south,3.000,0.000,7.164,6.753,6.236
analytic,moyes_litespeed_s,topless,ongudai/kayancha_south,6.000,-0.500,6.968,5.330,6.246
analytic,moyes_litespeed_s,topless,ongudai/kayancha_south,6.000,-1.000,17.393,16.376,14.843
analytic,moyes_litespeed_s,topless,ongudai/kayancha_south,6.000,0.000,1.093,0.896,-1.535
analytic,moyes_litesport,kingpost,altai/sinyukha_west,3.000,-0.500,13.925,13.772,13.391
analytic,moyes_litesport,kingpost,altai/sinyukha_west,3.000,-1.000,21.581,21.819,21.645
analytic,moyes_litesport,kingpost,altai/sinyukha_west,3.000,0.000,7.036,6.820,6.001
analytic,moyes_litesport,kingpost,altai/sinyukha_west,6.000,-0.500,4.276,4.329,4.581
analytic,moyes_litesport,kingpost,altai/sinyukha_west,6.000,-1.000,13.791,13.545,10.765
analytic,moyes_litesport,kingpost,altai/sinyukha_west,6.000,0.000,0.047,1.122,1.996
analytic,moyes_litesport,kingpost,askarovo/biyagoda_west,3.000,-0.500,13.675,13.782,13.685
analytic,moyes_litesport,kingpost,askarovo/biyagoda_west,3.000,-1.000,20.925,21.290,20.709
analytic,moyes_litesport,kingpost,askarovo/biyagoda_west,3.000,0.000,5.956,6.374,6.853
analytic,moyes_litesport,kingpost,askarovo/biyagoda_west,6.000,-0.500,4.865,4.185,3.995
analytic,moyes_litesport,kingpost,askarovo/biyagoda_west,6.000,-1.000,16.106,13.756,10.714
analytic,moyes_litesport,kingpost,askarovo/biyagoda_west,6.000,0.000,0.782,0.448,0.836
analytic,moyes_litesport,kingpost,aushkul/aushtau_east,3.000,-0.500,13.849,14.018,13.593
analytic,moyes_litesport,kingpost,aushkul/aushtau_east,3.000,-1.000,21.447,20.962,21.059
analytic,moyes_litesport,kingpost,aushkul/aushtau_east,3.000,0.000,6.650,5.696,5.085
analytic,moyes_litesport,kingpost,aushkul/aushtau_east,6.000,-0.500,6.375,6.212,4.955
analytic,moyes_litesport,kingpost,aushkul/aushtau_east,6.000,-1.000,13.568,12.847,12.192
analytic,moyes_litesport,kingpost,aushkul/aushtau_east,6.000,0.000,0.954,1.271,1.641
analytic,moyes_litesport,kingpost,ongudai/kayancha_south,3.000,-0.500,15.114,15.317,14.678
analytic,moyes_litesport,kingpost,ongudai/kayancha_south,3.000,-1.000,22.621,22.540,22.429
analytic,moyes_litesport,kingpost,ongudai/kayancha_south,3.000,0.000,6.978,6.796,6.039
analytic,moyes_litesport,kingpost,ongudai/kayancha_south,6.000,-0.500,5.023,5.182,5.616
analytic,moyes_litesport,kingpost,ongudai/kayancha_south,6.000,-1.000,13.977,13.217,11.647
analytic,moyes_litesport,kingpost,ongudai/kayancha_south,6.000,0.000,1.928,2.454,-1.999
analytic,moyes_malibu2,trainer,altai/sinyukha_west,3.000,-0.500,9.822,9.433,9.529
analytic,moyes_malibu2,trainer,altai/sinyukha_west,3.000,-1.000,14.111,14.098,13.473
analytic,moyes_malibu2,trainer,altai/sinyukha_west,3.000,0.000,6.130,5.631,5.219
analytic,moyes_malibu2,trainer,altai/sinyukha_west,6.000,-0.500,1.509,1.747,2.908
analytic,moyes_malibu2,trainer,altai/sinyukha_west,6.000,-1.000,5.784,5.882,4.822
analytic,moyes_malibu2,trainer,altai/sinyukha_west,6.000,0.000,-0.585,-0.195,-0.476
analytic,moyes_malibu2,trainer,askarovo/biyagoda_west,3.000,-0.500,9.167,9.347,9.719
analytic,moyes_malibu2,trainer,askarovo/biyagoda_west,3.000,-1.000,13.706,13.469,13.387
analytic,moyes_malibu2,trainer,askarovo/biyagoda_west,3.000,0.000,4.616,4.977,5.614
analytic,moyes_malibu2,trainer,askarovo/biyagoda_west,6.000,-0.500,2.363,2.148,1.941
analytic,moyes_malibu2,trainer,askarovo/biyagoda_west,6.000,-1.000,5.783,5.661,4.713
analytic,moyes_malibu2,trainer,askarovo/biyagoda_west,6.000,0.000,0.322,2.042,0.749
analytic,moyes_malibu2,trainer,aushkul/aushtau_east,3.000,-0.500,9.419,9.731,9.049
analytic,moyes_malibu2,trainer,aushkul/aushtau_east,3.000,-1.000,14.084,13.524,13.754
analytic,moyes_malibu2,trainer,aushkul/aushtau_east,3.000,0.000,5.502,4.668,4.319
analytic,moyes_malibu2,trainer,aushkul/aushtau_east,6.000,-0.500,3.265,1.870,2.242
analytic,moyes_malibu2,trainer,aushkul/aushtau_east,6.000,-1.000,6.461,5.777,6.168
analytic,moyes_malibu2,trainer,aushkul/aushtau_east,6.000,0.000,0.389,1.223,-0.037
analytic,moyes_malibu2,trainer,ongudai/kayancha_south,3.000,-0.500,10.376,11.031,9.993
analytic,moyes_malibu2,trainer,ongudai/kayancha_south,3.000,-1.000,14.737,14.859,14.829
analytic,moyes_malibu2,trainer,ongudai/kayancha_south,3.000,0.000,5.554,4.731,4.737
analytic,moyes_malibu2,trainer,ongudai/kayancha_south,6.000,-0.500,3.231,4.105,3.045
analytic,moyes_malibu2,trainer,ongudai/kayancha_south,6.000,-1.000,6.488,6.309,5.340
analytic,moyes_malibu2,trainer,ongudai/kayancha_south,6.000,0.000,1.262,1.262,-2.555
analytic,seed_skyrunner_xr,kingpost,altai/sinyukha_west,3.000,-0.500,13.694,13.583,13.219
analytic,seed_skyrunner_xr,kingpost,altai/sinyukha_west,3.000,-1.000,21.320,21.573,21.367
analytic,seed_skyrunner_xr,kingpost,altai/sinyukha_west,3.000,0.000,6.901,6.730,5.895
analytic,seed_skyrunner_xr,kingpost,altai/sinyukha_west,6.000,-0.500,4.044,4.214,4.468
analytic,seed_skyrunner_xr,kingpost,altai/sinyukha_west,6.000,-1.000,13.537,13.285,10.541
analytic,seed_skyrunner_xr,kingpost,altai/sinyukha_west,6.000,0.000,-0.194,0.743,-0.210
analytic,seed_skyrunner_xr,kingpost,askarovo/biyagoda_west,3.000,-0.500,13.469,13.610,13.524
analytic,seed_skyrunner_xr,kingpost,askarovo/biyagoda_west,3.000,-1.000,20.679,21.034,20.439
analytic,seed_skyrunner_xr,kingpost,askarovo/biyagoda_west,3.000,0.000,5.793,6.249,6.756
analytic,seed_skyrunner_xr,kingpost,askarovo/biyagoda_west,6.000,-0.500,4.939,4.062,3.750
analytic,seed_skyrunner_xr,kingpost,askarovo/biyagoda_west,6.000,-1.000,15.771,13.531,10.401
analytic,seed_skyrunner_xr,kingpost,askarovo/biyagoda_west,6.000,0.000,0.029,0.886,-1.582
analytic,seed_skyrunner_xr,kingpost,aushkul/aushtau_east,3.000,-0.500,13.644,13.834,13.384
analytic,seed_skyrunner_xr,kingpost,aushkul/aushtau_east,3.000,-1.000,21.179,20.696,20.810
analytic,seed_skyrunner_xr,kingpost,aushkul/aushtau_east,3.000,0.000,6.499,5.564,4.962
analytic,seed_skyrunner_xr,kingpost,aushkul/aushtau_east,6.000,-0.500,6.257,6.012,4.866
analytic,seed_skyrunner_xr,kingpost,aushkul/aushtau_east,6.000,-1.000,13.272,12.602,11.963
analytic,seed_skyrunner_xr,kingpost,aushkul/aushtau_east,6.000,0.000,0.443,0.732,1.270
analytic,seed_skyrunner_xr,kingpost,ongudai/kayancha_south,3.000,-0.500,14.908,15.171,14.502
analytic,seed_skyrunner_xr,kingpost,ongudai/kayancha_south,3.000,-1.000,22.355,22.268,22.157
analytic,seed_skyrunner_xr,kingpost,ongudai/kayancha_south,3.000,0.000,6.903,6.646,5.945
analytic,seed_skyrunner_xr,kingpost,ongudai/kayancha_south,6.000,-0.500,4.623,5.147,5.520
analytic,seed_skyrunner_xr,kingpost,ongudai/kayancha_south,6.000,-1.000,13.716,12.984,11.389
analytic,seed_skyrunner_xr,kingpost,ongudai/kayancha_south,6.000,0.000,1.881,2.391,-3.014
analytic,seed_spyder,topless,altai/sinyukha_west,3.000,-0.500,15.409,15.158,14.655
analytic,seed_spyder,topless,altai/sinyukha_west,3.000,-1.000,23.873,24.015,24.159
analytic,seed_spyder,topless,altai/sinyukha_west,3.000,0.000,6.980,6.903,5.931
analytic,seed_spyder,topless,altai/sinyukha_west,6.000,-0.500,5.514,5.144,5.787
analytic,seed_spyder,topless,altai/sinyukha_west,6.000,-1.000,16.882,15.910,13.942
analytic,seed_spyder,topless,altai/sinyukha_west,6.000,0.000,0.596,1.547,-0.366
analytic,seed_spyder,topless,askarovo/biyagoda_west,3.000,-0.500,15.012,14.895,14.761
analytic,seed_spyder,topless,askarovo/biyagoda_west,3.000,-1.000,23.232,23.630,22.812
analytic,seed_spyder,topless,askarovo/biyagoda_west,3.000,0.000,6.102,6.474,6.975
analytic,seed_spyder,topless,askarovo/biyagoda_west,6.000,-0.500,4.981,5.040,4.698
analytic,seed_spyder,topless,askarovo/biyagoda_west,6.000,-1.000,17.907,17.096,14.493
analytic,seed_spyder,topless,askarovo/biyagoda_west,6.000,0.000,0.827,0.975,0.297
analytic,seed_spyder,topless,aushkul/aushtau_east,3.000,-0.500,15.080,15.260,14.992
analytic,seed_spyder,topless,aushkul/aushtau_east,3.000,-1.000,23.611,23.412,23.112
analytic,seed_spyder,topless,aushkul/aushtau_east,3.000,0.000,6.557,5.847,5.224
analytic,seed_spyder,topless,aushkul/aushtau_east,6.000,-0.500,7.180,7.336,5.840
analytic,seed_spyder,topless,aushkul/aushtau_east,6.000,-1.000,17.344,15.388,14.860
analytic,seed_spyder,topless,aushkul/aushtau_east,6.000,0.000,-1.209,0.280,1.480
analytic,seed_spyder,topless,ongudai/kayancha_south,3.000,-0.500,16.423,16.340,15.701
analytic,seed_spyder,topless,ongudai/kayancha_south,3.000,-1.000,25.333,25.071,24.845
analytic,seed_spyder,topless,ongudai/kayancha_south,3.000,0.000,7.171,6.772,6.247
analytic,seed_spyder,topless,ongudai/kayancha_south,6.000,-0.500,6.981,5.323,6.249
analytic,seed_spyder,topless,ongudai/kayancha_south,6.000,-1.000,17.416,16.394,14.842
analytic,seed_spyder,topless,ongudai/kayancha_south,6.000,0.000,1.169,1.580,-1.435
analytic,slavutich_ut,soviet,altai/sinyukha_west,3.000,-0.500,8.717,8.810,8.475
analytic,slavutich_ut,soviet,altai/sinyukha_west,3.000,-1.000,12.422,11.979,11.990
analytic,slavutich_ut,soviet,altai/sinyukha_west,3.000,0.000,5.150,4.878,4.494
analytic,slavutich_ut,soviet,altai/sinyukha_west,6.000,-0.500,1.268,2.017,2.621
analytic,slavutich_ut,soviet,altai/sinyukha_west,6.000,-1.000,7.551,5.190,5.520
analytic,slavutich_ut,soviet,altai/sinyukha_west,6.000,0.000,0.864,0.179,-0.232
analytic,slavutich_ut,soviet,askarovo/biyagoda_west,3.000,-0.500,8.312,7.679,8.203
analytic,slavutich_ut,soviet,askarovo/biyagoda_west,3.000,-1.000,12.214,11.580,11.794
analytic,slavutich_ut,soviet,askarovo/biyagoda_west,3.000,0.000,3.922,3.406,4.415
analytic,slavutich_ut,soviet,askarovo/biyagoda_west,6.000,-0.500,2.120,3.162,1.710
analytic,slavutich_ut,soviet,askarovo/biyagoda_west,6.000,-1.000,5.966,3.203,4.285
analytic,slavutich_ut,soviet,askarovo/biyagoda_west,6.000,0.000,-0.070,1.310,-1.867
analytic,slavutich_ut,soviet,aushkul/aushtau_east,3.000,-0.500,8.413,8.608,8.257
analytic,slavutich_ut,soviet,aushkul/aushtau_east,3.000,-1.000,12.460,12.115,11.570
analytic,slavutich_ut,soviet,aushkul/aushtau_east,3.000,0.000,4.488,4.431,4.568
analytic,slavutich_ut,soviet,aushkul/aushtau_east,6.000,-0.500,2.077,2.119,2.754
analytic,slavutich_ut,soviet,aushkul/aushtau_east,6.000,-1.000,4.064,4.509,4.326
analytic,slavutich_ut,soviet,aushkul/aushtau_east,6.000,0.000,0.178,2.148,-0.494
analytic,slavutich_ut,soviet,ongudai/kayancha_south,3.000,-0.500,9.199,9.218,8.803
analytic,slavutich_ut,soviet,ongudai/kayancha_south,3.000,-1.000,12.727,12.943,13.084
analytic,slavutich_ut,soviet,ongudai/kayancha_south,3.000,0.000,4.941,5.060,4.443
analytic,slavutich_ut,soviet,ongudai/kayancha_south,6.000,-0.500,3.382,2.636,2.891
analytic,slavutich_ut,soviet,ongudai/kayancha_south,6.000,-1.000,6.416,6.486,6.114
analytic,slavutich_ut,soviet,ongudai/kayancha_south,6.000,0.000,0.665,1.883,0.278
analytic,sport,topless,altai/sinyukha_west,3.000,-0.500,14.901,14.700,14.252
analytic,sport,topless,altai/sinyukha_west,3.000,-1.000,23.327,23.466,23.562
analytic,sport,topless,altai/sinyukha_west,3.000,0.000,6.788,6.730,5.704
analytic,sport,topless,altai/sinyukha_west,6.000,-0.500,5.197,4.902,5.315
analytic,sport,topless,altai/sinyukha_west,6.000,-1.000,16.363,15.350,13.406
analytic,sport,topless,altai/sinyukha_west,6.000,0.000,-0.183,1.375,-0.529
analytic,sport,topless,askarovo/biyagoda_west,3.000,-0.500,14.546,14.543,14.420
analytic,sport,topless,askarovo/biyagoda_west,3.000,-1.000,22.675,23.052,22.218
analytic,sport,topless,askarovo/biyagoda_west,3.000,0.000,5.903,6.185,6.726
analytic,sport,topless,askarovo/biyagoda_west,6.000,-0.500,4.680,4.774,4.525
analytic,sport,topless,askarovo/biyagoda_west,6.000,-1.000,17.444,16.131,13.741
analytic,sport,topless,askarovo/biyagoda_west,6.000,0.000,-0.020,0.346,0.262
analytic,sport,topless,aushkul/aushtau_east,3.000,-0.500,14.717,14.859,14.516
analytic,sport,topless,aushkul/aushtau_east,3.000,-1.000,23.065,22.817,22.545
analytic,sport,topless,aushkul/aushtau_east,3.000,0.000,6.302,5.528,4.972
analytic,sport,topless,aushkul/aushtau_east,6.000,-0.500,6.900,6.992,5.498
analytic,sport,topless,aushkul/aushtau_east,6.000,-1.000,16.493,14.720,14.331
analytic,sport,topless,aushkul/aushtau_east,6.000,0.000,-1.177,-0.045,1.197
analytic,sport,topless,ongudai/kayancha_south,3.000,-0.500,15.984,15.987,15.359
analytic,sport,topless,ongudai/kayancha_south,3.000,-1.000,24.703,24.476,24.237
analytic,sport,topless,ongudai/kayancha_south,3.000,0.000,7.024,6.471,6.055
analytic,sport,topless,ongudai/kayancha_south,6.000,-0.500,6.572,5.253,6.111
analytic,sport,topless,ongudai/kayancha_south,6.000,-1.000,16.558,15.728,14.060
analytic,sport,topless,ongudai/kayancha_south,6.000,0.000,1.194,-2.765,-2.442
analytic,target,trainer,altai/sinyukha_west,3.000,-0.500,9.525,9.762,9.190
analytic,target,trainer,altai/sinyukha_west,3.000,-1.000,13.712,13.416,12.946
analytic,target,trainer,altai/sinyukha_west,3.000,0.000,5.779,5.178,5.075
analytic,target,trainer,altai/sinyukha_west,6.000,-0.500,1.790,2.216,2.849
analytic,target,trainer,altai/sinyukha_west,6.000,-1.000,8.521,6.542,5.355
analytic,target,trainer,altai/sinyukha_west,6.000,0.000,-0.214,0.025,0.481
analytic,target,trainer,askarovo/biyagoda_west,3.000,-0.500,9.089,8.822,9.029
analytic,target,trainer,askarovo/biyagoda_west,3.000,-1.000,13.322,13.067,13.006
analytic,target,trainer,askarovo/biyagoda_west,3.000,0.000,4.246,4.030,5.012
analytic,target,trainer,askarovo/biyagoda_west,6.000,-0.500,1.980,2.480,2.109
analytic,target,trainer,askarovo/biyagoda_west,6.000,-1.000,7.357,3.941,3.585
analytic,target,trainer,askarovo/biyagoda_west,6.000,0.000,0.104,2.159,-0.874
analytic,target,trainer,aushkul/aushtau_east,3.000,-0.500,9.060,9.200,9.106
analytic,target,trainer,aushkul/aushtau_east,3.000,-1.000,13.274,13.187,13.118
analytic,target,trainer,aushkul/aushtau_east,3.000,0.000,4.933,4.620,4.803
analytic,target,trainer,aushkul/aushtau_east,6.000,-0.500,1.951,2.064,3.019
analytic,target,trainer,aushkul/aushtau_east,6.000,-1.000,5.304,5.859,4.912
analytic,target,trainer,aushkul/aushtau_east,6.000,0.000,0.251,1.518,-0.948
analytic,target,trainer,ongudai/kayancha_south,3.000,-0.500,9.830,10.217,9.812
analytic,target,trainer,ongudai/kayancha_south,3.000,-1.000,14.121,14.078,14.274
analytic,target,trainer,ongudai/kayancha_south,3.000,0.000,5.080,5.167,4.482
analytic,target,trainer,ongudai/kayancha_south,6.000,-0.500,3.952,3.796,2.560
analytic,target,trainer,ongudai/kayancha_south,6.000,-1.000,6.755,6.985,6.463
analytic,target,trainer,ongudai/kayancha_south,6.000,0.000,0.996,1.749,-1.628
analytic,training,trainer,altai/sinyukha_west,3.000,-0.500,9.522,9.142,9.235
analytic,training,trainer,altai/sinyukha_west,3.000,-1.000,13.736,13.686,13.133
analytic,training,trainer,altai/sinyukha_west,3.000,0.000,5.860,5.461,5.070
analytic,training,trainer,altai/sinyukha_west,6.000,-0.500,1.415,1.773,2.778
analytic,training,trainer,altai/sinyukha_west,6.000,-1.000,5.473,5.497,4.508
analytic,training,trainer,altai/sinyukha_west,6.000,0.000,-0.538,0.039,-0.761
analytic,training,trainer,askarovo/biyagoda_west,3.000,-0.500,8.737,9.014,9.412
analytic,training,trainer,askarovo/biyagoda_west,3.000,-1.000,13.376,13.090,13.063
analytic,training,trainer,askarovo/biyagoda_west,3.000,0.000,4.308,4.867,5.443
analytic,training,trainer,askarovo/biyagoda_west,6.000,-0.500,2.201,2.235,2.094
analytic,training,trainer,askarovo/biyagoda_west,6.000,-1.000,5.856,5.548,4.529
analytic,training,trainer,askarovo/biyagoda_west,6.000,0.000,0.294,1.393,-0.104
analytic,training,trainer,aushkul/aushtau_east,3.000,-0.500,9.198,9.475,8.673
analytic,training,trainer,aushkul/aushtau_east,3.000,-1.000,13.661,13.119,13.343
analytic,training,trainer,aushkul/aushtau_east,3.000,0.000,5.207,4.484,4.233
analytic,training,trainer,aushkul/aushtau_east,6.000,-0.500,3.039,1.647,2.140
analytic,training,trainer,aushkul/aushtau_east,6.000,-1.000,6.120,5.267,5.782
analytic,training,trainer,aushkul/aushtau_east,6.000,0.000,0.547,1.155,-0.495
analytic,training,trainer,ongudai/kayancha_south,3.000,-0.500,10.025,10.700,9.646
analytic,training,trainer,ongudai/kayancha_south,3.000,-1.000,14.368,14.489,14.508
analytic,training,trainer,ongudai/kayancha_south,3.000,0.000,5.313,4.469,4.629
analytic,training,trainer,ongudai/kayancha_south,6.000,-0.500,3.198,3.897,2.715
analytic,training,trainer,ongudai/kayancha_south,6.000,-1.000,6.328,5.889,5.090
analytic,training,trainer,ongudai/kayancha_south,6.000,0.000,2.115,1.343,-1.578
analytic,ww_cross_country,kingpost,altai/sinyukha_west,3.000,-0.500,12.803,12.134,12.031
analytic,ww_cross_country,kingpost,altai/sinyukha_west,3.000,-1.000,18.705,19.053,18.586
analytic,ww_cross_country,kingpost,altai/sinyukha_west,3.000,0.000,6.903,6.527,5.862
analytic,ww_cross_country,kingpost,altai/sinyukha_west,6.000,-0.500,3.871,2.895,4.397
analytic,ww_cross_country,kingpost,altai/sinyukha_west,6.000,-1.000,10.799,10.423,9.319
analytic,ww_cross_country,kingpost,altai/sinyukha_west,6.000,0.000,0.278,1.888,-1.514
analytic,ww_cross_country,kingpost,askarovo/biyagoda_west,3.000,-0.500,12.358,12.369,12.199
analytic,ww_cross_country,kingpost,askarovo/biyagoda_west,3.000,-1.000,18.144,18.323,17.864
analytic,ww_cross_country,kingpost,askarovo/biyagoda_west,3.000,0.000,5.724,6.044,6.517
analytic,ww_cross_country,kingpost,askarovo/biyagoda_west,6.000,-0.500,3.700,3.239,3.954
analytic,ww_cross_country,kingpost,askarovo/biyagoda_west,6.000,-1.000,12.594,10.817,7.770
analytic,ww_cross_country,kingpost,askarovo/biyagoda_west,6.000,0.000,-0.109,0.679,1.238
analytic,ww_cross_country,kingpost,aushkul/aushtau_east,3.000,-0.500,12.155,11.915,12.162
analytic,ww_cross_country,kingpost,aushkul/aushtau_east,3.000,-1.000,18.589,18.297,18.275
analytic,ww_cross_country,kingpost,aushkul/aushtau_east,3.000,0.000,6.629,5.435,4.855
analytic,ww_cross_country,kingpost,aushkul/aushtau_east,6.000,-0.500,5.136,4.448,4.713
analytic,ww_cross_country,kingpost,aushkul/aushtau_east,6.000,-1.000,10.428,9.744,9.576
analytic,ww_cross_country,kingpost,aushkul/aushtau_east,6.000,0.000,-1.053,1.957,1.862
analytic,ww_cross_country,kingpost,ongudai/kayancha_south,3.000,-0.500,13.545,13.949,13.306
analytic,ww_cross_country,kingpost,ongudai/kayancha_south,3.000,-1.000,19.609,19.740,19.431
analytic,ww_cross_country,kingpost,ongudai/kayancha_south,3.000,0.000,6.692,6.323,5.733
analytic,ww_cross_country,kingpost,ongudai/kayancha_south,6.000,-0.500,5.106,4.998,4.991
analytic,ww_cross_country,kingpost,ongudai/kayancha_south,6.000,-1.000,10.919,10.347,8.436
analytic,ww_cross_country,kingpost,ongudai/kayancha_south,6.000,0.000,1.509,2.227,-0.797
analytic,ww_eagle,kingpost,altai/sinyukha_west,3.000,-0.500,11.819,11.412,11.244
analytic,ww_eagle,kingpost,altai/sinyukha_west,3.000,-1.000,17.569,17.919,17.331
analytic,ww_eagle,kingpost,altai/sinyukha_west,3.000,0.000,6.483,6.114,5.351
analytic,ww_eagle,kingpost,altai/sinyukha_west,6.000,-0.500,3.304,2.701,3.787
analytic,ww_eagle,kingpost,altai/sinyukha_west,6.000,-1.000,9.511,9.336,8.378
analytic,ww_eagle,kingpost,altai/sinyukha_west,6.000,0.000,-0.668,-0.305,-2.497
analytic,ww_eagle,kingpost,askarovo/biyagoda_west,3.000,-0.500,11.392,11.381,11.517
analytic,ww_eagle,kingpost,askarovo/biyagoda_west,3.000,-1.000,17.077,17.191,16.855
analytic,ww_eagle,kingpost,askarovo/biyagoda_west,3.000,0.000,5.158,5.480,5.931
analytic,ww_eagle,kingpost,askarovo/biyagoda_west,6.000,-0.500,3.461,2.971,3.646
analytic,ww_eagle,kingpost,askarovo/biyagoda_west,6.000,-1.000,10.600,9.560,6.558
analytic,ww_eagle,kingpost,askarovo/biyagoda_west,6.000,0.000,1.057,1.929,-1.703
analytic,ww_eagle,kingpost,aushkul/aushtau_east,3.000,-0.500,11.309,11.327,11.229
analytic,ww_eagle,kingpost,aushkul/aushtau_east,3.000,-1.000,17.535,17.269,17.240
analytic,ww_eagle,kingpost,aushkul/aushtau_east,3.000,0.000,6.011,4.833,4.415
analytic,ww_eagle,kingpost,aushkul/aushtau_east,6.000,-0.500,4.465,4.474,4.333
analytic,ww_eagle,kingpost,aushkul/aushtau_east,6.000,-1.000,9.064,8.945,8.693
analytic,ww_eagle,kingpost,aushkul/aushtau_east,6.000,0.000,-0.146,1.711,0.468
analytic,ww_eagle,kingpost,ongudai/kayancha_south,3.000,-0.500,12.693,13.159,12.349
analytic,ww_eagle,kingpost,ongudai/kayancha_south,3.000,-1.000,18.349,18.593,18.206
analytic,ww_eagle,kingpost,ongudai/kayancha_south,3.000,0.000,6.198,5.407,5.194
analytic,ww_eagle,kingpost,ongudai/kayancha_south,6.000,-0.500,4.827,4.653,4.452
analytic,ww_eagle,kingpost,ongudai/kayancha_south,6.000,-1.000,9.315,9.639,7.360
analytic,ww_eagle,kingpost,ongudai/kayancha_south,6.000,0.000,0.985,1.470,-2.525
analytic,ww_fusion,topless,altai/sinyukha_west,3.000,-0.500,15.051,14.837,14.372
analytic,ww_fusion,topless,altai/sinyukha_west,3.000,-1.000,23.492,23.633,23.751
analytic,ww_fusion,topless,altai/sinyukha_west,3.000,0.000,6.831,6.774,5.761
analytic,ww_fusion,topless,altai/sinyukha_west,6.000,-0.500,5.292,4.977,5.443
analytic,ww_fusion,topless,altai/sinyukha_west,6.000,-1.000,16.516,15.521,13.589
analytic,ww_fusion,topless,altai/sinyukha_west,6.000,0.000,-0.183,1.652,-0.682
analytic,ww_fusion,topless,askarovo/biyagoda_west,3.000,-0.500,14.681,14.647,14.519
analytic,ww_fusion,topless,askarovo/biyagoda_west,3.000,-1.000,22.852,23.230,22.399
analytic,ww_fusion,topless,askarovo/biyagoda_west,3.000,0.000,5.953,6.263,6.790
analytic,ww_fusion,topless,askarovo/biyagoda_west,6.000,-0.500,4.842,4.847,4.582
analytic,ww_fusion,topless,askarovo/biyagoda_west,6.000,-1.000,17.584,16.443,13.986
analytic,ww_fusion,topless,askarovo/biyagoda_west,6.000,0.000,0.364,0.528,0.704
analytic,ww_fusion,topless,aushkul/aushtau_east,3.000,-0.500,14.825,14.974,14.656
analytic,ww_fusion,topless,aushkul/aushtau_east,3.000,-1.000,23.237,22.996,22.711
analytic,ww_fusion,topless,aushkul/aushtau_east,3.000,0.000,6.371,5.614,5.031
analytic,ww_fusion,topless,aushkul/aushtau_east,6.000,-0.500,6.984,7.095,5.596
analytic,ww_fusion,topless,aushkul/aushtau_east,6.000,-1.000,16.791,14.912,14.506
analytic,ww_fusion,topless,aushkul/aushtau_east,6.000,0.000,1.002,0.619,-2.433
analytic,ww_fusion,topless,ongudai/kayancha_south,3.000,-0.500,16.115,16.086,15.458
analytic,ww_fusion,topless,ongudai/kayancha_south,3.000,-1.000,24.898,24.654,24.424
analytic,ww_fusion,topless,ongudai/kayancha_south,3.000,0.000,7.063,6.548,6.106
analytic,ww_fusion,topless,ongudai/kayancha_south,6.000,-0.500,6.681,5.273,6.157
analytic,ww_fusion,topless,ongudai/kayancha_south,6.000,-1.000,16.791,15.945,14.318
analytic,ww_fusion,topless,ongudai/kayancha_south,6.000,0.000,1.292,2.157,-2.168
analytic,ww_spectrum,trainer,altai/sinyukha_west,3.000,-0.500,10.058,9.648,9.754
analytic,ww_spectrum,trainer,altai/sinyukha_west,3.000,-1.000,14.399,14.424,13.758
analytic,ww_spectrum,trainer,altai/sinyukha_west,3.000,0.000,6.294,5.764,5.299
analytic,ww_spectrum,trainer,altai/sinyukha_west,6.000,-0.500,1.548,1.782,3.003
analytic,ww_spectrum,trainer,altai/sinyukha_west,6.000,-1.000,5.994,6.155,5.032
analytic,ww_spectrum,trainer,altai/sinyukha_west,6.000,0.000,-0.759,-0.297,-0.395
analytic,ww_spectrum,trainer,askarovo/biyagoda_west,3.000,-0.500,9.473,9.582,9.930
analytic,ww_spectrum,trainer,askarovo/biyagoda_west,3.000,-1.000,13.964,13.762,13.651
analytic,ww_spectrum,trainer,askarovo/biyagoda_west,3.000,0.000,4.829,5.055,5.725
analytic,ww_spectrum,trainer,askarovo/biyagoda_west,6.000,-0.500,2.512,2.144,1.857
analytic,ww_spectrum,trainer,askarovo/biyagoda_west,6.000,-1.000,6.027,5.732,4.831
analytic,ww_spectrum,trainer,askarovo/biyagoda_west,6.000,0.000,0.435,1.158,1.695
analytic,ww_spectrum,trainer,aushkul/aushtau_east,3.000,-0.500,9.599,9.909,9.316
analytic,ww_spectrum,trainer,aushkul/aushtau_east,3.000,-1.000,14.389,13.846,14.076
analytic,ww_spectrum,trainer,aushkul/aushtau_east,3.000,0.000,5.663,4.799,4.401
analytic,ww_spectrum,trainer,aushkul/aushtau_east,6.000,-0.500,3.400,2.161,2.446
analytic,ww_spectrum,trainer,aushkul/aushtau_east,6.000,-1.000,6.703,6.165,6.433
analytic,ww_spectrum,trainer,aushkul/aushtau_east,6.000,0.000,0.101,1.269,-0.044
analytic,ww_spectrum,trainer,ongudai/kayancha_south,3.000,-0.500,10.642,11.279,10.242
analytic,ww_spectrum,trainer,ongudai/kayancha_south,3.000,-1.000,15.015,15.126,15.077
analytic,ww_spectrum,trainer,ongudai/kayancha_south,3.000,0.000,5.733,4.889,4.840
analytic,ww_spectrum,trainer,ongudai/kayancha_south,6.000,-0.500,3.250,4.234,3.295
analytic,ww_spectrum,trainer,ongudai/kayancha_south,6.000,-1.000,6.706,6.709,5.511
analytic,ww_spectrum,trainer,ongudai/kayancha_south,6.000,0.000,1.628,1.880,-1.281
analytic,ww_sport3,kingpost,altai/sinyukha_west,3.000,-0.500,13.169,13.167,12.816
analytic,ww_sport3,kingpost,altai/sinyukha_west,3.000,-1.000,20.688,20.975,20.690
analytic,ww_sport3,kingpost,altai/sinyukha_west,3.000,0.000,6.682,6.516,5.633
analytic,ww_sport3,kingpost,altai/sinyukha_west,6.000,-0.500,3.718,3.984,4.422
analytic,ww_sport3,kingpost,altai/sinyukha_west,6.000,-1.000,12.982,12.449,10.025
analytic,ww_sport3,kingpost,altai/sinyukha_west,6.000,0.000,-0.258,0.323,-1.504
analytic,ww_sport3,kingpost,askarovo/biyagoda_west,3.000,-0.500,12.986,13.172,13.137
analytic,ww_sport3,kingpost,askarovo/biyagoda_west,3.000,-1.000,20.089,20.409,19.787
analytic,ww_sport3,kingpost,askarovo/biyagoda_west,3.000,0.000,5.494,5.939,6.478
analytic,ww_sport3,kingpost,askarovo/biyagoda_west,6.000,-0.500,4.958,3.794,3.706
analytic,ww_sport3,kingpost,askarovo/biyagoda_west,6.000,-1.000,15.122,12.983,9.728
analytic,ww_sport3,kingpost,askarovo/biyagoda_west,6.000,0.000,1.694,1.177,-0.393
analytic,ww_sport3,kingpost,aushkul/aushtau_east,3.000,-0.500,13.132,13.403,12.891
analytic,ww_sport3,kingpost,aushkul/aushtau_east,3.000,-1.000,20.530,20.053,20.209
analytic,ww_sport3,kingpost,aushkul/aushtau_east,3.000,0.000,6.181,5.245,4.702
analytic,ww_sport3,kingpost,aushkul/aushtau_east,6.000,-0.500,5.943,5.519,4.715
analytic,ww_sport3,kingpost,aushkul/aushtau_east,6.000,-1.000,12.557,11.861,11.405
analytic,ww_sport3,kingpost,aushkul/aushtau_east,6.000,0.000,0.451,1.118,0.818
analytic,ww_sport3,kingpost,ongudai/kayancha_south,3.000,-0.500,14.421,14.816,14.072
analytic,ww_sport3,kingpost,ongudai/kayancha_south,3.000,-1.000,21.712,21.607,21.503
analytic,ww_sport3,kingpost,ongudai/kayancha_south,3.000,0.000,6.715,6.225,5.707
analytic,ww_sport3,kingpost,ongudai/kayancha_south,6.000,-0.500,4.190,5.052,5.101
analytic,ww_sport3,kingpost,ongudai/kayancha_south,6.000,-1.000,13.213,12.492,10.781
analytic,ww_sport3,kingpost,ongudai/kayancha_south,6.000,0.000,2.059,2.558,-2.998
analytic,ww_super_sport,kingpost,altai/sinyukha_west,3.000,-0.500,12.623,12.002,11.884
analytic,ww_super_sport,kingpost,altai/sinyukha_west,3.000,-1.000,18.502,18.855,18.364
analytic,ww_super_sport,kingpost,altai/sinyukha_west,3.000,0.000,6.809,6.450,5.752
analytic,ww_super_sport,kingpost,altai/sinyukha_west,6.000,-0.500,3.816,2.855,4.245
analytic,ww_super_sport,kingpost,altai/sinyukha_west,6.000,-1.000,10.529,10.219,9.165
analytic,ww_super_sport,kingpost,altai/sinyukha_west,6.000,0.000,-0.287,2.112,-2.144
analytic,ww_super_sport,kingpost,askarovo/biyagoda_west,3.000,-0.500,12.182,12.189,12.077
analytic,ww_super_sport,kingpost,askarovo/biyagoda_west,3.000,-1.000,17.956,18.127,17.683
analytic,ww_super_sport,kingpost,askarovo/biyagoda_west,3.000,0.000,5.615,5.927,6.402
analytic,ww_super_sport,kingpost,askarovo/biyagoda_west,6.000,-0.500,3.634,3.203,3.906
analytic,ww_super_sport,kingpost,askarovo/biyagoda_west,6.000,-1.000,12.434,10.677,7.584
analytic,ww_super_sport,kingpost,askarovo/biyagoda_west,6.000,0.000,-0.201,0.847,1.716
analytic,ww_super_sport,kingpost,aushkul/aushtau_east,3.000,-0.500,12.007,11.788,11.988
analytic,ww_super_sport,kingpost,aushkul/aushtau_east,3.000,-1.000,18.400,18.121,18.095
analytic,ww_super_sport,kingpost,aushkul/aushtau_east,3.000,0.000,6.532,5.303,4.754
analytic,ww_super_sport,kingpost,aushkul/aushtau_east,6.000,-0.500,5.011,4.422,4.705
analytic,ww_super_sport,kingpost,aushkul/aushtau_east,6.000,-1.000,10.240,9.650,9.427
analytic,ww_super_sport,kingpost,aushkul/aushtau_east,6.000,0.000,-0.601,2.095,1.912
analytic,ww_super_sport,kingpost,ongudai/kayancha_south,3.000,-0.500,13.398,13.817,13.137
analytic,ww_super_sport,kingpost,ongudai/kayancha_south,3.000,-1.000,19.384,19.540,19.215
analytic,ww_super_sport,kingpost,ongudai/kayancha_south,3.000,0.000,6.598,6.157,5.625
analytic,ww_super_sport,kingpost,ongudai/kayancha_south,6.000,-0.500,5.023,4.952,4.896
analytic,ww_super_sport,kingpost,ongudai/kayancha_south,6.000,-1.000,10.471,10.203,8.220
analytic,ww_super_sport,kingpost,ongudai/kayancha_south,6.000,0.000,1.404,2.133,-1.390
analytic,ww_t2c,topless,altai/sinyukha_west,3.000,-0.500,15.411,15.163,14.656
analytic,ww_t2c,topless,altai/sinyukha_west,3.000,-1.000,23.880,24.027,24.178
analytic,ww_t2c,topless,altai/sinyukha_west,3.000,0.000,6.964,6.890,5.914
analytic,ww_t2c,topless,altai/sinyukha_west,6.000,-0.500,5.507,5.156,5.747
analytic,ww_t2c,topless,altai/sinyukha_west,6.000,-1.000,16.890,15.919,13.988
analytic,ww_t2c,topless,altai/sinyukha_west,6.000,0.000,0.552,1.470,-0.397
analytic,ww_t2c,topless,askarovo/biyagoda_west,3.000,-0.500,15.011,14.894,14.757
analytic,ww_t2c,topless,askarovo/biyagoda_west,3.000,-1.000,23.252,23.645,22.826
analytic,ww_t2c,topless,askarovo/biyagoda_west,3.000,0.000,6.084,6.455,6.959
analytic,ww_t2c,topless,askarovo/biyagoda_west,6.000,-0.500,4.977,5.027,4.664
analytic,ww_t2c,topless,askarovo/biyagoda_west,6.000,-1.000,17.901,17.146,14.511
analytic,ww_t2c,topless,askarovo/biyagoda_west,6.000,0.000,0.699,1.071,-0.485
analytic,ww_t2c,topless,aushkul/aushtau_east,3.000,-0.500,15.078,15.253,14.995
analytic,ww_t2c,topless,aushkul/aushtau_east,3.000,-1.000,23.626,23.421,23.115
analytic,ww_t2c,topless,aushkul/aushtau_east,3.000,0.000,6.538,5.827,5.204
analytic,ww_t2c,topless,aushkul/aushtau_east,6.000,-0.500,7.181,7.333,5.837
analytic,ww_t2c,topless,aushkul/aushtau_east,6.000,-1.000,17.361,15.381,14.859
analytic,ww_t2c,topless,aushkul/aushtau_east,6.000,0.000,0.754,0.382,1.118
analytic,ww_t2c,topless,ongudai/kayancha_south,3.000,-0.500,16.422,16.335,15.696
analytic,ww_t2c,topless,ongudai/kayancha_south,3.000,-1.000,25.347,25.075,24.858
analytic,ww_t2c,topless,ongudai/kayancha_south,3.000,0.000,7.162,6.749,6.233
analytic,ww_t2c,topless,ongudai/kayancha_south,6.000,-0.500,6.979,5.333,6.249
analytic,ww_t2c,topless,ongudai/kayancha_south,6.000,-1.000,17.437,16.396,14.890
analytic,ww_t2c,topless,ongudai/kayancha_south,6.000,0.000,1.056,2.150,-1.555
analytic,ww_t3,topless,altai/sinyukha_west,3.000,-0.500,15.296,15.063,14.570
analytic,ww_t3,topless,altai/sinyukha_west,3.000,-1.000,23.746,23.889,24.027
analytic,ww_t3,topless,altai/sinyukha_west,3.000,0.000,6.936,6.867,5.883
analytic,ww_t3,topless,altai/sinyukha_west,6.000,-0.500,5.442,5.101,5.665
analytic,ww_t3,topless,altai/sinyukha_west,6.000,-1.000,16.761,15.779,13.840
analytic,ww_t3,topless,altai/sinyukha_west,6.000,0.000,0.345,1.490,-0.449
analytic,ww_t3,topless,askarovo/biyagoda_west,3.000,-0.500,14.908,14.820,14.684
analytic,ww_t3,topless,askarovo/biyagoda_west,3.000,-1.000,23.109,23.500,22.679
analytic,ww_t3,topless,askarovo/biyagoda_west,3.000,0.000,6.060,6.420,6.927
analytic,ww_t3,topless,askarovo/biyagoda_west,6.000,-0.500,5.017,4.977,4.667
analytic,ww_t3,topless,askarovo/biyagoda_west,6.000,-1.000,17.808,16.868,14.327
analytic,ww_t3,topless,askarovo/biyagoda_west,6.000,0.000,0.295,1.129,-0.327
analytic,ww_t3,topless,aushkul/aushtau_east,3.000,-0.500,15.004,15.169,14.890
analytic,ww_t3,topless,aushkul/aushtau_east,3.000,-1.000,23.492,23.276,22.982
analytic,ww_t3,topless,aushkul/aushtau_east,3.000,0.000,6.507,5.788,5.170
analytic,ww_t3,topless,aushkul/aushtau_east,6.000,-0.500,7.121,7.262,5.761
analytic,ww_t3,topless,aushkul/aushtau_east,6.000,-1.000,17.168,15.218,14.755
analytic,ww_t3,topless,aushkul/aushtau_east,6.000,0.000,0.765,0.816,1.250
analytic,ww_t3,topless,ongudai/kayancha_south,3.000,-0.500,16.328,16.257,15.622
analytic,ww_t3,topless,ongudai/kayancha_south,3.000,-1.000,25.193,24.936,24.708
analytic,ww_t3,topless,ongudai/kayancha_south,3.000,0.000,7.142,6.711,6.211
analytic,ww_t3,topless,ongudai/kayancha_south,6.000,-0.500,6.883,5.311,6.223
analytic,ww_t3,topless,ongudai/kayancha_south,6.000,-1.000,17.200,16.248,14.664
analytic,ww_t3,topless,ongudai/kayancha_south,6.000,0.000,1.020,2.104,-1.665
analytic,ww_talon,topless,altai/sinyukha_west,3.000,-0.500,15.025,14.816,14.355
analytic,ww_talon,topless,altai/sinyukha_west,3.000,-1.000,23.461,23.601,23.711
analytic,ww_talon,topless,altai/sinyukha_west,3.000,0.000,6.832,6.774,5.761
analytic,ww_talon,topless,altai/sinyukha_west,6.000,-0.500,5.280,4.965,5.440
analytic,ww_talon,topless,altai/sinyukha_west,6.000,-1.000,16.487,15.488,13.541
analytic,ww_talon,topless,altai/sinyukha_west,6.000,0.000,0.457,1.707,-0.448
analytic,ww_talon,topless,askarovo/biyagoda_west,3.000,-0.500,14.658,14.633,14.504
analytic,ww_talon,topless,askarovo/biyagoda_west,3.000,-1.000,22.813,23.194,22.363
analytic,ww_talon,topless,askarovo/biyagoda_west,3.000,0.000,5.954,6.261,6.790
analytic,ww_talon,topless,askarovo/biyagoda_west,6.000,-0.500,4.814,4.842,4.575
analytic,ww_talon,topless,askarovo/biyagoda_west,6.000,-1.000,17.560,16.352,13.930
analytic,ww_talon,topless,askarovo/biyagoda_west,6.000,0.000,-0.350,0.405,-0.478
analytic,ww_talon,topless,aushkul/aushtau_east,3.000,-0.500,14.811,14.959,14.633
analytic,ww_talon,topless,aushkul/aushtau_east,3.000,-1.000,23.203,22.964,22.685
analytic,ww_talon,topless,aushkul/aushtau_east,3.000,0.000,6.371,5.613,5.031
analytic,ww_talon,topless,aushkul/aushtau_east,6.000,-0.500,6.971,7.079,5.580
analytic,ww_talon,topless,aushkul/aushtau_east,6.000,-1.000,16.717,14.880,14.478
analytic,ww_talon,topless,aushkul/aushtau_east,6.000,0.000,1.672,-0.018,-2.480
analytic,ww_talon,topless,ongudai/kayancha_south,3.000,-0.500,16.094,16.072,15.442
analytic,ww_talon,topless,ongudai/kayancha_south,3.000,-1.000,24.860,24.625,24.388
analytic,ww_talon,topless,ongudai/kayancha_south,3.000,0.000,7.061,6.548,6.106
analytic,ww_talon,topless,ongudai/kayancha_south,6.000,-0.500,6.662,5.267,6.151
analytic,ww_talon,topless,ongudai/kayancha_south,6.000,-1.000,16.720,15.899,14.243
analytic,ww_talon,topless,ongudai/kayancha_south,6.000,0.000,1.243,0.913,-2.146
analytic,ww_u2,kingpost,altai/sinyukha_west,3.000,-0.500,13.749,13.628,13.261
analytic,ww_u2,kingpost,altai/sinyukha_west,3.000,-1.000,21.392,21.640,21.441
analytic,ww_u2,kingpost,altai/sinyukha_west,3.000,0.000,6.927,6.746,5.917
analytic,ww_u2,kingpost,altai/sinyukha_west,6.000,-0.500,4.091,4.246,4.493
analytic,ww_u2,kingpost,altai/sinyukha_west,6.000,-1.000,13.607,13.355,10.601
analytic,ww_u2,kingpost,altai/sinyukha_west,6.000,0.000,-0.229,1.023,0.347
analytic,ww_u2,kingpost,askarovo/biyagoda_west,3.000,-0.500,13.520,13.655,13.564
analytic,ww_u2,kingpost,askarovo/biyagoda_west,3.000,-1.000,20.748,21.106,20.513
analytic,ww_u2,kingpost,askarovo/biyagoda_west,3.000,0.000,5.827,6.272,6.773
analytic,ww_u2,kingpost,askarovo/biyagoda_west,6.000,-0.500,4.922,4.093,3.812
analytic,ww_u2,kingpost,askarovo/biyagoda_west,6.000,-1.000,15.862,13.587,10.485
analytic,ww_u2,kingpost,askarovo/biyagoda_west,6.000,0.000,0.276,1.286,1.307
analytic,ww_u2,kingpost,aushkul/aushtau_east,3.000,-0.500,13.697,13.881,13.434
analytic,ww_u2,kingpost,aushkul/aushtau_east,3.000,-1.000,21.254,20.773,20.879
analytic,ww_u2,kingpost,aushkul/aushtau_east,3.000,0.000,6.533,5.587,4.985
analytic,ww_u2,kingpost,aushkul/aushtau_east,6.000,-0.500,6.287,6.064,4.881
analytic,ww_u2,kingpost,aushkul/aushtau_east,6.000,-1.000,13.354,12.680,12.023
analytic,ww_u2,kingpost,aushkul/aushtau_east,6.000,0.000,-0.033,1.255,1.323
analytic,ww_u2,kingpost,ongudai/kayancha_south,3.000,-0.500,14.958,15.208,14.548
analytic,ww_u2,kingpost,ongudai/kayancha_south,3.000,-1.000,22.428,22.343,22.230
analytic,ww_u2,kingpost,ongudai/kayancha_south,3.000,0.000,6.914,6.677,5.961
analytic,ww_u2,kingpost,ongudai/kayancha_south,6.000,-0.500,4.757,5.152,5.551
analytic,ww_u2,kingpost,ongudai/kayancha_south,6.000,-1.000,13.788,13.044,11.464
analytic,ww_u2,kingpost,ongudai/kayancha_south,6.000,0.000,1.928,2.785,-2.441
analytic,ww_ultra_sport,kingpost,altai/sinyukha_west,3.000,-0.500,13.174,12.391,12.309
analytic,ww_ultra_sport,kingpost,altai/sinyukha_west,3.000,-1.000,19.123,19.443,19.038
analytic,ww_ultra_sport,kingpost,altai/sinyukha_west,3.000,0.000,7.094,6.655,6.040
analytic,ww_ultra_sport,kingpost,altai/sinyukha_west,6.000,-0.500,3.977,3.019,4.750
analytic,ww_ultra_sport,kingpost,altai/sinyukha_west,6.000,-1.000,11.416,10.852,9.683
analytic,ww_ultra_sport,kingpost,altai/sinyukha_west,6.000,0.000,-0.235,1.907,0.086
analytic,ww_ultra_sport,kingpost,askarovo/biyagoda_west,3.000,-0.500,12.679,12.700,12.437
analytic,ww_ultra_sport,kingpost,askarovo/biyagoda_west,3.000,-1.000,18.536,18.728,18.228
analytic,ww_ultra_sport,kingpost,askarovo/biyagoda_west,3.000,0.000,5.903,6.223,6.686
analytic,ww_ultra_sport,kingpost,askarovo/biyagoda_west,6.000,-0.500,3.825,3.342,4.043
analytic,ww_ultra_sport,kingpost,askarovo/biyagoda_west,6.000,-1.000,12.902,11.098,8.132
analytic,ww_ultra_sport,kingpost,askarovo/biyagoda_west,6.000,0.000,0.389,1.021,1.783
analytic,ww_ultra_sport,kingpost,aushkul/aushtau_east,3.000,-0.500,12.451,12.181,12.488
analytic,ww_ultra_sport,kingpost,aushkul/aushtau_east,3.000,-1.000,18.971,18.664,18.625
analytic,ww_ultra_sport,kingpost,aushkul/aushtau_east,3.000,0.000,6.780,5.656,5.044
analytic,ww_ultra_sport,kingpost,aushkul/aushtau_east,6.000,-0.500,5.379,4.671,4.712
analytic,ww_ultra_sport,kingpost,aushkul/aushtau_east,6.000,-1.000,10.902,9.938,9.893
analytic,ww_ultra_sport,kingpost,aushkul/aushtau_east,6.000,0.000,0.307,1.618,1.729
analytic,ww_ultra_sport,kingpost,ongudai/kayancha_south,3.000,-0.500,13.799,14.183,13.620
analytic,ww_ultra_sport,kingpost,ongudai/kayancha_south,3.000,-1.000,20.069,20.137,19.875
analytic,ww_ultra_sport,kingpost,ongudai/kayancha_south,3.000,0.000,6.832,6.566,5.892
analytic,ww_ultra_sport,kingpost,ongudai/kayancha_south,6.000,-0.500,5.306,5.127,5.175
analytic,ww_ultra_sport,kingpost,ongudai/kayancha_south,6.000,-1.000,11.562,10.618,8.858
analytic,ww_ultra_sport,kingpost,ongudai/kayancha_south,6.000,0.000,2.174,2.384,-3.479
field,combat,topless,altai/sinyukha_west,3.000,-0.500,15.973,15.254,15.199
field,combat,topless,altai/sinyukha_west,3.000,-1.000,24.168,23.645,23.459
field,combat,topless,altai/sinyukha_west,3.000,0.000,6.809,6.332,5.965
field,combat,topless,altai/sinyukha_west,6.000,-0.500,7.656,7.238,6.810
field,combat,topless,altai/sinyukha_west,6.000,-1.000,17.854,17.129,17.170
field,combat,topless,altai/sinyukha_west,6.000,0.000,2.051,-1.819,-2.681
field,combat,topless,askarovo/biyagoda_west,3.000,-0.500,17.567,17.363,16.294
field,combat,topless,askarovo/biyagoda_west,3.000,-1.000,24.453,24.525,25.196
field,combat,topless,askarovo/biyagoda_west,3.000,0.000,6.420,5.762,6.003
field,combat,topless,askarovo/biyagoda_west,6.000,-0.500,12.195,11.269,9.547
field,combat,topless,askarovo/biyagoda_west,6.000,-1.000,20.216,19.698,19.211
field,combat,topless,askarovo/biyagoda_west,6.000,0.000,0.472,-0.175,-1.321
field,combat,topless,aushkul/aushtau_east,3.000,-0.500,17.813,17.868,16.831
field,combat,topless,aushkul/aushtau_east,3.000,-1.000,24.426,24.730,24.554
field,combat,topless,aushkul/aushtau_east,3.000,0.000,6.945,5.542,4.777
field,combat,topless,aushkul/aushtau_east,6.000,-0.500,10.997,10.201,8.693
field,combat,topless,aushkul/aushtau_east,6.000,-1.000,18.199,17.747,17.521
field,combat,topless,aushkul/aushtau_east,6.000,0.000,0.612,-2.454,-3.745
field,combat,topless,ongudai/kayancha_south,3.000,-0.500,15.894,14.866,15.184
field,combat,topless,ongudai/kayancha_south,3.000,-1.000,24.923,24.972,24.827
field,combat,topless,ongudai/kayancha_south,3.000,0.000,5.587,6.183,5.857
field,combat,topless,ongudai/kayancha_south,6.000,-0.500,9.968,9.550,9.312
field,combat,topless,ongudai/kayancha_south,6.000,-1.000,20.212,20.205,19.112
field,combat,topless,ongudai/kayancha_south,6.000,0.000,-0.952,-1.341,-2.128
field,laminar,kingpost,altai/sinyukha_west,3.000,-0.500,14.336,13.235,13.351
field,laminar,kingpost,altai/sinyukha_west,3.000,-1.000,20.454,20.126,19.503
field,laminar,kingpost,altai/sinyukha_west,3.000,0.000,6.426,5.993,5.645
field,laminar,kingpost,altai/sinyukha_west,6.000,-0.500,5.910,5.216,4.426
field,laminar,kingpost,altai/sinyukha_west,6.000,-1.000,13.624,12.792,12.530
field,laminar,kingpost,altai/sinyukha_west,6.000,0.000,2.255,-1.971,-2.860
field,laminar,kingpost,askarovo/biyagoda_west,3.000,-0.500,15.497,15.151,14.219
field,laminar,kingpost,askarovo/biyagoda_west,3.000,-1.000,20.871,21.209,21.935
field,laminar,kingpost,askarovo/biyagoda_west,3.000,0.000,5.986,5.373,5.548
field,laminar,kingpost,askarovo/biyagoda_west,6.000,-0.500,10.315,9.178,7.186
field,laminar,kingpost,askarovo/biyagoda_west,6.000,-1.000,16.737,16.236,15.935
field,laminar,kingpost,askarovo/biyagoda_west,6.000,0.000,0.364,-0.324,-1.664
field,laminar,kingpost,aushkul/aushtau_east,3.000,-0.500,15.835,15.706,14.510
field,laminar,kingpost,aushkul/aushtau_east,3.000,-1.000,21.420,21.653,21.641
field,laminar,kingpost,aushkul/aushtau_east,3.000,0.000,6.630,5.034,4.121
field,laminar,kingpost,aushkul/aushtau_east,6.000,-0.500,9.171,7.926,6.189
field,laminar,kingpost,aushkul/aushtau_east,6.000,-1.000,15.434,14.939,14.264
field,laminar,kingpost,aushkul/aushtau_east,6.000,0.000,0.497,-1.450,-4.349
field,laminar,kingpost,ongudai/kayancha_south,3.000,-0.500,13.628,12.771,12.955
field,laminar,kingpost,ongudai/kayancha_south,3.000,-1.000,21.505,21.017,20.774
field,laminar,kingpost,ongudai/kayancha_south,3.000,0.000,5.381,5.775,5.735
field,laminar,kingpost,ongudai/kayancha_south,6.000,-0.500,7.782,7.227,6.803
field,laminar,kingpost,ongudai/kayancha_south,6.000,-1.000,16.708,16.230,14.797
field,laminar,kingpost,ongudai/kayancha_south,6.000,0.000,-1.168,-1.487,-2.385
field,slavutich_ut,soviet,altai/sinyukha_west,3.000,-0.500,9.379,8.448,8.211
field,slavutich_ut,soviet,altai/sinyukha_west,3.000,-1.000,13.885,13.360,12.108
field,slavutich_ut,soviet,altai/sinyukha_west,3.000,0.000,5.204,4.210,3.745
field,slavutich_ut,soviet,altai/sinyukha_west,6.000,-0.500,1.619,0.982,-0.316
field,slavutich_ut,soviet,altai/sinyukha_west,6.000,-1.000,6.324,5.772,4.080
field,slavutich_ut,soviet,altai/sinyukha_west,6.000,0.000,-1.501,-1.487,-3.725
field,slavutich_ut,soviet,askarovo/biyagoda_west,3.000,-0.500,9.724,9.256,8.155
field,slavutich_ut,soviet,askarovo/biyagoda_west,3.000,-1.000,13.050,13.519,13.084
field,slavutich_ut,soviet,askarovo/biyagoda_west,3.000,0.000,3.597,3.400,3.648
field,slavutich_ut,soviet,askarovo/biyagoda_west,6.000,-0.500,5.079,2.654,1.357
field,slavutich_ut,soviet,askarovo/biyagoda_west,6.000,-1.000,9.740,8.929,7.607
field,slavutich_ut,soviet,askarovo/biyagoda_west,6.000,0.000,-2.161,-1.460,-3.349
field,slavutich_ut,soviet,aushkul/aushtau_east,3.000,-0.500,9.665,9.148,7.807
field,slavutich_ut,soviet,aushkul/aushtau_east,3.000,-1.000,13.539,13.683,13.550
field,slavutich_ut,soviet,aushkul/aushtau_east,3.000,0.000,4.493,3.589,1.416
field,slavutich_ut,soviet,aushkul/aushtau_east,6.000,-0.500,3.765,0.215,-0.760
field,slavutich_ut,soviet,aushkul/aushtau_east,6.000,-1.000,8.927,7.866,5.782
field,slavutich_ut,soviet,aushkul/aushtau_east,6.000,0.000,-2.394,-1.419,-5.908
field,slavutich_ut,soviet,ongudai/kayancha_south,3.000,-0.500,8.744,7.646,7.358
field,slavutich_ut,soviet,ongudai/kayancha_south,3.000,-1.000,13.613,13.022,11.158
field,slavutich_ut,soviet,ongudai/kayancha_south,3.000,0.000,4.318,3.522,4.066
field,slavutich_ut,soviet,ongudai/kayancha_south,6.000,-0.500,2.035,1.615,0.264
field,slavutich_ut,soviet,ongudai/kayancha_south,6.000,-1.000,9.199,7.224,5.438
field,slavutich_ut,soviet,ongudai/kayancha_south,6.000,0.000,-1.958,-1.305,-2.956
field,training,trainer,altai/sinyukha_west,3.000,-0.500,10.190,8.948,9.047
field,training,trainer,altai/sinyukha_west,3.000,-1.000,14.669,14.047,13.591
field,training,trainer,altai/sinyukha_west,3.000,0.000,5.392,4.475,4.232
field,training,trainer,altai/sinyukha_west,6.000,-0.500,2.028,0.507,0.231
field,training,trainer,altai/sinyukha_west,6.000,-1.000,6.834,5.824,5.136
field,training,trainer,altai/sinyukha_west,6.000,0.000,3.294,-2.083,-3.586
field,training,trainer,askarovo/biyagoda_west,3.000,-0.500,10.762,10.220,9.284
field,training,trainer,askarovo/biyagoda_west,3.000,-1.000,14.594,15.091,14.825
field,training,trainer,askarovo/biyagoda_west,3.000,0.000,4.318,3.731,4.342
field,training,trainer,askarovo/biyagoda_west,6.000,-0.500,4.917,3.819,2.274
field,training,trainer,askarovo/biyagoda_west,6.000,-1.000,10.453,10.240,8.699
field,training,trainer,askarovo/biyagoda_west,6.000,0.000,-0.314,-1.624,-3.192
field,training,trainer,aushkul/aushtau_east,3.000,-0.500,11.126,10.382,9.250
field,training,trainer,aushkul/aushtau_east,3.000,-1.000,15.717,15.498,14.954
field,training,trainer,aushkul/aushtau_east,3.000,0.000,5.084,3.452,2.090
field,training,trainer,aushkul/aushtau_east,6.000,-0.500,3.828,2.032,0.371
field,training,trainer,aushkul/aushtau_east,6.000,-1.000,9.827,8.614,6.877
field,training,trainer,aushkul/aushtau_east,6.000,0.000,0.351,-1.737,-6.255
field,training,trainer,ongudai/kayancha_south,3.000,-0.500,8.742,8.647,8.475
field,training,trainer,ongudai/kayancha_south,3.000,-1.000,14.511,13.893,12.311
field,training,trainer,ongudai/kayancha_south,3.000,0.000,4.145,4.163,4.745
field,training,trainer,ongudai/kayancha_south,6.000,-0.500,2.510,2.068,1.257
field,training,trainer,ongudai/kayancha_south,6.000,-1.000,9.336,7.695,6.602
field,training,trainer,ongudai/kayancha_south,6.000,0.000,-1.886,-1.947,-3.025
