osm_type,osm_id,osm_url,name,lat,lon,ele_m,country,country_name,country_name_ru,site,hanggliding,paragliding,site_orientation,tags,site_id
node,389840469,https://www.openstreetmap.org/node/389840469,,47.663529,11.522738,,,,,takeoff,,yes,SW S SE,"{""free_flying:paragliding"": ""yes"", ""free_flying:site"": ""takeoff"", ""free_flying:site_orientation"": ""SW S SE"", ""free_flying:takeoff"": ""yes""}",
node,389840526,https://www.openstreetmap.org/node/389840526,,47.663294,11.521924,,,,,takeoff,,yes,N,"{""free_flying:paragliding"": ""yes"", ""free_flying:site"": ""takeoff"", ""free_flying:site_orientation"": ""N"", ""free_flying:takeoff"": ""yes""}",
node,427524155,https://www.openstreetmap.org/node/427524155,,45.780640,10.862631,,,,,takeoff,,yes,,"{""free_flying:paragliding"": ""yes"", ""free_flying:site"": ""takeoff""}",
node,469623670,https://www.openstreetmap.org/node/469623670,Décollage Auberge de Chindonne,46.213729,6.952761,,,,,takeoff,,yes,,"{""free_flying:paragliding"": ""yes"", ""free_flying:site"": ""takeoff""}",
node,599017466,https://www.openstreetmap.org/node/599017466,Parapente,7.029825,-73.099456,1237.81,,,,takeoff,,yes,,"{""free_flying:official"": ""no"", ""free_flying:paragliding"": ""yes"", ""free_flying:site"": ""takeoff""}",
node,679918718,https://www.openstreetmap.org/node/679918718,Décollage du Petit Nice,44.573100,-1.228383,45,,,,takeoff,,yes,,"{""free_flying:paragliding"": ""yes"", ""free_flying:site"": ""takeoff""}",
node,700696413,https://www.openstreetmap.org/node/700696413,Ittenschwander Horn Gleitschirm,47.763416,7.859631,,,,,takeoff,,yes,40-150,"{""free_flying:paragliding"": ""yes"", ""free_flying:site"": ""takeoff""}",
node,1038846181,https://www.openstreetmap.org/node/1038846181,Voladero Fabio Boy,4.937513,-73.898321,,,,,takeoff,,yes,,"{""free_flying:paragliding"": ""yes"", ""free_flying:site"": ""takeoff""}",
node,1215324189,https://www.openstreetmap.org/node/1215324189,Gleitschirm-Startplatz Bärenloch,49.634532,7.931425,,,,,takeoff,,yes,E,"{""free_flying:official"": ""yes"", ""free_flying:paragliding"": ""yes"", ""free_flying:site"": ""takeoff"", ""free_flying:site_orientation"": ""E""}",
node,1215324200,https://www.openstreetmap.org/node/1215324200,Fluggelände Donnersberg Moltkefelsen (Adlerbogen),49.620678,7.941335,,,,,takeoff,,yes,E,"{""free_flying:official"": ""yes"", ""free_flying:paragliding"": ""yes"", ""free_flying:site"": ""takeoff"", ""free_flying:site_orientation"": ""E""}",
node,1369485830,https://www.openstreetmap.org/node/1369485830,,47.663528,11.523445,,,,,takeoff,,yes,SW S SE,"{""free_flying:paragliding"": ""yes"", ""free_flying:site"": ""takeoff"", ""free_flying:site_orientation"": ""SW S SE"", ""free_flying:takeoff"": ""yes""}",
node,1453883185,https://www.openstreetmap.org/node/1453883185,,47.810336,7.896864,,,,,takeoff,no,yes,160-190,"{""free_flying:hanggliding"": ""no"", ""free_flying:paragliding"": ""yes"", ""free_flying:site"": ""takeoff""}",
node,1481525845,https://www.openstreetmap.org/node/1481525845,Despegue de Alhama,37.862981,-1.426214,,,,,takeoff,,yes,S;SW,"{""free_flying:paragliding"": ""yes"", ""free_flying:site"": ""takeoff"", ""free_flying:site_orientation"": ""S;SW""}",
node,1762425300,https://www.openstreetmap.org/node/1762425300,,34.749482,32.639377,,,,,takeoff,,yes,W,"{""free_flying:paragliding"": ""yes"", ""free_flying:site"": ""takeoff"", ""free_flying:site_orientation"": ""W""}",
node,1782535788,https://www.openstreetmap.org/node/1782535788,,48.780317,10.090992,,,,,takeoff,,yes,,"{""free_flying:paragliding"": ""yes"", ""free_flying:site"": ""takeoff""}",
node,1871200006,https://www.openstreetmap.org/node/1871200006,Gréolières 300,43.800508,6.955847,995,,,,takeoff,,yes,,"{""free_flying:paragliding"": ""yes"", ""free_flying:site"": ""takeoff""}",
node,1916792759,https://www.openstreetmap.org/node/1916792759,Scalottas,46.721031,9.510204,,,,,takeoff,,yes,NW;W;SW,"{""free_flying:paragliding"": ""yes"", ""free_flying:site"": ""takeoff"", ""free_flying:site_orientation"": ""NW;W;SW""}",
node,1916792760,https://www.openstreetmap.org/node/1916792760,Scalottas,46.721566,9.511069,,,,,takeoff,,yes,"NO,O,SO","{""free_flying:paragliding"": ""yes"", ""free_flying:site"": ""takeoff"", ""free_flying:site_orientation"": ""NO,O,SO""}",
node,1930675724,https://www.openstreetmap.org/node/1930675724,,54.476700,10.151142,,,,,takeoff,no,yes,NE,"{""free_flying:hanggliding"": ""no"", ""free_flying:official"": ""yes"", ""free_flying:paragliding"": ""yes"", ""free_flying:rigid"": ""no"", ""free_flying:site"": ""takeoff"", ""free_flying:site_orientation"": ""NE""}",
node,1997547166,https://www.openstreetmap.org/node/1997547166,,57.802616,12.019350,,,,,takeoff,,yes,W,"{""free_flying:paragliding"": ""yes"", ""free_flying:site"": ""takeoff"", ""free_flying:site_orientation"": ""W""}",
node,2000217079,https://www.openstreetmap.org/node/2000217079,Gleitschirm Startplatz,49.266009,8.070000,,,,,takeoff,,yes,,"{""free_flying:paragliding"": ""yes"", ""free_flying:site"": ""takeoff""}",
node,2135001955,https://www.openstreetmap.org/node/2135001955,,48.956851,17.992949,,,,,takeoff,,yes,"N,NW","{""free_flying:official"": ""yes"", ""free_flying:paragliding"": ""yes"", ""free_flying:site"": ""takeoff"", ""free_flying:site_orientation"": ""N,NW""}",
node,2146524255,https://www.openstreetmap.org/node/2146524255,Schönjoch Startplatz 1,47.074678,10.589037,2417,,,,takeoff,,yes,S,"{""free_flying:paragliding"": ""yes"", ""free_flying:site"": ""takeoff"", ""free_flying:site_orientation"": ""S"", ""free_flying:tandem"": ""tandem""}",
node,2146524256,https://www.openstreetmap.org/node/2146524256,Schönjoch Startplatz 2,47.078362,10.598535,2471,,,,takeoff,,yes,N,"{""free_flying:paragliding"": ""yes"", ""free_flying:site"": ""takeoff"", ""free_flying:site_orientation"": ""N""}",
node,2146524257,https://www.openstreetmap.org/node/2146524257,Schönjoch Startplatz 3,47.076537,10.598283,2471,,,,takeoff,,yes,"SE,S","{""free_flying:paragliding"": ""yes"", ""free_flying:site"": ""takeoff"", ""free_flying:site_orientation"": ""SE,S""}",
node,2261885295,https://www.openstreetmap.org/node/2261885295,Startplatz Maldonahang Pfänder,47.500526,9.772579,960,,,,takeoff,,yes,NW,"{""free_flying:guest-guidelines"": ""no"", ""free_flying:no-flight-time"": ""01.05-30.09"", ""free_flying:official"": ""yes"", ""free_flying:paragliding"": ""yes"", ""free_flying:site"": ""takeoff"", ""free_flying:site_orientation"": ""NW""}",
node,2300459863,https://www.openstreetmap.org/node/2300459863,Décollage supérieur Ceillac,44.667041,6.787144,1900,,,,takeoff,,yes,,"{""free_flying:official"": ""yes"", ""free_flying:paragliding"": ""yes"", ""free_flying:school"": ""yes"", ""free_flying:site"": ""takeoff"", ""free_flying:tandem"": ""yes""}",
node,2373744453,https://www.openstreetmap.org/node/2373744453,,48.663173,17.607572,,,,,takeoff,no,yes,"NE, N","{""free_flying:hanggliding"": ""no"", ""free_flying:paragliding"": ""yes"", ""free_flying:site"": ""takeoff"", ""free_flying:site_orientation"": ""NE, N""}",
node,2390029304,https://www.openstreetmap.org/node/2390029304,"южный ""Главный""",45.012437,35.245252,,,,,takeoff,,yes,S,"{""free_flying:paragliding"": ""yes"", ""free_flying:site"": ""takeoff"", ""free_flying:site_orientation"": ""S""}",
node,2390029323,https://www.openstreetmap.org/node/2390029323,"юго-восточный ""Ложка""",45.015913,35.235877,,,,,takeoff,,yes,S,"{""free_flying:paragliding"": ""yes"", ""free_flying:site"": ""takeoff"", ""free_flying:site_orientation"": ""S""}",
node,2390029324,https://www.openstreetmap.org/node/2390029324,"Юго-восточный ""ЦАГИ""",45.017187,35.220031,,,,,takeoff,,yes,S,"{""free_flying:paragliding"": ""yes"", ""free_flying:site"": ""takeoff"", ""free_flying:site_orientation"": ""S""}",
node,2390045274,https://www.openstreetmap.org/node/2390045274,"Восточный ""Тёщин язык""",45.028951,35.208673,,,,,takeoff,,yes,E,"{""free_flying:paragliding"": ""yes"", ""free_flying:site"": ""takeoff"", ""free_flying:site_orientation"": ""E""}",
node,2390045276,https://www.openstreetmap.org/node/2390045276,"северо-западный ""Мадам Бродская""",45.018519,35.279651,,,,,takeoff,,yes,NW,"{""free_flying:paragliding"": ""yes"", ""free_flying:site"": ""takeoff"", ""free_flying:site_orientation"": ""NW""}",
node,2390045278,https://www.openstreetmap.org/node/2390045278,"северо-восточный ""Памятник""",44.999435,35.271239,,,,,takeoff,,yes,NE,"{""free_flying:paragliding"": ""yes"", ""free_flying:site"": ""takeoff"", ""free_flying:site_orientation"": ""NE""}",
node,2390045279,https://www.openstreetmap.org/node/2390045279,"Восточный ""Кок-Люк""",45.007180,35.204366,,,,,takeoff,,yes,E,"{""free_flying:paragliding"": ""yes"", ""free_flying:site"": ""takeoff"", ""free_flying:site_orientation"": ""E""}",
node,2397408929,https://www.openstreetmap.org/node/2397408929,,60.919804,7.224960,,,,,takeoff,,yes,"NW,W,SW","{""free_flying:paragliding"": ""yes"", ""free_flying:site"": ""takeoff"", ""free_flying:site_orientation"": ""NW,W,SW""}",
node,2401521654,https://www.openstreetmap.org/node/2401521654,Startplatz Markbachjoch,47.432043,12.094003,,,,,takeoff,,yes,N,"{""free_flying:official"": ""yes"", ""free_flying:paragliding"": ""yes"", ""free_flying:site"": ""takeoff"", ""free_flying:site_orientation"": ""N""}",
node,2402611753,https://www.openstreetmap.org/node/2402611753,Decollo Musi,46.321959,13.264622,,,,,takeoff,,yes,,"{""free_flying:official"": ""yes"", ""free_flying:paragliding"": ""yes"", ""free_flying:site"": ""takeoff"", ""free_flying:tandem"": ""yes""}",
node,2402611754,https://www.openstreetmap.org/node/2402611754,Decollo parapendio monte Bernadia,46.225716,13.262788,,,,,takeoff,,yes,,"{""free_flying:official"": ""yes"", ""free_flying:paragliding"": ""yes"", ""free_flying:site"": ""takeoff"", ""free_flying:tandem"": ""yes""}",
node,2402611755,https://www.openstreetmap.org/node/2402611755,Decollo monte Cuarnan,46.274681,13.175906,,,,,takeoff,,yes,,"{""free_flying:official"": ""yes"", ""free_flying:paragliding"": ""yes"", ""free_flying:site"": ""takeoff"", ""free_flying:tandem"": ""yes""}",
node,2402611756,https://www.openstreetmap.org/node/2402611756,Decollo Monte San Simeone,46.330061,13.101717,,,,,takeoff,,yes,,"{""free_flying:official"": ""yes"", ""free_flying:paragliding"": ""yes"", ""free_flying:site"": ""takeoff"", ""free_flying:tandem"": ""yes""}",
node,2402727690,https://www.openstreetmap.org/node/2402727690,Hintereck Startplatz,48.049113,8.124091,990,,,,takeoff,,yes,,"{""free_flying:guest-guidelines"": ""no"", ""free_flying:no-flight-time"": ""01.01-30.06"", ""free_flying:official"": ""yes"", ""free_flying:paragliding"": ""yes"", ""free_flying:site"": ""takeoff""}",
node,2467142814,https://www.openstreetmap.org/node/2467142814,Hinterrugg,47.154286,9.308021,,,,,takeoff,,yes,,"{""free_flying:paragliding"": ""yes"", ""free_flying:site"": ""takeoff""}",
node,2484711264,https://www.openstreetmap.org/node/2484711264,Niedere Andelsbuch Gräber Startplatz,47.399118,9.925738,1450,,,,takeoff,no,yes,,"{""free_flying:guest-guidelines"": ""yes"", ""free_flying:hanggliding"": ""no"", ""free_flying:no-flight-time"": ""no"", ""free_flying:official"": ""yes"", ""free_flying:paragliding"": ""yes"", ""free_flying:site"": ""takeoff""}",
node,2484727699,https://www.openstreetmap.org/node/2484727699,Diedamskopf Mittelstation Startplatz,47.333199,10.024805,1639,,,,takeoff,no,yes,S,"{""free_flying:guest-guidelines"": ""no"", ""free_flying:hanggliding"": ""no"", ""free_flying:no-flight-time"": ""01.04-30.09"", ""free_flying:official"": ""yes"", ""free_flying:paragliding"": ""yes"", ""free_flying:site"": ""takeoff"", ""free_flying:site_orientation"": ""S""}",
node,2502337175,https://www.openstreetmap.org/node/2502337175,Voladero Los Cerezos,4.923280,-73.904709,,,,,takeoff,,yes,,"{""free_flying:paragliding"": ""yes"", ""free_flying:site"": ""takeoff""}",
node,2724879968,https://www.openstreetmap.org/node/2724879968,,44.639493,6.547114,1380,,,,takeoff,,yes,,"{""free_flying:paragliding"": ""yes"", ""free_flying:site"": ""takeoff""}",
node,2751338526,https://www.openstreetmap.org/node/2751338526,,48.793507,19.552139,,,,,takeoff,,yes,,"{""free_flying:paragliding"": ""yes"", ""free_flying:site"": ""takeoff""}",
node,2871178687,https://www.openstreetmap.org/node/2871178687,Siklóernyős starthely,47.653300,18.435659,,,,,takeoff,,yes,,"{""free_flying:official"": ""no"", ""free_flying:paragliding"": ""yes"", ""free_flying:site"": ""takeoff""}",
node,2951279119,https://www.openstreetmap.org/node/2951279119,Moel Eilio (N/NW),53.108584,-4.140119,,,,,takeoff,,yes,N,"{""free_flying:guest-guidelines"": ""no"", ""free_flying:paragliding"": ""yes"", ""free_flying:site"": ""takeoff"", ""free_flying:site_orientation"": ""N""}",
node,3013074085,https://www.openstreetmap.org/node/3013074085,,47.750375,12.506275,1580,,,,takeoff,,yes,W,"{""free_flying:official"": ""yes"", ""free_flying:paragliding"": ""yes"", ""free_flying:site"": ""takeoff"", ""free_flying:site_orientation"": ""W""}",
node,3141392799,https://www.openstreetmap.org/node/3141392799,Paragliding Takeoff,46.968449,8.637628,,,,,takeoff,,yes,"NE, N","{""free_flying:official"": ""yes"", ""free_flying:paragliding"": ""yes"", ""free_flying:site"": ""takeoff"", ""free_flying:site_orientation"": ""NE, N""}",
node,3141398793,https://www.openstreetmap.org/node/3141398793,Bietstöckli,46.972331,8.637533,,,,,takeoff,,yes,"W,NW","{""free_flying:official"": ""yes"", ""free_flying:paragliding"": ""yes"", ""free_flying:site"": ""takeoff"", ""free_flying:site_orientation"": ""W,NW""}",
node,3282428830,https://www.openstreetmap.org/node/3282428830,,41.562338,1.896212,,,,,takeoff,,yes,,"{""free_flying:paragliding"": ""yes"", ""free_flying:site"": ""takeoff""}",
node,3385781293,https://www.openstreetmap.org/node/3385781293,Décollage vol libre Tête-de-Ran,47.054205,6.853858,,,,,takeoff,,yes,"S,SE","{""free_flying:official"": ""yes"", ""free_flying:paragliding"": ""yes"", ""free_flying:site"": ""takeoff"", ""free_flying:site_orientation"": ""S,SE""}",
node,3407925809,https://www.openstreetmap.org/node/3407925809,Roldanillo - El Pico,4.406671,-76.203285,,,,,takeoff,,yes,NE;SE,"{""free_flying:paragliding"": ""yes"", ""free_flying:site"": ""takeoff"", ""free_flying:takeoff"": ""yes""}",
node,3429784182,https://www.openstreetmap.org/node/3429784182,Despegue oficial de parapente de Curiti,6.649409,-73.097367,,,,,takeoff,,yes,N,"{""free_flying:official"": ""yes"", ""free_flying:paragliding"": ""yes"", ""free_flying:site"": ""takeoff"", ""free_flying:site_orientation"": ""N""}",
node,3451074257,https://www.openstreetmap.org/node/3451074257,Bockstein,49.624059,6.595035,,,,,takeoff,,yes,,"{""free_flying:paragliding"": ""yes"", ""free_flying:site"": ""takeoff""}",
node,3461248408,https://www.openstreetmap.org/node/3461248408,Vzletišče Kuk,46.195273,13.619952,1230,,,,,,yes,S-SW,"{""free_flying:paragliding"": ""yes"", ""free_flying:takeoff"": ""yes""}",
node,3461952733,https://www.openstreetmap.org/node/3461952733,,48.301550,21.459683,,,,,takeoff,,yes,,"{""free_flying:paragliding"": ""yes"", ""free_flying:site"": ""takeoff""}",
node,3481809663,https://www.openstreetmap.org/node/3481809663,Ifonche Oststart,28.122141,-16.690020,,,,,takeoff,,yes,W,"{""free_flying:paragliding"": ""yes"", ""free_flying:site"": ""takeoff"", ""free_flying:site_orientation"": ""W""}",
node,3632129876,https://www.openstreetmap.org/node/3632129876,Startplatz (GS),47.724318,12.043433,1420,,,,takeoff,no,yes,"W,NO,O","{""free_flying:club"": ""yes"", ""free_flying:guest-guidelines"": ""yes"", ""free_flying:hanggliding"": ""no"", ""free_flying:no-flight-time"": ""no"", ""free_flying:official"": ""yes"", ""free_flying:paragliding"": ""yes"", ""free_flying:school"": ""no"", ""free_flying:site"": ""takeoff"", ""free_flying:site_orientation"": ""W,NO,O"", ""free_flying:tandem"": ""no""}",
node,3725557001,https://www.openstreetmap.org/node/3725557001,"Siklóernyős starthely, 9-fa",47.556418,18.988039,370,,,,takeoff,,yes,,"{""free_flying:paragliding"": ""yes"", ""free_flying:site"": ""takeoff""}",
node,3725561651,https://www.openstreetmap.org/node/3725561651,"PG starthely, Vöröskővár",47.555378,18.979190,325,,,,takeoff,,yes,,"{""free_flying:paragliding"": ""yes"", ""free_flying:site"": ""takeoff""}",
node,3778695411,https://www.openstreetmap.org/node/3778695411,Startplatz Hochschlegel,47.691744,12.883021,,,,,takeoff,,yes,"NW,W,SW","{""free_flying:paragliding"": ""yes"", ""free_flying:site"": ""takeoff"", ""free_flying:site_orientation"": ""NW,W,SW""}",
node,3779929492,https://www.openstreetmap.org/node/3779929492,Startplatz Zwiesealm,47.747762,12.815743,,,,,takeoff,,yes,,"{""free_flying:official"": ""no"", ""free_flying:paragliding"": ""yes"", ""free_flying:site"": ""takeoff""}",
node,3782443792,https://www.openstreetmap.org/node/3782443792,Cote Belle,44.803200,6.747601,2450,,,,takeoff,,yes,,"{""free_flying:official"": ""no"", ""free_flying:paragliding"": ""yes"", ""free_flying:site"": ""takeoff""}",
node,3810696900,https://www.openstreetmap.org/node/3810696900,,46.252270,13.840018,,,,,takeoff,,yes,,"{""free_flying:paragliding"": ""yes"", ""free_flying:site"": ""takeoff""}",
node,3854348216,https://www.openstreetmap.org/node/3854348216,Startowisko paralotniowe Dzikowiec,50.720599,16.210963,812,,,,takeoff,,yes,NE,"{""free_flying:paragliding"": ""yes"", ""free_flying:site"": ""takeoff""}",
node,3921994231,https://www.openstreetmap.org/node/3921994231,Décollage Loutze,46.213244,7.163859,,,,,takeoff,,yes,,"{""free_flying:paragliding"": ""yes"", ""free_flying:site"": ""takeoff""}",
node,3921994233,https://www.openstreetmap.org/node/3921994233,Décollage Roc d'Orsay,46.320558,7.068679,,,,,takeoff,,yes,,"{""free_flying:paragliding"": ""yes"", ""free_flying:site"": ""takeoff""}",
node,3978103960,https://www.openstreetmap.org/node/3978103960,Ifonche west,28.125586,-16.692152,,,,,takeoff,,yes,,"{""free_flying:paragliding"": ""yes"", ""free_flying:site"": ""takeoff""}",
node,3987786219,https://www.openstreetmap.org/node/3987786219,Jama west,28.115569,-16.657360,,,,,takeoff,,yes,,"{""free_flying:paragliding"": ""yes"", ""free_flying:site"": ""takeoff""}",
node,4036856035,https://www.openstreetmap.org/node/4036856035,Forca di Presta,42.784844,13.251679,1613,,,,takeoff,,yes,NW,"{""free_flying:paragliding"": ""yes"", ""free_flying:site"": ""takeoff"", ""free_flying:site_orientation"": ""NW""}",
node,4319234272,https://www.openstreetmap.org/node/4319234272,Site de vol libre Saint-Sebastien,44.313632,4.145077,,,,,takeoff;toplanding,,yes,,"{""free_flying:paragliding"": ""yes"", ""free_flying:site"": ""takeoff;toplanding""}",
node,4329493378,https://www.openstreetmap.org/node/4329493378,Startplatz Möntschelen,46.715615,7.509894,,,,,takeoff,,yes,,"{""free_flying:paragliding"": ""yes"", ""free_flying:site"": ""takeoff""}",
node,4361460400,https://www.openstreetmap.org/node/4361460400,Weststartplatz,47.375361,13.777056,2000,,,,takeoff,,yes,"NW,SW","{""free_flying:official"": ""yes"", ""free_flying:paragliding"": ""yes"", ""free_flying:site"": ""takeoff"", ""free_flying:site_orientation"": ""NW,SW""}",
node,4361469840,https://www.openstreetmap.org/node/4361469840,Startplatz Nord,47.376583,13.776111,1903,,,,takeoff,,yes,"N,NO","{""free_flying:official"": ""yes"", ""free_flying:paragliding"": ""yes"", ""free_flying:site"": ""takeoff"", ""free_flying:site_orientation"": ""N,NO""}",
node,4361473477,https://www.openstreetmap.org/node/4361473477,Ost Startplatz,47.374361,13.778472,1981,,,,takeoff,,yes,"O,SO","{""free_flying:official"": ""yes"", ""free_flying:paragliding"": ""yes"", ""free_flying:site"": ""takeoff"", ""free_flying:site_orientation"": ""O,SO""}",
node,4383600405,https://www.openstreetmap.org/node/4383600405,Turó de l'Home take off,41.775073,2.436306,,,,,takeoff,,yes,,"{""free_flying:paragliding"": ""yes"", ""free_flying:site"": ""takeoff""}",
node,4383685382,https://www.openstreetmap.org/node/4383685382,Despegue de Chía,42.525891,0.469165,,,,,takeoff,,yes,,"{""free_flying:paragliding"": ""yes"", ""free_flying:site"": ""takeoff""}",
node,4392444991,https://www.openstreetmap.org/node/4392444991,,39.835281,3.096255,,,,,takeoff,,yes,,"{""free_flying:paragliding"": ""yes"", ""free_flying:site"": ""takeoff""}",
node,4405555396,https://www.openstreetmap.org/node/4405555396,Startplatz Pöhlberg,50.569186,13.030697,,,,,takeoff,,yes,,"{""free_flying:paragliding"": ""yes"", ""free_flying:site"": ""takeoff""}",
node,4500717460,https://www.openstreetmap.org/node/4500717460,Decollo San Donato,41.733530,13.772470,1370,,,,takeoff,,yes,"W,SW","{""free_flying:paragliding"": ""yes"", ""free_flying:site"": ""takeoff"", ""free_flying:site_orientation"": ""W,SW""}",
node,4530574720,https://www.openstreetmap.org/node/4530574720,,44.477454,6.585290,,,,,takeoff,,yes,,"{""free_flying:paragliding"": ""yes"", ""free_flying:site"": ""takeoff""}",
node,4687130642,https://www.openstreetmap.org/node/4687130642,Decollo Garzette,46.269201,13.174115,,,,,takeoff,,yes,,"{""free_flying:official"": ""yes"", ""free_flying:paragliding"": ""yes"", ""free_flying:site"": ""takeoff"", ""free_flying:tandem"": ""yes""}",
node,4706655905,https://www.openstreetmap.org/node/4706655905,Despegue de Peral,43.167001,-5.900297,1360,,,,takeoff,,yes,,"{""free_flying:paragliding"": ""yes"", ""free_flying:site"": ""takeoff""}",
node,4706655906,https://www.openstreetmap.org/node/4706655906,Despegue del Colláu,43.162670,-5.906351,,,,,takeoff,,yes,,"{""free_flying:paragliding"": ""yes"", ""free_flying:site"": ""takeoff""}",
node,4706655907,https://www.openstreetmap.org/node/4706655907,Despegue del Nevero,43.165706,-5.902832,,,,,takeoff,,yes,,"{""free_flying:paragliding"": ""yes"", ""free_flying:site"": ""takeoff""}",
node,4741384056,https://www.openstreetmap.org/node/4741384056,Roldanillo - Aguapanela,4.404448,-76.211113,,,,,,,yes,E,"{""free_flying:paragliding"": ""yes"", ""free_flying:takeoff"": ""yes""}",
node,4748730622,https://www.openstreetmap.org/node/4748730622,"Старт парапланеристов ""Оборонное""",44.511598,33.656730,,,,,takeoff,,yes,,"{""free_flying:paragliding"": ""yes"", ""free_flying:site"": ""takeoff""}",
node,4840115679,https://www.openstreetmap.org/node/4840115679,,49.500504,6.740304,,,,,takeoff,,yes,,"{""free_flying:paragliding"": ""yes"", ""free_flying:site"": ""takeoff""}",
node,4877936589,https://www.openstreetmap.org/node/4877936589,,47.555790,19.002969,440,,,,takeoff,,yes,,"{""free_flying:paragliding"": ""yes"", ""free_flying:site"": ""takeoff""}",
node,4877936595,https://www.openstreetmap.org/node/4877936595,"Siklóernyős starthely, HHH Újlaki-hegy",47.552262,18.989077,445,,,,takeoff,,yes,,"{""free_flying:paragliding"": ""yes"", ""free_flying:site"": ""takeoff""}",
node,4879040111,https://www.openstreetmap.org/node/4879040111,La Scubiccia,42.329192,9.474663,,,,,takeoff,,yes,,"{""free_flying:official"": ""yes"", ""free_flying:paragliding"": ""yes"", ""free_flying:site"": ""takeoff""}",
node,4962330679,https://www.openstreetmap.org/node/4962330679,Paraglider-Startplatz,48.780024,10.114967,,,,,takeoff,,yes,,"{""free_flying:paragliding"": ""yes"", ""free_flying:site"": ""takeoff""}",
node,5026747887,https://www.openstreetmap.org/node/5026747887,Stuetze 9,47.546783,10.563126,1580,,,,takeoff,,yes,"N,O","{""free_flying:paragliding"": ""yes"", ""free_flying:site"": ""takeoff"", ""free_flying:site_orientation"": ""N,O""}",
node,5026747888,https://www.openstreetmap.org/node/5026747888,Engerle,47.547817,10.556633,1752,,,,takeoff,,yes,O,"{""free_flying:paragliding"": ""yes"", ""free_flying:site"": ""takeoff"", ""free_flying:site_orientation"": ""O""}",
node,5026747889,https://www.openstreetmap.org/node/5026747889,Breitenberg Kesselmoos,47.546922,10.558966,1688,,,,takeoff,,yes,"N,SE","{""free_flying:paragliding"": ""yes"", ""free_flying:site"": ""takeoff"", ""free_flying:site_orientation"": ""N,SE""}",
node,5127977493,https://www.openstreetmap.org/node/5127977493,Décollage intermédiaire,42.979611,-0.580326,,,,,takeoff,,yes,,"{""free_flying:official"": ""yes"", ""free_flying:paragliding"": ""yes"", ""free_flying:site"": ""takeoff""}",
node,5258657694,https://www.openstreetmap.org/node/5258657694,,14.737364,-91.142585,,,,,takeoff,,yes,,"{""free_flying:official"": ""no"", ""free_flying:paragliding"": ""yes"", ""free_flying:site"": ""takeoff""}",
node,5405648347,https://www.openstreetmap.org/node/5405648347,Fracette,46.320676,6.867709,,,,,takeoff,,yes,,"{""free_flying:paragliding"": ""yes"", ""free_flying:site"": ""takeoff""}",
node,5405648349,https://www.openstreetmap.org/node/5405648349,Décollage Torgon Virage,46.319513,6.879857,,,,,takeoff,,yes,,"{""free_flying:paragliding"": ""yes"", ""free_flying:site"": ""takeoff""}",
node,5406959377,https://www.openstreetmap.org/node/5406959377,Décollage La Jorette,46.304136,6.858593,,,,,takeoff,,yes,,"{""free_flying:paragliding"": ""yes"", ""free_flying:site"": ""takeoff""}",
node,5408066045,https://www.openstreetmap.org/node/5408066045,Øygjafjellet,58.906658,5.873415,275,,,,takeoff,,yes,,"{""free_flying:paragliding"": ""yes"", ""free_flying:site"": ""takeoff""}",
node,5408066095,https://www.openstreetmap.org/node/5408066095,"Vågå, Vole (Riksanlegget)",61.892222,9.142222,1070,,,,takeoff,,yes,,"{""free_flying:paragliding"": ""yes"", ""free_flying:site"": ""takeoff""}",
node,5408076167,https://www.openstreetmap.org/node/5408076167,"Seljestad, Morberget",59.883604,6.672180,900,,,,,,yes,SW-NW,"{""free_flying:paragliding"": ""yes"", ""free_flying:takeoff"": ""yes""}",
node,5408076172,https://www.openstreetmap.org/node/5408076172,"Røldal, Novle (Øvre start)",59.834113,6.891868,1118,,,,,,yes,W;NW,"{""free_flying:paragliding"": ""yes"", ""free_flying:takeoff"": ""yes""}",
node,5408076173,https://www.openstreetmap.org/node/5408076173,"Røldal, Novle (Nedre start)",59.842778,6.889722,1028,,,,,,yes,W;SW,"{""free_flying:paragliding"": ""yes"", ""free_flying:takeoff"": ""yes""}",
node,5408076177,https://www.openstreetmap.org/node/5408076177,"Ruklenuten, Odda",60.067748,6.482962,1365,,,,,,yes,ENE;NE;N;E,"{""free_flying:paragliding"": ""yes"", ""free_flying:takeoff"": ""yes""}",
node,5408076186,https://www.openstreetmap.org/node/5408076186,"Odda, Tokheimsskardet",60.081333,6.494705,886,,,,,,yes,ESE;E;ENE,"{""free_flying:paragliding"": ""yes"", ""free_flying:takeoff"": ""yes""}",
node,5408076192,https://www.openstreetmap.org/node/5408076192,"Odda, Freimslia",60.068056,6.562222,260,,,,,,yes,N;NW,"{""free_flying:paragliding"": ""yes"", ""free_flying:takeoff"": ""yes"", ""free_flying:unsafe"": ""yes""}",
node,5408076193,https://www.openstreetmap.org/node/5408076193,"Odda, Eidesnuten",60.052071,6.523444,900,,,,,,yes,SE;E;NE,"{""free_flying:paragliding"": ""yes"", ""free_flying:takeoff"": ""yes""}",
node,5408076205,https://www.openstreetmap.org/node/5408076205,Løyning,59.918458,6.623005,950,,,,,,yes,S;SW,"{""free_flying:guest-guidelines"": ""Good termal place. Not suiteable for beginners. Bad trail to takeoff."", ""free_flying:paragliding"": ""yes"", ""free_flying:takeoff"": ""yes""}",
node,5408076208,https://www.openstreetmap.org/node/5408076208,"Lofthus, Nosi",60.318672,6.700419,950,,,,,,yes,NW;W;SW,"{""free_flying:paragliding"": ""yes"", ""free_flying:takeoff"": ""yes""}",
node,5408076935,https://www.openstreetmap.org/node/5408076935,"Holmaskjær, Folgefonna",60.096792,6.445429,1545,,,,,,yes,E;NE,"{""free_flying:paragliding"": ""yes"", ""free_flying:takeoff"": ""yes""}",
node,5459978329,https://www.openstreetmap.org/node/5459978329,Rennesøy Sørbø,59.117090,5.676539,,,,,takeoff,,yes,,"{""free_flying:paragliding"": ""yes"", ""free_flying:site"": ""takeoff""}",
node,5619402545,https://www.openstreetmap.org/node/5619402545,Décollage La Loge des Gardes,46.004689,3.794277,1103,,,,takeoff,,yes,O;NO,"{""free_flying:official"": ""yes"", ""free_flying:paragliding"": ""yes"", ""free_flying:site"": ""takeoff"", ""free_flying:site_orientation"": ""O;NO""}",
node,5713972753,https://www.openstreetmap.org/node/5713972753,Gschwänd (Gleitschirm),47.156052,8.871825,1080,,,,takeoff,no,yes,N,"{""free_flying:guest-guidelines"": ""yes"", ""free_flying:hanggliding"": ""no"", ""free_flying:official"": ""yes"", ""free_flying:paragliding"": ""yes"", ""free_flying:rigid"": ""no"", ""free_flying:site"": ""takeoff"", ""free_flying:site_orientation"": ""N""}",
node,5801782665,https://www.openstreetmap.org/node/5801782665,Startplatz Ufem Tritt,47.101193,8.741491,,,,,takeoff,,yes,,"{""free_flying:paragliding"": ""yes"", ""free_flying:site"": ""takeoff""}",
node,5884471237,https://www.openstreetmap.org/node/5884471237,,58.886940,5.868060,,,,,takeoff,,yes,,"{""free_flying:paragliding"": ""yes"", ""free_flying:site"": ""takeoff""}",
node,5914647717,https://www.openstreetmap.org/node/5914647717,Vogelsang West,47.665170,12.035527,,,,,takeoff,,yes,W,"{""free_flying:guest-guidelines"": ""yes"", ""free_flying:official"": ""yes"", ""free_flying:paragliding"": ""yes"", ""free_flying:site"": ""takeoff"", ""free_flying:site_orientation"": ""W""}",
node,6071059471,https://www.openstreetmap.org/node/6071059471,Chaudzerya,46.502491,7.074073,,,,,takeoff,,yes,,"{""free_flying:official"": ""yes"", ""free_flying:paragliding"": ""yes"", ""free_flying:site"": ""takeoff""}",
node,6172785200,https://www.openstreetmap.org/node/6172785200,Choralpe West,47.418769,12.244030,,,,,takeoff,,yes,,"{""free_flying:paragliding"": ""yes"", ""free_flying:site"": ""takeoff""}",
node,6210075089,https://www.openstreetmap.org/node/6210075089,Николаевка,44.938418,33.611121,,,,,takeoff,,yes,,"{""free_flying:paragliding"": ""yes"", ""free_flying:site"": ""takeoff""}",
node,6388697252,https://www.openstreetmap.org/node/6388697252,Stemmeheia,58.590833,6.189723,512,,,,takeoff,,yes,,"{""free_flying:paragliding"": ""yes"", ""free_flying:site"": ""takeoff""}",
node,6432537313,https://www.openstreetmap.org/node/6432537313,Hvide Sande - Launch,55.949669,8.142694,17,,,,takeoff,,yes,,"{""free_flying:official"": ""no"", ""free_flying:paragliding"": ""yes"", ""free_flying:site"": ""takeoff""}",
node,6445679158,https://www.openstreetmap.org/node/6445679158,Startplatz Stofelboden,47.168196,8.803493,1145,,,,takeoff,,yes,,"{""free_flying:official"": ""no"", ""free_flying:paragliding"": ""yes"", ""free_flying:site"": ""takeoff""}",
node,6602726368,https://www.openstreetmap.org/node/6602726368,Aire de décollage,44.635326,6.223192,,,,,takeoff,,yes,,"{""free_flying:paragliding"": ""yes"", ""free_flying:site"": ""takeoff""}",
node,6617370874,https://www.openstreetmap.org/node/6617370874,Luskville South Launch,45.529307,-75.962835,,,,,takeoff,no,yes,,"{""free_flying:hanggliding"": ""no"", ""free_flying:paragliding"": ""yes"", ""free_flying:site"": ""takeoff""}",
node,6761120185,https://www.openstreetmap.org/node/6761120185,Парапланерный старт,45.282975,35.527060,,,,,takeoff,,yes,S,"{""free_flying:paragliding"": ""yes"", ""free_flying:site"": ""takeoff"", ""free_flying:site_orientation"": ""S""}",
node,6778126286,https://www.openstreetmap.org/node/6778126286,Парапланерный старт,45.284837,35.513666,,,,,takeoff,,yes,S,"{""free_flying:paragliding"": ""yes"", ""free_flying:site"": ""takeoff"", ""free_flying:site_orientation"": ""S""}",
node,6811926692,https://www.openstreetmap.org/node/6811926692,"Gjesdal, Gloppenuten",58.763056,6.102500,624,,,,takeoff,,yes,,"{""free_flying:paragliding"": ""yes"", ""free_flying:site"": ""takeoff""}",
node,7022154687,https://www.openstreetmap.org/node/7022154687,سایت پرواز پاراگلایدر تنکابن,36.743486,50.862474,,,,,takeoff,,yes,,"{""free_flying:paragliding"": ""yes"", ""free_flying:site"": ""takeoff""}",
node,7214275685,https://www.openstreetmap.org/node/7214275685,Despegue Parapente FlyNiton,-1.285735,-78.544061,,,,,takeoff,,yes,,"{""free_flying:paragliding"": ""yes"", ""free_flying:site"": ""takeoff""}",
node,7218223042,https://www.openstreetmap.org/node/7218223042,Ancelle,44.632841,6.214435,,,,,takeoff,,yes,,"{""free_flying:paragliding"": ""yes"", ""free_flying:site"": ""takeoff""}",
node,7237230488,https://www.openstreetmap.org/node/7237230488,Décollage du Roc des Agudes,44.205693,3.205434,,,,,takeoff,,yes,SW,"{""free_flying:official"": ""no"", ""free_flying:paragliding"": ""yes"", ""free_flying:site"": ""takeoff"", ""free_flying:site_orientation"": ""SW""}",
node,7502002740,https://www.openstreetmap.org/node/7502002740,Startplatz St. Anton,47.410901,9.542382,,,,,takeoff,,yes,,"{""free_flying:paragliding"": ""yes"", ""free_flying:site"": ""takeoff""}",
node,7823058755,https://www.openstreetmap.org/node/7823058755,Kokoška takeoff,49.047018,19.322238,680,,,,takeoff,,yes,,"{""free_flying:paragliding"": ""yes"", ""free_flying:site"": ""takeoff""}",
node,7823183497,https://www.openstreetmap.org/node/7823183497,Rohačka ski slope takeoff,49.043384,19.599732,795,,,,takeoff,,yes,,"{""free_flying:paragliding"": ""yes"", ""free_flying:site"": ""takeoff""}",
node,7852968641,https://www.openstreetmap.org/node/7852968641,Startplatz Leuchtenburg / Pfaffenberg,50.800957,11.610519,,,,,takeoff,,yes,,"{""free_flying:paragliding"": ""yes"", ""free_flying:site"": ""takeoff""}",
node,7859078327,https://www.openstreetmap.org/node/7859078327,Ardounes,42.778015,0.378082,,,,,takeoff,,yes,,"{""free_flying:paragliding"": ""yes"", ""free_flying:site"": ""takeoff""}",
node,7859137641,https://www.openstreetmap.org/node/7859137641,Les Myrtilles,42.781366,0.378892,,,,,takeoff,,yes,,"{""free_flying:paragliding"": ""yes"", ""free_flying:site"": ""takeoff""}",
node,7859335326,https://www.openstreetmap.org/node/7859335326,Salidière,42.805175,0.429673,,,,,takeoff,,yes,,"{""free_flying:paragliding"": ""yes"", ""free_flying:site"": ""takeoff""}",
node,7862658825,https://www.openstreetmap.org/node/7862658825,Les Antennes,42.789211,0.475030,,,,,takeoff,,yes,,"{""free_flying:paragliding"": ""yes"", ""free_flying:site"": ""takeoff""}",
node,7862695362,https://www.openstreetmap.org/node/7862695362,Le 400,42.790630,0.492260,,,,,takeoff,,yes,,"{""free_flying:paragliding"": ""yes"", ""free_flying:site"": ""takeoff""}",
node,7862706452,https://www.openstreetmap.org/node/7862706452,Le 600,42.798061,0.487520,,,,,takeoff,,yes,,"{""free_flying:paragliding"": ""yes"", ""free_flying:site"": ""takeoff""}",
node,7914142380,https://www.openstreetmap.org/node/7914142380,Les Verneys,46.247091,7.046988,1062,,,,takeoff,,yes,W,"{""free_flying:official"": ""yes"", ""free_flying:paragliding"": ""yes"", ""free_flying:site"": ""takeoff"", ""free_flying:site_orientation"": ""W""}",
node,7936694348,https://www.openstreetmap.org/node/7936694348,,41.996911,1.036977,,,,,takeoff,,yes,,"{""free_flying:paragliding"": ""yes"", ""free_flying:site"": ""takeoff""}",
node,7936705918,https://www.openstreetmap.org/node/7936705918,,42.002830,1.017956,,,,,takeoff,,yes,,"{""free_flying:paragliding"": ""yes"", ""free_flying:site"": ""takeoff""}",
node,8354579918,https://www.openstreetmap.org/node/8354579918,Zona Despegue Parapentes,-36.703863,-72.975705,,,,,takeoff,,yes,SW,"{""free_flying:paragliding"": ""yes"", ""free_flying:site"": ""takeoff"", ""free_flying:site_orientation"": ""SW""}",
node,8440173965,https://www.openstreetmap.org/node/8440173965,Michelau-Réngelschleed,49.897716,6.080228,440,,,,takeoff,,yes,,"{""free_flying:paragliding"": ""yes"", ""free_flying:site"": ""takeoff""}",
node,8692971406,https://www.openstreetmap.org/node/8692971406,Kesselmoos,47.546402,10.561118,,,,,takeoff,,yes,,"{""free_flying:paragliding"": ""yes"", ""free_flying:site"": ""takeoff""}",
node,8793003412,https://www.openstreetmap.org/node/8793003412,Issarbe,43.020719,-0.798223,1410,,,,takeoff,,yes,"NO,N,NE,E","{""free_flying:official"": ""yes"", ""free_flying:paragliding"": ""yes"", ""free_flying:site"": ""takeoff"", ""free_flying:site_orientation"": ""NO,N,NE,E""}",
node,8794784016,https://www.openstreetmap.org/node/8794784016,,49.790991,9.506191,,,,,takeoff,no,yes,SW,"{""free_flying:hanggliding"": ""no"", ""free_flying:paragliding"": ""yes"", ""free_flying:site"": ""takeoff"", ""free_flying:site_orientation"": ""SW""}",
node,9142451427,https://www.openstreetmap.org/node/9142451427,Prämajur,46.699078,10.505531,,,,,takeoff,,yes,E;SE;S;SW,"{""free_flying:landing"": ""yes"", ""free_flying:official"": ""yes"", ""free_flying:paragliding"": ""yes"", ""free_flying:site"": ""takeoff"", ""free_flying:site_orientation"": ""E;SE;S;SW"", ""free_flying:takeoff"": ""yes""}",
node,9189987396,https://www.openstreetmap.org/node/9189987396,Décollage Parapente de Pelluaz,46.338049,6.717193,,,,,takeoff,,yes,S,"{""free_flying:official"": ""yes"", ""free_flying:paragliding"": ""yes"", ""free_flying:site"": ""takeoff"", ""free_flying:site_orientation"": ""S""}",
node,9200390596,https://www.openstreetmap.org/node/9200390596,,49.402193,18.689938,,,,,takeoff,no,yes,N,"{""free_flying:hanggliding"": ""no"", ""free_flying:official"": ""no"", ""free_flying:paragliding"": ""yes"", ""free_flying:site"": ""takeoff"", ""free_flying:site_orientation"": ""N""}",
node,9253784181,https://www.openstreetmap.org/node/9253784181,Predný Choč,49.117802,19.329636,1190,,,,takeoff,,yes,,"{""free_flying:paragliding"": ""yes"", ""free_flying:site"": ""takeoff""}",
node,9460826210,https://www.openstreetmap.org/node/9460826210,Décollage du Drouvet,44.718591,6.315356,2570,,,,takeoff,,yes,,"{""free_flying:paragliding"": ""yes"", ""free_flying:site"": ""takeoff""}",
node,9495539476,https://www.openstreetmap.org/node/9495539476,,44.695439,6.313945,,,,,takeoff,,yes,,"{""free_flying:paragliding"": ""yes"", ""free_flying:site"": ""takeoff""}",
node,9631694580,https://www.openstreetmap.org/node/9631694580,GS Startplatz S-O,46.719279,12.624857,,,,,takeoff,,yes,E-SE-S,"{""free_flying:official"": ""yes"", ""free_flying:paragliding"": ""yes"", ""free_flying:site"": ""takeoff"", ""free_flying:site_orientation"": ""E-SE-S""}",
node,9719056098,https://www.openstreetmap.org/node/9719056098,Decollo parapendio monte Bernadia,46.225365,13.263671,,,,,takeoff,,yes,,"{""free_flying:official"": ""yes"", ""free_flying:paragliding"": ""yes"", ""free_flying:site"": ""takeoff"", ""free_flying:tandem"": ""yes""}",
node,9719103303,https://www.openstreetmap.org/node/9719103303,Decollo parapendio,46.236448,13.237497,,,,,takeoff,,yes,,"{""free_flying:paragliding"": ""yes"", ""free_flying:site"": ""takeoff""}",
node,9765451277,https://www.openstreetmap.org/node/9765451277,,42.800897,13.250103,,,,,takeoff,,yes,,"{""free_flying:paragliding"": ""yes"", ""free_flying:site"": ""takeoff""}",
node,9765513729,https://www.openstreetmap.org/node/9765513729,,42.767477,13.176902,,,,,takeoff,,yes,,"{""free_flying:paragliding"": ""yes"", ""free_flying:site"": ""takeoff""}",
node,9765531047,https://www.openstreetmap.org/node/9765531047,,42.764879,13.164647,,,,,takeoff,,yes,,"{""free_flying:paragliding"": ""yes"", ""free_flying:site"": ""takeoff""}",
node,9766096277,https://www.openstreetmap.org/node/9766096277,,42.811378,13.182520,,,,,takeoff,,yes,,"{""free_flying:paragliding"": ""yes"", ""free_flying:site"": ""takeoff""}",
node,9787391848,https://www.openstreetmap.org/node/9787391848,,34.668498,32.881902,,,,,takeoff,,yes,SW,"{""free_flying:paragliding"": ""yes"", ""free_flying:site"": ""takeoff"", ""free_flying:site_orientation"": ""SW""}",
node,9895949308,https://www.openstreetmap.org/node/9895949308,Startplatz Ob Lucken,47.762937,8.555659,,,,,takeoff,,yes,SW-NW,"{""free_flying:official"": ""yes"", ""free_flying:paragliding"": ""yes"", ""free_flying:site"": ""takeoff"", ""free_flying:site_orientation"": ""SW-NW""}",
node,9932795480,https://www.openstreetmap.org/node/9932795480,Honeysuckle (PG),-35.125731,148.314725,,,,,takeoff,,yes,W; SW,"{""free_flying:guest-guidelines"": ""yes"", ""free_flying:paragliding"": ""yes"", ""free_flying:site"": ""takeoff"", ""free_flying:site_orientation"": ""W; SW""}",
node,9941937548,https://www.openstreetmap.org/node/9941937548,Décollage des alpages,44.852624,6.455858,,,,,takeoff,,yes,,"{""free_flying:paragliding"": ""yes"", ""free_flying:site"": ""takeoff""}",
node,10142073361,https://www.openstreetmap.org/node/10142073361,Decollo Passo Sella,46.508492,11.771638,,,,,takeoff,,yes,S;SW,"{""free_flying:paragliding"": ""yes"", ""free_flying:site"": ""takeoff""}",
node,10142092208,https://www.openstreetmap.org/node/10142092208,Decollo Col Rodella S,46.494084,11.748876,,,,,takeoff,,yes,S;SW,"{""free_flying:paragliding"": ""yes"", ""free_flying:site"": ""takeoff""}",
node,10314274598,https://www.openstreetmap.org/node/10314274598,,50.053399,11.316915,,,,,takeoff,,yes,,"{""free_flying:paragliding"": ""yes"", ""free_flying:site"": ""takeoff""}",
node,10604863255,https://www.openstreetmap.org/node/10604863255,,49.919666,-123.259208,,,,,takeoff,,yes,,"{""free_flying:official"": ""no"", ""free_flying:paragliding"": ""yes"", ""free_flying:site"": ""takeoff""}",
node,10752687102,https://www.openstreetmap.org/node/10752687102,Startplatz Niesen SO-SW,46.644121,7.648172,2265,,,,takeoff,,yes,SO;S;SW,"{""free_flying:official"": ""yes"", ""free_flying:paragliding"": ""yes"", ""free_flying:site"": ""takeoff""}",
node,10788497640,https://www.openstreetmap.org/node/10788497640,,41.365852,43.271412,,,,,takeoff,no,,"n,nw,ne","{""free_flying:hanggliding"": ""no"", ""free_flying:site"": ""takeoff"", ""free_flying:site_orientation"": ""n,nw,ne""}",
node,10806948314,https://www.openstreetmap.org/node/10806948314,Upper Brittania Paragliding Launch Site,49.638503,-123.176230,720,,,,takeoff,no,yes,210,"{""free_flying:guest-guidelines"": ""no"", ""free_flying:hanggliding"": ""no"", ""free_flying:official"": ""no"", ""free_flying:paragliding"": ""yes"", ""free_flying:rigid"": ""no"", ""free_flying:site"": ""takeoff""}",
node,10814582573,https://www.openstreetmap.org/node/10814582573,,28.123376,84.494625,,,,,takeoff,,yes,,"{""free_flying:official"": ""yes"", ""free_flying:paragliding"": ""yes"", ""free_flying:site"": ""takeoff""}",
node,10860002906,https://www.openstreetmap.org/node/10860002906,Vallon pont d'arc,44.419625,4.387786,,,,,takeoff,,yes,,"{""free_flying:paragliding"": ""yes"", ""free_flying:site"": ""takeoff""}",
node,10991193885,https://www.openstreetmap.org/node/10991193885,Lower Britannia Paraglide Launch Site,49.634536,-123.198979,,,,,takeoff,no,yes,210,"{""free_flying:guest-guidelines"": ""no"", ""free_flying:hanggliding"": ""no"", ""free_flying:official"": ""no"", ""free_flying:paragliding"": ""yes"", ""free_flying:rigid"": ""no"", ""free_flying:site"": ""takeoff""}",
node,11127591725,https://www.openstreetmap.org/node/11127591725,"Siklóernyős starthely, Csúcs-hegy",47.570293,18.983399,405,,,,takeoff,,yes,,"{""free_flying:paragliding"": ""yes"", ""free_flying:site"": ""takeoff""}",
node,11132867967,https://www.openstreetmap.org/node/11132867967,Cimetta / Cardada,46.200906,8.791481,,,,,takeoff,,yes,,"{""free_flying:official"": ""yes"", ""free_flying:paragliding"": ""yes"", ""free_flying:site"": ""takeoff""}",
node,11159166843,https://www.openstreetmap.org/node/11159166843,Startplatz Motta Naluns Süd,46.809941,10.272491,,,,,takeoff,,yes,,"{""free_flying:paragliding"": ""yes"", ""free_flying:site"": ""takeoff""}",
node,11159190822,https://www.openstreetmap.org/node/11159190822,Startplatz Motta Naluns Ost,46.813005,10.273405,,,,,takeoff,,yes,,"{""free_flying:paragliding"": ""yes"", ""free_flying:site"": ""takeoff""}",
node,11178191617,https://www.openstreetmap.org/node/11178191617,Startplatz Fichtelberg,50.423027,12.952750,,,,,takeoff,,yes,,"{""free_flying:paragliding"": ""yes"", ""free_flying:site"": ""takeoff""}",
node,11214893514,https://www.openstreetmap.org/node/11214893514,Übungshang Am Kirschberg,51.135974,13.081867,,,,,takeoff,,yes,,"{""free_flying:paragliding"": ""yes"", ""free_flying:site"": ""takeoff""}",
node,11214899658,https://www.openstreetmap.org/node/11214899658,Startplatz Langenau,51.106817,12.915011,,,,,takeoff,,yes,,"{""free_flying:paragliding"": ""yes"", ""free_flying:site"": ""takeoff""}",
node,11233991312,https://www.openstreetmap.org/node/11233991312,,50.650562,13.270562,,,,,takeoff,,yes,,"{""free_flying:paragliding"": ""yes"", ""free_flying:site"": ""takeoff""}",
node,11239604182,https://www.openstreetmap.org/node/11239604182,עמדת מצנחי רחיפה מרכזית ארסוף,32.204624,34.811089,,,,,takeoff,,yes,WSW-NW,"{""free_flying:ground_handling"": ""no"", ""free_flying:official"": ""no"", ""free_flying:paragliding"": ""yes"", ""free_flying:ridge"": ""yes"", ""free_flying:site"": ""takeoff""}",
node,11239667095,https://www.openstreetmap.org/node/11239667095,עמדת מצנחי רחיפה גלבוע הר שאול,32.535147,35.376015,,,,,takeoff,,yes,NE;E;SE,"{""free_flying:ground_handling"": ""no"", ""free_flying:official"": ""no"", ""free_flying:paragliding"": ""yes"", ""free_flying:site"": ""takeoff"", ""free_flying:site_orientation"": ""NE;E;SE""}",
node,11239692742,https://www.openstreetmap.org/node/11239692742,עמדת מצנחי רחיפה מבוא חמה,32.723693,35.650047,,,,,takeoff,,yes,SW;W;NW,"{""free_flying:ground_handling"": ""no"", ""free_flying:official"": ""no"", ""free_flying:paragliding"": ""yes"", ""free_flying:site"": ""takeoff"", ""free_flying:site_orientation"": ""SW;W;NW""}",
node,11243564527,https://www.openstreetmap.org/node/11243564527,עמדת מצנחי רחיפה נתניה,32.313804,34.845457,,,,,takeoff,,yes,W;NW,"{""free_flying:ground_handling"": ""no"", ""free_flying:official"": ""no"", ""free_flying:paragliding"": ""yes"", ""free_flying:ridge"": ""yes"", ""free_flying:site"": ""takeoff"", ""free_flying:site_orientation"": ""W;NW""}",
node,11244705458,https://www.openstreetmap.org/node/11244705458,עמדת מצנחי רחיפה מצוקי דרגות,31.596414,35.395464,,,,,takeoff,,yes,"NE,E","{""free_flying:ground_handling"": ""no"", ""free_flying:official"": ""no"", ""free_flying:paragliding"": ""yes"", ""free_flying:ridge"": ""yes"", ""free_flying:site"": ""takeoff"", ""free_flying:site_orientation"": ""NE,E""}",
node,11244910390,https://www.openstreetmap.org/node/11244910390,עמדת מצנחי רחיפה הר הארי,32.954220,35.372679,,,,,,,yes,SE-SW,"{""free_flying:ground_handling"": ""no"", ""free_flying:official"": ""no"", ""free_flying:paragliding"": ""yes"", ""free_flying:takeoff"": ""yes""}",
node,11253853919,https://www.openstreetmap.org/node/11253853919,עמדת מצנחי רחיפה שרונה,32.724425,35.477876,,,,,takeoff,,yes,NE;E;SE,"{""free_flying:ground_handling"": ""no"", ""free_flying:official"": ""no"", ""free_flying:paragliding"": ""yes"", ""free_flying:site"": ""takeoff"", ""free_flying:site_orientation"": ""NE;E;SE""}",
node,11261573383,https://www.openstreetmap.org/node/11261573383,עמדת מצנחי רחיפה כמון,32.907324,35.362713,,,,,takeoff,,yes,NE;E;SE,"{""free_flying:ground_handling"": ""no"", ""free_flying:official"": ""no"", ""free_flying:paragliding"": ""yes"", ""free_flying:site"": ""takeoff"", ""free_flying:site_orientation"": ""NE;E;SE""}",
node,11261573385,https://www.openstreetmap.org/node/11261573385,עמדת מצנחי רחיפה המכתש הגדול דרום,30.935668,35.020421,,,,,takeoff,,yes,NW,"{""free_flying:official"": ""no"", ""free_flying:paragliding"": ""yes"", ""free_flying:site"": ""takeoff"", ""free_flying:site_orientation"": ""NW""}",
node,11301561483,https://www.openstreetmap.org/node/11301561483,Les Cerniers,46.220341,6.957705,1375,,,,,,yes,N / NE,"{""free_flying:paragliding"": ""yes"", ""free_flying:site_orientation"": ""N / NE"", ""free_flying:takeoff"": ""yes""}",
node,11331614938,https://www.openstreetmap.org/node/11331614938,עמדת מצנחי רחיפה יבנאל,32.700281,35.491889,,,,,takeoff,,yes,NE;E;SE,"{""free_flying:official"": ""no"", ""free_flying:paragliding"": ""yes"", ""free_flying:ridge"": ""yes"", ""free_flying:site"": ""takeoff"", ""free_flying:site_orientation"": ""NE;E;SE""}",
node,11347550547,https://www.openstreetmap.org/node/11347550547,Phu Thap Boek Paragliding Takeoff,16.946671,101.129014,,,,,takeoff,,yes,,"{""free_flying:official"": ""yes"", ""free_flying:paragliding"": ""yes"", ""free_flying:site"": ""takeoff""}",
node,11349601685,https://www.openstreetmap.org/node/11349601685,עמדת מצנחי רחיפה הר ברקן,32.511240,35.411648,,,,,takeoff,,yes,NNE-N,"{""free_flying:official"": ""no"", ""free_flying:paragliding"": ""yes"", ""free_flying:site"": ""takeoff""}",
node,11349601687,https://www.openstreetmap.org/node/11349601687,עמדת מצנחי רחיפה מוחרקה,32.685959,35.087163,,,,,takeoff,,yes,E;SE,"{""free_flying:official"": ""no"", ""free_flying:paragliding"": ""yes"", ""free_flying:site"": ""takeoff"", ""free_flying:site_orientation"": ""E;SE""}",
node,11349774172,https://www.openstreetmap.org/node/11349774172,עמדת מצנחי רחיפה אשקלון,31.690801,34.565262,,,,,takeoff,,yes,SW;W;NW,"{""free_flying:official"": ""no"", ""free_flying:paragliding"": ""yes"", ""free_flying:ridge"": ""yes"", ""free_flying:site"": ""takeoff"", ""free_flying:site_orientation"": ""SW;W;NW""}",
node,11349774175,https://www.openstreetmap.org/node/11349774175,עמדת מצנחי רחיפה הר תבור צפון,32.688367,35.386928,,,,,takeoff,,yes,N,"{""free_flying:official"": ""no"", ""free_flying:paragliding"": ""yes"", ""free_flying:site"": ""takeoff"", ""free_flying:site_orientation"": ""N""}",
node,11349774177,https://www.openstreetmap.org/node/11349774177,עמדת מצנחי רחיפה זיכרון יעקב,32.580427,34.946345,,,,,takeoff,,yes,SW;W;NW,"{""free_flying:paragliding"": ""yes"", ""free_flying:site"": ""takeoff"", ""free_flying:site_orientation"": ""SW;W;NW""}",
node,11349888337,https://www.openstreetmap.org/node/11349888337,עמדת מצנחי רחיפה הר אחים,32.831949,35.312970,,,,,takeoff,,yes,SE;S;SW,"{""free_flying:official"": ""no"", ""free_flying:paragliding"": ""yes"", ""free_flying:site"": ""takeoff"", ""free_flying:site_orientation"": ""SE;S;SW""}",
node,11349888339,https://www.openstreetmap.org/node/11349888339,עמדת מצנחי רחיפה בית רימון,32.784444,35.329252,,,,,takeoff,,yes,N;NW,"{""free_flying:official"": ""no"", ""free_flying:paragliding"": ""yes"", ""free_flying:site"": ""takeoff"", ""free_flying:site_orientation"": ""N;NW""}",
node,11349888341,https://www.openstreetmap.org/node/11349888341,עמדת מצנחי רחיפה הר הקפיצה,32.682374,35.301230,,,,,takeoff,,yes,SE;S;SW,"{""free_flying:official"": ""no"", ""free_flying:paragliding"": ""yes"", ""free_flying:site"": ""takeoff"", ""free_flying:site_orientation"": ""SE;S;SW""}",
node,11368432782,https://www.openstreetmap.org/node/11368432782,Neklid,50.403277,12.932565,,,,,takeoff,,yes,,"{""free_flying:paragliding"": ""yes"", ""free_flying:site"": ""takeoff""}",
node,11368816706,https://www.openstreetmap.org/node/11368816706,Schleppgelände Cämmerswalde,50.725190,13.517201,,,,,takeoff,,yes,,"{""free_flying:paragliding"": ""yes"", ""free_flying:site"": ""takeoff""}",
node,11368861505,https://www.openstreetmap.org/node/11368861505,Hermsdorfer-Seyder Höhe,50.752601,13.667633,,,,,takeoff,,yes,,"{""free_flying:paragliding"": ""yes"", ""free_flying:site"": ""takeoff""}",
node,11383154002,https://www.openstreetmap.org/node/11383154002,Miller Ridge,50.395536,-122.942033,,,,,takeoff,,yes,SE,"{""free_flying:official"": ""no"", ""free_flying:paragliding"": ""yes"", ""free_flying:ridge"": ""yes"", ""free_flying:site"": ""takeoff"", ""free_flying:site_orientation"": ""SE""}",
node,11383674433,https://www.openstreetmap.org/node/11383674433,Husby Klit - Launch,56.257640,8.130911,12,,,,takeoff,,yes,,"{""free_flying:official"": ""no"", ""free_flying:paragliding"": ""yes"", ""free_flying:site"": ""takeoff""}",
node,11383700978,https://www.openstreetmap.org/node/11383700978,Lyngvig Fyr - Launch,56.043922,8.100335,6,,,,takeoff,,yes,,"{""free_flying:official"": ""no"", ""free_flying:paragliding"": ""yes"", ""free_flying:site"": ""takeoff""}",
node,11387574393,https://www.openstreetmap.org/node/11387574393,עמדת מצנחי רחיפה בת ים,32.028721,34.741078,,,,,takeoff,,yes,W,"{""free_flying:ground_handling"": ""yes"", ""free_flying:official"": ""no"", ""free_flying:paragliding"": ""yes"", ""free_flying:ridge"": ""yes"", ""free_flying:site"": ""takeoff"", ""free_flying:site_orientation"": ""W""}",
node,11394817895,https://www.openstreetmap.org/node/11394817895,עמדת מצנחי רחיפה הר הגמל,30.602699,34.797211,,,,,takeoff,,yes,S;SE,"{""free_flying:official"": ""no"", ""free_flying:paragliding"": ""yes"", ""free_flying:ridge"": ""yes"", ""free_flying:site"": ""takeoff"", ""free_flying:site_orientation"": ""S;SE""}",
node,11403234465,https://www.openstreetmap.org/node/11403234465,עמדת מצנחי רחיפה כוכב הירדן,32.576424,35.526772,,,,,takeoff,,yes,NE;E;SE,"{""free_flying:paragliding"": ""yes"", ""free_flying:site"": ""takeoff"", ""free_flying:site_orientation"": ""NE;E;SE""}",
node,11407202304,https://www.openstreetmap.org/node/11407202304,Gyldendal - Launch,56.578311,8.717101,5,,,,takeoff,,yes,,"{""free_flying:official"": ""no"", ""free_flying:paragliding"": ""yes"", ""free_flying:site"": ""takeoff""}",
node,11407352793,https://www.openstreetmap.org/node/11407352793,עמדת מצנחי רחיפה צרעה,31.771392,34.961981,,,,,takeoff,,yes,SSW,"{""free_flying:official"": ""yes"", ""free_flying:paragliding"": ""yes"", ""free_flying:ridge"": ""yes"", ""free_flying:site"": ""takeoff""}",
node,11407352795,https://www.openstreetmap.org/node/11407352795,עמדת מצנחי רחיפה המכתש הגדול צפון,30.970790,34.979593,,,,,takeoff,,yes,SE,"{""free_flying:paragliding"": ""yes"", ""free_flying:ridge"": ""yes"", ""free_flying:site"": ""takeoff""}",
node,11407352797,https://www.openstreetmap.org/node/11407352797,עמדת מצנחי רחיפה גלבוע אבינדב,32.461807,35.432949,,,,,takeoff,,yes,SE,"{""free_flying:official"": ""no"", ""free_flying:paragliding"": ""yes"", ""free_flying:ridge"": ""yes"", ""free_flying:site"": ""takeoff""}",
node,11435104776,https://www.openstreetmap.org/node/11435104776,Knud Strand - Launch,56.658493,8.777161,4,,,,takeoff,,yes,,"{""free_flying:official"": ""no"", ""free_flying:paragliding"": ""yes"", ""free_flying:site"": ""takeoff""}",
node,11486059438,https://www.openstreetmap.org/node/11486059438,Bovbjerg Fyr - Launch,56.513047,8.117807,24,,,,takeoff,,yes,,"{""free_flying:official"": ""no"", ""free_flying:paragliding"": ""yes"", ""free_flying:site"": ""takeoff""}",
node,11486059440,https://www.openstreetmap.org/node/11486059440,Bovbjerg Ferring - Launch,56.524492,8.118032,11,,,,takeoff,,yes,,"{""free_flying:official"": ""no"", ""free_flying:paragliding"": ""yes"", ""free_flying:site"": ""takeoff""}",
node,11486114564,https://www.openstreetmap.org/node/11486114564,Humlum Fiskerleje - Launch,56.541308,8.577163,9,,,,takeoff,,yes,,"{""free_flying:official"": ""no"", ""free_flying:paragliding"": ""yes"", ""free_flying:site"": ""takeoff""}",
node,11486114568,https://www.openstreetmap.org/node/11486114568,Toftum Bjerge - Launch,56.561601,8.554721,8,,,,takeoff,,yes,,"{""free_flying:official"": ""no"", ""free_flying:paragliding"": ""yes"", ""free_flying:site"": ""takeoff""}",
node,11521904592,https://www.openstreetmap.org/node/11521904592,,48.458095,17.412628,,,,,takeoff,,yes,"E, SE","{""free_flying:official"": ""yes"", ""free_flying:paragliding"": ""yes"", ""free_flying:site"": ""takeoff"", ""free_flying:site_orientation"": ""E, SE""}",
node,11652583124,https://www.openstreetmap.org/node/11652583124,עמדת מצנחי רחיפה נחל אוג,31.788151,35.447735,,,,,takeoff,,yes,N-E,"{""free_flying:ground_handling"": ""no"", ""free_flying:official"": ""no"", ""free_flying:paragliding"": ""yes"", ""free_flying:site"": ""takeoff""}",
node,11898321085,https://www.openstreetmap.org/node/11898321085,,50.439967,20.768916,260,,,,takeoff,,yes,,"{""free_flying:paragliding"": ""yes"", ""free_flying:site"": ""takeoff""}",
node,12013442209,https://www.openstreetmap.org/node/12013442209,Rutherford Launch Site,50.282486,-122.880863,1025,,,,takeoff,,yes,,"{""free_flying:ground_handling"": ""no"", ""free_flying:guest-guidelines"": ""no"", ""free_flying:official"": ""no"", ""free_flying:paragliding"": ""yes"", ""free_flying:site"": ""takeoff"", ""free_flying:tandem"": ""no""}",
node,12039043006,https://www.openstreetmap.org/node/12039043006,Pietroasa,47.795816,23.523888,,,,,takeoff,,yes,,"{""free_flying:paragliding"": ""yes"", ""free_flying:site"": ""takeoff""}",
node,12044988595,https://www.openstreetmap.org/node/12044988595,Rainbow Mountain Paraglide Launch,50.145038,-122.984501,1080,,,,takeoff,no,yes,120,"{""free_flying:hanggliding"": ""no"", ""free_flying:official"": ""no"", ""free_flying:paragliding"": ""yes"", ""free_flying:site"": ""takeoff""}",
node,12077996757,https://www.openstreetmap.org/node/12077996757,עמדת מצנחי רחיפה נתניה פנצ'ו,32.298731,34.840863,,,,,takeoff,,yes,WSW-WNW,"{""free_flying:official"": ""no"", ""free_flying:paragliding"": ""yes"", ""free_flying:ridge"": ""yes"", ""free_flying:site"": ""takeoff""}",
node,12153270874,https://www.openstreetmap.org/node/12153270874,Decollage - Les Sagnes,45.158256,5.582946,1550,,,,takeoff,,yes,"NE, E, SE","{""free_flying:official"": ""no"", ""free_flying:paragliding"": ""yes"", ""free_flying:site"": ""takeoff"", ""free_flying:site_orientation"": ""NE, E, SE""}",
node,12162165052,https://www.openstreetmap.org/node/12162165052,Pic de l'aigle,46.614972,5.902198,957,,,,takeoff,,yes,SW;W;NW,"{""free_flying:official"": ""yes"", ""free_flying:paragliding"": ""yes"", ""free_flying:site"": ""takeoff"", ""free_flying:site_orientation"": ""SW;W;NW""}",
node,12305521823,https://www.openstreetmap.org/node/12305521823,,29.450895,79.309666,,,,,takeoff,,yes,,"{""free_flying:paragliding"": ""yes"", ""free_flying:site"": ""takeoff""}",
node,12507292714,https://www.openstreetmap.org/node/12507292714,Kautenbach,49.951914,6.031453,430,,,,takeoff,,yes,,"{""free_flying:paragliding"": ""yes"", ""free_flying:site"": ""takeoff""}",
node,12507292715,https://www.openstreetmap.org/node/12507292715,Gringlay,49.915758,6.091614,445,,,,takeoff,,yes,,"{""free_flying:paragliding"": ""yes"", ""free_flying:site"": ""takeoff""}",
node,12531251371,https://www.openstreetmap.org/node/12531251371,Roldanillo - Los Tanques,4.476229,-76.153371,,,,,takeoff,,yes,NE;E;SE,"{""free_flying:paragliding"": ""yes"", ""free_flying:site"": ""takeoff"", ""free_flying:takeoff"": ""yes""}",
node,12601479858,https://www.openstreetmap.org/node/12601479858,Roldanillo - El Trebol,4.407002,-76.195676,,,,,takeoff,,yes,NE;E,"{""free_flying:paragliding"": ""yes"", ""free_flying:site"": ""takeoff"", ""free_flying:takeoff"": ""yes""}",
node,12601493687,https://www.openstreetmap.org/node/12601493687,Roldanillo - El Torre,4.406589,-76.188974,,,,,takeoff,,yes,E;SE,"{""free_flying:paragliding"": ""yes"", ""free_flying:site"": ""takeoff"", ""free_flying:takeoff"": ""yes""}",
node,12754898099,https://www.openstreetmap.org/node/12754898099,Startmöglichkeit Heuberg,47.510004,11.954551,,,,,takeoff,,yes,SE,"{""free_flying:official"": ""no"", ""free_flying:paragliding"": ""yes"", ""free_flying:site"": ""takeoff""}",
node,12773101470,https://www.openstreetmap.org/node/12773101470,Decollo Ovest,43.056143,12.668143,,,,,,,yes,,"{""free_flying:paragliding"": ""yes"", ""free_flying:takeoff"": ""yes""}",
node,12782317508,https://www.openstreetmap.org/node/12782317508,Schattberg West,47.364274,12.621498,,,,,takeoff,,yes,,"{""free_flying:paragliding"": ""yes"", ""free_flying:site"": ""takeoff""}",
node,12872696514,https://www.openstreetmap.org/node/12872696514,,59.978352,13.089857,,,,,takeoff,,yes,SW,"{""free_flying:paragliding"": ""yes"", ""free_flying:site"": ""takeoff"", ""free_flying:site_orientation"": ""SW""}",
node,12898575644,https://www.openstreetmap.org/node/12898575644,GS Startplatz S-W,46.727049,12.618606,,,,,takeoff,,yes,S-SW-W,"{""free_flying:official"": ""yes"", ""free_flying:paragliding"": ""yes"", ""free_flying:site"": ""takeoff"", ""free_flying:site_orientation"": ""S-SW-W""}",
node,13098771959,https://www.openstreetmap.org/node/13098771959,,40.287183,21.587122,,,,,,,yes,N;NE;E,"{""free_flying:official"": ""no"", ""free_flying:paragliding"": ""yes"", ""free_flying:takeoff"": ""yes""}",
node,13181194742,https://www.openstreetmap.org/node/13181194742,Fourneby (déco parapente),43.827454,6.892830,,,,,takeoff,,yes,,"{""free_flying:paragliding"": ""yes"", ""free_flying:site"": ""takeoff""}",
node,13194920699,https://www.openstreetmap.org/node/13194920699,Gondola Paraglide Launch Site,49.673630,-123.136942,,,,,takeoff,,yes,330,"{""free_flying:official"": ""no"", ""free_flying:paragliding"": ""yes"", ""free_flying:site"": ""takeoff""}",
node,13502832368,https://www.openstreetmap.org/node/13502832368,Roldanillo - Bella Vista,4.392900,-76.213676,,,,,takeoff,,yes,E,"{""free_flying:paragliding"": ""yes"", ""free_flying:site"": ""takeoff"", ""free_flying:takeoff"": ""yes""}",
node,13672444965,https://www.openstreetmap.org/node/13672444965,Startplatz Titlis,46.772538,8.430538,,,,,takeoff,,yes,,"{""free_flying:paragliding"": ""yes"", ""free_flying:site"": ""takeoff""}",
node,13672578448,https://www.openstreetmap.org/node/13672578448,Les Plans,46.501686,7.078613,,,,,takeoff,,yes,,"{""free_flying:official"": ""yes"", ""free_flying:paragliding"": ""yes"", ""free_flying:site"": ""takeoff""}",
node,13672601727,https://www.openstreetmap.org/node/13672601727,Startplatz Herren,47.409278,9.556861,,,,,takeoff,,yes,,"{""free_flying:paragliding"": ""yes"", ""free_flying:site"": ""takeoff""}",
node,13672601728,https://www.openstreetmap.org/node/13672601728,Startplatz Frohe Uusicht unten,47.400550,9.525268,,,,,takeoff,,yes,,"{""free_flying:paragliding"": ""yes"", ""free_flying:site"": ""takeoff""}",
node,13672774655,https://www.openstreetmap.org/node/13672774655,Generoso Clericetti,45.928625,9.021382,,,,,takeoff,,yes,S;SE,"{""free_flying:paragliding"": ""yes"", ""free_flying:site"": ""takeoff"", ""free_flying:site_orientation"": ""S;SE""}",
node,13672922253,https://www.openstreetmap.org/node/13672922253,Startplatz Davos Jakobshorn,46.772813,9.846008,,,,,takeoff,,yes,,"{""free_flying:paragliding"": ""yes"", ""free_flying:site"": ""takeoff""}",
node,13672922254,https://www.openstreetmap.org/node/13672922254,Startplatz Davos Jatzhütte,46.766283,9.850809,,,,,takeoff,,yes,,"{""free_flying:paragliding"": ""yes"", ""free_flying:site"": ""takeoff""}",
node,13672922255,https://www.openstreetmap.org/node/13672922255,Startplatz Davos Jatzhütte S,46.766395,9.852349,,,,,takeoff,,yes,,"{""free_flying:paragliding"": ""yes"", ""free_flying:site"": ""takeoff""}",
node,13672922256,https://www.openstreetmap.org/node/13672922256,Startplatz Davos Brähmabühl N,46.781248,9.848886,,,,,takeoff,,yes,,"{""free_flying:paragliding"": ""yes"", ""free_flying:site"": ""takeoff""}",
node,13672922257,https://www.openstreetmap.org/node/13672922257,Startplatz Davos Brähmabühl W,46.780807,9.848175,,,,,takeoff,,yes,,"{""free_flying:paragliding"": ""yes"", ""free_flying:site"": ""takeoff""}",
node,13672922258,https://www.openstreetmap.org/node/13672922258,Startplatz Davos Schatzalp,46.807760,9.813119,,,,,takeoff,,yes,,"{""free_flying:paragliding"": ""yes"", ""free_flying:site"": ""takeoff""}",
node,13672922259,https://www.openstreetmap.org/node/13672922259,Startplatz Davos Weissfluhjoch,46.831817,9.805181,,,,,takeoff,,yes,,"{""free_flying:paragliding"": ""yes"", ""free_flying:site"": ""takeoff""}",
node,13672922260,https://www.openstreetmap.org/node/13672922260,Startplatz Davos Weissfluhgipfel,46.837532,9.794585,,,,,takeoff,,yes,,"{""free_flying:paragliding"": ""yes"", ""free_flying:site"": ""takeoff""}",
node,13672922263,https://www.openstreetmap.org/node/13672922263,Startplatz Madrisa Schaffürggli,46.917579,9.870536,,,,,takeoff,,yes,,"{""free_flying:paragliding"": ""yes"", ""free_flying:site"": ""takeoff""}",
node,13672922264,https://www.openstreetmap.org/node/13672922264,Startplatz Madrisa Ziegenhüttli,46.904246,9.879678,,,,,takeoff,,yes,,"{""free_flying:paragliding"": ""yes"", ""free_flying:site"": ""takeoff""}",
node,13672922267,https://www.openstreetmap.org/node/13672922267,Startplatz Gotschnagrat S,46.855229,9.850775,,,,,takeoff,,yes,,"{""free_flying:paragliding"": ""yes"", ""free_flying:site"": ""takeoff""}",
node,13672922268,https://www.openstreetmap.org/node/13672922268,Startplatz Gotschnagrat N,46.858580,9.843841,,,,,takeoff,,yes,,"{""free_flying:paragliding"": ""yes"", ""free_flying:site"": ""takeoff""}",
node,13672922269,https://www.openstreetmap.org/node/13672922269,Startplatz Gruobenalp,46.857121,9.840645,,,,,takeoff,,yes,,"{""free_flying:paragliding"": ""yes"", ""free_flying:site"": ""takeoff""}",
node,13672922270,https://www.openstreetmap.org/node/13672922270,Startplatz Pischa,46.810730,9.920631,,,,,takeoff,,yes,,"{""free_flying:paragliding"": ""yes"", ""free_flying:site"": ""takeoff""}",
node,13672922271,https://www.openstreetmap.org/node/13672922271,Startplatz Höhenweg 1,46.821866,9.824157,,,,,takeoff,,yes,,"{""free_flying:paragliding"": ""yes"", ""free_flying:site"": ""takeoff""}",
node,13672922272,https://www.openstreetmap.org/node/13672922272,Startplatz Höhenweg 2,46.819444,9.825179,,,,,takeoff,,yes,,"{""free_flying:paragliding"": ""yes"", ""free_flying:site"": ""takeoff""}",
node,13926638416,https://www.openstreetmap.org/node/13926638416,Sevan Paragliding Take-off Site,40.590295,44.947714,2300,,,,,,yes,,"{""free_flying:paragliding"": ""yes"", ""free_flying:takeoff"": ""yes""}",
node,13997708473,https://www.openstreetmap.org/node/13997708473,Pista de parapente da Serra da Fraga/Alveite Grande,40.221463,-8.219537,,,,,,,yes,,"{""free_flying:paragliding"": ""yes"", ""free_flying:takeoff"": ""yes""}",
node,14088025358,https://www.openstreetmap.org/node/14088025358,Décollage parapente de Rochassac,44.785741,5.814258,,,,,takeoff,,yes,W;SW,"{""free_flying:paragliding"": ""yes"", ""free_flying:site"": ""takeoff"", ""free_flying:site_orientation"": ""W;SW""}",
node,14242318210,https://www.openstreetmap.org/node/14242318210,Decollo Sasso Lungo,46.505818,11.736236,,,,,takeoff,,yes,S;SW,"{""free_flying:paragliding"": ""yes"", ""free_flying:site"": ""takeoff""}",
node,14242357510,https://www.openstreetmap.org/node/14242357510,Startowisko Skrzyczne N,49.687893,19.031067,,,,,takeoff,,yes,N,"{""free_flying:paragliding"": ""yes"", ""free_flying:site"": ""takeoff""}",
relation,5757238,https://www.openstreetmap.org/relation/5757238,Startowisko paralotniowe KLIN,50.692486,16.276080,,,,,takeoff,,yes,,"{""free_flying:paragliding"": ""yes"", ""free_flying:site"": ""takeoff""}",
relation,9513570,https://www.openstreetmap.org/relation/9513570,Rampa de descolagem de parapente,40.553675,-8.178827,,,,,takeoff,,yes,NE,"{""free_flying:paragliding"": ""yes"", ""free_flying:site"": ""takeoff"", ""free_flying:site_orientation"": ""NE""}",
relation,9899298,https://www.openstreetmap.org/relation/9899298,Pista de Parapente,41.879850,-7.720863,,,,,takeoff,,yes,S,"{""free_flying:paragliding"": ""yes"", ""free_flying:site"": ""takeoff"", ""free_flying:site_orientation"": ""S""}",
relation,19534821,https://www.openstreetmap.org/relation/19534821,,45.540400,10.271933,,,,,,,yes,S;SE;SW,"{""free_flying:paragliding"": ""yes"", ""free_flying:takeoff"": ""yes""}",
relation,19534822,https://www.openstreetmap.org/relation/19534822,Decollo Buren,45.536766,10.270800,,,,,,,yes,S;SE;SW,"{""free_flying:paragliding"": ""yes"", ""free_flying:takeoff"": ""yes""}",
relation,19893435,https://www.openstreetmap.org/relation/19893435,Décollage parapente Les Myrtilles,46.320612,7.060849,1910,,,,,,yes,S-SO,"{""free_flying:paragliding"": ""yes"", ""free_flying:takeoff"": ""yes""}",
relation,19908886,https://www.openstreetmap.org/relation/19908886,Les Lués,46.245747,7.055545,1640,,,,,,yes,N-NW,"{""free_flying:paragliding"": ""yes"", ""free_flying:takeoff"": ""yes""}",
way,24192301,https://www.openstreetmap.org/way/24192301,Décollage du Belvédère,45.089481,5.593607,1400,,,,takeoff,,yes,,"{""free_flying:paragliding"": ""yes"", ""free_flying:site"": ""takeoff""}",
way,24227608,https://www.openstreetmap.org/way/24227608,Décollage du Crêt,45.117076,5.516828,1305,,,,takeoff,,yes,N;NE;E,"{""free_flying:official"": ""yes"", ""free_flying:paragliding"": ""yes"", ""free_flying:site"": ""takeoff"", ""free_flying:site_orientation"": ""N;NE;E""}",
way,35093655,https://www.openstreetmap.org/way/35093655,Décollage FFVL Saint hilaire du touvet Nord,45.306803,5.887800,950,,,,takeoff,,yes,NE,"{""free_flying:official"": ""yes"", ""free_flying:paragliding"": ""yes"", ""free_flying:site"": ""takeoff"", ""free_flying:site_orientation"": ""NE"", ""free_flying:tandem"": ""yes""}",
way,42505542,https://www.openstreetmap.org/way/42505542,Pista di Decollo Parapendii e Deltaplani - Poggio Bustone - Collinette,42.514721,12.883121,1050,,,,takeoff,,yes,SW,"{""free_flying:paragliding"": ""yes"", ""free_flying:site"": ""takeoff"", ""free_flying:site_orientation"": ""SW""}",
way,42647033,https://www.openstreetmap.org/way/42647033,Decollo Da Beppi Tappeti,45.823440,11.768854,,,,,,,yes,S;SE;SW,"{""free_flying:altitude"": ""830m"", ""free_flying:landing"": ""no"", ""free_flying:official"": ""yes"", ""free_flying:paragliding"": ""yes"", ""free_flying:takeoff"": ""yes""}",
way,44523181,https://www.openstreetmap.org/way/44523181,Décollage Chalvet Sud,43.976535,6.491785,,,,,takeoff,,yes,,"{""free_flying:paragliding"": ""yes"", ""free_flying:site"": ""takeoff""}",
way,60145755,https://www.openstreetmap.org/way/60145755,Kleinheppacher Kopf-Ost,48.833569,9.377847,,,,,takeoff,,yes,"O,SO","{""free_flying:guest-guidelines"": ""yes"", ""free_flying:official"": ""yes"", ""free_flying:paragliding"": ""yes"", ""free_flying:site"": ""takeoff"", ""free_flying:site_orientation"": ""O,SO""}",
way,64902315,https://www.openstreetmap.org/way/64902315,Décollage du Pas de Saint-Martin,45.022658,5.465169,1243,,,,takeoff,,yes,SW;W;NW,"{""free_flying:official"": ""yes"", ""free_flying:paragliding"": ""yes"", ""free_flying:site"": ""takeoff"", ""free_flying:site_orientation"": ""SW;W;NW""}",
way,76185216,https://www.openstreetmap.org/way/76185216,Startplatz Böhming,48.944584,11.349995,,,,,takeoff,,yes,,"{""free_flying:official"": ""yes"", ""free_flying:paragliding"": ""yes"", ""free_flying:site"": ""takeoff""}",
way,78020597,https://www.openstreetmap.org/way/78020597,Décollage du Mont Denier,43.853861,6.267019,,,,,takeoff,,yes,,"{""free_flying:paragliding"": ""yes"", ""free_flying:site"": ""takeoff""}",
way,80208132,https://www.openstreetmap.org/way/80208132,Décollage Chalvet Est,43.976904,6.492463,,,,,takeoff,,yes,,"{""free_flying:paragliding"": ""yes"", ""free_flying:site"": ""takeoff""}",
way,83727404,https://www.openstreetmap.org/way/83727404,Décollage Parapente et deltaplane de Sonchaux,46.418011,6.950611,,,,,takeoff,,yes,,"{""free_flying:paragliding"": ""yes"", ""free_flying:site"": ""takeoff""}",
way,84187778,https://www.openstreetmap.org/way/84187778,Sospel - agaisen,43.886838,7.454663,736,,,,takeoff,,yes,S;SW,"{""free_flying:official"": ""no"", ""free_flying:paragliding"": ""yes"", ""free_flying:site"": ""takeoff"", ""free_flying:site_orientation"": ""S;SW""}",
way,88402906,https://www.openstreetmap.org/way/88402906,Windenschleppgemeinschaft Skyrider,51.922524,8.009455,,,,,takeoff;landing,,yes,,"{""free_flying:official"": ""yes"", ""free_flying:paragliding"": ""yes"", ""free_flying:site"": ""takeoff;landing""}",
way,93690408,https://www.openstreetmap.org/way/93690408,Décollage Les Ruinettes,46.090261,7.251538,2160,,,,,,yes,W,"{""free_flying:official"": ""no"", ""free_flying:paragliding"": ""yes"", ""free_flying:takeoff"": ""yes""}",
way,99899793,https://www.openstreetmap.org/way/99899793,Décollage parapente FFVL de Planfait,45.853213,6.223053,916,,,,takeoff,,yes,W,"{""free_flying:official"": ""yes"", ""free_flying:paragliding"": ""yes"", ""free_flying:site"": ""takeoff"", ""free_flying:site_orientation"": ""W"", ""free_flying:tandem"": ""yes""}",
way,101918749,https://www.openstreetmap.org/way/101918749,Buzet - Zavoj,45.444274,13.965160,490,,,,,,yes,,"{""free_flying:official"": ""yes"", ""free_flying:paragliding"": ""yes"", ""free_flying:takeoff"": ""yes""}",
way,108515789,https://www.openstreetmap.org/way/108515789,Décollage Haybes Les Aurains,49.987461,4.720808,330,,,,takeoff,,yes,"W,NW","{""free_flying:paragliding"": ""yes"", ""free_flying:site"": ""takeoff"", ""free_flying:site_orientation"": ""W,NW""}",
way,112452851,https://www.openstreetmap.org/way/112452851,Startplatz Staffelhöhe,47.047702,8.460574,,,,,takeoff,,yes,NW,"{""free_flying:official"": ""yes"", ""free_flying:paragliding"": ""yes"", ""free_flying:site"": ""takeoff"", ""free_flying:site_orientation"": ""NW""}",
way,112452852,https://www.openstreetmap.org/way/112452852,Startplatz Rufiberg,47.082057,8.545985,,,,,takeoff,,yes,NW,"{""free_flying:paragliding"": ""yes"", ""free_flying:site"": ""takeoff"", ""free_flying:site_orientation"": ""NW""}",
way,112452853,https://www.openstreetmap.org/way/112452853,Startplatz Rigi Scheidegg,47.027766,8.519954,,,,,takeoff,,yes,NE,"{""free_flying:paragliding"": ""yes"", ""free_flying:site"": ""takeoff"", ""free_flying:site_orientation"": ""NE""}",
way,112452859,https://www.openstreetmap.org/way/112452859,Startplatz Rigi Kulm SO,47.055772,8.486943,,,,,takeoff,,yes,SO,"{""free_flying:paragliding"": ""yes"", ""free_flying:site"": ""takeoff"", ""free_flying:site_orientation"": ""SO""}",
way,112453792,https://www.openstreetmap.org/way/112453792,Startplatz Haldi (Schattdorf),46.862211,8.672974,,,,,takeoff,,yes,SW,"{""free_flying:paragliding"": ""yes"", ""free_flying:site"": ""takeoff"", ""free_flying:site_orientation"": ""SW""}",
way,112454025,https://www.openstreetmap.org/way/112454025,Gleitschirm Startplatz Schluchegg,47.063453,8.458535,,,,,takeoff,,yes,NW,"{""free_flying:official"": ""yes"", ""free_flying:paragliding"": ""yes"", ""free_flying:site"": ""takeoff"", ""free_flying:site_orientation"": ""NW""}",
way,118602444,https://www.openstreetmap.org/way/118602444,,46.145798,10.959733,,,,,takeoff,,yes,"SW,S,SE","{""free_flying:official"": ""yes"", ""free_flying:paragliding"": ""yes"", ""free_flying:site"": ""takeoff"", ""free_flying:site_orientation"": ""SW,S,SE"", ""free_flying:tandem"": ""yes""}",
way,120880552,https://www.openstreetmap.org/way/120880552,,45.928886,9.021620,,,,,takeoff,,yes,"SE,S,SW","{""free_flying:paragliding"": ""yes"", ""free_flying:site"": ""takeoff"", ""free_flying:site_orientation"": ""SE,S,SW""}",
way,124411487,https://www.openstreetmap.org/way/124411487,Voladero Las Aguilas - Parapente,7.043159,-73.090832,,,,,takeoff,,yes,310-350,"{""free_flying:official"": ""yes"", ""free_flying:paragliding"": ""yes"", ""free_flying:site"": ""takeoff""}",
way,126134046,https://www.openstreetmap.org/way/126134046,Brändlen,46.905034,8.409618,,,,,takeoff,,yes,"N,NW,W","{""free_flying:paragliding"": ""yes"", ""free_flying:site"": ""takeoff"", ""free_flying:site_orientation"": ""N,NW,W""}",
way,126134047,https://www.openstreetmap.org/way/126134047,Gummen,46.902650,8.365904,,,,,takeoff,,yes,S,"{""free_flying:paragliding"": ""yes"", ""free_flying:site"": ""takeoff"", ""free_flying:site_orientation"": ""S""}",
way,127098883,https://www.openstreetmap.org/way/127098883,Décollage : Vierville,49.382061,-0.909051,35,,,,takeoff,,yes,NE,"{""free_flying:official"": ""yes"", ""free_flying:paragliding"": ""yes"", ""free_flying:site"": ""takeoff"", ""free_flying:site_orientation"": ""NE""}",
way,170280920,https://www.openstreetmap.org/way/170280920,Despegue de Castejón-Rials,42.524205,0.499848,,,,,takeoff,,yes,,"{""free_flying:paragliding"": ""yes"", ""free_flying:site"": ""takeoff""}",
way,170280936,https://www.openstreetmap.org/way/170280936,Despegue de Castejón-Liri,42.533625,0.552334,,,,,takeoff,,yes,,"{""free_flying:paragliding"": ""yes"", ""free_flying:site"": ""takeoff""}",
way,174986405,https://www.openstreetmap.org/way/174986405,Startplatz Zugerberg,47.148005,8.535767,947,,,,takeoff,,yes,"W,NW,N","{""free_flying:paragliding"": ""yes"", ""free_flying:site"": ""takeoff"", ""free_flying:site_orientation"": ""W,NW,N""}",
way,176761780,https://www.openstreetmap.org/way/176761780,Décollage : Villers Sur Mer - Le Manoir,49.318426,-0.018944,70,,,,takeoff,no,yes,N;NE;NW,"{""free_flying:hanggliding"": ""no"", ""free_flying:official"": ""yes"", ""free_flying:paragliding"": ""yes"", ""free_flying:site"": ""takeoff"", ""free_flying:site_orientation"": ""N;NE;NW""}",
way,179672875,https://www.openstreetmap.org/way/179672875,Yamaç Paraşütü Başlangıç ​​Alanı 1700M,36.539039,29.169676,1700,,,,takeoff,,yes,W,"{""free_flying:paragliding"": ""yes"", ""free_flying:site"": ""takeoff"", ""free_flying:site_orientation"": ""W""}",
way,179672877,https://www.openstreetmap.org/way/179672877,Yamaç Paraşütü Başlangıç ​​Alanı 1800M,36.537407,29.171551,,,,,takeoff,,yes,,"{""free_flying:paragliding"": ""yes"", ""free_flying:site"": ""takeoff""}",
way,186631437,https://www.openstreetmap.org/way/186631437,Gleitschirmstartfeld,47.606674,10.811219,,,,,takeoff,,yes,NNW,"{""free_flying:paragliding"": ""yes"", ""free_flying:site"": ""takeoff"", ""free_flying:site_orientation"": ""NNW""}",
way,186631830,https://www.openstreetmap.org/way/186631830,Gleitschirmstartfeld Nordwest,47.606485,10.810417,,,,,takeoff,,yes,NW,"{""free_flying:paragliding"": ""yes"", ""free_flying:site"": ""takeoff"", ""free_flying:site_orientation"": ""NW""}",
way,197342793,https://www.openstreetmap.org/way/197342793,Despegue de Izaña,28.328985,-16.491526,,,,,takeoff,,yes,,"{""free_flying:paragliding"": ""yes"", ""free_flying:site"": ""takeoff""}",
way,198921874,https://www.openstreetmap.org/way/198921874,Claret - les embruscalles,43.875690,3.886773,356,,,,takeoff,,yes,SE;S,"{""free_flying:official"": ""yes"", ""free_flying:paragliding"": ""yes"", ""free_flying:site"": ""takeoff"", ""free_flying:site_orientation"": ""SE;S""}",
way,201033679,https://www.openstreetmap.org/way/201033679,Fluggelände Gadern,49.582013,8.806097,,,,,takeoff,,yes,,"{""free_flying:official"": ""no"", ""free_flying:paragliding"": ""yes"", ""free_flying:site"": ""takeoff""}",
way,204606820,https://www.openstreetmap.org/way/204606820,Partenza parapendio,42.192773,13.907836,,,,,takeoff,,yes,NE;E,"{""free_flying:paragliding"": ""yes"", ""free_flying:site"": ""takeoff"", ""free_flying:site_orientation"": ""NE;E""}",
way,221256974,https://www.openstreetmap.org/way/221256974,Déco du Pic de Brau,43.011720,2.225930,593,,,,takeoff,,yes,N;NE,"{""free_flying:official"": ""yes"", ""free_flying:paragliding"": ""yes"", ""free_flying:site"": ""takeoff"", ""free_flying:site_orientation"": ""N;NE""}",
way,221420275,https://www.openstreetmap.org/way/221420275,Mt. McKenzie Lower Launch,50.352334,-122.799274,747,,,,takeoff,,yes,"W,NW,N","{""free_flying:guest-guidelines"": ""yes"", ""free_flying:official"": ""yes"", ""free_flying:paragliding"": ""yes"", ""free_flying:site"": ""takeoff"", ""free_flying:site_orientation"": ""W,NW,N""}",
way,222519682,https://www.openstreetmap.org/way/222519682,,50.570681,16.657514,,,,,takeoff,,yes,"E,NE","{""free_flying:official"": ""yes"", ""free_flying:paragliding"": ""yes"", ""free_flying:site"": ""takeoff"", ""free_flying:site_orientation"": ""E,NE""}",
way,226035094,https://www.openstreetmap.org/way/226035094,Decollo Stella,45.819362,11.763483,,,,,,,yes,S,"{""free_flying:altitude"": ""702m"", ""free_flying:landing"": ""no"", ""free_flying:official"": ""yes"", ""free_flying:paragliding"": ""yes"", ""free_flying:takeoff"": ""yes""}",
way,234751881,https://www.openstreetmap.org/way/234751881,Preseka,45.750463,15.646720,,,,,takeoff,,yes,,"{""free_flying:paragliding"": ""yes"", ""free_flying:site"": ""takeoff""}",
way,234752629,https://www.openstreetmap.org/way/234752629,Tribalj,45.239544,14.682955,,,,,takeoff,,yes,,"{""free_flying:paragliding"": ""yes"", ""free_flying:site"": ""takeoff""}",
way,241631914,https://www.openstreetmap.org/way/241631914,Montagne de Bluye Sud,44.229309,5.226238,,,,,takeoff,,yes,S,"{""free_flying:official"": ""no"", ""free_flying:paragliding"": ""yes"", ""free_flying:site"": ""takeoff"", ""free_flying:site_orientation"": ""S""}",
way,252577519,https://www.openstreetmap.org/way/252577519,Décollage,46.431496,6.977415,,,,,takeoff,,yes,,"{""free_flying:paragliding"": ""yes"", ""free_flying:site"": ""takeoff""}",
way,255531001,https://www.openstreetmap.org/way/255531001,"Suchet ""Côtelette""",46.779223,6.483756,,,,,takeoff,,yes,E;SE,"{""free_flying:paragliding"": ""yes"", ""free_flying:site"": ""takeoff"", ""free_flying:site_orientation"": ""E;SE""}",
way,260072444,https://www.openstreetmap.org/way/260072444,,46.080045,6.619190,,,,,takeoff,,yes,,"{""free_flying:paragliding"": ""yes"", ""free_flying:site"": ""takeoff""}",
way,268271781,https://www.openstreetmap.org/way/268271781,Abflugrampe,48.987208,11.699195,,,,,takeoff,,yes,,"{""free_flying:paragliding"": ""yes"", ""free_flying:site"": ""takeoff""}",
way,270989243,https://www.openstreetmap.org/way/270989243,Полетување Галичица,40.954736,20.812130,,,,,,no,yes,W,"{""free_flying:hanggliding"": ""no"", ""free_flying:official"": ""yes"", ""free_flying:paragliding"": ""yes"", ""free_flying:takeoff"": ""yes""}",
way,279443496,https://www.openstreetmap.org/way/279443496,,47.555526,18.988586,,,,,takeoff,,yes,,"{""free_flying:paragliding"": ""yes"", ""free_flying:site"": ""takeoff""}",
way,279482414,https://www.openstreetmap.org/way/279482414,,50.649512,15.740002,,,,,takeoff,,yes,,"{""free_flying:paragliding"": ""yes"", ""free_flying:site"": ""takeoff""}",
way,283082554,https://www.openstreetmap.org/way/283082554,Pedro Bernardo - Despegue Este,40.252543,-4.887755,,,,,,,yes,E;SE,"{""free_flying:official"": ""yes"", ""free_flying:paragliding"": ""yes"", ""free_flying:takeoff"": ""yes""}",
way,288808292,https://www.openstreetmap.org/way/288808292,"HHH-ÉK, siklóernyős starthely",47.555838,19.002572,440,,,,takeoff,,yes,,"{""free_flying:paragliding"": ""yes"", ""free_flying:site"": ""takeoff""}",
way,306291544,https://www.openstreetmap.org/way/306291544,La Grande Sure,45.329215,5.635825,1578,,,,takeoff,,yes,W;,"{""free_flying:official"": ""no"", ""free_flying:paragliding"": ""yes"", ""free_flying:site"": ""takeoff"", ""free_flying:site_orientation"": ""W;""}",
way,309955767,https://www.openstreetmap.org/way/309955767,PG startoviště Ondřejník-Skalka,49.554006,18.298710,,,,,takeoff,,yes,SW,"{""free_flying:paragliding"": ""yes"", ""free_flying:site"": ""takeoff"", ""free_flying:site_orientation"": ""SW""}",
way,314351240,https://www.openstreetmap.org/way/314351240,Chalais,45.292538,5.661537,1023,,,,takeoff,,yes,S,"{""free_flying:official"": ""yes"", ""free_flying:paragliding"": ""yes"", ""free_flying:site"": ""takeoff"", ""free_flying:site_orientation"": ""S""}",
way,314824297,https://www.openstreetmap.org/way/314824297,Stöckerkopf Startplatz Nord,48.495484,8.368361,,,,,takeoff,,yes,N,"{""free_flying:paragliding"": ""yes"", ""free_flying:site"": ""takeoff"", ""free_flying:site_orientation"": ""N""}",
way,321307787,https://www.openstreetmap.org/way/321307787,Décollage du Kiosque,48.272153,6.931134,670,,,,takeoff,,yes,N;NW,"{""free_flying:official"": ""yes"", ""free_flying:paragliding"": ""yes"", ""free_flying:site"": ""takeoff"", ""free_flying:site_orientation"": ""N;NW""}",
way,322997971,https://www.openstreetmap.org/way/322997971,La Lia,45.175459,5.437117,770,,,,takeoff,no,yes,NW,"{""free_flying:guest-guidelines"": ""yes"", ""free_flying:hanggliding"": ""no"", ""free_flying:no-flight-time"": ""no"", ""free_flying:official"": ""yes"", ""free_flying:paragliding"": ""yes"", ""free_flying:site"": ""takeoff"", ""free_flying:site_orientation"": ""NW""}",
way,331449547,https://www.openstreetmap.org/way/331449547,Decollo VoloLiberoTrentino,46.041681,11.317020,1480,,,,takeoff,,yes,s,"{""free_flying:paragliding"": ""yes"", ""free_flying:site"": ""takeoff"", ""free_flying:site_orientation"": ""s""}",
way,334937967,https://www.openstreetmap.org/way/334937967,Startowisko Skrzyczne E,49.687898,19.031758,,,,,takeoff,,yes,NE;E,"{""free_flying:paragliding"": ""yes"", ""free_flying:site"": ""takeoff""}",
way,344072710,https://www.openstreetmap.org/way/344072710,Décollage de Laï Barraï,43.755939,7.410819,710,,,,takeoff,,yes,SE;S;SW,"{""free_flying:official"": ""yes"", ""free_flying:paragliding"": ""yes"", ""free_flying:site"": ""takeoff"", ""free_flying:site_orientation"": ""SE;S;SW""}",
way,344255436,https://www.openstreetmap.org/way/344255436,Décollage Sud Col - Parapente,43.743535,6.651969,,,,,takeoff,,yes,,"{""free_flying:paragliding"": ""yes"", ""free_flying:site"": ""takeoff""}",
way,346401143,https://www.openstreetmap.org/way/346401143,ParaglidingPark Tenerife Taucho,28.145104,-16.736326,,,,,takeoff,,yes,,"{""free_flying:paragliding"": ""yes"", ""free_flying:site"": ""takeoff""}",
way,353926562,https://www.openstreetmap.org/way/353926562,Startplatz Nord,47.748470,12.250297,1520,,,,takeoff,no,yes,"N,NO","{""free_flying:club"": ""yes"", ""free_flying:guest-guidelines"": ""no"", ""free_flying:hanggliding"": ""no"", ""free_flying:no-flight-time"": ""no"", ""free_flying:official"": ""yes"", ""free_flying:paragliding"": ""yes"", ""free_flying:school"": ""yes"", ""free_flying:site"": ""takeoff"", ""free_flying:site_orientation"": ""N,NO"", ""free_flying:tandem"": ""yes""}",
way,355760689,https://www.openstreetmap.org/way/355760689,Sighignola Launch,45.967344,8.993499,1297,,,,takeoff,,yes,"S, SW","{""free_flying:paragliding"": ""yes"", ""free_flying:site"": ""takeoff"", ""free_flying:site_orientation"": ""S, SW""}",
way,355761458,https://www.openstreetmap.org/way/355761458,Decollo Capanna Bruno,45.943458,9.065594,1120,,,,takeoff,,yes,"E, SE","{""free_flying:official"": ""yes"", ""free_flying:paragliding"": ""yes"", ""free_flying:site"": ""takeoff"", ""free_flying:site_orientation"": ""E, SE""}",
way,355762509,https://www.openstreetmap.org/way/355762509,Cornizzolo,45.833155,9.301962,,,,,takeoff,,yes,"SE,S,SW","{""free_flying:paragliding"": ""yes"", ""free_flying:site"": ""takeoff"", ""free_flying:site_orientation"": ""SE,S,SW""}",
way,364315006,https://www.openstreetmap.org/way/364315006,Décollage Parapente FFVL du col de la Forclaz - Montmin,45.814116,6.246910,1280,,,,takeoff,no,yes,N;W;NW,"{""free_flying:hanggliding"": ""no"", ""free_flying:official"": ""yes"", ""free_flying:paragliding"": ""yes"", ""free_flying:rigid"": ""no"", ""free_flying:site"": ""takeoff"", ""free_flying:site_orientation"": ""N;W;NW"", ""free_flying:tandem"": ""yes""}",
way,376597255,https://www.openstreetmap.org/way/376597255,L'Embarnier 1,43.725595,6.947074,1092,,,,takeoff,,yes,,"{""free_flying:paragliding"": ""yes"", ""free_flying:site"": ""takeoff""}",
way,376597256,https://www.openstreetmap.org/way/376597256,L'Embarnier 2,43.722892,6.943917,1124,,,,takeoff,,yes,,"{""free_flying:paragliding"": ""yes"", ""free_flying:site"": ""takeoff""}",
way,377499206,https://www.openstreetmap.org/way/377499206,Startplatz Urmiberg S,47.012194,8.590422,,,,,takeoff,,yes,,"{""free_flying:paragliding"": ""yes"", ""free_flying:site"": ""takeoff""}",
way,377502478,https://www.openstreetmap.org/way/377502478,Startplatz Urmiberg S,47.012300,8.591352,,,,,takeoff,,yes,,"{""free_flying:paragliding"": ""yes"", ""free_flying:site"": ""takeoff""}",
way,377503348,https://www.openstreetmap.org/way/377503348,Startplatz Alp Schwand,47.013745,8.585448,1230,,,,takeoff,,yes,N,"{""free_flying:official"": ""no"", ""free_flying:paragliding"": ""yes"", ""free_flying:site"": ""takeoff"", ""free_flying:site_orientation"": ""N""}",
way,388429786,https://www.openstreetmap.org/way/388429786,,32.752275,-17.132079,,,,,takeoff,,yes,,"{""free_flying:paragliding"": ""yes"", ""free_flying:site"": ""takeoff""}",
way,388429788,https://www.openstreetmap.org/way/388429788,,32.809001,-17.135578,,,,,takeoff,,yes,,"{""free_flying:paragliding"": ""yes"", ""free_flying:site"": ""takeoff""}",
way,388429790,https://www.openstreetmap.org/way/388429790,,32.724257,-17.136193,,,,,takeoff,,yes,,"{""free_flying:paragliding"": ""yes"", ""free_flying:site"": ""takeoff""}",
way,390096671,https://www.openstreetmap.org/way/390096671,Rampa Roca Sales,-29.325575,-51.857442,,,,,takeoff,,yes,,"{""free_flying:official"": ""yes"", ""free_flying:paragliding"": ""yes"", ""free_flying:site"": ""takeoff""}",
way,390108522,https://www.openstreetmap.org/way/390108522,Rampa Norte,-29.270415,-51.893029,,,,,takeoff,,yes,,"{""free_flying:official"": ""yes"", ""free_flying:paragliding"": ""yes"", ""free_flying:site"": ""takeoff""}",
way,390108523,https://www.openstreetmap.org/way/390108523,Rampa Sul,-29.272514,-51.895603,,,,,takeoff,,yes,,"{""free_flying:official"": ""yes"", ""free_flying:paragliding"": ""yes"", ""free_flying:site"": ""takeoff""}",
way,393277796,https://www.openstreetmap.org/way/393277796,Paragliding Takeoff Ifonche,28.125600,-16.692158,,,,,takeoff,,yes,W,"{""free_flying:paragliding"": ""yes"", ""free_flying:site"": ""takeoff"", ""free_flying:site_orientation"": ""W""}",
way,393280683,https://www.openstreetmap.org/way/393280683,Paragliding Takeoff Los Gigantes,28.249029,-16.817871,,,,,takeoff,,yes,,"{""free_flying:paragliding"": ""yes"", ""free_flying:site"": ""takeoff""}",
way,393281488,https://www.openstreetmap.org/way/393281488,Paragliding Takeoff Guimar,28.291435,-16.418220,,,,,takeoff,,yes,NO,"{""free_flying:paragliding"": ""yes"", ""free_flying:site"": ""takeoff"", ""free_flying:site_orientation"": ""NO""}",
way,412055680,https://www.openstreetmap.org/way/412055680,,42.728251,-8.930586,650,,,,takeoff,,yes,SW,"{""free_flying:official"": ""no"", ""free_flying:paragliding"": ""yes"", ""free_flying:site"": ""takeoff"", ""free_flying:site_orientation"": ""SW""}",
way,412055682,https://www.openstreetmap.org/way/412055682,,42.729495,-8.930291,625,,,,takeoff,,yes,NW,"{""free_flying:official"": ""no"", ""free_flying:paragliding"": ""yes"", ""free_flying:site"": ""takeoff"", ""free_flying:site_orientation"": ""NW""}",
way,412055683,https://www.openstreetmap.org/way/412055683,,42.729255,-8.927334,673,,,,takeoff,,yes,N,"{""free_flying:official"": ""no"", ""free_flying:paragliding"": ""yes"", ""free_flying:site"": ""takeoff"", ""free_flying:site_orientation"": ""N""}",
way,422063170,https://www.openstreetmap.org/way/422063170,Paragliding Takeoff,51.958013,-0.445646,,,,,takeoff,,yes,,"{""free_flying:paragliding"": ""yes"", ""free_flying:site"": ""takeoff""}",
way,423602323,https://www.openstreetmap.org/way/423602323,Area di decollo per parapendio di Monteripoli,41.941080,12.807145,,,,,takeoff,,yes,,"{""free_flying:paragliding"": ""yes"", ""free_flying:site"": ""takeoff"", ""free_flying:tandem"": ""yes""}",
way,431365212,https://www.openstreetmap.org/way/431365212,Décollage FFVL de Port,46.158667,5.573644,700,,,,takeoff,,yes,N;SW;W;NW,"{""free_flying:official"": ""yes"", ""free_flying:paragliding"": ""yes"", ""free_flying:site"": ""takeoff"", ""free_flying:site_orientation"": ""N;SW;W;NW""}",
way,437962442,https://www.openstreetmap.org/way/437962442,Décollage Vallée du Louron - 600,42.798913,0.382072,1593,,,,takeoff,,yes,E;S,"{""free_flying:official"": ""no"", ""free_flying:paragliding"": ""yes"", ""free_flying:site"": ""takeoff"", ""free_flying:site_orientation"": ""E;S""}",
way,438036906,https://www.openstreetmap.org/way/438036906,Startplatz Schönhalde,47.060237,9.334499,,,,,takeoff,,yes,,"{""free_flying:paragliding"": ""yes"", ""free_flying:site"": ""takeoff""}",
way,438381063,https://www.openstreetmap.org/way/438381063,Startplatz Südstart Gipfelplateau,47.458793,13.827061,2040,,,,takeoff,,yes,"SW,S,SE","{""free_flying:official"": ""yes"", ""free_flying:paragliding"": ""yes"", ""free_flying:site"": ""takeoff"", ""free_flying:site_orientation"": ""SW,S,SE""}",
way,438383296,https://www.openstreetmap.org/way/438383296,Startplatz Nord Gipfel,47.459496,13.828216,2048,,,,takeoff,,yes,"N,NE,NW","{""free_flying:official"": ""yes"", ""free_flying:paragliding"": ""yes"", ""free_flying:site"": ""takeoff"", ""free_flying:site_orientation"": ""N,NE,NW""}",
way,438383963,https://www.openstreetmap.org/way/438383963,Weststartplatz,47.458609,13.823406,1966,,,,takeoff,,yes,W,"{""free_flying:official"": ""yes"", ""free_flying:paragliding"": ""yes"", ""free_flying:site"": ""takeoff"", ""free_flying:site_orientation"": ""W""}",
way,438472148,https://www.openstreetmap.org/way/438472148,Decollo dalla vetta Monte Valinis,46.234364,12.800196,1080,,,,takeoff,,yes,"SW,S,SE","{""free_flying:official"": ""yes"", ""free_flying:paragliding"": ""yes"", ""free_flying:site"": ""takeoff"", ""free_flying:site_orientation"": ""SW,S,SE""}",
way,442188689,https://www.openstreetmap.org/way/442188689,,43.770903,10.441893,,,,,takeoff,,yes,,"{""free_flying:paragliding"": ""yes"", ""free_flying:site"": ""takeoff"", ""free_flying:tandem"": ""yes""}",
way,446992936,https://www.openstreetmap.org/way/446992936,Rodeneck Paragleiter Startplatz/Fröllerberg - Sito di lancio per parapendio di Rodengo/Monte Frella,46.789909,11.718945,,,,,takeoff,,yes,,"{""free_flying:paragliding"": ""yes"", ""free_flying:site"": ""takeoff""}",
way,449089861,https://www.openstreetmap.org/way/449089861,,46.789285,11.714672,,,,,takeoff,,yes,,"{""free_flying:paragliding"": ""yes"", ""free_flying:site"": ""takeoff""}",
way,468691983,https://www.openstreetmap.org/way/468691983,Chamonix - plan de l'aiguille Ouest,45.902277,6.883694,2237,,,,takeoff,,yes,W,"{""free_flying:official"": ""yes"", ""free_flying:paragliding"": ""yes"", ""free_flying:site"": ""takeoff"", ""free_flying:site_orientation"": ""W""}",
way,469945917,https://www.openstreetmap.org/way/469945917,Startplatz West,48.756445,8.406465,,,,,takeoff,no,yes,W,"{""free_flying:guest-guidelines"": ""yes"", ""free_flying:hanggliding"": ""no"", ""free_flying:paragliding"": ""yes"", ""free_flying:site"": ""takeoff"", ""free_flying:site_orientation"": ""W""}",
way,470167461,https://www.openstreetmap.org/way/470167461,Start Nº 1: Puerto Naos,28.586777,-17.902104,240,,,,takeoff,,yes,,"{""free_flying:paragliding"": ""yes"", ""free_flying:site"": ""takeoff""}",
way,478258253,https://www.openstreetmap.org/way/478258253,Tanargue - col de meyrand,44.606741,4.076127,1386,,,,takeoff,,yes,SE;S,"{""free_flying:official"": ""yes"", ""free_flying:paragliding"": ""yes"", ""free_flying:site"": ""takeoff"", ""free_flying:site_orientation"": ""SE;S""}",
way,485301235,https://www.openstreetmap.org/way/485301235,Kopitnik,45.945561,13.776479,,,,,takeoff,,yes,SW,"{""free_flying:paragliding"": ""yes"", ""free_flying:site"": ""takeoff"", ""free_flying:site_orientation"": ""SW""}",
way,485303174,https://www.openstreetmap.org/way/485303174,,46.331483,14.038863,,,,,takeoff,,yes,NE,"{""free_flying:paragliding"": ""yes"", ""free_flying:site"": ""takeoff"", ""free_flying:site_orientation"": ""NE""}",
way,487627096,https://www.openstreetmap.org/way/487627096,Les esserts,46.592681,6.244178,1275,,,,takeoff,,yes,NW,"{""free_flying:official"": ""no"", ""free_flying:paragliding"": ""yes"", ""free_flying:site"": ""takeoff"", ""free_flying:site_orientation"": ""NW""}",
way,487629011,https://www.openstreetmap.org/way/487629011,l'aouille,46.662821,6.334785,1120,,,,takeoff,,yes,SO,"{""free_flying:official"": ""yes"", ""free_flying:paragliding"": ""yes"", ""free_flying:site"": ""takeoff"", ""free_flying:site_orientation"": ""SO""}",
way,487629014,https://www.openstreetmap.org/way/487629014,Mont du lac,46.661217,6.336280,1100,,,,takeoff,,yes,SO,"{""free_flying:official"": ""yes"", ""free_flying:paragliding"": ""yes"", ""free_flying:site"": ""takeoff"", ""free_flying:site_orientation"": ""SO""}",
way,490969538,https://www.openstreetmap.org/way/490969538,Décollage de la Dent Percée,45.099363,5.595066,1382,,,,takeoff,,yes,W,"{""free_flying:official"": ""yes"", ""free_flying:paragliding"": ""yes"", ""free_flying:site"": ""takeoff"", ""free_flying:site_orientation"": ""W""}",
way,499284623,https://www.openstreetmap.org/way/499284623,,34.660379,137.394509,,,,,takeoff,,yes,,"{""free_flying:paragliding"": ""yes"", ""free_flying:site"": ""takeoff""}",
way,516777941,https://www.openstreetmap.org/way/516777941,Décollage FFVL La Bourgeoise,46.114985,6.719794,1740,,,,takeoff,,yes,SE;S;SW;W;,"{""free_flying:official"": ""yes"", ""free_flying:paragliding"": ""yes"", ""free_flying:site"": ""takeoff"", ""free_flying:site_orientation"": ""SE;S;SW;W;""}",
way,526306540,https://www.openstreetmap.org/way/526306540,Aire de décollage des parapentes,47.208526,5.983810,,,,,takeoff,,yes,,"{""free_flying:paragliding"": ""yes"", ""free_flying:site"": ""takeoff""}",
way,527474331,https://www.openstreetmap.org/way/527474331,Sortida intermitja de parapent,42.035633,0.736159,,,,,takeoff,no,yes,,"{""free_flying:hanggliding"": ""no"", ""free_flying:official"": ""yes"", ""free_flying:paragliding"": ""yes"", ""free_flying:rigid"": ""no"", ""free_flying:site"": ""takeoff""}",
way,527774545,https://www.openstreetmap.org/way/527774545,Décollage Col d'Ey haut,44.309299,5.282430,850,,,,takeoff,,yes,"NO,N,NE","{""free_flying:ground_handling"": ""No"", ""free_flying:official"": ""yes"", ""free_flying:paragliding"": ""yes"", ""free_flying:site"": ""takeoff"", ""free_flying:site_orientation"": ""NO,N,NE""}",
way,531113711,https://www.openstreetmap.org/way/531113711,Paragliding Startplatz - Decollo S. Vigilio,46.624554,11.118028,,,,,takeoff,,yes,"SE,S,SW","{""free_flying:official"": ""yes"", ""free_flying:paragliding"": ""yes"", ""free_flying:site"": ""takeoff"", ""free_flying:site_orientation"": ""SE,S,SW""}",
way,532815153,https://www.openstreetmap.org/way/532815153,Paraworld Canavese Chiesanuova Belice,45.418063,7.642037,1000,,,,takeoff,,yes,,"{""free_flying:orientation"": ""SE-S-SW"", ""free_flying:paragliding"": ""yes"", ""free_flying:site"": ""takeoff""}",
way,533416368,https://www.openstreetmap.org/way/533416368,Paragliding launch site,-33.938201,18.388264,,,,,takeoff,,yes,,"{""free_flying:official"": ""yes"", ""free_flying:paragliding"": ""yes"", ""free_flying:site"": ""takeoff""}",
way,584032334,https://www.openstreetmap.org/way/584032334,Montaña Colorada,27.739758,-18.030435,,,,,takeoff,,yes,N,"{""free_flying:paragliding"": ""yes"", ""free_flying:site"": ""takeoff"", ""free_flying:site_orientation"": ""N""}",
way,608097201,https://www.openstreetmap.org/way/608097201,Kronberg,47.291366,9.326233,1620,,,,,,yes,SW-W,"{""free_flying:official"": ""no"", ""free_flying:paragliding"": ""yes"", ""free_flying:takeoff"": ""yes""}",
way,608097202,https://www.openstreetmap.org/way/608097202,Kronberg NW,47.292672,9.333191,1620,,,,,,yes,NW-N,"{""free_flying:official"": ""no"", ""free_flying:paragliding"": ""yes"", ""free_flying:takeoff"": ""yes""}",
way,608099019,https://www.openstreetmap.org/way/608099019,Startplatz Balderen,47.322489,8.500685,740,,,,takeoff,,yes,NE,"{""free_flying:official"": ""yes"", ""free_flying:paragliding"": ""yes"", ""free_flying:site"": ""takeoff"", ""free_flying:site_orientation"": ""NE"", ""free_flying:takeoff"": ""yes""}",
way,611882992,https://www.openstreetmap.org/way/611882992,Les ailes de ginoles,42.874678,2.151451,674,,,,takeoff,,yes,E;SE;S,"{""free_flying:official"": ""yes"", ""free_flying:paragliding"": ""yes"", ""free_flying:site"": ""takeoff"", ""free_flying:site_orientation"": ""E;SE;S""}",
way,623557107,https://www.openstreetmap.org/way/623557107,Mont Boussuivre,45.851836,4.380835,996,,,,takeoff,,yes,N;NE,"{""free_flying:official"": ""no"", ""free_flying:paragliding"": ""yes"", ""free_flying:site"": ""takeoff"", ""free_flying:site_orientation"": ""N;NE""}",
way,627272849,https://www.openstreetmap.org/way/627272849,Cote2000,45.030006,5.567579,,,,,takeoff,,yes,,"{""free_flying:official"": ""yes"", ""free_flying:paragliding"": ""yes"", ""free_flying:site"": ""takeoff""}",
way,627759786,https://www.openstreetmap.org/way/627759786,Décollage parapente de Coche Cabane,45.818084,6.245574,1180,,,,takeoff,,yes,,"{""free_flying:official"": ""yes"", ""free_flying:paragliding"": ""yes"", ""free_flying:site"": ""takeoff"", ""free_flying:tandem"": ""yes""}",
way,630269564,https://www.openstreetmap.org/way/630269564,Accous - 500,42.974976,-0.561296,1202,,,,takeoff,,yes,N;NE;W;NW,"{""free_flying:official"": ""yes"", ""free_flying:paragliding"": ""yes"", ""free_flying:site"": ""takeoff"", ""free_flying:site_orientation"": ""N;NE;W;NW""}",
way,639342515,https://www.openstreetmap.org/way/639342515,Shashica paragliding takeoff,40.410431,19.507072,,,,,takeoff,,yes,,"{""free_flying:paragliding"": ""yes"", ""free_flying:site"": ""takeoff""}",
way,641596817,https://www.openstreetmap.org/way/641596817,Décollage de Puy Aillaud (S),44.850134,6.478198,1670,,,,takeoff,,yes,S;SW,"{""free_flying:official"": ""yes"", ""free_flying:paragliding"": ""yes"", ""free_flying:site"": ""takeoff"", ""free_flying:site_orientation"": ""S;SW""}",
way,649555697,https://www.openstreetmap.org/way/649555697,Revin-falllieres,49.948329,4.624532,370,,,,takeoff,,yes,SE;S;SW,"{""free_flying:official"": ""yes"", ""free_flying:paragliding"": ""yes"", ""free_flying:site"": ""takeoff"", ""free_flying:site_orientation"": ""SE;S;SW""}",
way,665090467,https://www.openstreetmap.org/way/665090467,La vierge - notre dame des roches,46.460353,4.717239,468,,,,takeoff,,yes,W;NW,"{""free_flying:official"": ""yes"", ""free_flying:paragliding"": ""yes"", ""free_flying:site"": ""takeoff"", ""free_flying:site_orientation"": ""W;NW""}",
way,681260328,https://www.openstreetmap.org/way/681260328,Site de vol libre Chassenoud,45.490312,4.705466,,,,,takeoff,,yes,,"{""free_flying:official"": ""yes"", ""free_flying:paragliding"": ""yes"", ""free_flying:site"": ""takeoff""}",
way,689745707,https://www.openstreetmap.org/way/689745707,Alto Cavallaria,45.520381,7.807535,,,,,takeoff,,yes,,"{""free_flying:official"": ""yes"", ""free_flying:paragliding"": ""yes"", ""free_flying:site"": ""takeoff""}",
way,689745710,https://www.openstreetmap.org/way/689745710,Decollo Felci,45.507027,7.809825,,,,,takeoff,,yes,SE-S,"{""free_flying:official"": ""yes"", ""free_flying:paragliding"": ""yes"", ""free_flying:site"": ""takeoff"", ""free_flying:site_orientation"": ""SE-S""}",
way,692394245,https://www.openstreetmap.org/way/692394245,Weissenstein Launch,47.251063,7.509629,,,,,takeoff,,yes,,"{""free_flying:paragliding"": ""yes"", ""free_flying:site"": ""takeoff""}",
way,692394658,https://www.openstreetmap.org/way/692394658,Buetzen takeoff,47.222700,7.391513,,,,,takeoff,,yes,,"{""free_flying:paragliding"": ""yes"", ""free_flying:site"": ""takeoff""}",
way,692398345,https://www.openstreetmap.org/way/692398345,Startplatz Schwaengimatt,47.289076,7.674486,,,,,takeoff,,yes,,"{""free_flying:paragliding"": ""yes"", ""free_flying:site"": ""takeoff""}",
way,692398378,https://www.openstreetmap.org/way/692398378,Startplatz Schwaengimatt,47.291310,7.677601,,,,,takeoff,,yes,,"{""free_flying:paragliding"": ""yes"", ""free_flying:site"": ""takeoff""}",
way,694341698,https://www.openstreetmap.org/way/694341698,Loarre,42.332514,-0.609045,,,,,takeoff,,yes,,"{""free_flying:paragliding"": ""yes"", ""free_flying:site"": ""takeoff""}",
way,696111691,https://www.openstreetmap.org/way/696111691,,36.982483,31.121462,,,,,takeoff,,yes,SW,"{""free_flying:paragliding"": ""yes"", ""free_flying:site"": ""takeoff"", ""free_flying:site_orientation"": ""SW""}",
way,708783493,https://www.openstreetmap.org/way/708783493,Seeleiten Startplatz,47.862545,13.573158,857,,,,takeoff,no,yes,"W,NW","{""free_flying:guest-guidelines"": ""no"", ""free_flying:hanggliding"": ""no"", ""free_flying:official"": ""yes"", ""free_flying:paragliding"": ""yes"", ""free_flying:rigid"": ""no"", ""free_flying:school"": ""yes"", ""free_flying:site"": ""takeoff"", ""free_flying:site_orientation"": ""W,NW""}",
way,714426014,https://www.openstreetmap.org/way/714426014,Puy de la Tourte Ouest,45.123512,2.672966,1680,,,,takeoff,,yes,W,"{""free_flying:paragliding"": ""yes"", ""free_flying:site"": ""takeoff"", ""free_flying:site_orientation"": ""W""}",
way,714428788,https://www.openstreetmap.org/way/714428788,Embec,45.163054,2.771114,1420,,,,takeoff,,yes,E,"{""free_flying:paragliding"": ""yes"", ""free_flying:site"": ""takeoff"", ""free_flying:site_orientation"": ""E""}",
way,714745766,https://www.openstreetmap.org/way/714745766,Pas de Peyrol,45.117746,2.670126,1620,,,,takeoff,,yes,E;NE,"{""free_flying:paragliding"": ""yes"", ""free_flying:site"": ""takeoff"", ""free_flying:site_orientation"": ""E;NE""}",
way,715573871,https://www.openstreetmap.org/way/715573871,Décollage FFVL du Mont-Lachat,45.960386,6.476082,2020,,,,takeoff,,yes,NE,"{""free_flying:official"": ""yes"", ""free_flying:paragliding"": ""yes"", ""free_flying:site"": ""takeoff"", ""free_flying:site_orientation"": ""NE""}",
way,715573872,https://www.openstreetmap.org/way/715573872,Mont-Lachat SW,45.958018,6.476377,2020,,,,takeoff,,yes,SW,"{""free_flying:official"": ""yes"", ""free_flying:paragliding"": ""yes"", ""free_flying:site"": ""takeoff"", ""free_flying:site_orientation"": ""SW""}",
way,718910346,https://www.openstreetmap.org/way/718910346,Décollage parapente de Sainte-Marie,46.084127,4.608338,588,,,,takeoff,,yes,S,"{""free_flying:official"": ""yes"", ""free_flying:paragliding"": ""yes"", ""free_flying:site"": ""takeoff"", ""free_flying:site_orientation"": ""S""}",
way,721501841,https://www.openstreetmap.org/way/721501841,,35.981024,129.292639,,,,,takeoff,,yes,SW,"{""free_flying:official"": ""yes"", ""free_flying:paragliding"": ""yes"", ""free_flying:site"": ""takeoff"", ""free_flying:site_orientation"": ""SW""}",
way,724011002,https://www.openstreetmap.org/way/724011002,,37.856200,127.809065,,,,,takeoff,,yes,SW,"{""free_flying:official"": ""yes"", ""free_flying:paragliding"": ""yes"", ""free_flying:site"": ""takeoff"", ""free_flying:site_orientation"": ""SW""}",
way,724514232,https://www.openstreetmap.org/way/724514232,,36.994705,128.394675,,,,,takeoff,,yes,,"{""free_flying:official"": ""yes"", ""free_flying:paragliding"": ""yes"", ""free_flying:site"": ""takeoff""}",
way,724514233,https://www.openstreetmap.org/way/724514233,,36.996473,128.396303,,,,,takeoff,,yes,,"{""free_flying:official"": ""yes"", ""free_flying:paragliding"": ""yes"", ""free_flying:site"": ""takeoff""}",
way,724514234,https://www.openstreetmap.org/way/724514234,,37.002633,128.400406,,,,,takeoff,,yes,,"{""free_flying:official"": ""yes"", ""free_flying:paragliding"": ""yes"", ""free_flying:site"": ""takeoff""}",
way,731875577,https://www.openstreetmap.org/way/731875577,,10.345245,-67.319404,,,,,takeoff,limited,yes,,"{""free_flying:hanggliding"": ""limited"", ""free_flying:official"": ""yes"", ""free_flying:paragliding"": ""yes"", ""free_flying:site"": ""takeoff""}",
way,790536034,https://www.openstreetmap.org/way/790536034,Décollage de Frioland,45.949847,6.701642,1720,,,,takeoff,,yes,S,"{""free_flying:paragliding"": ""yes"", ""free_flying:site"": ""takeoff"", ""free_flying:site_orientation"": ""S""}",
way,790655119,https://www.openstreetmap.org/way/790655119,Décollage Parapente Semnoz,45.804765,6.095121,1430,,,,takeoff,,yes,,"{""free_flying:official"": ""yes"", ""free_flying:paragliding"": ""yes"", ""free_flying:site"": ""takeoff""}",
way,790673861,https://www.openstreetmap.org/way/790673861,Saleve - telepherique,46.154841,6.194318,1086,,,,takeoff,,yes,N;,"{""free_flying:official"": ""yes"", ""free_flying:paragliding"": ""yes"", ""free_flying:site"": ""takeoff"", ""free_flying:site_orientation"": ""N;"", ""free_flying:tandem"": ""yes""}",
way,790674817,https://www.openstreetmap.org/way/790674817,Décollage FFVL des Crêts,46.130146,6.171521,1264,,,,takeoff,,yes,SW;W,"{""free_flying:official"": ""yes"", ""free_flying:paragliding"": ""yes"", ""free_flying:site"": ""takeoff"", ""free_flying:site_orientation"": ""SW;W"", ""free_flying:tandem"": ""yes""}",
way,790689314,https://www.openstreetmap.org/way/790689314,Décollage FFVL du Mont Chery,46.167722,6.646646,,,,,takeoff,,yes,"S, SW, E","{""free_flying:paragliding"": ""yes"", ""free_flying:site"": ""takeoff"", ""free_flying:site_orientation"": ""S, SW, E""}",
way,790689315,https://www.openstreetmap.org/way/790689315,Decollage FFVL Chery N,46.168886,6.647386,,,,,takeoff,,yes,NE,"{""free_flying:official"": ""yes"", ""free_flying:paragliding"": ""yes"", ""free_flying:site"": ""takeoff"", ""free_flying:site_orientation"": ""NE""}",
way,790727333,https://www.openstreetmap.org/way/790727333,Décollage FFVL du Col du Sapenay,45.822044,5.866442,,,,,takeoff,,yes,,"{""free_flying:official"": ""yes"", ""free_flying:paragliding"": ""yes"", ""free_flying:site"": ""takeoff""}",
way,790764281,https://www.openstreetmap.org/way/790764281,Décollage FFVL Chatel l'Ortaz,46.270647,6.855475,,,,,takeoff,,yes,,"{""free_flying:official"": ""yes"", ""free_flying:paragliding"": ""yes"", ""free_flying:site"": ""takeoff""}",
way,790766832,https://www.openstreetmap.org/way/790766832,Agy plane,46.079845,6.618885,1254,,,,takeoff,,yes,SW;W;NW,"{""free_flying:official"": ""yes"", ""free_flying:paragliding"": ""yes"", ""free_flying:site"": ""takeoff"", ""free_flying:site_orientation"": ""SW;W;NW""}",
way,790948642,https://www.openstreetmap.org/way/790948642,"décollage FFVL ""l'Arbaron""",46.007368,6.663783,1932,,,,takeoff,,yes,SW;W;NW,"{""free_flying:official"": ""yes"", ""free_flying:paragliding"": ""yes"", ""free_flying:site"": ""takeoff"", ""free_flying:site_orientation"": ""SW;W;NW""}",
way,790950687,https://www.openstreetmap.org/way/790950687,"décollage FFVL ""les Grands Vans""",46.019013,6.708938,2181,,,,takeoff,,yes,S;SW;NW;,"{""free_flying:official"": ""yes"", ""free_flying:paragliding"": ""yes"", ""free_flying:site"": ""takeoff"", ""free_flying:site_orientation"": ""S;SW;NW;""}",
way,790954408,https://www.openstreetmap.org/way/790954408,"Décollage FFVL ""la Tete du Mottey",45.842033,6.700157,1889,,,,takeoff,,yes,NE;E;,"{""free_flying:official"": ""yes"", ""free_flying:paragliding"": ""yes"", ""free_flying:site"": ""takeoff"", ""free_flying:site_orientation"": ""NE;E;""}",
way,790978770,https://www.openstreetmap.org/way/790978770,Décollage FFVL Anglettaz,45.960260,6.241389,1579,,,,takeoff,,yes,SW;,"{""free_flying:official"": ""yes"", ""free_flying:paragliding"": ""yes"", ""free_flying:site"": ""takeoff"", ""free_flying:site_orientation"": ""SW;""}",
way,790986154,https://www.openstreetmap.org/way/790986154,Décollage FFVL de Planpraz - Brévent Sud,45.936587,6.851063,1917,,,,takeoff,,yes,S,"{""free_flying:official"": ""yes"", ""free_flying:paragliding"": ""yes"", ""free_flying:site"": ""takeoff"", ""free_flying:site_orientation"": ""S""}",
way,791516009,https://www.openstreetmap.org/way/791516009,Décollage Tête du Planay,45.912958,6.570929,,,,,takeoff,,yes,,"{""free_flying:official"": ""yes"", ""free_flying:paragliding"": ""yes"", ""free_flying:site"": ""takeoff""}",
way,797025636,https://www.openstreetmap.org/way/797025636,Startplatz Falkenflue,46.823219,7.637747,,,,,takeoff,,yes,"W,NW","{""free_flying:paragliding"": ""yes"", ""free_flying:site"": ""takeoff"", ""free_flying:site_orientation"": ""W,NW""}",
way,813098430,https://www.openstreetmap.org/way/813098430,Dos Hermanas,27.732764,-18.006922,,,,,takeoff,,yes,N,"{""free_flying:paragliding"": ""yes"", ""free_flying:site"": ""takeoff"", ""free_flying:site_orientation"": ""N""}",
way,813098431,https://www.openstreetmap.org/way/813098431,Pico de la naranja,27.745195,-18.012398,,,,,takeoff,,yes,N,"{""free_flying:paragliding"": ""yes"", ""free_flying:site"": ""takeoff"", ""free_flying:site_orientation"": ""N""}",
way,816126125,https://www.openstreetmap.org/way/816126125,Area decollo parapendio Bielli2,45.788551,11.637536,,,,,,,yes,SE;S;SW;W,"{""free_flying:altitude"": ""850m"", ""free_flying:guest-guidelines"": ""yes"", ""free_flying:landing"": ""yes"", ""free_flying:paragliding"": ""yes"", ""free_flying:takeoff"": ""yes""}",
way,820181389,https://www.openstreetmap.org/way/820181389,Décollage du Cairn,44.696535,6.305305,2020,,,,takeoff,,yes,E,"{""free_flying:paragliding"": ""yes"", ""free_flying:site"": ""takeoff"", ""free_flying:site_orientation"": ""E""}",
way,830382171,https://www.openstreetmap.org/way/830382171,Startplatz Michaelerberg Knollhof,47.411832,13.894509,,,,,takeoff,,yes,NE,"{""free_flying:official"": ""yes"", ""free_flying:paragliding"": ""yes"", ""free_flying:site"": ""takeoff"", ""free_flying:site_orientation"": ""NE""}",
way,835614695,https://www.openstreetmap.org/way/835614695,,43.355616,12.751905,,,,,takeoff,no,yes,,"{""free_flying:hanggliding"": ""no"", ""free_flying:paragliding"": ""yes"", ""free_flying:rigid"": ""no"", ""free_flying:site"": ""takeoff""}",
way,839560045,https://www.openstreetmap.org/way/839560045,Yamaç Paraşütü Başlangıç ​​Alanı 1900M - Kuzey,36.530085,29.181214,,,,,takeoff,,yes,,"{""free_flying:paragliding"": ""yes"", ""free_flying:site"": ""takeoff""}",
way,841235551,https://www.openstreetmap.org/way/841235551,,46.589810,6.124690,,,,,takeoff,,yes,NO,"{""free_flying:official"": ""no"", ""free_flying:paragliding"": ""yes"", ""free_flying:site"": ""takeoff"", ""free_flying:site_orientation"": ""NO""}",
way,843984724,https://www.openstreetmap.org/way/843984724,Décollage de Puy Aillaud (SE),44.850175,6.479240,1670,,,,takeoff,,yes,NE;E;SE,"{""free_flying:official"": ""yes"", ""free_flying:paragliding"": ""yes"", ""free_flying:site"": ""takeoff"", ""free_flying:site_orientation"": ""NE;E;SE""}",
way,871896008,https://www.openstreetmap.org/way/871896008,El Salvador,27.731412,-18.015617,,,,,takeoff,,yes,N,"{""free_flying:paragliding"": ""yes"", ""free_flying:site"": ""takeoff"", ""free_flying:site_orientation"": ""N""}",
way,874670244,https://www.openstreetmap.org/way/874670244,Startplatz Kiosk,46.938242,8.998077,1240,,,,takeoff,,yes,S,"{""free_flying:official"": ""yes"", ""free_flying:operator"": ""Gleitschirmklub Glarnerland"", ""free_flying:paragliding"": ""yes"", ""free_flying:site"": ""takeoff"", ""free_flying:site_orientation"": ""S""}",
way,874809696,https://www.openstreetmap.org/way/874809696,Julian's Paragliding Launch,39.780134,-121.760608,,,,,takeoff,no,yes,,"{""free_flying:guest-guidelines"": ""yes"", ""free_flying:hanggliding"": ""no"", ""free_flying:paragliding"": ""yes"", ""free_flying:rigid"": ""no"", ""free_flying:site"": ""takeoff""}",
way,891680904,https://www.openstreetmap.org/way/891680904,Rampa de Cuchi Corral,-30.966619,-64.584648,,,,,takeoff,,yes,,"{""free_flying:paragliding"": ""yes"", ""free_flying:site"": ""takeoff""}",
way,913472689,https://www.openstreetmap.org/way/913472689,Décollage du Col des Frêtes,45.856354,6.246527,,,,,takeoff,,yes,SE,"{""free_flying:paragliding"": ""yes"", ""free_flying:site"": ""takeoff"", ""free_flying:site_orientation"": ""SE""}",
way,919194123,https://www.openstreetmap.org/way/919194123,Paragleit Startplatz Süd,47.682719,15.602505,,,,,takeoff,,yes,,"{""free_flying:paragliding"": ""yes"", ""free_flying:site"": ""takeoff""}",
way,919194125,https://www.openstreetmap.org/way/919194125,Paragleitstartplatz Schauerwand,47.706654,15.632296,,,,,takeoff,,yes,,"{""free_flying:paragliding"": ""yes"", ""free_flying:site"": ""takeoff""}",
way,926881411,https://www.openstreetmap.org/way/926881411,,37.113265,-8.061728,,,,,takeoff,,yes,,"{""free_flying:paragliding"": ""yes"", ""free_flying:site"": ""takeoff""}",
way,928354945,https://www.openstreetmap.org/way/928354945,,43.778398,10.440361,,,,,takeoff,,yes,,"{""free_flying:paragliding"": ""yes"", ""free_flying:site"": ""takeoff"", ""free_flying:tandem"": ""yes""}",
way,939600761,https://www.openstreetmap.org/way/939600761,Lower Bridal Falls Launch Site,49.171065,-121.748688,,,,,takeoff,,yes,,"{""free_flying:official"": ""yes"", ""free_flying:paragliding"": ""yes"", ""free_flying:site"": ""takeoff""}",
way,941100031,https://www.openstreetmap.org/way/941100031,Yamaç Paraşütü Başlangıç ​​Alanı 1900M - Güney,36.529586,29.183072,,,,,takeoff,,yes,,"{""free_flying:paragliding"": ""yes"", ""free_flying:site"": ""takeoff""}",
way,950005016,https://www.openstreetmap.org/way/950005016,,49.782278,9.465948,,,,,takeoff,no,yes,SO,"{""free_flying:hanggliding"": ""no"", ""free_flying:paragliding"": ""yes"", ""free_flying:site"": ""takeoff"", ""free_flying:site_orientation"": ""SO""}",
way,952380365,https://www.openstreetmap.org/way/952380365,,47.586203,11.103568,,,,,takeoff,,yes,,"{""free_flying:paragliding"": ""yes"", ""free_flying:site"": ""takeoff""}",
way,965686744,https://www.openstreetmap.org/way/965686744,Rotmoos,47.103430,8.774388,,,,,takeoff,,yes,NE;E,"{""free_flying:paragliding"": ""yes"", ""free_flying:site"": ""takeoff"", ""free_flying:site_orientation"": ""NE;E""}",
way,968276110,https://www.openstreetmap.org/way/968276110,Pic-saint-pierre,45.534515,2.989734,990,,,,takeoff,,yes,N;NE;E;SE;S,"{""free_flying:official"": ""yes"", ""free_flying:paragliding"": ""yes"", ""free_flying:site"": ""takeoff"", ""free_flying:site_orientation"": ""N;NE;E;SE;S""}",
way,970496852,https://www.openstreetmap.org/way/970496852,Mende-sud,44.490170,3.510200,1039,,,,takeoff,,yes,S,"{""free_flying:official"": ""yes"", ""free_flying:paragliding"": ""yes"", ""free_flying:site"": ""takeoff"", ""free_flying:site_orientation"": ""S""}",
way,973120288,https://www.openstreetmap.org/way/973120288,Startplatz Gumengrat,46.959856,8.987265,2055,,,,takeoff,,yes,S,"{""free_flying:operator"": ""Gleitschirmklub Glarnerland"", ""free_flying:paragliding"": ""yes"", ""free_flying:site"": ""takeoff"", ""free_flying:site_orientation"": ""S""}",
way,973262472,https://www.openstreetmap.org/way/973262472,Décollage Saint-Cyprien,44.859670,1.020564,,,,,takeoff,,yes,E,"{""free_flying:official"": ""no"", ""free_flying:paragliding"": ""yes"", ""free_flying:site"": ""takeoff""}",
way,978187175,https://www.openstreetmap.org/way/978187175,Décollage: Sangatte,50.941141,1.737542,,,,,takeoff,,yes,,"{""free_flying:official"": ""no"", ""free_flying:paragliding"": ""yes"", ""free_flying:site"": ""takeoff""}",
way,987463494,https://www.openstreetmap.org/way/987463494,Yamaç Paraşütü Başlangıç ​​Alanı 1200M,36.549081,29.155569,1200,,,,takeoff,,yes,E,"{""free_flying:paragliding"": ""yes"", ""free_flying:site"": ""takeoff"", ""free_flying:site_orientation"": ""E""}",
way,991686164,https://www.openstreetmap.org/way/991686164,,45.512734,7.797966,,,,,takeoff,,yes,,"{""free_flying:official"": ""yes"", ""free_flying:paragliding"": ""yes"", ""free_flying:site"": ""takeoff""}",
way,991686165,https://www.openstreetmap.org/way/991686165,Casette,45.513439,7.796945,,,,,takeoff,,yes,,"{""free_flying:official"": ""yes"", ""free_flying:paragliding"": ""yes"", ""free_flying:site"": ""takeoff""}",
way,991686166,https://www.openstreetmap.org/way/991686166,Basso,45.513171,7.803327,,,,,takeoff,,yes,,"{""free_flying:official"": ""yes"", ""free_flying:paragliding"": ""yes"", ""free_flying:site"": ""takeoff""}",
way,1012037941,https://www.openstreetmap.org/way/1012037941,Die - la croix de justin,44.743393,5.349605,948,,,,takeoff,,yes,W,"{""free_flying:official"": ""no"", ""free_flying:paragliding"": ""yes"", ""free_flying:site"": ""takeoff"", ""free_flying:site_orientation"": ""W""}",
way,1017804303,https://www.openstreetmap.org/way/1017804303,Tuchan - mont tauch - pech des faysettes,42.872273,2.694451,192,,,,takeoff,,yes,E;SE,"{""free_flying:official"": ""yes"", ""free_flying:paragliding"": ""yes"", ""free_flying:site"": ""takeoff"", ""free_flying:site_orientation"": ""E;SE""}",
way,1021287076,https://www.openstreetmap.org/way/1021287076,Startplatz Zuflucht/ Oppenau West,48.487115,8.239138,,,,,takeoff,no,yes,W,"{""free_flying:ground_handling"": ""yes"", ""free_flying:guest-guidelines"": ""yes"", ""free_flying:hanggliding"": ""no"", ""free_flying:official"": ""yes"", ""free_flying:paragliding"": ""yes"", ""free_flying:rigid"": ""no"", ""free_flying:site"": ""takeoff"", ""free_flying:site_orientation"": ""W"", ""free_flying:tandem"": ""yes""}",
way,1036039305,https://www.openstreetmap.org/way/1036039305,Startplatz Rheintalblick,47.585714,8.283162,,,,,takeoff,,yes,NE,"{""free_flying:ground_handling"": ""no"", ""free_flying:paragliding"": ""yes"", ""free_flying:site"": ""takeoff"", ""free_flying:site_orientation"": ""NE""}",
way,1036481702,https://www.openstreetmap.org/way/1036481702,Junga Paragliding Takeoff,31.036147,77.207085,,,,,takeoff,,yes,,"{""free_flying:paragliding"": ""yes"", ""free_flying:site"": ""takeoff""}",
way,1037720505,https://www.openstreetmap.org/way/1037720505,Entrevernes,45.788912,6.193874,2002,,,,takeoff,,yes,,"{""free_flying:official"": ""no"", ""free_flying:paragliding"": ""yes"", ""free_flying:site"": ""takeoff""}",
way,1038000803,https://www.openstreetmap.org/way/1038000803,Mont luisandre,45.977438,5.418441,773,,,,takeoff,,yes,SW;W,"{""free_flying:official"": ""yes"", ""free_flying:paragliding"": ""yes"", ""free_flying:site"": ""takeoff"", ""free_flying:site_orientation"": ""SW;W""}",
way,1044301921,https://www.openstreetmap.org/way/1044301921,Decollo Col Manzon,46.211254,12.858974,,,,,takeoff,,yes,S,"{""free_flying:paragliding"": ""yes"", ""free_flying:site"": ""takeoff"", ""free_flying:site_orientation"": ""S""}",
way,1052007439,https://www.openstreetmap.org/way/1052007439,Cascade de glandieu,45.671553,5.615112,483,,,,takeoff,,yes,SW;W,"{""free_flying:official"": ""yes"", ""free_flying:paragliding"": ""yes"", ""free_flying:site"": ""takeoff"", ""free_flying:site_orientation"": ""SW;W""}",
way,1058127046,https://www.openstreetmap.org/way/1058127046,Paragliding Takeoff2,36.566251,31.978841,,,,,takeoff,,yes,S,"{""free_flying:paragliding"": ""yes"", ""free_flying:site"": ""takeoff"", ""free_flying:site_orientation"": ""S""}",
way,1060904365,https://www.openstreetmap.org/way/1060904365,Saint die - ormont,48.302378,6.992270,810,,,,takeoff,,yes,S;SW,"{""free_flying:official"": ""yes"", ""free_flying:paragliding"": ""yes"", ""free_flying:site"": ""takeoff"", ""free_flying:site_orientation"": ""S;SW""}",
way,1066434988,https://www.openstreetmap.org/way/1066434988,Generoso Pineta,45.923767,9.013301,,,,,takeoff,,yes,S;SW,"{""free_flying:paragliding"": ""yes"", ""free_flying:site"": ""takeoff"", ""free_flying:site_orientation"": ""S;SW""}",
way,1073564903,https://www.openstreetmap.org/way/1073564903,Décollage de Serre Michel,44.581633,6.281011,1604,,,,takeoff,,yes,"O,SO,S,SE","{""free_flying:official"": ""yes"", ""free_flying:paragliding"": ""yes"", ""free_flying:site"": ""takeoff"", ""free_flying:site_orientation"": ""O,SO,S,SE""}",
way,1079279801,https://www.openstreetmap.org/way/1079279801,Site de vol libre de Kervijen,48.157512,-4.277928,,,,,takeoff;landing,,yes,S,"{""free_flying:official"": ""yes"", ""free_flying:paragliding"": ""yes"", ""free_flying:site"": ""takeoff;landing"", ""free_flying:site_orientation"": ""S""}",
way,1097805274,https://www.openstreetmap.org/way/1097805274,Fort du Truc,45.637716,6.744589,1750,,,,takeoff,,yes,,"{""free_flying:official"": ""yes"", ""free_flying:paragliding"": ""yes"", ""free_flying:site"": ""takeoff""}",
way,1103629497,https://www.openstreetmap.org/way/1103629497,Mt San Nicolai,44.253134,9.570852,,,,,takeoff,,yes,SW,"{""free_flying:paragliding"": ""yes"", ""free_flying:site"": ""takeoff"", ""free_flying:site_orientation"": ""SW""}",
way,1103636006,https://www.openstreetmap.org/way/1103636006,Riva Trigoso,44.253239,9.435861,,,,,takeoff,,yes,SW,"{""free_flying:paragliding"": ""yes"", ""free_flying:site"": ""takeoff"", ""free_flying:site_orientation"": ""SW""}",
way,1120171329,https://www.openstreetmap.org/way/1120171329,Pierreberg,47.375856,7.410618,,,,,takeoff,,yes,S,"{""free_flying:paragliding"": ""yes"", ""free_flying:site"": ""takeoff"", ""free_flying:site_orientation"": ""S""}",
way,1126851733,https://www.openstreetmap.org/way/1126851733,Vzletišče Čaven,45.928877,13.858520,1185,,,,takeoff,,yes,,"{""free_flying:paragliding"": ""yes"", ""free_flying:site"": ""takeoff""}",
way,1130739802,https://www.openstreetmap.org/way/1130739802,Raimeux Nord,47.307618,7.426353,,,,,takeoff,,yes,N,"{""free_flying:paragliding"": ""yes"", ""free_flying:site"": ""takeoff"", ""free_flying:site_orientation"": ""N""}",
way,1135539992,https://www.openstreetmap.org/way/1135539992,Châtel - Morclan sous le sommet,46.276573,6.857341,1536,,,,takeoff,,yes,SE;W;,"{""free_flying:official"": ""yes"", ""free_flying:paragliding"": ""yes"", ""free_flying:site"": ""takeoff"", ""free_flying:site_orientation"": ""SE;W;""}",
way,1144448136,https://www.openstreetmap.org/way/1144448136,Montmelon sud,47.357532,7.191450,,,,,takeoff,,yes,W;SW,"{""free_flying:ground_handling"": ""no"", ""free_flying:paragliding"": ""yes"", ""free_flying:site"": ""takeoff"", ""free_flying:site_orientation"": ""W;SW""}",
way,1148139815,https://www.openstreetmap.org/way/1148139815,Mont Peloux,46.493068,4.744423,434,,,,takeoff,,yes,N;NW,"{""free_flying:official"": ""yes"", ""free_flying:paragliding"": ""yes"", ""free_flying:site"": ""takeoff"", ""free_flying:site_orientation"": ""N;NW""}",
way,1155885422,https://www.openstreetmap.org/way/1155885422,Montoz North,47.208245,7.216533,,,,,takeoff,,yes,N;NW,"{""free_flying:paragliding"": ""yes"", ""free_flying:site"": ""takeoff"", ""free_flying:site_orientation"": ""N;NW""}",
way,1155885423,https://www.openstreetmap.org/way/1155885423,Montoz South,47.206496,7.215500,,,,,takeoff,,yes,S;SE,"{""free_flying:paragliding"": ""yes"", ""free_flying:site"": ""takeoff"", ""free_flying:site_orientation"": ""S;SE""}",
way,1155889202,https://www.openstreetmap.org/way/1155889202,Montgremay,47.389276,7.185650,,,,,takeoff,,yes,N;NW,"{""free_flying:paragliding"": ""yes"", ""free_flying:site"": ""takeoff"", ""free_flying:site_orientation"": ""N;NW""}",
way,1156361216,https://www.openstreetmap.org/way/1156361216,Mervelier,47.348881,7.511753,,,,,takeoff,,yes,W,"{""free_flying:paragliding"": ""yes"", ""free_flying:site"": ""takeoff"", ""free_flying:site_orientation"": ""W""}",
way,1161122761,https://www.openstreetmap.org/way/1161122761,Montagne de Moutier,47.287334,7.331625,,,,,takeoff,,yes,"S,SW","{""free_flying:paragliding"": ""yes"", ""free_flying:site"": ""takeoff"", ""free_flying:site_orientation"": ""S,SW""}",
way,1163932239,https://www.openstreetmap.org/way/1163932239,Courfaivre,47.311184,7.291318,,,,,takeoff,,yes,"N,NE","{""free_flying:paragliding"": ""yes"", ""free_flying:site"": ""takeoff"", ""free_flying:site_orientation"": ""N,NE""}",
way,1167872252,https://www.openstreetmap.org/way/1167872252,Tunnel Bluffs Paraglide Launch,49.491988,-123.225878,,,,,takeoff,,yes,220,"{""free_flying:official"": ""no"", ""free_flying:paragliding"": ""yes"", ""free_flying:site"": ""takeoff""}",
way,1168470209,https://www.openstreetmap.org/way/1168470209,Décollage montagne parapente du Col de Baure,45.283806,5.839735,1193,,,,takeoff,,yes,,"{""free_flying:official"": ""no"", ""free_flying:paragliding"": ""yes"", ""free_flying:site"": ""takeoff""}",
way,1174540971,https://www.openstreetmap.org/way/1174540971,Startplatz Riggisalp,46.659188,7.293893,,,,,takeoff,,yes,N,"{""free_flying:official"": ""yes"", ""free_flying:paragliding"": ""yes"", ""free_flying:site"": ""takeoff"", ""free_flying:site_orientation"": ""N""}",
way,1175521520,https://www.openstreetmap.org/way/1175521520,Riederalp West,46.375990,8.026616,,,,,takeoff,,yes,"S,SE","{""free_flying:paragliding"": ""yes"", ""free_flying:site"": ""takeoff"", ""free_flying:site_orientation"": ""S,SE""}",
way,1175521521,https://www.openstreetmap.org/way/1175521521,Riederalp East,46.377089,8.030667,,,,,takeoff,,yes,S,"{""free_flying:paragliding"": ""yes"", ""free_flying:site"": ""takeoff"", ""free_flying:site_orientation"": ""S""}",
way,1180013342,https://www.openstreetmap.org/way/1180013342,Haute-Kontz,49.455330,6.330194,264,,,,takeoff,,yes,SE;S,"{""free_flying:official"": ""yes"", ""free_flying:paragliding"": ""yes"", ""free_flying:site"": ""takeoff"", ""free_flying:site_orientation"": ""SE;S""}",
way,1181812035,https://www.openstreetmap.org/way/1181812035,Decollo Buggerru,39.410872,8.425443,,,,,takeoff,no,yes,,"{""free_flying:hanggliding"": ""no"", ""free_flying:paragliding"": ""yes"", ""free_flying:site"": ""takeoff""}",
way,1186573713,https://www.openstreetmap.org/way/1186573713,Lévanchy,46.545308,7.112892,,,,,takeoff,,yes,SW;W,"{""free_flying:paragliding"": ""yes"", ""free_flying:site"": ""takeoff"", ""free_flying:site_orientation"": ""SW;W""}",
way,1188244358,https://www.openstreetmap.org/way/1188244358,Startplatz Ramslauenen,46.580579,7.708430,,,,,takeoff,,yes,NE,"{""free_flying:official"": ""yes"", ""free_flying:paragliding"": ""yes"", ""free_flying:site"": ""takeoff"", ""free_flying:site_orientation"": ""NE""}",
way,1192153690,https://www.openstreetmap.org/way/1192153690,Kleinheppacher Kopf-SüdWest,48.833298,9.379612,,,,,takeoff,,yes,"S,SO","{""free_flying:guest-guidelines"": ""yes"", ""free_flying:official"": ""yes"", ""free_flying:paragliding"": ""yes"", ""free_flying:site"": ""takeoff"", ""free_flying:site_orientation"": ""S,SO""}",
way,1192157262,https://www.openstreetmap.org/way/1192157262,Startplatz,47.730774,11.513023,,,,,takeoff,,yes,O,"{""free_flying:guest-guidelines"": ""yes"", ""free_flying:official"": ""yes"", ""free_flying:paragliding"": ""yes"", ""free_flying:site"": ""takeoff"", ""free_flying:site_orientation"": ""O""}",
way,1192158116,https://www.openstreetmap.org/way/1192158116,Startplatz,47.734567,11.506660,,,,,takeoff,,yes,N,"{""free_flying:guest-guidelines"": ""yes"", ""free_flying:official"": ""yes"", ""free_flying:paragliding"": ""yes"", ""free_flying:site"": ""takeoff"", ""free_flying:site_orientation"": ""N""}",
way,1192158117,https://www.openstreetmap.org/way/1192158117,Startplatz,47.734491,11.507258,,,,,takeoff,,yes,NO,"{""free_flying:guest-guidelines"": ""yes"", ""free_flying:official"": ""yes"", ""free_flying:paragliding"": ""yes"", ""free_flying:site"": ""takeoff"", ""free_flying:site_orientation"": ""NO""}",
way,1202671216,https://www.openstreetmap.org/way/1202671216,Décollage Vounetse S,46.625339,7.206061,,,,,takeoff,,yes,W,"{""free_flying:paragliding"": ""yes"", ""free_flying:site"": ""takeoff"", ""free_flying:site_orientation"": ""W""}",
way,1202794965,https://www.openstreetmap.org/way/1202794965,Déco Matouta,-21.358941,55.696396,443,,,,takeoff,,yes,SE;S,"{""free_flying:official"": ""yes"", ""free_flying:paragliding"": ""yes"", ""free_flying:site"": ""takeoff"", ""free_flying:site_orientation"": ""SE;S""}",
way,1204754444,https://www.openstreetmap.org/way/1204754444,"PG startoviště Raná - NW, W",50.406572,13.770416,,,,,takeoff,,yes,"NW, W","{""free_flying:official"": ""yes"", ""free_flying:paragliding"": ""yes"", ""free_flying:site"": ""takeoff"", ""free_flying:site_orientation"": ""NW, W""}",
way,1204754445,https://www.openstreetmap.org/way/1204754445,PG startoviště Raná - SE,50.406303,13.770700,,,,,takeoff,,yes,SE,"{""free_flying:official"": ""yes"", ""free_flying:paragliding"": ""yes"", ""free_flying:site"": ""takeoff"", ""free_flying:site_orientation"": ""SE""}",
way,1204754446,https://www.openstreetmap.org/way/1204754446,"PG startoviště Raná - SE, E",50.406918,13.771598,,,,,takeoff,,yes,"SE, E","{""free_flying:official"": ""yes"", ""free_flying:paragliding"": ""yes"", ""free_flying:site"": ""takeoff"", ""free_flying:site_orientation"": ""SE, E""}",
way,1206410722,https://www.openstreetmap.org/way/1206410722,First,46.657433,8.055179,2110,,,,takeoff,no,yes,"S,SW","{""free_flying:hanggliding"": ""no"", ""free_flying:official"": ""yes"", ""free_flying:paragliding"": ""yes"", ""free_flying:rigid"": ""no"", ""free_flying:site"": ""takeoff"", ""free_flying:site_orientation"": ""S,SW""}",
way,1214715698,https://www.openstreetmap.org/way/1214715698,Lobhornhütte takeoff,46.618215,7.868780,,,,,takeoff,no,yes,SE,"{""free_flying:hanggliding"": ""no"", ""free_flying:official"": ""no"", ""free_flying:paragliding"": ""yes"", ""free_flying:rigid"": ""no"", ""free_flying:site"": ""takeoff"", ""free_flying:site_orientation"": ""SE""}",
way,1219371465,https://www.openstreetmap.org/way/1219371465,Startplatz Sommerberg,49.036614,12.747054,790,,,,takeoff,,yes,SW,"{""free_flying:guest-guidelines"": ""yes"", ""free_flying:paragliding"": ""yes"", ""free_flying:site"": ""takeoff"", ""free_flying:site_orientation"": ""SW""}",
way,1219592937,https://www.openstreetmap.org/way/1219592937,Cucugnan - chateau de queribus,42.846540,2.623772,575,,,,takeoff,,yes,W;NW,"{""free_flying:official"": ""yes"", ""free_flying:paragliding"": ""yes"", ""free_flying:site"": ""takeoff"", ""free_flying:site_orientation"": ""W;NW""}",
way,1221243499,https://www.openstreetmap.org/way/1221243499,Schwarzbach,48.499472,7.281465,456,,,,takeoff,,yes,N;NE;NW,"{""free_flying:official"": ""yes"", ""free_flying:paragliding"": ""yes"", ""free_flying:site"": ""takeoff"", ""free_flying:site_orientation"": ""N;NE;NW""}",
way,1222496162,https://www.openstreetmap.org/way/1222496162,,48.914748,18.019362,,,,,takeoff,,yes,"S,SE","{""free_flying:official"": ""no"", ""free_flying:paragliding"": ""yes"", ""free_flying:site"": ""takeoff"", ""free_flying:site_orientation"": ""S,SE""}",
way,1226035872,https://www.openstreetmap.org/way/1226035872,Romanieres Barres Rouges,43.702187,4.985330,251,,,,takeoff,,yes,S;SW,"{""free_flying:official"": ""yes"", ""free_flying:paragliding"": ""yes"", ""free_flying:site"": ""takeoff"", ""free_flying:site_orientation"": ""S;SW""}",
way,1227314304,https://www.openstreetmap.org/way/1227314304,Asnan,47.315144,3.550836,281,,,,takeoff,,yes,W,"{""free_flying:official"": ""yes"", ""free_flying:paragliding"": ""yes"", ""free_flying:site"": ""takeoff"", ""free_flying:site_orientation"": ""W""}",
way,1227438394,https://www.openstreetmap.org/way/1227438394,Décollage Sud,45.392276,6.115046,,,,,takeoff,,yes,,"{""free_flying:official"": ""yes"", ""free_flying:paragliding"": ""yes"", ""free_flying:site"": ""takeoff""}",
way,1227674874,https://www.openstreetmap.org/way/1227674874,Décollage du Bochor,45.387164,6.736501,,,,,takeoff,,yes,,"{""free_flying:paragliding"": ""yes"", ""free_flying:site"": ""takeoff""}",
way,1229131469,https://www.openstreetmap.org/way/1229131469,Screw around area / Paraglider Launch,40.457564,-111.900663,,,,,launch,,yes,,"{""free_flying:paragliding"": ""yes"", ""free_flying:site"": ""launch"", ""free_flying:takeoff"": ""yes""}",
way,1230372169,https://www.openstreetmap.org/way/1230372169,Γαλατινή - Απογείωση Αλεξιπτώτου Πλαγιάς,40.313069,21.530014,,,,,,,yes,SW;W,"{""free_flying:official"": ""yes"", ""free_flying:paragliding"": ""yes"", ""free_flying:takeoff"": ""yes""}",
way,1230709047,https://www.openstreetmap.org/way/1230709047,Décollage Montagne de Linceuil - La Fournache,44.313821,5.241246,1169,,,,takeoff,,yes,N,"{""free_flying:ground_handling"": ""No"", ""free_flying:official"": ""no"", ""free_flying:paragliding"": ""yes"", ""free_flying:site"": ""takeoff"", ""free_flying:site_orientation"": ""N""}",
way,1230709049,https://www.openstreetmap.org/way/1230709049,Décollage Col de Milmandre,44.302987,5.236140,506,,,,takeoff,,yes,SE;S;SW,"{""free_flying:official"": ""yes"", ""free_flying:paragliding"": ""yes"", ""free_flying:site"": ""takeoff"", ""free_flying:site_orientation"": ""SE;S;SW""}",
way,1232245642,https://www.openstreetmap.org/way/1232245642,Novis-severac le chateau,44.257343,3.117952,875,,,,takeoff,,yes,SE;S,"{""free_flying:official"": ""yes"", ""free_flying:paragliding"": ""yes"", ""free_flying:site"": ""takeoff"", ""free_flying:site_orientation"": ""SE;S""}",
way,1232248833,https://www.openstreetmap.org/way/1232248833,Montsegur - col de montsegur,42.861066,1.806044,1594,,,,takeoff,,yes,N;NE;E;W;NW,"{""free_flying:official"": ""yes"", ""free_flying:paragliding"": ""yes"", ""free_flying:site"": ""takeoff"", ""free_flying:site_orientation"": ""N;NE;E;W;NW""}",
way,1232257837,https://www.openstreetmap.org/way/1232257837,Nohan-sur-semoy - robertsart,49.873103,4.831088,315,,,,takeoff,,yes,N;NE;NW,"{""free_flying:official"": ""yes"", ""free_flying:paragliding"": ""yes"", ""free_flying:site"": ""takeoff"", ""free_flying:site_orientation"": ""N;NE;NW""}",
way,1232258432,https://www.openstreetmap.org/way/1232258432,Joigny-sur-meuse,49.842381,4.760611,250,,,,takeoff,,yes,SE;S,"{""free_flying:official"": ""yes"", ""free_flying:paragliding"": ""yes"", ""free_flying:site"": ""takeoff"", ""free_flying:site_orientation"": ""SE;S""}",
way,1232258600,https://www.openstreetmap.org/way/1232258600,Devant laifour,49.917042,4.704516,338,,,,takeoff,,yes,SW,"{""free_flying:official"": ""yes"", ""free_flying:paragliding"": ""yes"", ""free_flying:site"": ""takeoff"", ""free_flying:site_orientation"": ""SW""}",
way,1232260105,https://www.openstreetmap.org/way/1232260105,Rambures,49.922240,1.683043,152,,,,takeoff,,yes,SW,"{""free_flying:official"": ""no"", ""free_flying:paragliding"": ""yes"", ""free_flying:site"": ""takeoff"", ""free_flying:site_orientation"": ""SW""}",
way,1232262739,https://www.openstreetmap.org/way/1232262739,Fontaine sous jouy,49.067671,1.285557,37,,,,takeoff,,yes,NE;E,"{""free_flying:official"": ""yes"", ""free_flying:paragliding"": ""yes"", ""free_flying:site"": ""takeoff"", ""free_flying:site_orientation"": ""NE;E""}",
way,1232267923,https://www.openstreetmap.org/way/1232267923,La sainte victoire - pas du berger,43.532423,5.573273,727,,,,takeoff,,yes,SW;W;,"{""free_flying:official"": ""yes"", ""free_flying:paragliding"": ""yes"", ""free_flying:site"": ""takeoff"", ""free_flying:site_orientation"": ""SW;W;""}",
way,1232748813,https://www.openstreetmap.org/way/1232748813,Mont-semiol-nord,45.633534,3.968575,1018,,,,takeoff,,yes,N,"{""free_flying:official"": ""yes"", ""free_flying:paragliding"": ""yes"", ""free_flying:site"": ""takeoff"", ""free_flying:site_orientation"": ""N""}",
way,1232749967,https://www.openstreetmap.org/way/1232749967,Mont semiol-sud,45.632006,3.970301,972,,,,takeoff,,yes,S;SW,"{""free_flying:official"": ""yes"", ""free_flying:paragliding"": ""yes"", ""free_flying:site"": ""takeoff"", ""free_flying:site_orientation"": ""S;SW""}",
way,1232752357,https://www.openstreetmap.org/way/1232752357,Plan des languots,45.681516,6.322109,1212,,,,takeoff,,yes,SE,"{""free_flying:official"": ""yes"", ""free_flying:paragliding"": ""yes"", ""free_flying:site"": ""takeoff"", ""free_flying:site_orientation"": ""SE""}",
way,1232752509,https://www.openstreetmap.org/way/1232752509,La sainte victoire - pic des mouches,43.539057,5.644517,989,,,,takeoff,,yes,S;SW,"{""free_flying:official"": ""yes"", ""free_flying:paragliding"": ""yes"", ""free_flying:site"": ""takeoff"", ""free_flying:site_orientation"": ""S;SW""}",
way,1232752840,https://www.openstreetmap.org/way/1232752840,La sainte victoire - saint ser intermediaire,43.532585,5.643920,528,,,,takeoff,,yes,SE;S;SW,"{""free_flying:official"": ""yes"", ""free_flying:paragliding"": ""yes"", ""free_flying:site"": ""takeoff"", ""free_flying:site_orientation"": ""SE;S;SW""}",
way,1232758518,https://www.openstreetmap.org/way/1232758518,Sederon-mevouillon : le fort - du fort,44.237921,5.482250,1070,,,,takeoff,,yes,E,"{""free_flying:official"": ""yes"", ""free_flying:paragliding"": ""yes"", ""free_flying:site"": ""takeoff"", ""free_flying:site_orientation"": ""E""}",
way,1232763774,https://www.openstreetmap.org/way/1232763774,Sospel - lavina,43.866933,7.413576,1086,,,,takeoff,,yes,E;SE,"{""free_flying:official"": ""no"", ""free_flying:paragliding"": ""yes"", ""free_flying:site"": ""takeoff"", ""free_flying:site_orientation"": ""E;SE""}",
way,1232763978,https://www.openstreetmap.org/way/1232763978,Sospel - monte grosso,43.914296,7.467199,1205,,,,takeoff,,yes,SE;S,"{""free_flying:official"": ""yes"", ""free_flying:paragliding"": ""yes"", ""free_flying:site"": ""takeoff"", ""free_flying:site_orientation"": ""SE;S""}",
way,1232764370,https://www.openstreetmap.org/way/1232764370,Batteriekopf,47.995739,6.978825,-3492,,,,takeoff,,yes,W,"{""free_flying:official"": ""no"", ""free_flying:paragliding"": ""yes"", ""free_flying:site"": ""takeoff"", ""free_flying:site_orientation"": ""W""}",
way,1232764538,https://www.openstreetmap.org/way/1232764538,Drumont - gustiberg,47.893955,6.934240,1015,,,,takeoff,,yes,S,"{""free_flying:official"": ""yes"", ""free_flying:paragliding"": ""yes"", ""free_flying:site"": ""takeoff"", ""free_flying:site_orientation"": ""S""}",
way,1232765896,https://www.openstreetmap.org/way/1232765896,Rupt-sur-moselle - belue sud-ouest,47.922514,6.685706,813,,,,takeoff,,yes,SW,"{""free_flying:official"": ""yes"", ""free_flying:paragliding"": ""yes"", ""free_flying:site"": ""takeoff"", ""free_flying:site_orientation"": ""SW""}",
way,1232766003,https://www.openstreetmap.org/way/1232766003,Rupt-sur-moselle - belue sud-est,47.921053,6.686790,766,,,,takeoff,,yes,SE,"{""free_flying:official"": ""yes"", ""free_flying:paragliding"": ""yes"", ""free_flying:site"": ""takeoff"", ""free_flying:site_orientation"": ""SE""}",
way,1232766400,https://www.openstreetmap.org/way/1232766400,Saulxures - graviers - theatre graviers,47.954298,6.725074,760,,,,takeoff,,yes,NE;E,"{""free_flying:official"": ""yes"", ""free_flying:paragliding"": ""yes"", ""free_flying:site"": ""takeoff"", ""free_flying:site_orientation"": ""NE;E""}",
way,1232767423,https://www.openstreetmap.org/way/1232767423,Saulxures - le haut du comte - haut de comte,47.959903,6.797657,842,,,,takeoff,,yes,W;NW,"{""free_flying:official"": ""yes"", ""free_flying:paragliding"": ""yes"", ""free_flying:site"": ""takeoff"", ""free_flying:site_orientation"": ""W;NW""}",
way,1232769775,https://www.openstreetmap.org/way/1232769775,Schnepfenriedkopf,47.978765,7.043166,1242,,,,takeoff,,yes,NE;E,"{""free_flying:official"": ""yes"", ""free_flying:paragliding"": ""yes"", ""free_flying:site"": ""takeoff"", ""free_flying:site_orientation"": ""NE;E""}",
way,1232769940,https://www.openstreetmap.org/way/1232769940,Altmatt gaschney,48.027306,7.064854,901,,,,takeoff,,yes,SE;S;SW,"{""free_flying:official"": ""no"", ""free_flying:paragliding"": ""yes"", ""free_flying:site"": ""takeoff"", ""free_flying:site_orientation"": ""SE;S;SW""}",
way,1232770308,https://www.openstreetmap.org/way/1232770308,Surcenord,48.150015,7.130942,1082,,,,takeoff,,yes,NE;E;SE,"{""free_flying:official"": ""yes"", ""free_flying:paragliding"": ""yes"", ""free_flying:site"": ""takeoff"", ""free_flying:site_orientation"": ""NE;E;SE""}",
way,1232771851,https://www.openstreetmap.org/way/1232771851,Ribeaugoutte - la-grande-roche,48.177805,7.159350,1056,,,,takeoff,,yes,E;SE,"{""free_flying:official"": ""yes"", ""free_flying:paragliding"": ""yes"", ""free_flying:site"": ""takeoff"", ""free_flying:site_orientation"": ""E;SE""}",
way,1232777280,https://www.openstreetmap.org/way/1232777280,Mont Mézenc - Sommet,44.910491,4.192925,1736,,,,takeoff,,yes,E;SE;S,"{""free_flying:official"": ""yes"", ""free_flying:paragliding"": ""yes"", ""free_flying:site"": ""takeoff"", ""free_flying:site_orientation"": ""E;SE;S""}",
way,1232777359,https://www.openstreetmap.org/way/1232777359,Site de Vol Libre Roches des Cuzets,44.892071,4.184863,1560,,,,takeoff,,yes,E,"{""free_flying:official"": ""yes"", ""free_flying:paragliding"": ""yes"", ""free_flying:site"": ""takeoff"", ""free_flying:site_orientation"": ""E""}",
way,1232777645,https://www.openstreetmap.org/way/1232777645,Site de vol libre: Serre en don - le bois du seigneur,44.872402,4.397990,1164,,,,takeoff,,yes,N;NE,"{""free_flying:official"": ""yes"", ""free_flying:paragliding"": ""yes"", ""free_flying:site"": ""takeoff"", ""free_flying:site_orientation"": ""N;NE""}",
way,1232779651,https://www.openstreetmap.org/way/1232779651,Tete des sapins,47.758900,6.762479,1016,,,,takeoff,,yes,W,"{""free_flying:official"": ""yes"", ""free_flying:paragliding"": ""yes"", ""free_flying:site"": ""takeoff"", ""free_flying:site_orientation"": ""W""}",
way,1232779961,https://www.openstreetmap.org/way/1232779961,Licques - haut-vigneau,50.799199,1.948064,71,,,,takeoff,,yes,SE;S,"{""free_flying:official"": ""yes"", ""free_flying:paragliding"": ""yes"", ""free_flying:site"": ""takeoff"", ""free_flying:site_orientation"": ""SE;S""}",
way,1232840172,https://www.openstreetmap.org/way/1232840172,Vieilley - cote du bois des grands cantons,47.325266,6.090179,547,,,,takeoff,,yes,N;NW,"{""free_flying:official"": ""yes"", ""free_flying:paragliding"": ""yes"", ""free_flying:site"": ""takeoff"", ""free_flying:site_orientation"": ""N;NW""}",
way,1232843731,https://www.openstreetmap.org/way/1232843731,Molard - sud,44.190281,5.916593,789,,,,takeoff,,yes,S,"{""free_flying:official"": ""no"", ""free_flying:paragliding"": ""yes"", ""free_flying:site"": ""takeoff"", ""free_flying:site_orientation"": ""S""}",
way,1232844467,https://www.openstreetmap.org/way/1232844467,Molard nord,44.190759,5.916496,798,,,,takeoff,,yes,N,"{""free_flying:official"": ""no"", ""free_flying:paragliding"": ""yes"", ""free_flying:site"": ""takeoff"", ""free_flying:site_orientation"": ""N""}",
way,1232844624,https://www.openstreetmap.org/way/1232844624,Lavoûte-sur-loire - Chassaure - Relais,45.112352,3.916848,873,,,,takeoff,,yes,N,"{""free_flying:official"": ""yes"", ""free_flying:paragliding"": ""yes"", ""free_flying:site"": ""takeoff"", ""free_flying:site_orientation"": ""N""}",
way,1232844757,https://www.openstreetmap.org/way/1232844757,Chaspinhac,45.103304,3.930024,931,,,,takeoff,,yes,NE;E,"{""free_flying:official"": ""yes"", ""free_flying:paragliding"": ""yes"", ""free_flying:site"": ""takeoff"", ""free_flying:site_orientation"": ""NE;E""}",
way,1232845036,https://www.openstreetmap.org/way/1232845036,La denise,45.058255,3.853868,883,,,,takeoff,,yes,SW;W,"{""free_flying:official"": ""yes"", ""free_flying:paragliding"": ""yes"", ""free_flying:site"": ""takeoff"", ""free_flying:site_orientation"": ""SW;W""}",
way,1232846004,https://www.openstreetmap.org/way/1232846004,Mont d'Alambre,44.914439,4.154767,1583,,,,takeoff,,yes,S,"{""free_flying:official"": ""yes"", ""free_flying:paragliding"": ""yes"", ""free_flying:site"": ""takeoff"", ""free_flying:site_orientation"": ""S""}",
way,1232850874,https://www.openstreetmap.org/way/1232850874,Roselend - petite berge,45.684474,6.650691,2048,,,,takeoff,,yes,N;NW,"{""free_flying:official"": ""no"", ""free_flying:paragliding"": ""yes"", ""free_flying:site"": ""takeoff"", ""free_flying:site_orientation"": ""N;NW""}",
way,1232854880,https://www.openstreetmap.org/way/1232854880,Moyenmont,48.008888,6.902744,948,,,,takeoff,,yes,S;SW,"{""free_flying:official"": ""yes"", ""free_flying:paragliding"": ""yes"", ""free_flying:site"": ""takeoff"", ""free_flying:site_orientation"": ""S;SW""}",
way,1232855222,https://www.openstreetmap.org/way/1232855222,Les bouchaux,47.994935,6.889511,1002,,,,takeoff,,yes,NW,"{""free_flying:official"": ""yes"", ""free_flying:paragliding"": ""yes"", ""free_flying:site"": ""takeoff"", ""free_flying:site_orientation"": ""NW""}",
way,1232855309,https://www.openstreetmap.org/way/1232855309,Champis,48.032744,6.946770,1163,,,,takeoff,,yes,E,"{""free_flying:official"": ""yes"", ""free_flying:paragliding"": ""yes"", ""free_flying:site"": ""takeoff"", ""free_flying:site_orientation"": ""E""}",
way,1232855436,https://www.openstreetmap.org/way/1232855436,Moutiers des fees,48.019365,6.874049,1022,,,,takeoff,,yes,SE;S,"{""free_flying:official"": ""yes"", ""free_flying:paragliding"": ""yes"", ""free_flying:site"": ""takeoff"", ""free_flying:site_orientation"": ""SE;S""}",
way,1232855687,https://www.openstreetmap.org/way/1232855687,Basse des feignes,48.003626,6.843088,1021,,,,takeoff,,yes,E;SE,"{""free_flying:official"": ""yes"", ""free_flying:paragliding"": ""yes"", ""free_flying:site"": ""takeoff"", ""free_flying:site_orientation"": ""E;SE""}",
way,1232855823,https://www.openstreetmap.org/way/1232855823,Roche de minuit,47.988311,6.859319,940,,,,takeoff,,yes,N,"{""free_flying:official"": ""yes"", ""free_flying:paragliding"": ""yes"", ""free_flying:site"": ""takeoff"", ""free_flying:site_orientation"": ""N""}",
way,1232857050,https://www.openstreetmap.org/way/1232857050,Saurier-creste - chapelle-du-brionnet,45.529402,3.058585,930,,,,takeoff,,yes,N;NE;E;W;NW,"{""free_flying:official"": ""yes"", ""free_flying:paragliding"": ""yes"", ""free_flying:site"": ""takeoff"", ""free_flying:site_orientation"": ""N;NE;E;W;NW""}",
way,1232857066,https://www.openstreetmap.org/way/1232857066,Saurier-creste - puy-de-rochecourbiere,45.545524,3.039835,870,,,,takeoff,,yes,SE;S,"{""free_flying:official"": ""yes"", ""free_flying:paragliding"": ""yes"", ""free_flying:site"": ""takeoff"", ""free_flying:site_orientation"": ""SE;S""}",
way,1232861453,https://www.openstreetmap.org/way/1232861453,Le-mont-dore - puy-de-sancy,45.528456,2.813573,1867,,,,takeoff,,yes,N;NE;S;SW,"{""free_flying:official"": ""no"", ""free_flying:paragliding"": ""yes"", ""free_flying:site"": ""takeoff"", ""free_flying:site_orientation"": ""N;NE;S;SW""}",
way,1232861974,https://www.openstreetmap.org/way/1232861974,Les Orres - Costias,44.523032,6.555761,1774,,,,takeoff,,yes,W;SW,"{""free_flying:official"": ""yes"", ""free_flying:paragliding"": ""yes"", ""free_flying:site"": ""takeoff"", ""free_flying:site_orientation"": ""W;SW""}",
way,1232874831,https://www.openstreetmap.org/way/1232874831,Olhain - parc-de-loisirs,50.433784,2.585897,179,,,,takeoff,,yes,S,"{""free_flying:official"": ""yes"", ""free_flying:paragliding"": ""yes"", ""free_flying:site"": ""takeoff"", ""free_flying:site_orientation"": ""S""}",
way,1232875171,https://www.openstreetmap.org/way/1232875171,La tranchee,45.585164,6.475656,871,,,,takeoff,,yes,W,"{""free_flying:official"": ""no"", ""free_flying:paragliding"": ""yes"", ""free_flying:site"": ""takeoff"", ""free_flying:site_orientation"": ""W""}",
way,1232875768,https://www.openstreetmap.org/way/1232875768,Mende-nord,44.507803,3.477890,1046,,,,takeoff,,yes,N,"{""free_flying:official"": ""yes"", ""free_flying:paragliding"": ""yes"", ""free_flying:site"": ""takeoff"", ""free_flying:site_orientation"": ""N""}",
way,1232931557,https://www.openstreetmap.org/way/1232931557,Vallee du louron - mont,42.805179,0.430258,1437,,,,takeoff,,yes,N;S,"{""free_flying:official"": ""no"", ""free_flying:paragliding"": ""yes"", ""free_flying:site"": ""takeoff"", ""free_flying:site_orientation"": ""N;S""}",
way,1232938050,https://www.openstreetmap.org/way/1232938050,Mende-est,44.515099,3.458328,1010,,,,takeoff,,yes,E,"{""free_flying:official"": ""yes"", ""free_flying:paragliding"": ""yes"", ""free_flying:site"": ""takeoff"", ""free_flying:site_orientation"": ""E""}",
way,1232939941,https://www.openstreetmap.org/way/1232939941,Sinsans - la liquiere,43.810957,4.181154,206,,,,takeoff,,yes,N;NE;E,"{""free_flying:official"": ""yes"", ""free_flying:paragliding"": ""yes"", ""free_flying:site"": ""takeoff"", ""free_flying:site_orientation"": ""N;NE;E""}",
way,1232940934,https://www.openstreetmap.org/way/1232940934,Super-besse - puy-ferrand,45.524419,2.825749,1853,,,,takeoff,,yes,S;SW;W,"{""free_flying:official"": ""no"", ""free_flying:paragliding"": ""yes"", ""free_flying:site"": ""takeoff"", ""free_flying:site_orientation"": ""S;SW;W""}",
way,1232941234,https://www.openstreetmap.org/way/1232941234,Super-besse - puy-de-la-perdrix,45.521069,2.830091,1820,,,,takeoff,,yes,SE;S;SW;W,"{""free_flying:official"": ""no"", ""free_flying:paragliding"": ""yes"", ""free_flying:site"": ""takeoff"", ""free_flying:site_orientation"": ""SE;S;SW;W""}",
way,1232941527,https://www.openstreetmap.org/way/1232941527,Super-besse - le-paillaret,45.508561,2.825525,1720,,,,takeoff,,yes,E;SE;S;SW;W,"{""free_flying:official"": ""no"", ""free_flying:paragliding"": ""yes"", ""free_flying:site"": ""takeoff"", ""free_flying:site_orientation"": ""E;SE;S;SW;W""}",
way,1232941781,https://www.openstreetmap.org/way/1232941781,Super-besse - puy-de-chambourguet,45.511485,2.865982,1520,,,,takeoff,,yes,E;SE;S;SW;W,"{""free_flying:official"": ""no"", ""free_flying:paragliding"": ""yes"", ""free_flying:site"": ""takeoff"", ""free_flying:site_orientation"": ""E;SE;S;SW;W""}",
way,1232944536,https://www.openstreetmap.org/way/1232944536,Val-d'isere - tete de solaise,45.434456,6.990203,2495,,,,takeoff,,yes,W,"{""free_flying:official"": ""yes"", ""free_flying:paragliding"": ""yes"", ""free_flying:site"": ""takeoff"", ""free_flying:site_orientation"": ""W""}",
way,1232945382,https://www.openstreetmap.org/way/1232945382,Modane - valfrejus - l'estive,45.229253,6.665547,2421,,,,takeoff,,yes,S,"{""free_flying:official"": ""no"", ""free_flying:paragliding"": ""yes"", ""free_flying:site"": ""takeoff"", ""free_flying:site_orientation"": ""S""}",
way,1232950079,https://www.openstreetmap.org/way/1232950079,Montblond - montbrun,44.509345,1.893605,297,,,,takeoff,,yes,SE;S,"{""free_flying:official"": ""yes"", ""free_flying:paragliding"": ""yes"", ""free_flying:site"": ""takeoff"", ""free_flying:site_orientation"": ""SE;S""}",
way,1232952425,https://www.openstreetmap.org/way/1232952425,Arbas - cornudere,42.957884,0.890276,1555,,,,takeoff,,yes,N;S,"{""free_flying:official"": ""yes"", ""free_flying:paragliding"": ""yes"", ""free_flying:site"": ""takeoff"", ""free_flying:site_orientation"": ""N;S""}",
way,1232954302,https://www.openstreetmap.org/way/1232954302,Compolibat,44.366992,2.205854,585,,,,takeoff,,yes,W;NW,"{""free_flying:official"": ""yes"", ""free_flying:paragliding"": ""yes"", ""free_flying:site"": ""takeoff"", ""free_flying:site_orientation"": ""W;NW""}",
way,1232970511,https://www.openstreetmap.org/way/1232970511,Courchevel - col de la loze,45.407542,6.603329,2404,,,,takeoff,,yes,NE;SE,"{""free_flying:official"": ""yes"", ""free_flying:paragliding"": ""yes"", ""free_flying:site"": ""takeoff"", ""free_flying:site_orientation"": ""NE;SE""}",
way,1232970625,https://www.openstreetmap.org/way/1232970625,Courchevel - mont jovet,45.485330,6.639137,2515,,,,takeoff,,yes,SE;S;SW;W,"{""free_flying:official"": ""no"", ""free_flying:paragliding"": ""yes"", ""free_flying:site"": ""takeoff"", ""free_flying:site_orientation"": ""SE;S;SW;W""}",
way,1232971292,https://www.openstreetmap.org/way/1232971292,Courchevel - tovets,45.418698,6.637123,1083,,,,takeoff,,yes,NE;E,"{""free_flying:official"": ""yes"", ""free_flying:paragliding"": ""yes"", ""free_flying:site"": ""takeoff"", ""free_flying:site_orientation"": ""NE;E""}",
way,1232974371,https://www.openstreetmap.org/way/1232974371,Cagnorina,44.097364,7.596848,1079,,,,takeoff,,yes,S,"{""free_flying:official"": ""yes"", ""free_flying:paragliding"": ""yes"", ""free_flying:site"": ""takeoff"", ""free_flying:site_orientation"": ""S""}",
way,1232987699,https://www.openstreetmap.org/way/1232987699,Chezy-sur-marne - nord-ouest,48.994277,3.390602,131,,,,takeoff,,yes,NW,"{""free_flying:official"": ""yes"", ""free_flying:paragliding"": ""yes"", ""free_flying:site"": ""takeoff"", ""free_flying:site_orientation"": ""NW""}",
way,1233000111,https://www.openstreetmap.org/way/1233000111,Pompignan claret,43.876927,3.857766,357,,,,takeoff,,yes,N;NE,"{""free_flying:official"": ""no"", ""free_flying:paragliding"": ""yes"", ""free_flying:site"": ""takeoff"", ""free_flying:site_orientation"": ""N;NE""}",
way,1233000495,https://www.openstreetmap.org/way/1233000495,Lozzi - alturaghja,42.356100,8.969079,1572,,,,takeoff,,yes,,"{""free_flying:official"": ""no"", ""free_flying:paragliding"": ""yes"", ""free_flying:site"": ""takeoff""}",
way,1233000927,https://www.openstreetmap.org/way/1233000927,Frencq,50.560542,1.665822,130,,,,takeoff,,yes,NE,"{""free_flying:official"": ""yes"", ""free_flying:paragliding"": ""yes"", ""free_flying:site"": ""takeoff"", ""free_flying:site_orientation"": ""NE""}",
way,1233001478,https://www.openstreetmap.org/way/1233001478,La cadiere d'azur - le cube - le defends,43.196964,5.736788,211,,,,takeoff,,yes,N;SW;W;NW,"{""free_flying:official"": ""yes"", ""free_flying:paragliding"": ""yes"", ""free_flying:site"": ""takeoff"", ""free_flying:site_orientation"": ""N;SW;W;NW""}",
way,1233080083,https://www.openstreetmap.org/way/1233080083,Le Grand Bec,49.391360,0.107661,18,,,,takeoff,,yes,NW,"{""free_flying:official"": ""yes"", ""free_flying:paragliding"": ""yes"", ""free_flying:site"": ""takeoff"", ""free_flying:site_orientation"": ""NW""}",
way,1233081420,https://www.openstreetmap.org/way/1233081420,Le mai - cap sicie - le plateau,43.055237,5.858585,180,,,,takeoff,,yes,E;SE,"{""free_flying:official"": ""yes"", ""free_flying:paragliding"": ""yes"", ""free_flying:site"": ""takeoff"", ""free_flying:site_orientation"": ""E;SE""}",
way,1233081550,https://www.openstreetmap.org/way/1233081550,Greolieres - 700,43.809938,6.958822,1504,,,,takeoff,,yes,SE;S;SW,"{""free_flying:official"": ""no"", ""free_flying:paragliding"": ""yes"", ""free_flying:site"": ""takeoff"", ""free_flying:site_orientation"": ""SE;S;SW""}",
way,1233081765,https://www.openstreetmap.org/way/1233081765,Greolieres - 300,43.800552,6.955827,990,,,,takeoff,,yes,SE;S;SW,"{""free_flying:official"": ""no"", ""free_flying:paragliding"": ""yes"", ""free_flying:site"": ""takeoff"", ""free_flying:site_orientation"": ""SE;S;SW""}",
way,1233081898,https://www.openstreetmap.org/way/1233081898,Greolieres - 1000 cheiron,43.816331,6.981998,1722,,,,takeoff,,yes,SE;S;SW,"{""free_flying:official"": ""no"", ""free_flying:paragliding"": ""yes"", ""free_flying:site"": ""takeoff"", ""free_flying:site_orientation"": ""SE;S;SW""}",
way,1233082634,https://www.openstreetmap.org/way/1233082634,Saint-Quinis,43.354189,6.120078,452,,,,takeoff,,yes,SE;S,"{""free_flying:official"": ""yes"", ""free_flying:paragliding"": ""yes"", ""free_flying:site"": ""takeoff"", ""free_flying:site_orientation"": ""SE;S""}",
way,1233087900,https://www.openstreetmap.org/way/1233087900,Bareges-tourmalet - col d'ayre,42.876857,0.070599,2234,,,,takeoff,,yes,W;NW;,"{""free_flying:official"": ""yes"", ""free_flying:paragliding"": ""yes"", ""free_flying:site"": ""takeoff"", ""free_flying:site_orientation"": ""W;NW;""}",
way,1233087989,https://www.openstreetmap.org/way/1233087989,Bareges-tourmalet,42.911138,0.143579,2207,,,,takeoff,,yes,W;,"{""free_flying:official"": ""yes"", ""free_flying:paragliding"": ""yes"", ""free_flying:site"": ""takeoff"", ""free_flying:site_orientation"": ""W;""}",
way,1233088057,https://www.openstreetmap.org/way/1233088057,Bareges-tourmalet - caoubere,42.901685,0.113578,1892,,,,takeoff,,yes,,"{""free_flying:official"": ""yes"", ""free_flying:paragliding"": ""yes"", ""free_flying:site"": ""takeoff""}",
way,1233088069,https://www.openstreetmap.org/way/1233088069,Bareges-tourmalet - bonida,42.919821,0.126607,2326,,,,takeoff,,yes,E;W;,"{""free_flying:official"": ""yes"", ""free_flying:paragliding"": ""yes"", ""free_flying:site"": ""takeoff"", ""free_flying:site_orientation"": ""E;W;""}",
way,1233088156,https://www.openstreetmap.org/way/1233088156,Bareges-tourmalet - arrouyes 2,42.912207,0.103728,1922,,,,takeoff,,yes,S;SW;,"{""free_flying:official"": ""yes"", ""free_flying:paragliding"": ""yes"", ""free_flying:site"": ""takeoff"", ""free_flying:site_orientation"": ""S;SW;""}",
way,1233088247,https://www.openstreetmap.org/way/1233088247,Bareges-tourmalet - arrouyes 3,42.914778,0.100247,2098,,,,takeoff,,yes,S;SW;,"{""free_flying:official"": ""yes"", ""free_flying:paragliding"": ""yes"", ""free_flying:site"": ""takeoff"", ""free_flying:site_orientation"": ""S;SW;""}",
way,1233088696,https://www.openstreetmap.org/way/1233088696,La clusaz - balme (hivers: 20 decembre au 30 avril),45.901154,6.494678,2296,,,,takeoff,,yes,N;W;NW,"{""free_flying:official"": ""yes"", ""free_flying:paragliding"": ""yes"", ""free_flying:site"": ""takeoff"", ""free_flying:site_orientation"": ""N;W;NW""}",
way,1233088838,https://www.openstreetmap.org/way/1233088838,Cret-du-merle - ouvert du 1/5 au 31/10,45.896831,6.439833,1473,,,,takeoff,,yes,N;W;NW,"{""free_flying:official"": ""yes"", ""free_flying:paragliding"": ""yes"", ""free_flying:site"": ""takeoff"", ""free_flying:site_orientation"": ""N;W;NW""}",
way,1233088902,https://www.openstreetmap.org/way/1233088902,La clusaz - aiguille des calvaires (ete),45.891292,6.462386,2035,,,,takeoff,,yes,N;W;NW,"{""free_flying:official"": ""yes"", ""free_flying:paragliding"": ""yes"", ""free_flying:site"": ""takeoff"", ""free_flying:site_orientation"": ""N;W;NW""}",
way,1233090560,https://www.openstreetmap.org/way/1233090560,La clusaz - cret du loup (ete 1er mai au 31 octobre),45.891226,6.451705,1831,,,,takeoff,,yes,N;W;NW,"{""free_flying:official"": ""yes"", ""free_flying:paragliding"": ""yes"", ""free_flying:site"": ""takeoff"", ""free_flying:site_orientation"": ""N;W;NW""}",
way,1233243843,https://www.openstreetmap.org/way/1233243843,Site de vol libre Cheynet,44.682504,4.614503,639,,,,takeoff,,yes,NE;E,"{""free_flying:official"": ""yes"", ""free_flying:paragliding"": ""yes"", ""free_flying:site"": ""takeoff"", ""free_flying:site_orientation"": ""NE;E""}",
way,1233246644,https://www.openstreetmap.org/way/1233246644,Soreze - berniquaut,43.442139,2.074022,498,,,,takeoff,,yes,N;NW,"{""free_flying:official"": ""yes"", ""free_flying:paragliding"": ""yes"", ""free_flying:site"": ""takeoff"", ""free_flying:site_orientation"": ""N;NW""}",
way,1233249306,https://www.openstreetmap.org/way/1233249306,Musan,44.989787,5.235691,1070,,,,takeoff,,yes,NE;E;SE,"{""free_flying:official"": ""yes"", ""free_flying:paragliding"": ""yes"", ""free_flying:site"": ""takeoff"", ""free_flying:site_orientation"": ""NE;E;SE""}",
way,1233254797,https://www.openstreetmap.org/way/1233254797,Fort de rosemont,47.221618,5.998988,450,,,,takeoff,,yes,SW,"{""free_flying:official"": ""yes"", ""free_flying:paragliding"": ""yes"", ""free_flying:site"": ""takeoff"", ""free_flying:site_orientation"": ""SW""}",
way,1233257837,https://www.openstreetmap.org/way/1233257837,La roquette,49.242724,1.329912,103,,,,takeoff,,yes,SE,"{""free_flying:official"": ""yes"", ""free_flying:paragliding"": ""yes"", ""free_flying:site"": ""takeoff"", ""free_flying:site_orientation"": ""SE""}",
way,1233258504,https://www.openstreetmap.org/way/1233258504,Ivry la bataille,48.889242,1.459107,125,,,,landing;takeoff,,yes,E,"{""free_flying:official"": ""yes"", ""free_flying:paragliding"": ""yes"", ""free_flying:site"": ""landing;takeoff"", ""free_flying:site_orientation"": ""E""}",
way,1233258762,https://www.openstreetmap.org/way/1233258762,Henouville - la-fontaine,49.479650,0.940494,89,,,,takeoff,,yes,SW,"{""free_flying:official"": ""yes"", ""free_flying:paragliding"": ""yes"", ""free_flying:site"": ""takeoff"", ""free_flying:site_orientation"": ""SW""}",
way,1233259315,https://www.openstreetmap.org/way/1233259315,Les andelys - mont pivin,49.249314,1.394191,145,,,,takeoff,,yes,SW,"{""free_flying:official"": ""yes"", ""free_flying:paragliding"": ""yes"", ""free_flying:site"": ""takeoff"", ""free_flying:site_orientation"": ""SW""}",
way,1233275042,https://www.openstreetmap.org/way/1233275042,Décollage FFVL de Planpraz - Brévent NE,45.938681,6.852158,1917,,,,takeoff,,yes,NE,"{""free_flying:official"": ""yes"", ""free_flying:paragliding"": ""yes"", ""free_flying:site"": ""takeoff"", ""free_flying:site_orientation"": ""NE""}",
way,1233275547,https://www.openstreetmap.org/way/1233275547,Chamonix - Plan de l'Aiguille NE,45.903381,6.883907,2237,,,,takeoff,,yes,NE,"{""free_flying:official"": ""yes"", ""free_flying:paragliding"": ""yes"", ""free_flying:site"": ""takeoff"", ""free_flying:site_orientation"": ""NE""}",
way,1233275911,https://www.openstreetmap.org/way/1233275911,Les houches - aiguillette - merlet,45.906554,6.812503,1691,,,,takeoff,,yes,S;SW,"{""free_flying:official"": ""yes"", ""free_flying:paragliding"": ""yes"", ""free_flying:site"": ""takeoff"", ""free_flying:site_orientation"": ""S;SW""}",
way,1233276385,https://www.openstreetmap.org/way/1233276385,Les houches - aiguillette - l'aiguillette,45.921275,6.805486,2179,,,,takeoff,,yes,S;,"{""free_flying:official"": ""yes"", ""free_flying:paragliding"": ""yes"", ""free_flying:site"": ""takeoff"", ""free_flying:site_orientation"": ""S;""}",
way,1233277002,https://www.openstreetmap.org/way/1233277002,Les houches - prarion Ouest,45.894473,6.750294,1923,,,,takeoff,,yes,W,"{""free_flying:official"": ""no"", ""free_flying:paragliding"": ""yes"", ""free_flying:site"": ""takeoff"", ""free_flying:site_orientation"": ""W""}",
way,1233277003,https://www.openstreetmap.org/way/1233277003,Les houches - prarion Ouest,45.895596,6.750350,1923,,,,takeoff,,yes,NE,"{""free_flying:official"": ""no"", ""free_flying:paragliding"": ""yes"", ""free_flying:site"": ""takeoff"", ""free_flying:site_orientation"": ""NE""}",
way,1233278416,https://www.openstreetmap.org/way/1233278416,Le menil - tete des renards,47.902735,6.804616,868,,,,takeoff,,yes,N;NE;SW;W;NW,"{""free_flying:official"": ""yes"", ""free_flying:paragliding"": ""yes"", ""free_flying:site"": ""takeoff"", ""free_flying:site_orientation"": ""N;NE;SW;W;NW""}",
way,1233279791,https://www.openstreetmap.org/way/1233279791,Tefarerii,-16.776204,-150.959587,33,,,,takeoff,,yes,E;SE,"{""free_flying:official"": ""yes"", ""free_flying:paragliding"": ""yes"", ""free_flying:site"": ""takeoff"", ""free_flying:site_orientation"": ""E;SE""}",
way,1233280369,https://www.openstreetmap.org/way/1233280369,Moua tapu - maeva,-16.707218,-150.994364,214,,,,takeoff,,yes,E;SE;S,"{""free_flying:official"": ""yes"", ""free_flying:paragliding"": ""yes"", ""free_flying:site"": ""takeoff"", ""free_flying:site_orientation"": ""E;SE;S""}",
way,1233280547,https://www.openstreetmap.org/way/1233280547,Haapu,-16.789819,-151.015867,177,,,,takeoff,,yes,SW;W,"{""free_flying:official"": ""no"", ""free_flying:paragliding"": ""yes"", ""free_flying:site"": ""takeoff"", ""free_flying:site_orientation"": ""SW;W""}",
way,1233281233,https://www.openstreetmap.org/way/1233281233,Tefarerii,-16.776300,-150.972529,103,,,,takeoff,,yes,N;NE,"{""free_flying:official"": ""yes"", ""free_flying:paragliding"": ""yes"", ""free_flying:site"": ""takeoff"", ""free_flying:site_orientation"": ""N;NE""}",
way,1233326718,https://www.openstreetmap.org/way/1233326718,Chatel - l'ortaz,46.283033,6.840033,1346,,,,takeoff,,yes,SW;,"{""free_flying:official"": ""yes"", ""free_flying:paragliding"": ""yes"", ""free_flying:site"": ""takeoff"", ""free_flying:site_orientation"": ""SW;""}",
way,1233327370,https://www.openstreetmap.org/way/1233327370,Abondance - mont grange,46.261776,6.780360,1865,,,,takeoff,,yes,SE;W;,"{""free_flying:official"": ""yes"", ""free_flying:paragliding"": ""yes"", ""free_flying:site"": ""takeoff"", ""free_flying:site_orientation"": ""SE;W;""}",
way,1233329620,https://www.openstreetmap.org/way/1233329620,Décollage FFVL La Chapelle d'Hermone,46.306859,6.518148,1290,,,,takeoff,,yes,N;NW,"{""free_flying:official"": ""yes"", ""free_flying:paragliding"": ""yes"", ""free_flying:site"": ""takeoff"", ""free_flying:site_orientation"": ""N;NW""}",
way,1233331415,https://www.openstreetmap.org/way/1233331415,Les houches - aiguillette - chailloud,45.915144,6.813278,2031,,,,takeoff,,yes,,"{""free_flying:official"": ""yes"", ""free_flying:paragliding"": ""yes"", ""free_flying:site"": ""takeoff""}",
way,1233347921,https://www.openstreetmap.org/way/1233347921,Courchevel - les pres,45.455921,6.657028,1574,,,,takeoff,,yes,SE;S;SW,"{""free_flying:official"": ""yes"", ""free_flying:paragliding"": ""yes"", ""free_flying:site"": ""takeoff"", ""free_flying:site_orientation"": ""SE;S;SW""}",
way,1233348831,https://www.openstreetmap.org/way/1233348831,Le serpaton intermedaire - ouest,44.912636,5.584837,1547,,,,takeoff,,yes,N;NW,"{""free_flying:official"": ""yes"", ""free_flying:paragliding"": ""yes"", ""free_flying:site"": ""takeoff"", ""free_flying:site_orientation"": ""N;NW""}",
way,1233359859,https://www.openstreetmap.org/way/1233359859,Le serpaton ouest 500,44.904625,5.589422,1677,,,,takeoff,,yes,W;NW,"{""free_flying:official"": ""yes"", ""free_flying:paragliding"": ""yes"", ""free_flying:site"": ""takeoff"", ""free_flying:site_orientation"": ""W;NW""}",
way,1233360354,https://www.openstreetmap.org/way/1233360354,Lans-en-vercors - la 7,45.104333,5.618778,1800,,,,takeoff,,yes,NW,"{""free_flying:official"": ""yes"", ""free_flying:paragliding"": ""yes"", ""free_flying:site"": ""takeoff"", ""free_flying:site_orientation"": ""NW""}",
way,1233360857,https://www.openstreetmap.org/way/1233360857,Les 2 alpes - le diable,44.996774,6.146840,2367,,,,takeoff,,yes,W;NW,"{""free_flying:official"": ""yes"", ""free_flying:paragliding"": ""yes"", ""free_flying:site"": ""takeoff"", ""free_flying:site_orientation"": ""W;NW""}",
way,1233363689,https://www.openstreetmap.org/way/1233363689,Saint hilaire du touvet - pravouta Nord,45.311645,5.835512,1740,,,,takeoff,,yes,N;,"{""free_flying:official"": ""yes"", ""free_flying:paragliding"": ""yes"", ""free_flying:site"": ""takeoff"", ""free_flying:site_orientation"": ""N;""}",
way,1233363690,https://www.openstreetmap.org/way/1233363690,Saint hilaire du touvet - pravouta SE,45.311132,5.835701,1740,,,,takeoff,,yes,SE,"{""free_flying:official"": ""yes"", ""free_flying:paragliding"": ""yes"", ""free_flying:site"": ""takeoff"", ""free_flying:site_orientation"": ""SE""}",
way,1233477462,https://www.openstreetmap.org/way/1233477462,Décollage de la Dent de Crolles,45.308894,5.854665,2040,,,,takeoff,,yes,S;SW,"{""free_flying:official"": ""yes"", ""free_flying:paragliding"": ""yes"", ""free_flying:site"": ""takeoff"", ""free_flying:site_orientation"": ""S;SW""}",
way,1233477502,https://www.openstreetmap.org/way/1233477502,Varces - plateau de saint ange,45.095986,5.647472,1024,,,,takeoff,,yes,N;,"{""free_flying:official"": ""yes"", ""free_flying:paragliding"": ""yes"", ""free_flying:site"": ""takeoff"", ""free_flying:site_orientation"": ""N;""}",
way,1233477529,https://www.openstreetmap.org/way/1233477529,Varces - pre du four,45.081588,5.632801,1239,,,,takeoff,,yes,E;SE;,"{""free_flying:official"": ""yes"", ""free_flying:paragliding"": ""yes"", ""free_flying:site"": ""takeoff"", ""free_flying:site_orientation"": ""E;SE;""}",
way,1233490402,https://www.openstreetmap.org/way/1233490402,Bourg-saint-maurice - cachette,45.582703,6.805141,2134,,,,takeoff,,yes,SW;W,"{""free_flying:official"": ""no"", ""free_flying:paragliding"": ""yes"", ""free_flying:site"": ""takeoff"", ""free_flying:site_orientation"": ""SW;W""}",
way,1233492508,https://www.openstreetmap.org/way/1233492508,Saint Sorlin,45.880048,5.398680,656,,,,takeoff,,yes,S;SW;W,"{""free_flying:official"": ""yes"", ""free_flying:paragliding"": ""yes"", ""free_flying:site"": ""takeoff"", ""free_flying:site_orientation"": ""S;SW;W""}",
way,1233864775,https://www.openstreetmap.org/way/1233864775,Piton rond,-21.154950,55.597757,1402,,,,takeoff,,yes,N,"{""free_flying:official"": ""yes"", ""free_flying:paragliding"": ""yes"", ""free_flying:site"": ""takeoff"", ""free_flying:site_orientation"": ""N""}",
way,1233868509,https://www.openstreetmap.org/way/1233868509,Contras - Sud,44.100170,5.714180,1317,,,,takeoff,,yes,SE;S;SW,"{""free_flying:official"": ""no"", ""free_flying:paragliding"": ""yes"", ""free_flying:site"": ""takeoff"", ""free_flying:site_orientation"": ""SE;S;SW""}",
way,1233868907,https://www.openstreetmap.org/way/1233868907,Montagne de ruy - ruy sud,44.504642,5.163909,1076,,,,takeoff,,yes,S;SW,"{""free_flying:official"": ""yes"", ""free_flying:paragliding"": ""yes"", ""free_flying:site"": ""takeoff"", ""free_flying:site_orientation"": ""S;SW""}",
way,1233886484,https://www.openstreetmap.org/way/1233886484,Jouy-sous-les-cotes - joselle,48.784182,5.680662,358,,,,takeoff,,yes,NE;E,"{""free_flying:official"": ""yes"", ""free_flying:paragliding"": ""yes"", ""free_flying:site"": ""takeoff"", ""free_flying:site_orientation"": ""NE;E""}",
way,1233887232,https://www.openstreetmap.org/way/1233887232,Saint gervais mont blanc - mont paccard,45.895321,6.727959,1256,,,,takeoff,,yes,NE;,"{""free_flying:official"": ""yes"", ""free_flying:paragliding"": ""yes"", ""free_flying:site"": ""takeoff"", ""free_flying:site_orientation"": ""NE;""}",
way,1233890641,https://www.openstreetmap.org/way/1233890641,Saint-Gervais Mont-Blanc - Mont d'Arbois,45.854868,6.669637,1938,,,,takeoff,,yes,NE;,"{""free_flying:official"": ""yes"", ""free_flying:paragliding"": ""yes"", ""free_flying:site"": ""takeoff"", ""free_flying:site_orientation"": ""NE;""}",
way,1233891357,https://www.openstreetmap.org/way/1233891357,La liouffe,45.838440,4.495228,709,,,,takeoff,,yes,N;NE,"{""free_flying:official"": ""yes"", ""free_flying:paragliding"": ""yes"", ""free_flying:site"": ""takeoff"", ""free_flying:site_orientation"": ""N;NE""}",
way,1233891830,https://www.openstreetmap.org/way/1233891830,Auteuil,49.330752,2.090882,210,,,,takeoff,,yes,N,"{""free_flying:official"": ""yes"", ""free_flying:paragliding"": ""yes"", ""free_flying:site"": ""takeoff"", ""free_flying:site_orientation"": ""N""}",
way,1235129949,https://www.openstreetmap.org/way/1235129949,Tirosgoutte - planois,47.981500,6.765242,844,,,,takeoff,,yes,NW,"{""free_flying:official"": ""yes"", ""free_flying:paragliding"": ""yes"", ""free_flying:site"": ""takeoff"", ""free_flying:site_orientation"": ""NW""}",
way,1235130387,https://www.openstreetmap.org/way/1235130387,Birout'ale - suaghjola,42.882975,9.345916,527,,,,takeoff,,yes,SW;W,"{""free_flying:official"": ""yes"", ""free_flying:paragliding"": ""yes"", ""free_flying:site"": ""takeoff"", ""free_flying:site_orientation"": ""SW;W""}",
way,1235130936,https://www.openstreetmap.org/way/1235130936,Le-mont-clairon,49.918912,2.731290,50,,,,takeoff,,yes,SW,"{""free_flying:official"": ""yes"", ""free_flying:paragliding"": ""yes"", ""free_flying:site"": ""takeoff"", ""free_flying:site_orientation"": ""SW""}",
way,1235135859,https://www.openstreetmap.org/way/1235135859,Prapoutel les 7 laux - la jasse,45.241605,6.013462,1990,,,,takeoff,,yes,W;,"{""free_flying:official"": ""yes"", ""free_flying:paragliding"": ""yes"", ""free_flying:site"": ""takeoff"", ""free_flying:site_orientation"": ""W;""}",
way,1235136133,https://www.openstreetmap.org/way/1235136133,Ons-en-bray - le-grand-larris,49.404879,1.897957,213,,,,takeoff,,yes,N;NE,"{""free_flying:official"": ""yes"", ""free_flying:paragliding"": ""yes"", ""free_flying:site"": ""takeoff"", ""free_flying:site_orientation"": ""N;NE""}",
way,1235137453,https://www.openstreetmap.org/way/1235137453,Louviers,49.212620,1.187329,94,,,,takeoff,,yes,SW,"{""free_flying:official"": ""yes"", ""free_flying:paragliding"": ""yes"", ""free_flying:site"": ""takeoff"", ""free_flying:site_orientation"": ""SW""}",
way,1235139973,https://www.openstreetmap.org/way/1235139973,Les angles - les pelerins,42.588564,2.029382,1974,,,,takeoff,,yes,,"{""free_flying:official"": ""yes"", ""free_flying:paragliding"": ""yes"", ""free_flying:site"": ""takeoff""}",
way,1235140690,https://www.openstreetmap.org/way/1235140690,Marnaves - Roc de Bartou,44.106384,1.885590,362,,,,takeoff,,yes,SE;S;SW,"{""free_flying:official"": ""yes"", ""free_flying:paragliding"": ""yes"", ""free_flying:site"": ""takeoff"", ""free_flying:site_orientation"": ""SE;S;SW""}",
way,1235140897,https://www.openstreetmap.org/way/1235140897,Ons-en-bray - saint-aubin-en-bray,49.408316,1.890994,201,,,,takeoff,,yes,N;NE,"{""free_flying:official"": ""yes"", ""free_flying:paragliding"": ""yes"", ""free_flying:site"": ""takeoff"", ""free_flying:site_orientation"": ""N;NE""}",
way,1235236454,https://www.openstreetmap.org/way/1235236454,Burdignes - grand-tony,45.249689,4.537286,1087,,,,takeoff,,yes,SE;S,"{""free_flying:official"": ""yes"", ""free_flying:paragliding"": ""yes"", ""free_flying:site"": ""takeoff"", ""free_flying:site_orientation"": ""SE;S""}",
way,1235236594,https://www.openstreetmap.org/way/1235236594,Batere - corsavy,42.504584,2.548352,1566,,,,takeoff,,yes,SE;S,"{""free_flying:official"": ""yes"", ""free_flying:paragliding"": ""yes"", ""free_flying:site"": ""takeoff"", ""free_flying:site_orientation"": ""SE;S""}",
way,1235294658,https://www.openstreetmap.org/way/1235294658,Décollage du Mollaret,45.394522,6.311996,1424,,,,takeoff,,yes,SE;S;SW,"{""free_flying:official"": ""no"", ""free_flying:paragliding"": ""yes"", ""free_flying:site"": ""takeoff"", ""free_flying:site_orientation"": ""SE;S;SW""}",
way,1235295850,https://www.openstreetmap.org/way/1235295850,Crozet - les deux potes,46.298794,5.983511,1513,,,,takeoff,,yes,NE;E;SE;S,"{""free_flying:official"": ""yes"", ""free_flying:paragliding"": ""yes"", ""free_flying:site"": ""takeoff"", ""free_flying:site_orientation"": ""NE;E;SE;S""}",
way,1235439371,https://www.openstreetmap.org/way/1235439371,Mijoux,46.366304,6.010594,1319,,,,takeoff,,yes,W;NW,"{""free_flying:official"": ""yes"", ""free_flying:paragliding"": ""yes"", ""free_flying:site"": ""takeoff"", ""free_flying:site_orientation"": ""W;NW""}",
way,1235451056,https://www.openstreetmap.org/way/1235451056,Le chanay,45.942963,5.511672,952,,,,takeoff,,yes,SE;S,"{""free_flying:official"": ""yes"", ""free_flying:paragliding"": ""yes"", ""free_flying:site"": ""takeoff"", ""free_flying:site_orientation"": ""SE;S""}",
way,1235461231,https://www.openstreetmap.org/way/1235461231,Bois baron,16.356501,-61.392346,55,,,,takeoff,,yes,E,"{""free_flying:official"": ""yes"", ""free_flying:paragliding"": ""yes"", ""free_flying:site"": ""takeoff"", ""free_flying:site_orientation"": ""E""}",
way,1235461321,https://www.openstreetmap.org/way/1235461321,Le-mont-dore - telepherique,45.532536,2.813839,1733,,,,takeoff,,yes,NE;E,"{""free_flying:official"": ""no"", ""free_flying:paragliding"": ""yes"", ""free_flying:site"": ""takeoff"", ""free_flying:site_orientation"": ""NE;E""}",
way,1235461429,https://www.openstreetmap.org/way/1235461429,Le-puy-gros,45.598552,2.789701,1485,,,,takeoff,,yes,E;SE;S;SW;W,"{""free_flying:official"": ""no"", ""free_flying:paragliding"": ""yes"", ""free_flying:site"": ""takeoff"", ""free_flying:site_orientation"": ""E;SE;S;SW;W""}",
way,1235461565,https://www.openstreetmap.org/way/1235461565,Le-mont-dore - puy-de-cliergue,45.545013,2.801532,1672,,,,takeoff,,yes,NE;E;W,"{""free_flying:official"": ""no"", ""free_flying:paragliding"": ""yes"", ""free_flying:site"": ""takeoff"", ""free_flying:site_orientation"": ""NE;E;W""}",
way,1235461589,https://www.openstreetmap.org/way/1235461589,Le-mont-dore - roc-de-cuzeau,45.549737,2.830889,1729,,,,takeoff,,yes,N;NE;E,"{""free_flying:official"": ""no"", ""free_flying:paragliding"": ""yes"", ""free_flying:site"": ""takeoff"", ""free_flying:site_orientation"": ""N;NE;E""}",
way,1235463674,https://www.openstreetmap.org/way/1235463674,Le-mont-dore - puy-de-cacadogne,45.536697,2.828462,1785,,,,takeoff,,yes,W;NW,"{""free_flying:official"": ""no"", ""free_flying:paragliding"": ""yes"", ""free_flying:site"": ""takeoff"", ""free_flying:site_orientation"": ""W;NW""}",
way,1235463709,https://www.openstreetmap.org/way/1235463709,Trossagne,45.519134,2.984166,1100,,,,takeoff,,yes,N;NE;E;NW,"{""free_flying:official"": ""yes"", ""free_flying:paragliding"": ""yes"", ""free_flying:site"": ""takeoff"", ""free_flying:site_orientation"": ""N;NE;E;NW""}",
way,1235463836,https://www.openstreetmap.org/way/1235463836,Puy-de-l'angle,45.572838,2.839856,1730,,,,takeoff,,yes,E;SE;S;SW;W,"{""free_flying:official"": ""no"", ""free_flying:paragliding"": ""yes"", ""free_flying:site"": ""takeoff"", ""free_flying:site_orientation"": ""E;SE;S;SW;W""}",
way,1235463889,https://www.openstreetmap.org/way/1235463889,Puy-de-mareuilh,45.569355,2.828660,1560,,,,takeoff,,yes,W;NW,"{""free_flying:official"": ""yes"", ""free_flying:paragliding"": ""yes"", ""free_flying:site"": ""takeoff"", ""free_flying:site_orientation"": ""W;NW""}",
way,1235464279,https://www.openstreetmap.org/way/1235464279,Puy-de-l'ouire,45.628756,2.831306,1505,,,,takeoff,,yes,N;W;NW,"{""free_flying:official"": ""no"", ""free_flying:paragliding"": ""yes"", ""free_flying:site"": ""takeoff"", ""free_flying:site_orientation"": ""N;W;NW""}",
way,1235465551,https://www.openstreetmap.org/way/1235465551,Puy de la tache,45.592009,2.845600,1630,,,,takeoff,,yes,N;NE;E;SE;NW,"{""free_flying:official"": ""yes"", ""free_flying:paragliding"": ""yes"", ""free_flying:site"": ""takeoff"", ""free_flying:site_orientation"": ""N;NE;E;SE;NW""}",
way,1235465673,https://www.openstreetmap.org/way/1235465673,La montagne de la plate,45.533493,2.867414,1534,,,,takeoff,,yes,N;NE;NW,"{""free_flying:official"": ""no"", ""free_flying:paragliding"": ""yes"", ""free_flying:site"": ""takeoff"", ""free_flying:site_orientation"": ""N;NE;NW""}",
way,1235469990,https://www.openstreetmap.org/way/1235469990,Saujac,44.487476,1.891753,299,,,,takeoff,,yes,W;NW,"{""free_flying:official"": ""yes"", ""free_flying:paragliding"": ""yes"", ""free_flying:site"": ""takeoff"", ""free_flying:site_orientation"": ""W;NW""}",
way,1235472615,https://www.openstreetmap.org/way/1235472615,Falaise de meloisey,47.038419,4.723009,558,,,,takeoff,,yes,SE,"{""free_flying:official"": ""yes"", ""free_flying:paragliding"": ""yes"", ""free_flying:site"": ""takeoff"", ""free_flying:site_orientation"": ""SE""}",
way,1235472917,https://www.openstreetmap.org/way/1235472917,,46.962585,4.623690,508,,,,takeoff,,yes,S;,"{""free_flying:official"": ""yes"", ""free_flying:paragliding"": ""yes"", ""free_flying:site"": ""takeoff"", ""free_flying:site_orientation"": ""S;""}",
way,1235473317,https://www.openstreetmap.org/way/1235473317,Aire de décollage Picon Roquefort,43.159657,0.990244,499,,,,takeoff,,yes,W,"{""free_flying:official"": ""yes"", ""free_flying:paragliding"": ""yes"", ""free_flying:site"": ""takeoff"", ""free_flying:site_orientation"": ""W""}",
way,1235623255,https://www.openstreetmap.org/way/1235623255,La sotiere,48.039475,6.781730,916,,,,takeoff,,yes,SE;S;SW,"{""free_flying:official"": ""yes"", ""free_flying:paragliding"": ""yes"", ""free_flying:site"": ""takeoff"", ""free_flying:site_orientation"": ""SE;S;SW""}",
way,1235626159,https://www.openstreetmap.org/way/1235626159,Pic lumiere - pla d'adet,42.813896,0.299456,1650,,,,takeoff,,yes,N;NE;NW,"{""free_flying:official"": ""yes"", ""free_flying:paragliding"": ""yes"", ""free_flying:site"": ""takeoff"", ""free_flying:site_orientation"": ""N;NE;NW""}",
way,1235626981,https://www.openstreetmap.org/way/1235626981,Athie,47.573329,4.272432,382,,,,takeoff,,yes,W,"{""free_flying:official"": ""yes"", ""free_flying:paragliding"": ""yes"", ""free_flying:site"": ""takeoff"", ""free_flying:site_orientation"": ""W""}",
way,1235628101,https://www.openstreetmap.org/way/1235628101,Hermonville - moto cross les rougemonts,49.340896,3.893825,187,,,,takeoff;landing,,yes,SE;S;,"{""free_flying:official"": ""yes"", ""free_flying:paragliding"": ""yes"", ""free_flying:site"": ""takeoff;landing"", ""free_flying:site_orientation"": ""SE;S;""}",
way,1235628901,https://www.openstreetmap.org/way/1235628901,Site de vol libre Croix de Boutières,44.899094,4.186306,1503,,,,takeoff,,yes,E;SE,"{""free_flying:official"": ""yes"", ""free_flying:paragliding"": ""yes"", ""free_flying:site"": ""takeoff"", ""free_flying:site_orientation"": ""E;SE""}",
way,1235638522,https://www.openstreetmap.org/way/1235638522,Sorède - Puig Alt,42.514895,2.973259,489,,,,takeoff,,yes,W;NW;N,"{""free_flying:official"": ""yes"", ""free_flying:paragliding"": ""yes"", ""free_flying:site"": ""takeoff""}",
way,1235642470,https://www.openstreetmap.org/way/1235642470,Mourtis - le tuc de pan,42.898304,0.754487,1690,,,,takeoff,,yes,N;SE;S;SW,"{""free_flying:official"": ""no"", ""free_flying:paragliding"": ""yes"", ""free_flying:site"": ""takeoff"", ""free_flying:site_orientation"": ""N;SE;S;SW""}",
way,1235644051,https://www.openstreetmap.org/way/1235644051,Chapelle santa brigida - a punta,42.241578,9.441176,532,,,,takeoff,,yes,NE,"{""free_flying:official"": ""yes"", ""free_flying:paragliding"": ""yes"", ""free_flying:site"": ""takeoff"", ""free_flying:site_orientation"": ""NE""}",
way,1235644052,https://www.openstreetmap.org/way/1235644052,Chapelle santa brigida - a punta,42.241040,9.441658,532,,,,takeoff,,yes,E,"{""free_flying:official"": ""yes"", ""free_flying:paragliding"": ""yes"", ""free_flying:site"": ""takeoff"", ""free_flying:site_orientation"": ""E""}",
way,1235644053,https://www.openstreetmap.org/way/1235644053,Chapelle santa brigida - a punta,42.240883,9.441493,532,,,,takeoff,,yes,SE,"{""free_flying:official"": ""yes"", ""free_flying:paragliding"": ""yes"", ""free_flying:site"": ""takeoff"", ""free_flying:site_orientation"": ""SE""}",
way,1235644348,https://www.openstreetmap.org/way/1235644348,Decollo Val D'Ultimo,46.540384,10.904571,,,,,takeoff,,yes,"S,SW,SE","{""free_flying:paragliding"": ""yes"", ""free_flying:site"": ""takeoff"", ""free_flying:site_orientation"": ""S,SW,SE""}",
way,1235775899,https://www.openstreetmap.org/way/1235775899,Aiguines le puits,43.769506,6.253531,916,,,,takeoff,,yes,SW,"{""free_flying:official"": ""yes"", ""free_flying:paragliding"": ""yes"", ""free_flying:site"": ""takeoff"", ""free_flying:site_orientation"": ""SW""}",
way,1235776203,https://www.openstreetmap.org/way/1235776203,Camelas - saint martin,42.624738,2.680884,485,,,,takeoff,,yes,NW;N;,"{""free_flying:official"": ""yes"", ""free_flying:paragliding"": ""yes"", ""free_flying:site"": ""takeoff"", ""free_flying:site_orientation"": ""NW;N;""}",
way,1236675300,https://www.openstreetmap.org/way/1236675300,Phare-de-l'ailly,49.917543,0.959240,79,,,,takeoff,,yes,N;NW,"{""free_flying:official"": ""yes"", ""free_flying:paragliding"": ""yes"", ""free_flying:site"": ""takeoff"", ""free_flying:site_orientation"": ""N;NW""}",
way,1236675759,https://www.openstreetmap.org/way/1236675759,Les-cheminets,49.808430,1.260083,130,,,,takeoff,,yes,N;NE;NW,"{""free_flying:official"": ""yes"", ""free_flying:paragliding"": ""yes"", ""free_flying:site"": ""takeoff"", ""free_flying:site_orientation"": ""N;NE;NW""}",
way,1236677212,https://www.openstreetmap.org/way/1236677212,Décollage de la Crete d'Esplas,42.743337,1.520404,1734,,,,takeoff,,yes,N;NE;E;SW;NW,"{""free_flying:official"": ""yes"", ""free_flying:paragliding"": ""yes"", ""free_flying:site"": ""takeoff"", ""free_flying:site_orientation"": ""N;NE;E;SW;NW""}",
way,1236677466,https://www.openstreetmap.org/way/1236677466,Vicdessos - décollage orus,42.788748,1.506174,1412,,,,takeoff,,yes,S;SW,"{""free_flying:official"": ""yes"", ""free_flying:paragliding"": ""yes"", ""free_flying:site"": ""takeoff"", ""free_flying:site_orientation"": ""S;SW""}",
way,1237875289,https://www.openstreetmap.org/way/1237875289,Roquefeuil - pic du midi nord,42.811858,1.993540,1117,,,,takeoff,,yes,N,"{""free_flying:official"": ""yes"", ""free_flying:paragliding"": ""yes"", ""free_flying:site"": ""takeoff"", ""free_flying:site_orientation"": ""N""}",
way,1237877475,https://www.openstreetmap.org/way/1237877475,Saint hilaire du rorota - montagne du mahury,4.887251,-52.250556,89,,,,takeoff,,yes,NE;E;SE;,"{""free_flying:official"": ""yes"", ""free_flying:paragliding"": ""yes"", ""free_flying:site"": ""takeoff"", ""free_flying:site_orientation"": ""NE;E;SE;""}",
way,1237878401,https://www.openstreetmap.org/way/1237878401,Mont pejus,46.595862,4.639406,286,,,,takeoff,,yes,SE;S,"{""free_flying:official"": ""yes"", ""free_flying:paragliding"": ""yes"", ""free_flying:site"": ""takeoff"", ""free_flying:site_orientation"": ""SE;S""}",
way,1237880215,https://www.openstreetmap.org/way/1237880215,Roquefeuil - pech est,42.821272,1.987601,1132,,,,takeoff,,yes,SE,"{""free_flying:official"": ""yes"", ""free_flying:paragliding"": ""yes"", ""free_flying:site"": ""takeoff"", ""free_flying:site_orientation"": ""SE""}",
way,1237880255,https://www.openstreetmap.org/way/1237880255,Château de Peyrepertuse,42.869474,2.559838,565,,,,takeoff,,yes,E;SE;S,"{""free_flying:official"": ""yes"", ""free_flying:paragliding"": ""yes"", ""free_flying:site"": ""takeoff"", ""free_flying:site_orientation"": ""E;SE;S""}",
way,1237881949,https://www.openstreetmap.org/way/1237881949,Teghime - monti-rossi,42.672447,9.375183,596,,,,takeoff,,yes,SW;W;NW,"{""free_flying:official"": ""yes"", ""free_flying:paragliding"": ""yes"", ""free_flying:site"": ""takeoff"", ""free_flying:site_orientation"": ""SW;W;NW""}",
way,1237882715,https://www.openstreetmap.org/way/1237882715,Grand chassaigne,46.394769,4.719379,472,,,,takeoff,,yes,E,"{""free_flying:official"": ""yes"", ""free_flying:paragliding"": ""yes"", ""free_flying:site"": ""takeoff"", ""free_flying:site_orientation"": ""E""}",
way,1237883887,https://www.openstreetmap.org/way/1237883887,La sainte victoire - pas du dinosaure,43.531391,5.566800,516,,,,takeoff,,yes,SW;W,"{""free_flying:official"": ""yes"", ""free_flying:paragliding"": ""yes"", ""free_flying:site"": ""takeoff"", ""free_flying:site_orientation"": ""SW;W""}",
way,1237884050,https://www.openstreetmap.org/way/1237884050,Décollage de l'Escalette,43.536090,5.569448,704,,,,takeoff,,yes,SW;W,"{""free_flying:official"": ""yes"", ""free_flying:paragliding"": ""yes"", ""free_flying:site"": ""takeoff"", ""free_flying:site_orientation"": ""SW;W""}",
way,1237885001,https://www.openstreetmap.org/way/1237885001,Le billot,48.965511,0.070972,179,,,,takeoff,,yes,SW,"{""free_flying:official"": ""yes"", ""free_flying:paragliding"": ""yes"", ""free_flying:site"": ""takeoff"", ""free_flying:site_orientation"": ""SW""}",
way,1237893141,https://www.openstreetmap.org/way/1237893141,Cerbere pic galline,42.451450,3.149553,333,,,,takeoff,,yes,NE;SE;S;,"{""free_flying:official"": ""yes"", ""free_flying:paragliding"": ""yes"", ""free_flying:site"": ""takeoff"", ""free_flying:site_orientation"": ""NE;SE;S;""}",
way,1237893312,https://www.openstreetmap.org/way/1237893312,Les-Roches-de-Ham,49.026664,-1.041292,98,,,,takeoff,,yes,S;SW,"{""free_flying:official"": ""yes"", ""free_flying:paragliding"": ""yes"", ""free_flying:site"": ""takeoff"", ""free_flying:site_orientation"": ""S;SW""}",
way,1237893459,https://www.openstreetmap.org/way/1237893459,Cerbere - pic de joan - sud est,42.453186,3.135621,450,,,,takeoff,,yes,SE;S,"{""free_flying:official"": ""yes"", ""free_flying:paragliding"": ""yes"", ""free_flying:site"": ""takeoff"", ""free_flying:site_orientation"": ""SE;S""}",
way,1237893900,https://www.openstreetmap.org/way/1237893900,Dardon nord-ouest,46.677531,4.036061,490,,,,takeoff,,yes,NW,"{""free_flying:official"": ""yes"", ""free_flying:paragliding"": ""yes"", ""free_flying:site"": ""takeoff"", ""free_flying:site_orientation"": ""NW""}",
way,1237894391,https://www.openstreetmap.org/way/1237894391,San-bastiano,42.021051,8.755121,680,,,,takeoff,,yes,,"{""free_flying:official"": ""no"", ""free_flying:paragliding"": ""yes"", ""free_flying:site"": ""takeoff""}",
way,1238089317,https://www.openstreetmap.org/way/1238089317,,51.324171,21.909602,,,,,takeoff,,yes,,"{""free_flying:official"": ""no"", ""free_flying:paragliding"": ""yes"", ""free_flying:site"": ""takeoff""}",
way,1238113978,https://www.openstreetmap.org/way/1238113978,Autrans bellecombe,45.175038,5.577961,1567,,,,takeoff,,yes,S;SW,"{""free_flying:official"": ""yes"", ""free_flying:paragliding"": ""yes"", ""free_flying:site"": ""takeoff"", ""free_flying:site_orientation"": ""S;SW""}",
way,1238114838,https://www.openstreetmap.org/way/1238114838,Laffrey - les fauries,45.036342,5.783490,988,,,,takeoff,,yes,N;W;NW,"{""free_flying:official"": ""yes"", ""free_flying:paragliding"": ""yes"", ""free_flying:site"": ""takeoff"", ""free_flying:site_orientation"": ""N;W;NW""}",
way,1238115293,https://www.openstreetmap.org/way/1238115293,Vizzavona,42.103388,9.106764,1107,,,,takeoff,,yes,SW,"{""free_flying:official"": ""no"", ""free_flying:paragliding"": ""yes"", ""free_flying:site"": ""takeoff"", ""free_flying:site_orientation"": ""SW""}",
way,1238115631,https://www.openstreetmap.org/way/1238115631,Punta-isa,42.041442,9.020978,1624,,,,takeoff,,yes,,"{""free_flying:official"": ""no"", ""free_flying:paragliding"": ""yes"", ""free_flying:site"": ""takeoff""}",
way,1238115687,https://www.openstreetmap.org/way/1238115687,Salvi,42.552484,8.863015,479,,,,takeoff,,yes,,"{""free_flying:official"": ""no"", ""free_flying:paragliding"": ""yes"", ""free_flying:site"": ""takeoff""}",
way,1238116027,https://www.openstreetmap.org/way/1238116027,Garlaban - sud,43.330768,5.554787,580,,,,takeoff,,yes,E;SE;S,"{""free_flying:official"": ""yes"", ""free_flying:paragliding"": ""yes"", ""free_flying:site"": ""takeoff"", ""free_flying:site_orientation"": ""E;SE;S""}",
way,1238116993,https://www.openstreetmap.org/way/1238116993,Garlaban - sud est,43.330860,5.555655,575,,,,takeoff,,yes,SE;,"{""free_flying:official"": ""yes"", ""free_flying:paragliding"": ""yes"", ""free_flying:site"": ""takeoff"", ""free_flying:site_orientation"": ""SE;""}",
way,1238117117,https://www.openstreetmap.org/way/1238117117,Garlaban - est,43.330881,5.556281,564,,,,takeoff,,yes,E;,"{""free_flying:official"": ""yes"", ""free_flying:paragliding"": ""yes"", ""free_flying:site"": ""takeoff"", ""free_flying:site_orientation"": ""E;""}",
way,1238123037,https://www.openstreetmap.org/way/1238123037,Falaise de saint romain,46.998119,4.697422,525,,,,takeoff,,yes,NE;E,"{""free_flying:official"": ""yes"", ""free_flying:paragliding"": ""yes"", ""free_flying:site"": ""takeoff"", ""free_flying:site_orientation"": ""NE;E""}",
way,1238123351,https://www.openstreetmap.org/way/1238123351,Saint hippolyte le graveyron,44.132588,5.076170,410,,,,takeoff,,yes,S,"{""free_flying:official"": ""yes"", ""free_flying:paragliding"": ""yes"", ""free_flying:site"": ""takeoff"", ""free_flying:site_orientation"": ""S""}",
way,1238124454,https://www.openstreetmap.org/way/1238124454,Saint amand nord - col nord,44.186221,5.068217,685,,,,takeoff,,yes,N;NW;,"{""free_flying:official"": ""yes"", ""free_flying:paragliding"": ""yes"", ""free_flying:site"": ""takeoff"", ""free_flying:site_orientation"": ""N;NW;""}",
way,1238124945,https://www.openstreetmap.org/way/1238124945,Cerbere - pic de joan - est,42.454634,3.136343,431,,,,takeoff,,yes,NE;E,"{""free_flying:official"": ""yes"", ""free_flying:paragliding"": ""yes"", ""free_flying:site"": ""takeoff"", ""free_flying:site_orientation"": ""NE;E""}",
way,1238125954,https://www.openstreetmap.org/way/1238125954,Vallee d'oo - du 600,42.799635,0.490088,1471,,,,takeoff,,yes,E;SE,"{""free_flying:official"": ""yes"", ""free_flying:paragliding"": ""yes"", ""free_flying:site"": ""takeoff"", ""free_flying:site_orientation"": ""E;SE""}",
way,1238126976,https://www.openstreetmap.org/way/1238126976,Les contamines montjoie - la kouzna,45.787159,6.696252,1859,,,,takeoff,,yes,NE;E;SE,"{""free_flying:official"": ""yes"", ""free_flying:paragliding"": ""yes"", ""free_flying:site"": ""takeoff"", ""free_flying:site_orientation"": ""NE;E;SE""}",
way,1238127633,https://www.openstreetmap.org/way/1238127633,Puech de dolgue,43.838722,3.901473,261,,,,takeoff,,yes,SE;S,"{""free_flying:official"": ""yes"", ""free_flying:paragliding"": ""yes"", ""free_flying:site"": ""takeoff"", ""free_flying:site_orientation"": ""SE;S""}",
way,1238244353,https://www.openstreetmap.org/way/1238244353,Echevannes - longeville,47.056796,6.215584,707,,,,takeoff,,yes,NE,"{""free_flying:official"": ""yes"", ""free_flying:paragliding"": ""yes"", ""free_flying:site"": ""takeoff"", ""free_flying:site_orientation"": ""NE""}",
way,1238276086,https://www.openstreetmap.org/way/1238276086,Pointe piazza - escalette ouest,43.220095,5.354328,178,,,,takeoff,,yes,W,"{""free_flying:official"": ""yes"", ""free_flying:paragliding"": ""yes"", ""free_flying:site"": ""takeoff"", ""free_flying:site_orientation"": ""W""}",
way,1238309050,https://www.openstreetmap.org/way/1238309050,Pointe piazza - escalette nord,43.221187,5.354288,192,,,,takeoff,,yes,N;W;NW,"{""free_flying:official"": ""yes"", ""free_flying:paragliding"": ""yes"", ""free_flying:site"": ""takeoff"", ""free_flying:site_orientation"": ""N;W;NW""}",
way,1238309828,https://www.openstreetmap.org/way/1238309828,Pointe piazza - escalette sud,43.221021,5.356907,237,,,,takeoff,,yes,S,"{""free_flying:official"": ""yes"", ""free_flying:paragliding"": ""yes"", ""free_flying:site"": ""takeoff"", ""free_flying:site_orientation"": ""S""}",
way,1238316340,https://www.openstreetmap.org/way/1238316340,Dienne embec,45.161192,2.771329,1427,,,,takeoff,,yes,NE;E;SE,"{""free_flying:official"": ""yes"", ""free_flying:paragliding"": ""yes"", ""free_flying:site"": ""takeoff"", ""free_flying:site_orientation"": ""NE;E;SE""}",
way,1238323762,https://www.openstreetmap.org/way/1238323762,Amfreville - roche bardin,49.301846,1.264187,113,,,,takeoff,,yes,SW;W,"{""free_flying:official"": ""yes"", ""free_flying:paragliding"": ""yes"", ""free_flying:site"": ""takeoff"", ""free_flying:site_orientation"": ""SW;W""}",
way,1238324386,https://www.openstreetmap.org/way/1238324386,Mont poupet - sud-est,46.965557,5.886898,766,,,,takeoff,,yes,SE;,"{""free_flying:official"": ""yes"", ""free_flying:paragliding"": ""yes"", ""free_flying:site"": ""takeoff"", ""free_flying:site_orientation"": ""SE;""}",
way,1238326850,https://www.openstreetmap.org/way/1238326850,Mont poupet - est,46.971318,5.890678,806,,,,takeoff,,yes,E;,"{""free_flying:official"": ""yes"", ""free_flying:paragliding"": ""yes"", ""free_flying:site"": ""takeoff"", ""free_flying:site_orientation"": ""E;""}",
way,1238332916,https://www.openstreetmap.org/way/1238332916,Puivert,42.892063,2.067394,596,,,,takeoff,,yes,N;NW,"{""free_flying:official"": ""yes"", ""free_flying:paragliding"": ""yes"", ""free_flying:site"": ""takeoff"", ""free_flying:site_orientation"": ""N;NW""}",
way,1238338480,https://www.openstreetmap.org/way/1238338480,Clucy - cote belin,46.946349,5.895009,681,,,,takeoff,,yes,NW,"{""free_flying:official"": ""no"", ""free_flying:paragliding"": ""yes"", ""free_flying:site"": ""takeoff"", ""free_flying:site_orientation"": ""NW""}",
way,1238405762,https://www.openstreetmap.org/way/1238405762,Saint-francois-longchamp - telesiege de la lauziere,45.443992,6.358967,2516,,,,takeoff,,yes,N;NE;E;SE;S;SW,"{""free_flying:official"": ""yes"", ""free_flying:paragliding"": ""yes"", ""free_flying:site"": ""takeoff"", ""free_flying:site_orientation"": ""N;NE;E;SE;S;SW""}",
way,1238407069,https://www.openstreetmap.org/way/1238407069,Alpe d'huez - bourg d'oisans - 2700,45.119743,6.103003,2612,,,,takeoff,,yes,N;W;NW,"{""free_flying:official"": ""yes"", ""free_flying:paragliding"": ""yes"", ""free_flying:site"": ""takeoff"", ""free_flying:site_orientation"": ""N;W;NW""}",
way,1238407655,https://www.openstreetmap.org/way/1238407655,Balaives,49.685053,4.730151,276,,,,takeoff,,yes,N;NW,"{""free_flying:official"": ""yes"", ""free_flying:paragliding"": ""yes"", ""free_flying:site"": ""takeoff"", ""free_flying:site_orientation"": ""N;NW""}",
way,1238407976,https://www.openstreetmap.org/way/1238407976,Rocher-de-laqueuille,45.148183,2.790545,1250,,,,takeoff,,yes,W,"{""free_flying:official"": ""yes"", ""free_flying:paragliding"": ""yes"", ""free_flying:site"": ""takeoff"", ""free_flying:site_orientation"": ""W""}",
way,1238410418,https://www.openstreetmap.org/way/1238410418,Décollage du Prorel - Croix de la Nore,44.901882,6.587197,2383,,,,takeoff,,yes,N;NE;E;SE;S;SW,"{""free_flying:official"": ""yes"", ""free_flying:paragliding"": ""yes"", ""free_flying:site"": ""takeoff"", ""free_flying:site_orientation"": ""N;NE;E;SE;S;SW""}",
way,1238410554,https://www.openstreetmap.org/way/1238410554,Rochebonne - champsac,44.946970,4.408129,989,,,,takeoff,,yes,SW,"{""free_flying:official"": ""yes"", ""free_flying:paragliding"": ""yes"", ""free_flying:site"": ""takeoff"", ""free_flying:site_orientation"": ""SW""}",
way,1238412695,https://www.openstreetmap.org/way/1238412695,Montherme - la longue roche,49.889201,4.725433,357,,,,takeoff,,yes,SE;S,"{""free_flying:official"": ""yes"", ""free_flying:paragliding"": ""yes"", ""free_flying:site"": ""takeoff"", ""free_flying:site_orientation"": ""SE;S""}",
way,1238412939,https://www.openstreetmap.org/way/1238412939,Montagne d'oule sud-est,44.509698,5.832982,1500,,,,takeoff,,yes,E;SE;S,"{""free_flying:official"": ""no"", ""free_flying:paragliding"": ""yes"", ""free_flying:site"": ""takeoff"", ""free_flying:site_orientation"": ""E;SE;S""}",
way,1238416424,https://www.openstreetmap.org/way/1238416424,Montagne de Bluye Nord,44.230536,5.227834,,,,,takeoff,,yes,N,"{""free_flying:official"": ""no"", ""free_flying:paragliding"": ""yes"", ""free_flying:site"": ""takeoff"", ""free_flying:site_orientation"": ""N""}",
way,1238526008,https://www.openstreetmap.org/way/1238526008,Déco du crêt blanc,46.645438,6.346221,1380,,,,takeoff,,yes,O,"{""free_flying:official"": ""no"", ""free_flying:paragliding"": ""yes"", ""free_flying:site"": ""takeoff"", ""free_flying:site_orientation"": ""O""}",
way,1252886854,https://www.openstreetmap.org/way/1252886854,,47.577757,15.224457,,,,,takeoff,,yes,,"{""free_flying:paragliding"": ""yes"", ""free_flying:site"": ""takeoff""}",
way,1253505558,https://www.openstreetmap.org/way/1253505558,Graitery,47.256653,7.375099,,,,,takeoff,,yes,N;NE,"{""free_flying:paragliding"": ""yes"", ""free_flying:site"": ""takeoff"", ""free_flying:site_orientation"": ""N;NE""}",
way,1283664353,https://www.openstreetmap.org/way/1283664353,Rissas,44.195841,5.167664,530,,,,takeoff,no,yes,SW;S,"{""free_flying:hanggliding"": ""no"", ""free_flying:official"": ""yes"", ""free_flying:paragliding"": ""yes"", ""free_flying:site"": ""takeoff"", ""free_flying:site_orientation"": ""SW;S""}",
way,1283664354,https://www.openstreetmap.org/way/1283664354,Rissas atérro,44.192596,5.164355,380,,,,takeoff,no,yes,SW;S,"{""free_flying:hanggliding"": ""no"", ""free_flying:official"": ""yes"", ""free_flying:paragliding"": ""yes"", ""free_flying:site"": ""takeoff"", ""free_flying:site_orientation"": ""SW;S""}",
way,1287730764,https://www.openstreetmap.org/way/1287730764,,10.599926,-66.841119,,,,,takeoff,,yes,,"{""free_flying:paragliding"": ""yes"", ""free_flying:site"": ""takeoff""}",
way,1288360721,https://www.openstreetmap.org/way/1288360721,Takeoff 680,36.576286,31.970975,,,,,takeoff,,yes,S,"{""free_flying:paragliding"": ""yes"", ""free_flying:site"": ""takeoff"", ""free_flying:site_orientation"": ""S""}",
way,1290411583,https://www.openstreetmap.org/way/1290411583,,46.733532,11.227556,,,,,takeoff,,yes,W,"{""free_flying:official"": ""yes"", ""free_flying:paragliding"": ""yes"", ""free_flying:site"": ""takeoff"", ""free_flying:site_orientation"": ""W""}",
way,1290411584,https://www.openstreetmap.org/way/1290411584,,46.736321,11.250168,,,,,takeoff,,yes,W;SW;S,"{""free_flying:official"": ""yes"", ""free_flying:paragliding"": ""yes"", ""free_flying:site"": ""takeoff"", ""free_flying:site_orientation"": ""W;SW;S""}",
way,1291140279,https://www.openstreetmap.org/way/1291140279,Dewdney Grind Paragliding Launch,49.192934,-122.171382,590,,,,takeoff,no,yes,NE,"{""free_flying:guest-guidelines"": ""no"", ""free_flying:hanggliding"": ""no"", ""free_flying:official"": ""no"", ""free_flying:paragliding"": ""yes"", ""free_flying:ridge"": ""no"", ""free_flying:rigid"": ""no"", ""free_flying:site"": ""takeoff""}",
way,1292585780,https://www.openstreetmap.org/way/1292585780,Startplatz Marbachegg N,46.834770,7.904406,,,,,takeoff,,yes,,"{""free_flying:official"": ""yes"", ""free_flying:paragliding"": ""yes"", ""free_flying:site"": ""takeoff""}",
way,1294719958,https://www.openstreetmap.org/way/1294719958,Decollo parapendio Norma,41.591198,12.957111,,,,,takeoff,,yes,SW;W,"{""free_flying:official"": ""yes"", ""free_flying:paragliding"": ""yes"", ""free_flying:site"": ""takeoff"", ""free_flying:site_orientation"": ""SW;W""}",
way,1297682274,https://www.openstreetmap.org/way/1297682274,Decollo Corno Nero,46.330741,11.460004,,,,,takeoff,,yes,S;SW,"{""free_flying:paragliding"": ""yes"", ""free_flying:site"": ""takeoff"", ""free_flying:site_orientation"": ""S;SW""}",
way,1307227173,https://www.openstreetmap.org/way/1307227173,Ebenalb NW,47.284237,9.410457,,,,,takeoff,,yes,"N,NW","{""free_flying:official"": ""yes"", ""free_flying:paragliding"": ""yes"", ""free_flying:site"": ""takeoff"", ""free_flying:site_orientation"": ""N,NW""}",
way,1307227176,https://www.openstreetmap.org/way/1307227176,Ebenalb Schulstartplatz,47.284965,9.411775,,,,,takeoff,,yes,N,"{""free_flying:official"": ""yes"", ""free_flying:paragliding"": ""yes"", ""free_flying:site"": ""takeoff"", ""free_flying:site_orientation"": ""N""}",
way,1307227178,https://www.openstreetmap.org/way/1307227178,Ebenalb Südost,47.283792,9.413671,,,,,takeoff,,yes,SE,"{""free_flying:official"": ""yes"", ""free_flying:paragliding"": ""yes"", ""free_flying:site"": ""takeoff"", ""free_flying:site_orientation"": ""SE""}",
way,1307736724,https://www.openstreetmap.org/way/1307736724,Paragliding,50.713982,6.450360,,,,,takeoff,,yes,,"{""free_flying:paragliding"": ""yes"", ""free_flying:site"": ""takeoff""}",
way,1311509036,https://www.openstreetmap.org/way/1311509036,Terril du Roton,50.441704,4.540943,,,,,takeoff,,yes,,"{""free_flying:official"": ""yes"", ""free_flying:paragliding"": ""yes"", ""free_flying:site"": ""takeoff"", ""free_flying:takeoff"": ""yes""}",
way,1312806537,https://www.openstreetmap.org/way/1312806537,Décollage La Loge des Gardes,46.004923,3.793671,,,,,takeoff,,yes,O;NO,"{""free_flying:official"": ""yes"", ""free_flying:paragliding"": ""yes"", ""free_flying:site"": ""takeoff"", ""free_flying:site_orientation"": ""O;NO""}",
way,1314870561,https://www.openstreetmap.org/way/1314870561,Älpli,46.705641,7.532305,1660,,,,takeoff,,yes,NW;N;NE,"{""free_flying:official"": ""no"", ""free_flying:paragliding"": ""yes"", ""free_flying:site"": ""takeoff"", ""free_flying:site_orientation"": ""NW;N;NE""}",
way,1314875787,https://www.openstreetmap.org/way/1314875787,Ärmigchnubel,46.548061,7.704681,2360,,,,takeoff,,yes,SW,"{""free_flying:official"": ""no"", ""free_flying:paragliding"": ""yes"", ""free_flying:site"": ""takeoff"", ""free_flying:site_orientation"": ""SW""}",
way,1314876145,https://www.openstreetmap.org/way/1314876145,École,46.339751,7.003021,1360,,,,takeoff,,yes,S,"{""free_flying:official"": ""NO"", ""free_flying:paragliding"": ""yes"", ""free_flying:site"": ""takeoff""}",
way,1314876728,https://www.openstreetmap.org/way/1314876728,Évolène - Béplan,46.122291,7.513930,2400,,,,takeoff,,yes,SW,"{""free_flying:official"": ""no"", ""free_flying:paragliding"": ""yes"", ""free_flying:site"": ""takeoff"", ""free_flying:site_orientation"": ""SW""}",
way,1314877255,https://www.openstreetmap.org/way/1314877255,Évolène - L'Étoile,46.086421,7.484848,2160,,,,takeoff,,yes,E;SE,"{""free_flying:official"": ""no"", ""free_flying:paragliding"": ""yes"", ""free_flying:site"": ""takeoff"", ""free_flying:site_orientation"": ""E;SE""}",
way,1314999647,https://www.openstreetmap.org/way/1314999647,Abendberg,46.622926,7.523453,1820,,,,takeoff,,yes,NW;N,"{""free_flying:official"": ""no"", ""free_flying:paragliding"": ""yes"", ""free_flying:site"": ""takeoff"", ""free_flying:site_orientation"": ""NW;N""}",
way,1315000408,https://www.openstreetmap.org/way/1315000408,Achslen,46.952498,8.749037,1520,,,,takeoff,,yes,N,"{""free_flying:official"": ""no"", ""free_flying:paragliding"": ""yes"", ""free_flying:site"": ""takeoff"", ""free_flying:site_orientation"": ""N""}",
way,1315001039,https://www.openstreetmap.org/way/1315001039,Aeschiried Spitz,46.639243,7.742582,1340,,,,takeoff,,yes,W,"{""free_flying:official"": ""yes"", ""free_flying:paragliding"": ""yes"", ""free_flying:site"": ""takeoff"", ""free_flying:site_orientation"": ""W""}",
way,1315001339,https://www.openstreetmap.org/way/1315001339,Aiguille De Mex,46.188643,6.979387,1900,,,,takeoff,,yes,SE,"{""free_flying:official"": ""no"", ""free_flying:paragliding"": ""yes"", ""free_flying:site"": ""takeoff"", ""free_flying:site_orientation"": ""SE""}",
way,1315002151,https://www.openstreetmap.org/way/1315002151,Alamon,46.334199,6.832999,1360,,,,takeoff,,yes,SE;E,"{""free_flying:official"": ""no"", ""free_flying:paragliding"": ""yes"", ""free_flying:site"": ""takeoff"", ""free_flying:site_orientation"": ""SE;E""}",
way,1315006556,https://www.openstreetmap.org/way/1315006556,Alamont,46.350868,6.833491,1700,,,,takeoff,,yes,SE,"{""free_flying:official"": ""yes"", ""free_flying:paragliding"": ""yes"", ""free_flying:site"": ""takeoff"", ""free_flying:site_orientation"": ""SE""}",
way,1315006557,https://www.openstreetmap.org/way/1315006557,Albagno,46.222844,8.955285,1920,,,,takeoff,,yes,SE,"{""free_flying:official"": ""no"", ""free_flying:paragliding"": ""yes"", ""free_flying:site"": ""takeoff"", ""free_flying:site_orientation"": ""SE""}",
way,1315006558,https://www.openstreetmap.org/way/1315006558,Albeuve,46.507035,7.020252,1440,,,,takeoff,,yes,SE,"{""free_flying:official"": ""no"", ""free_flying:paragliding"": ""yes"", ""free_flying:site"": ""takeoff"", ""free_flying:site_orientation"": ""SE""}",
way,1315006559,https://www.openstreetmap.org/way/1315006559,Albeuve (chaudzerya),46.503148,7.074218,1200,,,,takeoff,,yes,NW;N,"{""free_flying:official"": ""yes"", ""free_flying:paragliding"": ""yes"", ""free_flying:site"": ""takeoff"", ""free_flying:site_orientation"": ""NW;N""}",
way,1315006560,https://www.openstreetmap.org/way/1315006560,Albeuve (les Millets),46.504076,7.090180,1820,,,,takeoff,,yes,S,"{""free_flying:official"": ""yes"", ""free_flying:paragliding"": ""yes"", ""free_flying:site"": ""takeoff"", ""free_flying:site_orientation"": ""S""}",
way,1315006561,https://www.openstreetmap.org/way/1315006561,Albeuve (les Plans),46.501877,7.076843,1380,,,,takeoff,,yes,W,"{""free_flying:official"": ""yes"", ""free_flying:paragliding"": ""yes"", ""free_flying:site"": ""takeoff"", ""free_flying:site_orientation"": ""W""}",
way,1315007814,https://www.openstreetmap.org/way/1315007814,Albristhorn,46.496933,7.489121,2640,,,,takeoff,,yes,SW,"{""free_flying:official"": ""no"", ""free_flying:paragliding"": ""yes"", ""free_flying:site"": ""takeoff"", ""free_flying:site_orientation"": ""SW""}",
way,1315007815,https://www.openstreetmap.org/way/1315007815,Allalingrat,46.052787,7.895965,3520,,,,takeoff,,yes,N,"{""free_flying:official"": ""yes"", ""free_flying:paragliding"": ""yes"", ""free_flying:site"": ""takeoff"", ""free_flying:site_orientation"": ""N""}",
way,1315007816,https://www.openstreetmap.org/way/1315007816,Allalinhorn,46.046074,7.894364,3960,,,,takeoff,,yes,W,"{""free_flying:official"": ""no"", ""free_flying:paragliding"": ""yes"", ""free_flying:site"": ""takeoff"", ""free_flying:site_orientation"": ""W""}",
way,1315007817,https://www.openstreetmap.org/way/1315007817,Allmenalp,46.494403,7.650723,1860,,,,takeoff,,yes,SE,"{""free_flying:official"": ""yes"", ""free_flying:paragliding"": ""yes"", ""free_flying:site"": ""takeoff"", ""free_flying:site_orientation"": ""SE""}",
way,1321640451,https://www.openstreetmap.org/way/1321640451,Hausstein,48.870996,13.073241,872,,,,takeoff,,yes,,"{""free_flying:guest-guidelines"": ""yes"", ""free_flying:official"": ""yes"", ""free_flying:paragliding"": ""yes"", ""free_flying:site"": ""takeoff"", ""free_flying:takeoff"": ""yes""}",
way,1321661376,https://www.openstreetmap.org/way/1321661376,Tuchan - Pech des Fayssettes,42.891400,2.690889,,,,,takeoff,,yes,SE;E;NE,"{""free_flying:ground_handling"": ""no"", ""free_flying:official"": ""no"", ""free_flying:paragliding"": ""yes"", ""free_flying:site"": ""takeoff""}",
way,1321666797,https://www.openstreetmap.org/way/1321666797,Bellmunt,42.099860,2.293598,1150,,,,takeoff,,yes,S;SW,"{""free_flying:paragliding"": ""yes"", ""free_flying:site"": ""takeoff""}",
way,1323570944,https://www.openstreetmap.org/way/1323570944,Vzletišče Brestovica,45.819033,13.625062,,,,,takeoff,,yes,,"{""free_flying:paragliding"": ""yes"", ""free_flying:site"": ""takeoff""}",
way,1328375420,https://www.openstreetmap.org/way/1328375420,Paragliding launch site,27.341284,88.584396,,,,,takeoff,,yes,SSE,"{""free_flying:paragliding"": ""yes"", ""free_flying:site"": ""takeoff""}",
way,1328417769,https://www.openstreetmap.org/way/1328417769,Paragliding launch site,18.747839,73.543504,,,,,takeoff,,yes,E,"{""free_flying:paragliding"": ""yes"", ""free_flying:site"": ""takeoff""}",
way,1328426804,https://www.openstreetmap.org/way/1328426804,Paragliding launch site,18.724353,73.480179,,,,,takeoff,,yes,,"{""free_flying:paragliding"": ""yes"", ""free_flying:site"": ""takeoff""}",
way,1328426806,https://www.openstreetmap.org/way/1328426806,Paragliding launch site,15.704494,73.695632,,,,,takeoff,,yes,NW,"{""free_flying:paragliding"": ""yes"", ""free_flying:site"": ""takeoff""}",
way,1328426807,https://www.openstreetmap.org/way/1328426807,Paragliding launch site,15.696243,73.698920,,,,,takeoff,,yes,NW,"{""free_flying:paragliding"": ""yes"", ""free_flying:site"": ""takeoff""}",
way,1328426808,https://www.openstreetmap.org/way/1328426808,Paragliding launch site,15.700492,73.697455,,,,,takeoff,,yes,SW,"{""free_flying:paragliding"": ""yes"", ""free_flying:site"": ""takeoff""}",
way,1328544290,https://www.openstreetmap.org/way/1328544290,Billing Lower Paragliding Takeoff,32.057829,76.743768,2400,,,,takeoff,,yes,,"{""free_flying:official"": ""yes"", ""free_flying:paragliding"": ""yes"", ""free_flying:site"": ""takeoff""}",
way,1328544291,https://www.openstreetmap.org/way/1328544291,Billing Upper Paragliding Takeoff,32.059585,76.744342,2450,,,,takeoff,,yes,,"{""free_flying:official"": ""yes"", ""free_flying:paragliding"": ""yes"", ""free_flying:site"": ""takeoff""}",
way,1328592893,https://www.openstreetmap.org/way/1328592893,Narwana Paragliding Launch Site,32.188684,76.402421,,,,,takeoff,,yes,,"{""free_flying:paragliding"": ""yes"", ""free_flying:site"": ""takeoff""}",
way,1328592894,https://www.openstreetmap.org/way/1328592894,Dharamshala Paragliding Launch Site,32.220194,76.334736,,,,,takeoff,,yes,,"{""free_flying:paragliding"": ""yes"", ""free_flying:site"": ""takeoff""}",
way,1328592895,https://www.openstreetmap.org/way/1328592895,Dharamshala Paragliding landing area,32.211021,76.337414,,,,,takeoff,,yes,,"{""free_flying:paragliding"": ""yes"", ""free_flying:site"": ""takeoff""}",
way,1329948823,https://www.openstreetmap.org/way/1329948823,Paragliding takeoff area,29.337308,79.592104,,,,,takeoff,,yes,,"{""free_flying:paragliding"": ""yes"", ""free_flying:site"": ""takeoff"", ""free_flying:tandem"": ""yes""}",
way,1329948824,https://www.openstreetmap.org/way/1329948824,Paragliding takeoff area,29.337930,79.591361,,,,,takeoff,,yes,,"{""free_flying:paragliding"": ""yes"", ""free_flying:site"": ""takeoff"", ""free_flying:tandem"": ""yes""}",
way,1329948825,https://www.openstreetmap.org/way/1329948825,Paragliding takeoff area,29.338938,79.589739,,,,,takeoff,,yes,,"{""free_flying:paragliding"": ""yes"", ""free_flying:site"": ""takeoff"", ""free_flying:tandem"": ""yes""}",
way,1330027781,https://www.openstreetmap.org/way/1330027781,,29.611619,79.107378,,,,,takeoff,,yes,,"{""free_flying:paragliding"": ""yes"", ""free_flying:site"": ""takeoff"", ""free_flying:tandem"": ""yes""}",
way,1336845551,https://www.openstreetmap.org/way/1336845551,Eggen,46.856075,8.342627,,,,,takeoff,,yes,SE,"{""free_flying:paragliding"": ""yes"", ""free_flying:site"": ""takeoff"", ""free_flying:site_orientation"": ""SE""}",
way,1342927730,https://www.openstreetmap.org/way/1342927730,Nüegg - Allmiried,46.599141,7.536383,1440,,,,takeoff,,yes,N,"{""free_flying:official"": ""no"", ""free_flying:paragliding"": ""yes"", ""free_flying:site"": ""takeoff"", ""free_flying:site_orientation"": ""N""}",
way,1342928944,https://www.openstreetmap.org/way/1342928944,Alp Arin,47.129841,9.438301,1470,,,,takeoff,,yes,NE,"{""free_flying:official"": ""no"", ""free_flying:paragliding"": ""yes"", ""free_flying:site"": ""takeoff"", ""free_flying:site_orientation"": ""NE""}",
way,1342929915,https://www.openstreetmap.org/way/1342929915,Alp Da Siat,46.812563,9.152882,2040,,,,takeoff,,yes,E;SE;S,"{""free_flying:official"": ""no"", ""free_flying:paragliding"": ""yes"", ""free_flying:site"": ""takeoff"", ""free_flying:site_orientation"": ""E;SE;S""}",
way,1342930352,https://www.openstreetmap.org/way/1342930352,Alp Di Stabverder,46.298079,9.075387,2180,,,,takeoff,,yes,E,"{""free_flying:official"": ""no"", ""free_flying:paragliding"": ""yes"", ""free_flying:site"": ""takeoff"", ""free_flying:site_orientation"": ""E""}",
way,1347391083,https://www.openstreetmap.org/way/1347391083,La machine à coudre,47.370426,7.513446,,,,,,,yes,S,"{""free_flying:paragliding"": ""yes"", ""free_flying:site_orientation"": ""S"", ""free_flying:takeoff"": ""yes""}",
way,1349545210,https://www.openstreetmap.org/way/1349545210,Alp Hörndli,46.762641,7.781258,1400,,,,takeoff,,yes,W,"{""free_flying:official"": ""no"", ""free_flying:paragliding"": ""yes"", ""free_flying:site"": ""takeoff"", ""free_flying:site_orientation"": ""W""}",
way,1349546207,https://www.openstreetmap.org/way/1349546207,Alp Matten,46.684858,7.572531,1616,,,,takeoff,,yes,SW;S;SE;E,"{""free_flying:official"": ""no"", ""free_flying:paragliding"": ""yes"", ""free_flying:site"": ""takeoff"", ""free_flying:site_orientation"": ""SW;S;SE;E""}",
way,1351954854,https://www.openstreetmap.org/way/1351954854,Décollage de parapente de Pré Gonthier,45.132479,5.413093,,,,,takeoff,,yes,"O,SO","{""free_flying:official"": ""no"", ""free_flying:paragliding"": ""yes"", ""free_flying:site"": ""takeoff"", ""free_flying:site_orientation"": ""O,SO""}",
way,1351954855,https://www.openstreetmap.org/way/1351954855,,45.133496,5.413403,,,,,takeoff,,yes,"O,SO","{""free_flying:official"": ""no"", ""free_flying:paragliding"": ""yes"", ""free_flying:site"": ""takeoff"", ""free_flying:site_orientation"": ""O,SO""}",
way,1354129152,https://www.openstreetmap.org/way/1354129152,Voladero de Parapente Piedechinche,3.635796,-76.177474,,,,,takeoff,,yes,,"{""free_flying:paragliding"": ""yes"", ""free_flying:site"": ""takeoff""}",
way,1360308009,https://www.openstreetmap.org/way/1360308009,Riggisberg,46.799567,7.461665,,,,,takeoff,no,yes,"N,NE","{""free_flying:hanggliding"": ""no"", ""free_flying:official"": ""yes"", ""free_flying:paragliding"": ""yes"", ""free_flying:rigid"": ""no"", ""free_flying:site"": ""takeoff"", ""free_flying:site_orientation"": ""N,NE""}",
way,1364323854,https://www.openstreetmap.org/way/1364323854,La Clapière Basse,44.112342,6.197296,1100,,,,takeoff,no,yes,W;SW,"{""free_flying:hanggliding"": ""no"", ""free_flying:official"": ""no"", ""free_flying:paragliding"": ""yes"", ""free_flying:site"": ""takeoff"", ""free_flying:site_orientation"": ""W;SW""}",
way,1364323855,https://www.openstreetmap.org/way/1364323855,La Clapière Haute,44.113503,6.198735,1100,,,,takeoff,no,yes,W,"{""free_flying:hanggliding"": ""no"", ""free_flying:official"": ""no"", ""free_flying:paragliding"": ""yes"", ""free_flying:site"": ""takeoff"", ""free_flying:site_orientation"": ""W""}",
way,1370484389,https://www.openstreetmap.org/way/1370484389,"Suchet ""Sommet Nord""",46.772538,6.466173,,,,,takeoff,,yes,N;NW,"{""free_flying:paragliding"": ""yes"", ""free_flying:site"": ""takeoff"", ""free_flying:site_orientation"": ""N;NW""}",
way,1370484390,https://www.openstreetmap.org/way/1370484390,"Suchet ""La Croix""",46.767865,6.460941,,,,,takeoff,,yes,W,"{""free_flying:paragliding"": ""yes"", ""free_flying:site"": ""takeoff"", ""free_flying:site_orientation"": ""W""}",
way,1377013258,https://www.openstreetmap.org/way/1377013258,Le Champre,47.349392,7.529130,,,,,takeoff,,yes,NW,"{""free_flying:paragliding"": ""yes"", ""free_flying:site"": ""takeoff"", ""free_flying:site_orientation"": ""NW""}",
way,1379883158,https://www.openstreetmap.org/way/1379883158,Decollo Conca,46.232024,12.803971,1000,,,,takeoff,,yes,"SW,S","{""free_flying:official"": ""no"", ""free_flying:paragliding"": ""yes"", ""free_flying:site"": ""takeoff"", ""free_flying:site_orientation"": ""SW,S""}",
way,1380083728,https://www.openstreetmap.org/way/1380083728,Vicques,47.364930,7.426539,,,,,takeoff,,yes,SE,"{""free_flying:paragliding"": ""yes"", ""free_flying:site"": ""takeoff"", ""free_flying:site_orientation"": ""SE""}",
way,1380616108,https://www.openstreetmap.org/way/1380616108,Ronda la Vieja,36.838514,-5.238423,,,,,takeoff,,yes,NW,"{""free_flying:official"": ""yes"", ""free_flying:paragliding"": ""yes"", ""free_flying:site"": ""takeoff"", ""free_flying:site_orientation"": ""NW""}",
way,1381614317,https://www.openstreetmap.org/way/1381614317,Zonë Fluturimi,41.369360,19.903938,,,,,takeoff,,yes,,"{""free_flying:official"": ""yes"", ""free_flying:paragliding"": ""yes"", ""free_flying:site"": ""takeoff"", ""free_flying:takeoff"": ""yes""}",
way,1388482368,https://www.openstreetmap.org/way/1388482368,Startowisko Żar N,49.787652,19.225038,,,,,takeoff,,yes,N;NW,"{""free_flying:paragliding"": ""yes"", ""free_flying:site"": ""takeoff""}",
way,1392077864,https://www.openstreetmap.org/way/1392077864,Orcières - Décollage des marches,44.694541,6.302904,,,,,takeoff,,yes,W,"{""free_flying:orientation"": ""W"", ""free_flying:paragliding"": ""yes"", ""free_flying:site"": ""takeoff"", ""free_flying:site_orientation"": ""W""}",
way,1412325655,https://www.openstreetmap.org/way/1412325655,Décollage parapente de Létra,45.956229,4.490798,670,,,,,no,yes,NE,"{""free_flying:hanggliding"": ""no"", ""free_flying:official"": ""no"", ""free_flying:paragliding"": ""yes"", ""free_flying:takeoff"": ""yes""}",
way,1414721689,https://www.openstreetmap.org/way/1414721689,Monte Carza,46.042074,8.673579,,,,,takeoff,,yes,S,"{""free_flying:paragliding"": ""yes"", ""free_flying:site"": ""takeoff"", ""free_flying:site_orientation"": ""S""}",
way,1417171147,https://www.openstreetmap.org/way/1417171147,Biescas,42.631480,-0.311396,,,,,,,yes,,"{""free_flying:official"": ""yes"", ""free_flying:paragliding"": ""yes"", ""free_flying:takeoff"": ""yes""}",
way,1417351060,https://www.openstreetmap.org/way/1417351060,,45.538589,10.271967,,,,,,,yes,S;SE,"{""free_flying:paragliding"": ""yes"", ""free_flying:takeoff"": ""yes""}",
way,1417351062,https://www.openstreetmap.org/way/1417351062,Decollo Est,45.548580,10.285968,,,,,,,yes,E;NE;SE,"{""free_flying:paragliding"": ""yes"", ""free_flying:takeoff"": ""yes""}",
way,1420203255,https://www.openstreetmap.org/way/1420203255,,41.339797,21.255347,,,,,,,yes,SW;W,"{""free_flying:official"": ""yes"", ""free_flying:paragliding"": ""yes"", ""free_flying:takeoff"": ""yes""}",
way,1427267453,https://www.openstreetmap.org/way/1427267453,Décollage du Treh-Markstein S,47.926334,7.014850,,,,,takeoff,,yes,S;SW;W;NW,"{""free_flying:official"": ""yes"", ""free_flying:orientation"": ""S"", ""free_flying:paragliding"": ""yes"", ""free_flying:site"": ""takeoff"", ""free_flying:site_orientation"": ""S;SW;W;NW""}",
way,1436720736,https://www.openstreetmap.org/way/1436720736,Startplatz Schönboden,47.172034,8.797835,,,,,takeoff,,yes,"N,NE","{""free_flying:paragliding"": ""yes"", ""free_flying:site"": ""takeoff"", ""free_flying:site_orientation"": ""N,NE""}",
way,1447924194,https://www.openstreetmap.org/way/1447924194,Alp Motta,46.800781,9.182528,1750,,,,takeoff,,yes,SW,"{""free_flying:official"": ""no"", ""free_flying:paragliding"": ""yes"", ""free_flying:site"": ""takeoff"", ""free_flying:site_orientation"": ""SW""}",
way,1447924602,https://www.openstreetmap.org/way/1447924602,Alp Palfries,47.087905,9.422548,1730,,,,takeoff,,yes,SW,"{""free_flying:official"": ""no"", ""free_flying:paragliding"": ""yes"", ""free_flying:site"": ""takeoff"", ""free_flying:site_orientation"": ""SW""}",
way,1447928767,https://www.openstreetmap.org/way/1447928767,Alp Tatz,46.326079,7.788264,1460,,,,takeoff,,yes,S,"{""free_flying:official"": ""no"", ""free_flying:paragliding"": ""yes"", ""free_flying:site"": ""takeoff"", ""free_flying:site_orientation"": ""S""}",
way,1447931404,https://www.openstreetmap.org/way/1447931404,Alp Tea,46.903759,10.426630,2580,,,,takeoff,,yes,E;SE;S,"{""free_flying:official"": ""no"", ""free_flying:paragliding"": ""yes"", ""free_flying:site"": ""takeoff"", ""free_flying:site_orientation"": ""E;SE;S""}",
way,1447933744,https://www.openstreetmap.org/way/1447933744,Alp Walau,47.167214,9.142422,1540,,,,takeoff,,yes,SE,"{""free_flying:official"": ""no"", ""free_flying:paragliding"": ""yes"", ""free_flying:site"": ""takeoff"", ""free_flying:site_orientation"": ""SE""}",
way,1447933889,https://www.openstreetmap.org/way/1447933889,Alp De Flore,46.278093,7.290052,1940,,,,takeoff,,yes,SE,"{""free_flying:official"": ""no"", ""free_flying:paragliding"": ""yes"", ""free_flying:site"": ""takeoff"", ""free_flying:site_orientation"": ""SE""}",
way,1447934388,https://www.openstreetmap.org/way/1447934388,Alpage De Moiry,46.133877,7.561527,2510,,,,takeoff,,yes,"E,SE","{""free_flying:official"": ""no"", ""free_flying:paragliding"": ""yes"", ""free_flying:site"": ""takeoff"", ""free_flying:site_orientation"": ""E,SE""}",
way,1449377104,https://www.openstreetmap.org/way/1449377104,Alpage de Randonnaz,46.170034,7.149957,1410,,,,takeoff,,yes,SE,"{""free_flying:official"": ""no"", ""free_flying:paragliding"": ""yes"", ""free_flying:site"": ""takeoff"", ""free_flying:site_orientation"": ""SE""}",
way,1449378154,https://www.openstreetmap.org/way/1449378154,Alpage De Roua,46.223596,7.625178,2220,,,,takeoff,,yes,SW,"{""free_flying:official"": ""no"", ""free_flying:paragliding"": ""yes"", ""free_flying:site"": ""takeoff"", ""free_flying:site_orientation"": ""SW""}",
way,1449378929,https://www.openstreetmap.org/way/1449378929,Alpage Du Catogne,46.062110,7.123248,2220,,,,takeoff,,yes,NE,"{""free_flying:official"": ""no"", ""free_flying:paragliding"": ""yes"", ""free_flying:site"": ""takeoff"", ""free_flying:site_orientation"": ""NE""}",
way,1449393467,https://www.openstreetmap.org/way/1449393467,Alpage Louere,46.193866,7.479886,2250,,,,takeoff,,yes,W,"{""free_flying:official"": ""no"", ""free_flying:paragliding"": ""yes"", ""free_flying:site"": ""takeoff"", ""free_flying:site_orientation"": ""W""}",
way,1449393867,https://www.openstreetmap.org/way/1449393867,Alpage Troneggrat,46.460580,7.544174,1880,,,,takeoff,,yes,"W,E","{""free_flying:official"": ""no"", ""free_flying:paragliding"": ""yes"", ""free_flying:site"": ""takeoff"", ""free_flying:site_orientation"": ""W,E""}",
way,1449394437,https://www.openstreetmap.org/way/1449394437,Alpe Del Caviano,45.878236,9.008242,1000,,,,takeoff,,yes,SW,"{""free_flying:official"": ""no"", ""free_flying:paragliding"": ""yes"", ""free_flying:site"": ""takeoff"", ""free_flying:site_orientation"": ""SW""}",
way,1449394959,https://www.openstreetmap.org/way/1449394959,Alpe Di Manio,46.469144,8.461929,2220,,,,takeoff,,yes,NW,"{""free_flying:official"": ""no"", ""free_flying:paragliding"": ""yes"", ""free_flying:site"": ""takeoff"", ""free_flying:site_orientation"": ""NW""}",
way,1450186972,https://www.openstreetmap.org/way/1450186972,Mont Gerbizon (NO),45.191205,3.991241,978,,,,takeoff,,yes,NW,"{""free_flying:official"": ""yes"", ""free_flying:paragliding"": ""yes"", ""free_flying:site"": ""takeoff"", ""free_flying:site_orientation"": ""NW""}",
way,1450186973,https://www.openstreetmap.org/way/1450186973,Mont Gerbizon (E),45.188725,4.000951,1064,,,,takeoff,,yes,E,"{""free_flying:official"": ""yes"", ""free_flying:paragliding"": ""yes"", ""free_flying:site"": ""takeoff"", ""free_flying:site_orientation"": ""E""}",
way,1450188367,https://www.openstreetmap.org/way/1450188367,Alpe di Cióu,46.440323,9.012808,2000,,,,takeoff,,yes,SW,"{""free_flying:official"": ""no"", ""free_flying:paragliding"": ""yes"", ""free_flying:site"": ""takeoff"", ""free_flying:site_orientation"": ""SW""}",
way,1450188912,https://www.openstreetmap.org/way/1450188912,Alpe Di Vignone,46.497372,8.824922,2120,,,,takeoff,,yes,"S,SE","{""free_flying:official"": ""no"", ""free_flying:paragliding"": ""yes"", ""free_flying:site"": ""takeoff"", ""free_flying:site_orientation"": ""S,SE""}",
way,1450192103,https://www.openstreetmap.org/way/1450192103,Alphubel,46.062920,7.864629,4160,,,,takeoff,,yes,E,"{""free_flying:official"": ""no"", ""free_flying:paragliding"": ""yes"", ""free_flying:site"": ""takeoff"", ""free_flying:site_orientation"": ""E""}",
way,1450200529,https://www.openstreetmap.org/way/1450200529,Alpoglerberg,46.817183,8.098061,1720,,,,takeoff,,yes,N,"{""free_flying:official"": ""no"", ""free_flying:paragliding"": ""yes"", ""free_flying:site"": ""takeoff"", ""free_flying:site_orientation"": ""N""}",
way,1450203828,https://www.openstreetmap.org/way/1450203828,Alpschelehubel,46.486602,7.644547,1920,,,,takeoff,,yes,S,"{""free_flying:official"": ""no"", ""free_flying:paragliding"": ""yes"", ""free_flying:site"": ""takeoff"", ""free_flying:site_orientation"": ""S""}",
way,1450205103,https://www.openstreetmap.org/way/1450205103,Altwisstock,47.210801,9.067658,1040,,,,takeoff,,yes,NW,"{""free_flying:official"": ""no"", ""free_flying:paragliding"": ""yes"", ""free_flying:site"": ""takeoff"", ""free_flying:site_orientation"": ""NW""}",
way,1450205633,https://www.openstreetmap.org/way/1450205633,Alvier,47.109890,9.414505,2320,,,,takeoff,,yes,WNW,"{""free_flying:official"": ""no"", ""free_flying:paragliding"": ""yes"", ""free_flying:site"": ""takeoff"", ""free_flying:site_orientation"": ""WNW""}",
way,1450208273,https://www.openstreetmap.org/way/1450208273,Aminona,46.344907,7.527229,2160,,,,takeoff,,yes,SSE,"{""free_flying:official"": ""no"", ""free_flying:paragliding"": ""yes"", ""free_flying:site"": ""takeoff"", ""free_flying:site_orientation"": ""SSE""}",
way,1450210151,https://www.openstreetmap.org/way/1450210151,Hohwald,46.713640,7.824001,1570,,,,takeoff,,yes,S,"{""free_flying:official"": ""no"", ""free_flying:paragliding"": ""yes"", ""free_flying:site"": ""takeoff"", ""free_flying:site_orientation"": ""S""}",
way,1450210552,https://www.openstreetmap.org/way/1450210552,Ammertenpass,46.429859,7.528899,2440,,,,takeoff,,yes,S,"{""free_flying:official"": ""no"", ""free_flying:paragliding"": ""yes"", ""free_flying:site"": ""takeoff"", ""free_flying:site_orientation"": ""S""}",
way,1450210960,https://www.openstreetmap.org/way/1450210960,Andermatt,46.636507,8.629507,2100,,,,takeoff,,yes,SW,"{""free_flying:official"": ""no"", ""free_flying:paragliding"": ""yes"", ""free_flying:site"": ""takeoff"", ""free_flying:site_orientation"": ""SW""}",
way,1450211357,https://www.openstreetmap.org/way/1450211357,Angelingen,46.903423,8.651880,1600,,,,takeoff,,yes,NW,"{""free_flying:official"": ""no"", ""free_flying:paragliding"": ""yes"", ""free_flying:site"": ""takeoff"", ""free_flying:site_orientation"": ""NW""}",
way,1450211604,https://www.openstreetmap.org/way/1450211604,Antheme,46.166035,6.886720,1760,,,,takeoff,,yes,W,"{""free_flying:official"": ""no"", ""free_flying:paragliding"": ""yes"", ""free_flying:site"": ""takeoff"", ""free_flying:site_orientation"": ""W""}",
way,1450211835,https://www.openstreetmap.org/way/1450211835,Anzère Les Masques,46.297893,7.389770,1750,,,,takeoff,,yes,SW,"{""free_flying:official"": ""no"", ""free_flying:paragliding"": ""yes"", ""free_flying:site"": ""takeoff"", ""free_flying:site_orientation"": ""SW""}",
way,1450212164,https://www.openstreetmap.org/way/1450212164,Apiglen,46.597677,8.007239,1720,,,,takeoff,,yes,N,"{""free_flying:official"": ""no"", ""free_flying:paragliding"": ""yes"", ""free_flying:site"": ""takeoff"", ""free_flying:site_orientation"": ""N""}",
way,1450212577,https://www.openstreetmap.org/way/1450212577,Ardet,46.485505,8.906799,1330,,,,takeoff,,yes,SSE,"{""free_flying:official"": ""no"", ""free_flying:paragliding"": ""yes"", ""free_flying:site"": ""takeoff"", ""free_flying:site_orientation"": ""SSE""}",
way,1450212779,https://www.openstreetmap.org/way/1450212779,Arête de Sélaire,46.168211,6.911928,2310,,,,takeoff,,yes,W,"{""free_flying:official"": ""no"", ""free_flying:paragliding"": ""yes"", ""free_flying:site"": ""takeoff"", ""free_flying:site_orientation"": ""W""}",
way,1450213018,https://www.openstreetmap.org/way/1450213018,Arête Est Luisin,46.113734,6.984477,2020,,,,takeoff,,yes,SE,"{""free_flying:official"": ""no"", ""free_flying:paragliding"": ""yes"", ""free_flying:site"": ""takeoff"", ""free_flying:site_orientation"": ""SE""}",
way,1450213632,https://www.openstreetmap.org/way/1450213632,Dent de Broc,46.591522,7.119881,1330,,,,takeoff,,yes,NW,"{""free_flying:official"": ""yes"", ""free_flying:paragliding"": ""yes"", ""free_flying:site"": ""takeoff"", ""free_flying:site_orientation"": ""NW""}",
way,1450269002,https://www.openstreetmap.org/way/1450269002,Walighürli,46.393200,7.241058,2050,,,,takeoff,,yes,"NW,N,NE,E,SE","{""free_flying:official"": ""no"", ""free_flying:paragliding"": ""yes"", ""free_flying:site"": ""takeoff"", ""free_flying:site_orientation"": ""NW,N,NE,E,SE""}",
way,1450277554,https://www.openstreetmap.org/way/1450277554,Arpelistock,46.343855,7.315250,3030,,,,takeoff,,yes,*,"{""free_flying:official"": ""no"", ""free_flying:paragliding"": ""yes"", ""free_flying:site"": ""takeoff"", ""free_flying:site_orientation"": ""*""}",
way,1450280644,https://www.openstreetmap.org/way/1450280644,Arrivée Turbo De La Tsa,46.353128,7.520263,2410,,,,,,yes,S;SW,"{""free_flying:official"": ""no"", ""free_flying:paragliding"": ""yes"", ""free_flying:takeoff"": ""yes""}",
way,1450281437,https://www.openstreetmap.org/way/1450281437,Artelengrat,46.448539,7.564262,1950,,,,,,yes,W-NW,"{""free_flying:official"": ""no"", ""free_flying:paragliding"": ""yes"", ""free_flying:takeoff"": ""yes""}",
way,1450281936,https://www.openstreetmap.org/way/1450281936,Arvialp,46.890676,8.330108,1800,,,,,,yes,NW,"{""free_flying:official"": ""no"", ""free_flying:paragliding"": ""yes"", ""free_flying:takeoff"": ""yes""}",
way,1450283656,https://www.openstreetmap.org/way/1450283656,Aueren Unterstafel,47.054760,9.026552,1450,,,,,,yes,SW,"{""free_flying:official"": ""no"", ""free_flying:paragliding"": ""yes"", ""free_flying:takeoff"": ""yes""}",
way,1450286358,https://www.openstreetmap.org/way/1450286358,Augstbord,46.210428,7.773006,2520,,,,,,yes,W,"{""free_flying:official"": ""no"", ""free_flying:paragliding"": ""yes"", ""free_flying:takeoff"": ""yes""}",
way,1450286876,https://www.openstreetmap.org/way/1450286876,Bolberg,46.751163,7.885203,1790,,,,,,yes,SW,"{""free_flying:official"": ""no"", ""free_flying:paragliding"": ""yes"", ""free_flying:takeoff"": ""yes""}",
way,1450287781,https://www.openstreetmap.org/way/1450287781,Axalp Skiberg Startplatz W-NW,46.716840,8.034987,1550,,,,takeoff,,yes,W-NW,"{""free_flying:official"": ""yes"", ""free_flying:paragliding"": ""yes"", ""free_flying:site"": ""takeoff"", ""free_flying:takeoff"": ""yes""}",
way,1450288096,https://www.openstreetmap.org/way/1450288096,Axalp Restaurant Hilten North,46.719000,8.052897,1620,,,,,,yes,NW-N,"{""free_flying:official"": ""no"", ""free_flying:paragliding"": ""yes"", ""free_flying:takeoff"": ""yes""}",
way,1450699177,https://www.openstreetmap.org/way/1450699177,Mont Peynastre,45.022280,3.992545,847,,,,takeoff,,yes,S,"{""free_flying:official"": ""yes"", ""free_flying:paragliding"": ""yes"", ""free_flying:site"": ""takeoff"", ""free_flying:site_orientation"": ""S""}",
way,1451366870,https://www.openstreetmap.org/way/1451366870,Balavaud,46.155832,7.278880,2060,,,,,,yes,SW,"{""free_flying:official"": ""no"", ""free_flying:paragliding"": ""yes"", ""free_flying:takeoff"": ""yes""}",
way,1451367707,https://www.openstreetmap.org/way/1451367707,Ballehöchst,46.630342,7.855734,2020,,,,,,yes,NE,"{""free_flying:official"": ""no"", ""free_flying:paragliding"": ""yes"", ""free_flying:takeoff"": ""yes""}",
way,1451368046,https://www.openstreetmap.org/way/1451368046,Vacheresse,46.556702,7.131892,1740,,,,,,yes,W;NW,"{""free_flying:official"": ""no"", ""free_flying:paragliding"": ""yes"", ""free_flying:takeoff"": ""yes""}",
way,1451368599,https://www.openstreetmap.org/way/1451368599,Barboleusaz,46.292194,7.087175,1550,,,,,,yes,NW,"{""free_flying:official"": ""no"", ""free_flying:paragliding"": ""yes"", ""free_flying:takeoff"": ""yes""}",
way,1451369129,https://www.openstreetmap.org/way/1451369129,Bäregg,46.601750,8.060534,1770,,,,,,yes,W;NW,"{""free_flying:official"": ""no"", ""free_flying:paragliding"": ""yes"", ""free_flying:takeoff"": ""yes""}",
way,1451369751,https://www.openstreetmap.org/way/1451369751,Bärghus Gastlosen,46.595777,7.283047,1550,,,,,,yes,NW,"{""free_flying:official"": ""no"", ""free_flying:paragliding"": ""yes"", ""free_flying:takeoff"": ""yes""}",
way,1452294266,https://www.openstreetmap.org/way/1452294266,Barneuza,46.167522,7.625301,2130,,,,,,yes,SW,"{""free_flying:official"": ""no"", ""free_flying:paragliding"": ""yes"", ""free_flying:takeoff"": ""yes""}",
way,1452294738,https://www.openstreetmap.org/way/1452294738,Barrage de Moiry Contact,46.137529,7.565137,2380,,,,,,yes,E,"{""free_flying:official"": ""no"", ""free_flying:paragliding"": ""yes"", ""free_flying:takeoff"": ""yes""}",
way,1452295315,https://www.openstreetmap.org/way/1452295315,Barrage De Cleuson,46.115133,7.330637,2330,,,,,,yes,W,"{""free_flying:official"": ""no"", ""free_flying:paragliding"": ""yes"", ""free_flying:takeoff"": ""yes""}",
way,1452297598,https://www.openstreetmap.org/way/1452297598,Basset De Lona,46.148721,7.552186,2830,,,,,,yes,S,"{""free_flying:official"": ""no"", ""free_flying:paragliding"": ""yes"", ""free_flying:takeoff"": ""yes""}",
way,1453350313,https://www.openstreetmap.org/way/1453350313,Beatenberg,46.703145,7.795501,1340,,,,,,yes,SSE,"{""free_flying:official"": ""no"", ""free_flying:paragliding"": ""yes"", ""free_flying:takeoff"": ""yes""}",
way,1453567727,https://www.openstreetmap.org/way/1453567727,Bec Du Corbeau,46.253803,6.862976,1990,,,,,,yes,N-W,"{""free_flying:official"": ""no"", ""free_flying:paragliding"": ""yes"", ""free_flying:takeoff"": ""yes""}",
way,1455124867,https://www.openstreetmap.org/way/1455124867,Becs De Bosson,46.164992,7.514476,2980,,,,,,yes,W;NW,"{""free_flying:official"": ""no"", ""free_flying:paragliding"": ""yes"", ""free_flying:takeoff"": ""yes""}",
way,1457153074,https://www.openstreetmap.org/way/1457153074,Beeristofel (chörnlisegg),47.165801,8.810192,1140,,,,,,yes,NE,"{""free_flying:official"": ""no"", ""free_flying:paragliding"": ""yes"", ""free_flying:takeoff"": ""yes""}",
way,1457779440,https://www.openstreetmap.org/way/1457779440,Gnieppe,46.817889,9.879453,2250,,,,,,yes,NW,"{""free_flying:official"": ""no"", ""free_flying:paragliding"": ""yes"", ""free_flying:takeoff"": ""yes""}",
way,1457780051,https://www.openstreetmap.org/way/1457780051,Beichlen,46.893949,7.969294,1710,,,,,,yes,W-NW,"{""free_flying:official"": ""no"", ""free_flying:paragliding"": ""yes"", ""free_flying:takeoff"": ""yes""}",
way,1457788272,https://www.openstreetmap.org/way/1457788272,Belalp - Hohstock,46.402472,7.965123,3060,,,,,,yes,E-S,"{""free_flying:official"": ""no"", ""free_flying:paragliding"": ""yes"", ""free_flying:takeoff"": ""yes""}",
way,1457788622,https://www.openstreetmap.org/way/1457788622,Belalp - Loch,46.371859,7.975171,2120,,,,,,yes,SE,"{""free_flying:official"": ""no"", ""free_flying:paragliding"": ""yes"", ""free_flying:takeoff"": ""yes""}",
way,1459951215,https://www.openstreetmap.org/way/1459951215,Mussoorie Lake Paragliding Takeoff,30.445681,78.076793,,,,,,,yes,,"{""free_flying:paragliding"": ""yes"", ""free_flying:takeoff"": ""yes"", ""free_flying:tandem"": ""yes""}",
way,1460249806,https://www.openstreetmap.org/way/1460249806,,49.362293,9.105006,,,,,takeoff,,yes,,"{""free_flying:paragliding"": ""yes"", ""free_flying:site"": ""takeoff""}",
way,1464340280,https://www.openstreetmap.org/way/1464340280,Moucherotte,45.150228,5.637256,1840,,,,takeoff,,yes,W;NW,"{""free_flying:official"": ""no"", ""free_flying:paragliding"": ""yes"", ""free_flying:site"": ""takeoff"", ""free_flying:site_orientation"": ""W;NW""}",
way,1473359345,https://www.openstreetmap.org/way/1473359345,Décollage FFVL Rivere des Remparts (Zeze),-21.199985,55.646084,2275,,,,takeoff,,yes,SW;S,"{""free_flying:official"": ""yes"", ""free_flying:paragliding"": ""yes"", ""free_flying:site"": ""takeoff"", ""free_flying:site_orientation"": ""SW;S""}",
way,1491853304,https://www.openstreetmap.org/way/1491853304,Decollo Flyouf,46.176678,12.676297,835,,,,takeoff,,yes,"SW,S,SE","{""free_flying:official"": ""yes"", ""free_flying:paragliding"": ""yes"", ""free_flying:site"": ""takeoff"", ""free_flying:site_orientation"": ""SW,S,SE""}",
way,1491922602,https://www.openstreetmap.org/way/1491922602,Startplatz Brunnihütte,46.842634,8.410157,,,,,takeoff,,yes,,"{""free_flying:paragliding"": ""yes"", ""free_flying:site"": ""takeoff""}",
way,1491923372,https://www.openstreetmap.org/way/1491923372,Startplatz Brunni Tümpfeli,46.838238,8.412141,,,,,takeoff,,yes,,"{""free_flying:paragliding"": ""yes"", ""free_flying:site"": ""takeoff""}",
way,1491923373,https://www.openstreetmap.org/way/1491923373,Startplatz Schonegg,46.842550,8.416371,,,,,takeoff,,yes,,"{""free_flying:paragliding"": ""yes"", ""free_flying:site"": ""takeoff""}",
way,1491927588,https://www.openstreetmap.org/way/1491927588,Startplatz Fürenalp,46.805074,8.465423,,,,,takeoff,,yes,,"{""free_flying:paragliding"": ""yes"", ""free_flying:site"": ""takeoff""}",
way,1491963473,https://www.openstreetmap.org/way/1491963473,Décollage Vounetse N,46.627347,7.207630,,,,,takeoff,,yes,W,"{""free_flying:paragliding"": ""yes"", ""free_flying:site"": ""takeoff"", ""free_flying:site_orientation"": ""W""}",
way,1491975117,https://www.openstreetmap.org/way/1491975117,Startplatz Marbachegg S,46.832466,7.902967,,,,,takeoff,,yes,,"{""free_flying:official"": ""yes"", ""free_flying:paragliding"": ""yes"", ""free_flying:site"": ""takeoff""}",
way,1509807565,https://www.openstreetmap.org/way/1509807565,Croix de Saburin,46.104162,4.623443,530,,,,takeoff,,yes,,"{""free_flying:official"": ""yes"", ""free_flying:paragliding"": ""yes"", ""free_flying:site"": ""takeoff""}",
way,1510739722,https://www.openstreetmap.org/way/1510739722,Startplatz Mausefalle,47.426696,12.371028,,,,,takeoff,,yes,,"{""free_flying:paragliding"": ""yes"", ""free_flying:site"": ""takeoff""}",
way,1510739723,https://www.openstreetmap.org/way/1510739723,Startplatz Asten,47.424727,12.370486,,,,,takeoff,,yes,,"{""free_flying:paragliding"": ""yes"", ""free_flying:site"": ""takeoff""}",
way,1519271320,https://www.openstreetmap.org/way/1519271320,Lally: décollage parapente,46.478701,6.910513,,,,,takeoff,,yes,,"{""free_flying:official"": ""yes"", ""free_flying:paragliding"": ""yes"", ""free_flying:site"": ""takeoff""}",
way,1528884659,https://www.openstreetmap.org/way/1528884659,La Grande Sure (Jusson),45.334675,5.698623,1578,,,,takeoff,,yes,W;,"{""free_flying:official"": ""yes"", ""free_flying:paragliding"": ""yes"", ""free_flying:site"": ""takeoff"", ""free_flying:site_orientation"": ""W;""}",
way,1531708900,https://www.openstreetmap.org/way/1531708900,,45.416755,4.483727,,,,,,,yes,,"{""free_flying:paragliding"": ""yes"", ""free_flying:takeoff"": ""yes""}",
way,1535796999,https://www.openstreetmap.org/way/1535796999,Bukit Bubus Paragliding Takeoff,5.790071,102.617462,83,,,,,,yes,N-E,"{""free_flying:official"": ""yes"", ""free_flying:paragliding"": ""yes"", ""free_flying:ridge"": ""yes"", ""free_flying:takeoff"": ""yes""}",
way,1543044771,https://www.openstreetmap.org/way/1543044771,Les Orres - Méale,44.534690,6.529839,1380,,,,takeoff,,yes,W;SW,"{""free_flying:paragliding"": ""yes"", ""free_flying:site"": ""takeoff"", ""free_flying:site_orientation"": ""W;SW""}",
way,1551713156,https://www.openstreetmap.org/way/1551713156,Полетување Велестово,41.092180,20.834795,,,,,,no,yes,W,"{""free_flying:hanggliding"": ""no"", ""free_flying:official"": ""yes"", ""free_flying:paragliding"": ""yes"", ""free_flying:takeoff"": ""yes""}",
way,1552320152,https://www.openstreetmap.org/way/1552320152,Montagne de Baise,44.778655,5.373756,830,,,,takeoff,,yes,SSW;,"{""free_flying:paragliding"": ""yes"", ""free_flying:site"": ""takeoff"", ""free_flying:site_orientation"": ""SSW;""}",
way,1562072131,https://www.openstreetmap.org/way/1562072131,Startplatz Königstuhl,49.403978,8.726896,,,,,,,yes,,"{""free_flying:paragliding"": ""yes"", ""free_flying:takeoff"": ""yes""}",
way,1563512595,https://www.openstreetmap.org/way/1563512595,Startplatz West,47.747221,12.248255,,,,,takeoff,no,yes,"N,NW","{""free_flying:club"": ""yes"", ""free_flying:guest-guidelines"": ""no"", ""free_flying:hanggliding"": ""no"", ""free_flying:no-flight-time"": ""no"", ""free_flying:official"": ""yes"", ""free_flying:paragliding"": ""yes"", ""free_flying:school"": ""yes"", ""free_flying:site"": ""takeoff"", ""free_flying:site_orientation"": ""N,NW"", ""free_flying:tandem"": ""yes""}",
way,1564383061,https://www.openstreetmap.org/way/1564383061,Startovačky Lendak,49.237187,20.339006,,,,,takeoff,,yes,S;SE,"{""free_flying:paragliding"": ""yes"", ""free_flying:site"": ""takeoff""}",
way,1564740689,https://www.openstreetmap.org/way/1564740689,Le Buement,47.229433,7.380503,,,,,takeoff,,yes,N;NW,"{""free_flying:paragliding"": ""yes"", ""free_flying:site"": ""takeoff"", ""free_flying:site_orientation"": ""N;NW""}",
