osm_type,osm_id,osm_url,name,lat,lon,ele_m,country,country_name,country_name_ru,site,hanggliding,paragliding,site_orientation,tags,site_id
node,301111071,https://www.openstreetmap.org/node/301111071,,28.952210,-13.712458,,ES,Spain,Испания,takeoff,yes,yes,,"{""free_flying:hanggliding"": ""yes"", ""free_flying:paragliding"": ""yes"", ""free_flying:site"": ""takeoff""}",hg_0160
node,448837185,https://www.openstreetmap.org/node/448837185,Decollo Foraoro,45.789396,11.484028,1275,IT,Italy,Италия,takeoff,yes,yes,S,"{""free_flying:hanggliding"": ""yes"", ""free_flying:paragliding"": ""yes"", ""free_flying:site"": ""takeoff"", ""free_flying:site_orientation"": ""S""}",hg_0056
node,457366001,https://www.openstreetmap.org/node/457366001,,47.431374,6.795801,,FR,France (land mass),Франция,takeoff,yes,yes,,"{""free_flying:hanggliding"": ""yes"", ""free_flying:paragliding"": ""yes"", ""free_flying:site"": ""takeoff""}",hg_0293
node,472469232,https://www.openstreetmap.org/node/472469232,,45.801041,5.472927,,FR,France (land mass),Франция,takeoff,yes,,,"{""free_flying:hanggliding"": ""yes"", ""free_flying:site"": ""takeoff""}",hg_0109
node,528790571,https://www.openstreetmap.org/node/528790571,Niedere Andelsbuch Startplatz Leo,47.403899,9.938593,1552,AT,Austria,Австрия,takeoff,yes,yes,W-O,"{""free_flying:guest-guidelines"": ""no"", ""free_flying:hanggliding"": ""yes"", ""free_flying:no-flight-time"": ""no"", ""free_flying:official"": ""yes"", ""free_flying:paragliding"": ""yes"", ""free_flying:site"": ""takeoff"", ""free_flying:site_orientation"": ""W-O""}",hg_0011
node,1250840189,https://www.openstreetmap.org/node/1250840189,Straník,49.236575,18.825547,,SK,Slovakia,Словакия,takeoff,yes,yes,"SE,S,SW,W","{""free_flying:hanggliding"": ""yes"", ""free_flying:official"": ""yes"", ""free_flying:paragliding"": ""yes"", ""free_flying:site"": ""takeoff"", ""free_flying:site_orientation"": ""SE,S,SW,W""}",hg_0332
node,1422612941,https://www.openstreetmap.org/node/1422612941,Ed Levin 600 ft launch #3,37.461314,-121.859794,350,US,United States,Соединённые Штаты Америки,,yes,yes,SSE-S,"{""free_flying:guest-guidelines"": ""yes"", ""free_flying:hanggliding"": ""yes"", ""free_flying:official"": ""yes"", ""free_flying:paragliding"": ""yes"", ""free_flying:takeoff"": ""yes""}",hg_0001
node,1422613214,https://www.openstreetmap.org/node/1422613214,Ed Levin 300 ft launch,37.461062,-121.864310,265,US,United States,Соединённые Штаты Америки,,yes,yes,S-W,"{""free_flying:guest-guidelines"": ""yes"", ""free_flying:hanggliding"": ""yes"", ""free_flying:official"": ""yes"", ""free_flying:paragliding"": ""yes"", ""free_flying:takeoff"": ""yes""}",hg_0001
node,1422616033,https://www.openstreetmap.org/node/1422616033,Ed Levin 1750 ft launch #1,37.475633,-121.861382,690,US,United States,Соединённые Штаты Америки,,yes,yes,SW,"{""free_flying:guest-guidelines"": ""yes"", ""free_flying:hanggliding"": ""yes"", ""free_flying:official"": ""yes"", ""free_flying:paragliding"": ""yes"", ""free_flying:takeoff"": ""yes""}",hg_0001
node,1607342146,https://www.openstreetmap.org/node/1607342146,Startplatz West,47.803105,13.109519,,AT,Austria,Австрия,takeoff,yes,yes,SW,"{""free_flying:hanggliding"": ""yes"", ""free_flying:paragliding"": ""yes"", ""free_flying:site"": ""takeoff"", ""free_flying:site_orientation"": ""SW""}",hg_0123
node,1719139778,https://www.openstreetmap.org/node/1719139778,Парадром Ушконыр (Верхняя площадка),43.126768,76.468062,,KZ,Kazakhstan,Казахстан,,yes,yes,,"{""free_flying:hanggliding"": ""yes"", ""free_flying:paragliding"": ""yes"", ""free_flying:takeoff"": ""yes""}",hg_0046
node,1765734867,https://www.openstreetmap.org/node/1765734867,Mission Ridge Hang Gliding and Paragliding Launch,37.517672,-121.892180,585,US,United States,Соединённые Штаты Америки,takeoff,yes,yes,SSW-NNW,"{""free_flying:guest-guidelines"": ""yes"", ""free_flying:hanggliding"": ""yes"", ""free_flying:official"": ""yes"", ""free_flying:paragliding"": ""yes"", ""free_flying:site"": ""takeoff""}",hg_0001
node,1863725862,https://www.openstreetmap.org/node/1863725862,Gotschnagrat Nord,46.858922,9.843938,,CH,Switzerland,Швейцария,takeoff,yes,yes,"NW,N,NE","{""free_flying:hanggliding"": ""yes"", ""free_flying:paragliding"": ""yes"", ""free_flying:site"": ""takeoff"", ""free_flying:site_orientation"": ""NW,N,NE""}",hg_0280
node,1869760763,https://www.openstreetmap.org/node/1869760763,Hohmattli,46.669790,7.318206,1780,CH,Switzerland,Швейцария,takeoff,yes,yes,"E,N,W","{""free_flying:hanggliding"": ""yes"", ""free_flying:paragliding"": ""yes"", ""free_flying:site"": ""takeoff"", ""free_flying:site_orientation"": ""E,N,W""}",hg_0062
node,1869760765,https://www.openstreetmap.org/node/1869760765,Pfiffe,46.731187,7.329411,1420,CH,Switzerland,Швейцария,takeoff,yes,yes,"N,NW","{""free_flying:hanggliding"": ""yes"", ""free_flying:paragliding"": ""yes"", ""free_flying:site"": ""takeoff"", ""free_flying:site_orientation"": ""N,NW""}",hg_0062
node,1981105398,https://www.openstreetmap.org/node/1981105398,AGVL - Rampa Sudoeste,-29.605421,-50.970210,576,BR,Brazil,Бразилия,takeoff,yes,,,"{""free_flying:hanggliding"": ""yes"", ""free_flying:rigid"": ""yes"", ""free_flying:site"": ""takeoff""}",hg_0069
node,2062530015,https://www.openstreetmap.org/node/2062530015,Morro da Asa Delta,-23.964828,-46.362326,,BR,Brazil,Бразилия,takeoff;toplanding,yes,,,"{""free_flying:hanggliding"": ""yes"", ""free_flying:site"": ""takeoff;toplanding""}",hg_0155
node,2105700607,https://www.openstreetmap.org/node/2105700607,,-16.646656,145.565456,,AU,Australia,Австралия,takeoff,yes,,,"{""free_flying:hanggliding"": ""yes"", ""free_flying:official"": ""yes"", ""free_flying:site"": ""takeoff""}",hg_0159
node,2135001949,https://www.openstreetmap.org/node/2135001949,,48.925824,18.291971,,SK,Slovakia,Словакия,landing,yes,yes,,"{""free_flying:hanggliding"": ""yes"", ""free_flying:paragliding"": ""yes"", ""free_flying:site"": ""landing"", ""free_flying:takeoff"": ""yes""}",hg_0133
node,2135001950,https://www.openstreetmap.org/node/2135001950,,48.927178,18.282770,,SK,Slovakia,Словакия,takeoff,yes,yes,"SE,S,SW","{""free_flying:hanggliding"": ""yes"", ""free_flying:official"": ""yes"", ""free_flying:paragliding"": ""yes"", ""free_flying:site"": ""takeoff"", ""free_flying:site_orientation"": ""SE,S,SW"", ""free_flying:takeoff"": ""yes""}",hg_0133
node,2135001952,https://www.openstreetmap.org/node/2135001952,,48.946975,18.528178,,SK,Slovakia,Словакия,takeoff,yes,yes,NW,"{""free_flying:hanggliding"": ""yes"", ""free_flying:official"": ""yes"", ""free_flying:paragliding"": ""yes"", ""free_flying:site"": ""takeoff"", ""free_flying:site_orientation"": ""NW""}",hg_0134
node,2135001953,https://www.openstreetmap.org/node/2135001953,,48.947682,18.530575,,SK,Slovakia,Словакия,takeoff,yes,yes,N,"{""free_flying:hanggliding"": ""yes"", ""free_flying:official"": ""yes"", ""free_flying:paragliding"": ""yes"", ""free_flying:site"": ""takeoff"", ""free_flying:site_orientation"": ""N""}",hg_0134
node,2135001981,https://www.openstreetmap.org/node/2135001981,,49.117796,18.492156,,SK,Slovakia,Словакия,takeoff,yes,yes,SE,"{""free_flying:hanggliding"": ""yes"", ""free_flying:official"": ""yes"", ""free_flying:paragliding"": ""yes"", ""free_flying:site"": ""takeoff"", ""free_flying:site_orientation"": ""SE""}",hg_0329
node,2282036384,https://www.openstreetmap.org/node/2282036384,Niedere Bezau Startplatz,47.398826,9.944658,1672,AT,Austria,Австрия,takeoff,yes,yes,SO-SW,"{""free_flying:guest-guidelines"": ""no"", ""free_flying:hanggliding"": ""yes"", ""free_flying:no-flight-time"": ""no"", ""free_flying:official"": ""yes"", ""free_flying:paragliding"": ""yes"", ""free_flying:site"": ""takeoff"", ""free_flying:site_orientation"": ""SO-SW""}",hg_0011
node,2390045280,https://www.openstreetmap.org/node/2390045280,"северный ""Дальний""",45.020948,35.222166,,RU,Russia,Россия,takeoff,yes,yes,N,"{""free_flying:hanggliding"": ""yes"", ""free_flying:paragliding"": ""yes"", ""free_flying:site"": ""takeoff"", ""free_flying:site_orientation"": ""N""}",hg_0228
node,2397385559,https://www.openstreetmap.org/node/2397385559,Vole,61.893133,9.140694,,NO,Norway,Норвегия,takeoff,yes,yes,"SE,S,SW","{""free_flying:hanggliding"": ""yes"", ""free_flying:paragliding"": ""yes"", ""free_flying:rigid"": ""yes"", ""free_flying:site"": ""takeoff"", ""free_flying:site_orientation"": ""SE,S,SW""}",hg_0362
node,2448308146,https://www.openstreetmap.org/node/2448308146,Startplatz Kandel,48.065104,8.015171,1200,DE,Germany,Германия,takeoff,yes,yes,SW-NW,"{""free_flying:guest-guidelines"": ""yes"", ""free_flying:hanggliding"": ""yes"", ""free_flying:no-flight-time"": ""no"", ""free_flying:official"": ""yes"", ""free_flying:paragliding"": ""yes"", ""free_flying:site"": ""takeoff"", ""free_flying:site_orientation"": ""SW-NW""}",hg_0010
node,2475081359,https://www.openstreetmap.org/node/2475081359,Startplatz Hörnleberg Nord-Ost Startplatz,48.129419,8.038780,870,DE,Germany,Германия,takeoff,yes,yes,NO,"{""free_flying:hanggliding"": ""yes"", ""free_flying:official"": ""yes"", ""free_flying:paragliding"": ""yes"", ""free_flying:site"": ""takeoff"", ""free_flying:site_orientation"": ""NO""}",hg_0010
node,2475081363,https://www.openstreetmap.org/node/2475081363,Startplatz Hörnleberg Süd-Startplatz,48.127264,8.044252,760,DE,Germany,Германия,takeoff,yes,yes,S-SW,"{""free_flying:hanggliding"": ""yes"", ""free_flying:official"": ""yes"", ""free_flying:paragliding"": ""yes"", ""free_flying:site"": ""takeoff"", ""free_flying:site_orientation"": ""S-SW""}",hg_0010
node,2475081366,https://www.openstreetmap.org/node/2475081366,Startplatz Tafelbühl Süd,48.127913,8.083817,1070,DE,Germany,Германия,takeoff,yes,yes,S,"{""free_flying:guest-guidelines"": ""no"", ""free_flying:hanggliding"": ""yes"", ""free_flying:no-flight-time"": ""no"", ""free_flying:official"": ""yes"", ""free_flying:paragliding"": ""yes"", ""free_flying:site"": ""takeoff"", ""free_flying:site_orientation"": ""S""}",hg_0010
node,2475081370,https://www.openstreetmap.org/node/2475081370,Startplatz Tafelbühl West,48.128729,8.081094,1020,DE,Germany,Германия,takeoff,yes,yes,W,"{""free_flying:hanggliding"": ""yes"", ""free_flying:official"": ""yes"", ""free_flying:paragliding"": ""yes"", ""free_flying:site"": ""takeoff"", ""free_flying:site_orientation"": ""W""}",hg_0010
node,2484651346,https://www.openstreetmap.org/node/2484651346,oberer Gummen-Hütte Startplatz Süd,48.058805,8.015875,1150,DE,Germany,Германия,takeoff,yes,yes,,"{""free_flying:guest-guidelines"": ""yes"", ""free_flying:hanggliding"": ""yes"", ""free_flying:no-flight-time"": ""no"", ""free_flying:official"": ""yes"", ""free_flying:paragliding"": ""yes"", ""free_flying:site"": ""takeoff""}",hg_0010
node,2484651347,https://www.openstreetmap.org/node/2484651347,unterer Gummen-Hütte Startplatz Süd,48.058377,8.012680,1150,DE,Germany,Германия,takeoff,yes,yes,,"{""free_flying:guest-guidelines"": ""yes"", ""free_flying:hanggliding"": ""yes"", ""free_flying:no-flight-time"": ""no"", ""free_flying:official"": ""yes"", ""free_flying:paragliding"": ""yes"", ""free_flying:site"": ""takeoff""}",hg_0010
node,2484711265,https://www.openstreetmap.org/node/2484711265,Niedere Bezau Startplatz Alte Bahn,47.398954,9.934572,1571,AT,Austria,Австрия,takeoff,yes,yes,S-SWW,"{""free_flying:guest-guidelines"": ""no"", ""free_flying:hanggliding"": ""yes"", ""free_flying:no-flight-time"": ""no"", ""free_flying:official"": ""yes"", ""free_flying:paragliding"": ""yes"", ""free_flying:site"": ""takeoff"", ""free_flying:site_orientation"": ""S-SWW""}",hg_0011
node,2484727698,https://www.openstreetmap.org/node/2484727698,Diedamskopf Gipfel Startplatz,47.346212,10.025963,2077,AT,Austria,Австрия,takeoff,yes,yes,O-W,"{""free_flying:guest-guidelines"": ""no"", ""free_flying:hanggliding"": ""yes"", ""free_flying:no-flight-time"": ""01.04-30.09"", ""free_flying:official"": ""yes"", ""free_flying:paragliding"": ""yes"", ""free_flying:site"": ""takeoff"", ""free_flying:site_orientation"": ""O-W""}",hg_0011
node,2484727700,https://www.openstreetmap.org/node/2484727700,Diedamskopf Rampe Startplatz,47.344927,10.030043,1979,AT,Austria,Австрия,takeoff,yes,yes,S,"{""free_flying:guest-guidelines"": ""no"", ""free_flying:hanggliding"": ""yes"", ""free_flying:no-flight-time"": ""01.04-30.09"", ""free_flying:official"": ""yes"", ""free_flying:paragliding"": ""yes"", ""free_flying:site"": ""takeoff"", ""free_flying:site_orientation"": ""S""}",hg_0011
node,2494919170,https://www.openstreetmap.org/node/2494919170,,52.050732,8.410085,,DE,Germany,Германия,takeoff,yes,yes,SW,"{""free_flying:hanggliding"": ""yes"", ""free_flying:paragliding"": ""yes"", ""free_flying:site"": ""takeoff"", ""free_flying:site_orientation"": ""SW""}",hg_0353
node,2754339060,https://www.openstreetmap.org/node/2754339060,Nicostarten,59.175121,6.145585,,NO,Norway,Норвегия,takeoff,yes,yes,"W, NW","{""free_flying:hanggliding"": ""yes"", ""free_flying:paragliding"": ""yes"", ""free_flying:site"": ""takeoff"", ""free_flying:site_orientation"": ""W, NW""}",hg_0358
node,2760113383,https://www.openstreetmap.org/node/2760113383,Veraland sør,58.873243,5.945165,,NO,Norway,Норвегия,takeoff,yes,yes,,"{""free_flying:hanggliding"": ""yes"", ""free_flying:paragliding"": ""yes"", ""free_flying:site"": ""takeoff""}",hg_0357
node,2829889966,https://www.openstreetmap.org/node/2829889966,"Gjesdal, Øksnanuten",58.761124,5.980876,385,NO,Norway,Норвегия,takeoff,yes,yes,,"{""free_flying:hanggliding"": ""yes"", ""free_flying:paragliding"": ""yes"", ""free_flying:site"": ""takeoff""}",hg_0356
node,2981031248,https://www.openstreetmap.org/node/2981031248,,48.701457,17.737040,,SK,Slovakia,Словакия,takeoff,yes,yes,"SE,E","{""free_flying:hanggliding"": ""yes"", ""free_flying:official"": ""no"", ""free_flying:paragliding"": ""yes"", ""free_flying:site"": ""takeoff"", ""free_flying:site_orientation"": ""SE,E""}",hg_0315
node,2981031250,https://www.openstreetmap.org/node/2981031250,,48.807652,17.832814,,SK,Slovakia,Словакия,takeoff,yes,yes,"N,NE,NW","{""free_flying:hanggliding"": ""yes"", ""free_flying:official"": ""yes"", ""free_flying:paragliding"": ""yes"", ""free_flying:site"": ""takeoff"", ""free_flying:site_orientation"": ""N,NE,NW""}",hg_0132
node,2981031254,https://www.openstreetmap.org/node/2981031254,,48.835275,17.816355,,SK,Slovakia,Словакия,takeoff,yes,yes,"SE,S,SW","{""free_flying:hanggliding"": ""yes"", ""free_flying:official"": ""no"", ""free_flying:paragliding"": ""yes"", ""free_flying:site"": ""takeoff"", ""free_flying:site_orientation"": ""SE,S,SW""}",hg_0132
node,2995672988,https://www.openstreetmap.org/node/2995672988,Startplatz Kalbenstein,49.994637,9.757005,,DE,Germany,Германия,takeoff,yes,yes,,"{""free_flying:hanggliding"": ""yes"", ""free_flying:paragliding"": ""yes"", ""free_flying:site"": ""takeoff""}",hg_0344
node,3001813519,https://www.openstreetmap.org/node/3001813519,,29.080190,-13.557876,,ES,Spain,Испания,takeoff,yes,yes,NW,"{""free_flying:hanggliding"": ""yes"", ""free_flying:paragliding"": ""yes"", ""free_flying:site"": ""takeoff"", ""free_flying:site_orientation"": ""NW""}",hg_0077
node,3001819769,https://www.openstreetmap.org/node/3001819769,,29.085657,-13.654063,,ES,Spain,Испания,takeoff,yes,yes,N,"{""free_flying:hanggliding"": ""yes"", ""free_flying:paragliding"": ""yes"", ""free_flying:site"": ""takeoff"", ""free_flying:site_orientation"": ""N""}",hg_0077
node,3001934722,https://www.openstreetmap.org/node/3001934722,,29.220061,-13.471720,,ES,Spain,Испания,takeoff,yes,yes,,"{""free_flying:hanggliding"": ""yes"", ""free_flying:paragliding"": ""yes"", ""free_flying:site"": ""takeoff""}",hg_0161
node,3090610344,https://www.openstreetmap.org/node/3090610344,,58.645400,5.859908,,NO,Norway,Норвегия,takeoff,yes,yes,,"{""free_flying:hanggliding"": ""yes"", ""free_flying:paragliding"": ""yes"", ""free_flying:site"": ""takeoff""}",hg_0355
node,3134692292,https://www.openstreetmap.org/node/3134692292,Gleitschirmstartplatz Wenholthausen Südwest,51.303126,8.190867,,DE,Germany,Германия,takeoff,yes,yes,SW,"{""free_flying:hanggliding"": ""yes"", ""free_flying:official"": ""yes"", ""free_flying:paragliding"": ""yes"", ""free_flying:site"": ""takeoff"", ""free_flying:site_orientation"": ""SW""}",hg_0351
node,3176364061,https://www.openstreetmap.org/node/3176364061,Nordbayrische Drachenflieger,49.724373,11.150820,,DE,Germany,Германия,takeoff,yes,yes,SW,"{""free_flying:hanggliding"": ""yes"", ""free_flying:paragliding"": ""yes"", ""free_flying:site"": ""takeoff"", ""free_flying:site_orientation"": ""SW""}",hg_0338
node,3381859965,https://www.openstreetmap.org/node/3381859965,,48.888625,19.229965,,SK,Slovakia,Словакия,takeoff,yes,yes,"SE,S,SW,W","{""free_flying:hanggliding"": ""yes"", ""free_flying:official"": ""yes"", ""free_flying:paragliding"": ""yes"", ""free_flying:site"": ""takeoff"", ""free_flying:site_orientation"": ""SE,S,SW,W""}",hg_0321
node,3390881641,https://www.openstreetmap.org/node/3390881641,Kennedy,43.704131,6.981178,591,FR,France (land mass),Франция,takeoff,yes,yes,,"{""free_flying:hanggliding"": ""yes"", ""free_flying:paragliding"": ""yes"", ""free_flying:site"": ""takeoff""}",hg_0087
node,3629226393,https://www.openstreetmap.org/node/3629226393,Décollage Delta Bleine,43.813548,6.809359,,FR,France (land mass),Франция,takeoff,yes,,,"{""free_flying:hanggliding"": ""yes"", ""free_flying:site"": ""takeoff""}",hg_0088
node,3632129875,https://www.openstreetmap.org/node/3632129875,Startplatz (GS),47.744791,12.062707,1115,DE,Germany,Германия,takeoff,yes,yes,"N,NO,O","{""free_flying:club"": ""yes"", ""free_flying:guest-guidelines"": ""yes"", ""free_flying:hanggliding"": ""yes"", ""free_flying:no-flight-time"": ""no"", ""free_flying:official"": ""yes"", ""free_flying:paragliding"": ""yes"", ""free_flying:school"": ""no"", ""free_flying:site"": ""takeoff"", ""free_flying:site_orientation"": ""N,NO,O"", ""free_flying:tandem"": ""no""}",hg_0012
node,3632129877,https://www.openstreetmap.org/node/3632129877,Startplatz (GS),47.725848,12.184421,1336,DE,Germany,Германия,takeoff,yes,yes,"SW,W","{""free_flying:club"": ""yes"", ""free_flying:guest-guidelines"": ""no"", ""free_flying:hanggliding"": ""yes"", ""free_flying:no-flight-time"": ""no"", ""free_flying:official"": ""yes"", ""free_flying:paragliding"": ""yes"", ""free_flying:school"": ""no"", ""free_flying:site"": ""takeoff"", ""free_flying:site_orientation"": ""SW,W"", ""free_flying:tandem"": ""yes""}",hg_0012
node,3813560342,https://www.openstreetmap.org/node/3813560342,Startowisko lotniowo-paralotniowe,50.673049,16.209640,545,PL,Poland,Польша,takeoff;towing;training,yes,yes,S,"{""free_flying:hanggliding"": ""yes"", ""free_flying:paragliding"": ""yes"", ""free_flying:site"": ""takeoff;towing;training"", ""free_flying:site_orientation"": ""S""}",hg_0142
node,3885156491,https://www.openstreetmap.org/node/3885156491,Startrampe Hängegleiter,47.584894,11.099857,,DE,Germany,Германия,takeoff,yes,no,,"{""free_flying:hanggliding"": ""yes"", ""free_flying:paragliding"": ""no"", ""free_flying:site"": ""takeoff""}",hg_0064
node,3940146240,https://www.openstreetmap.org/node/3940146240,Monte Lema,46.040045,8.831753,,CH,Switzerland,Швейцария,takeoff,yes,yes,,"{""free_flying:hanggliding"": ""yes"", ""free_flying:official"": ""yes"", ""free_flying:paragliding"": ""yes"", ""free_flying:site"": ""takeoff""}",hg_0253
node,4006512754,https://www.openstreetmap.org/node/4006512754,Startplatz Rabenfelsen,48.613777,9.796287,680,DE,Germany,Германия,takeoff,yes,no,O,"{""free_flying:guest-guidelines"": ""no"", ""free_flying:hanggliding"": ""yes"", ""free_flying:paragliding"": ""no"", ""free_flying:site"": ""takeoff"", ""free_flying:site_orientation"": ""O""}",hg_0131
node,4006536742,https://www.openstreetmap.org/node/4006536742,Startplatz Sommerberg Deggingen,48.612651,9.724199,670,DE,Germany,Германия,takeoff,yes,yes,E,"{""free_flying:guest-guidelines"": ""yes"", ""free_flying:hanggliding"": ""yes"", ""free_flying:paragliding"": ""yes"", ""free_flying:site"": ""takeoff"", ""free_flying:site_orientation"": ""E""}",hg_0131
node,4198152694,https://www.openstreetmap.org/node/4198152694,Vzletišče Stol,46.273047,13.473342,1400,SI,Slovenia,Словения,,yes,,SE-SW,"{""free_flying:hanggliding"": ""yes"", ""free_flying:takeoff"": ""yes""}",hg_0262
node,4264196837,https://www.openstreetmap.org/node/4264196837,,48.735106,18.424008,,SK,Slovakia,Словакия,takeoff,yes,yes,SE,"{""free_flying:hanggliding"": ""yes"", ""free_flying:official"": ""yes"", ""free_flying:paragliding"": ""yes"", ""free_flying:site"": ""takeoff"", ""free_flying:site_orientation"": ""SE""}",hg_0316
node,4283706228,https://www.openstreetmap.org/node/4283706228,,48.762559,18.033408,,SK,Slovakia,Словакия,takeoff,yes,yes,SW,"{""free_flying:hanggliding"": ""yes"", ""free_flying:official"": ""no"", ""free_flying:paragliding"": ""yes"", ""free_flying:site"": ""takeoff"", ""free_flying:site_orientation"": ""SW""}",hg_0319
node,4708672867,https://www.openstreetmap.org/node/4708672867,Decollo Ceresana,45.804300,11.438594,1254,IT,Italy,Италия,takeoff,yes,yes,SE,"{""free_flying:hanggliding"": ""yes"", ""free_flying:paragliding"": ""yes"", ""free_flying:site"": ""takeoff"", ""free_flying:site_orientation"": ""SE""}",hg_0056
node,5076881190,https://www.openstreetmap.org/node/5076881190,Décollage Corgémont,47.173123,7.138265,,CH,Switzerland,Швейцария,takeoff,yes,yes,,"{""free_flying:hanggliding"": ""yes"", ""free_flying:paragliding"": ""yes"", ""free_flying:site"": ""takeoff""}",hg_0285
node,5122354365,https://www.openstreetmap.org/node/5122354365,Startrampe hang-gliding,47.403719,9.937295,,AT,Austria,Австрия,takeoff,yes,,,"{""free_flying:hanggliding"": ""yes"", ""free_flying:no-flight-time"": ""no"", ""free_flying:site"": ""takeoff""}",hg_0011
node,5408076209,https://www.openstreetmap.org/node/5408076209,"Lofthus, Byrkjeflot",60.326891,6.689098,700,NO,Norway,Норвегия,,yes,yes,W;SW,"{""free_flying:guest-guidelines"": ""Startplassen ligg like ved vegen, og er heilt nydelig. God termikk like forran start. Men ligger kansje litt for lavt på ein stabil dag. Landing på Tveitane. Passer fint for PP2"", ""free_flying:hanggliding"": ""yes"", ""free_flying:paragliding"": ""yes"", ""free_flying:takeoff"": ""yes""}",hg_0361
node,5527813587,https://www.openstreetmap.org/node/5527813587,,51.316102,8.548720,,DE,Germany,Германия,takeoff,yes,yes,W,"{""free_flying:hanggliding"": ""yes"", ""free_flying:official"": ""yes"", ""free_flying:paragliding"": ""yes"", ""free_flying:site"": ""takeoff"", ""free_flying:site_orientation"": ""W""}",hg_0023
node,5641818267,https://www.openstreetmap.org/node/5641818267,,50.502583,9.940026,,DE,Germany,Германия,takeoff,yes,yes,N,"{""free_flying:hanggliding"": ""yes"", ""free_flying:official"": ""yes"", ""free_flying:paragliding"": ""yes"", ""free_flying:site"": ""takeoff"", ""free_flying:site_orientation"": ""N""}",hg_0068
node,5641818268,https://www.openstreetmap.org/node/5641818268,,50.497090,9.931293,,DE,Germany,Германия,takeoff,yes,yes,W,"{""free_flying:hanggliding"": ""yes"", ""free_flying:official"": ""yes"", ""free_flying:paragliding"": ""yes"", ""free_flying:site"": ""takeoff"", ""free_flying:site_orientation"": ""W""}",hg_0068
node,5641818269,https://www.openstreetmap.org/node/5641818269,Flugplatz,50.497107,9.936758,,DE,Germany,Германия,takeoff,yes,yes,S,"{""free_flying:hanggliding"": ""yes"", ""free_flying:official"": ""yes"", ""free_flying:paragliding"": ""yes"", ""free_flying:site"": ""takeoff"", ""free_flying:site_orientation"": ""S""}",hg_0068
node,5713972752,https://www.openstreetmap.org/node/5713972752,Gschwänd (Delta),47.155497,8.875001,1080,CH,Switzerland,Швейцария,takeoff,yes,no,N,"{""free_flying:guest-guidelines"": ""yes"", ""free_flying:hanggliding"": ""yes"", ""free_flying:official"": ""yes"", ""free_flying:paragliding"": ""no"", ""free_flying:site"": ""takeoff"", ""free_flying:site_orientation"": ""N""}",hg_0284
node,5981460603,https://www.openstreetmap.org/node/5981460603,Rampa de vôo livre de Parapente de Caldelas,41.658740,-8.359090,,PT,Portugal,Португалия,takeoff,yes,yes,,"{""free_flying:hanggliding"": ""yes"", ""free_flying:paragliding"": ""yes"", ""free_flying:site"": ""takeoff""}",hg_0168
node,5997401875,https://www.openstreetmap.org/node/5997401875,Startplatz Gleitschirm/Hängegleiter,47.586143,11.103526,,DE,Germany,Германия,takeoff,yes,yes,,"{""free_flying:hanggliding"": ""yes"", ""free_flying:paragliding"": ""yes"", ""free_flying:site"": ""takeoff""}",hg_0064
node,6035466011,https://www.openstreetmap.org/node/6035466011,Durschlegi,47.146202,9.119292,,CH,Switzerland,Швейцария,takeoff,yes,yes,"E,SE,S,SW","{""free_flying:guest-guidelines"": ""yes"", ""free_flying:hanggliding"": ""yes"", ""free_flying:official"": ""yes"", ""free_flying:paragliding"": ""yes"", ""free_flying:site"": ""takeoff"", ""free_flying:site_orientation"": ""E,SE,S,SW""}",hg_0283
node,6432534248,https://www.openstreetmap.org/node/6432534248,Gulebjerg - Launch,55.549423,8.316108,11,DK,Denmark,Дания,takeoff,yes,yes,,"{""free_flying:hanggliding"": ""yes"", ""free_flying:official"": ""no"", ""free_flying:paragliding"": ""yes"", ""free_flying:site"": ""takeoff""}",hg_0354
node,6432534249,https://www.openstreetmap.org/node/6432534249,Bjerregaard - Launch,55.826557,8.169986,6,DK,Denmark,Дания,takeoff,yes,yes,,"{""free_flying:hanggliding"": ""yes"", ""free_flying:official"": ""no"", ""free_flying:paragliding"": ""yes"", ""free_flying:site"": ""takeoff""}",hg_0143
node,6551785945,https://www.openstreetmap.org/node/6551785945,Startplatz Fulpmes Kreuzjoch,47.145079,11.307773,,AT,Austria,Австрия,takeoff,yes,yes,"NE,E,SE,S","{""free_flying:hanggliding"": ""yes"", ""free_flying:official"": ""yes"", ""free_flying:paragliding"": ""yes"", ""free_flying:school"": ""yes"", ""free_flying:site"": ""takeoff"", ""free_flying:site_orientation"": ""NE,E,SE,S"", ""free_flying:tandem"": ""yes""}",hg_0036
node,6551785947,https://www.openstreetmap.org/node/6551785947,Startrampe Fulpmes Kreuzjoch,47.144732,11.307220,,AT,Austria,Австрия,takeoff,yes,no,"E,SE","{""free_flying:hanggliding"": ""yes"", ""free_flying:official"": ""yes"", ""free_flying:paragliding"": ""no"", ""free_flying:school"": ""yes"", ""free_flying:site"": ""takeoff"", ""free_flying:site_orientation"": ""E,SE""}",hg_0036
node,6551785948,https://www.openstreetmap.org/node/6551785948,Startplatz Neustift Elfer,47.098806,11.324279,,AT,Austria,Австрия,takeoff,yes,yes,"N,NE","{""free_flying:hanggliding"": ""yes"", ""free_flying:official"": ""yes"", ""free_flying:paragliding"": ""yes"", ""free_flying:school"": ""yes"", ""free_flying:site"": ""takeoff"", ""free_flying:site_orientation"": ""N,NE"", ""free_flying:tandem"": ""yes""}",hg_0036
node,6786491682,https://www.openstreetmap.org/node/6786491682,Vedetta 2,45.883029,11.850042,1440,IT,Italy,Италия,,yes,yes,SSE,"{""free_flying:hanggliding"": ""yes"", ""free_flying:official"": ""no"", ""free_flying:paragliding"": ""yes"", ""free_flying:takeoff"": ""yes""}",hg_0007
node,6786491683,https://www.openstreetmap.org/node/6786491683,Vedetta,45.881319,11.841406,1476,IT,Italy,Италия,,yes,yes,SW;S;SE,"{""free_flying:hanggliding"": ""yes"", ""free_flying:official"": ""no"", ""free_flying:paragliding"": ""yes"", ""free_flying:takeoff"": ""yes""}",hg_0007
node,6838163099,https://www.openstreetmap.org/node/6838163099,AGVL - Rampa Sudeste,-29.603969,-50.968268,558,BR,Brazil,Бразилия,takeoff,yes,yes,SE,"{""free_flying:hanggliding"": ""yes"", ""free_flying:paragliding"": ""yes"", ""free_flying:rigid"": ""yes"", ""free_flying:site"": ""takeoff"", ""free_flying:site_orientation"": ""SE""}",hg_0069
node,7178952828,https://www.openstreetmap.org/node/7178952828,,-32.961095,151.414210,,AU,Australia,Австралия,takeoff,yes,,W,"{""free_flying:hanggliding"": ""yes"", ""free_flying:site"": ""takeoff"", ""free_flying:site_orientation"": ""W""}",hg_0152
node,7637311496,https://www.openstreetmap.org/node/7637311496,Startplatz,48.989527,11.443430,,DE,Germany,Германия,takeoff,yes,yes,NW,"{""free_flying:hanggliding"": ""yes"", ""free_flying:official"": ""yes"", ""free_flying:paragliding"": ""yes"", ""free_flying:site"": ""takeoff"", ""free_flying:site_orientation"": ""NW""}",hg_0323
node,7878705614,https://www.openstreetmap.org/node/7878705614,Stachelberg,50.780991,7.376767,,DE,Germany,Германия,takeoff,yes,no,SSW,"{""free_flying:hanggliding"": ""yes"", ""free_flying:official"": ""yes"", ""free_flying:paragliding"": ""no"", ""free_flying:site"": ""takeoff"", ""free_flying:site_orientation"": ""SSW""}",hg_0349
node,8568730077,https://www.openstreetmap.org/node/8568730077,Butser West Take Off,50.976787,-0.987834,,GB,United Kingdom,Соединённое Королевство,takeoff,yes,yes,W,"{""free_flying:club"": ""yes"", ""free_flying:hanggliding"": ""yes"", ""free_flying:paragliding"": ""yes"", ""free_flying:site"": ""takeoff"", ""free_flying:site_orientation"": ""W""}",hg_0350
node,8814983157,https://www.openstreetmap.org/node/8814983157,Startrampe Hängegleiter,47.585946,11.103190,,DE,Germany,Германия,takeoff,yes,no,,"{""free_flying:hanggliding"": ""yes"", ""free_flying:paragliding"": ""no"", ""free_flying:site"": ""takeoff""}",hg_0064
node,9672263592,https://www.openstreetmap.org/node/9672263592,Startplatz Ebenerfeld,46.852770,12.794631,,AT,Austria,Австрия,,yes,yes,S-SW,"{""free_flying:hanggliding"": ""yes"", ""free_flying:paragliding"": ""yes"", ""free_flying:takeoff"": ""yes""}",hg_0278
node,9911173431,https://www.openstreetmap.org/node/9911173431,Vogelsang Ost,47.663235,12.035439,,DE,Germany,Германия,takeoff,yes,,NE,"{""free_flying:guest-guidelines"": ""yes"", ""free_flying:hanggliding"": ""yes"", ""free_flying:official"": ""yes"", ""free_flying:site"": ""takeoff"", ""free_flying:site_orientation"": ""NE""}",hg_0012
node,9932786121,https://www.openstreetmap.org/node/9932786121,Spring Hill,-35.094167,149.083356,870,AU,Australia,Австралия,takeoff,yes,yes,NW,"{""free_flying:hanggliding"": ""yes"", ""free_flying:paragliding"": ""yes"", ""free_flying:site"": ""takeoff"", ""free_flying:site_orientation"": ""NW""}",hg_0149
node,9932788705,https://www.openstreetmap.org/node/9932788705,Collector,-34.970185,149.375070,,AU,Australia,Австралия,takeoff,yes,yes,E,"{""free_flying:hanggliding"": ""yes"", ""free_flying:paragliding"": ""yes"", ""free_flying:site"": ""takeoff"", ""free_flying:site_orientation"": ""E""}",hg_0150
node,9932809129,https://www.openstreetmap.org/node/9932809129,Lake George,-35.103727,149.375334,730,AU,Australia,Австралия,takeoff,yes,yes,E,"{""free_flying:hanggliding"": ""yes"", ""free_flying:paragliding"": ""yes"", ""free_flying:site"": ""takeoff"", ""free_flying:site_orientation"": ""E""}",hg_0148
node,9932810524,https://www.openstreetmap.org/node/9932810524,Lanyon,-35.483614,149.107599,,AU,Australia,Австралия,takeoff,yes,yes,W,"{""free_flying:hanggliding"": ""yes"", ""free_flying:paragliding"": ""yes"", ""free_flying:site"": ""takeoff"", ""free_flying:site_orientation"": ""W""}",hg_0146
node,9932813012,https://www.openstreetmap.org/node/9932813012,Honeysuckle (HG),-35.130124,148.316562,,AU,Australia,Австралия,takeoff,yes,,W; SW,"{""free_flying:guest-guidelines"": ""yes"", ""free_flying:hanggliding"": ""yes"", ""free_flying:site"": ""takeoff"", ""free_flying:site_orientation"": ""W; SW""}",hg_0147
node,9953255729,https://www.openstreetmap.org/node/9953255729,Vogelsang West,47.664605,12.035170,,DE,Germany,Германия,takeoff,yes,,NW,"{""free_flying:guest-guidelines"": ""yes"", ""free_flying:hanggliding"": ""yes"", ""free_flying:official"": ""yes"", ""free_flying:site"": ""takeoff"", ""free_flying:site_orientation"": ""NW""}",hg_0012
node,10142097045,https://www.openstreetmap.org/node/10142097045,Decollo Col Rodella E,46.497209,11.753177,,IT,Italy,Италия,takeoff,yes,yes,N;NE;E;SE,"{""free_flying:hanggliding"": ""yes"", ""free_flying:paragliding"": ""yes"", ""free_flying:site"": ""takeoff""}",hg_0267
node,10563743739,https://www.openstreetmap.org/node/10563743739,,49.912934,-123.264945,,CA,Canada,Канада,takeoff,yes,,,"{""free_flying:hanggliding"": ""yes"", ""free_flying:official"": ""no"", ""free_flying:site"": ""takeoff""}",hg_0343
node,10792758842,https://www.openstreetmap.org/node/10792758842,سایت پرواز پاراگلایدر سغ,27.816658,56.391003,1228,IR,Iran,Иран,takeoff,,yes,"SE,S,SW","{""free_flying:guest-guidelines"": ""yes"", ""free_flying:paragliding"": ""yes"", ""free_flying:rigid"": ""yes"", ""free_flying:site"": ""takeoff"", ""free_flying:site_orientation"": ""SE,S,SW"", ""free_flying:tandem"": ""yes""}",hg_0075
node,10807654994,https://www.openstreetmap.org/node/10807654994,سایت پرواز پاراگلایدر کوه سفید جناح,26.935586,54.386940,1385,IR,Iran,Иран,takeoff,,yes,"E,SE,S,SW,W","{""free_flying:guest-guidelines"": ""yes"", ""free_flying:paragliding"": ""yes"", ""free_flying:rigid"": ""yes"", ""free_flying:site"": ""takeoff"", ""free_flying:site_orientation"": ""E,SE,S,SW,W"", ""free_flying:tandem"": ""yes""}",hg_0043
node,10807654995,https://www.openstreetmap.org/node/10807654995,سایت پرواز پاراگلایدر کوه سفید جناح,26.935540,54.386994,1385,IR,Iran,Иран,takeoff,,yes,"E,SE,S,SW,W","{""free_flying:guest-guidelines"": ""yes"", ""free_flying:paragliding"": ""yes"", ""free_flying:rigid"": ""yes"", ""free_flying:site"": ""takeoff"", ""free_flying:site_orientation"": ""E,SE,S,SW,W"", ""free_flying:tandem"": ""yes""}",hg_0043
node,10860272913,https://www.openstreetmap.org/node/10860272913,سایت پرواز پاراگلایدر پردی,27.463865,54.304803,1690,IR,Iran,Иран,takeoff,,yes,"E,SE,S,SW,W","{""free_flying:guest-guidelines"": ""yes"", ""free_flying:paragliding"": ""yes"", ""free_flying:rigid"": ""yes"", ""free_flying:site"": ""takeoff"", ""free_flying:site_orientation"": ""E,SE,S,SW,W"", ""free_flying:tandem"": ""yes""}",hg_0074
node,11016656547,https://www.openstreetmap.org/node/11016656547,سایت پرواز پاراگلایدر آذرخش- داراب,28.851811,54.573368,2340,IR,Iran,Иран,takeoff,,yes,"S,SW,SE","{""free_flying:guest-guidelines"": ""yes"", ""free_flying:paragliding"": ""yes"", ""free_flying:rigid"": ""yes"", ""free_flying:site"": ""takeoff"", ""free_flying:site_orientation"": ""S,SW,SE"", ""free_flying:tandem"": ""yes""}",hg_0076
node,11041841051,https://www.openstreetmap.org/node/11041841051,سایت پرواز پاراگلایدر کرند-غرب,34.281253,46.256834,2020,IR,Iran,Иран,takeoff,,yes,"SE,S,SW","{""free_flying:guest-guidelines"": ""yes"", ""free_flying:paragliding"": ""yes"", ""free_flying:rigid"": ""yes"", ""free_flying:site"": ""takeoff"", ""free_flying:site_orientation"": ""SE,S,SW"", ""free_flying:tandem"": ""yes""}",hg_0078
node,11077642275,https://www.openstreetmap.org/node/11077642275,,59.978983,13.087608,,SE,Sweden,Швеция,takeoff,yes,yes,SW,"{""free_flying:hanggliding"": ""yes"", ""free_flying:paragliding"": ""yes"", ""free_flying:site"": ""takeoff"", ""free_flying:site_orientation"": ""SW""}",hg_0359
node,11349774173,https://www.openstreetmap.org/node/11349774173,עמדת מצנחי רחיפה הר תבור,32.688719,35.381961,,IL,Israel,Израиль,takeoff,yes,yes,SE;S;SW;W;NW,"{""free_flying:hanggliding"": ""yes"", ""free_flying:official"": ""no"", ""free_flying:paragliding"": ""yes"", ""free_flying:site"": ""takeoff"", ""free_flying:site_orientation"": ""SE;S;SW;W;NW""}",hg_0162
node,11385334767,https://www.openstreetmap.org/node/11385334767,Henne - Launch,55.745287,8.174160,7,DK,Denmark,Дания,takeoff,yes,yes,,"{""free_flying:hanggliding"": ""yes"", ""free_flying:official"": ""no"", ""free_flying:paragliding"": ""yes"", ""free_flying:site"": ""takeoff""}",hg_0143
node,11407202300,https://www.openstreetmap.org/node/11407202300,Firbjerge - Launch,56.539926,8.622364,10,DK,Denmark,Дания,takeoff,yes,yes,,"{""free_flying:hanggliding"": ""yes"", ""free_flying:official"": ""no"", ""free_flying:paragliding"": ""yes"", ""free_flying:site"": ""takeoff""}",hg_0041
node,11407202302,https://www.openstreetmap.org/node/11407202302,Venøborg - Launch,56.569070,8.629306,15,DK,Denmark,Дания,takeoff,yes,yes,,"{""free_flying:hanggliding"": ""yes"", ""free_flying:official"": ""no"", ""free_flying:paragliding"": ""yes"", ""free_flying:site"": ""takeoff""}",hg_0041
node,11407202306,https://www.openstreetmap.org/node/11407202306,Ejsingholm - Launch,56.525984,8.738181,12,DK,Denmark,Дания,takeoff,yes,yes,,"{""free_flying:hanggliding"": ""yes"", ""free_flying:official"": ""no"", ""free_flying:paragliding"": ""yes"", ""free_flying:site"": ""takeoff""}",hg_0041
node,11486114566,https://www.openstreetmap.org/node/11486114566,Toftum - Launch,56.545441,8.532635,32,DK,Denmark,Дания,takeoff,yes,yes,,"{""free_flying:hanggliding"": ""yes"", ""free_flying:official"": ""no"", ""free_flying:paragliding"": ""yes"", ""free_flying:site"": ""takeoff""}",hg_0041
node,11521904593,https://www.openstreetmap.org/node/11521904593,,48.342623,18.105249,,SK,Slovakia,Словакия,takeoff,yes,yes,"E,SE,S","{""free_flying:hanggliding"": ""yes"", ""free_flying:official"": ""yes"", ""free_flying:paragliding"": ""yes"", ""free_flying:site"": ""takeoff"", ""free_flying:site_orientation"": ""E,SE,S""}",hg_0306
node,11932373657,https://www.openstreetmap.org/node/11932373657,Ed Levin 600 ft launch #1,37.461197,-121.860563,345,US,United States,Соединённые Штаты Америки,,yes,yes,SW-W,"{""free_flying:guest-guidelines"": ""yes"", ""free_flying:hanggliding"": ""yes"", ""free_flying:official"": ""yes"", ""free_flying:paragliding"": ""yes"", ""free_flying:takeoff"": ""yes""}",hg_0001
node,11932373658,https://www.openstreetmap.org/node/11932373658,Ed Levin 600 ft launch #2,37.461021,-121.860501,340,US,United States,Соединённые Штаты Америки,,yes,yes,S-SW,"{""free_flying:guest-guidelines"": ""yes"", ""free_flying:hanggliding"": ""yes"", ""free_flying:official"": ""yes"", ""free_flying:paragliding"": ""yes"", ""free_flying:takeoff"": ""yes""}",hg_0001
node,11932408844,https://www.openstreetmap.org/node/11932408844,Ed Levin 1750 ft launch #2,37.474417,-121.859519,705,US,United States,Соединённые Штаты Америки,,yes,yes,SW,"{""free_flying:guest-guidelines"": ""yes"", ""free_flying:hanggliding"": ""yes"", ""free_flying:official"": ""yes"", ""free_flying:paragliding"": ""yes"", ""free_flying:takeoff"": ""yes""}",hg_0001
node,11932408845,https://www.openstreetmap.org/node/11932408845,"Ed Levin 1750 ft launch #3 (""backside"")",37.474534,-121.857889,670,US,United States,Соединённые Штаты Америки,,yes,yes,E,"{""free_flying:guest-guidelines"": ""yes"", ""free_flying:hanggliding"": ""yes"", ""free_flying:official"": ""yes"", ""free_flying:paragliding"": ""yes"", ""free_flying:takeoff"": ""yes""}",hg_0001
node,11952285696,https://www.openstreetmap.org/node/11952285696,Colombier - la croix,45.906207,5.761144,1522,FR,France (land mass),Франция,takeoff,yes,yes,W,"{""free_flying:hanggliding"": ""yes"", ""free_flying:official"": ""no"", ""free_flying:paragliding"": ""yes"", ""free_flying:site"": ""takeoff"", ""free_flying:site_orientation"": ""W""}",hg_0113
node,11970749071,https://www.openstreetmap.org/node/11970749071,Dewdney Grind Hanggliding Launch,49.194090,-122.172443,580,CA,Canada,Канада,takeoff,yes,no,NE,"{""free_flying:guest-guidelines"": ""no"", ""free_flying:hanggliding"": ""yes"", ""free_flying:official"": ""no"", ""free_flying:paragliding"": ""no"", ""free_flying:ridge"": ""no"", ""free_flying:rigid"": ""no"", ""free_flying:site"": ""takeoff""}",hg_0331
node,12218088648,https://www.openstreetmap.org/node/12218088648,,43.114184,77.111521,,KZ,Kazakhstan,Казахстан,,yes,yes,,"{""free_flying:hanggliding"": ""yes"", ""free_flying:paragliding"": ""yes"", ""free_flying:takeoff"": ""yes""}",hg_0185
node,12288727876,https://www.openstreetmap.org/node/12288727876,Decollage FFVL Sapenay SW Bouilloux,45.799674,5.867798,767,FR,France (land mass),Франция,takeoff,yes,yes,S;SW;W,"{""free_flying:hanggliding"": ""yes"", ""free_flying:official"": ""yes"", ""free_flying:paragliding"": ""yes"", ""free_flying:site"": ""takeoff"", ""free_flying:site_orientation"": ""S;SW;W""}",hg_0110
node,12288762611,https://www.openstreetmap.org/node/12288762611,Colombier - radiophare,45.882577,5.756637,1437,FR,France (land mass),Франция,takeoff,yes,yes,SW;W;NW,"{""free_flying:hanggliding"": ""yes"", ""free_flying:official"": ""yes"", ""free_flying:paragliding"": ""yes"", ""free_flying:site"": ""takeoff"", ""free_flying:site_orientation"": ""SW;W;NW""}",hg_0113
node,12293952963,https://www.openstreetmap.org/node/12293952963,Déco Le piton des neiges - Est,-21.097801,55.479967,3034,FR,France (land mass),Франция,takeoff,yes,yes,W,"{""free_flying:hanggliding"": ""yes"", ""free_flying:official"": ""yes"", ""free_flying:paragliding"": ""yes"", ""free_flying:site"": ""takeoff"", ""free_flying:site_orientation"": ""W""}",hg_0072
node,12293952965,https://www.openstreetmap.org/node/12293952965,Déco Le piton des neiges - West,-21.099700,55.480815,3034,FR,France (land mass),Франция,takeoff,yes,yes,W,"{""free_flying:hanggliding"": ""yes"", ""free_flying:official"": ""yes"", ""free_flying:paragliding"": ""yes"", ""free_flying:site"": ""takeoff"", ""free_flying:site_orientation"": ""W""}",hg_0072
node,12540363929,https://www.openstreetmap.org/node/12540363929,Fort Funston Launch Zone,37.713763,-122.502876,,US,United States,Соединённые Штаты Америки,takeoff,yes,,,"{""free_flying:ground_handling"": ""permissive"", ""free_flying:guest-guidelines"": ""yes"", ""free_flying:hanggliding"": ""yes"", ""free_flying:official"": ""yes"", ""free_flying:site"": ""takeoff""}",hg_0164
node,12673066999,https://www.openstreetmap.org/node/12673066999,Roche-Coche - Berzé la Ville,46.367568,4.704699,450,FR,France (land mass),Франция,takeoff,yes,yes,SE;S;SW,"{""free_flying:hanggliding"": ""yes"", ""free_flying:official"": ""yes"", ""free_flying:paragliding"": ""yes"", ""free_flying:site"": ""takeoff"", ""free_flying:site_orientation"": ""SE;S;SW""}",hg_0119
node,12683743959,https://www.openstreetmap.org/node/12683743959,Gleitschirm Startplatz Hörnle,49.101187,9.073221,,DE,Germany,Германия,takeoff,yes,yes,"S,SE","{""free_flying:hanggliding"": ""yes"", ""free_flying:paragliding"": ""yes"", ""free_flying:site"": ""takeoff"", ""free_flying:site_orientation"": ""S,SE""}",hg_0328
node,13030612229,https://www.openstreetmap.org/node/13030612229,Startplatz Süd,47.802176,13.112192,,AT,Austria,Австрия,takeoff,yes,yes,SW,"{""free_flying:hanggliding"": ""yes"", ""free_flying:paragliding"": ""yes"", ""free_flying:site"": ""takeoff"", ""free_flying:site_orientation"": ""SW""}",hg_0123
node,13159751394,https://www.openstreetmap.org/node/13159751394,Парадром Ушконыр (Средняя площадка),43.133325,76.493343,,KZ,Kazakhstan,Казахстан,,yes,yes,,"{""free_flying:hanggliding"": ""yes"", ""free_flying:paragliding"": ""yes"", ""free_flying:takeoff"": ""yes""}",hg_0046
node,13159751395,https://www.openstreetmap.org/node/13159751395,Парадром Ушконыр (Нижняя площадка),43.132690,76.496957,,KZ,Kazakhstan,Казахстан,,yes,yes,,"{""free_flying:hanggliding"": ""yes"", ""free_flying:paragliding"": ""yes"", ""free_flying:takeoff"": ""yes""}",hg_0046
node,13293470713,https://www.openstreetmap.org/node/13293470713,"Ed Levin 1750 ft launch #1 (""HG"")",37.475375,-121.861353,690,US,United States,Соединённые Штаты Америки,,yes,no,SW,"{""free_flying:guest-guidelines"": ""yes"", ""free_flying:hanggliding"": ""yes"", ""free_flying:official"": ""yes"", ""free_flying:paragliding"": ""no"", ""free_flying:takeoff"": ""yes""}",hg_0001
node,13481426821,https://www.openstreetmap.org/node/13481426821,Mont myon - pressiat,46.330921,5.397669,633,FR,France (land mass),Франция,takeoff,yes,yes,SW;W;NW,"{""free_flying:hanggliding"": ""yes"", ""free_flying:official"": ""yes"", ""free_flying:paragliding"": ""yes"", ""free_flying:site"": ""takeoff"", ""free_flying:site_orientation"": ""SW;W;NW""}",hg_0263
node,14102664703,https://www.openstreetmap.org/node/14102664703,Pic d'Anie,42.943633,-0.720249,2387,FR,France (land mass),Франция,takeoff,yes,yes,E,"{""free_flying:hanggliding"": ""yes"", ""free_flying:official"": ""no"", ""free_flying:paragliding"": ""yes"", ""free_flying:site"": ""takeoff"", ""free_flying:site_orientation"": ""E""}",hg_0014
relation,10059814,https://www.openstreetmap.org/relation/10059814,Décollage FFVL du Belvédère du Revard,45.683253,5.974776,1491,FR,France (land mass),Франция,takeoff,yes,yes,SW;W;NW,"{""free_flying:hanggliding"": ""yes"", ""free_flying:official"": ""yes"", ""free_flying:paragliding"": ""yes"", ""free_flying:site"": ""takeoff"", ""free_flying:site_orientation"": ""SW;W;NW""}",hg_0055
relation,10272042,https://www.openstreetmap.org/relation/10272042,Sundvollen,60.053239,10.322549,,NO,Norway,Норвегия,takeoff,yes,yes,NW,"{""free_flying:hanggliding"": ""yes"", ""free_flying:paragliding"": ""yes"", ""free_flying:site"": ""takeoff"", ""free_flying:site_orientation"": ""NW"", ""free_flying:url"": ""https://flightlog.org/fl.html?l=1&country_id=160&a=22&start_id=32""}",hg_0360
way,24231903,https://www.openstreetmap.org/way/24231903,Décollage de l'Aigle,45.118359,5.597346,1278,FR,France (land mass),Франция,takeoff,yes,yes,SW;W;NW,"{""free_flying:hanggliding"": ""yes"", ""free_flying:official"": ""yes"", ""free_flying:paragliding"": ""yes"", ""free_flying:site"": ""takeoff"", ""free_flying:site_orientation"": ""SW;W;NW"", ""free_flying:tandem"": ""yes""}",hg_0229
way,25610651,https://www.openstreetmap.org/way/25610651,Décollage FFVL de Provinces,45.601733,5.807184,1135,FR,France (land mass),Франция,takeoff,yes,yes,SW;W;NW,"{""free_flying:hanggliding"": ""yes"", ""free_flying:official"": ""yes"", ""free_flying:paragliding"": ""yes"", ""free_flying:site"": ""takeoff"", ""free_flying:site_orientation"": ""SW;W;NW""}",hg_0107
way,26587569,https://www.openstreetmap.org/way/26587569,Verel-pragondran,45.626806,5.946252,900,FR,France (land mass),Франция,takeoff,yes,yes,N;W;NW,"{""free_flying:hanggliding"": ""yes"", ""free_flying:official"": ""yes"", ""free_flying:paragliding"": ""yes"", ""free_flying:site"": ""takeoff"", ""free_flying:site_orientation"": ""N;W;NW"", ""free_flying:tandem"": ""yes""}",hg_0055
way,26587570,https://www.openstreetmap.org/way/26587570,Le sire - sud,45.630752,5.966140,1500,FR,France (land mass),Франция,takeoff,yes,yes,SE;S;SW,"{""free_flying:hanggliding"": ""yes"", ""free_flying:official"": ""no"", ""free_flying:paragliding"": ""yes"", ""free_flying:site"": ""takeoff"", ""free_flying:site_orientation"": ""SE;S;SW""}",hg_0055
way,27237403,https://www.openstreetmap.org/way/27237403,Décollage de Malatrait,45.393697,6.106706,1398,FR,France (land mass),Франция,takeoff,yes,yes,N;W;NW,"{""free_flying:hanggliding"": ""yes"", ""free_flying:official"": ""no"", ""free_flying:paragliding"": ""yes"", ""free_flying:site"": ""takeoff"", ""free_flying:site_orientation"": ""N;W;NW""}",hg_0018
way,27391211,https://www.openstreetmap.org/way/27391211,Fluggelände Oppenau Nordost - Ibacher Holzplatz,48.447711,8.146407,740,DE,Germany,Германия,takeoff,yes,yes,NE,"{""free_flying:hanggliding"": ""yes"", ""free_flying:official"": ""yes"", ""free_flying:paragliding"": ""yes"", ""free_flying:site"": ""takeoff"", ""free_flying:site_orientation"": ""NE""}",hg_0311
way,29156464,https://www.openstreetmap.org/way/29156464,Startplatz Schriesheim,49.464530,8.678968,,DE,Germany,Германия,,yes,yes,,"{""free_flying:hanggliding"": ""yes"", ""free_flying:paragliding"": ""yes"", ""free_flying:takeoff"": ""yes""}",hg_0335
way,36772636,https://www.openstreetmap.org/way/36772636,,46.154184,10.955238,,IT,Italy,Италия,takeoff,yes,yes,"S,SE","{""free_flying:hanggliding"": ""yes"", ""free_flying:official"": ""yes"", ""free_flying:paragliding"": ""yes"", ""free_flying:site"": ""takeoff"", ""free_flying:site_orientation"": ""S,SE"", ""free_flying:tandem"": ""yes""}",hg_0258
way,37079178,https://www.openstreetmap.org/way/37079178,,44.224342,5.475662,,FR,France (land mass),Франция,takeoff,yes,yes,W,"{""free_flying:hanggliding"": ""yes"", ""free_flying:official"": ""yes"", ""free_flying:paragliding"": ""yes"", ""free_flying:site"": ""takeoff"", ""free_flying:site_orientation"": ""W""}",hg_0006
way,37080026,https://www.openstreetmap.org/way/37080026,Décollage de Saint-Vincent-les-Forts,44.443286,6.371567,1275,FR,France (land mass),Франция,takeoff,yes,yes,W;NW,"{""free_flying:hanggliding"": ""yes"", ""free_flying:official"": ""yes"", ""free_flying:paragliding"": ""yes"", ""free_flying:site"": ""takeoff"", ""free_flying:site_orientation"": ""W;NW""}",hg_0212
way,42647032,https://www.openstreetmap.org/way/42647032,Decollo Panettone,45.861343,11.804356,,IT,Italy,Италия,,yes,yes,E;SE;W,"{""free_flying:altitude"": ""1550m"", ""free_flying:hanggliding"": ""yes"", ""free_flying:landing"": ""yes"", ""free_flying:official"": ""yes"", ""free_flying:paragliding"": ""yes"", ""free_flying:takeoff"": ""yes""}",hg_0007
way,51057534,https://www.openstreetmap.org/way/51057534,Montlambert,45.552941,6.104906,894,FR,France (land mass),Франция,takeoff,yes,yes,N;NE;SE;S,"{""free_flying:hanggliding"": ""yes"", ""free_flying:official"": ""yes"", ""free_flying:paragliding"": ""yes"", ""free_flying:site"": ""takeoff"", ""free_flying:site_orientation"": ""N;NE;SE;S""}",hg_0054
way,55739901,https://www.openstreetmap.org/way/55739901,Décollage FFVL de la Table d'Orientation,46.148641,6.189164,1196,FR,France (land mass),Франция,takeoff,yes,yes,N;NW,"{""free_flying:hanggliding"": ""yes"", ""free_flying:official"": ""yes"", ""free_flying:paragliding"": ""yes"", ""free_flying:site"": ""takeoff"", ""free_flying:site_orientation"": ""N;NW"", ""free_flying:tandem"": ""yes""}",hg_0257
way,61316675,https://www.openstreetmap.org/way/61316675,Décollage parapente Les Pléiades,46.483234,6.907537,1300,CH,Switzerland,Швейцария,takeoff,yes,yes,,"{""free_flying:hanggliding"": ""yes"", ""free_flying:paragliding"": ""yes"", ""free_flying:site"": ""takeoff""}",hg_0061
way,63344609,https://www.openstreetmap.org/way/63344609,,46.191782,12.352545,,IT,Italy,Италия,takeoff,yes,yes,SW,"{""free_flying:club"": ""yes"", ""free_flying:hanggliding"": ""yes"", ""free_flying:official"": ""yes"", ""free_flying:paragliding"": ""yes"", ""free_flying:school"": ""yes"", ""free_flying:site"": ""takeoff"", ""free_flying:site_orientation"": ""SW"", ""free_flying:tandem"": ""yes""}",hg_0259
way,80270173,https://www.openstreetmap.org/way/80270173,Décollage de Jaman,46.441745,6.976085,1750,CH,Switzerland,Швейцария,takeoff,yes,yes,W,"{""free_flying:hanggliding"": ""yes"", ""free_flying:paragliding"": ""yes"", ""free_flying:site"": ""takeoff""}",hg_0061
way,82212175,https://www.openstreetmap.org/way/82212175,Startplatz Ost,47.829375,16.040951,,AT,Austria,Австрия,takeoff,yes,yes,ESE,"{""free_flying:hanggliding"": ""yes"", ""free_flying:paragliding"": ""yes"", ""free_flying:site"": ""takeoff"", ""free_flying:site_orientation"": ""ESE""}",hg_0124
way,93225425,https://www.openstreetmap.org/way/93225425,Décollage de Roquebrune Cap-Martin Mont-Gros,43.765481,7.442698,678,FR,France (land mass),Франция,takeoff,yes,yes,E;SE;S;SW,"{""free_flying:hanggliding"": ""yes"", ""free_flying:official"": ""no"", ""free_flying:paragliding"": ""yes"", ""free_flying:site"": ""takeoff"", ""free_flying:site_orientation"": ""E;SE;S;SW""}",hg_0195
way,96370808,https://www.openstreetmap.org/way/96370808,Startplatz NW,48.758516,8.405539,,DE,Germany,Германия,takeoff,yes,yes,NW,"{""free_flying:guest-guidelines"": ""yes"", ""free_flying:hanggliding"": ""yes"", ""free_flying:paragliding"": ""yes"", ""free_flying:site"": ""takeoff"", ""free_flying:site_orientation"": ""NW""}",hg_0317
way,105407954,https://www.openstreetmap.org/way/105407954,Startplatz Planplatten,46.735791,8.254970,,CH,Switzerland,Швейцария,takeoff,yes,yes,"NE,E,SE,S,SW,W,NW","{""free_flying:hanggliding"": ""yes"", ""free_flying:official"": ""yes"", ""free_flying:paragliding"": ""yes"", ""free_flying:rigid"": ""yes"", ""free_flying:site"": ""takeoff"", ""free_flying:site_orientation"": ""NE,E,SE,S,SW,W,NW""}",hg_0276
way,113144142,https://www.openstreetmap.org/way/113144142,,46.002342,12.207843,,IT,Italy,Италия,takeoff,yes,yes,,"{""free_flying:club"": ""yes"", ""free_flying:hanggliding"": ""yes"", ""free_flying:official"": ""yes"", ""free_flying:paragliding"": ""yes"", ""free_flying:site"": ""takeoff""}",hg_0252
way,120136791,https://www.openstreetmap.org/way/120136791,Parapendio Monte Nudo,45.922079,8.673916,1117,IT,Italy,Италия,takeoff,yes,yes,"SE,S,SW","{""free_flying:hanggliding"": ""yes"", ""free_flying:paragliding"": ""yes"", ""free_flying:site"": ""takeoff"", ""free_flying:site_orientation"": ""SE,S,SW""}",hg_0248
way,122725501,https://www.openstreetmap.org/way/122725501,Site de parapente de Landemer,49.678688,-1.774481,86,FR,France (land mass),Франция,takeoff,yes,yes,N,"{""free_flying:hanggliding"": ""yes"", ""free_flying:official"": ""yes"", ""free_flying:paragliding"": ""yes"", ""free_flying:site"": ""takeoff"", ""free_flying:site_orientation"": ""N""}",hg_0040
way,135152363,https://www.openstreetmap.org/way/135152363,Val pelouse,45.419865,6.170641,1692,FR,France (land mass),Франция,takeoff,yes,yes,N;W;NW,"{""free_flying:hanggliding"": ""yes"", ""free_flying:official"": ""yes"", ""free_flying:paragliding"": ""yes"", ""free_flying:site"": ""takeoff"", ""free_flying:site_orientation"": ""N;W;NW""}",hg_0018
way,137134886,https://www.openstreetmap.org/way/137134886,Décollage FFVL Colimaçons 800 (parapente),-21.131807,55.303332,765,FR,France (land mass),Франция,takeoff,yes,yes,SW;W;NW,"{""free_flying:hanggliding"": ""yes"", ""free_flying:official"": ""yes"", ""free_flying:paragliding"": ""yes"", ""free_flying:site"": ""takeoff"", ""free_flying:site_orientation"": ""SW;W;NW""}",hg_0071
way,138986969,https://www.openstreetmap.org/way/138986969,Val d'azun couraduque - le soc,42.990495,-0.196527,1390,FR,France (land mass),Франция,takeoff,yes,yes,SE;S,"{""free_flying:hanggliding"": ""yes"", ""free_flying:official"": ""yes"", ""free_flying:paragliding"": ""yes"", ""free_flying:site"": ""takeoff"", ""free_flying:site_orientation"": ""SE;S""}",hg_0181
way,156573954,https://www.openstreetmap.org/way/156573954,,42.792330,-76.043126,,US,United States,Соединённые Штаты Америки,takeoff,yes,,,"{""free_flying:hanggliding"": ""yes"", ""free_flying:site"": ""takeoff""}",hg_0174
way,158603807,https://www.openstreetmap.org/way/158603807,Décollage du Mont Saint-Romain,46.496193,4.750743,539,FR,France (land mass),Франция,takeoff,yes,yes,W,"{""free_flying:hanggliding"": ""yes"", ""free_flying:official"": ""yes"", ""free_flying:paragliding"": ""yes"", ""free_flying:site"": ""takeoff"", ""free_flying:site_orientation"": ""W""}",hg_0266
way,173155561,https://www.openstreetmap.org/way/173155561,Décollage : Banc des Deux Amants,49.319104,1.246087,140,FR,France (land mass),Франция,takeoff,yes,yes,"N,NW,NNW","{""free_flying:hanggliding"": ""yes"", ""free_flying:official"": ""yes"", ""free_flying:paragliding"": ""yes"", ""free_flying:site"": ""takeoff"", ""free_flying:site_orientation"": ""N,NW,NNW""}",hg_0135
way,173155562,https://www.openstreetmap.org/way/173155562,La cote des deux amants - panorama d'anfreville,49.316073,1.243855,114,FR,France (land mass),Франция,takeoff,yes,yes,SW;W,"{""free_flying:hanggliding"": ""yes"", ""free_flying:official"": ""no"", ""free_flying:paragliding"": ""yes"", ""free_flying:site"": ""takeoff"", ""free_flying:site_orientation"": ""SW;W""}",hg_0135
way,173207893,https://www.openstreetmap.org/way/173207893,Décollage : Clécy Saint-Omer Sud,48.929584,-0.469843,222,FR,France (land mass),Франция,takeoff,yes,yes,S,"{""free_flying:hanggliding"": ""yes"", ""free_flying:official"": ""yes"", ""free_flying:paragliding"": ""yes"", ""free_flying:site"": ""takeoff"", ""free_flying:site_orientation"": ""S""}",hg_0039
way,175706107,https://www.openstreetmap.org/way/175706107,Décollage : Sainte-Germaine,48.219120,4.699071,340,FR,France (land mass),Франция,takeoff,yes,yes,ENE,"{""free_flying:hanggliding"": ""yes"", ""free_flying:official"": ""yes"", ""free_flying:paragliding"": ""yes"", ""free_flying:site"": ""takeoff"", ""free_flying:site_orientation"": ""ENE""}",hg_0304
way,176392346,https://www.openstreetmap.org/way/176392346,Décollage : Clécy Saint-Omer Ouest,48.926195,-0.466189,223,FR,France (land mass),Франция,takeoff,yes,yes,W,"{""free_flying:hanggliding"": ""yes"", ""free_flying:official"": ""yes"", ""free_flying:paragliding"": ""yes"", ""free_flying:site"": ""takeoff"", ""free_flying:site_orientation"": ""W""}",hg_0039
way,183238511,https://www.openstreetmap.org/way/183238511,Millau - Puncho d'Agast - Sud,44.109881,3.103217,838,FR,France (land mass),Франция,takeoff,yes,yes,S,"{""free_flying:hanggliding"": ""yes"", ""free_flying:official"": ""yes"", ""free_flying:paragliding"": ""yes"", ""free_flying:site"": ""takeoff"", ""free_flying:site_orientation"": ""S""}",hg_0027
way,183238516,https://www.openstreetmap.org/way/183238516,Millau - puncho d'agast - ouest,44.110290,3.101203,807,FR,France (land mass),Франция,takeoff,yes,yes,W,"{""free_flying:hanggliding"": ""yes"", ""free_flying:official"": ""yes"", ""free_flying:paragliding"": ""yes"", ""free_flying:site"": ""takeoff"", ""free_flying:site_orientation"": ""W""}",hg_0027
way,222518983,https://www.openstreetmap.org/way/222518983,,50.667731,16.204634,,PL,Poland,Польша,takeoff;landing,yes,yes,"S,SW","{""free_flying:hanggliding"": ""yes"", ""free_flying:official"": ""yes"", ""free_flying:paragliding"": ""yes"", ""free_flying:site"": ""takeoff;landing"", ""free_flying:site_orientation"": ""S,SW""}",hg_0142
way,226035092,https://www.openstreetmap.org/way/226035092,Decollo Casette,45.827985,11.768022,,IT,Italy,Италия,,yes,yes,W;SW,"{""free_flying:altitude"": ""975m"", ""free_flying:hanggliding"": ""yes"", ""free_flying:landing"": ""yes"", ""free_flying:official"": ""yes"", ""free_flying:paragliding"": ""yes"", ""free_flying:takeoff"": ""yes""}",hg_0007
way,226035093,https://www.openstreetmap.org/way/226035093,Pedana,45.824438,11.771276,,IT,Italy,Италия,,yes,,E;SE,"{""free_flying:altitude"": ""860m"", ""free_flying:hanggliding"": ""yes"", ""free_flying:takeoff"": ""yes""}",hg_0007
way,226038184,https://www.openstreetmap.org/way/226038184,Decollo Antenne,45.811892,11.745026,,IT,Italy,Италия,,yes,yes,"E,SE","{""free_flying:altitude"": ""750m"", ""free_flying:hanggliding"": ""yes"", ""free_flying:landing"": ""yes"", ""free_flying:official"": ""yes"", ""free_flying:paragliding"": ""yes"", ""free_flying:takeoff"": ""yes""}",hg_0007
way,227055598,https://www.openstreetmap.org/way/227055598,Büchelstein Hängegleiter Startrampe,48.808166,13.175529,831,DE,Germany,Германия,takeoff,yes,no,,"{""free_flying:hanggliding"": ""yes"", ""free_flying:official"": ""yes"", ""free_flying:paragliding"": ""no"", ""free_flying:site"": ""takeoff""}",hg_0320
way,231771568,https://www.openstreetmap.org/way/231771568,Décollage FFVL Est de Saint-Hilaire-du-Touvet,45.308329,5.888257,921,FR,France (land mass),Франция,takeoff,yes,yes,"E,SE","{""free_flying:hanggliding"": ""yes"", ""free_flying:official"": ""yes"", ""free_flying:paragliding"": ""yes"", ""free_flying:rigid"": ""yes"", ""free_flying:site"": ""takeoff"", ""free_flying:site_orientation"": ""E,SE""}",hg_0017
way,231787307,https://www.openstreetmap.org/way/231787307,Flinders Golf Course Paraglider/Hang Glider Launch,-38.478964,145.012660,,AU,Australia,Австралия,,yes,yes,,"{""free_flying:hanggliding"": ""yes"", ""free_flying:official"": ""yes"", ""free_flying:paragliding"": ""yes"", ""free_flying:takeoff"": ""yes""}",hg_0145
way,232786124,https://www.openstreetmap.org/way/232786124,Innimond - la table d'orientation,45.784883,5.591922,1027,FR,France (land mass),Франция,takeoff,yes,yes,N;NE;E,"{""free_flying:hanggliding"": ""yes"", ""free_flying:official"": ""yes"", ""free_flying:paragliding"": ""yes"", ""free_flying:site"": ""takeoff"", ""free_flying:site_orientation"": ""N;NE;E""}",hg_0109
way,233625360,https://www.openstreetmap.org/way/233625360,Massat - port de lers - courtignou,42.812396,1.393677,1417,FR,France (land mass),Франция,takeoff,yes,yes,NW,"{""free_flying:hanggliding"": ""yes"", ""free_flying:official"": ""yes"", ""free_flying:paragliding"": ""yes"", ""free_flying:site"": ""takeoff"", ""free_flying:site_orientation"": ""NW""}",hg_0045
way,233633200,https://www.openstreetmap.org/way/233633200,Prat d'albis,42.921802,1.581858,1184,FR,France (land mass),Франция,takeoff,yes,yes,N;NE;NW,"{""free_flying:hanggliding"": ""yes"", ""free_flying:official"": ""yes"", ""free_flying:paragliding"": ""yes"", ""free_flying:site"": ""takeoff"", ""free_flying:site_orientation"": ""N;NE;NW""}",hg_0178
way,235577605,https://www.openstreetmap.org/way/235577605,Décollage FFVL Sud de Saint-Hilaire du Touvet,45.310247,5.890685,939,FR,France (land mass),Франция,takeoff,yes,yes,E;SE;S;SW,"{""free_flying:hanggliding"": ""yes"", ""free_flying:official"": ""yes"", ""free_flying:paragliding"": ""yes"", ""free_flying:rigid"": ""yes"", ""free_flying:site"": ""takeoff"", ""free_flying:site_orientation"": ""E;SE;S;SW"", ""free_flying:tandem"": ""yes""}",hg_0017
way,238631357,https://www.openstreetmap.org/way/238631357,,45.984808,3.923811,811,FR,France (land mass),Франция,takeoff,yes,yes,N;NE;E;SE;S,"{""free_flying:hanggliding"": ""yes"", ""free_flying:official"": ""yes"", ""free_flying:paragliding"": ""yes"", ""free_flying:site"": ""takeoff"", ""free_flying:site_orientation"": ""N;NE;E;SE;S""}",hg_0250
way,248618336,https://www.openstreetmap.org/way/248618336,"Suchet ""La rampe""",46.770071,6.467359,,CH,Switzerland,Швейцария,takeoff,yes,yes,E;SE;S,"{""free_flying:hanggliding"": ""yes"", ""free_flying:paragliding"": ""yes"", ""free_flying:site"": ""takeoff"", ""free_flying:site_orientation"": ""E;SE;S""}",hg_0004
way,248782610,https://www.openstreetmap.org/way/248782610,Décollage de Longeanne,44.540704,5.712889,1526,FR,France (land mass),Франция,takeoff,yes,yes,SW,"{""free_flying:hanggliding"": ""yes"", ""free_flying:official"": ""yes"", ""free_flying:paragliding"": ""yes"", ""free_flying:rigid"": ""yes"", ""free_flying:site"": ""takeoff"", ""free_flying:site_orientation"": ""SW""}",hg_0049
way,248782611,https://www.openstreetmap.org/way/248782611,Décollage des Antennes Saint-Apôtre,44.540582,5.743277,1482,FR,France (land mass),Франция,takeoff,yes,yes,SE;S;SW,"{""free_flying:hanggliding"": ""yes"", ""free_flying:official"": ""no"", ""free_flying:paragliding"": ""yes"", ""free_flying:rigid"": ""yes"", ""free_flying:site"": ""takeoff"", ""free_flying:site_orientation"": ""SE;S;SW""}",hg_0049
way,248783156,https://www.openstreetmap.org/way/248783156,Décollage du Petit Mont Rond,46.358417,6.018186,1534,FR,France (land mass),Франция,takeoff,yes,yes,NE;E;SE,"{""free_flying:hanggliding"": ""yes"", ""free_flying:official"": ""yes"", ""free_flying:paragliding"": ""yes"", ""free_flying:site"": ""takeoff"", ""free_flying:site_orientation"": ""NE;E;SE""}",hg_0003
way,248783852,https://www.openstreetmap.org/way/248783852,Décollage de la Vesancienne,46.367822,6.080545,1266,FR,France (land mass),Франция,takeoff,yes,yes,SE;S;SW,"{""free_flying:hanggliding"": ""yes"", ""free_flying:official"": ""yes"", ""free_flying:paragliding"": ""yes"", ""free_flying:site"": ""takeoff"", ""free_flying:site_orientation"": ""SE;S;SW""}",hg_0003
way,248783854,https://www.openstreetmap.org/way/248783854,Saint-Cergue La Bosse,46.444942,6.175811,,CH,Switzerland,Швейцария,takeoff,yes,yes,,"{""free_flying:hanggliding"": ""yes"", ""free_flying:paragliding"": ""yes"", ""free_flying:site"": ""takeoff""}",hg_0003
way,248783857,https://www.openstreetmap.org/way/248783857,Mauborget,46.854082,6.612055,,CH,Switzerland,Швейцария,takeoff,yes,yes,,"{""free_flying:hanggliding"": ""yes"", ""free_flying:paragliding"": ""yes"", ""free_flying:site"": ""takeoff""}",hg_0279
way,251885717,https://www.openstreetmap.org/way/251885717,Chez Marcel,46.296978,7.023822,,CH,Switzerland,Швейцария,takeoff,yes,yes,S-SW,"{""free_flying:hanggliding"": ""yes"", ""free_flying:paragliding"": ""yes"", ""free_flying:site"": ""takeoff""}",hg_0118
way,251885718,https://www.openstreetmap.org/way/251885718,Curnaux d'en bas,46.296577,7.020346,,CH,Switzerland,Швейцария,takeoff,yes,yes,,"{""free_flying:hanggliding"": ""yes"", ""free_flying:paragliding"": ""yes"", ""free_flying:site"": ""takeoff""}",hg_0118
way,252319109,https://www.openstreetmap.org/way/252319109,Col de la faucille,46.366780,6.009159,,FR,France (land mass),Франция,takeoff,yes,yes,NW,"{""free_flying:hanggliding"": ""yes"", ""free_flying:paragliding"": ""yes"", ""free_flying:site"": ""takeoff"", ""free_flying:site_orientation"": ""NW""}",hg_0003
way,252578062,https://www.openstreetmap.org/way/252578062,Gurli,46.713570,7.282836,1410,CH,Switzerland,Швейцария,takeoff,yes,yes,"NE,N","{""free_flying:hanggliding"": ""yes"", ""free_flying:paragliding"": ""yes"", ""free_flying:site"": ""takeoff"", ""free_flying:site_orientation"": ""NE,N""}",hg_0062
way,252622406,https://www.openstreetmap.org/way/252622406,Morond Décollage Ouest,46.750343,6.343999,1300,FR,France (land mass),Франция,takeoff,yes,yes,W;NW,"{""free_flying:hanggliding"": ""yes"", ""free_flying:official"": ""yes"", ""free_flying:paragliding"": ""yes"", ""free_flying:site"": ""takeoff"", ""free_flying:site_orientation"": ""W;NW""}",hg_0004
way,252622411,https://www.openstreetmap.org/way/252622411,Morond Décollage Sud,46.748764,6.347987,1361,FR,France (land mass),Франция,takeoff,yes,yes,S,"{""free_flying:hanggliding"": ""yes"", ""free_flying:official"": ""no"", ""free_flying:paragliding"": ""yes"", ""free_flying:site"": ""takeoff"", ""free_flying:site_orientation"": ""S""}",hg_0004
way,252622412,https://www.openstreetmap.org/way/252622412,Morond Décollage Nord,46.761078,6.356759,1251,FR,France (land mass),Франция,takeoff,yes,yes,N,"{""free_flying:hanggliding"": ""yes"", ""free_flying:official"": ""yes"", ""free_flying:paragliding"": ""yes"", ""free_flying:site"": ""takeoff"", ""free_flying:site_orientation"": ""N""}",hg_0004
way,252629843,https://www.openstreetmap.org/way/252629843,Déco de la Dent de Vaulion,46.684231,6.350599,1480,CH,Switzerland,Швейцария,takeoff,yes,yes,NO,"{""free_flying:hanggliding"": ""yes"", ""free_flying:official"": ""yes"", ""free_flying:paragliding"": ""yes"", ""free_flying:site"": ""takeoff"", ""free_flying:site_orientation"": ""NO""}",hg_0004
way,252629844,https://www.openstreetmap.org/way/252629844,Déco de la Dent de Vaulion,46.684132,6.350772,1480,CH,Switzerland,Швейцария,takeoff,yes,yes,NO,"{""free_flying:hanggliding"": ""yes"", ""free_flying:official"": ""yes"", ""free_flying:paragliding"": ""yes"", ""free_flying:site"": ""takeoff"", ""free_flying:site_orientation"": ""NO""}",hg_0004
way,255238580,https://www.openstreetmap.org/way/255238580,,49.568919,6.615556,,DE,Germany,Германия,takeoff,yes,no,,"{""free_flying:hanggliding"": ""yes"", ""free_flying:paragliding"": ""no"", ""free_flying:site"": ""takeoff""}",hg_0337
way,255531002,https://www.openstreetmap.org/way/255531002,Côtelette,46.779710,6.485563,,CH,Switzerland,Швейцария,takeoff,yes,,E;SE,"{""free_flying:hanggliding"": ""yes"", ""free_flying:site"": ""takeoff"", ""free_flying:site_orientation"": ""E;SE""}",hg_0004
way,268517377,https://www.openstreetmap.org/way/268517377,Mont-poupet N-NW,46.971570,5.877589,817,FR,France (land mass),Франция,takeoff,yes,yes,N;NW,"{""free_flying:hanggliding"": ""yes"", ""free_flying:official"": ""yes"", ""free_flying:paragliding"": ""yes"", ""free_flying:site"": ""takeoff"", ""free_flying:site_orientation"": ""N;NW""}",hg_0020
way,268517378,https://www.openstreetmap.org/way/268517378,Mont-poupet NW,46.970107,5.874239,817,FR,France (land mass),Франция,takeoff,yes,yes,NW,"{""free_flying:hanggliding"": ""yes"", ""free_flying:official"": ""yes"", ""free_flying:paragliding"": ""yes"", ""free_flying:site"": ""takeoff"", ""free_flying:site_orientation"": ""NW""}",hg_0020
way,268517380,https://www.openstreetmap.org/way/268517380,Mont-poupet S,46.969261,5.876276,817,FR,France (land mass),Франция,takeoff,yes,yes,S,"{""free_flying:hanggliding"": ""yes"", ""free_flying:official"": ""yes"", ""free_flying:paragliding"": ""yes"", ""free_flying:site"": ""takeoff"", ""free_flying:site_orientation"": ""S""}",hg_0020
way,278796571,https://www.openstreetmap.org/way/278796571,Nyons - garde-grosse,44.336656,5.154205,918,FR,France (land mass),Франция,takeoff,yes,yes,W;NW,"{""free_flying:hanggliding"": ""yes"", ""free_flying:official"": ""yes"", ""free_flying:paragliding"": ""yes"", ""free_flying:site"": ""takeoff"", ""free_flying:site_orientation"": ""W;NW""}",hg_0208
way,280446358,https://www.openstreetmap.org/way/280446358,Millau - Brunas,44.073228,3.064147,736,FR,France (land mass),Франция,takeoff,yes,yes,N;NW,"{""free_flying:hanggliding"": ""yes"", ""free_flying:official"": ""yes"", ""free_flying:paragliding"": ""yes"", ""free_flying:site"": ""takeoff"", ""free_flying:site_orientation"": ""N;NW""}",hg_0027
way,283082050,https://www.openstreetmap.org/way/283082050,Pedro Bernardo - Despegue Oeste,40.256717,-4.905456,,ES,Spain,Испания,,yes,yes,W;SW,"{""free_flying:hanggliding"": ""yes"", ""free_flying:official"": ""yes"", ""free_flying:paragliding"": ""yes"", ""free_flying:takeoff"": ""yes""}",hg_0166
way,288475674,https://www.openstreetmap.org/way/288475674,Nord-Rampe,47.733082,12.685697,,DE,Germany,Германия,takeoff,yes,,N,"{""free_flying:hanggliding"": ""yes"", ""free_flying:site"": ""takeoff"", ""free_flying:site_orientation"": ""N""}",hg_0022
way,290475657,https://www.openstreetmap.org/way/290475657,Prévondes,46.558365,6.946468,,CH,Switzerland,Швейцария,takeoff,yes,yes,,"{""free_flying:hanggliding"": ""yes"", ""free_flying:paragliding"": ""yes"", ""free_flying:site"": ""takeoff""}",hg_0061
way,294809863,https://www.openstreetmap.org/way/294809863,Südost-Rampe,47.733009,12.687121,,DE,Germany,Германия,takeoff,yes,,E;SE,"{""free_flying:hanggliding"": ""yes"", ""free_flying:site"": ""takeoff"", ""free_flying:site_orientation"": ""E;SE""}",hg_0022
way,294809965,https://www.openstreetmap.org/way/294809965,Nordwest-Startplatz,47.733088,12.686743,,DE,Germany,Германия,takeoff,yes,yes,NW,"{""free_flying:hanggliding"": ""yes"", ""free_flying:paragliding"": ""yes"", ""free_flying:site"": ""takeoff"", ""free_flying:site_orientation"": ""NW""}",hg_0022
way,294814236,https://www.openstreetmap.org/way/294814236,Nordstartplatz Unternberg,47.728612,12.638421,,DE,Germany,Германия,takeoff,yes,yes,"N,NW","{""free_flying:hanggliding"": ""yes"", ""free_flying:paragliding"": ""yes"", ""free_flying:site"": ""takeoff"", ""free_flying:site_orientation"": ""N,NW""}",hg_0022
way,294814761,https://www.openstreetmap.org/way/294814761,Südstartplatz Unternberg,47.725969,12.635644,,DE,Germany,Германия,takeoff,yes,yes,S,"{""free_flying:hanggliding"": ""yes"", ""free_flying:paragliding"": ""yes"", ""free_flying:site"": ""takeoff"", ""free_flying:site_orientation"": ""S""}",hg_0022
way,294842498,https://www.openstreetmap.org/way/294842498,Passy - Plaine Joux,45.949517,6.739527,1335,FR,France (land mass),Франция,takeoff,yes,yes,S;,"{""free_flying:hanggliding"": ""yes"", ""free_flying:official"": ""yes"", ""free_flying:paragliding"": ""yes"", ""free_flying:site"": ""takeoff"", ""free_flying:site_orientation"": ""S;""}",hg_0008
way,295809673,https://www.openstreetmap.org/way/295809673,,47.144747,11.307306,,AT,Austria,Австрия,takeoff,yes,,,"{""free_flying:hanggliding"": ""yes"", ""free_flying:site"": ""takeoff""}",hg_0036
way,295962637,https://www.openstreetmap.org/way/295962637,Drachenflugrampe Oststart,47.767400,12.420976,1017,DE,Germany,Германия,takeoff,yes,,NO,"{""free_flying:hanggliding"": ""yes"", ""free_flying:site"": ""takeoff"", ""free_flying:site_orientation"": ""NO""}",hg_0298
way,295964050,https://www.openstreetmap.org/way/295964050,Nordoststart,47.748283,12.250735,,DE,Germany,Германия,takeoff,yes,,NE,"{""free_flying:hanggliding"": ""yes"", ""free_flying:site"": ""takeoff"", ""free_flying:site_orientation"": ""NE""}",hg_0012
way,300268537,https://www.openstreetmap.org/way/300268537,Rampa de voo livre,38.462266,-9.192591,,PT,Portugal,Португалия,takeoff,yes,yes,,"{""free_flying:hanggliding"": ""yes"", ""free_flying:paragliding"": ""yes"", ""free_flying:site"": ""takeoff""}",hg_0165
way,300402095,https://www.openstreetmap.org/way/300402095,Décollage de parapente de Marlens,45.777331,6.339554,979,FR,France (land mass),Франция,takeoff,yes,yes,SE,"{""free_flying:hanggliding"": ""yes"", ""free_flying:official"": ""yes"", ""free_flying:paragliding"": ""yes"", ""free_flying:site"": ""takeoff"", ""free_flying:site_orientation"": ""SE""}",hg_0111
way,301613650,https://www.openstreetmap.org/way/301613650,,46.041841,11.316120,,IT,Italy,Италия,takeoff,yes,,S,"{""free_flying:hanggliding"": ""yes"", ""free_flying:site"": ""takeoff"", ""free_flying:site_orientation"": ""S""}",hg_0254
way,305796239,https://www.openstreetmap.org/way/305796239,déco de l'alevoux,45.122258,5.379080,841,FR,France (land mass),Франция,takeoff,yes,yes,N;SW;W;NW,"{""free_flying:hanggliding"": ""yes"", ""free_flying:official"": ""yes"", ""free_flying:paragliding"": ""yes"", ""free_flying:site"": ""takeoff"", ""free_flying:site_orientation"": ""N;SW;W;NW""}",hg_0230
way,306205753,https://www.openstreetmap.org/way/306205753,Décollage de Saint Jean en Royans,45.006688,5.317263,860,FR,France (land mass),Франция,takeoff,yes,yes,NW,"{""free_flying:guest-guidelines"": ""yes"", ""free_flying:hanggliding"": ""yes"", ""free_flying:no-flight-time"": ""no"", ""free_flying:official"": ""yes"", ""free_flying:paragliding"": ""yes"", ""free_flying:site"": ""takeoff"", ""free_flying:site_orientation"": ""NW""}",hg_0226
way,306594651,https://www.openstreetmap.org/way/306594651,Reinhardsmunster - spillberg,48.677476,7.311953,505,FR,France (land mass),Франция,takeoff,yes,yes,NE;E;SE,"{""free_flying:hanggliding"": ""yes"", ""free_flying:official"": ""yes"", ""free_flying:paragliding"": ""yes"", ""free_flying:site"": ""takeoff"", ""free_flying:site_orientation"": ""NE;E;SE""}",hg_0313
way,315645478,https://www.openstreetmap.org/way/315645478,Accous - delta,42.980505,-0.572750,1210,FR,France (land mass),Франция,takeoff,yes,yes,N;W;NW,"{""free_flying:hanggliding"": ""yes"", ""free_flying:official"": ""yes"", ""free_flying:paragliding"": ""yes"", ""free_flying:site"": ""takeoff"", ""free_flying:site_orientation"": ""N;W;NW""}",hg_0014
way,319268906,https://www.openstreetmap.org/way/319268906,Roche d'aujoux - mancey - nord-ouest,46.581288,4.818143,483,FR,France (land mass),Франция,takeoff,yes,yes,NW,"{""free_flying:hanggliding"": ""yes"", ""free_flying:official"": ""yes"", ""free_flying:paragliding"": ""yes"", ""free_flying:site"": ""takeoff"", ""free_flying:site_orientation"": ""NW""}",hg_0272
way,323000074,https://www.openstreetmap.org/way/323000074,décollage des Limouches,44.890609,5.141592,992,FR,France (land mass),Франция,takeoff,yes,yes,N;NW,"{""free_flying:hanggliding"": ""yes"", ""free_flying:official"": ""yes"", ""free_flying:paragliding"": ""yes"", ""free_flying:site"": ""takeoff"", ""free_flying:site_orientation"": ""N;NW""}",hg_0031
way,324985186,https://www.openstreetmap.org/way/324985186,,45.932452,11.173755,,IT,Italy,Италия,takeoff,yes,,,"{""free_flying:hanggliding"": ""yes"", ""free_flying:site"": ""takeoff""}",hg_0249
way,337268033,https://www.openstreetmap.org/way/337268033,Barjac,44.502102,3.418570,985,FR,France (land mass),Франция,takeoff,yes,yes,SW;W,"{""free_flying:hanggliding"": ""yes"", ""free_flying:official"": ""yes"", ""free_flying:paragliding"": ""yes"", ""free_flying:site"": ""takeoff"", ""free_flying:site_orientation"": ""SW;W""}",hg_0214
way,342073425,https://www.openstreetmap.org/way/342073425,,-28.807501,153.603456,,AU,Australia,Австралия,takeoff,yes,,,"{""free_flying:hanggliding"": ""yes"", ""free_flying:site"": ""takeoff""}",hg_0154
way,344255433,https://www.openstreetmap.org/way/344255433,Lachens sud ecole,43.736149,6.659698,1206,FR,France (land mass),Франция,takeoff,yes,yes,SE;S,"{""free_flying:hanggliding"": ""yes"", ""free_flying:official"": ""yes"", ""free_flying:paragliding"": ""yes"", ""free_flying:site"": ""takeoff"", ""free_flying:site_orientation"": ""SE;S""}",hg_0026
way,344255435,https://www.openstreetmap.org/way/344255435,Lachens sud - sud - col du lachens,43.744656,6.657140,1625,FR,France (land mass),Франция,takeoff,yes,yes,SE;S,"{""free_flying:hanggliding"": ""yes"", ""free_flying:official"": ""yes"", ""free_flying:paragliding"": ""yes"", ""free_flying:site"": ""takeoff"", ""free_flying:site_orientation"": ""SE;S""}",hg_0026
way,344255437,https://www.openstreetmap.org/way/344255437,Lachens ouest - ouest,43.739034,6.640888,1427,FR,France (land mass),Франция,takeoff,yes,yes,SW,"{""free_flying:hanggliding"": ""yes"", ""free_flying:official"": ""yes"", ""free_flying:paragliding"": ""yes"", ""free_flying:site"": ""takeoff"", ""free_flying:site_orientation"": ""SW""}",hg_0026
way,344268499,https://www.openstreetmap.org/way/344268499,Lachens nord - nord,43.745435,6.653062,1652,FR,France (land mass),Франция,takeoff,yes,yes,N,"{""free_flying:hanggliding"": ""yes"", ""free_flying:official"": ""yes"", ""free_flying:paragliding"": ""yes"", ""free_flying:site"": ""takeoff"", ""free_flying:site_orientation"": ""N""}",hg_0026
way,346370249,https://www.openstreetmap.org/way/346370249,Grandvillard,46.544151,7.113119,,CH,Switzerland,Швейцария,takeoff,yes,,,"{""free_flying:hanggliding"": ""yes"", ""free_flying:site"": ""takeoff""}",hg_0270
way,347973295,https://www.openstreetmap.org/way/347973295,Chindonne,46.214849,6.953791,,CH,Switzerland,Швейцария,takeoff,yes,yes,,"{""free_flying:hanggliding"": ""yes"", ""free_flying:paragliding"": ""yes"", ""free_flying:site"": ""takeoff""}",hg_0058
way,352273229,https://www.openstreetmap.org/way/352273229,Décollage Les Ruinettes Delta,46.090602,7.251639,,CH,Switzerland,Швейцария,takeoff,yes,no,,"{""free_flying:hanggliding"": ""yes"", ""free_flying:paragliding"": ""no"", ""free_flying:site"": ""takeoff""}",hg_0114
way,352273339,https://www.openstreetmap.org/way/352273339,Décollage Les Ruinettes,46.089206,7.254959,,CH,Switzerland,Швейцария,takeoff,yes,,,"{""free_flying:hanggliding"": ""yes"", ""free_flying:site"": ""takeoff""}",hg_0114
way,360607273,https://www.openstreetmap.org/way/360607273,Décollage Puy de la Monédière,45.485892,1.839692,899,FR,France (land mass),Франция,takeoff,yes,yes,N;NW,"{""free_flying:hanggliding"": ""yes"", ""free_flying:official"": ""yes"", ""free_flying:paragliding"": ""yes"", ""free_flying:site"": ""takeoff"", ""free_flying:site_orientation"": ""N;NW""}",hg_0053
way,361464897,https://www.openstreetmap.org/way/361464897,Décollage : Le Puy de Dôme,45.771004,2.960418,1450,FR,France (land mass),Франция,takeoff,yes,yes,"N,NE,E,SE,S,SW,W,NW","{""free_flying:hanggliding"": ""yes"", ""free_flying:official"": ""yes"", ""free_flying:paragliding"": ""yes"", ""free_flying:site"": ""takeoff"", ""free_flying:site_orientation"": ""N,NE,E,SE,S,SW,W,NW""}",hg_0108
way,364690003,https://www.openstreetmap.org/way/364690003,Décollage : Saint-Marc d'Ouilly,48.881835,-0.445595,180,FR,France (land mass),Франция,takeoff,yes,yes,NE,"{""free_flying:hanggliding"": ""yes"", ""free_flying:official"": ""yes"", ""free_flying:paragliding"": ""yes"", ""free_flying:site"": ""takeoff"", ""free_flying:site_orientation"": ""NE""}",hg_0039
way,368349102,https://www.openstreetmap.org/way/368349102,Signal de soi,46.185051,6.916487,1930,CH,Switzerland,Швейцария,takeoff,yes,yes,,"{""free_flying:hanggliding"": ""yes"", ""free_flying:paragliding"": ""yes"", ""free_flying:site"": ""takeoff""}",hg_0058
way,368402279,https://www.openstreetmap.org/way/368402279,Décollage de Bellevue,46.249489,6.904494,1703,CH,Switzerland,Швейцария,takeoff,yes,,,"{""free_flying:hanggliding"": ""yes"", ""free_flying:site"": ""takeoff""}",hg_0058
way,370498349,https://www.openstreetmap.org/way/370498349,Pedana di decollo Giulio Ravelli,46.193309,9.385645,,IT,Italy,Италия,takeoff,yes,,S,"{""free_flying:hanggliding"": ""yes"", ""free_flying:site"": ""takeoff"", ""free_flying:site_orientation"": ""S""}",hg_0260
way,376671380,https://www.openstreetmap.org/way/376671380,Paragliding Takeoff,51.869716,-0.537645,,GB,United Kingdom,Соединённое Королевство,takeoff,yes,yes,,"{""free_flying:hanggliding"": ""yes"", ""free_flying:paragliding"": ""yes"", ""free_flying:site"": ""takeoff""}",hg_0352
way,385776122,https://www.openstreetmap.org/way/385776122,Saint-pancrace - le relais,43.899582,5.920943,536,FR,France (land mass),Франция,takeoff,yes,yes,SW;W,"{""free_flying:hanggliding"": ""yes"", ""free_flying:official"": ""no"", ""free_flying:paragliding"": ""yes"", ""free_flying:site"": ""takeoff"", ""free_flying:site_orientation"": ""SW;W""}",hg_0199
way,385912397,https://www.openstreetmap.org/way/385912397,Gueret - le maupuy,46.163762,1.837735,594,FR,France (land mass),Франция,takeoff,yes,yes,NE;E,"{""free_flying:hanggliding"": ""yes"", ""free_flying:official"": ""yes"", ""free_flying:paragliding"": ""yes"", ""free_flying:site"": ""takeoff"", ""free_flying:site_orientation"": ""NE;E""}",hg_0116
way,385912398,https://www.openstreetmap.org/way/385912398,Aire de décollage du bois des Échelles,46.048389,1.448984,564,FR,France (land mass),Франция,takeoff,yes,yes,N;NE,"{""free_flying:hanggliding"": ""yes"", ""free_flying:official"": ""yes"", ""free_flying:paragliding"": ""yes"", ""free_flying:site"": ""takeoff"", ""free_flying:site_orientation"": ""N;NE""}",hg_0256
way,385921361,https://www.openstreetmap.org/way/385921361,Gueret - le maupuy - pierres civieres - nord,46.170303,1.830212,590,FR,France (land mass),Франция,takeoff,yes,yes,N;NE,"{""free_flying:hanggliding"": ""yes"", ""free_flying:official"": ""yes"", ""free_flying:paragliding"": ""yes"", ""free_flying:site"": ""takeoff"", ""free_flying:site_orientation"": ""N;NE""}",hg_0116
way,404988028,https://www.openstreetmap.org/way/404988028,Startplatz Radsberg,46.573428,14.403004,,AT,Austria,Австрия,takeoff;toplanding,yes,yes,,"{""free_flying:club"": ""yes"", ""free_flying:hanggliding"": ""yes"", ""free_flying:paragliding"": ""yes"", ""free_flying:site"": ""takeoff;toplanding""}",hg_0271
way,414778514,https://www.openstreetmap.org/way/414778514,Chabre nord,44.304336,5.779259,,FR,France (land mass),Франция,takeoff,yes,,,"{""free_flying:hanggliding"": ""yes"", ""free_flying:site"": ""takeoff""}",hg_0016
way,414778515,https://www.openstreetmap.org/way/414778515,Chabre nord,44.303159,5.776110,,FR,France (land mass),Франция,takeoff,yes,,,"{""free_flying:hanggliding"": ""yes"", ""free_flying:site"": ""takeoff""}",hg_0016
way,414778516,https://www.openstreetmap.org/way/414778516,Chabre Sud 2,44.297611,5.763433,1330,FR,France (land mass),Франция,takeoff,yes,yes,SE;S,"{""free_flying:hanggliding"": ""yes"", ""free_flying:official"": ""yes"", ""free_flying:paragliding"": ""yes"", ""free_flying:site"": ""takeoff"", ""free_flying:site_orientation"": ""SE;S""}",hg_0016
way,414779842,https://www.openstreetmap.org/way/414779842,Saint-geniez - les rayes,44.249163,6.066516,1363,FR,France (land mass),Франция,takeoff,yes,yes,SE;S;SW,"{""free_flying:hanggliding"": ""yes"", ""free_flying:official"": ""yes"", ""free_flying:paragliding"": ""yes"", ""free_flying:site"": ""takeoff"", ""free_flying:site_orientation"": ""SE;S;SW""}",hg_0205
way,414780323,https://www.openstreetmap.org/way/414780323,La batie neuve,44.584059,6.235503,1595,FR,France (land mass),Франция,takeoff,yes,yes,S;SW;W,"{""free_flying:hanggliding"": ""yes"", ""free_flying:official"": ""no"", ""free_flying:paragliding"": ""yes"", ""free_flying:site"": ""takeoff"", ""free_flying:site_orientation"": ""S;SW;W""}",hg_0217
way,417139388,https://www.openstreetmap.org/way/417139388,Décollage est sud-est,45.302751,5.885047,,FR,France (land mass),Франция,takeoff,yes,yes,,"{""free_flying:hanggliding"": ""yes"", ""free_flying:official"": ""yes"", ""free_flying:paragliding"": ""yes"", ""free_flying:rigid"": ""yes"", ""free_flying:site"": ""takeoff""}",hg_0017
way,417141502,https://www.openstreetmap.org/way/417141502,Le pas du Serpaton,44.910371,5.590766,1573,FR,France (land mass),Франция,takeoff,yes,yes,E;SE;S,"{""free_flying:hanggliding"": ""yes"", ""free_flying:official"": ""yes"", ""free_flying:paragliding"": ""yes"", ""free_flying:site"": ""takeoff"", ""free_flying:site_orientation"": ""E;SE;S""}",hg_0223
way,427594235,https://www.openstreetmap.org/way/427594235,Charezier - motte de gourdaine,46.620286,5.731897,562,FR,France (land mass),Франция,takeoff,yes,yes,SE;S;SW;,"{""free_flying:hanggliding"": ""yes"", ""free_flying:official"": ""yes"", ""free_flying:paragliding"": ""yes"", ""free_flying:site"": ""takeoff"", ""free_flying:site_orientation"": ""SE;S;SW;""}",hg_0273
way,433982183,https://www.openstreetmap.org/way/433982183,Décollage du Mont Guillaume,44.568498,6.432535,1603,FR,France (land mass),Франция,takeoff,yes,yes,SW,"{""free_flying:hanggliding"": ""yes"", ""free_flying:official"": ""yes"", ""free_flying:paragliding"": ""yes"", ""free_flying:site"": ""takeoff"", ""free_flying:site_orientation"": ""SW""}",hg_0216
way,437962445,https://www.openstreetmap.org/way/437962445,Décollage Valleé du Louron - 700,42.807510,0.376711,1661,FR,France (land mass),Франция,takeoff,yes,yes,E,"{""free_flying:hanggliding"": ""yes"", ""free_flying:official"": ""no"", ""free_flying:paragliding"": ""yes"", ""free_flying:site"": ""takeoff"", ""free_flying:site_orientation"": ""E""}",hg_0013
way,438408852,https://www.openstreetmap.org/way/438408852,Millau - pic d'Andan,44.135880,3.062637,769,FR,France (land mass),Франция,takeoff,yes,yes,SE,"{""free_flying:hanggliding"": ""yes"", ""free_flying:official"": ""yes"", ""free_flying:paragliding"": ""yes"", ""free_flying:site"": ""takeoff"", ""free_flying:site_orientation"": ""SE""}",hg_0027
way,438410608,https://www.openstreetmap.org/way/438410608,Décollage vol libre (nord-est),44.143520,1.772245,349,FR,France (land mass),Франция,takeoff,yes,yes,N;NE,"{""free_flying:hanggliding"": ""yes"", ""free_flying:official"": ""yes"", ""free_flying:paragliding"": ""yes"", ""free_flying:site"": ""takeoff"", ""free_flying:site_orientation"": ""N;NE""}",hg_0048
way,438410609,https://www.openstreetmap.org/way/438410609,Décollage vol libre (nord-ouest),44.144969,1.779948,319,FR,France (land mass),Франция,takeoff,yes,yes,W,"{""free_flying:hanggliding"": ""yes"", ""free_flying:official"": ""yes"", ""free_flying:paragliding"": ""yes"", ""free_flying:site"": ""takeoff"", ""free_flying:site_orientation"": ""W""}",hg_0048
way,438410611,https://www.openstreetmap.org/way/438410611,Décollage vol libre (sud),44.158734,1.773031,314,FR,France (land mass),Франция,takeoff,yes,yes,SE;S,"{""free_flying:hanggliding"": ""yes"", ""free_flying:official"": ""yes"", ""free_flying:paragliding"": ""yes"", ""free_flying:site"": ""takeoff"", ""free_flying:site_orientation"": ""SE;S""}",hg_0048
way,438469527,https://www.openstreetmap.org/way/438469527,Decollo Monte Valinis,46.230365,12.806829,975,IT,Italy,Италия,takeoff,yes,yes,"SW,S,SE","{""free_flying:hanggliding"": ""yes"", ""free_flying:paragliding"": ""yes"", ""free_flying:site"": ""takeoff"", ""free_flying:site_orientation"": ""SW,S,SE""}",hg_0261
way,442014653,https://www.openstreetmap.org/way/442014653,Poupet - La Côte,46.942271,5.843833,584,FR,France (land mass),Франция,takeoff,yes,yes,N;NE;,"{""free_flying:hanggliding"": ""yes"", ""free_flying:official"": ""no"", ""free_flying:paragliding"": ""yes"", ""free_flying:site"": ""takeoff"", ""free_flying:site_orientation"": ""N;NE;""}",hg_0020
way,442083374,https://www.openstreetmap.org/way/442083374,Mont bouquet - sud - la verriere,44.121975,4.278610,505,FR,France (land mass),Франция,takeoff,yes,yes,SE;S;SW,"{""free_flying:hanggliding"": ""yes"", ""free_flying:official"": ""yes"", ""free_flying:paragliding"": ""yes"", ""free_flying:site"": ""takeoff"", ""free_flying:site_orientation"": ""SE;S;SW""}",hg_0093
way,442083375,https://www.openstreetmap.org/way/442083375,Mont bouquet - la vierge,44.131947,4.285496,617,FR,France (land mass),Франция,takeoff,yes,yes,NE;E;SE,"{""free_flying:hanggliding"": ""yes"", ""free_flying:official"": ""yes"", ""free_flying:paragliding"": ""yes"", ""free_flying:site"": ""takeoff"", ""free_flying:site_orientation"": ""NE;E;SE""}",hg_0093
way,443056873,https://www.openstreetmap.org/way/443056873,Décollage de Dos D'Ane,-20.977410,55.368595,843,FR,France (land mass),Франция,takeoff,yes,yes,NW,"{""free_flying:hanggliding"": ""yes"", ""free_flying:official"": ""yes"", ""free_flying:paragliding"": ""yes"", ""free_flying:site"": ""takeoff"", ""free_flying:site_orientation"": ""NW""}",hg_0042
way,451041544,https://www.openstreetmap.org/way/451041544,Rampa de vôo livre,39.017752,-9.226412,,PT,Portugal,Португалия,takeoff,yes,yes,,"{""free_flying:hanggliding"": ""yes"", ""free_flying:paragliding"": ""yes"", ""free_flying:site"": ""takeoff""}",hg_0080
way,451078884,https://www.openstreetmap.org/way/451078884,Rampa de vôo livre,39.017298,-9.226589,,PT,Portugal,Португалия,takeoff,yes,yes,,"{""free_flying:hanggliding"": ""yes"", ""free_flying:paragliding"": ""yes"", ""free_flying:site"": ""takeoff""}",hg_0080
way,456552238,https://www.openstreetmap.org/way/456552238,Décollage FFVL des Mémises,46.380052,6.724839,,FR,France (land mass),Франция,takeoff,yes,yes,,"{""free_flying:hanggliding"": ""yes"", ""free_flying:paragliding"": ""yes"", ""free_flying:site"": ""takeoff""}",hg_0060
way,456552458,https://www.openstreetmap.org/way/456552458,"Décollage FFVL des Mémises ""le Lanvanchy""",46.381223,6.727913,1621,FR,France (land mass),Франция,takeoff,yes,yes,,"{""free_flying:hanggliding"": ""yes"", ""free_flying:paragliding"": ""yes"", ""free_flying:site"": ""takeoff""}",hg_0060
way,456552717,https://www.openstreetmap.org/way/456552717,Décollage FFVL Le Hucel Thollon,46.398976,6.704099,,FR,France (land mass),Франция,takeoff,yes,yes,,"{""free_flying:hanggliding"": ""yes"", ""free_flying:paragliding"": ""yes"", ""free_flying:site"": ""takeoff""}",hg_0060
way,456635534,https://www.openstreetmap.org/way/456635534,Monedieres - la fournaise,45.467840,1.851034,876,FR,France (land mass),Франция,takeoff,yes,yes,S;SW,"{""free_flying:hanggliding"": ""yes"", ""free_flying:official"": ""yes"", ""free_flying:paragliding"": ""yes"", ""free_flying:site"": ""takeoff"", ""free_flying:site_orientation"": ""S;SW""}",hg_0053
way,456635535,https://www.openstreetmap.org/way/456635535,Monédières - la table d'orientation,45.471138,1.842442,896,FR,France (land mass),Франция,takeoff,yes,yes,SE;S;SW,"{""free_flying:hanggliding"": ""yes"", ""free_flying:official"": ""yes"", ""free_flying:paragliding"": ""yes"", ""free_flying:site"": ""takeoff"", ""free_flying:site_orientation"": ""SE;S;SW""}",hg_0053
way,497269013,https://www.openstreetmap.org/way/497269013,Chamoux - Montendry,45.529368,6.252474,1283,FR,France (land mass),Франция,takeoff,yes,yes,S,"{""free_flying:hanggliding"": ""yes"", ""free_flying:official"": ""yes"", ""free_flying:paragliding"": ""yes"", ""free_flying:site"": ""takeoff"", ""free_flying:site_orientation"": ""S""}",hg_0054
way,497269015,https://www.openstreetmap.org/way/497269015,Décollage deltaplane de Montmin,45.813429,6.245933,1280,FR,France (land mass),Франция,takeoff,yes,no,,"{""free_flying:hanggliding"": ""yes"", ""free_flying:official"": ""yes"", ""free_flying:paragliding"": ""no"", ""free_flying:rigid"": ""yes"", ""free_flying:site"": ""takeoff"", ""free_flying:tandem"": ""yes""}",hg_0111
way,505983973,https://www.openstreetmap.org/way/505983973,,47.567148,15.230504,,AT,Austria,Австрия,takeoff,yes,no,S,"{""free_flying:hanggliding"": ""yes"", ""free_flying:paragliding"": ""no"", ""free_flying:site"": ""takeoff"", ""free_flying:site_orientation"": ""S""}",hg_0295
way,508150353,https://www.openstreetmap.org/way/508150353,Site de décollage de Commes,49.346172,-0.725825,68,FR,France (land mass),Франция,takeoff,yes,yes,,"{""free_flying:hanggliding"": ""yes"", ""free_flying:official"": ""yes"", ""free_flying:paragliding"": ""yes"", ""free_flying:site"": ""takeoff""}",hg_0136
way,517767152,https://www.openstreetmap.org/way/517767152,Le Couteau,46.293604,6.499006,1311,FR,France (land mass),Франция,takeoff,yes,yes,N;NW,"{""free_flying:hanggliding"": ""yes"", ""free_flying:official"": ""yes"", ""free_flying:paragliding"": ""yes"", ""free_flying:site"": ""takeoff"", ""free_flying:site_orientation"": ""N;NW""}",hg_0117
way,535046750,https://www.openstreetmap.org/way/535046750,Decollo Campanara,45.779320,11.502344,730,IT,Italy,Италия,takeoff,yes,yes,S,"{""free_flying:hanggliding"": ""yes"", ""free_flying:paragliding"": ""yes"", ""free_flying:site"": ""takeoff"", ""free_flying:site_orientation"": ""S""}",hg_0056
way,581872848,https://www.openstreetmap.org/way/581872848,Sortida de Parapent i Ala Delta,42.046550,0.745735,,ES,Spain,Испания,takeoff,yes,yes,,"{""free_flying:hanggliding"": ""yes"", ""free_flying:official"": ""yes"", ""free_flying:paragliding"": ""yes"", ""free_flying:rigid"": ""yes"", ""free_flying:site"": ""takeoff""}",hg_0169
way,585733709,https://www.openstreetmap.org/way/585733709,Absprungrampe Einkorn,49.090007,9.775476,451,DE,Germany,Германия,takeoff,yes,yes,W,"{""free_flying:hanggliding"": ""yes"", ""free_flying:paragliding"": ""yes"", ""free_flying:site"": ""takeoff"", ""free_flying:site_orientation"": ""W""}",hg_0327
way,614188662,https://www.openstreetmap.org/way/614188662,,-31.702167,152.678525,,AU,Australia,Австралия,takeoff,yes,,,"{""free_flying:hanggliding"": ""yes"", ""free_flying:site"": ""takeoff""}",hg_0153
way,619261601,https://www.openstreetmap.org/way/619261601,Décollage DELTA est sud-est,45.301235,5.883682,989,FR,France (land mass),Франция,takeoff,yes,no,NE;E;SE,"{""free_flying:hanggliding"": ""yes"", ""free_flying:official"": ""yes"", ""free_flying:paragliding"": ""no"", ""free_flying:rigid"": ""yes"", ""free_flying:site"": ""takeoff"", ""free_flying:site_orientation"": ""NE;E;SE""}",hg_0017
way,620734423,https://www.openstreetmap.org/way/620734423,Alp Scheidegg,47.303918,8.942985,,CH,Switzerland,Швейцария,,yes,yes,"SW,W,NW","{""free_flying:ground_handling"": ""permissive"", ""free_flying:guest-guidelines"": ""yes"", ""free_flying:hanggliding"": ""yes"", ""free_flying:landing"": ""yes"", ""free_flying:official"": ""yes"", ""free_flying:paragliding"": ""yes"", ""free_flying:rigid"": ""yes"", ""free_flying:site_orientation"": ""SW,W,NW"", ""free_flying:takeoff"": ""yes"", ""free_flying:towing"": ""no""}",hg_0286
way,625099821,https://www.openstreetmap.org/way/625099821,Letanne-beaumont - mont-fort,49.557145,5.060707,253,FR,France (land mass),Франция,takeoff,yes,yes,NE;E,"{""free_flying:hanggliding"": ""yes"", ""free_flying:official"": ""yes"", ""free_flying:paragliding"": ""yes"", ""free_flying:site"": ""takeoff"", ""free_flying:site_orientation"": ""NE;E""}",hg_0140
way,627370360,https://www.openstreetmap.org/way/627370360,Bisanne - sud,45.746869,6.507256,1933,FR,France (land mass),Франция,takeoff,yes,yes,SE;S;SW,"{""free_flying:hanggliding"": ""yes"", ""free_flying:official"": ""yes"", ""free_flying:paragliding"": ""yes"", ""free_flying:site"": ""takeoff"", ""free_flying:site_orientation"": ""SE;S;SW""}",hg_0019
way,631572751,https://www.openstreetmap.org/way/631572751,Västhanget Ålleberg,58.136301,13.597285,327,SE,Sweden,Швеция,takeoff,yes,yes,WNW,"{""free_flying:hanggliding"": ""yes"", ""free_flying:official"": ""yes"", ""free_flying:paragliding"": ""yes"", ""free_flying:site"": ""takeoff"", ""free_flying:site_orientation"": ""WNW""}",hg_0144
way,631585406,https://www.openstreetmap.org/way/631585406,Osthanget Ålleberg,58.137433,13.609736,327,SE,Sweden,Швеция,takeoff,yes,yes,E,"{""free_flying:hanggliding"": ""yes"", ""free_flying:official"": ""yes"", ""free_flying:paragliding"": ""yes"", ""free_flying:site"": ""takeoff"", ""free_flying:site_orientation"": ""E""}",hg_0144
way,641990311,https://www.openstreetmap.org/way/641990311,Monceaux-sur-dordogne - bros,45.066625,1.899809,450,FR,France (land mass),Франция,takeoff,yes,yes,NE,"{""free_flying:hanggliding"": ""yes"", ""free_flying:official"": ""yes"", ""free_flying:paragliding"": ""yes"", ""free_flying:site"": ""takeoff"", ""free_flying:site_orientation"": ""NE""}",hg_0051
way,650168678,https://www.openstreetmap.org/way/650168678,Soult,44.897998,1.654254,252,FR,France (land mass),Франция,takeoff,yes,yes,W;NW,"{""free_flying:hanggliding"": ""yes"", ""free_flying:official"": ""yes"", ""free_flying:paragliding"": ""yes"", ""free_flying:site"": ""takeoff"", ""free_flying:site_orientation"": ""W;NW""}",hg_0102
way,664780113,https://www.openstreetmap.org/way/664780113,Décollage FFVL le Bouant,46.161038,5.839108,1037,FR,France (land mass),Франция,takeoff,yes,yes,S;SW,"{""free_flying:hanggliding"": ""yes"", ""free_flying:official"": ""yes"", ""free_flying:paragliding"": ""yes"", ""free_flying:site"": ""takeoff"", ""free_flying:site_orientation"": ""S;SW""}",hg_0009
way,664780114,https://www.openstreetmap.org/way/664780114,Décollage FFVL la Charmante,46.138127,5.856060,1348,FR,France (land mass),Франция,takeoff,yes,yes,S;SW;W;NW,"{""free_flying:hanggliding"": ""yes"", ""free_flying:official"": ""yes"", ""free_flying:paragliding"": ""yes"", ""free_flying:site"": ""takeoff"", ""free_flying:site_orientation"": ""S;SW;W;NW""}",hg_0009
way,664785320,https://www.openstreetmap.org/way/664785320,Décollage FFVL de Catray,46.110444,5.756796,1074,FR,France (land mass),Франция,takeoff,yes,yes,E,"{""free_flying:hanggliding"": ""yes"", ""free_flying:official"": ""yes"", ""free_flying:paragliding"": ""yes"", ""free_flying:site"": ""takeoff"", ""free_flying:site_orientation"": ""E""}",hg_0009
way,684702985,https://www.openstreetmap.org/way/684702985,Startrampe Niederhorn Delta,46.710069,7.773227,,CH,Switzerland,Швейцария,takeoff,yes,,W,"{""free_flying:hanggliding"": ""yes"", ""free_flying:site"": ""takeoff"", ""free_flying:site_orientation"": ""W""}",hg_0034
way,685085772,https://www.openstreetmap.org/way/685085772,Cuges-les-pins - pey gros,43.271629,5.668491,443,FR,France (land mass),Франция,takeoff,yes,yes,E;SE;S,"{""free_flying:hanggliding"": ""yes"", ""free_flying:official"": ""yes"", ""free_flying:paragliding"": ""yes"", ""free_flying:site"": ""takeoff"", ""free_flying:site_orientation"": ""E;SE;S""}",hg_0015
way,705548743,https://www.openstreetmap.org/way/705548743,Le Roc Ouest,44.873500,1.450564,279,FR,France (land mass),Франция,takeoff,yes,yes,W,"{""free_flying:hanggliding"": ""yes"", ""free_flying:official"": ""no"", ""free_flying:paragliding"": ""yes"", ""free_flying:site"": ""takeoff"", ""free_flying:site_orientation"": ""W""}",hg_0222
way,708312169,https://www.openstreetmap.org/way/708312169,Echenoz-la-meline - bois de breuleux,47.600599,6.128165,363,FR,France (land mass),Франция,takeoff,yes,yes,E,"{""free_flying:hanggliding"": ""yes"", ""free_flying:official"": ""yes"", ""free_flying:paragliding"": ""yes"", ""free_flying:site"": ""takeoff"", ""free_flying:site_orientation"": ""E""}",hg_0065
way,708316886,https://www.openstreetmap.org/way/708316886,Chariez - camp de cesar sud-ouest,47.622302,6.089862,366,FR,France (land mass),Франция,takeoff,yes,yes,SW,"{""free_flying:hanggliding"": ""yes"", ""free_flying:official"": ""yes"", ""free_flying:paragliding"": ""yes"", ""free_flying:site"": ""takeoff"", ""free_flying:site_orientation"": ""SW""}",hg_0065
way,711229878,https://www.openstreetmap.org/way/711229878,Bellemene 850,-21.022613,55.321991,733,FR,France (land mass),Франция,takeoff,yes,yes,SE;S;SW;W;NW,"{""free_flying:hanggliding"": ""yes"", ""free_flying:official"": ""yes"", ""free_flying:paragliding"": ""yes"", ""free_flying:site"": ""takeoff"", ""free_flying:site_orientation"": ""SE;S;SW;W;NW""}",hg_0042
way,713602307,https://www.openstreetmap.org/way/713602307,Les Burnes,46.429314,6.132339,,CH,Switzerland,Швейцария,takeoff,yes,yes,,"{""free_flying:hanggliding"": ""yes"", ""free_flying:paragliding"": ""yes"", ""free_flying:site"": ""takeoff""}",hg_0003
way,713995606,https://www.openstreetmap.org/way/713995606,Chabraire,45.156773,2.732640,1522,FR,France (land mass),Франция,takeoff,yes,yes,N;W;NW,"{""free_flying:hanggliding"": ""yes"", ""free_flying:official"": ""yes"", ""free_flying:paragliding"": ""yes"", ""free_flying:site"": ""takeoff"", ""free_flying:site_orientation"": ""N;W;NW""}",hg_0000
way,713995928,https://www.openstreetmap.org/way/713995928,Chabraire Nord,45.160346,2.732991,1488,FR,France (land mass),Франция,takeoff,yes,yes,N;NW,"{""free_flying:hanggliding"": ""yes"", ""free_flying:paragliding"": ""yes"", ""free_flying:site"": ""takeoff"", ""free_flying:site_orientation"": ""N;NW""}",hg_0000
way,713996379,https://www.openstreetmap.org/way/713996379,Niermont Est,45.147506,2.732970,1600,FR,France (land mass),Франция,takeoff,yes,yes,E;SE,"{""free_flying:hanggliding"": ""yes"", ""free_flying:paragliding"": ""yes"", ""free_flying:site"": ""takeoff"", ""free_flying:site_orientation"": ""E;SE""}",hg_0000
way,713996380,https://www.openstreetmap.org/way/713996380,"Niermont Sud, Sud Est",45.148443,2.735684,1560,FR,France (land mass),Франция,takeoff,yes,yes,"S,SE","{""free_flying:hanggliding"": ""yes"", ""free_flying:paragliding"": ""yes"", ""free_flying:site"": ""takeoff"", ""free_flying:site_orientation"": ""S,SE""}",hg_0000
way,713996381,https://www.openstreetmap.org/way/713996381,Niermont Sud Ouest,45.147488,2.732048,1600,FR,France (land mass),Франция,takeoff,yes,yes,SW,"{""free_flying:hanggliding"": ""yes"", ""free_flying:paragliding"": ""yes"", ""free_flying:site"": ""takeoff"", ""free_flying:site_orientation"": ""SW""}",hg_0000
way,714426013,https://www.openstreetmap.org/way/714426013,Puy de la Tourte Nord Est,45.126573,2.674629,1649,FR,France (land mass),Франция,takeoff,yes,yes,NE,"{""free_flying:hanggliding"": ""yes"", ""free_flying:official"": ""no"", ""free_flying:paragliding"": ""yes"", ""free_flying:site"": ""takeoff"", ""free_flying:site_orientation"": ""NE""}",hg_0000
way,714433927,https://www.openstreetmap.org/way/714433927,Rocher-de-laqueuille-ne,45.148427,2.794544,1262,FR,France (land mass),Франция,takeoff,yes,yes,NE,"{""free_flying:hanggliding"": ""yes"", ""free_flying:official"": ""yes"", ""free_flying:paragliding"": ""yes"", ""free_flying:site"": ""takeoff"", ""free_flying:site_orientation"": ""NE""}",hg_0000
way,714739717,https://www.openstreetmap.org/way/714739717,Col de Redondet,45.104282,2.661486,1503,FR,France (land mass),Франция,takeoff,yes,yes,S;SE,"{""free_flying:hanggliding"": ""yes"", ""free_flying:official"": ""no"", ""free_flying:paragliding"": ""yes"", ""free_flying:site"": ""takeoff"", ""free_flying:site_orientation"": ""S;SE""}",hg_0000
way,715573866,https://www.openstreetmap.org/way/715573866,Super morzine,46.191046,6.722306,1548,FR,France (land mass),Франция,takeoff,yes,yes,SW,"{""free_flying:hanggliding"": ""yes"", ""free_flying:official"": ""yes"", ""free_flying:paragliding"": ""yes"", ""free_flying:site"": ""takeoff"", ""free_flying:site_orientation"": ""SW""}",hg_0008
way,719984998,https://www.openstreetmap.org/way/719984998,,47.333474,11.565275,,AT,Austria,Австрия,takeoff,yes,,,"{""free_flying:hanggliding"": ""yes"", ""free_flying:site"": ""takeoff""}",hg_0292
way,722196649,https://www.openstreetmap.org/way/722196649,,36.968029,128.381078,,KR,South Korea,Республика Корея,takeoff,yes,yes,"W;NW,N","{""free_flying:hanggliding"": ""yes"", ""free_flying:official"": ""yes"", ""free_flying:paragliding"": ""yes"", ""free_flying:rigid"": ""yes"", ""free_flying:site"": ""takeoff"", ""free_flying:site_orientation"": ""W;NW,N""}",hg_0163
way,724328371,https://www.openstreetmap.org/way/724328371,Stettelberg,47.813596,9.075631,590,DE,Germany,Германия,takeoff,yes,yes,SE; W,"{""free_flying:hanggliding"": ""yes"", ""free_flying:official"": ""yes"", ""free_flying:paragliding"": ""yes"", ""free_flying:site"": ""takeoff"", ""free_flying:site_orientation"": ""SE; W""}",hg_0299
way,737097143,https://www.openstreetmap.org/way/737097143,Breitenbach - pelage - sud-est,48.383142,7.283026,946,FR,France (land mass),Франция,takeoff,yes,yes,E;SE;S,"{""free_flying:hanggliding"": ""yes"", ""free_flying:official"": ""yes"", ""free_flying:paragliding"": ""yes"", ""free_flying:site"": ""takeoff"", ""free_flying:site_orientation"": ""E;SE;S""}",hg_0066
way,781513122,https://www.openstreetmap.org/way/781513122,S3,51.319973,8.538572,,DE,Germany,Германия,takeoff,yes,yes,W,"{""free_flying:hanggliding"": ""yes"", ""free_flying:official"": ""yes"", ""free_flying:paragliding"": ""yes"", ""free_flying:site"": ""takeoff"", ""free_flying:site_orientation"": ""W""}",hg_0023
way,781513123,https://www.openstreetmap.org/way/781513123,S2,51.315819,8.547446,,DE,Germany,Германия,takeoff,yes,yes,W,"{""free_flying:hanggliding"": ""yes"", ""free_flying:official"": ""yes"", ""free_flying:paragliding"": ""yes"", ""free_flying:site"": ""takeoff"", ""free_flying:site_orientation"": ""W""}",hg_0023
way,781513126,https://www.openstreetmap.org/way/781513126,,51.318273,8.545162,,DE,Germany,Германия,takeoff,yes,,,"{""free_flying:hanggliding"": ""yes"", ""free_flying:site"": ""takeoff""}",hg_0023
way,781513127,https://www.openstreetmap.org/way/781513127,S1,51.318074,8.544936,,DE,Germany,Германия,takeoff,yes,yes,SW,"{""free_flying:hanggliding"": ""yes"", ""free_flying:official"": ""yes"", ""free_flying:paragliding"": ""yes"", ""free_flying:site"": ""takeoff"", ""free_flying:site_orientation"": ""SW""}",hg_0023
way,788538184,https://www.openstreetmap.org/way/788538184,,45.395607,2.462119,811,FR,France (land mass),Франция,takeoff,yes,yes,E;SE;S,"{""free_flying:hanggliding"": ""yes"", ""free_flying:official"": ""no"", ""free_flying:paragliding"": ""yes"", ""free_flying:site"": ""takeoff"", ""free_flying:site_orientation"": ""E;SE;S""}",hg_0238
way,790527929,https://www.openstreetmap.org/way/790527929,Décollage FFVL de Très-le-mont,46.285522,6.489135,1359,FR,France (land mass),Франция,takeoff,yes,yes,"NW, W","{""free_flying:hanggliding"": ""yes"", ""free_flying:official"": ""yes"", ""free_flying:paragliding"": ""yes"", ""free_flying:site"": ""takeoff"", ""free_flying:site_orientation"": ""NW, W""}",hg_0117
way,790534640,https://www.openstreetmap.org/way/790534640,Décollage FFVL de Varan,45.944542,6.681788,1612,FR,France (land mass),Франция,takeoff,yes,yes,S;,"{""free_flying:hanggliding"": ""yes"", ""free_flying:official"": ""yes"", ""free_flying:paragliding"": ""yes"", ""free_flying:site"": ""takeoff"", ""free_flying:site_orientation"": ""S;""}",hg_0008
way,790537853,https://www.openstreetmap.org/way/790537853,Décollage FFVL de Samoens les Saix 1600,46.054003,6.697605,1588,FR,France (land mass),Франция,takeoff,yes,yes,N;NW,"{""free_flying:hanggliding"": ""yes"", ""free_flying:official"": ""yes"", ""free_flying:paragliding"": ""yes"", ""free_flying:site"": ""takeoff"", ""free_flying:site_orientation"": ""N;NW""}",hg_0008
way,790541955,https://www.openstreetmap.org/way/790541955,Décollage FFVL Mieussy Platière,46.144431,6.547561,1654,FR,France (land mass),Франция,takeoff,yes,yes,SW;W,"{""free_flying:hanggliding"": ""yes"", ""free_flying:official"": ""yes"", ""free_flying:paragliding"": ""yes"", ""free_flying:site"": ""takeoff"", ""free_flying:site_orientation"": ""SW;W""}",hg_0115
way,790651733,https://www.openstreetmap.org/way/790651733,Décollage FFVL Mieussy Pertuiset,46.141334,6.546093,1596,FR,France (land mass),Франция,takeoff,yes,yes,"W, SW, S, SE","{""free_flying:hanggliding"": ""yes"", ""free_flying:official"": ""yes"", ""free_flying:paragliding"": ""yes"", ""free_flying:site"": ""takeoff"", ""free_flying:site_orientation"": ""W, SW, S, SE""}",hg_0115
way,790740952,https://www.openstreetmap.org/way/790740952,Décollage parapente de Courtet,44.770178,5.798118,1365,FR,France (land mass),Франция,takeoff,yes,yes,N;NW,"{""free_flying:hanggliding"": ""yes"", ""free_flying:official"": ""yes"", ""free_flying:paragliding"": ""yes"", ""free_flying:site"": ""takeoff"", ""free_flying:site_orientation"": ""N;NW""}",hg_0221
way,790786777,https://www.openstreetmap.org/way/790786777,"Décollage FFVL ""la Kedeusaz""",46.031536,6.670440,1800,FR,France (land mass),Франция,takeoff,yes,yes,N;W;NW,"{""free_flying:hanggliding"": ""yes"", ""free_flying:official"": ""yes"", ""free_flying:paragliding"": ""yes"", ""free_flying:site"": ""takeoff"", ""free_flying:site_orientation"": ""N;W;NW""}",hg_0008
way,791149071,https://www.openstreetmap.org/way/791149071,Décollage FFVL du Chat,45.663014,5.821356,1456,FR,France (land mass),Франция,takeoff,yes,yes,N;W;NW,"{""free_flying:hanggliding"": ""yes"", ""free_flying:official"": ""yes"", ""free_flying:paragliding"": ""yes"", ""free_flying:site"": ""takeoff"", ""free_flying:site_orientation"": ""N;W;NW""}",hg_0107
way,794430206,https://www.openstreetmap.org/way/794430206,Altenberg - rocher-du-coucou,48.298803,7.311844,772,FR,France (land mass),Франция,takeoff,yes,yes,NE;E,"{""free_flying:hanggliding"": ""yes"", ""free_flying:official"": ""yes"", ""free_flying:paragliding"": ""yes"", ""free_flying:site"": ""takeoff"", ""free_flying:site_orientation"": ""NE;E""}",hg_0066
way,797025637,https://www.openstreetmap.org/way/797025637,Startrampe Falkenflue,46.824003,7.636838,1005,CH,Switzerland,Швейцария,takeoff,yes,,"W,NW","{""free_flying:hanggliding"": ""yes"", ""free_flying:site"": ""takeoff"", ""free_flying:site_orientation"": ""W,NW""}",hg_0277
way,800152388,https://www.openstreetmap.org/way/800152388,Area decollo parapendio Bielli,45.787370,11.635890,,IT,Italy,Италия,,yes,yes,E;SE;S,"{""free_flying:altitude"": ""840"", ""free_flying:guest-guidelines"": ""yes"", ""free_flying:hanggliding"": ""yes"", ""free_flying:landing"": ""yes"", ""free_flying:paragliding"": ""yes"", ""free_flying:takeoff"": ""yes""}",hg_0007
way,816168066,https://www.openstreetmap.org/way/816168066,Décollage FFVL de Montaud,45.244721,5.574772,1290,FR,France (land mass),Франция,takeoff,yes,yes,N;NW,"{""free_flying:hanggliding"": ""yes"", ""free_flying:official"": ""yes"", ""free_flying:paragliding"": ""yes"", ""free_flying:site"": ""takeoff"", ""free_flying:site_orientation"": ""N;NW""}",hg_0234
way,820181388,https://www.openstreetmap.org/way/820181388,Orcieres - cairn ouest,44.698106,6.304438,2071,FR,France (land mass),Франция,takeoff,yes,yes,SW;W;NW,"{""free_flying:hanggliding"": ""yes"", ""free_flying:official"": ""yes"", ""free_flying:paragliding"": ""yes"", ""free_flying:site"": ""takeoff"", ""free_flying:site_orientation"": ""SW;W;NW""}",hg_0101
way,835614696,https://www.openstreetmap.org/way/835614696,,43.357327,12.750206,,IT,Italy,Италия,takeoff,yes,no,,"{""free_flying:hanggliding"": ""yes"", ""free_flying:paragliding"": ""no"", ""free_flying:rigid"": ""yes"", ""free_flying:site"": ""takeoff""}",hg_0191
way,837190473,https://www.openstreetmap.org/way/837190473,,44.592581,-86.222566,,US,United States,Соединённые Штаты Америки,takeoff,yes,,,"{""free_flying:hanggliding"": ""yes"", ""free_flying:site"": ""takeoff""}",hg_0218
way,844820939,https://www.openstreetmap.org/way/844820939,,44.434036,2.400423,,FR,France (land mass),Франция,,yes,yes,S-E,"{""free_flying:hanggliding"": ""yes"", ""free_flying:paragliding"": ""yes"", ""free_flying:takeoff"": ""yes""}",hg_0211
way,845659978,https://www.openstreetmap.org/way/845659978,,45.998304,15.092532,,SI,Slovenia,Словения,takeoff,yes,yes,S,"{""free_flying:hanggliding"": ""yes"", ""free_flying:paragliding"": ""yes"", ""free_flying:site"": ""takeoff"", ""free_flying:site_orientation"": ""S""}",hg_0251
way,871780488,https://www.openstreetmap.org/way/871780488,,-33.694271,151.310948,,AU,Australia,Австралия,takeoff,yes,yes,,"{""free_flying:hanggliding"": ""yes"", ""free_flying:official"": ""yes"", ""free_flying:paragliding"": ""yes"", ""free_flying:site"": ""takeoff""}",hg_0151
way,888146090,https://www.openstreetmap.org/way/888146090,Drachenfliegerplatz Neumagen-Dhron,49.877418,6.887712,,DE,Germany,Германия,takeoff,yes,no,SE-NE,"{""free_flying:guest-guidelines"": ""yes"", ""free_flying:hanggliding"": ""yes"", ""free_flying:official"": ""yes"", ""free_flying:paragliding"": ""no"", ""free_flying:site"": ""takeoff"", ""free_flying:site_orientation"": ""SE-NE""}",hg_0341
way,888440227,https://www.openstreetmap.org/way/888440227,Décollage Vercorin,46.259416,7.528873,,CH,Switzerland,Швейцария,takeoff,yes,yes,"W,NW","{""free_flying:hanggliding"": ""yes"", ""free_flying:paragliding"": ""yes"", ""free_flying:site"": ""takeoff"", ""free_flying:site_orientation"": ""W,NW""}",hg_0059
way,888443730,https://www.openstreetmap.org/way/888443730,Décollage Crêt-du-Midi Ouest,46.229307,7.528376,,CH,Switzerland,Швейцария,takeoff,yes,yes,"SW,W,NW,N","{""free_flying:hanggliding"": ""yes"", ""free_flying:paragliding"": ""yes"", ""free_flying:site"": ""takeoff"", ""free_flying:site_orientation"": ""SW,W,NW,N""}",hg_0059
way,888443731,https://www.openstreetmap.org/way/888443731,Décollage Crêt-du-Midi Est,46.228864,7.530085,,CH,Switzerland,Швейцария,takeoff,yes,yes,"NE,E,SE","{""free_flying:hanggliding"": ""yes"", ""free_flying:paragliding"": ""yes"", ""free_flying:site"": ""takeoff"", ""free_flying:site_orientation"": ""NE,E,SE""}",hg_0059
way,923528606,https://www.openstreetmap.org/way/923528606,Sapenay - le belvedere - delta,45.811022,5.864233,864,FR,France (land mass),Франция,takeoff,yes,,SW;W;NW,"{""free_flying:hanggliding"": ""yes"", ""free_flying:official"": ""no"", ""free_flying:site"": ""takeoff"", ""free_flying:site_orientation"": ""SW;W;NW""}",hg_0110
way,930978852,https://www.openstreetmap.org/way/930978852,Décollage FFVL du Poizat-Lalleyriat,46.142106,5.705560,1163,FR,France (land mass),Франция,takeoff,yes,yes,"N,NW,W","{""free_flying:hanggliding"": ""yes"", ""free_flying:official"": ""yes"", ""free_flying:paragliding"": ""yes"", ""free_flying:site"": ""takeoff"", ""free_flying:site_orientation"": ""N,NW,W""}",hg_0009
way,935906717,https://www.openstreetmap.org/way/935906717,Montagne de parves,45.739287,5.728050,595,FR,France (land mass),Франция,takeoff,yes,yes,SW;W;NW;,"{""free_flying:hanggliding"": ""yes"", ""free_flying:official"": ""yes"", ""free_flying:paragliding"": ""yes"", ""free_flying:site"": ""takeoff"", ""free_flying:site_orientation"": ""SW;W;NW;""}",hg_0242
way,948786215,https://www.openstreetmap.org/way/948786215,,49.721180,9.288382,,DE,Germany,Германия,takeoff,yes,yes,WNW,"{""free_flying:hanggliding"": ""yes"", ""free_flying:paragliding"": ""yes"", ""free_flying:site"": ""takeoff"", ""free_flying:site_orientation"": ""WNW""}",hg_0141
way,950001014,https://www.openstreetmap.org/way/950001014,,49.733981,9.207210,,DE,Germany,Германия,takeoff,yes,yes,S,"{""free_flying:hanggliding"": ""yes"", ""free_flying:paragliding"": ""yes"", ""free_flying:site"": ""takeoff"", ""free_flying:site_orientation"": ""S""}",hg_0141
way,1041990389,https://www.openstreetmap.org/way/1041990389,Côte de Jor,45.017126,1.070676,222,FR,France (land mass),Франция,takeoff,yes,yes,SE,"{""free_flying:hanggliding"": ""yes"", ""free_flying:official"": ""yes"", ""free_flying:paragliding"": ""yes"", ""free_flying:site"": ""takeoff"", ""free_flying:site_orientation"": ""SE""}",hg_0227
way,1043854988,https://www.openstreetmap.org/way/1043854988,La seranne - sud,43.868922,3.640688,899,FR,France (land mass),Франция,takeoff,yes,yes,N;S;SW;NW,"{""free_flying:hanggliding"": ""yes"", ""free_flying:official"": ""yes"", ""free_flying:paragliding"": ""yes"", ""free_flying:site"": ""takeoff"", ""free_flying:site_orientation"": ""N;S;SW;NW""}",hg_0198
way,1063394558,https://www.openstreetmap.org/way/1063394558,Chabre Sud 1,44.298597,5.766733,1330,FR,France (land mass),Франция,takeoff,yes,yes,SE;S,"{""free_flying:hanggliding"": ""yes"", ""free_flying:official"": ""yes"", ""free_flying:paragliding"": ""yes"", ""free_flying:site"": ""takeoff"", ""free_flying:site_orientation"": ""SE;S""}",hg_0016
way,1064461127,https://www.openstreetmap.org/way/1064461127,Mount Woodside,49.243488,-121.887551,,CA,Canada,Канада,takeoff,yes,yes,,"{""free_flying:hanggliding"": ""yes"", ""free_flying:official"": ""yes"", ""free_flying:paragliding"": ""yes"", ""free_flying:site"": ""takeoff""}",hg_0333
way,1065141931,https://www.openstreetmap.org/way/1065141931,Echevannes - longeville - les doues,47.067224,6.234305,703,FR,France (land mass),Франция,takeoff,yes,yes,W,"{""free_flying:hanggliding"": ""yes"", ""free_flying:official"": ""yes"", ""free_flying:paragliding"": ""yes"", ""free_flying:site"": ""takeoff"", ""free_flying:site_orientation"": ""W""}",hg_0282
way,1073569370,https://www.openstreetmap.org/way/1073569370,Aubas,45.088585,1.215156,195,FR,France (land mass),Франция,takeoff,yes,yes,"NE,N,NO","{""free_flying:hanggliding"": ""yes"", ""free_flying:official"": ""yes"", ""free_flying:paragliding"": ""yes"", ""free_flying:site"": ""takeoff"", ""free_flying:site_orientation"": ""NE,N,NO""}",hg_0104
way,1073569371,https://www.openstreetmap.org/way/1073569371,La foret - la foret,45.116805,1.255919,219,FR,France (land mass),Франция,takeoff,yes,yes,N,"{""free_flying:hanggliding"": ""yes"", ""free_flying:official"": ""yes"", ""free_flying:paragliding"": ""yes"", ""free_flying:site"": ""takeoff"", ""free_flying:site_orientation"": ""N""}",hg_0104
way,1079290015,https://www.openstreetmap.org/way/1079290015,Menez-hom,48.220607,-4.236369,308,FR,France (land mass),Франция,takeoff,yes,yes,N;NW,"{""free_flying:hanggliding"": ""yes"", ""free_flying:official"": ""yes"", ""free_flying:paragliding"": ""yes"", ""free_flying:site"": ""takeoff"", ""free_flying:site_orientation"": ""N;NW""}",hg_0129
way,1080986173,https://www.openstreetmap.org/way/1080986173,Fluggelände Jägerkamp/Nagelspitz,47.679141,11.905103,1560,DE,Germany,Германия,takeoff,yes,yes,"WNW,W,O","{""free_flying:hanggliding"": ""yes"", ""free_flying:official"": ""yes"", ""free_flying:paragliding"": ""yes"", ""free_flying:site"": ""takeoff"", ""free_flying:site_orientation"": ""WNW,W,O""}",hg_0012
way,1082594078,https://www.openstreetmap.org/way/1082594078,,-30.679169,150.611581,,AU,Australia,Австралия,takeoff,yes,yes,,"{""free_flying:hanggliding"": ""yes"", ""free_flying:paragliding"": ""yes"", ""free_flying:site"": ""takeoff""}",hg_0024
way,1082594079,https://www.openstreetmap.org/way/1082594079,,-30.679593,150.610148,,AU,Australia,Австралия,takeoff,yes,yes,,"{""free_flying:hanggliding"": ""yes"", ""free_flying:paragliding"": ""yes"", ""free_flying:site"": ""takeoff""}",hg_0024
way,1082594081,https://www.openstreetmap.org/way/1082594081,,-30.679107,150.608756,,AU,Australia,Австралия,takeoff,yes,yes,,"{""free_flying:hanggliding"": ""yes"", ""free_flying:paragliding"": ""yes"", ""free_flying:site"": ""takeoff""}",hg_0024
way,1082594082,https://www.openstreetmap.org/way/1082594082,,-30.672808,150.615863,,AU,Australia,Австралия,takeoff,yes,yes,,"{""free_flying:hanggliding"": ""yes"", ""free_flying:paragliding"": ""yes"", ""free_flying:site"": ""takeoff""}",hg_0024
way,1108293558,https://www.openstreetmap.org/way/1108293558,Delémont,47.379511,7.315744,,CH,Switzerland,Швейцария,takeoff,yes,yes,S,"{""free_flying:ground_handling"": ""no"", ""free_flying:hanggliding"": ""yes"", ""free_flying:paragliding"": ""yes"", ""free_flying:site"": ""takeoff"", ""free_flying:site_orientation"": ""S""}",hg_0121
way,1130739803,https://www.openstreetmap.org/way/1130739803,Raimeux Sud,47.299319,7.425146,,CH,Switzerland,Швейцария,takeoff,yes,yes,,"{""free_flying:hanggliding"": ""yes"", ""free_flying:paragliding"": ""yes"", ""free_flying:site"": ""takeoff""}",hg_0120
way,1144448135,https://www.openstreetmap.org/way/1144448135,Boécourt,47.362816,7.206444,,CH,Switzerland,Швейцария,takeoff,yes,yes,SE,"{""free_flying:hanggliding"": ""yes"", ""free_flying:paragliding"": ""yes"", ""free_flying:site"": ""takeoff"", ""free_flying:site_orientation"": ""SE""}",hg_0121
way,1157662272,https://www.openstreetmap.org/way/1157662272,Poele sauvage,48.036153,6.615655,776,FR,France (land mass),Франция,takeoff,yes,yes,SW,"{""free_flying:hanggliding"": ""yes"", ""free_flying:official"": ""yes"", ""free_flying:paragliding"": ""yes"", ""free_flying:site"": ""takeoff"", ""free_flying:site_orientation"": ""SW""}",hg_0126
way,1159021790,https://www.openstreetmap.org/way/1159021790,Saint-Dié - Kemberg,48.256638,6.932125,681,FR,France (land mass),Франция,takeoff,yes,yes,NE;E,"{""free_flying:hanggliding"": ""yes"", ""free_flying:official"": ""yes"", ""free_flying:paragliding"": ""yes"", ""free_flying:site"": ""takeoff"", ""free_flying:site_orientation"": ""NE;E""}",hg_0305
way,1159897397,https://www.openstreetmap.org/way/1159897397,Levante SE,36.898434,-5.393221,,ES,Spain,Испания,takeoff,yes,yes,SE,"{""free_flying:hanggliding"": ""yes"", ""free_flying:official"": ""yes"", ""free_flying:paragliding"": ""yes"", ""free_flying:site"": ""takeoff"", ""free_flying:site_orientation"": ""SE""}",hg_0079
way,1159897398,https://www.openstreetmap.org/way/1159897398,Levante SW,36.898106,-5.394207,,ES,Spain,Испания,takeoff,yes,yes,SW,"{""free_flying:hanggliding"": ""yes"", ""free_flying:official"": ""yes"", ""free_flying:paragliding"": ""yes"", ""free_flying:site"": ""takeoff"", ""free_flying:site_orientation"": ""SW""}",hg_0079
way,1160644155,https://www.openstreetmap.org/way/1160644155,سایت پرواز پاراگلایدر پردی,27.463582,54.304559,1690,IR,Iran,Иран,takeoff,,yes,"E,SE,S,SW,W","{""free_flying:guest-guidelines"": ""yes"", ""free_flying:paragliding"": ""yes"", ""free_flying:rigid"": ""yes"", ""free_flying:site"": ""takeoff"", ""free_flying:site_orientation"": ""E,SE,S,SW,W"", ""free_flying:tandem"": ""yes""}",hg_0074
way,1160647770,https://www.openstreetmap.org/way/1160647770,سایت پرواز پاراگلایدر گنو- مدرسه,27.362506,56.154777,580,IR,Iran,Иран,takeoff,,yes,"E,SE,S","{""free_flying:guest-guidelines"": ""yes"", ""free_flying:paragliding"": ""yes"", ""free_flying:rigid"": ""yes"", ""free_flying:site"": ""takeoff"", ""free_flying:site_orientation"": ""E,SE,S"", ""free_flying:tandem"": ""yes""}",hg_0044
way,1160672943,https://www.openstreetmap.org/way/1160672943,سایت پرواز پاراگلایدر گنو- نیوی,27.362128,56.162732,650,IR,Iran,Иран,takeoff,,yes,"S,SW,W","{""free_flying:guest-guidelines"": ""yes"", ""free_flying:paragliding"": ""yes"", ""free_flying:rigid"": ""yes"", ""free_flying:site"": ""takeoff"", ""free_flying:site_orientation"": ""S,SW,W"", ""free_flying:tandem"": ""yes""}",hg_0044
way,1162979935,https://www.openstreetmap.org/way/1162979935,سایت پرواز پاراگلایدر کوه سفید جناح,26.935631,54.386962,1385,IR,Iran,Иран,takeoff,,yes,"E,SE,S,SW,W","{""free_flying:guest-guidelines"": ""yes"", ""free_flying:paragliding"": ""yes"", ""free_flying:rigid"": ""yes"", ""free_flying:site"": ""takeoff"", ""free_flying:site_orientation"": ""E,SE,S,SW,W"", ""free_flying:tandem"": ""yes""}",hg_0043
way,1164800973,https://www.openstreetmap.org/way/1164800973,"Décollage FFVL d'Allevard - Bajin, La Chapelle Saint Christophe",45.385130,6.038603,984,FR,France (land mass),Франция,takeoff,yes,yes,"NE,E","{""free_flying:hanggliding"": ""yes"", ""free_flying:official"": ""yes"", ""free_flying:paragliding"": ""yes"", ""free_flying:rigid"": ""yes"", ""free_flying:site"": ""takeoff"", ""free_flying:site_orientation"": ""NE,E""}",hg_0018
way,1169252502,https://www.openstreetmap.org/way/1169252502,سایت پرواز پاراگلایدر سغ,27.816825,56.390688,1240,IR,Iran,Иран,takeoff,,yes,"SE,S,SW","{""free_flying:guest-guidelines"": ""yes"", ""free_flying:paragliding"": ""yes"", ""free_flying:rigid"": ""yes"", ""free_flying:site"": ""takeoff"", ""free_flying:site_orientation"": ""SE,S,SW"", ""free_flying:tandem"": ""yes""}",hg_0075
way,1173551903,https://www.openstreetmap.org/way/1173551903,Mt. McKenzie Upper Launch,50.365772,-122.786526,1252,CA,Canada,Канада,takeoff,yes,yes,225,"{""free_flying:guest-guidelines"": ""yes"", ""free_flying:hanggliding"": ""yes"", ""free_flying:official"": ""yes"", ""free_flying:paragliding"": ""yes"", ""free_flying:site"": ""takeoff""}",hg_0347
way,1173887473,https://www.openstreetmap.org/way/1173887473,Amisbühl,46.702416,7.822284,1340,CH,Switzerland,Швейцария,takeoff,yes,yes,SE,"{""free_flying:hanggliding"": ""yes"", ""free_flying:official"": ""yes"", ""free_flying:paragliding"": ""yes"", ""free_flying:site"": ""takeoff"", ""free_flying:site_orientation"": ""SE""}",hg_0034
way,1174923569,https://www.openstreetmap.org/way/1174923569,Gleitschirmstartplatz Luegibrüggli,46.690908,7.810322,,CH,Switzerland,Швейцария,takeoff,yes,yes,S,"{""free_flying:hanggliding"": ""yes"", ""free_flying:official"": ""yes"", ""free_flying:paragliding"": ""yes"", ""free_flying:site"": ""takeoff"", ""free_flying:site_orientation"": ""S""}",hg_0034
way,1176440701,https://www.openstreetmap.org/way/1176440701,سایت پرواز پاراگلایدر گنو- شاهی,27.397390,56.169012,1540,IR,Iran,Иран,takeoff,,yes,"S,SW,W","{""free_flying:guest-guidelines"": ""yes"", ""free_flying:paragliding"": ""yes"", ""free_flying:rigid"": ""yes"", ""free_flying:site"": ""takeoff"", ""free_flying:site_orientation"": ""S,SW,W"", ""free_flying:tandem"": ""yes""}",hg_0044
way,1186070568,https://www.openstreetmap.org/way/1186070568,سایت پرواز پاراگلایدر آذرخش- داراب,28.851329,54.573302,2340,IR,Iran,Иран,takeoff,,yes,"S,SW,SE","{""free_flying:guest-guidelines"": ""yes"", ""free_flying:paragliding"": ""yes"", ""free_flying:rigid"": ""yes"", ""free_flying:site"": ""takeoff"", ""free_flying:site_orientation"": ""S,SW,SE"", ""free_flying:tandem"": ""yes""}",hg_0076
way,1189100856,https://www.openstreetmap.org/way/1189100856,سایت پرواز پاراگلایدر کرند-غرب,34.280999,46.256233,2020,IR,Iran,Иран,takeoff,,yes,"SE,S,SW","{""free_flying:guest-guidelines"": ""yes"", ""free_flying:paragliding"": ""yes"", ""free_flying:rigid"": ""yes"", ""free_flying:site"": ""takeoff"", ""free_flying:site_orientation"": ""SE,S,SW"", ""free_flying:tandem"": ""yes""}",hg_0078
way,1190155425,https://www.openstreetmap.org/way/1190155425,Startplatz Fringeliflüe,47.371436,7.479409,,CH,Switzerland,Швейцария,takeoff,yes,,N,"{""free_flying:hanggliding"": ""yes"", ""free_flying:site"": ""takeoff"", ""free_flying:site_orientation"": ""N""}",hg_0120
way,1197650444,https://www.openstreetmap.org/way/1197650444,Signes - agnis - agnis - se et sw,43.302129,5.872902,711,FR,France (land mass),Франция,takeoff,yes,yes,SE;S;SW,"{""free_flying:hanggliding"": ""yes"", ""free_flying:official"": ""yes"", ""free_flying:paragliding"": ""yes"", ""free_flying:site"": ""takeoff"", ""free_flying:site_orientation"": ""SE;S;SW""}",hg_0189
way,1202310670,https://www.openstreetmap.org/way/1202310670,Argeliers,43.315330,2.884304,209,FR,France (land mass),Франция,takeoff,yes,yes,E;SE,"{""free_flying:hanggliding"": ""yes"", ""free_flying:official"": ""yes"", ""free_flying:paragliding"": ""yes"", ""free_flying:site"": ""takeoff"", ""free_flying:site_orientation"": ""E;SE""}",hg_0190
way,1202814391,https://www.openstreetmap.org/way/1202814391,Décollage Piton Textor,-21.187505,55.635078,2127,FR,France (land mass),Франция,takeoff,yes,yes,N,"{""free_flying:hanggliding"": ""yes"", ""free_flying:official"": ""yes"", ""free_flying:paragliding"": ""yes"", ""free_flying:site"": ""takeoff"", ""free_flying:site_orientation"": ""N""}",hg_0157
way,1214637661,https://www.openstreetmap.org/way/1214637661,Saint Côme,43.835132,4.197559,192,FR,France (land mass),Франция,takeoff,yes,yes,SE;S;SW,"{""free_flying:hanggliding"": ""yes"", ""free_flying:official"": ""yes"", ""free_flying:paragliding"": ""yes"", ""free_flying:site"": ""takeoff"", ""free_flying:site_orientation"": ""SE;S;SW""}",hg_0089
way,1227438395,https://www.openstreetmap.org/way/1227438395,Décollage des Plagnes,45.385427,6.147794,2068,FR,France (land mass),Франция,takeoff,yes,yes,S;SW,"{""free_flying:hanggliding"": ""yes"", ""free_flying:official"": ""yes"", ""free_flying:paragliding"": ""yes"", ""free_flying:site"": ""takeoff"", ""free_flying:site_orientation"": ""S;SW""}",hg_0018
way,1227641951,https://www.openstreetmap.org/way/1227641951,Décollage du Treh-Markstein SW,47.925359,7.011402,1216,FR,France (land mass),Франция,takeoff,yes,yes,S;SW;W;NW,"{""free_flying:hanggliding"": ""yes"", ""free_flying:official"": ""yes"", ""free_flying:orientation"": ""SW;W;NW"", ""free_flying:paragliding"": ""yes"", ""free_flying:site"": ""takeoff"", ""free_flying:site_orientation"": ""S;SW;W;NW""}",hg_0005
way,1227672537,https://www.openstreetmap.org/way/1227672537,Aussois - angle bellecote,45.253896,6.736982,2340,FR,France (land mass),Франция,takeoff,yes,yes,E;SE;S,"{""free_flying:hanggliding"": ""yes"", ""free_flying:official"": ""no"", ""free_flying:paragliding"": ""yes"", ""free_flying:site"": ""takeoff"", ""free_flying:site_orientation"": ""E;SE;S""}",hg_0105
way,1230709046,https://www.openstreetmap.org/way/1230709046,Col d'Ey - principal,44.311107,5.281691,770,FR,France (land mass),Франция,takeoff,yes,yes,N;NE;NW,"{""free_flying:hanggliding"": ""yes"", ""free_flying:official"": ""yes"", ""free_flying:paragliding"": ""yes"", ""free_flying:site"": ""takeoff"", ""free_flying:site_orientation"": ""N;NE;NW""}",hg_0097
way,1230709051,https://www.openstreetmap.org/way/1230709051,Décollage Soubeyrand,44.375556,5.333136,1212,FR,France (land mass),Франция,takeoff,yes,yes,S;SW;W,"{""free_flying:hanggliding"": ""yes"", ""free_flying:official"": ""yes"", ""free_flying:paragliding"": ""yes"", ""free_flying:site"": ""takeoff"", ""free_flying:site_orientation"": ""S;SW;W""}",hg_0097
way,1232242960,https://www.openstreetmap.org/way/1232242960,Cordes saint marcel campes test,44.063790,1.970130,291,FR,France (land mass),Франция,takeoff,yes,yes,N;NE;NW,"{""free_flying:hanggliding"": ""yes"", ""free_flying:official"": ""yes"", ""free_flying:paragliding"": ""yes"", ""free_flying:site"": ""takeoff"", ""free_flying:site_orientation"": ""N;NE;NW""}",hg_0091
way,1232243620,https://www.openstreetmap.org/way/1232243620,Chariez - camp de cesar nord,47.626419,6.089408,351,FR,France (land mass),Франция,takeoff,yes,yes,SO;O,"{""free_flying:hanggliding"": ""yes"", ""free_flying:official"": ""yes"", ""free_flying:paragliding"": ""yes"", ""free_flying:site"": ""takeoff"", ""free_flying:site_orientation"": ""SO;O""}",hg_0065
way,1232243917,https://www.openstreetmap.org/way/1232243917,Lezat - belvedere,46.503299,5.936809,899,FR,France (land mass),Франция,takeoff,yes,yes,SE;S,"{""free_flying:hanggliding"": ""yes"", ""free_flying:official"": ""yes"", ""free_flying:paragliding"": ""yes"", ""free_flying:site"": ""takeoff"", ""free_flying:site_orientation"": ""SE;S""}",hg_0268
way,1232244822,https://www.openstreetmap.org/way/1232244822,Noirmont - junior n°3,46.485034,6.098041,1213,FR,France (land mass),Франция,takeoff,yes,yes,N;NW,"{""free_flying:hanggliding"": ""yes"", ""free_flying:official"": ""yes"", ""free_flying:paragliding"": ""yes"", ""free_flying:site"": ""takeoff"", ""free_flying:site_orientation"": ""N;NW""}",hg_0003
way,1232250095,https://www.openstreetmap.org/way/1232250095,Verdun - crouzille,42.790518,1.706058,1045,FR,France (land mass),Франция,takeoff,yes,yes,W,"{""free_flying:hanggliding"": ""yes"", ""free_flying:official"": ""yes"", ""free_flying:paragliding"": ""yes"", ""free_flying:site"": ""takeoff"", ""free_flying:site_orientation"": ""W""}",hg_0085
way,1232252384,https://www.openstreetmap.org/way/1232252384,Char de moulis,42.952007,1.100686,840,FR,France (land mass),Франция,takeoff,yes,yes,N;NE,"{""free_flying:hanggliding"": ""yes"", ""free_flying:official"": ""yes"", ""free_flying:paragliding"": ""yes"", ""free_flying:site"": ""takeoff"", ""free_flying:site_orientation"": ""N;NE""}",hg_0025
way,1232253537,https://www.openstreetmap.org/way/1232253537,Cazavet - cazeaux,42.983869,1.036371,866,FR,France (land mass),Франция,takeoff,yes,yes,N;NE;E,"{""free_flying:hanggliding"": ""yes"", ""free_flying:official"": ""yes"", ""free_flying:paragliding"": ""yes"", ""free_flying:site"": ""takeoff"", ""free_flying:site_orientation"": ""N;NE;E""}",hg_0025
way,1232253913,https://www.openstreetmap.org/way/1232253913,Col de la core,42.862562,1.108190,1466,FR,France (land mass),Франция,takeoff,yes,yes,NW,"{""free_flying:hanggliding"": ""yes"", ""free_flying:official"": ""yes"", ""free_flying:paragliding"": ""yes"", ""free_flying:site"": ""takeoff"", ""free_flying:site_orientation"": ""NW""}",hg_0025
way,1232254220,https://www.openstreetmap.org/way/1232254220,Arrout - sapiniere d'arront,42.943402,1.014688,899,FR,France (land mass),Франция,takeoff,yes,yes,NE;E,"{""free_flying:hanggliding"": ""yes"", ""free_flying:official"": ""yes"", ""free_flying:paragliding"": ""yes"", ""free_flying:site"": ""takeoff"", ""free_flying:site_orientation"": ""NE;E""}",hg_0025
way,1232254717,https://www.openstreetmap.org/way/1232254717,L'arrech (guzet) - pic de l'arrech,42.771048,1.302304,1738,FR,France (land mass),Франция,takeoff,yes,yes,SE;NW,"{""free_flying:hanggliding"": ""yes"", ""free_flying:official"": ""no"", ""free_flying:paragliding"": ""yes"", ""free_flying:site"": ""takeoff"", ""free_flying:site_orientation"": ""SE;NW""}",hg_0045
way,1232254908,https://www.openstreetmap.org/way/1232254908,Peyre mensongere,42.798428,1.231089,1675,FR,France (land mass),Франция,takeoff,yes,yes,N;NE;E;W;NW,"{""free_flying:hanggliding"": ""yes"", ""free_flying:official"": ""no"", ""free_flying:paragliding"": ""yes"", ""free_flying:site"": ""takeoff"", ""free_flying:site_orientation"": ""N;NE;E;W;NW""}",hg_0045
way,1232254923,https://www.openstreetmap.org/way/1232254923,Septmoncel,46.370970,5.898609,1026,FR,France (land mass),Франция,takeoff,yes,yes,W,"{""free_flying:hanggliding"": ""yes"", ""free_flying:official"": ""yes"", ""free_flying:paragliding"": ""yes"", ""free_flying:site"": ""takeoff"", ""free_flying:site_orientation"": ""W""}",hg_0003
way,1232255546,https://www.openstreetmap.org/way/1232255546,Grauves,48.982604,3.963723,225,FR,France (land mass),Франция,takeoff,yes,yes,SW,"{""free_flying:hanggliding"": ""yes"", ""free_flying:official"": ""yes"", ""free_flying:paragliding"": ""yes"", ""free_flying:site"": ""takeoff"", ""free_flying:site_orientation"": ""SW""}",hg_0322
way,1232256407,https://www.openstreetmap.org/way/1232256407,Port a binson,49.072576,3.762458,204,FR,France (land mass),Франция,takeoff,yes,yes,N,"{""free_flying:hanggliding"": ""yes"", ""free_flying:official"": ""yes"", ""free_flying:paragliding"": ""yes"", ""free_flying:site"": ""takeoff"", ""free_flying:site_orientation"": ""N""}",hg_0326
way,1232257343,https://www.openstreetmap.org/way/1232257343,Vireux,50.087958,4.701026,189,FR,France (land mass),Франция,takeoff,yes,yes,S;,"{""free_flying:hanggliding"": ""yes"", ""free_flying:official"": ""yes"", ""free_flying:paragliding"": ""yes"", ""free_flying:site"": ""takeoff"", ""free_flying:site_orientation"": ""S;""}",hg_0346
way,1232257734,https://www.openstreetmap.org/way/1232257734,Haulme - liry,49.862727,4.778639,350,FR,France (land mass),Франция,takeoff,yes,yes,NE;E,"{""free_flying:hanggliding"": ""yes"", ""free_flying:official"": ""yes"", ""free_flying:paragliding"": ""yes"", ""free_flying:site"": ""takeoff"", ""free_flying:site_orientation"": ""NE;E""}",hg_0340
way,1232260453,https://www.openstreetmap.org/way/1232260453,Osmoy-saint-valery - combe-sur-mont-blanc,49.787627,1.294031,154,FR,France (land mass),Франция,takeoff,yes,yes,NE,"{""free_flying:hanggliding"": ""yes"", ""free_flying:official"": ""no"", ""free_flying:paragliding"": ""yes"", ""free_flying:site"": ""takeoff"", ""free_flying:site_orientation"": ""NE""}",hg_0339
way,1232261067,https://www.openstreetmap.org/way/1232261067,Mont-de-la-clique - pente-ouest-monchy,49.891084,1.676997,169,FR,France (land mass),Франция,takeoff,yes,yes,W,"{""free_flying:hanggliding"": ""yes"", ""free_flying:official"": ""yes"", ""free_flying:paragliding"": ""yes"", ""free_flying:site"": ""takeoff"", ""free_flying:site_orientation"": ""W""}",hg_0342
way,1232263375,https://www.openstreetmap.org/way/1232263375,Sainte colombe,48.120883,3.904435,261,FR,France (land mass),Франция,takeoff,yes,yes,W,"{""free_flying:hanggliding"": ""yes"", ""free_flying:official"": ""yes"", ""free_flying:paragliding"": ""yes"", ""free_flying:site"": ""takeoff"", ""free_flying:site_orientation"": ""W""}",hg_0303
way,1232263571,https://www.openstreetmap.org/way/1232263571,La Roche-à-Busnel (décollage),48.993299,-0.498790,112,FR,France (land mass),Франция,takeoff,yes,yes,E;SE,"{""free_flying:hanggliding"": ""yes"", ""free_flying:official"": ""yes"", ""free_flying:paragliding"": ""yes"", ""free_flying:site"": ""takeoff"", ""free_flying:site_orientation"": ""E;SE""}",hg_0039
way,1232268123,https://www.openstreetmap.org/way/1232268123,Les richards,44.681173,6.231291,1537,FR,France (land mass),Франция,takeoff,yes,yes,S;SW;W;NW,"{""free_flying:hanggliding"": ""yes"", ""free_flying:official"": ""yes"", ""free_flying:paragliding"": ""yes"", ""free_flying:site"": ""takeoff"", ""free_flying:site_orientation"": ""S;SW;W;NW""}",hg_0101
way,1232268658,https://www.openstreetmap.org/way/1232268658,Mont dardon sud - uxeau,46.675792,4.035819,482,FR,France (land mass),Франция,takeoff,yes,yes,S,"{""free_flying:hanggliding"": ""yes"", ""free_flying:official"": ""yes"", ""free_flying:paragliding"": ""yes"", ""free_flying:site"": ""takeoff"", ""free_flying:site_orientation"": ""S""}",hg_0274
way,1232268832,https://www.openstreetmap.org/way/1232268832,Uchon,46.806901,4.253137,650,FR,France (land mass),Франция,takeoff,yes,yes,W;NW,"{""free_flying:hanggliding"": ""yes"", ""free_flying:official"": ""yes"", ""free_flying:paragliding"": ""yes"", ""free_flying:site"": ""takeoff"", ""free_flying:site_orientation"": ""W;NW""}",hg_0063
way,1232269328,https://www.openstreetmap.org/way/1232269328,La Certenue - Mesvres,46.853089,4.281787,594,FR,France (land mass),Франция,takeoff,yes,yes,N;NE;,"{""free_flying:hanggliding"": ""yes"", ""free_flying:official"": ""yes"", ""free_flying:paragliding"": ""yes"", ""free_flying:site"": ""takeoff"", ""free_flying:site_orientation"": ""N;NE;""}",hg_0063
way,1232269337,https://www.openstreetmap.org/way/1232269337,La-jasserie,45.385125,4.567850,1374,FR,France (land mass),Франция,takeoff,yes,yes,N;W;NW,"{""free_flying:hanggliding"": ""yes"", ""free_flying:official"": ""yes"", ""free_flying:paragliding"": ""yes"", ""free_flying:site"": ""takeoff"", ""free_flying:site_orientation"": ""N;W;NW""}",hg_0237
way,1232269872,https://www.openstreetmap.org/way/1232269872,Arcy sur cure,47.600309,3.776636,231,FR,France (land mass),Франция,takeoff,yes,yes,S;SW,"{""free_flying:hanggliding"": ""yes"", ""free_flying:official"": ""yes"", ""free_flying:paragliding"": ""yes"", ""free_flying:site"": ""takeoff"", ""free_flying:site_orientation"": ""S;SW""}",hg_0296
way,1232524413,https://www.openstreetmap.org/way/1232524413,Megeve - rochebrune,45.832385,6.613942,1733,FR,France (land mass),Франция,takeoff,yes,yes,N;NE;SW;W;NW,"{""free_flying:hanggliding"": ""yes"", ""free_flying:official"": ""yes"", ""free_flying:paragliding"": ""yes"", ""free_flying:site"": ""takeoff"", ""free_flying:site_orientation"": ""N;NE;SW;W;NW""}",hg_0245
way,1232747031,https://www.openstreetmap.org/way/1232747031,Tuchenn-ar-kador,48.373273,-3.952520,375,FR,France (land mass),Франция,takeoff,yes,yes,E;SE,"{""free_flying:hanggliding"": ""yes"", ""free_flying:official"": ""yes"", ""free_flying:paragliding"": ""yes"", ""free_flying:site"": ""takeoff"", ""free_flying:site_orientation"": ""E;SE""}",hg_0308
way,1232751906,https://www.openstreetmap.org/way/1232751906,L'Ébaudiaz,45.606601,6.379822,1783,FR,France (land mass),Франция,takeoff,yes,yes,NW,"{""free_flying:hanggliding"": ""yes"", ""free_flying:official"": ""yes"", ""free_flying:paragliding"": ""yes"", ""free_flying:site"": ""takeoff"", ""free_flying:site_orientation"": ""NW""}",hg_0019
way,1232753249,https://www.openstreetmap.org/way/1232753249,Ballon d'alsace - roches de morteville,47.824544,6.845045,1242,FR,France (land mass),Франция,takeoff,yes,yes,N,"{""free_flying:hanggliding"": ""yes"", ""free_flying:official"": ""yes"", ""free_flying:paragliding"": ""yes"", ""free_flying:site"": ""takeoff"", ""free_flying:site_orientation"": ""N""}",hg_0005
way,1232753346,https://www.openstreetmap.org/way/1232753346,Ballon d'alsace - jeanne d'arc,47.825320,6.839898,1237,FR,France (land mass),Франция,takeoff,yes,yes,NW,"{""free_flying:hanggliding"": ""yes"", ""free_flying:official"": ""yes"", ""free_flying:paragliding"": ""yes"", ""free_flying:site"": ""takeoff"", ""free_flying:site_orientation"": ""NW""}",hg_0005
way,1232753569,https://www.openstreetmap.org/way/1232753569,La bouloie - la bouloie,47.870945,6.865944,1030,FR,France (land mass),Франция,takeoff,yes,yes,NW;,"{""free_flying:hanggliding"": ""yes"", ""free_flying:official"": ""yes"", ""free_flying:paragliding"": ""yes"", ""free_flying:site"": ""takeoff"", ""free_flying:site_orientation"": ""NW;""}",hg_0005
way,1232753740,https://www.openstreetmap.org/way/1232753740,La tete des revolles - est,47.894145,6.846965,957,FR,France (land mass),Франция,takeoff,yes,yes,E,"{""free_flying:hanggliding"": ""yes"", ""free_flying:official"": ""yes"", ""free_flying:paragliding"": ""yes"", ""free_flying:site"": ""takeoff"", ""free_flying:site_orientation"": ""E""}",hg_0005
way,1232754133,https://www.openstreetmap.org/way/1232754133,La tete des revolles - revolles sud,47.892085,6.845267,952,FR,France (land mass),Франция,takeoff,yes,yes,S;,"{""free_flying:hanggliding"": ""yes"", ""free_flying:official"": ""yes"", ""free_flying:paragliding"": ""yes"", ""free_flying:site"": ""takeoff"", ""free_flying:site_orientation"": ""S;""}",hg_0005
way,1232754273,https://www.openstreetmap.org/way/1232754273,Jas d'oris - les fond plaines,44.927843,5.886897,1724,FR,France (land mass),Франция,takeoff,yes,yes,SW,"{""free_flying:hanggliding"": ""yes"", ""free_flying:official"": ""yes"", ""free_flying:paragliding"": ""yes"", ""free_flying:site"": ""takeoff"", ""free_flying:site_orientation"": ""SW""}",hg_0103
way,1232754744,https://www.openstreetmap.org/way/1232754744,Rustrel - beausses,43.941870,5.476319,942,FR,France (land mass),Франция,takeoff,yes,yes,W;,"{""free_flying:hanggliding"": ""yes"", ""free_flying:official"": ""yes"", ""free_flying:paragliding"": ""yes"", ""free_flying:site"": ""takeoff"", ""free_flying:site_orientation"": ""W;""}",hg_0200
way,1232755409,https://www.openstreetmap.org/way/1232755409,Grou de bane - la croix,44.049835,5.635554,1048,FR,France (land mass),Франция,takeoff,yes,yes,E;SE;S;SW,"{""free_flying:hanggliding"": ""yes"", ""free_flying:official"": ""yes"", ""free_flying:paragliding"": ""yes"", ""free_flying:site"": ""takeoff"", ""free_flying:site_orientation"": ""E;SE;S;SW""}",hg_0028
way,1232757369,https://www.openstreetmap.org/way/1232757369,Dauban - dauban,44.010542,5.654526,864,FR,France (land mass),Франция,takeoff,yes,yes,W;,"{""free_flying:hanggliding"": ""yes"", ""free_flying:official"": ""yes"", ""free_flying:paragliding"": ""yes"", ""free_flying:site"": ""takeoff"", ""free_flying:site_orientation"": ""W;""}",hg_0028
way,1232757880,https://www.openstreetmap.org/way/1232757880,Sederon-mevouillon : buc - buc ouest,44.213061,5.478248,1197,FR,France (land mass),Франция,takeoff,yes,yes,W;NW,"{""free_flying:hanggliding"": ""yes"", ""free_flying:official"": ""yes"", ""free_flying:paragliding"": ""yes"", ""free_flying:site"": ""takeoff"", ""free_flying:site_orientation"": ""W;NW""}",hg_0006
way,1232758898,https://www.openstreetmap.org/way/1232758898,Sederon-mevouillon : la trappe,44.253043,5.506340,1133,FR,France (land mass),Франция,takeoff,yes,yes,S,"{""free_flying:hanggliding"": ""yes"", ""free_flying:official"": ""yes"", ""free_flying:paragliding"": ""yes"", ""free_flying:site"": ""takeoff"", ""free_flying:site_orientation"": ""S""}",hg_0006
way,1232760626,https://www.openstreetmap.org/way/1232760626,Sederon-mevouillon : bergies - bergies - nord,44.203715,5.510579,1280,FR,France (land mass),Франция,takeoff,yes,yes,N;W;NW,"{""free_flying:hanggliding"": ""yes"", ""free_flying:official"": ""yes"", ""free_flying:paragliding"": ""yes"", ""free_flying:site"": ""takeoff"", ""free_flying:site_orientation"": ""N;W;NW""}",hg_0006
way,1232761166,https://www.openstreetmap.org/way/1232761166,Sederon-mevouillon : bergies - bergies - sud,44.203092,5.510413,1318,FR,France (land mass),Франция,takeoff,yes,yes,SE;S,"{""free_flying:hanggliding"": ""yes"", ""free_flying:official"": ""yes"", ""free_flying:paragliding"": ""yes"", ""free_flying:site"": ""takeoff"", ""free_flying:site_orientation"": ""SE;S""}",hg_0006
way,1232764060,https://www.openstreetmap.org/way/1232764060,Barneville sur seine - moulin de la jalousie,49.387997,0.848461,136,FR,France (land mass),Франция,takeoff,yes,yes,N;NW,"{""free_flying:hanggliding"": ""yes"", ""free_flying:official"": ""yes"", ""free_flying:paragliding"": ""yes"", ""free_flying:site"": ""takeoff"", ""free_flying:site_orientation"": ""N;NW""}",hg_0334
way,1232765677,https://www.openstreetmap.org/way/1232765677,Stockenberg,47.887291,7.025930,533,FR,France (land mass),Франция,takeoff,yes,yes,SW;W,"{""free_flying:hanggliding"": ""yes"", ""free_flying:official"": ""no"", ""free_flying:paragliding"": ""yes"", ""free_flying:site"": ""takeoff"", ""free_flying:site_orientation"": ""SW;W""}",hg_0005
way,1232767721,https://www.openstreetmap.org/way/1232767721,Puigmal - cotze,42.400841,1.913836,1096,ES,Spain,Испания,takeoff,yes,yes,S;SW,"{""free_flying:hanggliding"": ""yes"", ""free_flying:official"": ""yes"", ""free_flying:paragliding"": ""yes"", ""free_flying:site"": ""takeoff"", ""free_flying:site_orientation"": ""S;SW""}",hg_0082
way,1232767991,https://www.openstreetmap.org/way/1232767991,Puigmal - Pic d'Estaques,42.411936,1.945385,1137,ES,Spain,Испания,takeoff,yes,yes,S;SW,"{""free_flying:hanggliding"": ""yes"", ""free_flying:official"": ""yes"", ""free_flying:paragliding"": ""yes"", ""free_flying:site"": ""takeoff"", ""free_flying:site_orientation"": ""S;SW""}",hg_0082
way,1232768206,https://www.openstreetmap.org/way/1232768206,Digne-les-bains - l'andran,44.115399,6.213583,1198,FR,France (land mass),Франция,takeoff,yes,yes,E;SW,"{""free_flying:hanggliding"": ""yes"", ""free_flying:official"": ""no"", ""free_flying:paragliding"": ""yes"", ""free_flying:site"": ""takeoff"", ""free_flying:site_orientation"": ""E;SW""}",hg_0047
way,1232769222,https://www.openstreetmap.org/way/1232769222,Le cousson,44.053684,6.239636,1484,FR,France (land mass),Франция,takeoff,yes,yes,SW,"{""free_flying:hanggliding"": ""yes"", ""free_flying:official"": ""no"", ""free_flying:paragliding"": ""yes"", ""free_flying:site"": ""takeoff"", ""free_flying:site_orientation"": ""SW""}",hg_0047
way,1232769737,https://www.openstreetmap.org/way/1232769737,Le Drumont;Le Drumont take-off E-SE,47.898667,6.918747,1182,FR,France (land mass),Франция,takeoff,yes,yes,NE;E,"{""free_flying:hanggliding"": ""yes"", ""free_flying:official"": ""yes"", ""free_flying:paragliding"": ""yes"", ""free_flying:site"": ""takeoff"", ""free_flying:site_orientation"": ""NE;E""}",hg_0005
way,1232770779,https://www.openstreetmap.org/way/1232770779,Altmatt gaschney,48.035020,7.033349,1179,FR,France (land mass),Франция,takeoff,yes,yes,SE;S;SW,"{""free_flying:hanggliding"": ""yes"", ""free_flying:official"": ""no"", ""free_flying:paragliding"": ""yes"", ""free_flying:site"": ""takeoff"", ""free_flying:site_orientation"": ""SE;S;SW""}",hg_0125
way,1232770819,https://www.openstreetmap.org/way/1232770819,Bonhomme - la-closerie,48.187194,7.095665,1060,FR,France (land mass),Франция,takeoff,yes,yes,SE,"{""free_flying:hanggliding"": ""yes"", ""free_flying:official"": ""yes"", ""free_flying:paragliding"": ""yes"", ""free_flying:site"": ""takeoff"", ""free_flying:site_orientation"": ""SE""}",hg_0127
way,1232771240,https://www.openstreetmap.org/way/1232771240,Sainte-marie-aux-mines - tertre-de-la-fille-morte,48.218415,7.192964,1042,FR,France (land mass),Франция,takeoff,yes,yes,W;NW,"{""free_flying:hanggliding"": ""yes"", ""free_flying:official"": ""no"", ""free_flying:paragliding"": ""yes"", ""free_flying:site"": ""takeoff"", ""free_flying:site_orientation"": ""W;NW""}",hg_0127
way,1232773487,https://www.openstreetmap.org/way/1232773487,Kennedy,43.704115,6.980932,643,FR,France (land mass),Франция,takeoff,yes,yes,SE;S;SW,"{""free_flying:hanggliding"": ""yes"", ""free_flying:official"": ""no"", ""free_flying:paragliding"": ""yes"", ""free_flying:site"": ""takeoff"", ""free_flying:site_orientation"": ""SE;S;SW""}",hg_0087
way,1232774296,https://www.openstreetmap.org/way/1232774296,Col-d'aulac,45.194167,2.587233,1190,FR,France (land mass),Франция,takeoff,yes,yes,SE;S;SW,"{""free_flying:hanggliding"": ""yes"", ""free_flying:official"": ""no"", ""free_flying:paragliding"": ""yes"", ""free_flying:site"": ""takeoff"", ""free_flying:site_orientation"": ""SE;S;SW""}",hg_0232
way,1232775663,https://www.openstreetmap.org/way/1232775663,Pierre-de-labro - nozieres,45.168971,2.794533,1314,FR,France (land mass),Франция,takeoff,yes,yes,E;SE;S,"{""free_flying:hanggliding"": ""yes"", ""free_flying:official"": ""yes"", ""free_flying:paragliding"": ""yes"", ""free_flying:site"": ""takeoff"", ""free_flying:site_orientation"": ""E;SE;S""}",hg_0000
way,1232776184,https://www.openstreetmap.org/way/1232776184,Brezons - rocher de la boyle,45.007552,2.814860,1287,FR,France (land mass),Франция,takeoff,yes,yes,S;SW,"{""free_flying:hanggliding"": ""yes"", ""free_flying:official"": ""yes"", ""free_flying:paragliding"": ""yes"", ""free_flying:site"": ""takeoff"", ""free_flying:site_orientation"": ""S;SW""}",hg_0000
way,1232777017,https://www.openstreetmap.org/way/1232777017,Vic-sur-cere - le-bruget,44.982068,2.658567,1113,FR,France (land mass),Франция,takeoff,yes,yes,SW;W;NW,"{""free_flying:hanggliding"": ""yes"", ""free_flying:official"": ""yes"", ""free_flying:paragliding"": ""yes"", ""free_flying:site"": ""takeoff"", ""free_flying:site_orientation"": ""SW;W;NW""}",hg_0225
way,1232779117,https://www.openstreetmap.org/way/1232779117,Serre de barre - les taillades,44.401995,4.075616,842,FR,France (land mass),Франция,takeoff,yes,yes,NE;E,"{""free_flying:hanggliding"": ""yes"", ""free_flying:official"": ""yes"", ""free_flying:paragliding"": ""yes"", ""free_flying:site"": ""takeoff"", ""free_flying:site_orientation"": ""NE;E""}",hg_0210
way,1232779399,https://www.openstreetmap.org/way/1232779399,Saint sebastien,44.313714,4.145235,429,FR,France (land mass),Франция,takeoff,yes,yes,N;NE,"{""free_flying:hanggliding"": ""yes"", ""free_flying:official"": ""yes"", ""free_flying:paragliding"": ""yes"", ""free_flying:site"": ""takeoff"", ""free_flying:site_orientation"": ""N;NE""}",hg_0206
way,1232779582,https://www.openstreetmap.org/way/1232779582,Sainte marie en chanois - st colomban,47.837793,6.527954,477,FR,France (land mass),Франция,takeoff,yes,yes,S;SW,"{""free_flying:hanggliding"": ""yes"", ""free_flying:official"": ""yes"", ""free_flying:paragliding"": ""yes"", ""free_flying:site"": ""takeoff"", ""free_flying:site_orientation"": ""S;SW""}",hg_0300
way,1232779729,https://www.openstreetmap.org/way/1232779729,Mont de vannes - nord-ouest,47.758553,6.620644,600,FR,France (land mass),Франция,takeoff,yes,yes,NW,"{""free_flying:hanggliding"": ""yes"", ""free_flying:official"": ""yes"", ""free_flying:paragliding"": ""yes"", ""free_flying:site"": ""takeoff"", ""free_flying:site_orientation"": ""NW""}",hg_0297
way,1232780336,https://www.openstreetmap.org/way/1232780336,Colombiers,44.869278,5.930800,1669,FR,France (land mass),Франция,takeoff,yes,yes,NW;,"{""free_flying:hanggliding"": ""yes"", ""free_flying:official"": ""yes"", ""free_flying:paragliding"": ""yes"", ""free_flying:site"": ""takeoff"", ""free_flying:site_orientation"": ""NW;""}",hg_0103
way,1232839893,https://www.openstreetmap.org/way/1232839893,La planoise - planoise sud ouest,47.204526,5.977381,480,FR,France (land mass),Франция,takeoff,yes,yes,SW,"{""free_flying:hanggliding"": ""yes"", ""free_flying:official"": ""yes"", ""free_flying:paragliding"": ""yes"", ""free_flying:site"": ""takeoff"", ""free_flying:site_orientation"": ""SW""}",hg_0021
way,1232840345,https://www.openstreetmap.org/way/1232840345,Montfaucon,47.240938,6.082016,591,FR,France (land mass),Франция,takeoff,yes,yes,NW,"{""free_flying:hanggliding"": ""yes"", ""free_flying:official"": ""yes"", ""free_flying:paragliding"": ""yes"", ""free_flying:site"": ""takeoff"", ""free_flying:site_orientation"": ""NW""}",hg_0021
way,1232840722,https://www.openstreetmap.org/way/1232840722,Sumiou,44.138272,5.862701,1241,FR,France (land mass),Франция,takeoff,yes,yes,N;NE;NW,"{""free_flying:hanggliding"": ""yes"", ""free_flying:official"": ""yes"", ""free_flying:paragliding"": ""yes"", ""free_flying:site"": ""takeoff"", ""free_flying:site_orientation"": ""N;NE;NW""}",hg_0203
way,1232845510,https://www.openstreetmap.org/way/1232845510,Chaudeyrolles,44.935909,4.191575,1387,FR,France (land mass),Франция,takeoff,yes,yes,N,"{""free_flying:hanggliding"": ""yes"", ""free_flying:official"": ""yes"", ""free_flying:paragliding"": ""yes"", ""free_flying:site"": ""takeoff"", ""free_flying:site_orientation"": ""N""}",hg_0050
way,1232847354,https://www.openstreetmap.org/way/1232847354,Chevre roche,48.038665,6.708271,824,FR,France (land mass),Франция,takeoff,yes,yes,SE;S;SW,"{""free_flying:hanggliding"": ""yes"", ""free_flying:official"": ""yes"", ""free_flying:paragliding"": ""yes"", ""free_flying:site"": ""takeoff"", ""free_flying:site_orientation"": ""SE;S;SW""}",hg_0126
way,1232847440,https://www.openstreetmap.org/way/1232847440,Villers poz - cote rouge,47.669691,6.253987,351,FR,France (land mass),Франция,takeoff,yes,yes,N;,"{""free_flying:hanggliding"": ""yes"", ""free_flying:official"": ""yes"", ""free_flying:paragliding"": ""yes"", ""free_flying:site"": ""takeoff"", ""free_flying:site_orientation"": ""N;""}",hg_0122
way,1232850189,https://www.openstreetmap.org/way/1232850189,Roche parstire,45.671262,6.597577,2047,FR,France (land mass),Франция,takeoff,yes,yes,W;NW,"{""free_flying:hanggliding"": ""yes"", ""free_flying:official"": ""no"", ""free_flying:paragliding"": ""yes"", ""free_flying:site"": ""takeoff"", ""free_flying:site_orientation"": ""W;NW""}",hg_0241
way,1232851416,https://www.openstreetmap.org/way/1232851416,Bourg-saint-maurice - les charmettes,45.537809,6.672441,1436,FR,France (land mass),Франция,takeoff,yes,yes,W,"{""free_flying:hanggliding"": ""yes"", ""free_flying:official"": ""yes"", ""free_flying:paragliding"": ""yes"", ""free_flying:site"": ""takeoff"", ""free_flying:site_orientation"": ""W""}",hg_0002
way,1232856132,https://www.openstreetmap.org/way/1232856132,Monsard haut,46.343925,4.707431,403,FR,France (land mass),Франция,takeoff,yes,yes,N;NW,"{""free_flying:hanggliding"": ""yes"", ""free_flying:official"": ""yes"", ""free_flying:paragliding"": ""yes"", ""free_flying:site"": ""takeoff"", ""free_flying:site_orientation"": ""N;NW""}",hg_0119
way,1232856200,https://www.openstreetmap.org/way/1232856200,Déco NORD Saint-Sandoux,45.632146,3.116237,780,FR,France (land mass),Франция,takeoff,yes,yes,N,"{""free_flying:hanggliding"": ""yes"", ""free_flying:official"": ""yes"", ""free_flying:paragliding"": ""yes"", ""free_flying:site"": ""takeoff"", ""free_flying:site_orientation"": ""N""}",hg_0032
way,1232857139,https://www.openstreetmap.org/way/1232857139,Saurier-creste - plateau-de-lachaux,45.553003,3.061210,840,FR,France (land mass),Франция,takeoff,yes,yes,S;SW,"{""free_flying:hanggliding"": ""yes"", ""free_flying:official"": ""yes"", ""free_flying:paragliding"": ""yes"", ""free_flying:site"": ""takeoff"", ""free_flying:site_orientation"": ""S;SW""}",hg_0032
way,1232857297,https://www.openstreetmap.org/way/1232857297,Valbeleix - la roche-nite,45.467353,2.997299,1180,FR,France (land mass),Франция,takeoff,yes,yes,SW;W,"{""free_flying:hanggliding"": ""yes"", ""free_flying:official"": ""yes"", ""free_flying:paragliding"": ""yes"", ""free_flying:site"": ""takeoff"", ""free_flying:site_orientation"": ""SW;W""}",hg_0240
way,1232865909,https://www.openstreetmap.org/way/1232865909,Monceaux-sur-dordogne - le temple,45.049403,1.925502,402,FR,France (land mass),Франция,takeoff,yes,yes,SW,"{""free_flying:hanggliding"": ""yes"", ""free_flying:official"": ""yes"", ""free_flying:paragliding"": ""yes"", ""free_flying:site"": ""takeoff"", ""free_flying:site_orientation"": ""SW""}",hg_0051
way,1232867593,https://www.openstreetmap.org/way/1232867593,Monceaux sur dordogne - puy du tour,45.081449,1.921035,352,FR,France (land mass),Франция,takeoff,yes,yes,S;SW,"{""free_flying:hanggliding"": ""yes"", ""free_flying:official"": ""yes"", ""free_flying:paragliding"": ""yes"", ""free_flying:site"": ""takeoff"", ""free_flying:site_orientation"": ""S;SW""}",hg_0051
way,1232870462,https://www.openstreetmap.org/way/1232870462,Le-puy-de-dome,45.772170,2.963720,1440,FR,France (land mass),Франция,takeoff,yes,yes,N;NE;E;SE;S;SW;W;NW,"{""free_flying:hanggliding"": ""yes"", ""free_flying:official"": ""yes"", ""free_flying:paragliding"": ""yes"", ""free_flying:site"": ""takeoff"", ""free_flying:site_orientation"": ""N;NE;E;SE;S;SW;W;NW""}",hg_0108
way,1232873541,https://www.openstreetmap.org/way/1232873541,Plomb du cantal,45.063241,2.759777,1803,FR,France (land mass),Франция,takeoff,yes,yes,N;W;NW,"{""free_flying:hanggliding"": ""yes"", ""free_flying:official"": ""yes"", ""free_flying:paragliding"": ""yes"", ""free_flying:site"": ""takeoff"", ""free_flying:site_orientation"": ""N;W;NW""}",hg_0000
way,1232873823,https://www.openstreetmap.org/way/1232873823,Puy brunet - crete du plomb 2,45.061102,2.760551,1812,FR,France (land mass),Франция,takeoff,yes,yes,N;SE;S;SW;W,"{""free_flying:hanggliding"": ""yes"", ""free_flying:official"": ""yes"", ""free_flying:paragliding"": ""yes"", ""free_flying:site"": ""takeoff"", ""free_flying:site_orientation"": ""N;SE;S;SW;W""}",hg_0000
way,1232875285,https://www.openstreetmap.org/way/1232875285,Fenetre 7,45.650206,6.466007,1432,FR,France (land mass),Франция,takeoff,yes,yes,W,"{""free_flying:hanggliding"": ""yes"", ""free_flying:official"": ""no"", ""free_flying:paragliding"": ""yes"", ""free_flying:site"": ""takeoff"", ""free_flying:site_orientation"": ""W""}",hg_0019
way,1232875326,https://www.openstreetmap.org/way/1232875326,Sion - vaudemont - barres,48.408858,6.068956,533,FR,France (land mass),Франция,takeoff,yes,yes,S;SW,"{""free_flying:hanggliding"": ""yes"", ""free_flying:official"": ""yes"", ""free_flying:paragliding"": ""yes"", ""free_flying:site"": ""takeoff"", ""free_flying:site_orientation"": ""S;SW""}",hg_0310
way,1232881137,https://www.openstreetmap.org/way/1232881137,Baigura,43.292000,-1.292067,774,FR,France (land mass),Франция,takeoff,yes,yes,N;NE;E;SE;W;NW,"{""free_flying:hanggliding"": ""yes"", ""free_flying:official"": ""yes"", ""free_flying:paragliding"": ""yes"", ""free_flying:site"": ""takeoff"", ""free_flying:site_orientation"": ""N;NE;E;SE;W;NW""}",hg_0188
way,1232881324,https://www.openstreetmap.org/way/1232881324,Vallee du louron - ble 300,42.798806,0.396085,1251,FR,France (land mass),Франция,takeoff,yes,yes,E;,"{""free_flying:hanggliding"": ""yes"", ""free_flying:official"": ""no"", ""free_flying:paragliding"": ""yes"", ""free_flying:site"": ""takeoff"", ""free_flying:site_orientation"": ""E;""}",hg_0013
way,1232892907,https://www.openstreetmap.org/way/1232892907,Luchon-superbagneres - la chapelle,42.767704,0.580156,1754,FR,France (land mass),Франция,takeoff,yes,yes,N;NE;E;SE;S;SW,"{""free_flying:hanggliding"": ""yes"", ""free_flying:official"": ""yes"", ""free_flying:paragliding"": ""yes"", ""free_flying:site"": ""takeoff"", ""free_flying:site_orientation"": ""N;NE;E;SE;S;SW""}",hg_0173
way,1232930971,https://www.openstreetmap.org/way/1232930971,Vallee du louron - restaurant altitude,42.778486,0.443361,1870,FR,France (land mass),Франция,takeoff,yes,yes,N;W;,"{""free_flying:hanggliding"": ""yes"", ""free_flying:official"": ""no"", ""free_flying:paragliding"": ""yes"", ""free_flying:site"": ""takeoff"", ""free_flying:site_orientation"": ""N;W;""}",hg_0013
way,1232931727,https://www.openstreetmap.org/way/1232931727,Vallee du louron - cap de pales,42.772328,0.451250,2121,FR,France (land mass),Франция,takeoff,yes,yes,SW;W,"{""free_flying:hanggliding"": ""yes"", ""free_flying:official"": ""no"", ""free_flying:paragliding"": ""yes"", ""free_flying:site"": ""takeoff"", ""free_flying:site_orientation"": ""SW;W""}",hg_0013
way,1232932059,https://www.openstreetmap.org/way/1232932059,Vallee du louron - 500,42.801248,0.388303,1437,FR,France (land mass),Франция,takeoff,yes,,E,"{""free_flying:hanggliding"": ""yes"", ""free_flying:official"": ""no"", ""free_flying:site"": ""takeoff"", ""free_flying:site_orientation"": ""E""}",hg_0013
way,1232932506,https://www.openstreetmap.org/way/1232932506,Pierres-pouquelees,49.649809,-1.856102,130,FR,France (land mass),Франция,takeoff,yes,yes,SW,"{""free_flying:hanggliding"": ""yes"", ""free_flying:official"": ""yes"", ""free_flying:paragliding"": ""yes"", ""free_flying:site"": ""takeoff"", ""free_flying:site_orientation"": ""SW""}",hg_0040
way,1232933485,https://www.openstreetmap.org/way/1232933485,Mont mercou,44.911571,1.582520,308,FR,France (land mass),Франция,takeoff,yes,yes,SE,"{""free_flying:hanggliding"": ""yes"", ""free_flying:official"": ""no"", ""free_flying:paragliding"": ""yes"", ""free_flying:site"": ""takeoff"", ""free_flying:site_orientation"": ""SE""}",hg_0102
way,1232938545,https://www.openstreetmap.org/way/1232938545,Le single,44.357801,3.540278,1041,FR,France (land mass),Франция,takeoff,yes,yes,N;NW,"{""free_flying:hanggliding"": ""yes"", ""free_flying:official"": ""yes"", ""free_flying:paragliding"": ""yes"", ""free_flying:site"": ""takeoff"", ""free_flying:site_orientation"": ""N;NW""}",hg_0096
way,1232938554,https://www.openstreetmap.org/way/1232938554,Ispagnac-paros,44.376616,3.510772,932,FR,France (land mass),Франция,takeoff,yes,yes,SE,"{""free_flying:hanggliding"": ""yes"", ""free_flying:official"": ""yes"", ""free_flying:paragliding"": ""yes"", ""free_flying:site"": ""takeoff"", ""free_flying:site_orientation"": ""SE""}",hg_0096
way,1232940254,https://www.openstreetmap.org/way/1232940254,La capelette,43.479615,2.163133,535,FR,France (land mass),Франция,takeoff,yes,yes,N;NE,"{""free_flying:hanggliding"": ""yes"", ""free_flying:official"": ""yes"", ""free_flying:paragliding"": ""yes"", ""free_flying:site"": ""takeoff"", ""free_flying:site_orientation"": ""N;NE""}",hg_0192
way,1232940314,https://www.openstreetmap.org/way/1232940314,Vesole - la grande plaine,43.560489,2.825320,1060,FR,France (land mass),Франция,takeoff,yes,yes,SE;S,"{""free_flying:hanggliding"": ""yes"", ""free_flying:official"": ""no"", ""free_flying:paragliding"": ""yes"", ""free_flying:site"": ""takeoff"", ""free_flying:site_orientation"": ""SE;S""}",hg_0193
way,1232941826,https://www.openstreetmap.org/way/1232941826,Puy-de-corent,45.660698,3.177549,607,FR,France (land mass),Франция,takeoff,yes,yes,SE;S;SW;W;NW,"{""free_flying:hanggliding"": ""yes"", ""free_flying:official"": ""no"", ""free_flying:paragliding"": ""yes"", ""free_flying:site"": ""takeoff"", ""free_flying:site_orientation"": ""SE;S;SW;W;NW""}",hg_0032
way,1232942945,https://www.openstreetmap.org/way/1232942945,Décollage FFVL le Haut Lan,46.214828,5.814411,1199,FR,France (land mass),Франция,takeoff,yes,yes,SE;S,"{""free_flying:hanggliding"": ""yes"", ""free_flying:official"": ""yes"", ""free_flying:paragliding"": ""yes"", ""free_flying:site"": ""takeoff"", ""free_flying:site_orientation"": ""SE;S""}",hg_0009
way,1232945009,https://www.openstreetmap.org/way/1232945009,Aussois - le djoin,45.245659,6.735467,2114,FR,France (land mass),Франция,takeoff,yes,yes,SE;S,"{""free_flying:hanggliding"": ""yes"", ""free_flying:official"": ""yes"", ""free_flying:paragliding"": ""yes"", ""free_flying:site"": ""takeoff"", ""free_flying:site_orientation"": ""SE;S""}",hg_0105
way,1232949203,https://www.openstreetmap.org/way/1232949203,Colombis,44.492426,6.215759,1711,FR,France (land mass),Франция,takeoff,yes,yes,SW;W,"{""free_flying:hanggliding"": ""yes"", ""free_flying:official"": ""yes"", ""free_flying:paragliding"": ""yes"", ""free_flying:site"": ""takeoff"", ""free_flying:site_orientation"": ""SW;W""}",hg_0213
way,1232949626,https://www.openstreetmap.org/way/1232949626,Céret - Col de la Brousse,42.458635,2.767658,828,FR,France (land mass),Франция,takeoff,yes,yes,N;NE,"{""free_flying:hanggliding"": ""yes"", ""free_flying:official"": ""yes"", ""free_flying:paragliding"": ""yes"", ""free_flying:site"": ""takeoff""}",hg_0083
way,1232949827,https://www.openstreetmap.org/way/1232949827,Ramiers,46.107403,4.617764,438,FR,France (land mass),Франция,takeoff,yes,yes,N;NW,"{""free_flying:hanggliding"": ""yes"", ""free_flying:official"": ""yes"", ""free_flying:paragliding"": ""yes"", ""free_flying:site"": ""takeoff"", ""free_flying:site_orientation"": ""N;NW""}",hg_0057
way,1232950265,https://www.openstreetmap.org/way/1232950265,Céret - Fontfrede,42.450090,2.764468,1023,FR,France (land mass),Франция,takeoff,yes,yes,SE,"{""free_flying:hanggliding"": ""yes"", ""free_flying:official"": ""yes"", ""free_flying:paragliding"": ""yes"", ""free_flying:site"": ""takeoff"", ""free_flying:site_orientation"": ""SE""}",hg_0083
way,1232952084,https://www.openstreetmap.org/way/1232952084,Saint pierre de chartreuse - la scia - lucheron,45.344142,5.845274,1639,FR,France (land mass),Франция,takeoff,yes,yes,S;SW;W,"{""free_flying:hanggliding"": ""yes"", ""free_flying:official"": ""yes"", ""free_flying:paragliding"": ""yes"", ""free_flying:site"": ""takeoff"", ""free_flying:site_orientation"": ""S;SW;W""}",hg_0017
way,1232952362,https://www.openstreetmap.org/way/1232952362,Arbas - planot de loubat,42.970155,0.886223,1090,FR,France (land mass),Франция,takeoff,yes,yes,N;NE;E,"{""free_flying:hanggliding"": ""yes"", ""free_flying:official"": ""yes"", ""free_flying:paragliding"": ""yes"", ""free_flying:site"": ""takeoff"", ""free_flying:site_orientation"": ""N;NE;E""}",hg_0180
way,1232954983,https://www.openstreetmap.org/way/1232954983,Collet d'allevard - nid d'aigle,45.391478,6.123935,1675,FR,France (land mass),Франция,takeoff,yes,yes,N;W;NW,"{""free_flying:hanggliding"": ""yes"", ""free_flying:official"": ""yes"", ""free_flying:paragliding"": ""yes"", ""free_flying:site"": ""takeoff"", ""free_flying:site_orientation"": ""N;W;NW""}",hg_0018
way,1232955641,https://www.openstreetmap.org/way/1232955641,Clamontard - luc-en-diois,44.603203,5.441239,1069,FR,France (land mass),Франция,takeoff,yes,yes,N,"{""free_flying:hanggliding"": ""yes"", ""free_flying:official"": ""no"", ""free_flying:paragliding"": ""yes"", ""free_flying:site"": ""takeoff"", ""free_flying:site_orientation"": ""N""}",hg_0099
way,1232956550,https://www.openstreetmap.org/way/1232956550,Lesches-en-diois - la montagne du puy,44.609072,5.541998,1501,FR,France (land mass),Франция,takeoff,yes,yes,SE;S;SW,"{""free_flying:hanggliding"": ""yes"", ""free_flying:official"": ""yes"", ""free_flying:paragliding"": ""yes"", ""free_flying:site"": ""takeoff"", ""free_flying:site_orientation"": ""SE;S;SW""}",hg_0099
way,1232970113,https://www.openstreetmap.org/way/1232970113,Courchevel - bouc blanc,45.410902,6.614801,1563,FR,France (land mass),Франция,takeoff,yes,yes,W;NW,"{""free_flying:hanggliding"": ""yes"", ""free_flying:official"": ""yes"", ""free_flying:paragliding"": ""yes"", ""free_flying:site"": ""takeoff"", ""free_flying:site_orientation"": ""W;NW""}",hg_0239
way,1232972316,https://www.openstreetmap.org/way/1232972316,Aurel - butte de l'aigle,44.703716,5.317584,920,FR,France (land mass),Франция,takeoff,yes,yes,N;NW,"{""free_flying:hanggliding"": ""yes"", ""free_flying:official"": ""yes"", ""free_flying:paragliding"": ""yes"", ""free_flying:site"": ""takeoff"", ""free_flying:site_orientation"": ""N;NW""}",hg_0100
way,1232972832,https://www.openstreetmap.org/way/1232972832,Aurel - clot du ciel,44.671365,5.320712,1132,FR,France (land mass),Франция,takeoff,yes,yes,NW;,"{""free_flying:hanggliding"": ""yes"", ""free_flying:official"": ""yes"", ""free_flying:paragliding"": ""yes"", ""free_flying:site"": ""takeoff"", ""free_flying:site_orientation"": ""NW;""}",hg_0100
way,1232974180,https://www.openstreetmap.org/way/1232974180,Villevieille,44.076150,6.241145,1003,FR,France (land mass),Франция,takeoff,yes,yes,SW;W,"{""free_flying:hanggliding"": ""yes"", ""free_flying:official"": ""no"", ""free_flying:paragliding"": ""yes"", ""free_flying:site"": ""takeoff"", ""free_flying:site_orientation"": ""SW;W""}",hg_0047
way,1232975025,https://www.openstreetmap.org/way/1232975025,Job-ambert - le-mont-chouve,45.631046,3.781348,1437,FR,France (land mass),Франция,takeoff,yes,yes,SW;W,"{""free_flying:hanggliding"": ""yes"", ""free_flying:official"": ""yes"", ""free_flying:paragliding"": ""yes"", ""free_flying:site"": ""takeoff"", ""free_flying:site_orientation"": ""SW;W""}",hg_0033
way,1232975028,https://www.openstreetmap.org/way/1232975028,Job-ambert - le-mont-chouve,45.630304,3.781839,1437,FR,France (land mass),Франция,takeoff,yes,yes,S;SW,"{""free_flying:hanggliding"": ""yes"", ""free_flying:official"": ""yes"", ""free_flying:paragliding"": ""yes"", ""free_flying:site"": ""takeoff"", ""free_flying:site_orientation"": ""S;SW""}",hg_0033
way,1232975475,https://www.openstreetmap.org/way/1232975475,Le Cornillon,45.637944,3.752807,1130,FR,France (land mass),Франция,takeoff,yes,yes,W,"{""free_flying:hanggliding"": ""yes"", ""free_flying:official"": ""yes"", ""free_flying:paragliding"": ""yes"", ""free_flying:site"": ""takeoff"", ""free_flying:site_orientation"": ""W""}",hg_0033
way,1232976953,https://www.openstreetmap.org/way/1232976953,Roynac - col du deves,44.657610,4.936686,434,FR,France (land mass),Франция,takeoff,yes,yes,S;SW,"{""free_flying:hanggliding"": ""yes"", ""free_flying:official"": ""yes"", ""free_flying:paragliding"": ""yes"", ""free_flying:site"": ""takeoff"", ""free_flying:site_orientation"": ""S;SW""}",hg_0219
way,1232977594,https://www.openstreetmap.org/way/1232977594,Job-ambert - le bien,45.623547,3.760556,1039,FR,France (land mass),Франция,takeoff,yes,yes,W,"{""free_flying:hanggliding"": ""yes"", ""free_flying:official"": ""yes"", ""free_flying:paragliding"": ""yes"", ""free_flying:site"": ""takeoff"", ""free_flying:site_orientation"": ""W""}",hg_0033
way,1232978438,https://www.openstreetmap.org/way/1232978438,Le-plate,49.557609,-1.850757,37,FR,France (land mass),Франция,takeoff,yes,yes,W;NW,"{""free_flying:hanggliding"": ""yes"", ""free_flying:official"": ""no"", ""free_flying:paragliding"": ""yes"", ""free_flying:site"": ""takeoff"", ""free_flying:site_orientation"": ""W;NW""}",hg_0139
way,1232981214,https://www.openstreetmap.org/way/1232981214,Luzech,44.492522,1.286793,268,FR,France (land mass),Франция,takeoff,yes,yes,SE;S,"{""free_flying:hanggliding"": ""yes"", ""free_flying:official"": ""no"", ""free_flying:paragliding"": ""yes"", ""free_flying:site"": ""takeoff"", ""free_flying:site_orientation"": ""SE;S""}",hg_0029
way,1232981660,https://www.openstreetmap.org/way/1232981660,Douelle,44.463623,1.372296,304,FR,France (land mass),Франция,takeoff,yes,yes,N;NE;NW,"{""free_flying:hanggliding"": ""yes"", ""free_flying:official"": ""no"", ""free_flying:paragliding"": ""yes"", ""free_flying:site"": ""takeoff"", ""free_flying:site_orientation"": ""N;NE;NW""}",hg_0029
way,1232981983,https://www.openstreetmap.org/way/1232981983,Mont d'or,46.729816,6.357454,1437,FR,France (land mass),Франция,takeoff,yes,yes,NE;E;SE,"{""free_flying:hanggliding"": ""yes"", ""free_flying:official"": ""yes"", ""free_flying:paragliding"": ""yes"", ""free_flying:site"": ""takeoff"", ""free_flying:site_orientation"": ""NE;E;SE""}",hg_0004
way,1232982895,https://www.openstreetmap.org/way/1232982895,Mont chateleu,46.989552,6.572829,1297,FR,France (land mass),Франция,takeoff,yes,yes,W,"{""free_flying:hanggliding"": ""yes"", ""free_flying:official"": ""yes"", ""free_flying:paragliding"": ""yes"", ""free_flying:site"": ""takeoff"", ""free_flying:site_orientation"": ""W""}",hg_0035
way,1232983995,https://www.openstreetmap.org/way/1232983995,Morteau - mont vouillot,47.072852,6.604301,1106,FR,France (land mass),Франция,takeoff,yes,yes,SE;,"{""free_flying:hanggliding"": ""yes"", ""free_flying:official"": ""yes"", ""free_flying:paragliding"": ""yes"", ""free_flying:site"": ""takeoff"", ""free_flying:site_orientation"": ""SE;""}",hg_0035
way,1232984063,https://www.openstreetmap.org/way/1232984063,La Roche,46.339245,5.659034,657,FR,France (land mass),Франция,takeoff,yes,yes,S;W;,"{""free_flying:hanggliding"": ""yes"", ""free_flying:official"": ""yes"", ""free_flying:paragliding"": ""yes"", ""free_flying:site"": ""takeoff"", ""free_flying:site_orientation"": ""S;W;""}",hg_0264
way,1232985176,https://www.openstreetmap.org/way/1232985176,Mont-poupet W SW,46.969309,5.874627,817,FR,France (land mass),Франция,takeoff,yes,yes,"W,SW","{""free_flying:hanggliding"": ""yes"", ""free_flying:official"": ""yes"", ""free_flying:paragliding"": ""yes"", ""free_flying:site"": ""takeoff"", ""free_flying:site_orientation"": ""W,SW""}",hg_0020
way,1232985462,https://www.openstreetmap.org/way/1232985462,Morteau - meix musy,47.033379,6.671811,1286,FR,France (land mass),Франция,takeoff,yes,yes,N;NW,"{""free_flying:hanggliding"": ""yes"", ""free_flying:official"": ""yes"", ""free_flying:paragliding"": ""yes"", ""free_flying:site"": ""takeoff"", ""free_flying:site_orientation"": ""N;NW""}",hg_0035
way,1232985831,https://www.openstreetmap.org/way/1232985831,Montlandon - Saussi,47.310925,6.844922,747,FR,France (land mass),Франция,takeoff,yes,yes,NE,"{""free_flying:hanggliding"": ""yes"", ""free_flying:official"": ""yes"", ""free_flying:paragliding"": ""yes"", ""free_flying:site"": ""takeoff"", ""free_flying:site_orientation"": ""NE""}",hg_0289
way,1232987173,https://www.openstreetmap.org/way/1232987173,Pannessieres - roches aigues,46.705317,5.603373,523,FR,France (land mass),Франция,takeoff,yes,yes,W;,"{""free_flying:hanggliding"": ""yes"", ""free_flying:official"": ""yes"", ""free_flying:paragliding"": ""yes"", ""free_flying:site"": ""takeoff"", ""free_flying:site_orientation"": ""W;""}",hg_0275
way,1232987305,https://www.openstreetmap.org/way/1232987305,Les cheneviers,46.424207,5.872942,865,FR,France (land mass),Франция,takeoff,yes,yes,SE;S;SW,"{""free_flying:hanggliding"": ""yes"", ""free_flying:official"": ""yes"", ""free_flying:paragliding"": ""yes"", ""free_flying:site"": ""takeoff"", ""free_flying:site_orientation"": ""SE;S;SW""}",hg_0003
way,1232988033,https://www.openstreetmap.org/way/1232988033,Autun - croix de la liberation,46.934315,4.287472,588,FR,France (land mass),Франция,takeoff,yes,yes,N;NE;,"{""free_flying:hanggliding"": ""yes"", ""free_flying:official"": ""yes"", ""free_flying:paragliding"": ""yes"", ""free_flying:site"": ""takeoff"", ""free_flying:site_orientation"": ""N;NE;""}",hg_0063
way,1232988415,https://www.openstreetmap.org/way/1232988415,Penne-d'agenais,44.390541,0.823488,218,FR,France (land mass),Франция,takeoff,yes,yes,N;NW,"{""free_flying:hanggliding"": ""yes"", ""free_flying:official"": ""yes"", ""free_flying:paragliding"": ""yes"", ""free_flying:site"": ""takeoff"", ""free_flying:site_orientation"": ""N;NW""}",hg_0209
way,1232988990,https://www.openstreetmap.org/way/1232988990,Mail d'eygarry,42.960657,-0.659596,1863,FR,France (land mass),Франция,takeoff,yes,yes,N;S;,"{""free_flying:hanggliding"": ""yes"", ""free_flying:official"": ""yes"", ""free_flying:paragliding"": ""yes"", ""free_flying:site"": ""takeoff"", ""free_flying:site_orientation"": ""N;S;""}",hg_0014
way,1232989335,https://www.openstreetmap.org/way/1232989335,Le layens,43.020190,-0.645167,1542,FR,France (land mass),Франция,takeoff,yes,yes,S,"{""free_flying:hanggliding"": ""yes"", ""free_flying:official"": ""no"", ""free_flying:paragliding"": ""yes"", ""free_flying:site"": ""takeoff"", ""free_flying:site_orientation"": ""S""}",hg_0014
way,1232989551,https://www.openstreetmap.org/way/1232989551,Pic de labigouer,42.907730,-0.573856,652,FR,France (land mass),Франция,takeoff,yes,yes,E;W;,"{""free_flying:hanggliding"": ""yes"", ""free_flying:official"": ""no"", ""free_flying:paragliding"": ""yes"", ""free_flying:site"": ""takeoff"", ""free_flying:site_orientation"": ""E;W;""}",hg_0014
way,1232990547,https://www.openstreetmap.org/way/1232990547,Carolles - croix-paquerey,48.755781,-1.572819,35,FR,France (land mass),Франция,takeoff,yes,yes,W;NW,"{""free_flying:hanggliding"": ""yes"", ""free_flying:official"": ""yes"", ""free_flying:paragliding"": ""yes"", ""free_flying:site"": ""takeoff"", ""free_flying:site_orientation"": ""W;NW""}",hg_0038
way,1232991125,https://www.openstreetmap.org/way/1232991125,Champeaux,48.732572,-1.539618,55,FR,France (land mass),Франция,takeoff,yes,yes,S,"{""free_flying:hanggliding"": ""yes"", ""free_flying:official"": ""yes"", ""free_flying:paragliding"": ""yes"", ""free_flying:site"": ""takeoff"", ""free_flying:site_orientation"": ""S""}",hg_0038
way,1232991491,https://www.openstreetmap.org/way/1232991491,Omonville - la-rogue,49.695194,-1.832406,81,FR,France (land mass),Франция,takeoff,yes,yes,NE;E,"{""free_flying:hanggliding"": ""yes"", ""free_flying:official"": ""yes"", ""free_flying:paragliding"": ""yes"", ""free_flying:site"": ""takeoff"", ""free_flying:site_orientation"": ""NE;E""}",hg_0040
way,1232992305,https://www.openstreetmap.org/way/1232992305,Carteret - le semaphore - nord-ouest,49.374520,-1.807820,57,FR,France (land mass),Франция,takeoff,yes,yes,NW,"{""free_flying:hanggliding"": ""yes"", ""free_flying:official"": ""yes"", ""free_flying:paragliding"": ""yes"", ""free_flying:site"": ""takeoff"", ""free_flying:site_orientation"": ""NW""}",hg_0137
way,1232992590,https://www.openstreetmap.org/way/1232992590,Le-rozel,49.475112,-1.843605,57,FR,France (land mass),Франция,takeoff,yes,yes,NW,"{""free_flying:hanggliding"": ""yes"", ""free_flying:official"": ""yes"", ""free_flying:paragliding"": ""yes"", ""free_flying:site"": ""takeoff"", ""free_flying:site_orientation"": ""NW""}",hg_0139
way,1232992865,https://www.openstreetmap.org/way/1232992865,Ecalgrain,49.694075,-1.933156,110,FR,France (land mass),Франция,takeoff,yes,yes,W,"{""free_flying:hanggliding"": ""yes"", ""free_flying:official"": ""yes"", ""free_flying:paragliding"": ""yes"", ""free_flying:site"": ""takeoff"", ""free_flying:site_orientation"": ""W""}",hg_0040
way,1232994190,https://www.openstreetmap.org/way/1232994190,Grange des cinq monts,43.002815,-0.433778,946,FR,France (land mass),Франция,takeoff,yes,yes,NE;E,"{""free_flying:hanggliding"": ""yes"", ""free_flying:official"": ""yes"", ""free_flying:paragliding"": ""yes"", ""free_flying:site"": ""takeoff"", ""free_flying:site_orientation"": ""NE;E""}",hg_0183
way,1232994619,https://www.openstreetmap.org/way/1232994619,Chapelle de la madeleine,43.147639,-0.844133,556,FR,France (land mass),Франция,takeoff,yes,yes,N;NE;E;SE;S;SW;W;NW;,"{""free_flying:hanggliding"": ""yes"", ""free_flying:official"": ""yes"", ""free_flying:paragliding"": ""yes"", ""free_flying:site"": ""takeoff"", ""free_flying:site_orientation"": ""N;NE;E;SE;S;SW;W;NW;""}",hg_0186
way,1232994959,https://www.openstreetmap.org/way/1232994959,Plateau de chauffourt,47.977141,5.422935,478,FR,France (land mass),Франция,takeoff,yes,yes,NE;E,"{""free_flying:hanggliding"": ""yes"", ""free_flying:official"": ""yes"", ""free_flying:paragliding"": ""yes"", ""free_flying:site"": ""takeoff"", ""free_flying:site_orientation"": ""NE;E""}",hg_0302
way,1232995643,https://www.openstreetmap.org/way/1232995643,Monts d'olmes - galinat,42.826015,1.743580,1999,FR,France (land mass),Франция,takeoff,yes,yes,W,"{""free_flying:hanggliding"": ""yes"", ""free_flying:official"": ""no"", ""free_flying:paragliding"": ""yes"", ""free_flying:site"": ""takeoff"", ""free_flying:site_orientation"": ""W""}",hg_0085
way,1232996924,https://www.openstreetmap.org/way/1232996924,Nonza - pointe-de-solaru,42.794743,9.351743,280,FR,France (land mass),Франция,takeoff,yes,yes,W,"{""free_flying:hanggliding"": ""yes"", ""free_flying:official"": ""no"", ""free_flying:paragliding"": ""yes"", ""free_flying:site"": ""takeoff"", ""free_flying:site_orientation"": ""W""}",hg_0175
way,1232997917,https://www.openstreetmap.org/way/1232997917,Saint dionisy - st dionisy,43.799030,4.223890,180,FR,France (land mass),Франция,takeoff,yes,yes,N;W;NW,"{""free_flying:hanggliding"": ""yes"", ""free_flying:official"": ""yes"", ""free_flying:paragliding"": ""yes"", ""free_flying:site"": ""takeoff"", ""free_flying:site_orientation"": ""N;W;NW""}",hg_0089
way,1232998199,https://www.openstreetmap.org/way/1232998199,Saint samson de la roque,49.420834,0.427011,65,FR,France (land mass),Франция,takeoff,yes,yes,SW,"{""free_flying:hanggliding"": ""yes"", ""free_flying:official"": ""no"", ""free_flying:paragliding"": ""yes"", ""free_flying:site"": ""takeoff"", ""free_flying:site_orientation"": ""SW""}",hg_0138
way,1232999892,https://www.openstreetmap.org/way/1232999892,Cezas,43.965438,3.795811,633,FR,France (land mass),Франция,takeoff,yes,yes,SE;S;SW;,"{""free_flying:hanggliding"": ""yes"", ""free_flying:official"": ""no"", ""free_flying:paragliding"": ""yes"", ""free_flying:site"": ""takeoff"", ""free_flying:site_orientation"": ""SE;S;SW;""}",hg_0201
way,1233000194,https://www.openstreetmap.org/way/1233000194,Calacuccia - bocca-a-sforssi,42.309962,9.044876,1527,FR,France (land mass),Франция,takeoff,yes,yes,NW,"{""free_flying:hanggliding"": ""yes"", ""free_flying:official"": ""no"", ""free_flying:paragliding"": ""yes"", ""free_flying:site"": ""takeoff"", ""free_flying:site_orientation"": ""NW""}",hg_0170
way,1233079840,https://www.openstreetmap.org/way/1233079840,Greolieres - 600,43.809161,6.960741,1445,FR,France (land mass),Франция,takeoff,yes,yes,S,"{""free_flying:hanggliding"": ""yes"", ""free_flying:official"": ""no"", ""free_flying:paragliding"": ""yes"", ""free_flying:site"": ""takeoff"", ""free_flying:site_orientation"": ""S""}",hg_0196
way,1233079978,https://www.openstreetmap.org/way/1233079978,La colmiane - veillos,44.096032,7.190593,2052,FR,France (land mass),Франция,takeoff,yes,yes,S;SW;W,"{""free_flying:hanggliding"": ""yes"", ""free_flying:official"": ""no"", ""free_flying:paragliding"": ""yes"", ""free_flying:site"": ""takeoff"", ""free_flying:site_orientation"": ""S;SW;W""}",hg_0092
way,1233079992,https://www.openstreetmap.org/way/1233079992,La colmiane - le pic,44.058068,7.217647,1772,FR,France (land mass),Франция,takeoff,yes,yes,SW;W,"{""free_flying:hanggliding"": ""yes"", ""free_flying:official"": ""no"", ""free_flying:paragliding"": ""yes"", ""free_flying:site"": ""takeoff"", ""free_flying:site_orientation"": ""SW;W""}",hg_0092
way,1233080926,https://www.openstreetmap.org/way/1233080926,Pujo de gery,42.919619,0.667471,604,FR,France (land mass),Франция,takeoff,yes,yes,N,"{""free_flying:hanggliding"": ""yes"", ""free_flying:official"": ""yes"", ""free_flying:paragliding"": ""yes"", ""free_flying:site"": ""takeoff"", ""free_flying:site_orientation"": ""N""}",hg_0177
way,1233082305,https://www.openstreetmap.org/way/1233082305,Décollage Bleine parapente,43.813821,6.811248,1501,FR,France (land mass),Франция,takeoff,yes,yes,SE;S;SW,"{""free_flying:hanggliding"": ""yes"", ""free_flying:official"": ""no"", ""free_flying:paragliding"": ""yes"", ""free_flying:site"": ""takeoff"", ""free_flying:site_orientation"": ""SE;S;SW""}",hg_0088
way,1233083009,https://www.openstreetmap.org/way/1233083009,Chabanet - cote du baron,44.712084,4.601904,528,FR,France (land mass),Франция,takeoff,yes,yes,N,"{""free_flying:hanggliding"": ""yes"", ""free_flying:official"": ""yes"", ""free_flying:paragliding"": ""yes"", ""free_flying:site"": ""takeoff"", ""free_flying:site_orientation"": ""N""}",hg_0220
way,1233083160,https://www.openstreetmap.org/way/1233083160,Grenois - la montagne,47.324916,3.537907,339,FR,France (land mass),Франция,takeoff,yes,yes,SE;S;SW,"{""free_flying:hanggliding"": ""yes"", ""free_flying:official"": ""yes"", ""free_flying:paragliding"": ""yes"", ""free_flying:site"": ""takeoff"", ""free_flying:site_orientation"": ""SE;S;SW""}",hg_0290
way,1233084852,https://www.openstreetmap.org/way/1233084852,Hohrodberg-barrenkopf,48.069222,7.130615,920,FR,France (land mass),Франция,takeoff,yes,yes,SE;S;SW,"{""free_flying:hanggliding"": ""yes"", ""free_flying:official"": ""yes"", ""free_flying:paragliding"": ""yes"", ""free_flying:site"": ""takeoff"", ""free_flying:site_orientation"": ""SE;S;SW""}",hg_0125
way,1233085142,https://www.openstreetmap.org/way/1233085142,Stonne,49.550468,4.929285,318,FR,France (land mass),Франция,takeoff,yes,yes,N;NE,"{""free_flying:hanggliding"": ""yes"", ""free_flying:official"": ""yes"", ""free_flying:paragliding"": ""yes"", ""free_flying:site"": ""takeoff"", ""free_flying:site_orientation"": ""N;NE""}",hg_0140
way,1233085551,https://www.openstreetmap.org/way/1233085551,Semnoz-delta,45.787150,6.094012,1608,FR,France (land mass),Франция,takeoff,yes,,W;,"{""free_flying:hanggliding"": ""yes"", ""free_flying:official"": ""yes"", ""free_flying:site"": ""takeoff"", ""free_flying:site_orientation"": ""W;""}",hg_0244
way,1233086183,https://www.openstreetmap.org/way/1233086183,Carteret - le semaphore - sud,49.372852,-1.805734,63,FR,France (land mass),Франция,takeoff,yes,yes,S,"{""free_flying:hanggliding"": ""yes"", ""free_flying:official"": ""yes"", ""free_flying:paragliding"": ""yes"", ""free_flying:site"": ""takeoff"", ""free_flying:site_orientation"": ""S""}",hg_0137
way,1233087004,https://www.openstreetmap.org/way/1233087004,Col de la courade - niclade,42.997901,0.168183,1282,FR,France (land mass),Франция,takeoff,yes,yes,N;,"{""free_flying:hanggliding"": ""yes"", ""free_flying:official"": ""yes"", ""free_flying:paragliding"": ""yes"", ""free_flying:site"": ""takeoff"", ""free_flying:site_orientation"": ""N;""}",hg_0182
way,1233091778,https://www.openstreetmap.org/way/1233091778,La rosiere - la sevoliere,45.644024,6.855384,2095,FR,France (land mass),Франция,takeoff,yes,yes,NW,"{""free_flying:hanggliding"": ""yes"", ""free_flying:official"": ""no"", ""free_flying:paragliding"": ""yes"", ""free_flying:site"": ""takeoff"", ""free_flying:site_orientation"": ""NW""}",hg_0002
way,1233243298,https://www.openstreetmap.org/way/1233243298,Bourg saint maurice - vallandry,45.559708,6.766704,1653,FR,France (land mass),Франция,takeoff,yes,yes,S;SW;,"{""free_flying:hanggliding"": ""yes"", ""free_flying:official"": ""yes"", ""free_flying:paragliding"": ""yes"", ""free_flying:site"": ""takeoff"", ""free_flying:site_orientation"": ""S;SW;""}",hg_0002
way,1233243640,https://www.openstreetmap.org/way/1233243640,Le plan de l'ours,45.547534,6.788685,1906,FR,France (land mass),Франция,takeoff,yes,yes,W,"{""free_flying:hanggliding"": ""yes"", ""free_flying:official"": ""yes"", ""free_flying:paragliding"": ""yes"", ""free_flying:site"": ""takeoff"", ""free_flying:site_orientation"": ""W""}",hg_0002
way,1233247225,https://www.openstreetmap.org/way/1233247225,Fayolle,46.108392,4.619009,416,FR,France (land mass),Франция,takeoff,yes,yes,N,"{""free_flying:hanggliding"": ""yes"", ""free_flying:official"": ""yes"", ""free_flying:paragliding"": ""yes"", ""free_flying:site"": ""takeoff"", ""free_flying:site_orientation"": ""N""}",hg_0057
way,1233247505,https://www.openstreetmap.org/way/1233247505,L'Aiguille,45.129952,5.883509,1801,FR,France (land mass),Франция,takeoff,yes,yes,N;NE;E;SE;S;SW;W;NW,"{""free_flying:hanggliding"": ""yes"", ""free_flying:official"": ""yes"", ""free_flying:paragliding"": ""yes"", ""free_flying:site"": ""takeoff"", ""free_flying:site_orientation"": ""N;NE;E;SE;S;SW;W;NW""}",hg_0231
way,1233248587,https://www.openstreetmap.org/way/1233248587,Puy-de-la-tourte-ouest,45.125294,2.672898,1648,FR,France (land mass),Франция,takeoff,yes,yes,W,"{""free_flying:hanggliding"": ""yes"", ""free_flying:official"": ""yes"", ""free_flying:paragliding"": ""yes"", ""free_flying:site"": ""takeoff"", ""free_flying:site_orientation"": ""W""}",hg_0000
way,1233250703,https://www.openstreetmap.org/way/1233250703,Puy-mary - nord-est - pas-de-peyrol,45.116487,2.670784,871,FR,France (land mass),Франция,takeoff,yes,yes,NE,"{""free_flying:hanggliding"": ""yes"", ""free_flying:official"": ""yes"", ""free_flying:paragliding"": ""yes"", ""free_flying:site"": ""takeoff"", ""free_flying:site_orientation"": ""NE""}",hg_0000
way,1233251328,https://www.openstreetmap.org/way/1233251328,Nicole - pech de berre - sud,44.324120,0.347338,82,FR,France (land mass),Франция,takeoff,yes,yes,S;SW,"{""free_flying:hanggliding"": ""yes"", ""free_flying:official"": ""no"", ""free_flying:paragliding"": ""yes"", ""free_flying:site"": ""takeoff"", ""free_flying:site_orientation"": ""S;SW""}",hg_0207
way,1233253355,https://www.openstreetmap.org/way/1233253355,Breitenbach - pelage - sud-ouest,48.383028,7.280007,928,FR,France (land mass),Франция,takeoff,yes,yes,S;SW,"{""free_flying:hanggliding"": ""yes"", ""free_flying:official"": ""yes"", ""free_flying:paragliding"": ""yes"", ""free_flying:site"": ""takeoff"", ""free_flying:site_orientation"": ""S;SW""}",hg_0066
way,1233254911,https://www.openstreetmap.org/way/1233254911,Dausse,43.048016,0.791818,554,FR,France (land mass),Франция,takeoff,yes,yes,NE;NW,"{""free_flying:hanggliding"": ""yes"", ""free_flying:official"": ""yes"", ""free_flying:paragliding"": ""yes"", ""free_flying:site"": ""takeoff"", ""free_flying:site_orientation"": ""NE;NW""}",hg_0184
way,1233255120,https://www.openstreetmap.org/way/1233255120,Saint-desirat - chatelet,45.253842,4.796871,307,FR,France (land mass),Франция,takeoff,yes,yes,N;NE;E;NW,"{""free_flying:hanggliding"": ""yes"", ""free_flying:official"": ""yes"", ""free_flying:paragliding"": ""yes"", ""free_flying:site"": ""takeoff"", ""free_flying:site_orientation"": ""N;NE;E;NW""}",hg_0235
way,1233258660,https://www.openstreetmap.org/way/1233258660,Notre-dame-de-la-mer - les-grandes-bruyeres,49.036085,1.539314,128,FR,France (land mass),Франция,takeoff,yes,yes,NE,"{""free_flying:hanggliding"": ""yes"", ""free_flying:official"": ""yes"", ""free_flying:paragliding"": ""yes"", ""free_flying:site"": ""takeoff"", ""free_flying:site_orientation"": ""NE""}",hg_0324
way,1233274476,https://www.openstreetmap.org/way/1233274476,La-heve,49.511122,0.067924,80,FR,France (land mass),Франция,takeoff,yes,yes,SW,"{""free_flying:hanggliding"": ""yes"", ""free_flying:official"": ""yes"", ""free_flying:paragliding"": ""yes"", ""free_flying:site"": ""takeoff"", ""free_flying:site_orientation"": ""SW""}",hg_0336
way,1233278161,https://www.openstreetmap.org/way/1233278161,Marais vernier - panorama (soumis a autorisation ),49.402569,0.467355,102,FR,France (land mass),Франция,takeoff,yes,yes,NE,"{""free_flying:hanggliding"": ""yes"", ""free_flying:official"": ""no"", ""free_flying:paragliding"": ""yes"", ""free_flying:site"": ""takeoff"", ""free_flying:site_orientation"": ""NE""}",hg_0138
way,1233284198,https://www.openstreetmap.org/way/1233284198,Andey nord,46.047019,6.394681,1115,FR,France (land mass),Франция,takeoff,yes,,NW;,"{""free_flying:hanggliding"": ""yes"", ""free_flying:official"": ""no"", ""free_flying:site"": ""takeoff"", ""free_flying:site_orientation"": ""NW;""}",hg_0255
way,1233285095,https://www.openstreetmap.org/way/1233285095,Samoens - la bourgeoise delta,46.111609,6.707866,1454,FR,France (land mass),Франция,takeoff,yes,,S;,"{""free_flying:hanggliding"": ""yes"", ""free_flying:official"": ""yes"", ""free_flying:site"": ""takeoff"", ""free_flying:site_orientation"": ""S;""}",hg_0008
way,1233286021,https://www.openstreetmap.org/way/1233286021,Le-trie,48.543943,5.708038,347,FR,France (land mass),Франция,takeoff,yes,yes,SE;S,"{""free_flying:hanggliding"": ""yes"", ""free_flying:official"": ""yes"", ""free_flying:paragliding"": ""yes"", ""free_flying:site"": ""takeoff"", ""free_flying:site_orientation"": ""SE;S""}",hg_0312
way,1233324139,https://www.openstreetmap.org/way/1233324139,Saint gervais - mont lachat,45.868277,6.796181,2073,FR,France (land mass),Франция,takeoff,yes,yes,,"{""free_flying:hanggliding"": ""yes"", ""free_flying:official"": ""yes"", ""free_flying:paragliding"": ""yes"", ""free_flying:site"": ""takeoff""}",hg_0247
way,1233330920,https://www.openstreetmap.org/way/1233330920,Varan - verdun,45.946914,6.682645,1697,FR,France (land mass),Франция,takeoff,yes,yes,S;,"{""free_flying:hanggliding"": ""yes"", ""free_flying:official"": ""yes"", ""free_flying:paragliding"": ""yes"", ""free_flying:site"": ""takeoff"", ""free_flying:site_orientation"": ""S;""}",hg_0008
way,1233331762,https://www.openstreetmap.org/way/1233331762,Moustiers-sainte-marie - courchon,43.843010,6.230226,904,FR,France (land mass),Франция,takeoff,yes,yes,S;SW;W,"{""free_flying:hanggliding"": ""yes"", ""free_flying:official"": ""yes"", ""free_flying:paragliding"": ""yes"", ""free_flying:site"": ""takeoff"", ""free_flying:site_orientation"": ""S;SW;W""}",hg_0197
way,1233333346,https://www.openstreetmap.org/way/1233333346,Chamoux - champlaurent,45.510569,6.210104,1250,FR,France (land mass),Франция,takeoff,yes,yes,W,"{""free_flying:hanggliding"": ""yes"", ""free_flying:official"": ""yes"", ""free_flying:paragliding"": ""yes"", ""free_flying:site"": ""takeoff"", ""free_flying:site_orientation"": ""W""}",hg_0054
way,1233477978,https://www.openstreetmap.org/way/1233477978,Décollage - Saint-Martin-sur-Armançon,47.873792,4.056880,249,FR,France (land mass),Франция,takeoff,yes,yes,SE,"{""free_flying:hanggliding"": ""yes"", ""free_flying:official"": ""yes"", ""free_flying:paragliding"": ""yes"", ""free_flying:site"": ""takeoff"", ""free_flying:site_orientation"": ""SE""}",hg_0301
way,1233478251,https://www.openstreetmap.org/way/1233478251,Crayssac,44.502942,1.321125,262,FR,France (land mass),Франция,takeoff,yes,yes,SE;S;SW,"{""free_flying:hanggliding"": ""yes"", ""free_flying:official"": ""yes"", ""free_flying:paragliding"": ""yes"", ""free_flying:site"": ""takeoff"", ""free_flying:site_orientation"": ""SE;S;SW""}",hg_0029
way,1233491907,https://www.openstreetmap.org/way/1233491907,Torcieu - antenne relais,45.910999,5.397362,555,FR,France (land mass),Франция,takeoff,yes,yes,N;NE;NW,"{""free_flying:hanggliding"": ""yes"", ""free_flying:official"": ""yes"", ""free_flying:paragliding"": ""yes"", ""free_flying:site"": ""takeoff"", ""free_flying:site_orientation"": ""N;NE;NW""}",hg_0112
way,1233492860,https://www.openstreetmap.org/way/1233492860,Saint-Sorlin - Souclin,45.880381,5.410618,763,FR,France (land mass),Франция,takeoff,yes,no,S;,"{""free_flying:hanggliding"": ""yes"", ""free_flying:official"": ""yes"", ""free_flying:paragliding"": ""no"", ""free_flying:site"": ""takeoff"", ""free_flying:site_orientation"": ""S;""}",hg_0112
way,1233495682,https://www.openstreetmap.org/way/1233495682,Saint-leu - 1400,-21.150989,55.342299,1395,FR,France (land mass),Франция,takeoff,yes,yes,SW;W,"{""free_flying:hanggliding"": ""yes"", ""free_flying:official"": ""no"", ""free_flying:paragliding"": ""yes"", ""free_flying:site"": ""takeoff"", ""free_flying:site_orientation"": ""SW;W""}",hg_0071
way,1233861791,https://www.openstreetmap.org/way/1233861791,Déco Maido,-21.059160,55.381755,2002,FR,France (land mass),Франция,takeoff,yes,yes,E,"{""free_flying:hanggliding"": ""yes"", ""free_flying:official"": ""yes"", ""free_flying:paragliding"": ""yes"", ""free_flying:site"": ""takeoff"", ""free_flying:site_orientation"": ""E""}",hg_0042
way,1233862468,https://www.openstreetmap.org/way/1233862468,Plaine des gregues,-21.320701,55.593197,916,FR,France (land mass),Франция,takeoff,yes,yes,SE,"{""free_flying:hanggliding"": ""yes"", ""free_flying:official"": ""yes"", ""free_flying:paragliding"": ""yes"", ""free_flying:site"": ""takeoff"", ""free_flying:site_orientation"": ""SE""}",hg_0070
way,1233863396,https://www.openstreetmap.org/way/1233863396,Piton de l'entonnoir,-21.356736,55.614503,430,FR,France (land mass),Франция,takeoff,yes,yes,S;SW,"{""free_flying:hanggliding"": ""yes"", ""free_flying:official"": ""no"", ""free_flying:paragliding"": ""yes"", ""free_flying:site"": ""takeoff"", ""free_flying:site_orientation"": ""S;SW""}",hg_0070
way,1233864796,https://www.openstreetmap.org/way/1233864796,Le dimitile,-21.190158,55.484541,1741,FR,France (land mass),Франция,takeoff,yes,yes,SE;S,"{""free_flying:hanggliding"": ""yes"", ""free_flying:official"": ""yes"", ""free_flying:paragliding"": ""yes"", ""free_flying:site"": ""takeoff"", ""free_flying:site_orientation"": ""SE;S""}",hg_0156
way,1233866492,https://www.openstreetmap.org/way/1233866492,Contras - saim buguet,44.116490,5.723597,1629,FR,France (land mass),Франция,takeoff,yes,yes,SW;W;NW,"{""free_flying:hanggliding"": ""yes"", ""free_flying:official"": ""yes"", ""free_flying:paragliding"": ""yes"", ""free_flying:site"": ""takeoff"", ""free_flying:site_orientation"": ""SW;W;NW""}",hg_0028
way,1233867030,https://www.openstreetmap.org/way/1233867030,Mont de la comte,50.415080,2.514007,159,FR,France (land mass),Франция,takeoff,yes,yes,W;NW,"{""free_flying:hanggliding"": ""yes"", ""free_flying:official"": ""yes"", ""free_flying:paragliding"": ""yes"", ""free_flying:site"": ""takeoff"", ""free_flying:site_orientation"": ""W;NW""}",hg_0348
way,1233868697,https://www.openstreetmap.org/way/1233868697,Montagne de la lance - la lance sud,44.464254,5.084376,1162,FR,France (land mass),Франция,takeoff,yes,yes,S;SW,"{""free_flying:hanggliding"": ""yes"", ""free_flying:official"": ""yes"", ""free_flying:paragliding"": ""yes"", ""free_flying:site"": ""takeoff"", ""free_flying:site_orientation"": ""S;SW""}",hg_0030
way,1233868864,https://www.openstreetmap.org/way/1233868864,Montagne de ruy - ruy nord,44.508212,5.157766,960,FR,France (land mass),Франция,takeoff,yes,yes,N;NE;S;SW;NW,"{""free_flying:hanggliding"": ""yes"", ""free_flying:official"": ""yes"", ""free_flying:paragliding"": ""yes"", ""free_flying:site"": ""takeoff"", ""free_flying:site_orientation"": ""N;NE;S;SW;NW""}",hg_0030
way,1233870517,https://www.openstreetmap.org/way/1233870517,Saint maurice,44.564055,5.075661,885,FR,France (land mass),Франция,takeoff,yes,yes,N;NW,"{""free_flying:hanggliding"": ""yes"", ""free_flying:official"": ""yes"", ""free_flying:paragliding"": ""yes"", ""free_flying:site"": ""takeoff"", ""free_flying:site_orientation"": ""N;NW""}",hg_0030
way,1233870698,https://www.openstreetmap.org/way/1233870698,Mont rachas - rachas sud,44.502068,5.009846,810,FR,France (land mass),Франция,takeoff,yes,yes,SE;S,"{""free_flying:hanggliding"": ""yes"", ""free_flying:official"": ""yes"", ""free_flying:paragliding"": ""yes"", ""free_flying:site"": ""takeoff"", ""free_flying:site_orientation"": ""SE;S""}",hg_0030
way,1233872366,https://www.openstreetmap.org/way/1233872366,Socourt,48.388014,6.249047,348,FR,France (land mass),Франция,takeoff,yes,yes,E;,"{""free_flying:hanggliding"": ""yes"", ""free_flying:official"": ""yes"", ""free_flying:paragliding"": ""yes"", ""free_flying:site"": ""takeoff"", ""free_flying:site_orientation"": ""E;""}",hg_0309
way,1233891659,https://www.openstreetmap.org/way/1233891659,Pyla gaillouneys,44.567809,-1.231775,24,FR,France (land mass),Франция,takeoff,yes,yes,N;W;NW,"{""free_flying:hanggliding"": ""yes"", ""free_flying:official"": ""yes"", ""free_flying:paragliding"": ""yes"", ""free_flying:site"": ""takeoff"", ""free_flying:site_orientation"": ""N;W;NW""}",hg_0215
way,1235128867,https://www.openstreetmap.org/way/1235128867,Cordes saint marcel campes - cordes 2,44.064223,1.975696,296,FR,France (land mass),Франция,takeoff,yes,yes,NW,"{""free_flying:hanggliding"": ""yes"", ""free_flying:official"": ""yes"", ""free_flying:paragliding"": ""yes"", ""free_flying:site"": ""takeoff"", ""free_flying:site_orientation"": ""NW""}",hg_0091
way,1235129455,https://www.openstreetmap.org/way/1235129455,Belvedere fort de la dame blanche,47.318824,6.059899,574,FR,France (land mass),Франция,takeoff,yes,,N;NW,"{""free_flying:hanggliding"": ""yes"", ""free_flying:official"": ""yes"", ""free_flying:site"": ""takeoff"", ""free_flying:site_orientation"": ""N;NW""}",hg_0021
way,1235131036,https://www.openstreetmap.org/way/1235131036,Décollage Planoise Nord Est,47.208401,5.983868,430,FR,France (land mass),Франция,takeoff,yes,yes,NE,"{""free_flying:hanggliding"": ""yes"", ""free_flying:official"": ""yes"", ""free_flying:paragliding"": ""yes"", ""free_flying:site"": ""takeoff"", ""free_flying:site_orientation"": ""NE""}",hg_0021
way,1235131364,https://www.openstreetmap.org/way/1235131364,Montjoux sud,43.672352,3.195655,594,FR,France (land mass),Франция,takeoff,yes,yes,S,"{""free_flying:hanggliding"": ""yes"", ""free_flying:official"": ""yes"", ""free_flying:paragliding"": ""yes"", ""free_flying:site"": ""takeoff"", ""free_flying:site_orientation"": ""S""}",hg_0086
way,1235131365,https://www.openstreetmap.org/way/1235131365,Montjoux O-NO,43.672623,3.194950,594,FR,France (land mass),Франция,takeoff,yes,yes,W;NW,"{""free_flying:hanggliding"": ""yes"", ""free_flying:official"": ""yes"", ""free_flying:paragliding"": ""yes"", ""free_flying:site"": ""takeoff"", ""free_flying:site_orientation"": ""W;NW""}",hg_0086
way,1235134600,https://www.openstreetmap.org/way/1235134600,Fort du Truc,45.633387,6.750098,1750,FR,France (land mass),Франция,takeoff,yes,yes,E;SE,"{""free_flying:hanggliding"": ""yes"", ""free_flying:official"": ""no"", ""free_flying:paragliding"": ""yes"", ""free_flying:site"": ""takeoff"", ""free_flying:site_orientation"": ""E;SE""}",hg_0002
way,1235136001,https://www.openstreetmap.org/way/1235136001,Chabre - top - nord,44.297571,5.762970,1330,FR,France (land mass),Франция,takeoff,yes,yes,N;NE;NW,"{""free_flying:hanggliding"": ""yes"", ""free_flying:official"": ""yes"", ""free_flying:paragliding"": ""yes"", ""free_flying:site"": ""takeoff"", ""free_flying:site_orientation"": ""N;NE;NW""}",hg_0016
way,1235136045,https://www.openstreetmap.org/way/1235136045,Mauroux,42.510278,1.989506,2055,FR,France (land mass),Франция,takeoff,yes,yes,SE;S;SW,"{""free_flying:hanggliding"": ""yes"", ""free_flying:official"": ""yes"", ""free_flying:paragliding"": ""yes"", ""free_flying:site"": ""takeoff"", ""free_flying:site_orientation"": ""SE;S;SW"", ""free_flying:tandem"": ""yes""}",hg_0171
way,1235136372,https://www.openstreetmap.org/way/1235136372,Le-piquet - beaulieu-sur-layon,47.309766,-0.599717,75,FR,France (land mass),Франция,takeoff,yes,yes,SW,"{""free_flying:hanggliding"": ""yes"", ""free_flying:official"": ""yes"", ""free_flying:paragliding"": ""yes"", ""free_flying:site"": ""takeoff"", ""free_flying:site_orientation"": ""SW""}",hg_0288
way,1235136830,https://www.openstreetmap.org/way/1235136830,Criel - les-mouettes,50.028693,1.300104,92,FR,France (land mass),Франция,takeoff,yes,yes,N;W;NW,"{""free_flying:hanggliding"": ""yes"", ""free_flying:official"": ""yes"", ""free_flying:paragliding"": ""yes"", ""free_flying:site"": ""takeoff"", ""free_flying:site_orientation"": ""N;W;NW""}",hg_0345
way,1235137706,https://www.openstreetmap.org/way/1235137706,Décollage Gensac,43.212589,1.131159,314,FR,France (land mass),Франция,takeoff,yes,yes,NW,"{""free_flying:hanggliding"": ""yes"", ""free_flying:official"": ""yes"", ""free_flying:paragliding"": ""yes"", ""free_flying:site"": ""takeoff"", ""free_flying:site_orientation"": ""NW""}",hg_0187
way,1235139472,https://www.openstreetmap.org/way/1235139472,Arromanches - Tracy,49.342870,-0.635689,41,FR,France (land mass),Франция,takeoff,yes,yes,NE,"{""free_flying:hanggliding"": ""yes"", ""free_flying:official"": ""yes"", ""free_flying:paragliding"": ""yes"", ""free_flying:site"": ""takeoff"", ""free_flying:site_orientation"": ""NE""}",hg_0136
way,1235139882,https://www.openstreetmap.org/way/1235139882,Dreuilh,44.480430,1.794773,297,FR,France (land mass),Франция,takeoff,yes,yes,SE;S,"{""free_flying:hanggliding"": ""yes"", ""free_flying:official"": ""yes"", ""free_flying:paragliding"": ""yes"", ""free_flying:site"": ""takeoff"", ""free_flying:site_orientation"": ""SE;S""}",hg_0098
way,1235262463,https://www.openstreetmap.org/way/1235262463,Macot-la-plagne - pra plan,45.576658,6.621534,2082,FR,France (land mass),Франция,takeoff,yes,yes,SW,"{""free_flying:hanggliding"": ""yes"", ""free_flying:official"": ""yes"", ""free_flying:paragliding"": ""yes"", ""free_flying:site"": ""takeoff"", ""free_flying:site_orientation"": ""SW""}",hg_0002
way,1235294988,https://www.openstreetmap.org/way/1235294988,Naves - lac des Bozons,45.553003,6.549239,1988,FR,France (land mass),Франция,takeoff,yes,yes,W;NW,"{""free_flying:hanggliding"": ""yes"", ""free_flying:official"": ""yes"", ""free_flying:paragliding"": ""yes"", ""free_flying:site"": ""takeoff"", ""free_flying:site_orientation"": ""W;NW""}",hg_0002
way,1235295327,https://www.openstreetmap.org/way/1235295327,Saint-jean-de-maurienne - la balme,45.291868,6.319367,1570,FR,France (land mass),Франция,takeoff,yes,yes,S,"{""free_flying:hanggliding"": ""yes"", ""free_flying:official"": ""yes"", ""free_flying:paragliding"": ""yes"", ""free_flying:site"": ""takeoff"", ""free_flying:site_orientation"": ""S""}",hg_0236
way,1235465937,https://www.openstreetmap.org/way/1235465937,Décollage de Charmy,46.160863,5.835982,977,FR,France (land mass),Франция,takeoff,yes,yes,S,"{""free_flying:hanggliding"": ""yes"", ""free_flying:official"": ""yes"", ""free_flying:paragliding"": ""yes"", ""free_flying:site"": ""takeoff"", ""free_flying:site_orientation"": ""S""}",hg_0009
way,1235466384,https://www.openstreetmap.org/way/1235466384,Bisanne nord ouest,45.747166,6.504123,1929,FR,France (land mass),Франция,takeoff,yes,yes,N;NE;NW,"{""free_flying:hanggliding"": ""yes"", ""free_flying:official"": ""yes"", ""free_flying:paragliding"": ""yes"", ""free_flying:site"": ""takeoff"", ""free_flying:site_orientation"": ""N;NE;NW""}",hg_0019
way,1235466963,https://www.openstreetmap.org/way/1235466963,Arfuyen,44.191303,5.101947,560,FR,France (land mass),Франция,takeoff,yes,yes,E;SE,"{""free_flying:hanggliding"": ""yes"", ""free_flying:official"": ""yes"", ""free_flying:paragliding"": ""yes"", ""free_flying:site"": ""takeoff"", ""free_flying:site_orientation"": ""E;SE""}",hg_0204
way,1235468397,https://www.openstreetmap.org/way/1235468397,Grand cret,46.126511,4.582556,685,FR,France (land mass),Франция,takeoff,yes,yes,NE,"{""free_flying:hanggliding"": ""yes"", ""free_flying:official"": ""yes"", ""free_flying:paragliding"": ""yes"", ""free_flying:site"": ""takeoff"", ""free_flying:site_orientation"": ""NE""}",hg_0057
way,1235469285,https://www.openstreetmap.org/way/1235469285,Sommet de la Força Réal,42.726592,2.701617,459,FR,France (land mass),Франция,takeoff,yes,yes,S;SE;E,"{""free_flying:hanggliding"": ""yes"", ""free_flying:official"": ""yes"", ""free_flying:paragliding"": ""yes"", ""free_flying:site"": ""takeoff"", ""free_flying:site_orientation"": ""S;SE;E""}",hg_0172
way,1235473573,https://www.openstreetmap.org/way/1235473573,Décollage La Maltournée Nord,47.194281,5.989628,468,FR,France (land mass),Франция,takeoff,yes,yes,NW,"{""free_flying:hanggliding"": ""yes"", ""free_flying:official"": ""yes"", ""free_flying:paragliding"": ""yes"", ""free_flying:site"": ""takeoff"", ""free_flying:site_orientation"": ""NW""}",hg_0021
way,1235624650,https://www.openstreetmap.org/way/1235624650,La-pointe-du-roselier - nord,48.554567,-2.715283,65,FR,France (land mass),Франция,takeoff,yes,yes,N;NE,"{""free_flying:hanggliding"": ""yes"", ""free_flying:official"": ""yes"", ""free_flying:paragliding"": ""yes"", ""free_flying:site"": ""takeoff"", ""free_flying:site_orientation"": ""N;NE""}",hg_0130
way,1235624651,https://www.openstreetmap.org/way/1235624651,La-pointe-du-roselier - sud,48.553551,-2.714907,65,FR,France (land mass),Франция,takeoff,yes,yes,SE;S,"{""free_flying:hanggliding"": ""yes"", ""free_flying:official"": ""yes"", ""free_flying:paragliding"": ""yes"", ""free_flying:site"": ""takeoff"", ""free_flying:site_orientation"": ""SE;S""}",hg_0130
way,1235626791,https://www.openstreetmap.org/way/1235626791,Buc est - la taniere,44.216402,5.477948,1223,FR,France (land mass),Франция,takeoff,yes,yes,E,"{""free_flying:hanggliding"": ""yes"", ""free_flying:official"": ""yes"", ""free_flying:paragliding"": ""yes"", ""free_flying:site"": ""takeoff"", ""free_flying:site_orientation"": ""E""}",hg_0006
way,1235627967,https://www.openstreetmap.org/way/1235627967,Chamery,49.164867,3.953399,254,FR,France (land mass),Франция,takeoff,yes,yes,NE,"{""free_flying:hanggliding"": ""yes"", ""free_flying:official"": ""yes"", ""free_flying:paragliding"": ""yes"", ""free_flying:site"": ""takeoff"", ""free_flying:site_orientation"": ""NE""}",hg_0330
way,1235636550,https://www.openstreetmap.org/way/1235636550,Les frenelots,47.061163,6.637981,941,FR,France (land mass),Франция,takeoff,yes,yes,W;NW,"{""free_flying:hanggliding"": ""yes"", ""free_flying:official"": ""yes"", ""free_flying:paragliding"": ""yes"", ""free_flying:site"": ""takeoff"", ""free_flying:site_orientation"": ""W;NW""}",hg_0035
way,1235638707,https://www.openstreetmap.org/way/1235638707,Roocourt la cote sud - roocourt la cote le denot,48.214155,5.152801,358,FR,France (land mass),Франция,takeoff,yes,yes,SE;S;SW,"{""free_flying:hanggliding"": ""yes"", ""free_flying:official"": ""yes"", ""free_flying:paragliding"": ""yes"", ""free_flying:site"": ""takeoff"", ""free_flying:site_orientation"": ""SE;S;SW""}",hg_0128
way,1235639251,https://www.openstreetmap.org/way/1235639251,Roocourt la cote ouest - roocourt la cote le plein chien,48.218650,5.149593,341,FR,France (land mass),Франция,takeoff,yes,yes,SW;W,"{""free_flying:hanggliding"": ""yes"", ""free_flying:official"": ""yes"", ""free_flying:paragliding"": ""yes"", ""free_flying:site"": ""takeoff"", ""free_flying:site_orientation"": ""SW;W""}",hg_0128
way,1235643053,https://www.openstreetmap.org/way/1235643053,Butte de suin,46.434143,4.475579,592,FR,France (land mass),Франция,takeoff,yes,yes,NE,"{""free_flying:hanggliding"": ""yes"", ""free_flying:official"": ""yes"", ""free_flying:paragliding"": ""yes"", ""free_flying:site"": ""takeoff"", ""free_flying:site_orientation"": ""NE""}",hg_0265
way,1235775965,https://www.openstreetmap.org/way/1235775965,Arc sous cicon - grand bois bannal,47.037523,6.382601,916,FR,France (land mass),Франция,takeoff,yes,yes,N,"{""free_flying:hanggliding"": ""yes"", ""free_flying:official"": ""yes"", ""free_flying:paragliding"": ""yes"", ""free_flying:site"": ""takeoff"", ""free_flying:site_orientation"": ""N""}",hg_0281
way,1235776279,https://www.openstreetmap.org/way/1235776279,Autrey les cerre - mont moiran,47.622572,6.349162,375,FR,France (land mass),Франция,takeoff,yes,yes,NE;E,"{""free_flying:hanggliding"": ""yes"", ""free_flying:official"": ""yes"", ""free_flying:paragliding"": ""yes"", ""free_flying:site"": ""takeoff"", ""free_flying:site_orientation"": ""NE;E""}",hg_0122
way,1236676647,https://www.openstreetmap.org/way/1236676647,Décollage de Risoul,42.763551,1.508909,1337,FR,France (land mass),Франция,takeoff,yes,yes,N,"{""free_flying:hanggliding"": ""yes"", ""free_flying:official"": ""yes"", ""free_flying:paragliding"": ""yes"", ""free_flying:site"": ""takeoff"", ""free_flying:site_orientation"": ""N""}",hg_0084
way,1236676840,https://www.openstreetmap.org/way/1236676840,Décollage de l'Esquerus,42.758542,1.512488,1393,FR,France (land mass),Франция,takeoff,yes,yes,SW;W;NW,"{""free_flying:hanggliding"": ""yes"", ""free_flying:official"": ""yes"", ""free_flying:paragliding"": ""yes"", ""free_flying:site"": ""takeoff"", ""free_flying:site_orientation"": ""SW;W;NW""}",hg_0084
way,1236677510,https://www.openstreetmap.org/way/1236677510,Les-chaintres - Caves-de-la-mignonne,47.329831,2.828315,238,FR,France (land mass),Франция,takeoff,yes,yes,N,"{""free_flying:hanggliding"": ""yes"", ""free_flying:official"": ""yes"", ""free_flying:paragliding"": ""yes"", ""free_flying:site"": ""takeoff"", ""free_flying:site_orientation"": ""N""}",hg_0291
way,1236681371,https://www.openstreetmap.org/way/1236681371,Saint-Clément - Lachamp,44.951263,4.259404,1164,FR,France (land mass),Франция,takeoff,yes,yes,S,"{""free_flying:hanggliding"": ""yes"", ""free_flying:official"": ""yes"", ""free_flying:paragliding"": ""yes"", ""free_flying:site"": ""takeoff"", ""free_flying:site_orientation"": ""S""}",hg_0050
way,1237873798,https://www.openstreetmap.org/way/1237873798,Mont-saint-pere - dessus-les-toits-du-ru-dollond,49.071317,3.474954,165,FR,France (land mass),Франция,takeoff,yes,yes,SE,"{""free_flying:hanggliding"": ""yes"", ""free_flying:official"": ""yes"", ""free_flying:paragliding"": ""yes"", ""free_flying:site"": ""takeoff"", ""free_flying:site_orientation"": ""SE""}",hg_0325
way,1237877738,https://www.openstreetmap.org/way/1237877738,Belesta - roc de la grenouille,42.900219,1.963578,824,FR,France (land mass),Франция,takeoff,yes,yes,W;NW,"{""free_flying:hanggliding"": ""yes"", ""free_flying:official"": ""yes"", ""free_flying:paragliding"": ""yes"", ""free_flying:site"": ""takeoff"", ""free_flying:site_orientation"": ""W;NW""}",hg_0176
way,1237878984,https://www.openstreetmap.org/way/1237878984,Saint jean - latour de durfort,44.041256,5.403512,1004,FR,France (land mass),Франция,takeoff,yes,yes,W;NW,"{""free_flying:hanggliding"": ""yes"", ""free_flying:official"": ""yes"", ""free_flying:paragliding"": ""yes"", ""free_flying:site"": ""takeoff"", ""free_flying:site_orientation"": ""W;NW""}",hg_0090
way,1237880588,https://www.openstreetmap.org/way/1237880588,Hautacam argeles-gazost - la moulata,42.968975,-0.003094,1684,FR,France (land mass),Франция,takeoff,yes,yes,W;NW,"{""free_flying:hanggliding"": ""yes"", ""free_flying:official"": ""yes"", ""free_flying:paragliding"": ""yes"", ""free_flying:site"": ""takeoff"", ""free_flying:site_orientation"": ""W;NW""}",hg_0179
way,1237882922,https://www.openstreetmap.org/way/1237882922,La plogne,44.482227,1.835104,276,FR,France (land mass),Франция,takeoff,yes,yes,E,"{""free_flying:hanggliding"": ""yes"", ""free_flying:official"": ""yes"", ""free_flying:paragliding"": ""yes"", ""free_flying:site"": ""takeoff"", ""free_flying:site_orientation"": ""E""}",hg_0098
way,1237883364,https://www.openstreetmap.org/way/1237883364,Mont ventoux nord,44.174257,5.278567,1859,FR,France (land mass),Франция,takeoff,yes,yes,N;NE;NW,"{""free_flying:hanggliding"": ""yes"", ""free_flying:official"": ""yes"", ""free_flying:paragliding"": ""yes"", ""free_flying:site"": ""takeoff"", ""free_flying:site_orientation"": ""N;NE;NW""}",hg_0094
way,1237883812,https://www.openstreetmap.org/way/1237883812,Mont ventoux sud - les cretes,44.173957,5.264369,1821,FR,France (land mass),Франция,takeoff,yes,yes,SE;S,"{""free_flying:hanggliding"": ""yes"", ""free_flying:official"": ""yes"", ""free_flying:paragliding"": ""yes"", ""free_flying:site"": ""takeoff"", ""free_flying:site_orientation"": ""SE;S""}",hg_0094
way,1237884245,https://www.openstreetmap.org/way/1237884245,Malijai - blanchon,44.066222,6.037678,766,FR,France (land mass),Франция,takeoff,yes,yes,E;SE;S;SW;W,"{""free_flying:hanggliding"": ""yes"", ""free_flying:official"": ""yes"", ""free_flying:paragliding"": ""yes"", ""free_flying:site"": ""takeoff"", ""free_flying:site_orientation"": ""E;SE;S;SW;W""}",hg_0202
way,1237892607,https://www.openstreetmap.org/way/1237892607,Zone ndt24 - mont marau,-17.608825,-149.532817,1387,FR,France (land mass),Франция,takeoff,yes,yes,E,"{""free_flying:hanggliding"": ""yes"", ""free_flying:official"": ""yes"", ""free_flying:paragliding"": ""yes"", ""free_flying:site"": ""takeoff"", ""free_flying:site_orientation"": ""E""}",hg_0158
way,1238112510,https://www.openstreetmap.org/way/1238112510,Les chapelles - chapelles village,45.595325,6.734962,1289,FR,France (land mass),Франция,takeoff,yes,yes,SE;,"{""free_flying:hanggliding"": ""yes"", ""free_flying:official"": ""yes"", ""free_flying:paragliding"": ""yes"", ""free_flying:site"": ""takeoff"", ""free_flying:site_orientation"": ""SE;""}",hg_0002
way,1238112746,https://www.openstreetmap.org/way/1238112746,Les chapelles - chapelle superieur - vaugelaz,45.607805,6.711916,2033,FR,France (land mass),Франция,takeoff,yes,yes,E;,"{""free_flying:hanggliding"": ""yes"", ""free_flying:official"": ""yes"", ""free_flying:paragliding"": ""yes"", ""free_flying:site"": ""takeoff"", ""free_flying:site_orientation"": ""E;""}",hg_0002
way,1238113054,https://www.openstreetmap.org/way/1238113054,Aire de décollage parapente et deltaplane Velars Est,47.301537,4.900465,546,FR,France (land mass),Франция,takeoff,yes,yes,NE;E,"{""free_flying:hanggliding"": ""yes"", ""free_flying:official"": ""yes"", ""free_flying:paragliding"": ""yes"", ""free_flying:site"": ""takeoff"", ""free_flying:site_orientation"": ""NE;E""}",hg_0037
way,1238113055,https://www.openstreetmap.org/way/1238113055,Décollage Velars Ouest,47.302139,4.900004,546,FR,France (land mass),Франция,takeoff,yes,yes,W;NW,"{""free_flying:hanggliding"": ""yes"", ""free_flying:official"": ""yes"", ""free_flying:paragliding"": ""yes"", ""free_flying:site"": ""takeoff"", ""free_flying:site_orientation"": ""W;NW""}",hg_0037
way,1238113553,https://www.openstreetmap.org/way/1238113553,Tyrolienne - Cascade du Salin,44.937523,4.201182,1331,FR,France (land mass),Франция,takeoff,yes,yes,,"{""free_flying:hanggliding"": ""yes"", ""free_flying:official"": ""yes"", ""free_flying:paragliding"": ""yes"", ""free_flying:site"": ""takeoff""}",hg_0050
way,1238114526,https://www.openstreetmap.org/way/1238114526,Chabanon selonnet,44.335241,6.295642,1768,FR,France (land mass),Франция,takeoff,yes,yes,N,"{""free_flying:hanggliding"": ""yes"", ""free_flying:official"": ""yes"", ""free_flying:paragliding"": ""yes"", ""free_flying:site"": ""takeoff"", ""free_flying:site_orientation"": ""N""}",hg_0095
way,1238114527,https://www.openstreetmap.org/way/1238114527,Chabanon selonnet,44.334661,6.295591,1768,FR,France (land mass),Франция,takeoff,yes,yes,S,"{""free_flying:hanggliding"": ""yes"", ""free_flying:official"": ""yes"", ""free_flying:paragliding"": ""yes"", ""free_flying:site"": ""takeoff"", ""free_flying:site_orientation"": ""S""}",hg_0095
way,1238122559,https://www.openstreetmap.org/way/1238122559,Cuges les pins - pierre blanche,43.282135,5.694364,408,FR,France (land mass),Франция,takeoff,yes,yes,SW,"{""free_flying:hanggliding"": ""yes"", ""free_flying:official"": ""yes"", ""free_flying:paragliding"": ""yes"", ""free_flying:site"": ""takeoff"", ""free_flying:site_orientation"": ""SW""}",hg_0015
way,1238124135,https://www.openstreetmap.org/way/1238124135,Le Roc Granville,48.835285,-1.611334,31,FR,France (land mass),Франция,takeoff,yes,yes,NW,"{""free_flying:hanggliding"": ""yes"", ""free_flying:official"": ""yes"", ""free_flying:paragliding"": ""yes"", ""free_flying:site"": ""takeoff"", ""free_flying:site_orientation"": ""NW""}",hg_0038
way,1238125022,https://www.openstreetmap.org/way/1238125022,Donville-les-bains - cimetiere,48.845050,-1.591464,25,FR,France (land mass),Франция,takeoff,yes,yes,N;NW,"{""free_flying:hanggliding"": ""yes"", ""free_flying:official"": ""yes"", ""free_flying:paragliding"": ""yes"", ""free_flying:site"": ""takeoff"", ""free_flying:site_orientation"": ""N;NW""}",hg_0038
way,1238125840,https://www.openstreetmap.org/way/1238125840,Leyrieu - les cottes,45.758545,5.270156,300,FR,France (land mass),Франция,takeoff,yes,yes,NW,"{""free_flying:hanggliding"": ""yes"", ""free_flying:official"": ""yes"", ""free_flying:paragliding"": ""yes"", ""free_flying:site"": ""takeoff"", ""free_flying:site_orientation"": ""NW""}",hg_0243
way,1238127681,https://www.openstreetmap.org/way/1238127681,Bargemon - table d'orientation,43.638549,6.561287,1017,FR,France (land mass),Франция,takeoff,yes,yes,SE;S,"{""free_flying:hanggliding"": ""yes"", ""free_flying:official"": ""yes"", ""free_flying:paragliding"": ""yes"", ""free_flying:site"": ""takeoff"", ""free_flying:site_orientation"": ""SE;S""}",hg_0194
way,1238242746,https://www.openstreetmap.org/way/1238242746,Castelfranc,44.502345,1.211806,230,FR,France (land mass),Франция,takeoff,yes,yes,SE;S;SW,"{""free_flying:hanggliding"": ""yes"", ""free_flying:official"": ""yes"", ""free_flying:paragliding"": ""yes"", ""free_flying:site"": ""takeoff"", ""free_flying:site_orientation"": ""SE;S;SW""}",hg_0029
way,1238273601,https://www.openstreetmap.org/way/1238273601,Houeville - la friche,48.371651,5.804214,402,FR,France (land mass),Франция,takeoff,yes,yes,NE,"{""free_flying:hanggliding"": ""yes"", ""free_flying:official"": ""yes"", ""free_flying:paragliding"": ""yes"", ""free_flying:site"": ""takeoff"", ""free_flying:site_orientation"": ""NE""}",hg_0307
way,1238274168,https://www.openstreetmap.org/way/1238274168,Alpe d'huez - bourg d'oisans - eclose,45.086830,6.064305,1747,FR,France (land mass),Франция,takeoff,yes,yes,SW;W;NW,"{""free_flying:hanggliding"": ""yes"", ""free_flying:official"": ""yes"", ""free_flying:paragliding"": ""yes"", ""free_flying:site"": ""takeoff"", ""free_flying:site_orientation"": ""SW;W;NW""}",hg_0052
way,1238274806,https://www.openstreetmap.org/way/1238274806,Cuges-les-pins - les gypieres,43.280565,5.670034,478,FR,France (land mass),Франция,takeoff,yes,yes,E;SE,"{""free_flying:hanggliding"": ""yes"", ""free_flying:official"": ""yes"", ""free_flying:paragliding"": ""yes"", ""free_flying:site"": ""takeoff"", ""free_flying:site_orientation"": ""E;SE""}",hg_0015
way,1238274929,https://www.openstreetmap.org/way/1238274929,La sainte baume - le grand vallon,43.314888,5.709496,984,FR,France (land mass),Франция,takeoff,yes,,SE;S;,"{""free_flying:hanggliding"": ""yes"", ""free_flying:official"": ""yes"", ""free_flying:site"": ""takeoff"", ""free_flying:site_orientation"": ""SE;S;""}",hg_0015
way,1238275487,https://www.openstreetmap.org/way/1238275487,Cuges-les-pins - la tete de bourdon,43.286444,5.697768,535,FR,France (land mass),Франция,takeoff,yes,yes,SW;W,"{""free_flying:hanggliding"": ""yes"", ""free_flying:official"": ""yes"", ""free_flying:paragliding"": ""yes"", ""free_flying:site"": ""takeoff"", ""free_flying:site_orientation"": ""SW;W""}",hg_0015
way,1238312159,https://www.openstreetmap.org/way/1238312159,Décollage de Gamby,44.054705,5.682760,905,FR,France (land mass),Франция,takeoff,yes,yes,W,"{""free_flying:hanggliding"": ""yes"", ""free_flying:official"": ""yes"", ""free_flying:paragliding"": ""yes"", ""free_flying:site"": ""takeoff"", ""free_flying:site_orientation"": ""W""}",hg_0028
way,1238313316,https://www.openstreetmap.org/way/1238313316,Belvedere-de-rosnoen,48.262849,-4.214166,140,FR,France (land mass),Франция,takeoff,yes,yes,S,"{""free_flying:hanggliding"": ""yes"", ""free_flying:official"": ""yes"", ""free_flying:paragliding"": ""yes"", ""free_flying:site"": ""takeoff"", ""free_flying:site_orientation"": ""S""}",hg_0129
way,1238334683,https://www.openstreetmap.org/way/1238334683,Milepat,48.762515,-2.986178,64,FR,France (land mass),Франция,takeoff,yes,yes,N,"{""free_flying:hanggliding"": ""yes"", ""free_flying:official"": ""yes"", ""free_flying:paragliding"": ""yes"", ""free_flying:site"": ""takeoff"", ""free_flying:site_orientation"": ""N""}",hg_0067
way,1238336910,https://www.openstreetmap.org/way/1238336910,Décollage Bilfot Nord,48.765677,-2.954336,58,FR,France (land mass),Франция,takeoff,yes,yes,W;NW,"{""free_flying:hanggliding"": ""yes"", ""free_flying:official"": ""yes"", ""free_flying:paragliding"": ""yes"", ""free_flying:site"": ""takeoff"", ""free_flying:site_orientation"": ""W;NW""}",hg_0067
way,1238337346,https://www.openstreetmap.org/way/1238337346,Bonaparte,48.706031,-2.922909,59,FR,France (land mass),Франция,takeoff,yes,yes,NE;E,"{""free_flying:hanggliding"": ""yes"", ""free_flying:official"": ""yes"", ""free_flying:paragliding"": ""yes"", ""free_flying:site"": ""takeoff"", ""free_flying:site_orientation"": ""NE;E""}",hg_0067
way,1238337563,https://www.openstreetmap.org/way/1238337563,Baulme la roche,47.348933,4.801636,562,FR,France (land mass),Франция,takeoff,yes,yes,SW,"{""free_flying:hanggliding"": ""yes"", ""free_flying:official"": ""yes"", ""free_flying:paragliding"": ""yes"", ""free_flying:site"": ""takeoff"", ""free_flying:site_orientation"": ""SW""}",hg_0037
way,1238338170,https://www.openstreetmap.org/way/1238338170,Décollage Savigny sous Mâlin,47.339495,4.751422,576,FR,France (land mass),Франция,takeoff,yes,yes,S;,"{""free_flying:hanggliding"": ""yes"", ""free_flying:official"": ""yes"", ""free_flying:paragliding"": ""yes"", ""free_flying:site"": ""takeoff"", ""free_flying:site_orientation"": ""S;""}",hg_0037
way,1238340065,https://www.openstreetmap.org/way/1238340065,Fort du mont - le grebau,45.678314,6.435401,1300,FR,France (land mass),Франция,takeoff,yes,yes,SW,"{""free_flying:hanggliding"": ""yes"", ""free_flying:official"": ""yes"", ""free_flying:paragliding"": ""yes"", ""free_flying:site"": ""takeoff"", ""free_flying:site_orientation"": ""SW""}",hg_0019
way,1238405306,https://www.openstreetmap.org/way/1238405306,Saint-francois-longchamp - telesiege du soleil rouge,45.411315,6.393142,2249,FR,France (land mass),Франция,takeoff,yes,yes,N;NE,"{""free_flying:hanggliding"": ""yes"", ""free_flying:official"": ""yes"", ""free_flying:paragliding"": ""yes"", ""free_flying:site"": ""takeoff"", ""free_flying:site_orientation"": ""N;NE""}",hg_0106
way,1238405307,https://www.openstreetmap.org/way/1238405307,Saint-francois-longchamp - telesiege du soleil rouge,45.410635,6.392436,2249,FR,France (land mass),Франция,takeoff,yes,yes,S;SW,"{""free_flying:hanggliding"": ""yes"", ""free_flying:official"": ""yes"", ""free_flying:paragliding"": ""yes"", ""free_flying:site"": ""takeoff"", ""free_flying:site_orientation"": ""S;SW""}",hg_0106
way,1238406442,https://www.openstreetmap.org/way/1238406442,Alpe d'huez - bourg d'oisans - le signal,45.100972,6.060790,2104,FR,France (land mass),Франция,takeoff,yes,yes,N;NE;E,"{""free_flying:hanggliding"": ""yes"", ""free_flying:official"": ""yes"", ""free_flying:paragliding"": ""yes"", ""free_flying:site"": ""takeoff"", ""free_flying:site_orientation"": ""N;NE;E""}",hg_0052
way,1238406443,https://www.openstreetmap.org/way/1238406443,Alpe d'huez - bourg d'oisans - le signal,45.098980,6.059770,2104,FR,France (land mass),Франция,takeoff,yes,yes,S,"{""free_flying:hanggliding"": ""yes"", ""free_flying:official"": ""yes"", ""free_flying:paragliding"": ""yes"", ""free_flying:site"": ""takeoff"", ""free_flying:site_orientation"": ""S""}",hg_0052
way,1238408071,https://www.openstreetmap.org/way/1238408071,Engolneuf,45.132992,2.789117,1447,FR,France (land mass),Франция,takeoff,yes,yes,N;NE;W;NW,"{""free_flying:hanggliding"": ""yes"", ""free_flying:official"": ""yes"", ""free_flying:paragliding"": ""yes"", ""free_flying:site"": ""takeoff"", ""free_flying:site_orientation"": ""N;NE;W;NW""}",hg_0000
way,1238410689,https://www.openstreetmap.org/way/1238410689,Montagne d'oule ouest,44.511367,5.831562,1562,FR,France (land mass),Франция,takeoff,yes,yes,SW;W;NW,"{""free_flying:hanggliding"": ""yes"", ""free_flying:official"": ""yes"", ""free_flying:paragliding"": ""yes"", ""free_flying:site"": ""takeoff"", ""free_flying:site_orientation"": ""SW;W;NW""}",hg_0049
way,1238413203,https://www.openstreetmap.org/way/1238413203,Bihit - ouest,48.761018,-3.577207,49,FR,France (land mass),Франция,takeoff,yes,yes,W,"{""free_flying:hanggliding"": ""yes"", ""free_flying:official"": ""yes"", ""free_flying:paragliding"": ""yes"", ""free_flying:site"": ""takeoff"", ""free_flying:site_orientation"": ""W""}",hg_0318
way,1268220826,https://www.openstreetmap.org/way/1268220826,Croix Rampau,45.867777,4.801229,454,FR,France (land mass),Франция,takeoff,yes,yes,N;NW,"{""free_flying:hanggliding"": ""yes"", ""free_flying:official"": ""yes"", ""free_flying:paragliding"": ""yes"", ""free_flying:site"": ""takeoff"", ""free_flying:site_orientation"": ""N;NW""}",hg_0246
way,1288609897,https://www.openstreetmap.org/way/1288609897,Décollage FFVL Boge,46.157813,5.839803,1046,FR,France (land mass),Франция,takeoff,yes,yes,W,"{""free_flying:hanggliding"": ""yes"", ""free_flying:official"": ""yes"", ""free_flying:paragliding"": ""yes"", ""free_flying:site"": ""takeoff"", ""free_flying:site_orientation"": ""W""}",hg_0009
way,1307092690,https://www.openstreetmap.org/way/1307092690,,47.306058,11.379111,,AT,Austria,Австрия,takeoff,yes,,,"{""free_flying:guest-guidelines"": ""yes"", ""free_flying:hanggliding"": ""yes"", ""free_flying:site"": ""takeoff""}",hg_0287
way,1312648049,https://www.openstreetmap.org/way/1312648049,,47.441573,11.762590,,AT,Austria,Австрия,takeoff,yes,,,"{""free_flying:hanggliding"": ""yes"", ""free_flying:site"": ""takeoff""}",hg_0294
way,1312794556,https://www.openstreetmap.org/way/1312794556,,46.529482,11.599680,1935,IT,Italy,Италия,takeoff,yes,yes,NW,"{""free_flying:hanggliding"": ""yes"", ""free_flying:paragliding"": ""yes"", ""free_flying:site"": ""takeoff"", ""free_flying:site_orientation"": ""NW""}",hg_0269
way,1329935298,https://www.openstreetmap.org/way/1329935298,Startplatz Süd,47.830170,16.046364,,AT,Austria,Австрия,takeoff,yes,discouraged,SSE,"{""free_flying:hanggliding"": ""yes"", ""free_flying:paragliding"": ""discouraged"", ""free_flying:site"": ""takeoff"", ""free_flying:site_orientation"": ""SSE""}",hg_0124
way,1330933419,https://www.openstreetmap.org/way/1330933419,Pre valet la sarna - rocher de courba,44.976990,5.453635,885,FR,France (land mass),Франция,takeoff,yes,yes,W;,"{""free_flying:hanggliding"": ""yes"", ""free_flying:official"": ""yes"", ""free_flying:paragliding"": ""yes"", ""free_flying:site"": ""takeoff"", ""free_flying:site_orientation"": ""W;""}",hg_0224
way,1341000195,https://www.openstreetmap.org/way/1341000195,Buc Ouest - L'arbre à Jacques,44.225059,5.473287,1070,FR,France (land mass),Франция,takeoff,yes,yes,W,"{""free_flying:hanggliding"": ""yes"", ""free_flying:official"": ""yes"", ""free_flying:paragliding"": ""yes"", ""free_flying:site"": ""takeoff"", ""free_flying:site_orientation"": ""W""}",hg_0006
way,1370484388,https://www.openstreetmap.org/way/1370484388,"Suchet ""Sommet sud""",46.772238,6.466468,,CH,Switzerland,Швейцария,takeoff,yes,yes,E;SE;S;SW,"{""free_flying:hanggliding"": ""yes"", ""free_flying:paragliding"": ""yes"", ""free_flying:site"": ""takeoff"", ""free_flying:site_orientation"": ""E;SE;S;SW""}",hg_0004
way,1372702592,https://www.openstreetmap.org/way/1372702592,Déco EST Saint-Sandoux,45.630264,3.116849,780,FR,France (land mass),Франция,takeoff,yes,yes,E,"{""free_flying:hanggliding"": ""yes"", ""free_flying:official"": ""yes"", ""free_flying:paragliding"": ""yes"", ""free_flying:site"": ""takeoff"", ""free_flying:site_orientation"": ""E""}",hg_0032
way,1420203254,https://www.openstreetmap.org/way/1420203254,Krusevo - Mechkin Kamen East,41.343622,21.256881,,MK,North Macedonia,Северная Македония,,yes,yes,NE;E;SE,"{""free_flying:hanggliding"": ""yes"", ""free_flying:official"": ""yes"", ""free_flying:paragliding"": ""yes"", ""free_flying:takeoff"": ""yes""}",hg_0081
way,1422867088,https://www.openstreetmap.org/way/1422867088,Léoncel déco Ouest,44.904301,5.207200,1230,FR,France (land mass),Франция,takeoff,yes,yes,S;SW;W,"{""free_flying:hanggliding"": ""yes"", ""free_flying:official"": ""yes"", ""free_flying:paragliding"": ""yes"", ""free_flying:site"": ""takeoff"", ""free_flying:site_orientation"": ""S;SW;W""}",hg_0031
way,1422867089,https://www.openstreetmap.org/way/1422867089,Léoncel déco Sud,44.906881,5.205395,1200,FR,France (land mass),Франция,takeoff,yes,yes,S;SW;W,"{""free_flying:hanggliding"": ""yes"", ""free_flying:official"": ""no"", ""free_flying:paragliding"": ""yes"", ""free_flying:site"": ""takeoff"", ""free_flying:site_orientation"": ""S;SW;W""}",hg_0031
way,1423669183,https://www.openstreetmap.org/way/1423669183,La Sausse,44.897960,5.227357,1311,FR,France (land mass),Франция,takeoff,yes,yes,SE;S,"{""free_flying:hanggliding"": ""yes"", ""free_flying:official"": ""no"", ""free_flying:paragliding"": ""yes"", ""free_flying:site"": ""takeoff"", ""free_flying:site_orientation"": ""SE;S""}",hg_0031
way,1423910242,https://www.openstreetmap.org/way/1423910242,Noirmont - piste noire n°1,46.486403,6.108339,1395,CH,Switzerland,Швейцария,takeoff,yes,yes,W;NW,"{""free_flying:hanggliding"": ""yes"", ""free_flying:official"": ""no"", ""free_flying:paragliding"": ""yes"", ""free_flying:site"": ""takeoff"", ""free_flying:site_orientation"": ""W;NW""}",hg_0003
way,1450209634,https://www.openstreetmap.org/way/1450209634,Amisbühl Oben,46.708833,7.825437,1440,CH,Switzerland,Швейцария,takeoff,yes,yes,SE,"{""free_flying:hanggliding"": ""yes"", ""free_flying:official"": ""no"", ""free_flying:paragliding"": ""yes"", ""free_flying:site"": ""takeoff"", ""free_flying:site_orientation"": ""SE""}",hg_0034
way,1466490691,https://www.openstreetmap.org/way/1466490691,Du Magalhães,-18.886319,-41.915937,,BR,Brazil,Бразилия,,yes,yes,,"{""free_flying:hanggliding"": ""yes"", ""free_flying:paragliding"": ""yes"", ""free_flying:takeoff"": ""yes""}",hg_0073
way,1466490692,https://www.openstreetmap.org/way/1466490692,Pepê Lopes,-18.886845,-41.915864,,BR,Brazil,Бразилия,,yes,yes,,"{""free_flying:hanggliding"": ""yes"", ""free_flying:paragliding"": ""yes"", ""free_flying:takeoff"": ""yes""}",hg_0073
way,1508038215,https://www.openstreetmap.org/way/1508038215,Roche-en-Régnier,45.212373,3.931758,857,FR,France (land mass),Франция,takeoff,yes,yes,S,"{""free_flying:hanggliding"": ""yes"", ""free_flying:official"": ""no"", ""free_flying:paragliding"": ""yes"", ""free_flying:site"": ""takeoff"", ""free_flying:site_orientation"": ""S""}",hg_0233
way,1525506327,https://www.openstreetmap.org/way/1525506327,Saint jean - Le Seigneur,44.087574,5.363060,963,FR,France (land mass),Франция,takeoff,yes,yes,"NE,E","{""free_flying:hanggliding"": ""yes"", ""free_flying:official"": ""yes"", ""free_flying:paragliding"": ""yes"", ""free_flying:site"": ""takeoff"", ""free_flying:site_orientation"": ""NE,E""}",hg_0090
way,1525820343,https://www.openstreetmap.org/way/1525820343,,48.688814,18.639738,,SK,Slovakia,Словакия,takeoff,yes,yes,SW,"{""free_flying:hanggliding"": ""yes"", ""free_flying:official"": ""yes"", ""free_flying:paragliding"": ""yes"", ""free_flying:site"": ""takeoff"", ""free_flying:site_orientation"": ""SW""}",hg_0314
way,1551415954,https://www.openstreetmap.org/way/1551415954,,41.353725,21.253246,,MK,North Macedonia,Северная Македония,,yes,yes,E;SE,"{""free_flying:hanggliding"": ""yes"", ""free_flying:official"": ""yes"", ""free_flying:paragliding"": ""yes"", ""free_flying:takeoff"": ""yes""}",hg_0081
way,1551711845,https://www.openstreetmap.org/way/1551711845,Полетување Галичица,40.957431,20.814468,,MK,North Macedonia,Северная Македония,,yes,no,W,"{""free_flying:hanggliding"": ""yes"", ""free_flying:official"": ""yes"", ""free_flying:paragliding"": ""no"", ""free_flying:takeoff"": ""yes""}",hg_0167
