osm_type,osm_id,osm_url,name,lat,lon,ele_m,country,country_name,country_name_ru,site,hanggliding,paragliding,site_orientation,tags,site_id
node,142913585,https://www.openstreetmap.org/node/142913585,Pedra da Gávea,-22.998982,-43.282973,844,BR,Brazil,Бразилия,takeoff,,,,"{""free_flying:site"": ""takeoff""}",
node,276194246,https://www.openstreetmap.org/node/276194246,,45.388059,6.041911,,FR,France (land mass),Франция,takeoff,,,,"{""free_flying:site"": ""takeoff""}",
node,278195262,https://www.openstreetmap.org/node/278195262,Décollage de la Flégère,45.968332,6.876707,,FR,France (land mass),Франция,takeoff,,,,"{""free_flying:site"": ""takeoff""}",
node,281349969,https://www.openstreetmap.org/node/281349969,Startplatz Ornach,47.461541,10.214757,1305,DE,Germany,Германия,takeoff,,,,"{""free_flying:site"": ""takeoff""}",
node,281668972,https://www.openstreetmap.org/node/281668972,Startplatz Knobel,47.464274,10.206970,,DE,Germany,Германия,takeoff,,,,"{""free_flying:site"": ""takeoff""}",
node,281668973,https://www.openstreetmap.org/node/281668973,Startplatz Weiherkopf,47.464472,10.201232,,DE,Germany,Германия,takeoff,,,,"{""free_flying:site"": ""takeoff""}",
node,295696173,https://www.openstreetmap.org/node/295696173,,47.063926,9.974549,,AT,Austria,Австрия,takeoff,,,,"{""free_flying:site"": ""takeoff""}",
node,299901014,https://www.openstreetmap.org/node/299901014,Pfingstegg,46.616049,8.056452,,CH,Switzerland,Швейцария,takeoff,,,,"{""free_flying:site"": ""takeoff""}",
node,300555436,https://www.openstreetmap.org/node/300555436,Schreckfeld,46.658043,8.064975,1950,CH,Switzerland,Швейцария,takeoff,,,,"{""free_flying:site"": ""takeoff""}",
node,300557903,https://www.openstreetmap.org/node/300557903,Startplatz Hinang,47.470262,10.302788,,DE,Germany,Германия,takeoff,,,,"{""free_flying:site"": ""takeoff""}",
node,305785573,https://www.openstreetmap.org/node/305785573,Startplatz Zeigersattel,47.412188,10.350167,2032,DE,Germany,Германия,takeoff,,,,"{""free_flying:site"": ""takeoff""}",
node,305785578,https://www.openstreetmap.org/node/305785578,Startplatz Geißfuß,47.417791,10.326424,1980,DE,Germany,Германия,takeoff,,,,"{""free_flying:site"": ""takeoff""}",
node,305785731,https://www.openstreetmap.org/node/305785731,Startplatz Nebelhorngipfel,47.421440,10.342247,2220,DE,Germany,Германия,takeoff,,,,"{""free_flying:site"": ""takeoff""}",
node,305785735,https://www.openstreetmap.org/node/305785735,Startplatz Probsthaus,47.413737,10.346470,1930,DE,Germany,Германия,takeoff,,,,"{""free_flying:site"": ""takeoff""}",
node,325240425,https://www.openstreetmap.org/node/325240425,,47.537370,10.217897,,DE,Germany,Германия,takeoff,,,,"{""free_flying:site"": ""takeoff""}",
node,330181934,https://www.openstreetmap.org/node/330181934,Gleitschirmstartplatz Naraus West,46.860811,9.267589,1851,CH,Switzerland,Швейцария,takeoff,,,,"{""free_flying:site"": ""takeoff""}",
node,364682321,https://www.openstreetmap.org/node/364682321,Despegue Otívar,36.833700,-3.702145,,ES,Spain,Испания,takeoff,,,,"{""free_flying:site"": ""takeoff""}",
node,364684750,https://www.openstreetmap.org/node/364684750,Despegue La Herradura,36.730846,-3.734360,,ES,Spain,Испания,takeoff,,,,"{""free_flying:site"": ""takeoff""}",
node,364689129,https://www.openstreetmap.org/node/364689129,,37.326670,-3.812223,,ES,Spain,Испания,takeoff,,,,"{""free_flying:site"": ""takeoff""}",
node,364730054,https://www.openstreetmap.org/node/364730054,,49.781243,6.837540,,DE,Germany,Германия,takeoff,,,,"{""free_flying:site"": ""takeoff""}",
node,372384592,https://www.openstreetmap.org/node/372384592,Voladero Parapente Paraiso,4.908591,-73.913632,,CO,Colombia,Колумбия,takeoff,,,,"{""free_flying:site"": ""takeoff""}",
node,390145314,https://www.openstreetmap.org/node/390145314,Voladero Pionono,4.906598,-73.922649,,CO,Colombia,Колумбия,takeoff,,,,"{""free_flying:site"": ""takeoff""}",
node,414183805,https://www.openstreetmap.org/node/414183805,,51.977905,9.526128,,DE,Germany,Германия,takeoff,,,,"{""free_flying:site"": ""takeoff""}",
node,416426883,https://www.openstreetmap.org/node/416426883,Startplatz Hohe Kugelberg,51.954971,9.457301,,DE,Germany,Германия,takeoff,,,,"{""free_flying:site"": ""takeoff""}",
node,454074821,https://www.openstreetmap.org/node/454074821,Startplatz Kella-Berg,51.242970,10.079727,500,DE,Germany,Германия,takeoff,,,S,"{""free_flying:site"": ""takeoff""}",
node,454075483,https://www.openstreetmap.org/node/454075483,"Drachen- u. Gleitschirmstartplatz, Nordwest, 610 m",51.889663,10.430971,,DE,Germany,Германия,takeoff,,,,"{""free_flying:site"": ""takeoff""}",
node,459169923,https://www.openstreetmap.org/node/459169923,,46.761239,13.201727,,AT,Austria,Австрия,takeoff,,,180,"{""free_flying:site"": ""takeoff""}",
node,517469083,https://www.openstreetmap.org/node/517469083,Paraglider Drachenflieger Startplatz,51.747429,9.349775,,DE,Germany,Германия,takeoff,,,,"{""free_flying:site"": ""takeoff""}",
node,551587220,https://www.openstreetmap.org/node/551587220,paragliding hanggliding start place,44.152666,9.669583,,IT,Italy,Италия,takeoff,,,,"{""free_flying:site"": ""takeoff""}",
node,569045233,https://www.openstreetmap.org/node/569045233,Lempes decolare parapante,45.717188,25.653399,,RO,Romania,Румыния,takeoff,,,,"{""free_flying:site"": ""takeoff""}",
node,573524297,https://www.openstreetmap.org/node/573524297,Paragliding klub Pegaz,43.829672,16.642422,,HR,Croatia,Хорватия,takeoff,,,,"{""free_flying:site"": ""takeoff""}",
node,618800049,https://www.openstreetmap.org/node/618800049,Startplatz Pegestorf,51.940154,9.491569,,DE,Germany,Германия,takeoff,,,,"{""free_flying:site"": ""takeoff""}",
node,633940898,https://www.openstreetmap.org/node/633940898,Paragliding,-12.125893,-77.037442,,PE,Peru,Перу,takeoff,,Yes,,"{""free_flying:paragliding"": ""Yes"", ""free_flying:site"": ""takeoff""}",
node,790324429,https://www.openstreetmap.org/node/790324429,Drachen Startplatz Pfeffelbach,49.549548,7.308191,586,DE,Germany,Германия,takeoff,,,,"{""free_flying:site"": ""takeoff""}",
node,844170818,https://www.openstreetmap.org/node/844170818,,49.690653,8.768724,,DE,Germany,Германия,takeoff,,,,"{""free_flying:site"": ""takeoff""}",
node,861580844,https://www.openstreetmap.org/node/861580844,,46.330725,5.398059,,FR,France (land mass),Франция,takeoff,,,,"{""free_flying:site"": ""takeoff""}",
node,1081770606,https://www.openstreetmap.org/node/1081770606,,47.438746,11.050534,,DE,Germany,Германия,takeoff,,,E,"{""free_flying:site"": ""takeoff"", ""free_flying:site_orientation"": ""E""}",
node,1162982579,https://www.openstreetmap.org/node/1162982579,Startplatz Stüppel,51.314287,8.429607,,DE,Germany,Германия,takeoff,,,,"{""free_flying:site"": ""takeoff""}",
node,1281900741,https://www.openstreetmap.org/node/1281900741,Vårlivarden,58.924120,5.931702,387,NO,Norway,Норвегия,takeoff,,,,"{""free_flying:site"": ""takeoff""}",
node,1348214815,https://www.openstreetmap.org/node/1348214815,Lookout Mountain Hang Gliding,34.896231,-85.446258,,US,United States,Соединённые Штаты Америки,takeoff,,,,"{""free_flying:school"": ""yes"", ""free_flying:site"": ""takeoff"", ""free_flying:tandem"": ""yes""}",
node,1424025211,https://www.openstreetmap.org/node/1424025211,Free Flight Take Off NE,-33.741299,151.314755,,AU,Australia,Австралия,takeoff;toplanding,,,NE,"{""free_flying:official"": ""no"", ""free_flying:site"": ""takeoff;toplanding"", ""free_flying:site_orientation"": ""NE"", ""free_flying:website"": ""http://paraglidingearth.com/?site=10809""}",
node,1444577256,https://www.openstreetmap.org/node/1444577256,,37.850181,-1.289680,,ES,Spain,Испания,takeoff,,,,"{""free_flying:site"": ""takeoff""}",
node,1446457794,https://www.openstreetmap.org/node/1446457794,Startplatz Gleitschirmflieger Sassenroth NW,50.769931,7.928685,,DE,Germany,Германия,takeoff,,,,"{""free_flying:site"": ""takeoff""}",
node,1481507703,https://www.openstreetmap.org/node/1481507703,Despegue Alfacar,37.259288,-3.561487,,ES,Spain,Испания,takeoff,,,W,"{""free_flying:site"": ""takeoff"", ""free_flying:site_orientation"": ""W""}",
node,1481510727,https://www.openstreetmap.org/node/1481510727,Despegue Alfacar,37.259144,-3.561469,,ES,Spain,Испания,takeoff,,,NW,"{""free_flying:site"": ""takeoff"", ""free_flying:site_orientation"": ""NW""}",
node,1515672346,https://www.openstreetmap.org/node/1515672346,,-5.070027,-39.043777,,BR,Brazil,Бразилия,takeoff,,,,"{""free_flying:site"": ""takeoff""}",
node,1617213631,https://www.openstreetmap.org/node/1617213631,,45.872790,9.065630,1300,IT,Italy,Италия,takeoff,,,SW,"{""free_flying:official"": ""yes"", ""free_flying:site"": ""takeoff"", ""free_flying:site_orientation"": ""SW""}",
node,1675023381,https://www.openstreetmap.org/node/1675023381,Décollage du Peuil,45.116705,5.647122,880,FR,France (land mass),Франция,takeoff,,,,"{""free_flying:site"": ""takeoff""}",
node,1746144511,https://www.openstreetmap.org/node/1746144511,Décollage du Panorama,44.576914,-1.224590,,FR,France (land mass),Франция,takeoff,,,,"{""free_flying:site"": ""takeoff""}",
node,1787799832,https://www.openstreetmap.org/node/1787799832,,50.353867,4.862169,,BE,Belgium,Бельгия,takeoff,,,,"{""free_flying:site"": ""takeoff""}",
node,1824319152,https://www.openstreetmap.org/node/1824319152,Startrampe Drachenflieger 1.ODC,49.725105,8.635765,,DE,Germany,Германия,takeoff,,,W,"{""free_flying:site"": ""takeoff"", ""free_flying:site_orientation"": ""W""}",
node,1837304863,https://www.openstreetmap.org/node/1837304863,,43.539007,5.644523,,FR,France (land mass),Франция,takeoff,,,,"{""free_flying:site"": ""takeoff""}",
node,1864293848,https://www.openstreetmap.org/node/1864293848,Sternen,46.999542,8.803327,,CH,Switzerland,Швейцария,takeoff,,,,"{""free_flying:official"": ""yes"", ""free_flying:site"": ""takeoff""}",
node,1873486274,https://www.openstreetmap.org/node/1873486274,Startplatz Brienzer Rothorn,46.788854,8.036461,,CH,Switzerland,Швейцария,takeoff,,,"S,SW","{""free_flying:site"": ""takeoff"", ""free_flying:site_orientation"": ""S,SW""}",
node,1892612466,https://www.openstreetmap.org/node/1892612466,Horizonte Perdido,-19.708519,-46.848984,,BR,Brazil,Бразилия,takeoff,,,,"{""free_flying:site"": ""takeoff""}",
node,1909464237,https://www.openstreetmap.org/node/1909464237,,-16.376679,-43.685919,,BR,Brazil,Бразилия,takeoff,,,,"{""free_flying:site"": ""takeoff""}",
node,1930476191,https://www.openstreetmap.org/node/1930476191,Mühlenflieger - Drachenflieger-Startplatz,52.270345,8.739846,,DE,Germany,Германия,takeoff,,,,"{""free_flying:site"": ""takeoff""}",
node,1997259810,https://www.openstreetmap.org/node/1997259810,,49.075592,13.130322,,DE,Germany,Германия,takeoff,,,,"{""free_flying:site"": ""takeoff""}",
node,2033074422,https://www.openstreetmap.org/node/2033074422,Siklóernyős starthely,47.662900,18.920002,454,HU,Hungary,Венгрия,takeoff,,,,"{""free_flying:site"": ""takeoff""}",
node,2053423546,https://www.openstreetmap.org/node/2053423546,,50.939113,11.625947,,DE,Germany,Германия,takeoff,,,S,"{""free_flying:site"": ""takeoff"", ""free_flying:site_orientation"": ""S""}",
node,2123655484,https://www.openstreetmap.org/node/2123655484,Decollo Deltaplani e Parapendio,41.229992,15.265288,,IT,Italy,Италия,takeoff,,,,"{""free_flying:site"": ""takeoff""}",
node,2134284989,https://www.openstreetmap.org/node/2134284989,Gleitschirmstartplatz Crap Sogn Gion Ost,46.834653,9.217369,2118,CH,Switzerland,Швейцария,takeoff,,,E,"{""free_flying:official"": ""yes"", ""free_flying:site"": ""takeoff"", ""free_flying:site_orientation"": ""E""}",
node,2134284990,https://www.openstreetmap.org/node/2134284990,Gleitschirmstartplatz Crap Sogn Gion Süd,46.834289,9.215018,2200,CH,Switzerland,Швейцария,takeoff,,,S,"{""free_flying:official"": ""yes"", ""free_flying:site"": ""takeoff"", ""free_flying:site_orientation"": ""S""}",
node,2299607151,https://www.openstreetmap.org/node/2299607151,,51.973648,84.591379,,RU,Russia,Россия,takeoff,,,,"{""free_flying:site"": ""takeoff""}",
node,2359429026,https://www.openstreetmap.org/node/2359429026,Startowisko paralotniowe Dębina,54.637194,17.001376,,PL,Poland,Польша,takeoff,,,,"{""free_flying:official"": ""no"", ""free_flying:site"": ""takeoff""}",
node,2387710768,https://www.openstreetmap.org/node/2387710768,Gleitschirm Startplatz,49.188320,7.888458,,DE,Germany,Германия,takeoff,,,,"{""free_flying:site"": ""takeoff""}",
node,2421927932,https://www.openstreetmap.org/node/2421927932,Startplatz Melchboden (Süd-Ost),47.219073,11.824454,,AT,Austria,Австрия,takeoff,,,,"{""free_flying:site"": ""takeoff""}",
node,2448140511,https://www.openstreetmap.org/node/2448140511,La Paille,45.143755,4.625129,800,FR,France (land mass),Франция,takeoff,,,"N,NW","{""free_flying:site"": ""takeoff"", ""free_flying:site_orientation"": ""N,NW""}",
node,2497186491,https://www.openstreetmap.org/node/2497186491,Gerlitzen,46.693057,13.914034,,AT,Austria,Австрия,takeoff,,,,"{""free_flying:site"": ""takeoff""}",
node,2527906921,https://www.openstreetmap.org/node/2527906921,,43.800430,6.955840,,FR,France (land mass),Франция,takeoff,,,,"{""free_flying:site"": ""takeoff""}",
node,2713039420,https://www.openstreetmap.org/node/2713039420,,47.168238,11.802902,,AT,Austria,Австрия,takeoff,,,,"{""free_flying:site"": ""takeoff""}",
node,2713039421,https://www.openstreetmap.org/node/2713039421,,47.182453,11.750074,,AT,Austria,Австрия,takeoff,,,,"{""free_flying:site"": ""takeoff""}",
node,2713039422,https://www.openstreetmap.org/node/2713039422,,47.193231,11.763003,,AT,Austria,Австрия,takeoff,,,,"{""free_flying:site"": ""takeoff""}",
node,2782703692,https://www.openstreetmap.org/node/2782703692,Akselvola,61.363335,10.832759,1125,NO,Norway,Норвегия,takeoff,,,,"{""free_flying:site"": ""takeoff""}",
node,2917229145,https://www.openstreetmap.org/node/2917229145,Startpunkt Paraglider,50.106906,7.114848,,DE,Germany,Германия,takeoff,,,,"{""free_flying:site"": ""takeoff""}",
node,2934190455,https://www.openstreetmap.org/node/2934190455,Site parapente de Saint-Denis,46.793701,4.704507,,FR,France (land mass),Франция,takeoff,,,,"{""free_flying:site"": ""takeoff""}",
node,2934458825,https://www.openstreetmap.org/node/2934458825,Aire de décollage Les Roches,46.629220,4.586620,,FR,France (land mass),Франция,takeoff,,,,"{""free_flying:site"": ""takeoff""}",
node,2936014529,https://www.openstreetmap.org/node/2936014529,Aire de décollage Mont Uchon,46.806708,4.254386,,FR,France (land mass),Франция,takeoff,,,,"{""free_flying:site"": ""takeoff""}",
node,2936014531,https://www.openstreetmap.org/node/2936014531,Aire de décollage,47.970923,5.424759,,FR,France (land mass),Франция,takeoff,,,,"{""free_flying:site"": ""takeoff""}",
node,2938657355,https://www.openstreetmap.org/node/2938657355,Despegue de Parapente,43.747157,-7.890961,,ES,Spain,Испания,takeoff,,,,"{""free_flying:site"": ""takeoff""}",
node,2939297294,https://www.openstreetmap.org/node/2939297294,Aire de Décollage de Fort du Truc,45.621342,6.749790,,FR,France (land mass),Франция,takeoff,,,,"{""free_flying:site"": ""takeoff""}",
node,2939297296,https://www.openstreetmap.org/node/2939297296,Aire de décollage Les Charmettes,45.568610,6.763060,,FR,France (land mass),Франция,takeoff,,,,"{""free_flying:site"": ""takeoff""}",
node,2948474187,https://www.openstreetmap.org/node/2948474187,Heimatt,46.414355,8.107798,,CH,Switzerland,Швейцария,takeoff,,,,"{""free_flying:site"": ""takeoff""}",
node,2983575367,https://www.openstreetmap.org/node/2983575367,Décollage Brezons - Rocher de la Boyle,45.004715,2.817165,,FR,France (land mass),Франция,takeoff,,,,"{""free_flying:site"": ""takeoff""}",
node,2983575368,https://www.openstreetmap.org/node/2983575368,Décollage de Vidèche,44.984807,2.820499,,FR,France (land mass),Франция,takeoff,,,,"{""free_flying:site"": ""takeoff""}",
node,3030544965,https://www.openstreetmap.org/node/3030544965,Aire de Décollage le Hucel,46.379197,6.724081,960,FR,France (land mass),Франция,takeoff,,,,"{""free_flying:site"": ""takeoff""}",
node,3041922310,https://www.openstreetmap.org/node/3041922310,Vôo Livre Pico das Conchas,-24.094710,-48.307085,,BR,Brazil,Бразилия,takeoff,,,,"{""free_flying:site"": ""takeoff""}",
node,3057880733,https://www.openstreetmap.org/node/3057880733,,45.111000,3.916800,,FR,France (land mass),Франция,takeoff,,,,"{""free_flying:site"": ""takeoff""}",
node,3106892559,https://www.openstreetmap.org/node/3106892559,Startplatz Paraglider,49.317269,6.784769,,DE,Germany,Германия,takeoff,,,,"{""free_flying:site"": ""takeoff""}",
node,3111516846,https://www.openstreetmap.org/node/3111516846,,10.578001,99.126189,,TH,Thailand,Таиланд,takeoff,,,,"{""free_flying:site"": ""takeoff""}",
node,3116356222,https://www.openstreetmap.org/node/3116356222,,44.463410,1.371960,,FR,France (land mass),Франция,takeoff,,,,"{""free_flying:site"": ""takeoff""}",
node,3231705229,https://www.openstreetmap.org/node/3231705229,Rampa de Voo Livre Pico do Ibituruna,-18.886478,-41.915338,,BR,Brazil,Бразилия,takeoff,,,,"{""free_flying:site"": ""takeoff""}",
node,3270064788,https://www.openstreetmap.org/node/3270064788,"Aire de décollage, Pic de l'Arrech",42.771054,1.302454,,FR,France (land mass),Франция,takeoff,,,,"{""free_flying:site"": ""takeoff""}",
node,3348097006,https://www.openstreetmap.org/node/3348097006,"Siklóernyős starthely, Naszály",47.831200,19.143499,530,HU,Hungary,Венгрия,takeoff,,,,"{""free_flying:site"": ""takeoff""}",
node,3390881640,https://www.openstreetmap.org/node/3390881640,,43.704065,6.979272,,FR,France (land mass),Франция,takeoff,,,,"{""free_flying:site"": ""takeoff""}",
node,3390881644,https://www.openstreetmap.org/node/3390881644,,43.703960,6.980623,,FR,France (land mass),Франция,takeoff,,,,"{""free_flying:site"": ""takeoff""}",
node,3438329953,https://www.openstreetmap.org/node/3438329953,Siklóernyős starthely,46.382801,17.735500,,HU,Hungary,Венгрия,takeoff,,,,"{""free_flying:site"": ""takeoff""}",
node,3439475615,https://www.openstreetmap.org/node/3439475615,Siklóernyős starthely,47.146851,17.896767,,HU,Hungary,Венгрия,takeoff,,,,"{""free_flying:site"": ""takeoff""}",
node,3441705131,https://www.openstreetmap.org/node/3441705131,Siklóernyős starthely,47.689414,18.874341,,HU,Hungary,Венгрия,takeoff,,,45-135,"{""free_flying:site"": ""takeoff""}",
node,3441705132,https://www.openstreetmap.org/node/3441705132,,47.794498,18.979401,,HU,Hungary,Венгрия,takeoff,,,,"{""free_flying:site"": ""takeoff""}",
node,3445506379,https://www.openstreetmap.org/node/3445506379,"Siklóernyős starthely, Sár-hegy",47.792690,19.969394,,HU,Hungary,Венгрия,takeoff,,,SE,"{""free_flying:official"": ""yes"", ""free_flying:site"": ""takeoff""}",
node,3445506380,https://www.openstreetmap.org/node/3445506380,Siklóernyős starthely,47.838283,19.804987,,HU,Hungary,Венгрия,takeoff,,,,"{""free_flying:site"": ""takeoff""}",
node,3446892697,https://www.openstreetmap.org/node/3446892697,Siklóernyős starthely,47.830700,19.664301,,HU,Hungary,Венгрия,takeoff,,,,"{""free_flying:site"": ""takeoff""}",
node,3446892698,https://www.openstreetmap.org/node/3446892698,Siklóernyős starthely,47.910049,19.761299,,HU,Hungary,Венгрия,takeoff,,,,"{""free_flying:site"": ""takeoff""}",
node,3447339857,https://www.openstreetmap.org/node/3447339857,Siklóernyős starthely Mikófalva,48.046966,20.314884,,HU,Hungary,Венгрия,takeoff,,,,"{""free_flying:site"": ""takeoff""}",
node,3454192540,https://www.openstreetmap.org/node/3454192540,Pista di decollo parapendio VoloLibero Cassino,41.547060,13.812153,,IT,Italy,Италия,takeoff,,,,"{""free_flying:site"": ""takeoff""}",
node,3454423091,https://www.openstreetmap.org/node/3454423091,Siklóernyős starthely (Kétágú-hegy),47.723900,18.803900,485,HU,Hungary,Венгрия,takeoff,,,,"{""free_flying:site"": ""takeoff""}",
node,3454423092,https://www.openstreetmap.org/node/3454423092,"Siklóernyős starthely ""Kesztölc""",47.703201,18.802422,271,HU,Hungary,Венгрия,takeoff,,,,"{""free_flying:site"": ""takeoff""}",
node,3454423493,https://www.openstreetmap.org/node/3454423493,Siklóernyős starthely,47.708781,18.682997,,HU,Hungary,Венгрия,takeoff,,,,"{""free_flying:site"": ""takeoff""}",
node,3454423494,https://www.openstreetmap.org/node/3454423494,Siklóernyős starthely,47.727067,18.795733,,HU,Hungary,Венгрия,takeoff,,,,"{""free_flying:site"": ""takeoff""}",
node,3454542545,https://www.openstreetmap.org/node/3454542545,Siklóernyős starthely (Odvashegy),47.467800,18.946800,,HU,Hungary,Венгрия,takeoff,,,,"{""free_flying:site"": ""takeoff""}",
node,3456437182,https://www.openstreetmap.org/node/3456437182,Siklóernyős starthely,46.430685,16.958156,,HU,Hungary,Венгрия,takeoff,,,,"{""free_flying:site"": ""takeoff""}",
node,3459826755,https://www.openstreetmap.org/node/3459826755,Siklóernyős starthely,47.345203,18.416989,,HU,Hungary,Венгрия,takeoff,,,,"{""free_flying:site"": ""takeoff""}",
node,3459930122,https://www.openstreetmap.org/node/3459930122,Siklóernyős starthely,47.875000,19.450001,,HU,Hungary,Венгрия,takeoff,,,,"{""free_flying:site"": ""takeoff""}",
node,3459967881,https://www.openstreetmap.org/node/3459967881,"Siklóernyős starthely, Kékestető sípálya",47.874506,20.007973,,HU,Hungary,Венгрия,takeoff,,,,"{""free_flying:site"": ""takeoff""}",
node,3461930536,https://www.openstreetmap.org/node/3461930536,Siklóernyős starthely,47.622504,18.984819,,HU,Hungary,Венгрия,takeoff,,,180-250,"{""free_flying:site"": ""takeoff""}",
node,3461930538,https://www.openstreetmap.org/node/3461930538,"Siklóernyős starthely, Pilis-D",47.682909,18.874196,630,HU,Hungary,Венгрия,takeoff,,,135-225,"{""free_flying:site"": ""takeoff""}",
node,3461930539,https://www.openstreetmap.org/node/3461930539,"Siklóernyős starthely, Pilis-DNY",47.685783,18.867476,701,HU,Hungary,Венгрия,takeoff,,,115-315,"{""free_flying:site"": ""takeoff""}",
node,3462241057,https://www.openstreetmap.org/node/3462241057,"Siklóernyős starthely, Kartal",47.709701,19.526800,,HU,Hungary,Венгрия,takeoff,,,,"{""free_flying:site"": ""takeoff""}",
node,3468026238,https://www.openstreetmap.org/node/3468026238,Siklóernyős starthely (Ny),47.619100,18.408300,,HU,Hungary,Венгрия,takeoff,,,,"{""free_flying:site"": ""takeoff""}",
node,3470061728,https://www.openstreetmap.org/node/3470061728,Siklóernyős starthely,47.972495,19.757068,330,HU,Hungary,Венгрия,takeoff,,,,"{""free_flying:site"": ""takeoff""}",
node,3470093854,https://www.openstreetmap.org/node/3470093854,Siklóernyős starthely Eged DK,47.927299,20.417400,,HU,Hungary,Венгрия,takeoff,,,,"{""free_flying:site"": ""takeoff""}",
node,3470093855,https://www.openstreetmap.org/node/3470093855,Siklóernyős starthely Eged DNy,47.928101,20.411600,,HU,Hungary,Венгрия,takeoff,,,,"{""free_flying:site"": ""takeoff""}",
node,3470093856,https://www.openstreetmap.org/node/3470093856,Siklóernyős starthely Eged ÉNy,47.929199,20.411600,,HU,Hungary,Венгрия,takeoff,,,,"{""free_flying:site"": ""takeoff""}",
node,3471889622,https://www.openstreetmap.org/node/3471889622,Siklóernyős starthely,47.575756,19.335211,,HU,Hungary,Венгрия,takeoff,,,,"{""free_flying:site"": ""takeoff""}",
node,3473873361,https://www.openstreetmap.org/node/3473873361,Siklóernyős starthely (Kőhegy),47.683300,19.033300,,HU,Hungary,Венгрия,takeoff,,,,"{""free_flying:site"": ""takeoff""}",
node,3474939184,https://www.openstreetmap.org/node/3474939184,Siklóernyős starthely,47.370620,18.252041,,HU,Hungary,Венгрия,takeoff,,,,"{""free_flying:site"": ""takeoff""}",
node,3474948942,https://www.openstreetmap.org/node/3474948942,Siklóernyős starthely,47.362500,18.441693,,HU,Hungary,Венгрия,takeoff,,,,"{""free_flying:site"": ""takeoff""}",
node,3481809674,https://www.openstreetmap.org/node/3481809674,Montaña de Fasnia,28.229101,-16.432708,,ES,Spain,Испания,takeoff,,,O.SO,"{""free_flying:site"": ""takeoff"", ""free_flying:site_orientation"": ""O.SO""}",
node,3481809675,https://www.openstreetmap.org/node/3481809675,Takeoff Izana,28.322462,-16.491539,,ES,Spain,Испания,takeoff,,,,"{""free_flying:site"": ""takeoff""}",
node,3481817711,https://www.openstreetmap.org/node/3481817711,Takeoff Teresitas,28.510545,-16.187893,,ES,Spain,Испания,takeoff,,,SE,"{""free_flying:site"": ""takeoff"", ""free_flying:site_orientation"": ""SE""}",
node,3483821030,https://www.openstreetmap.org/node/3483821030,Oberer Startplatz,46.777149,13.149924,,AT,Austria,Австрия,takeoff,,,SO,"{""free_flying:site"": ""takeoff"", ""free_flying:site_orientation"": ""SO""}",
node,3483821031,https://www.openstreetmap.org/node/3483821031,Startplatz Rottenstein,46.768465,13.226705,,AT,Austria,Австрия,takeoff,,,SO,"{""free_flying:site"": ""takeoff"", ""free_flying:site_orientation"": ""SO""}",
node,3565259446,https://www.openstreetmap.org/node/3565259446,Walkers Launch,37.672699,-122.493672,,US,United States,Соединённые Штаты Америки,takeoff,,,,"{""free_flying:site"": ""takeoff""}",
node,3565259447,https://www.openstreetmap.org/node/3565259447,Lemmings Launch,37.671980,-122.494320,,US,United States,Соединённые Штаты Америки,takeoff,,,,"{""free_flying:site"": ""takeoff""}",
node,3565259448,https://www.openstreetmap.org/node/3565259448,Tomcat Launch,37.667927,-122.494869,,US,United States,Соединённые Штаты Америки,takeoff,,,,"{""free_flying:site"": ""takeoff""}",
node,3632177484,https://www.openstreetmap.org/node/3632177484,,46.302241,4.720852,,FR,France (land mass),Франция,takeoff,,,,"{""free_flying:site"": ""takeoff""}",
node,3649720312,https://www.openstreetmap.org/node/3649720312,,49.045345,8.803076,,DE,Germany,Германия,takeoff,,,,"{""free_flying:site"": ""takeoff""}",
node,3729717008,https://www.openstreetmap.org/node/3729717008,,50.740031,0.253080,,GB,United Kingdom,Соединённое Королевство,takeoff,,,,"{""free_flying:site"": ""takeoff""}",
node,3730940523,https://www.openstreetmap.org/node/3730940523,,52.376142,38.761378,,RU,Russia,Россия,takeoff,,,,"{""free_flying:site"": ""takeoff""}",
node,3777314325,https://www.openstreetmap.org/node/3777314325,,47.952968,6.735028,,FR,France (land mass),Франция,takeoff,,,,"{""free_flying:site"": ""takeoff""}",
node,3778284133,https://www.openstreetmap.org/node/3778284133,Decollo Parapendio Ciavanis,45.378831,7.356789,,IT,Italy,Италия,takeoff,,,,"{""free_flying:site"": ""takeoff""}",
node,3778731994,https://www.openstreetmap.org/node/3778731994,Startplatz Nord,47.804421,13.110501,,AT,Austria,Австрия,takeoff,,,"N,NW","{""free_flying:site"": ""takeoff"", ""free_flying:site_orientation"": ""N,NW""}",
node,3778740955,https://www.openstreetmap.org/node/3778740955,Startplatz Ost,47.804856,13.113951,,AT,Austria,Австрия,takeoff,,,"NE, E","{""free_flying:site"": ""takeoff"", ""free_flying:site_orientation"": ""NE, E""}",
node,3782447550,https://www.openstreetmap.org/node/3782447550,Clos La Cime,44.815166,6.722251,,FR,France (land mass),Франция,takeoff,,,,"{""free_flying:site"": ""takeoff""}",
node,3801348663,https://www.openstreetmap.org/node/3801348663,,44.063689,1.970186,,FR,France (land mass),Франция,takeoff,,,,"{""free_flying:site"": ""takeoff""}",
node,3801517963,https://www.openstreetmap.org/node/3801517963,Punct de decolare parapante,46.370491,25.834378,,RO,Romania,Румыния,,,,,"{""free_flying:landing"": ""yes"", ""free_flying:takeoff"": ""yes""}",
node,3812841658,https://www.openstreetmap.org/node/3812841658,Dormillouse,44.411730,6.383960,,FR,France (land mass),Франция,takeoff,,,,"{""free_flying:site"": ""takeoff""}",
node,3837351457,https://www.openstreetmap.org/node/3837351457,Startplatz Gleitschirmflieger,28.691594,-17.925500,,ES,Spain,Испания,takeoff,,,,"{""free_flying:site"": ""takeoff""}",
node,3859255968,https://www.openstreetmap.org/node/3859255968,,44.467720,3.357882,,FR,France (land mass),Франция,takeoff,,,,"{""free_flying:site"": ""takeoff""}",
node,3871870903,https://www.openstreetmap.org/node/3871870903,Pico da Cruz,32.642113,-16.939261,,PT,Portugal,Португалия,takeoff,,,,"{""free_flying:site"": ""takeoff""}",
node,3871888670,https://www.openstreetmap.org/node/3871888670,Arco da Calheta,32.707885,-17.140774,,PT,Portugal,Португалия,takeoff,,,,"{""free_flying:site"": ""takeoff""}",
node,3890705112,https://www.openstreetmap.org/node/3890705112,Col de Moussière,44.720953,6.645674,2250,FR,France (land mass),Франция,takeoff,,,"s,sw","{""free_flying:site"": ""takeoff"", ""free_flying:site_orientation"": ""s,sw""}",
node,3918130401,https://www.openstreetmap.org/node/3918130401,Metschstand,46.443720,7.494875,,CH,Switzerland,Швейцария,takeoff,,,,"{""free_flying:site"": ""takeoff""}",
node,3935815831,https://www.openstreetmap.org/node/3935815831,Décollage de Serre Buzard,44.640483,6.545370,1370,FR,France (land mass),Франция,takeoff,,,,"{""free_flying:site"": ""takeoff""}",
node,3973143541,https://www.openstreetmap.org/node/3973143541,Décollage Colimacons 700,-21.150193,55.306847,620,FR,France (land mass),Франция,,,,,"{""free_flying:takeoff"": ""yes""}",
node,3984705518,https://www.openstreetmap.org/node/3984705518,Startplatz Röti,47.258082,7.527737,,CH,Switzerland,Швейцария,takeoff,,,"NW,NO","{""free_flying:site"": ""takeoff"", ""free_flying:site_orientation"": ""NW,NO""}",
node,4099205553,https://www.openstreetmap.org/node/4099205553,Mu,47.210279,11.849106,,AT,Austria,Австрия,takeoff,,,,"{""free_flying:site"": ""takeoff""}",
node,4198152890,https://www.openstreetmap.org/node/4198152890,Kobala takeoff,46.180994,13.779278,1080,SI,Slovenia,Словения,,,,E;SE;SW;W,"{""free_flying:takeoff"": ""yes""}",
node,4257799555,https://www.openstreetmap.org/node/4257799555,,47.901409,8.183299,,DE,Germany,Германия,takeoff,,,,"{""free_flying:site"": ""takeoff""}",
node,4316570292,https://www.openstreetmap.org/node/4316570292,,46.182675,5.466407,,FR,France (land mass),Франция,takeoff,,,,"{""free_flying:site"": ""takeoff""}",
node,4397945949,https://www.openstreetmap.org/node/4397945949,,47.120746,13.640744,,AT,Austria,Австрия,takeoff,,,,"{""free_flying:site"": ""takeoff""}",
node,4564811965,https://www.openstreetmap.org/node/4564811965,Décollage Carnéjac Vol Libre,44.916749,2.492967,,FR,France (land mass),Франция,takeoff,,,,"{""free_flying:site"": ""takeoff""}",
node,4583122208,https://www.openstreetmap.org/node/4583122208,Rampa de Voo Livre do Morro da Pedra,-26.795465,-48.771322,,BR,Brazil,Бразилия,takeoff,,,,"{""free_flying:site"": ""takeoff""}",
node,4607656057,https://www.openstreetmap.org/node/4607656057,Schneckenkopf SW,47.770556,7.909493,,DE,Germany,Германия,takeoff,,,160-210,"{""free_flying:site"": ""takeoff""}",
node,4652155360,https://www.openstreetmap.org/node/4652155360,,45.719420,3.122500,,FR,France (land mass),Франция,takeoff,,,,"{""free_flying:site"": ""takeoff""}",
node,4708047258,https://www.openstreetmap.org/node/4708047258,,50.514567,13.715136,,CZ,Czechia,Чехия,takeoff,,,,"{""free_flying:site"": ""takeoff""}",
node,4714172589,https://www.openstreetmap.org/node/4714172589,,4.984840,-74.349091,,CO,Colombia,Колумбия,takeoff,,,,"{""free_flying:site"": ""takeoff""}",
node,4735950249,https://www.openstreetmap.org/node/4735950249,,47.492021,9.971085,,AT,Austria,Австрия,takeoff,,,,"{""free_flying:site"": ""takeoff""}",
node,4806425466,https://www.openstreetmap.org/node/4806425466,Startplatz Rütiberg,47.002138,7.644730,,CH,Switzerland,Швейцария,takeoff,,,,"{""free_flying:site"": ""takeoff""}",
node,4829006539,https://www.openstreetmap.org/node/4829006539,,44.677520,6.783648,,FR,France (land mass),Франция,takeoff,,,,"{""free_flying:site"": ""takeoff""}",
node,4875501344,https://www.openstreetmap.org/node/4875501344,Fedémesi Siklóernyős Park,48.027802,20.166923,210,HU,Hungary,Венгрия,takeoff,,,,"{""free_flying:site"": ""takeoff""}",
node,4875501345,https://www.openstreetmap.org/node/4875501345,Fedémesi Siklóernyős Park,48.027422,20.169278,210,HU,Hungary,Венгрия,takeoff,,,,"{""free_flying:site"": ""takeoff""}",
node,4875501351,https://www.openstreetmap.org/node/4875501351,Fedémesi Siklóernyős Park,48.027483,20.166770,210,HU,Hungary,Венгрия,takeoff,,,,"{""free_flying:site"": ""takeoff""}",
node,4877936590,https://www.openstreetmap.org/node/4877936590,"PG starthely, HHH-Óbuda ÉK",47.555866,19.002784,440,HU,Hungary,Венгрия,takeoff,,,20-90,"{""free_flying:site"": ""takeoff""}",
node,4877936594,https://www.openstreetmap.org/node/4877936594,"Siklóernyős starthely, HHH-Mária",47.555505,18.988664,,HU,Hungary,Венгрия,takeoff,,,,"{""free_flying:site"": ""takeoff""}",
node,4879882263,https://www.openstreetmap.org/node/4879882263,La Ballena,-34.912115,-55.044340,,UY,Uruguay,Уругвай,takeoff,,,SE,"{""free_flying:official"": ""no"", ""free_flying:site"": ""takeoff"", ""free_flying:site_orientation"": ""SE""}",
node,4936200147,https://www.openstreetmap.org/node/4936200147,Despegue el Águila,-34.770829,-55.778149,,UY,Uruguay,Уругвай,takeoff,,,S,"{""free_flying:official"": ""no"", ""free_flying:site"": ""takeoff"", ""free_flying:site_orientation"": ""S""}",
node,4939211495,https://www.openstreetmap.org/node/4939211495,Startplatz Sodkopf,48.625403,8.161605,,DE,Germany,Германия,takeoff,,,,"{""free_flying:site"": ""takeoff""}",
node,5011306844,https://www.openstreetmap.org/node/5011306844,Le Tal,45.064867,2.674034,,FR,France (land mass),Франция,takeoff,,,,"{""free_flying:site"": ""takeoff""}",
node,5078824980,https://www.openstreetmap.org/node/5078824980,Decollo Stribugliano Monte Aquilaia,42.845230,11.477401,,IT,Italy,Италия,takeoff,,,,"{""free_flying:site"": ""takeoff""}",
node,5092868390,https://www.openstreetmap.org/node/5092868390,,47.356810,6.479140,,FR,France (land mass),Франция,takeoff,,,,"{""free_flying:site"": ""takeoff""}",
node,5129868522,https://www.openstreetmap.org/node/5129868522,Max lee Launch,14.469310,121.217255,,PH,Philippines,Филиппины,takeoff,,,,"{""free_flying:site"": ""takeoff""}",
node,5148407842,https://www.openstreetmap.org/node/5148407842,Brgud,45.241147,14.197356,810,HR,Croatia,Хорватия,takeoff,,,,"{""free_flying:site"": ""takeoff""}",
node,5190363298,https://www.openstreetmap.org/node/5190363298,Startplatz Niederzissen - Bausenberg,50.464824,7.222434,,DE,Germany,Германия,takeoff,,,,"{""free_flying:site"": ""takeoff""}",
node,5249401581,https://www.openstreetmap.org/node/5249401581,Парапланерный старт - Строгановка,44.953307,34.192334,,RU,Russia,Россия,takeoff,,,,"{""free_flying:site"": ""takeoff""}",
node,5408061944,https://www.openstreetmap.org/node/5408061944,Trøgstad (Oppslep),59.675556,11.327778,150,NO,Norway,Норвегия,takeoff,,,,"{""free_flying:site"": ""takeoff""}",
node,5408061945,https://www.openstreetmap.org/node/5408061945,Torsnes Flyplass,59.196944,11.061667,0,NO,Norway,Норвегия,takeoff,,,,"{""free_flying:site"": ""takeoff""}",
node,5408061946,https://www.openstreetmap.org/node/5408061946,"Storedal, Sarpsborg",59.231389,11.109722,0,NO,Norway,Норвегия,takeoff,,,,"{""free_flying:site"": ""takeoff""}",
node,5408061947,https://www.openstreetmap.org/node/5408061947,Spydeberg mikroflyplass,59.663611,11.122778,163,NO,Norway,Норвегия,takeoff,,,,"{""free_flying:site"": ""takeoff""}",
node,5408061948,https://www.openstreetmap.org/node/5408061948,Sarpsborg / Knattås,59.284656,11.071906,60,NO,Norway,Норвегия,takeoff,,,,"{""free_flying:site"": ""takeoff""}",
node,5408061949,https://www.openstreetmap.org/node/5408061949,Rygge Lufthavn,59.380586,10.777419,0,NO,Norway,Норвегия,takeoff,,,,"{""free_flying:site"": ""takeoff""}",
node,5408061950,https://www.openstreetmap.org/node/5408061950,Rognemyrveien ( Skjeberg ),59.209167,11.252500,0,NO,Norway,Норвегия,takeoff,,,,"{""free_flying:site"": ""takeoff""}",
node,5408061951,https://www.openstreetmap.org/node/5408061951,Rakkestad Graarud,59.446389,11.328611,130,NO,Norway,Норвегия,takeoff,,,,"{""free_flying:site"": ""takeoff""}",
node,5408061952,https://www.openstreetmap.org/node/5408061952,Mysen/Dalveien i Hærland,59.558056,11.445556,160,NO,Norway,Норвегия,takeoff,,,,"{""free_flying:site"": ""takeoff""}",
node,5408061953,https://www.openstreetmap.org/node/5408061953,Myrer ved Spydeberg,59.663889,11.120833,160,NO,Norway,Норвегия,takeoff,,,,"{""free_flying:site"": ""takeoff""}",
node,5408061954,https://www.openstreetmap.org/node/5408061954,Lyseakerbakken Eidsberg,59.501944,11.247222,52,NO,Norway,Норвегия,takeoff,,,,"{""free_flying:site"": ""takeoff""}",
node,5408061955,https://www.openstreetmap.org/node/5408061955,Lysaker Gård,59.501306,11.248222,40,NO,Norway,Норвегия,takeoff,,,,"{""free_flying:site"": ""takeoff""}",
node,5408061956,https://www.openstreetmap.org/node/5408061956,Larkollen,59.304281,10.687383,0,NO,Norway,Норвегия,takeoff,,,,"{""free_flying:site"": ""takeoff""}",
node,5408061957,https://www.openstreetmap.org/node/5408061957,"Klever , Rokke, Halden",59.263047,11.353333,131,NO,Norway,Норвегия,takeoff,,,,"{""free_flying:site"": ""takeoff""}",
node,5408061958,https://www.openstreetmap.org/node/5408061958,"Kjæråsen, Fredrikstad",59.219722,10.961667,54,NO,Norway,Норвегия,takeoff,,,,"{""free_flying:site"": ""takeoff""}",
node,5408061959,https://www.openstreetmap.org/node/5408061959,Kirkeby PPG treff,59.523889,11.265000,80,NO,Norway,Норвегия,takeoff,,,,"{""free_flying:site"": ""takeoff""}",
node,5408061960,https://www.openstreetmap.org/node/5408061960,Ise - Bjønnåsen (Sarpsborg),59.301111,11.241944,124,NO,Norway,Норвегия,takeoff,,,,"{""free_flying:site"": ""takeoff""}",
node,5408061962,https://www.openstreetmap.org/node/5408061962,Glengshølen OTP- Sarpsborg,59.289167,11.119167,0,NO,Norway,Норвегия,takeoff,,,,"{""free_flying:site"": ""takeoff""}",
node,5408061963,https://www.openstreetmap.org/node/5408061963,"Fladberg, Rakkestad",59.463611,11.367778,152,NO,Norway,Норвегия,takeoff,,,,"{""free_flying:site"": ""takeoff""}",
node,5408061964,https://www.openstreetmap.org/node/5408061964,"Vikevannet Hof, scootertowing",59.543611,10.118056,36,NO,Norway,Норвегия,takeoff,,,,"{""free_flying:site"": ""takeoff""}",
node,5408061965,https://www.openstreetmap.org/node/5408061965,Tønsberg Slottsfjellet - IKKE BRUK,59.271944,10.403333,50,NO,Norway,Норвегия,takeoff,,,,"{""free_flying:site"": ""takeoff""}",
node,5408061966,https://www.openstreetmap.org/node/5408061966,Torrud camping Eidsfoss eikeren,59.632778,10.015000,0,NO,Norway,Норвегия,takeoff,,,,"{""free_flying:site"": ""takeoff""}",
node,5408061967,https://www.openstreetmap.org/node/5408061967,"Teien Microflyplass, Sande",59.584444,10.187778,14,NO,Norway,Норвегия,takeoff,,,,"{""free_flying:site"": ""takeoff""}",
node,5408061968,https://www.openstreetmap.org/node/5408061968,"Svarstad,Vestfold, Liåsen",59.423889,9.917778,425,NO,Norway,Норвегия,takeoff,,,,"{""free_flying:site"": ""takeoff""}",
node,5408061969,https://www.openstreetmap.org/node/5408061969,"Svarstad, Askjemåsen",59.386667,9.922222,420,NO,Norway,Норвегия,takeoff,,,,"{""free_flying:site"": ""takeoff""}",
node,5408061970,https://www.openstreetmap.org/node/5408061970,Svarstad Skisenter,59.393333,9.925278,350,NO,Norway,Норвегия,takeoff,,,,"{""free_flying:site"": ""takeoff""}",
node,5408061971,https://www.openstreetmap.org/node/5408061971,Svarstad Liåsen .Vest,59.433889,9.899167,425,NO,Norway,Норвегия,takeoff,,,,"{""free_flying:site"": ""takeoff""}",
node,5408061972,https://www.openstreetmap.org/node/5408061972,Stokkelia i Hof Vestfold,59.556667,10.040833,450,NO,Norway,Норвегия,takeoff,,,,"{""free_flying:site"": ""takeoff""}",
node,5408061973,https://www.openstreetmap.org/node/5408061973,Stavern,58.973333,9.953889,50,NO,Norway,Норвегия,takeoff,,,,"{""free_flying:site"": ""takeoff""}",
node,5408061974,https://www.openstreetmap.org/node/5408061974,Skaglemo PPG i Hvarnes,59.292222,9.920833,55,NO,Norway,Норвегия,takeoff,,,,"{""free_flying:site"": ""takeoff""}",
node,5408061975,https://www.openstreetmap.org/node/5408061975,Sande,59.579722,10.248056,5,NO,Norway,Норвегия,takeoff,,,,"{""free_flying:site"": ""takeoff""}",
node,5408061976,https://www.openstreetmap.org/node/5408061976,Revetal motorisert pg,59.381833,10.259667,0,NO,Norway,Норвегия,takeoff,,,,"{""free_flying:site"": ""takeoff""}",
node,5408061977,https://www.openstreetmap.org/node/5408061977,Revetal - Opptrekk,59.380556,10.257778,30,NO,Norway,Норвегия,takeoff,,,,"{""free_flying:site"": ""takeoff""}",
node,5408061978,https://www.openstreetmap.org/node/5408061978,Nøtterøy ved Tønsberg,59.203694,10.448667,5,NO,Norway,Норвегия,takeoff,,,,"{""free_flying:site"": ""takeoff""}",
node,5408061979,https://www.openstreetmap.org/node/5408061979,Lønskollen,59.446111,10.114444,280,NO,Norway,Норвегия,takeoff,,,,"{""free_flying:site"": ""takeoff""}",
node,5408061980,https://www.openstreetmap.org/node/5408061980,"Kopstad Jordet, Holmestrand",59.437222,10.366944,10,NO,Norway,Норвегия,takeoff,,,,"{""free_flying:site"": ""takeoff""}",
node,5408061981,https://www.openstreetmap.org/node/5408061981,Hvittingfoss Glaneberget,59.482778,10.070000,325,NO,Norway,Норвегия,takeoff,,,,"{""free_flying:site"": ""takeoff""}",
node,5408061982,https://www.openstreetmap.org/node/5408061982,Horten,59.441389,10.413611,115,NO,Norway,Норвегия,takeoff,,,,"{""free_flying:site"": ""takeoff""}",
node,5408061983,https://www.openstreetmap.org/node/5408061983,"Holmestrand, Høgåsbakken",59.515000,10.230000,230,NO,Norway,Норвегия,takeoff,,,,"{""free_flying:site"": ""takeoff""}",
node,5408061984,https://www.openstreetmap.org/node/5408061984,"Hof, mikroflyplassen til Tor Aage Brein",59.468056,10.185556,70,NO,Norway,Норвегия,takeoff,,,,"{""free_flying:site"": ""takeoff""}",
node,5408061985,https://www.openstreetmap.org/node/5408061985,"Haugskollen, Hvarnes",59.296389,9.930278,215,NO,Norway,Норвегия,takeoff,,,,"{""free_flying:site"": ""takeoff""}",
node,5408061986,https://www.openstreetmap.org/node/5408061986,"Gampedalsåsen,Hvarnes",59.313056,9.913889,270,NO,Norway,Норвегия,takeoff,,,,"{""free_flying:site"": ""takeoff""}",
node,5408061987,https://www.openstreetmap.org/node/5408061987,Galleberg,59.619167,10.223889,37,NO,Norway,Норвегия,takeoff,,,,"{""free_flying:site"": ""takeoff""}",
node,5408061988,https://www.openstreetmap.org/node/5408061988,"Ålsheia, Sinnes i Sirdal",58.920833,6.854167,750,NO,Norway,Норвегия,takeoff,,,,"{""free_flying:site"": ""takeoff""}",
node,5408061989,https://www.openstreetmap.org/node/5408061989,"Ådneram Skitrekk, Sirdal",59.022992,6.897492,840,NO,Norway,Норвегия,takeoff,,,,"{""free_flying:site"": ""takeoff""}",
node,5408061990,https://www.openstreetmap.org/node/5408061990,"Vermeknuten, Tonstad",58.671667,6.680833,525,NO,Norway,Норвегия,takeoff,,,,"{""free_flying:site"": ""takeoff""}",
node,5408061991,https://www.openstreetmap.org/node/5408061991,"Rampa, Vennesla",58.269722,7.948889,180,NO,Norway,Норвегия,takeoff,,,,"{""free_flying:site"": ""takeoff""}",
node,5408061992,https://www.openstreetmap.org/node/5408061992,"Vennesla, Kvarstein",58.234444,7.944722,150,NO,Norway,Норвегия,takeoff,,,,"{""free_flying:site"": ""takeoff""}",
node,5408061993,https://www.openstreetmap.org/node/5408061993,Vennesla Kristne Airport,58.269167,7.954167,44,NO,Norway,Норвегия,takeoff,,,,"{""free_flying:site"": ""takeoff""}",
node,5408061994,https://www.openstreetmap.org/node/5408061994,"Utsikten, Kvinesdal",58.303611,6.970556,200,NO,Norway,Норвегия,takeoff,,,,"{""free_flying:site"": ""takeoff""}",
node,5408061995,https://www.openstreetmap.org/node/5408061995,"Tonstad,Svodene",58.673333,6.765556,600,NO,Norway,Норвегия,takeoff,,,,"{""free_flying:site"": ""takeoff""}",
node,5408061996,https://www.openstreetmap.org/node/5408061996,"Tonstad, Toppen toppen",58.658333,6.740556,590,NO,Norway,Норвегия,takeoff,,,,"{""free_flying:site"": ""takeoff""}",
node,5408061997,https://www.openstreetmap.org/node/5408061997,"Tonstad, Stakkhom Fjellet",58.652778,6.761111,680,NO,Norway,Норвегия,takeoff,,,,"{""free_flying:site"": ""takeoff""}",
node,5408061998,https://www.openstreetmap.org/node/5408061998,"Tonstad, Kuli",58.719444,6.625000,500,NO,Norway,Норвегия,takeoff,,,,"{""free_flying:site"": ""takeoff""}",
node,5408061999,https://www.openstreetmap.org/node/5408061999,"Tonstad, Hg rampa",58.662778,6.743611,430,NO,Norway,Норвегия,takeoff,,,,"{""free_flying:site"": ""takeoff""}",
node,5408062000,https://www.openstreetmap.org/node/5408062000,"Tonstad, pg-starten",58.655278,6.735278,525,NO,Norway,Норвегия,takeoff,,,,"{""free_flying:site"": ""takeoff""}",
node,5408062001,https://www.openstreetmap.org/node/5408062001,"Tjørhomfjellet, Sirdal",58.908611,6.820000,870,NO,Norway,Норвегия,takeoff,,,,"{""free_flying:site"": ""takeoff""}",
node,5408062002,https://www.openstreetmap.org/node/5408062002,Svensli,58.265000,7.216389,0,NO,Norway,Норвегия,takeoff,,,,"{""free_flying:site"": ""takeoff""}",
node,5408062003,https://www.openstreetmap.org/node/5408062003,"Suleskard, Sirdal",59.010556,6.980278,1000,NO,Norway,Норвегия,takeoff,,,,"{""free_flying:site"": ""takeoff""}",
node,5408062004,https://www.openstreetmap.org/node/5408062004,"Storåsen, Hille. Mandal",58.015278,7.344167,68,NO,Norway,Норвегия,takeoff,,,,"{""free_flying:site"": ""takeoff""}",
node,5408062005,https://www.openstreetmap.org/node/5408062005,"Siriklubben, Sirdal",58.983333,6.916667,630,NO,Norway,Норвегия,takeoff,,,,"{""free_flying:site"": ""takeoff""}",
node,5408062006,https://www.openstreetmap.org/node/5408062006,"Simonskyrkja vest, Flekkefjord",58.287500,6.725000,345,NO,Norway,Норвегия,takeoff,,,,"{""free_flying:site"": ""takeoff""}",
node,5408062007,https://www.openstreetmap.org/node/5408062007,Rossfjord,58.118475,7.066294,160,NO,Norway,Норвегия,takeoff,,,,"{""free_flying:site"": ""takeoff""}",
node,5408062008,https://www.openstreetmap.org/node/5408062008,Odderøya (Kristiansand),58.132222,8.003611,90,NO,Norway,Норвегия,takeoff,,,,"{""free_flying:site"": ""takeoff""}",
node,5408062009,https://www.openstreetmap.org/node/5408062009,"Norskeknuten, Kvinesdal",58.316111,6.930833,370,NO,Norway,Норвегия,takeoff,,,,"{""free_flying:site"": ""takeoff""}",
node,5408062010,https://www.openstreetmap.org/node/5408062010,"Loftsteinsheii, Tjomli",58.692222,6.683056,680,NO,Norway,Норвегия,takeoff,,,,"{""free_flying:site"": ""takeoff""}",
node,5408062011,https://www.openstreetmap.org/node/5408062011,"Kvås, Bulia",58.289444,7.180556,404,NO,Norway,Норвегия,takeoff,,,,"{""free_flying:site"": ""takeoff""}",
node,5408062012,https://www.openstreetmap.org/node/5408062012,Konsmo PPG,58.290278,7.352222,86,NO,Norway,Норвегия,takeoff,,,,"{""free_flying:site"": ""takeoff""}",
node,5408062013,https://www.openstreetmap.org/node/5408062013,"Hydrofjellet , Volleberg, Kristiansand",58.100000,7.833333,0,NO,Norway,Норвегия,takeoff,,,,"{""free_flying:site"": ""takeoff""}",
node,5408062014,https://www.openstreetmap.org/node/5408062014,"Flekkefjord, Simonskyrkja",58.285000,6.738333,415,NO,Norway,Норвегия,takeoff,,,,"{""free_flying:site"": ""takeoff""}",
node,5408062015,https://www.openstreetmap.org/node/5408062015,"Flekkefjord, Frøytlandsveten",58.290556,6.845000,500,NO,Norway,Норвегия,takeoff,,,,"{""free_flying:site"": ""takeoff""}",
node,5408062016,https://www.openstreetmap.org/node/5408062016,Espeland PPG,58.276667,7.399167,229,NO,Norway,Норвегия,takeoff,,,,"{""free_flying:site"": ""takeoff""}",
node,5408062017,https://www.openstreetmap.org/node/5408062017,"Eiken , Hekkfjell",58.501389,7.197500,700,NO,Norway,Норвегия,takeoff,,,,"{""free_flying:site"": ""takeoff""}",
node,5408062018,https://www.openstreetmap.org/node/5408062018,Byremohei,58.431111,7.397500,440,NO,Norway,Норвегия,takeoff,,,,"{""free_flying:site"": ""takeoff""}",
node,5408062019,https://www.openstreetmap.org/node/5408062019,"Budalsheia, Kvinesdal",58.499167,7.022778,492,NO,Norway,Норвегия,takeoff,,,,"{""free_flying:site"": ""takeoff""}",
node,5408062020,https://www.openstreetmap.org/node/5408062020,"Bjørndals-fjell, Sirdal",58.736389,6.726667,450,NO,Norway,Норвегия,takeoff,,,,"{""free_flying:site"": ""takeoff""}",
node,5408063321,https://www.openstreetmap.org/node/5408063321,"Birkelid , Volleberg",58.100000,7.800000,0,NO,Norway,Норвегия,takeoff,,,,"{""free_flying:site"": ""takeoff""}",
node,5408063322,https://www.openstreetmap.org/node/5408063322,"Biktjørnsknuden , Kvinesdal",58.398611,6.985833,454,NO,Norway,Норвегия,takeoff,,,,"{""free_flying:site"": ""takeoff""}",
node,5408063323,https://www.openstreetmap.org/node/5408063323,Vesterfjell Senja,69.196389,17.674722,300,NO,Norway,Норвегия,takeoff,,,,"{""free_flying:site"": ""takeoff""}",
node,5408063324,https://www.openstreetmap.org/node/5408063324,Vasstinden-Kvaløya-Tromsø,69.638333,18.286944,870,NO,Norway,Норвегия,takeoff,,,,"{""free_flying:site"": ""takeoff""}",
node,5408063325,https://www.openstreetmap.org/node/5408063325,Vardaksla. Brensholmen,69.605278,18.095278,250,NO,Norway,Норвегия,takeoff,,,,"{""free_flying:site"": ""takeoff""}",
node,5408063326,https://www.openstreetmap.org/node/5408063326,Vannøya-Sussannabakk-kollen,70.065000,19.911944,432,NO,Norway,Норвегия,takeoff,,,,"{""free_flying:site"": ""takeoff""}",
node,5408063327,https://www.openstreetmap.org/node/5408063327,"Vannøya, Vannavalen. Svartvatnan",70.116389,19.941944,298,NO,Norway,Норвегия,takeoff,,,,"{""free_flying:site"": ""takeoff""}",
node,5408063328,https://www.openstreetmap.org/node/5408063328,"Vannøya, Jøvik, Fakken",70.102778,20.068056,140,NO,Norway,Норвегия,takeoff,,,,"{""free_flying:site"": ""takeoff""}",
node,5408063329,https://www.openstreetmap.org/node/5408063329,"Vannøya, Burøysund, Kuhammaren (Kvalkjæften)",70.209167,19.738056,375,NO,Norway,Норвегия,takeoff,,,,"{""free_flying:site"": ""takeoff""}",
node,5408063330,https://www.openstreetmap.org/node/5408063330,"Vanntinden, Vannøya",70.092723,19.772200,1031,NO,Norway,Норвегия,takeoff,,,,"{""free_flying:site"": ""takeoff""}",
node,5408063331,https://www.openstreetmap.org/node/5408063331,"Vannhaugen, Vannvåg, Vannøya",70.079167,19.972222,360,NO,Norway,Норвегия,takeoff,,,,"{""free_flying:site"": ""takeoff""}",
node,5408063332,https://www.openstreetmap.org/node/5408063332,"Tverfjellet, Kvæfjord",68.701111,16.135556,889,NO,Norway,Норвегия,takeoff,,,,"{""free_flying:site"": ""takeoff""}",
node,5408063333,https://www.openstreetmap.org/node/5408063333,"Tronsø Straumsaksla, kattfjordeidet",69.639750,18.512972,736,NO,Norway,Норвегия,takeoff,,,,"{""free_flying:site"": ""takeoff""}",
node,5408063334,https://www.openstreetmap.org/node/5408063334,"Tromsø Skittentinden, Kattfjordeidet",69.675000,18.443889,1042,NO,Norway,Норвегия,takeoff,,,,"{""free_flying:site"": ""takeoff""}",
node,5408063335,https://www.openstreetmap.org/node/5408063335,"Tronsø Durmålstinden, kattfjordeidet",69.623056,18.450556,921,NO,Norway,Норвегия,takeoff,,,,"{""free_flying:site"": ""takeoff""}",
node,5408063336,https://www.openstreetmap.org/node/5408063336,"Tromtinden, Kvaløya, Troms",69.780000,18.357500,636,NO,Norway,Норвегия,takeoff,,,,"{""free_flying:site"": ""takeoff""}",
node,5408063337,https://www.openstreetmap.org/node/5408063337,Tromsø-Andersdalen-Gorzelvtinden,69.497500,19.117500,1072,NO,Norway,Норвегия,takeoff,,,,"{""free_flying:site"": ""takeoff""}",
node,5408063338,https://www.openstreetmap.org/node/5408063338,"Tromsø, Øvre Andersdal",69.475556,19.105000,450,NO,Norway,Норвегия,takeoff,,,,"{""free_flying:site"": ""takeoff""}",
node,5408063339,https://www.openstreetmap.org/node/5408063339,"Tromsø, Tverrfjellet v. Småbakkan",69.770642,18.583578,407,NO,Norway,Норвегия,takeoff,,,,"{""free_flying:site"": ""takeoff""}",
node,5408063340,https://www.openstreetmap.org/node/5408063340,"Tromsø, Tverrfjellet",69.650833,18.443333,500,NO,Norway,Норвегия,takeoff,,,,"{""free_flying:site"": ""takeoff""}",
node,5408063341,https://www.openstreetmap.org/node/5408063341,"Tromsø, Tromvik, Ramnafjellet",69.774167,18.450833,205,NO,Norway,Норвегия,takeoff,,,,"{""free_flying:site"": ""takeoff""}",
node,5408063342,https://www.openstreetmap.org/node/5408063342,"Tromsø, Tromsdalstinden",69.605556,19.141667,1200,NO,Norway,Норвегия,takeoff,,,,"{""free_flying:site"": ""takeoff""}",
node,5408063343,https://www.openstreetmap.org/node/5408063343,"Tromsø, Svarthammartinden",69.775000,19.615833,610,NO,Norway,Норвегия,takeoff,,,,"{""free_flying:site"": ""takeoff""}",
node,5408063344,https://www.openstreetmap.org/node/5408063344,"Tromsø, Storstolpan, (Rekvika)",69.727500,18.409722,860,NO,Norway,Норвегия,takeoff,,,,"{""free_flying:site"": ""takeoff""}",
node,5408063345,https://www.openstreetmap.org/node/5408063345,"Tromsø, Store Blåmann",69.735000,18.600000,1044,NO,Norway,Норвегия,takeoff,,,,"{""free_flying:site"": ""takeoff""}",
node,5408063346,https://www.openstreetmap.org/node/5408063346,"Tromsø, Snarbyeidet",69.778333,19.511667,480,NO,Norway,Норвегия,takeoff,,,,"{""free_flying:site"": ""takeoff""}",
node,5408063347,https://www.openstreetmap.org/node/5408063347,"Tromsø, Slakterihaugen",69.749444,18.873611,306,NO,Norway,Норвегия,takeoff,,,,"{""free_flying:site"": ""takeoff""}",
node,5408063348,https://www.openstreetmap.org/node/5408063348,"Tromsø, Skulsfjorden, Øvredalsstarten",69.813056,18.777222,179,NO,Norway,Норвегия,takeoff,,,,"{""free_flying:site"": ""takeoff""}",
node,5408063349,https://www.openstreetmap.org/node/5408063349,"Tromsø, Skulsfjorden, Lilleløkken",69.803056,18.738889,80,NO,Norway,Норвегия,takeoff,,,,"{""free_flying:site"": ""takeoff""}",
node,5408063350,https://www.openstreetmap.org/node/5408063350,"Tromsø, Skjellvika",69.766111,18.635833,170,NO,Norway,Норвегия,takeoff,,,,"{""free_flying:site"": ""takeoff""}",
node,5408063351,https://www.openstreetmap.org/node/5408063351,"Tromsø, Skarmunken, Ramndalen",69.596667,19.674722,300,NO,Norway,Норвегия,takeoff,,,,"{""free_flying:site"": ""takeoff""}",
node,5408063352,https://www.openstreetmap.org/node/5408063352,"Tromsø, Sandvik, Ramberget",69.526944,18.167222,130,NO,Norway,Норвегия,takeoff,,,,"{""free_flying:site"": ""takeoff""}",
node,5408063353,https://www.openstreetmap.org/node/5408063353,"Tromsø, Rekvika",69.742778,18.326111,250,NO,Norway,Норвегия,takeoff,,,,"{""free_flying:site"": ""takeoff""}",
node,5408063354,https://www.openstreetmap.org/node/5408063354,"Tromsø, Ramfjorden",69.575000,19.131944,310,NO,Norway,Норвегия,takeoff,,,,"{""free_flying:site"": ""takeoff""}",
node,5408063355,https://www.openstreetmap.org/node/5408063355,"Tromsø, Ramfjord, Hamperokken/Middagsaksla",69.574722,19.331667,1404,NO,Norway,Норвегия,takeoff,,,,"{""free_flying:site"": ""takeoff""}",
node,5408063356,https://www.openstreetmap.org/node/5408063356,"Tromsø, Oldervika",69.746667,19.674167,150,NO,Norway,Норвегия,takeoff,,,,"{""free_flying:site"": ""takeoff""}",
node,5408063357,https://www.openstreetmap.org/node/5408063357,"Tromsø, Moltebærhaugen nær Bakkejord ""Jubileumsflystedet""",69.531944,18.375000,110,NO,Norway,Норвегия,takeoff,,,,"{""free_flying:site"": ""takeoff""}",
node,5408063358,https://www.openstreetmap.org/node/5408063358,"Tromsø, Mannhaudalshaugen",69.739228,18.870314,310,NO,Norway,Норвегия,takeoff,,,,"{""free_flying:site"": ""takeoff""}",
node,5408063359,https://www.openstreetmap.org/node/5408063359,"Tromsø, Kvaløya, Sørvikaksla",69.578611,18.018056,190,NO,Norway,Норвегия,takeoff,,,,"{""free_flying:site"": ""takeoff""}",
node,5408063360,https://www.openstreetmap.org/node/5408063360,"Tromsø, Kvaløya, Stortuva",69.670000,18.223889,295,NO,Norway,Норвегия,takeoff,,,,"{""free_flying:site"": ""takeoff""}",
node,5408063361,https://www.openstreetmap.org/node/5408063361,"Tromsø, Kvaløya, Lakstinden",69.622778,18.138889,150,NO,Norway,Норвегия,takeoff,,,,"{""free_flying:site"": ""takeoff""}",
node,5408063362,https://www.openstreetmap.org/node/5408063362,"Tromsø, Hillesøya",69.640000,17.969444,200,NO,Norway,Норвегия,takeoff,,,,"{""free_flying:site"": ""takeoff""}",
node,5408063363,https://www.openstreetmap.org/node/5408063363,"Tromsø, Hatten Ersfjorden",69.678972,18.564722,657,NO,Norway,Норвегия,takeoff,,,,"{""free_flying:site"": ""takeoff""}",
node,5408063364,https://www.openstreetmap.org/node/5408063364,"Tromsø, Grøtfjorden",69.775833,18.549722,150,NO,Norway,Норвегия,takeoff,,,,"{""free_flying:site"": ""takeoff""}",
node,5408063365,https://www.openstreetmap.org/node/5408063365,"Tromsø, Grøtfjord, Smørstabbvatnet",69.783889,18.549722,380,NO,Norway,Норвегия,takeoff,,,,"{""free_flying:site"": ""takeoff""}",
node,5408063366,https://www.openstreetmap.org/node/5408063366,"Tromsø, Fløya",69.619167,18.998333,748,NO,Norway,Норвегия,takeoff,,,,"{""free_flying:site"": ""takeoff""}",
node,5408063367,https://www.openstreetmap.org/node/5408063367,"Tromsø, Fjellheisen",69.633611,18.989167,426,NO,Norway,Норвегия,takeoff,,,,"{""free_flying:site"": ""takeoff""}",
node,5408063368,https://www.openstreetmap.org/node/5408063368,"Tromsø, Finnvikdalen",69.756111,18.867500,250,NO,Norway,Норвегия,takeoff,,,,"{""free_flying:site"": ""takeoff""}",
node,5408063369,https://www.openstreetmap.org/node/5408063369,"Tromsø, Ersfjorden",69.700278,18.639444,130,NO,Norway,Норвегия,takeoff,,,,"{""free_flying:site"": ""takeoff""}",
node,5408063370,https://www.openstreetmap.org/node/5408063370,"Tromsø, Breivikeidet, Stormheimfjellet",69.676667,19.636111,1221,NO,Norway,Норвегия,takeoff,,,,"{""free_flying:site"": ""takeoff""}",
node,5408063371,https://www.openstreetmap.org/node/5408063371,"Tromsø, Breivikeidet, Håkjerringdalen",69.632500,19.715000,360,NO,Norway,Норвегия,takeoff,,,,"{""free_flying:site"": ""takeoff""}",
node,5408063372,https://www.openstreetmap.org/node/5408063372,"Tromsø, Breivikeidet",69.676667,19.636111,350,NO,Norway,Норвегия,takeoff,,,,"{""free_flying:site"": ""takeoff""}",
node,5408063373,https://www.openstreetmap.org/node/5408063373,"Tromsø, Bakkejord",69.528333,18.223333,180,NO,Norway,Норвегия,takeoff,,,,"{""free_flying:site"": ""takeoff""}",
node,5408063374,https://www.openstreetmap.org/node/5408063374,"Tromsø, Kattfjordeidet, Kvaløya, 533 aksla",69.662222,18.522500,533,NO,Norway,Норвегия,takeoff,,,,"{""free_flying:site"": ""takeoff""}",
node,5408063375,https://www.openstreetmap.org/node/5408063375,Tromsø Alpinsenter,69.664597,19.063836,480,NO,Norway,Норвегия,takeoff,,,,"{""free_flying:site"": ""takeoff""}",
node,5408063376,https://www.openstreetmap.org/node/5408063376,"Tromsø - Oldervik, Auskarnakken",69.777778,19.716389,122,NO,Norway,Норвегия,takeoff,,,,"{""free_flying:site"": ""takeoff""}",
node,5408063377,https://www.openstreetmap.org/node/5408063377,Tromsø - Gabrielfjellet -,69.602778,19.422778,710,NO,Norway,Норвегия,takeoff,,,,"{""free_flying:site"": ""takeoff""}",
node,5408063378,https://www.openstreetmap.org/node/5408063378,"Troms, Storfjord, Strandeng",69.366667,20.026389,0,NO,Norway,Норвегия,takeoff,,,,"{""free_flying:site"": ""takeoff""}",
node,5408063379,https://www.openstreetmap.org/node/5408063379,"Troms, Storfjord, Storeng",69.370000,20.017222,176,NO,Norway,Норвегия,takeoff,,,,"{""free_flying:site"": ""takeoff""}",
node,5408063380,https://www.openstreetmap.org/node/5408063380,"Troms, Storfjord, Steindalen",69.385833,20.041667,515,NO,Norway,Норвегия,takeoff,,,,"{""free_flying:site"": ""takeoff""}",
node,5408063381,https://www.openstreetmap.org/node/5408063381,"Troms, Storfjord, Råa",69.337222,19.974444,35,NO,Norway,Норвегия,takeoff,,,,"{""free_flying:site"": ""takeoff""}",
node,5408063382,https://www.openstreetmap.org/node/5408063382,"Troms, Storfjord, Rastebynes",69.406111,20.141667,130,NO,Norway,Норвегия,takeoff,,,,"{""free_flying:site"": ""takeoff""}",
node,5408063383,https://www.openstreetmap.org/node/5408063383,"Troms, Storfjord, Rastebyfjellet",69.400000,20.094722,680,NO,Norway,Норвегия,takeoff,,,,"{""free_flying:site"": ""takeoff""}",
node,5408063384,https://www.openstreetmap.org/node/5408063384,"Troms, Storfjord, Melen",69.275833,19.885833,175,NO,Norway,Норвегия,takeoff,,,,"{""free_flying:site"": ""takeoff""}",
node,5408063385,https://www.openstreetmap.org/node/5408063385,"Troms, Storfjord, Apaja",69.378889,20.228889,7,NO,Norway,Норвегия,takeoff,,,,"{""free_flying:site"": ""takeoff""}",
node,5408063386,https://www.openstreetmap.org/node/5408063386,"Troms, Balsfjord, Josefvatnet Storsteinnes",69.263611,19.125278,112,NO,Norway,Норвегия,takeoff,,,,"{""free_flying:site"": ""takeoff""}",
node,5408063387,https://www.openstreetmap.org/node/5408063387,Trastad (Borkenes),68.784722,16.144444,155,NO,Norway,Норвегия,takeoff,,,,"{""free_flying:site"": ""takeoff""}",
node,5408063388,https://www.openstreetmap.org/node/5408063388,Tovikfjellet,68.650278,16.886944,770,NO,Norway,Норвегия,takeoff,,,,"{""free_flying:site"": ""takeoff""}",
node,5408063389,https://www.openstreetmap.org/node/5408063389,Tennesfjellet - Balsfjord,69.291267,19.254083,515,NO,Norway,Норвегия,takeoff,,,,"{""free_flying:site"": ""takeoff""}",
node,5408063390,https://www.openstreetmap.org/node/5408063390,Sørdalsglæfse - Gullesfjordbotn - Kvæfjord,68.518333,15.723056,0,NO,Norway,Норвегия,takeoff,,,,"{""free_flying:site"": ""takeoff""}",
node,5408063391,https://www.openstreetmap.org/node/5408063391,Sørdalen øverst i Kitdalen i Storfjord,69.195833,20.168333,0,NO,Norway,Норвегия,takeoff,,,,"{""free_flying:site"": ""takeoff""}",
node,5408063392,https://www.openstreetmap.org/node/5408063392,Sætertinden Hårvik,68.586944,16.362222,1095,NO,Norway,Норвегия,takeoff,,,,"{""free_flying:site"": ""takeoff""}",
node,5408063393,https://www.openstreetmap.org/node/5408063393,Svellen Skånland,68.784167,16.148056,200,NO,Norway,Норвегия,takeoff,,,,"{""free_flying:site"": ""takeoff""}",
node,5408063394,https://www.openstreetmap.org/node/5408063394,Svellen,68.693889,17.017778,700,NO,Norway,Норвегия,takeoff,,,,"{""free_flying:site"": ""takeoff""}",
node,5408063395,https://www.openstreetmap.org/node/5408063395,Svartåsen Sørreisa,69.098056,18.219444,381,NO,Norway,Норвегия,takeoff,,,,"{""free_flying:site"": ""takeoff""}",
node,5408063396,https://www.openstreetmap.org/node/5408063396,"Svartfoss, Reisadalen i Nordreisa, Troms.",69.542778,21.403889,500,NO,Norway,Норвегия,takeoff,,,,"{""free_flying:site"": ""takeoff""}",
node,5408063397,https://www.openstreetmap.org/node/5408063397,"Svartberget, Altevann",68.670833,18.848611,640,NO,Norway,Норвегия,takeoff,,,,"{""free_flying:site"": ""takeoff""}",
node,5408063398,https://www.openstreetmap.org/node/5408063398,"Svanfjellet, Kaperdalen",69.299722,17.403056,898,NO,Norway,Норвегия,takeoff,,,,"{""free_flying:site"": ""takeoff""}",
node,5408063399,https://www.openstreetmap.org/node/5408063399,"Stortinden,Flesnes, Kvæfjord",68.688333,15.828889,330,NO,Norway,Норвегия,takeoff,,,,"{""free_flying:site"": ""takeoff""}",
node,5408063400,https://www.openstreetmap.org/node/5408063400,"Stortinden, Bogen, Gullesfjord",68.673889,15.876389,495,NO,Norway,Норвегия,takeoff,,,,"{""free_flying:site"": ""takeoff""}",
node,5408063401,https://www.openstreetmap.org/node/5408063401,"Storsteet, Nordreisa",69.702806,21.117361,1024,NO,Norway,Норвегия,takeoff,,,,"{""free_flying:site"": ""takeoff""}",
node,5408063402,https://www.openstreetmap.org/node/5408063402,"Stormofjellet, Bardu",68.951667,18.546111,780,NO,Norway,Норвегия,takeoff,,,,"{""free_flying:site"": ""takeoff""}",
node,5408063403,https://www.openstreetmap.org/node/5408063403,"Stormauken, Målselv",69.060000,18.963611,1200,NO,Norway,Норвегия,takeoff,,,,"{""free_flying:site"": ""takeoff""}",
node,5408063404,https://www.openstreetmap.org/node/5408063404,"Storfjord, Grusbanen på Melneset",69.266667,19.919444,2,NO,Norway,Норвегия,takeoff,,,,"{""free_flying:site"": ""takeoff""}",
node,5408063405,https://www.openstreetmap.org/node/5408063405,Storfjord Sukkertoppen (Finskegrensa),69.122222,20.721111,666,NO,Norway,Норвегия,takeoff,,,,"{""free_flying:site"": ""takeoff""}",
node,5408063406,https://www.openstreetmap.org/node/5408063406,Storfjord Njirran (Tunneltaket),69.351944,19.983889,20,NO,Norway,Норвегия,takeoff,,,,"{""free_flying:site"": ""takeoff""}",
node,5408063407,https://www.openstreetmap.org/node/5408063407,"Storeng, Oksfjord i Nordreisa, Troms.",69.925000,21.223889,120,NO,Norway,Норвегия,takeoff,,,,"{""free_flying:site"": ""takeoff""}",
node,5408063408,https://www.openstreetmap.org/node/5408063408,"Storberget, Østerdalen, Bardu",68.730833,18.685556,476,NO,Norway,Норвегия,takeoff,,,,"{""free_flying:site"": ""takeoff""}",
node,5408063409,https://www.openstreetmap.org/node/5408063409,"Stor-Kjølen, Kvaløya, Tromsø",69.733367,18.787217,790,NO,Norway,Норвегия,takeoff,,,,"{""free_flying:site"": ""takeoff""}",
node,5408063410,https://www.openstreetmap.org/node/5408063410,"Steinvannet, Salangen",68.963333,18.085833,400,NO,Norway,Норвегия,takeoff,,,,"{""free_flying:site"": ""takeoff""}",
node,5408063411,https://www.openstreetmap.org/node/5408063411,Steingården (Kvæfjord) PPG,68.799722,16.109722,15,NO,Norway,Норвегия,takeoff,,,,"{""free_flying:site"": ""takeoff""}",
node,5408063412,https://www.openstreetmap.org/node/5408063412,"Steinfjellet, Dyrøy kommune",69.026944,17.935000,520,NO,Norway,Норвегия,takeoff,,,,"{""free_flying:site"": ""takeoff""}",
node,5408063413,https://www.openstreetmap.org/node/5408063413,Stangnesbasen industriområde Harstad,68.780833,16.591944,3,NO,Norway,Норвегия,takeoff,,,,"{""free_flying:site"": ""takeoff""}",
node,5408063414,https://www.openstreetmap.org/node/5408063414,"Spåkenes, Kåfjord",69.758611,20.472500,52,NO,Norway,Норвегия,takeoff,,,,"{""free_flying:site"": ""takeoff""}",
node,5408063415,https://www.openstreetmap.org/node/5408063415,Sommarøy Troms,69.636944,18.005833,5,NO,Norway,Норвегия,takeoff,,,,"{""free_flying:site"": ""takeoff""}",
node,5408063416,https://www.openstreetmap.org/node/5408063416,Snøtinden,68.568333,16.029167,980,NO,Norway,Норвегия,takeoff,,,,"{""free_flying:site"": ""takeoff""}",
node,5408063417,https://www.openstreetmap.org/node/5408063417,"Slettinden, Malangshalvøya, Balsfjorden",69.430556,18.823056,1115,NO,Norway,Норвегия,takeoff,,,,"{""free_flying:site"": ""takeoff""}",
node,5408063418,https://www.openstreetmap.org/node/5408063418,Skulgamtinden-Ringvasøya-Tromsø,69.824167,19.180278,824,NO,Norway,Норвегия,takeoff,,,,"{""free_flying:site"": ""takeoff""}",
node,5408063419,https://www.openstreetmap.org/node/5408063419,"Skredtinden, Malangshalvøya, Balsfjord",69.347500,19.040556,768,NO,Norway,Норвегия,takeoff,,,,"{""free_flying:site"": ""takeoff""}",
node,5408063420,https://www.openstreetmap.org/node/5408063420,Skjervøy Lailafjellet,70.037500,20.955833,190,NO,Norway,Норвегия,takeoff,,,,"{""free_flying:site"": ""takeoff""}",
node,5408064021,https://www.openstreetmap.org/node/5408064021,"Skamtinden, Kvaløya, Tromsø",69.719472,18.339833,884,NO,Norway,Норвегия,takeoff,,,,"{""free_flying:site"": ""takeoff""}",
node,5408064022,https://www.openstreetmap.org/node/5408064022,"Siriskolten, Tjeldøya",68.473056,16.423056,650,NO,Norway,Норвегия,takeoff,,,,"{""free_flying:site"": ""takeoff""}",
node,5408064023,https://www.openstreetmap.org/node/5408064023,"Setermoen, Storala",68.919167,18.285556,1237,NO,Norway,Норвегия,takeoff,,,,"{""free_flying:site"": ""takeoff""}",
node,5408064024,https://www.openstreetmap.org/node/5408064024,"Senja, Åkollen",69.086111,16.981111,390,NO,Norway,Норвегия,takeoff,,,,"{""free_flying:site"": ""takeoff""}",
node,5408064025,https://www.openstreetmap.org/node/5408064025,"Senja, Skrolsvik, Sjursviktinden",69.091111,16.823056,670,NO,Norway,Норвегия,takeoff,,,,"{""free_flying:site"": ""takeoff""}",
node,5408064026,https://www.openstreetmap.org/node/5408064026,"Senja, Skrolsvik, Nordtuva",69.077500,16.828056,370,NO,Norway,Норвегия,takeoff,,,,"{""free_flying:site"": ""takeoff""}",
node,5408064027,https://www.openstreetmap.org/node/5408064027,"Senja, Frovåg, Eidetind",69.093056,17.122222,722,NO,Norway,Норвегия,takeoff,,,,"{""free_flying:site"": ""takeoff""}",
node,5408064028,https://www.openstreetmap.org/node/5408064028,"Senja, Fjordgård, Segla",69.506944,17.602500,640,NO,Norway,Норвегия,takeoff,,,,"{""free_flying:site"": ""takeoff""}",
node,5408064029,https://www.openstreetmap.org/node/5408064029,"Senja, Elverlandstuva",69.450000,17.790000,250,NO,Norway,Норвегия,takeoff,,,,"{""free_flying:site"": ""takeoff""}",
node,5408064030,https://www.openstreetmap.org/node/5408064030,"Senja, Botnhamn, Kvanaksla",69.528889,17.869444,497,NO,Norway,Норвегия,takeoff,,,,"{""free_flying:site"": ""takeoff""}",
node,5408064031,https://www.openstreetmap.org/node/5408064031,"Senja, Ballesvikskaret",69.368333,17.106667,158,NO,Norway,Норвегия,takeoff,,,,"{""free_flying:site"": ""takeoff""}",
node,5408064032,https://www.openstreetmap.org/node/5408064032,"Salangen, Løksebotnfjellet",68.943056,17.701389,420,NO,Norway,Норвегия,takeoff,,,,"{""free_flying:site"": ""takeoff""}",
node,5408064033,https://www.openstreetmap.org/node/5408064033,"Sagåsen, Storslett, Nordreisa",69.758056,20.991111,265,NO,Norway,Норвегия,takeoff,,,,"{""free_flying:site"": ""takeoff""}",
node,5408064034,https://www.openstreetmap.org/node/5408064034,"Ryggen, Skøvatnet, Sørreisa",69.026389,17.940278,500,NO,Norway,Норвегия,takeoff,,,,"{""free_flying:site"": ""takeoff""}",
node,5408064035,https://www.openstreetmap.org/node/5408064035,Rundfjellet-Otern-Storfjorden,69.249444,19.828056,0,NO,Norway,Норвегия,takeoff,,,,"{""free_flying:site"": ""takeoff""}",
node,5408064036,https://www.openstreetmap.org/node/5408064036,"Rundfjellet -sør, vest og øst - Nord-Lenangen, Lyngen",69.826389,20.082222,750,NO,Norway,Норвегия,takeoff,,,,"{""free_flying:site"": ""takeoff""}",
node,5408064037,https://www.openstreetmap.org/node/5408064037,"Rundfjellet - Øst/Vest, Nord-Lenangen, Lyngen.",69.848889,20.118611,711,NO,Norway,Норвегия,takeoff,,,,"{""free_flying:site"": ""takeoff""}",
node,5408064038,https://www.openstreetmap.org/node/5408064038,Rundfjellet - nord og vest - Nord-Lenangen,69.861667,20.135000,600,NO,Norway,Норвегия,takeoff,,,,"{""free_flying:site"": ""takeoff""}",
node,5408064039,https://www.openstreetmap.org/node/5408064039,Rostadaksla,69.042500,19.527778,677,NO,Norway,Норвегия,takeoff,,,,"{""free_flying:site"": ""takeoff""}",
node,5408064040,https://www.openstreetmap.org/node/5408064040,"Ringvassøya, Kårvik",69.872222,18.911111,170,NO,Norway,Норвегия,takeoff,,,,"{""free_flying:site"": ""takeoff""}",
node,5408064041,https://www.openstreetmap.org/node/5408064041,"Ringvassøya, Kjerringvika",70.019167,19.600833,130,NO,Norway,Норвегия,takeoff,,,,"{""free_flying:site"": ""takeoff""}",
node,5408064042,https://www.openstreetmap.org/node/5408064042,Revtind Sør-Troms,68.616667,17.318333,649,NO,Norway,Норвегия,takeoff,,,,"{""free_flying:site"": ""takeoff""}",
node,5408064043,https://www.openstreetmap.org/node/5408064043,"Revsnestind, Kvæfjord",68.687778,16.063889,500,NO,Norway,Норвегия,takeoff,,,,"{""free_flying:site"": ""takeoff""}",
node,5408064044,https://www.openstreetmap.org/node/5408064044,Reingjerdfjellet -Øverbygd,69.065833,19.389167,650,NO,Norway,Норвегия,takeoff,,,,"{""free_flying:site"": ""takeoff""}",
node,5408064045,https://www.openstreetmap.org/node/5408064045,"Reinfjellet, Kvæfjord",68.648333,16.011667,900,NO,Norway,Норвегия,takeoff,,,,"{""free_flying:site"": ""takeoff""}",
node,5408064046,https://www.openstreetmap.org/node/5408064046,"ppg start. jøvik, Troms",69.595278,19.909722,5,NO,Norway,Норвегия,takeoff,,,,"{""free_flying:site"": ""takeoff""}",
node,5408064047,https://www.openstreetmap.org/node/5408064047,Pevassfjellet,68.761944,16.480556,468,NO,Norway,Норвегия,takeoff,,,,"{""free_flying:site"": ""takeoff""}",
node,5408064048,https://www.openstreetmap.org/node/5408064048,"Olderdalen, Kåfjord i Lyngen, Troms",69.617778,20.525833,373,NO,Norway,Норвегия,takeoff,,,,"{""free_flying:site"": ""takeoff""}",
node,5408064049,https://www.openstreetmap.org/node/5408064049,"Olderdalen, Giilavarri",69.617222,20.566389,997,NO,Norway,Норвегия,takeoff,,,,"{""free_flying:site"": ""takeoff""}",
node,5408064050,https://www.openstreetmap.org/node/5408064050,Nordvika/Furuly,68.703056,16.583611,82,NO,Norway,Норвегия,takeoff,,,,"{""free_flying:site"": ""takeoff""}",
node,5408064051,https://www.openstreetmap.org/node/5408064051,"Nordtinden, Skulsfjord, Tromsø",69.827500,18.742778,640,NO,Norway,Норвегия,takeoff,,,,"{""free_flying:site"": ""takeoff""}",
node,5408064052,https://www.openstreetmap.org/node/5408064052,"Nordkjosbotn,Storvanet.Thershaugen",69.230556,19.594444,308,NO,Norway,Норвегия,takeoff,,,,"{""free_flying:site"": ""takeoff""}",
node,5408064053,https://www.openstreetmap.org/node/5408064053,"Nordkjosbotn, Furuholtet",69.200000,19.701389,530,NO,Norway,Норвегия,takeoff,,,,"{""free_flying:site"": ""takeoff""}",
node,5408064054,https://www.openstreetmap.org/node/5408064054,Nordfjellet- Ringvassøya,69.849167,19.231667,1000,NO,Norway,Норвегия,takeoff,,,,"{""free_flying:site"": ""takeoff""}",
node,5408064055,https://www.openstreetmap.org/node/5408064055,Nontua Harstad,68.817500,16.338889,570,NO,Norway,Норвегия,takeoff,,,,"{""free_flying:site"": ""takeoff""}",
node,5408064056,https://www.openstreetmap.org/node/5408064056,Mårfjellet - Fisklausvannet,69.225000,18.840833,750,NO,Norway,Норвегия,takeoff,,,,"{""free_flying:site"": ""takeoff""}",
node,5408064057,https://www.openstreetmap.org/node/5408064057,Målselv Keianesfjellet/Reinhaugen,69.269722,18.675000,350,NO,Norway,Норвегия,takeoff,,,,"{""free_flying:site"": ""takeoff""}",
node,5408064058,https://www.openstreetmap.org/node/5408064058,Myrefjell - Målselv fjellandsby,69.080833,18.747500,600,NO,Norway,Норвегия,takeoff,,,,"{""free_flying:site"": ""takeoff""}",
node,5408064059,https://www.openstreetmap.org/node/5408064059,"Millagalten, Grytøya",68.894444,16.528056,440,NO,Norway,Норвегия,takeoff,,,,"{""free_flying:site"": ""takeoff""}",
node,5408064060,https://www.openstreetmap.org/node/5408064060,"Mikaltinden, Kvænangen.",70.037222,22.097778,490,NO,Norway,Норвегия,takeoff,,,,"{""free_flying:site"": ""takeoff""}",
node,5408064061,https://www.openstreetmap.org/node/5408064061,Meraftesfjellet,68.833056,16.238611,560,NO,Norway,Норвегия,takeoff,,,,"{""free_flying:site"": ""takeoff""}",
node,5408064062,https://www.openstreetmap.org/node/5408064062,"Mellomrundfjellet, Skøvatnet, Dyrøy kommune",69.010556,17.820556,580,NO,Norway,Норвегия,takeoff,,,,"{""free_flying:site"": ""takeoff""}",
node,5408064063,https://www.openstreetmap.org/node/5408064063,Mauken - Kalvehauet,69.027222,19.238333,560,NO,Norway,Норвегия,takeoff,,,,"{""free_flying:site"": ""takeoff""}",
node,5408064064,https://www.openstreetmap.org/node/5408064064,"Malingsfjellet, Kvænangsfjellet i retning Kvænangen.",69.887778,21.610556,400,NO,Norway,Норвегия,takeoff,,,,"{""free_flying:site"": ""takeoff""}",
node,5408064065,https://www.openstreetmap.org/node/5408064065,Løksebotnfjellet,68.943611,17.695278,0,NO,Norway,Норвегия,takeoff,,,,"{""free_flying:site"": ""takeoff""}",
node,5408064066,https://www.openstreetmap.org/node/5408064066,"Lysheia, Sørreisa",69.173611,18.158611,440,NO,Norway,Норвегия,takeoff,,,,"{""free_flying:site"": ""takeoff""}",
node,5408064067,https://www.openstreetmap.org/node/5408064067,"Lyngstuva, Nord-Lenangen(Lyngen)",69.973056,20.264444,60,NO,Norway,Норвегия,takeoff,,,,"{""free_flying:site"": ""takeoff""}",
node,5408064068,https://www.openstreetmap.org/node/5408064068,"Lyngseidet, fjellet nord for sentum",69.586944,20.218056,0,NO,Norway,Норвегия,takeoff,,,,"{""free_flying:site"": ""takeoff""}",
node,5408064069,https://www.openstreetmap.org/node/5408064069,Litjehornet,68.861667,16.380278,498,NO,Norway,Норвегия,takeoff,,,,"{""free_flying:site"": ""takeoff""}",
node,5408064070,https://www.openstreetmap.org/node/5408064070,Lifjell,68.774167,18.280556,1080,NO,Norway,Норвегия,takeoff,,,,"{""free_flying:site"": ""takeoff""}",
node,5408064071,https://www.openstreetmap.org/node/5408064071,"Lassofjellet, Nord-Lenangen(Lyngen)",69.893333,20.200556,420,NO,Norway,Норвегия,takeoff,,,,"{""free_flying:site"": ""takeoff""}",
node,5408064072,https://www.openstreetmap.org/node/5408064072,Laslettind - Alteidet,70.036389,22.039444,400,NO,Norway,Норвегия,takeoff,,,,"{""free_flying:site"": ""takeoff""}",
node,5408064073,https://www.openstreetmap.org/node/5408064073,Langdaltinden-Breivikeidet-Tromsø,69.812778,19.219444,928,NO,Norway,Норвегия,takeoff,,,,"{""free_flying:site"": ""takeoff""}",
node,5408064074,https://www.openstreetmap.org/node/5408064074,"Laneskollen, Vannøya",70.056667,19.892222,301,NO,Norway,Норвегия,takeoff,,,,"{""free_flying:site"": ""takeoff""}",
node,5408064075,https://www.openstreetmap.org/node/5408064075,"Laksvatnbukta, Balsfjord nær Tromsø",69.379722,19.340278,440,NO,Norway,Норвегия,takeoff,,,,"{""free_flying:site"": ""takeoff""}",
node,5408064076,https://www.openstreetmap.org/node/5408064076,"Kvænangsfjellet, sør for gildetun, Kvænangen",69.894444,21.579167,550,NO,Norway,Норвегия,takeoff,,,,"{""free_flying:site"": ""takeoff""}",
node,5408064077,https://www.openstreetmap.org/node/5408064077,"Kvæfjord, Utstrand",68.812222,16.095556,20,NO,Norway,Норвегия,takeoff,,,,"{""free_flying:site"": ""takeoff""}",
node,5408064078,https://www.openstreetmap.org/node/5408064078,"Kvæfjord, Strand",68.770000,16.208611,151,NO,Norway,Норвегия,takeoff,,,,"{""free_flying:site"": ""takeoff""}",
node,5408064079,https://www.openstreetmap.org/node/5408064079,"Kvæfjord, Raudmoldheia - Rødmollheia",68.806389,16.192778,630,NO,Norway,Норвегия,takeoff,,,,"{""free_flying:site"": ""takeoff""}",
node,5408064080,https://www.openstreetmap.org/node/5408064080,Åbrulsen,68.763889,16.102500,220,NO,Norway,Норвегия,takeoff,,,,"{""free_flying:site"": ""takeoff""}",
node,5408064081,https://www.openstreetmap.org/node/5408064081,"Kvæfjord, Hemmestad PPG",68.733611,16.052222,4,NO,Norway,Норвегия,takeoff,,,,"{""free_flying:site"": ""takeoff""}",
node,5408064082,https://www.openstreetmap.org/node/5408064082,"Kvæfjord, Hemmestad (V)",68.726389,16.092500,550,NO,Norway,Норвегия,takeoff,,,,"{""free_flying:site"": ""takeoff""}",
node,5408064083,https://www.openstreetmap.org/node/5408064083,"Kvæfjord, Borkenes.",68.778056,16.169722,500,NO,Norway,Норвегия,takeoff,,,,"{""free_flying:site"": ""takeoff""}",
node,5408064084,https://www.openstreetmap.org/node/5408064084,Kvæfjord - Reinspælen,68.593219,15.698650,1100,NO,Norway,Норвегия,takeoff,,,,"{""free_flying:site"": ""takeoff""}",
node,5408064085,https://www.openstreetmap.org/node/5408064085,Kvæfjord - Molvika,68.845556,16.156389,90,NO,Norway,Норвегия,takeoff,,,,"{""free_flying:site"": ""takeoff""}",
node,5408064086,https://www.openstreetmap.org/node/5408064086,Kvæfjord - Daleskallan,68.795833,16.119444,180,NO,Norway,Норвегия,takeoff,,,,"{""free_flying:site"": ""takeoff""}",
node,5408064087,https://www.openstreetmap.org/node/5408064087,Kvitfjellet/Fjelldalsheia,68.530556,16.561111,499,NO,Norway,Норвегия,takeoff,,,,"{""free_flying:site"": ""takeoff""}",
node,5408064088,https://www.openstreetmap.org/node/5408064088,"Kvitfjellet, Straumfjordbotn, Nordreisa",69.813333,21.120000,125,NO,Norway,Норвегия,takeoff,,,,"{""free_flying:site"": ""takeoff""}",
node,5408064089,https://www.openstreetmap.org/node/5408064089,"Kvitfjellet, Andørja",68.915833,17.250278,985,NO,Norway,Норвегия,takeoff,,,,"{""free_flying:site"": ""takeoff""}",
node,5408064090,https://www.openstreetmap.org/node/5408064090,"Kvitesteinen, Årstein, Gratangen",68.707778,17.565278,567,NO,Norway,Норвегия,takeoff,,,,"{""free_flying:site"": ""takeoff""}",
node,5408064091,https://www.openstreetmap.org/node/5408064091,Gardløyshaugen,68.759444,16.113611,175,NO,Norway,Норвегия,takeoff,,,,"{""free_flying:site"": ""takeoff""}",
node,5408064092,https://www.openstreetmap.org/node/5408064092,Kveøya toppstarten,68.769167,16.090000,200,NO,Norway,Норвегия,takeoff,,,,"{""free_flying:site"": ""takeoff""}",
node,5408064093,https://www.openstreetmap.org/node/5408064093,Kveøya PPG SØ,68.749722,16.171389,40,NO,Norway,Норвегия,takeoff,,,,"{""free_flying:site"": ""takeoff""}",
node,5408064094,https://www.openstreetmap.org/node/5408064094,"Kvannfjellet, Malangen, nær Tromsø",69.407694,18.812606,1015,NO,Norway,Норвегия,takeoff,,,,"{""free_flying:site"": ""takeoff""}",
node,5408064095,https://www.openstreetmap.org/node/5408064095,"Kvalviktinden, over Karnes ved Lyngseidet",69.531944,20.096389,700,NO,Norway,Норвегия,takeoff,,,,"{""free_flying:site"": ""takeoff""}",
node,5408064096,https://www.openstreetmap.org/node/5408064096,"Kvalvikdalen, sør for Lyngseidet",69.526944,20.171389,550,NO,Norway,Норвегия,takeoff,,,,"{""free_flying:site"": ""takeoff""}",
node,5408064097,https://www.openstreetmap.org/node/5408064097,"Kristianaksla, Rotsund, Nordreisa",69.766667,20.584167,380,NO,Norway,Норвегия,takeoff,,,,"{""free_flying:site"": ""takeoff""}",
node,5408064098,https://www.openstreetmap.org/node/5408064098,Kjøtta PPG,68.873889,16.688889,3,NO,Norway,Норвегия,takeoff,,,,"{""free_flying:site"": ""takeoff""}",
node,5408064099,https://www.openstreetmap.org/node/5408064099,Kistefjell Lenvik kommune,69.288611,18.124167,1004,NO,Norway,Норвегия,takeoff,,,,"{""free_flying:site"": ""takeoff""}",
node,5408064100,https://www.openstreetmap.org/node/5408064100,"Kilhusveien ""International Airport""",68.805556,16.502222,40,NO,Norway,Норвегия,takeoff,,,,"{""free_flying:site"": ""takeoff""}",
node,5408064101,https://www.openstreetmap.org/node/5408064101,"Kaperdalen, Senja",69.303056,17.313611,470,NO,Norway,Норвегия,takeoff,,,,"{""free_flying:site"": ""takeoff""}",
node,5408064102,https://www.openstreetmap.org/node/5408064102,Jakobtinden,68.615833,16.182778,970,NO,Norway,Норвегия,takeoff,,,,"{""free_flying:site"": ""takeoff""}",
node,5408064103,https://www.openstreetmap.org/node/5408064103,"Istindelva, Bardu",68.970000,18.543889,610,NO,Norway,Норвегия,takeoff,,,,"{""free_flying:site"": ""takeoff""}",
node,5408064105,https://www.openstreetmap.org/node/5408064105,Indre Aun,68.871789,16.347742,350,NO,Norway,Норвегия,takeoff,,,,"{""free_flying:site"": ""takeoff""}",
node,5408064106,https://www.openstreetmap.org/node/5408064106,"Høgskardfjellet, Dividalen Troms",68.840278,19.509444,860,NO,Norway,Норвегия,takeoff,,,,"{""free_flying:site"": ""takeoff""}",
node,5408064107,https://www.openstreetmap.org/node/5408064107,Hårvika,68.566111,16.423889,10,NO,Norway,Норвегия,takeoff,,,,"{""free_flying:site"": ""takeoff""}",
node,5408064108,https://www.openstreetmap.org/node/5408064108,"Hysingjordfjellet, Hysingjord, Nordreisa",69.761111,21.149722,460,NO,Norway,Норвегия,takeoff,,,,"{""free_flying:site"": ""takeoff""}",
node,5408064110,https://www.openstreetmap.org/node/5408064110,Hollendaren Kvaløya,69.720278,18.453889,1029,NO,Norway,Норвегия,takeoff,,,,"{""free_flying:site"": ""takeoff""}",
node,5408064111,https://www.openstreetmap.org/node/5408064111,Hjellneset Ullsfjord,69.606667,19.739722,10,NO,Norway,Норвегия,takeoff,,,,"{""free_flying:site"": ""takeoff""}",
node,5408064112,https://www.openstreetmap.org/node/5408064112,"Hesafjellet, Nord-Lenangen (Lyngen)",69.918056,20.216667,430,NO,Norway,Норвегия,takeoff,,,,"{""free_flying:site"": ""takeoff""}",
node,5408064113,https://www.openstreetmap.org/node/5408064113,Haukebøtinden,68.596111,16.397778,900,NO,Norway,Норвегия,takeoff,,,,"{""free_flying:site"": ""takeoff""}",
node,5408064114,https://www.openstreetmap.org/node/5408064114,Haugafjell ved Mestervik,69.348611,18.972222,750,NO,Norway,Норвегия,takeoff,,,,"{""free_flying:site"": ""takeoff""}",
node,5408064115,https://www.openstreetmap.org/node/5408064115,Haugafjell ved Malangseidet,69.365833,19.003333,506,NO,Norway,Норвегия,takeoff,,,,"{""free_flying:site"": ""takeoff""}",
node,5408064116,https://www.openstreetmap.org/node/5408064116,"Hatten, Bardu",68.705833,18.057500,690,NO,Norway,Норвегия,takeoff,,,,"{""free_flying:site"": ""takeoff""}",
node,5408064117,https://www.openstreetmap.org/node/5408064117,"Harstad, Sørvikfjellet",68.694722,16.478889,0,NO,Norway,Норвегия,takeoff,,,,"{""free_flying:site"": ""takeoff""}",
node,5408064118,https://www.openstreetmap.org/node/5408064118,"Harstad, Storlitinden",68.796667,16.305833,600,NO,Norway,Норвегия,takeoff,,,,"{""free_flying:site"": ""takeoff""}",
node,5408064119,https://www.openstreetmap.org/node/5408064119,"Harstad, Kilhusåsen",68.803056,16.452222,290,NO,Norway,Норвегия,takeoff,,,,"{""free_flying:site"": ""takeoff""}",
node,5408064120,https://www.openstreetmap.org/node/5408064120,"Harstad, Hinnstein",68.747222,16.502778,565,NO,Norway,Норвегия,takeoff,,,,"{""free_flying:site"": ""takeoff""}",
node,5408064621,https://www.openstreetmap.org/node/5408064621,"Harstad, Heia",68.758889,16.510278,478,NO,Norway,Норвегия,takeoff,,,,"{""free_flying:site"": ""takeoff""}",
node,5408064622,https://www.openstreetmap.org/node/5408064622,"Harstad, Finnslettheia",68.672222,16.433333,500,NO,Norway,Норвегия,takeoff,,,,"{""free_flying:site"": ""takeoff""}",
node,5408064623,https://www.openstreetmap.org/node/5408064623,"Harstad, Blåhatten",68.730833,16.464444,512,NO,Norway,Норвегия,takeoff,,,,"{""free_flying:site"": ""takeoff""}",
node,5408064624,https://www.openstreetmap.org/node/5408064624,Harstad Åsegarden PPG,68.794444,16.451667,0,NO,Norway,Норвегия,takeoff,,,,"{""free_flying:site"": ""takeoff""}",
node,5408064625,https://www.openstreetmap.org/node/5408064625,Harstad Rødmyra PPG,68.789722,16.423889,100,NO,Norway,Норвегия,takeoff,,,,"{""free_flying:site"": ""takeoff""}",
node,5408064626,https://www.openstreetmap.org/node/5408064626,Harstad Nupen,68.859167,16.246111,290,NO,Norway,Норвегия,takeoff,,,,"{""free_flying:site"": ""takeoff""}",
node,5408064627,https://www.openstreetmap.org/node/5408064627,Harstad Keipen,68.841111,16.354167,230,NO,Norway,Норвегия,takeoff,,,,"{""free_flying:site"": ""takeoff""}",
node,5408064628,https://www.openstreetmap.org/node/5408064628,Harstad - Storbakkan,68.661944,16.410000,324,NO,Norway,Норвегия,takeoff,,,,"{""free_flying:site"": ""takeoff""}",
node,5408064629,https://www.openstreetmap.org/node/5408064629,Harstad - Steinsåsen vest,68.756944,16.431389,495,NO,Norway,Норвегия,takeoff,,,,"{""free_flying:site"": ""takeoff""}",
node,5408064630,https://www.openstreetmap.org/node/5408064630,Harstad - Sollifjellet - Sollia PPG,68.792500,16.403333,200,NO,Norway,Норвегия,takeoff,,,,"{""free_flying:site"": ""takeoff""}",
node,5408064631,https://www.openstreetmap.org/node/5408064631,Harstad - Sollifjellet - Sollia,68.803889,16.366667,567,NO,Norway,Норвегия,takeoff,,,,"{""free_flying:site"": ""takeoff""}",
node,5408064632,https://www.openstreetmap.org/node/5408064632,"Hamn i Senja, Nikkelverket PPG start",69.411667,17.159444,15,NO,Norway,Норвегия,takeoff,,,,"{""free_flying:site"": ""takeoff""}",
node,5408064633,https://www.openstreetmap.org/node/5408064633,"Gullhav, Olsborg, Målselv.",69.200833,18.497222,5,NO,Norway,Норвегия,takeoff,,,,"{""free_flying:site"": ""takeoff""}",
node,5408064634,https://www.openstreetmap.org/node/5408064634,Gullesfjorden - Langvassbukta - vinsjstart,68.618056,14.767222,3,NO,Norway,Норвегия,takeoff,,,,"{""free_flying:site"": ""takeoff""}",
node,5408064635,https://www.openstreetmap.org/node/5408064635,"Grøtfjord, Tromsø",69.768889,18.535556,0,NO,Norway,Норвегия,takeoff,,,,"{""free_flying:site"": ""takeoff""}",
node,5408064636,https://www.openstreetmap.org/node/5408064636,Grønnlivannet Ringvasøy Troms,69.940278,19.281667,295,NO,Norway,Норвегия,takeoff,,,,"{""free_flying:site"": ""takeoff""}",
node,5408064637,https://www.openstreetmap.org/node/5408064637,"Grytøy, Nordtinden",68.906111,16.563056,460,NO,Norway,Норвегия,takeoff,,,,"{""free_flying:site"": ""takeoff""}",
node,5408064638,https://www.openstreetmap.org/node/5408064638,"Grytøy, Fenes",68.947778,16.601944,55,NO,Norway,Норвегия,takeoff,,,,"{""free_flying:site"": ""takeoff""}",
node,5408064639,https://www.openstreetmap.org/node/5408064639,"Grustaket, Oksfjord i Nordreisa",69.899722,21.318611,50,NO,Norway,Норвегия,takeoff,,,,"{""free_flying:site"": ""takeoff""}",
node,5408064640,https://www.openstreetmap.org/node/5408064640,Gressholman (kite),68.671667,16.622778,10,NO,Norway,Норвегия,takeoff,,,,"{""free_flying:site"": ""takeoff""}",
node,5408064641,https://www.openstreetmap.org/node/5408064641,Gratangsfjellet/Spanstind SV,68.681389,17.793056,740,NO,Norway,Норвегия,takeoff,,,,"{""free_flying:site"": ""takeoff""}",
node,5408064642,https://www.openstreetmap.org/node/5408064642,Gratangsfjellet/Spanstind,68.681100,17.847317,700,NO,Norway,Норвегия,takeoff,,,,"{""free_flying:site"": ""takeoff""}",
node,5408064643,https://www.openstreetmap.org/node/5408064643,Geithammarn Skøvatnet,69.007778,17.921944,500,NO,Norway,Норвегия,takeoff,,,,"{""free_flying:site"": ""takeoff""}",
node,5408064644,https://www.openstreetmap.org/node/5408064644,"Geita, Lysnes, Senja",69.431111,17.931944,250,NO,Norway,Норвегия,takeoff,,,,"{""free_flying:site"": ""takeoff""}",
node,5408064645,https://www.openstreetmap.org/node/5408064645,"Gahperus, Reisadalen i Nordreisa, Troms.",69.517500,21.336111,500,NO,Norway,Норвегия,takeoff,,,,"{""free_flying:site"": ""takeoff""}",
node,5408064646,https://www.openstreetmap.org/node/5408064646,"Førstefjellet, Senja",69.256944,17.458333,612,NO,Norway,Норвегия,takeoff,,,,"{""free_flying:site"": ""takeoff""}",
node,5408064647,https://www.openstreetmap.org/node/5408064647,Fyllinga Tromsdalen,69.650833,18.991667,8,NO,Norway,Норвегия,takeoff,,,,"{""free_flying:site"": ""takeoff""}",
node,5408064648,https://www.openstreetmap.org/node/5408064648,"Fugltinden, Malangen, nær Tromsø",69.319642,19.199278,1033,NO,Norway,Норвегия,takeoff,,,,"{""free_flying:site"": ""takeoff""}",
node,5408064649,https://www.openstreetmap.org/node/5408064649,"Flåget, Sjøvegan, Salangen.",68.877778,17.968611,0,NO,Norway,Норвегия,takeoff,,,,"{""free_flying:site"": ""takeoff""}",
node,5408064650,https://www.openstreetmap.org/node/5408064650,"Finnsnes, Sørvika, Aglapsvika",69.469527,18.234555,100,NO,Norway,Норвегия,takeoff,,,,"{""free_flying:site"": ""takeoff""}",
node,5408064651,https://www.openstreetmap.org/node/5408064651,Finnsnes,69.246111,18.041111,320,NO,Norway,Норвегия,takeoff,,,,"{""free_flying:site"": ""takeoff""}",
node,5408064652,https://www.openstreetmap.org/node/5408064652,"Fagerfjellet, Ramfjorden",69.560000,19.227778,482,NO,Norway,Норвегия,takeoff,,,,"{""free_flying:site"": ""takeoff""}",
node,5408064653,https://www.openstreetmap.org/node/5408064653,"Evenskjer, Grøneng Ppg.",68.575833,16.590556,5,NO,Norway,Норвегия,takeoff,,,,"{""free_flying:site"": ""takeoff""}",
node,5408064654,https://www.openstreetmap.org/node/5408064654,Elvenes Salangen - ENLV,68.871944,17.992222,10,NO,Norway,Норвегия,takeoff,,,,"{""free_flying:site"": ""takeoff""}",
node,5408064655,https://www.openstreetmap.org/node/5408064655,"Elda, Kvæfjord (PPG)",68.823611,16.094167,3,NO,Norway,Норвегия,takeoff,,,,"{""free_flying:site"": ""takeoff""}",
node,5408064656,https://www.openstreetmap.org/node/5408064656,Durmålsfjellet Senja,69.291389,17.003333,400,NO,Norway,Норвегия,takeoff,,,,"{""free_flying:site"": ""takeoff""}",
node,5408064657,https://www.openstreetmap.org/node/5408064657,Drøshågen (Fellesbeitet på Kvæfjordeidet) - kursbakke og PPG,68.786111,16.351389,230,NO,Norway,Норвегия,takeoff,,,,"{""free_flying:site"": ""takeoff""}",
node,5408064658,https://www.openstreetmap.org/node/5408064658,Dividalen - Skrubben (nær Devdisvatnet),68.874167,19.615556,700,NO,Norway,Норвегия,takeoff,,,,"{""free_flying:site"": ""takeoff""}",
node,5408064659,https://www.openstreetmap.org/node/5408064659,"Danskefjellet, Oksfjord i Nordreisa, Troms.",69.920833,21.370833,485,NO,Norway,Норвегия,takeoff,,,,"{""free_flying:site"": ""takeoff""}",
node,5408064660,https://www.openstreetmap.org/node/5408064660,"Dalenakken, Sjøvegan, Salangen.",68.892500,17.704444,250,NO,Norway,Норвегия,takeoff,,,,"{""free_flying:site"": ""takeoff""}",
node,5408064661,https://www.openstreetmap.org/node/5408064661,"Cudnogaisa, Straumfjord i Nordreisa, Troms.",69.833333,21.250000,400,NO,Norway,Норвегия,takeoff,,,,"{""free_flying:site"": ""takeoff""}",
node,5408064662,https://www.openstreetmap.org/node/5408064662,"Båtnes flystripe - Nord-Lenangen, Lyngen kommune.",69.877222,20.078889,6,NO,Norway,Норвегия,takeoff,,,,"{""free_flying:site"": ""takeoff""}",
node,5408064663,https://www.openstreetmap.org/node/5408064663,"Bukken, Lysnes, Senja",69.433333,17.864167,504,NO,Norway,Норвегия,takeoff,,,,"{""free_flying:site"": ""takeoff""}",
node,5408064664,https://www.openstreetmap.org/node/5408064664,"Bones, Blåfjellenden",68.650556,18.293333,990,NO,Norway,Норвегия,takeoff,,,,"{""free_flying:site"": ""takeoff""}",
node,5408064665,https://www.openstreetmap.org/node/5408064665,Bones Håkstadfjellet,68.678333,18.206111,800,NO,Norway,Норвегия,takeoff,,,,"{""free_flying:site"": ""takeoff""}",
node,5408064666,https://www.openstreetmap.org/node/5408064666,"Blåtinden, Skardaksla",69.166667,18.750000,740,NO,Norway,Норвегия,takeoff,,,,"{""free_flying:site"": ""takeoff""}",
node,5408064667,https://www.openstreetmap.org/node/5408064667,"Blåbergenden, nær Setermoen, Bardu",68.826111,18.558889,630,NO,Norway,Норвегия,takeoff,,,,"{""free_flying:site"": ""takeoff""}",
node,5408064668,https://www.openstreetmap.org/node/5408064668,Bjarkøy PPG,68.991389,16.515000,0,NO,Norway,Норвегия,takeoff,,,,"{""free_flying:site"": ""takeoff""}",
node,5408064669,https://www.openstreetmap.org/node/5408064669,"Birtavarre,Kåfjord",69.491111,20.849722,100,NO,Norway,Норвегия,takeoff,,,,"{""free_flying:site"": ""takeoff""}",
node,5408064670,https://www.openstreetmap.org/node/5408064670,"Berg, Indre Berg, Tromsdalen",69.561944,18.952778,10,NO,Norway,Норвегия,takeoff,,,,"{""free_flying:site"": ""takeoff""}",
node,5408064671,https://www.openstreetmap.org/node/5408064671,Bentsjordtinden,69.514444,18.645833,1096,NO,Norway,Норвегия,takeoff,,,,"{""free_flying:site"": ""takeoff""}",
node,5408064672,https://www.openstreetmap.org/node/5408064672,Bardu Setermoen Steilia,68.857500,18.423333,350,NO,Norway,Норвегия,takeoff,,,,"{""free_flying:site"": ""takeoff""}",
node,5408064673,https://www.openstreetmap.org/node/5408064673,Bardu Setermoen Orta,68.905000,18.281389,500,NO,Norway,Норвегия,takeoff,,,,"{""free_flying:site"": ""takeoff""}",
node,5408064674,https://www.openstreetmap.org/node/5408064674,Bardu Setermoen Lifjellet,68.791667,18.244444,730,NO,Norway,Норвегия,takeoff,,,,"{""free_flying:site"": ""takeoff""}",
node,5408064675,https://www.openstreetmap.org/node/5408064675,Bardu Setermoen Holtet,68.869722,18.407778,463,NO,Norway,Норвегия,takeoff,,,,"{""free_flying:site"": ""takeoff""}",
node,5408064676,https://www.openstreetmap.org/node/5408064676,Bardu Setermoen Blåberget,68.816667,18.550000,700,NO,Norway,Норвегия,takeoff,,,,"{""free_flying:site"": ""takeoff""}",
node,5408064677,https://www.openstreetmap.org/node/5408064677,"Bakåsen,Sandstrand,Troms",68.670706,16.800828,200,NO,Norway,Норвегия,takeoff,,,,"{""free_flying:site"": ""takeoff""}",
node,5408064678,https://www.openstreetmap.org/node/5408064678,"Baddereidet, Kvænangen.",69.891667,21.972778,350,NO,Norway,Норвегия,takeoff,,,,"{""free_flying:site"": ""takeoff""}",
node,5408064679,https://www.openstreetmap.org/node/5408064679,"Austefjorden, Innenfor Refsnes",68.637014,16.065761,0,NO,Norway,Норвегия,takeoff,,,,"{""free_flying:site"": ""takeoff""}",
node,5408064680,https://www.openstreetmap.org/node/5408064680,"Arnøya, Ørnhammaran",70.041111,20.620000,420,NO,Norway,Норвегия,takeoff,,,,"{""free_flying:site"": ""takeoff""}",
node,5408064681,https://www.openstreetmap.org/node/5408064681,Andsfjellet - Målselv,69.119167,18.521944,600,NO,Norway,Норвегия,takeoff,,,,"{""free_flying:site"": ""takeoff""}",
node,5408064682,https://www.openstreetmap.org/node/5408064682,"Andsfjell, Bardufoss",69.114167,18.538333,0,NO,Norway,Норвегия,takeoff,,,,"{""free_flying:site"": ""takeoff""}",
node,5408064683,https://www.openstreetmap.org/node/5408064683,Andersdaltinden-Lavangsdalen-Tromsø,69.417222,19.225278,1221,NO,Norway,Норвегия,takeoff,,,,"{""free_flying:site"": ""takeoff""}",
node,5408064684,https://www.openstreetmap.org/node/5408064684,Alapmoen ppg,68.996111,19.021389,80,NO,Norway,Норвегия,takeoff,,,,"{""free_flying:site"": ""takeoff""}",
node,5408064685,https://www.openstreetmap.org/node/5408064685,Alaplia Målselv,68.996944,19.038889,450,NO,Norway,Норвегия,takeoff,,,,"{""free_flying:site"": ""takeoff""}",
node,5408064686,https://www.openstreetmap.org/node/5408064686,"Akselkollen, Tromsø",69.696111,18.799167,328,NO,Norway,Норвегия,takeoff,,,,"{""free_flying:site"": ""takeoff""}",
node,5408064687,https://www.openstreetmap.org/node/5408064687,Akselfjellet - Fjellfroskvannet,69.092031,19.415292,780,NO,Norway,Норвегия,takeoff,,,,"{""free_flying:site"": ""takeoff""}",
node,5408064688,https://www.openstreetmap.org/node/5408064688,"884-berget, Kattfjordeidet, Kvaløya, Tromsø",69.668472,18.522194,884,NO,Norway,Норвегия,takeoff,,,,"{""free_flying:site"": ""takeoff""}",
node,5408064689,https://www.openstreetmap.org/node/5408064689,"590-berget, Kattfjordeidet, Kvaløya, Tromsø",69.664167,18.490000,590,NO,Norway,Норвегия,takeoff,,,,"{""free_flying:site"": ""takeoff""}",
node,5408064690,https://www.openstreetmap.org/node/5408064690,Skavvika Tromsø,69.785833,18.749167,100,NO,Norway,Норвегия,takeoff,,,,"{""free_flying:site"": ""takeoff""}",
node,5408064691,https://www.openstreetmap.org/node/5408064691,"Wingerei PPG, Bamble",59.027778,9.633333,104,NO,Norway,Норвегия,takeoff,,,,"{""free_flying:site"": ""takeoff""}",
node,5408064692,https://www.openstreetmap.org/node/5408064692,Vågslidnuten,59.776667,7.373611,1142,NO,Norway,Норвегия,takeoff,,,,"{""free_flying:site"": ""takeoff""}",
node,5408064693,https://www.openstreetmap.org/node/5408064693,"Vrådal, Fagerliheii",59.275556,8.543056,850,NO,Norway,Норвегия,takeoff,,,,"{""free_flying:site"": ""takeoff""}",
node,5408064694,https://www.openstreetmap.org/node/5408064694,Vrådal skisenter,59.311944,8.436944,625,NO,Norway,Норвегия,takeoff,,,,"{""free_flying:site"": ""takeoff""}",
node,5408064695,https://www.openstreetmap.org/node/5408064695,"Vehuskjerringi, Vinje",59.619167,8.063889,1350,NO,Norway,Норвегия,takeoff,,,,"{""free_flying:site"": ""takeoff""}",
node,5408064696,https://www.openstreetmap.org/node/5408064696,"Valleråsen, Porsgrunn",59.140278,9.694444,120,NO,Norway,Норвегия,takeoff,,,,"{""free_flying:site"": ""takeoff""}",
node,5408064697,https://www.openstreetmap.org/node/5408064697,"Vallermyrene PPG, Porsgrunn",59.139722,9.676667,6,NO,Norway,Норвегия,takeoff,,,,"{""free_flying:site"": ""takeoff""}",
node,5408064698,https://www.openstreetmap.org/node/5408064698,Totak Rauland,59.703056,8.008333,687,NO,Norway,Норвегия,takeoff,,,,"{""free_flying:site"": ""takeoff""}",
node,5408064699,https://www.openstreetmap.org/node/5408064699,"Skriva (Siljan, Grorud)",59.323056,9.636389,395,NO,Norway,Норвегия,takeoff,,,,"{""free_flying:site"": ""takeoff""}",
node,5408064700,https://www.openstreetmap.org/node/5408064700,"Skrehelle, Skien",59.275278,9.589444,300,NO,Norway,Норвегия,takeoff,,,,"{""free_flying:site"": ""takeoff""}",
node,5408064701,https://www.openstreetmap.org/node/5408064701,Seljord/Hjartdal - Mælefjell,59.561667,8.714722,1413,NO,Norway,Норвегия,takeoff,,,,"{""free_flying:site"": ""takeoff""}",
node,5408064702,https://www.openstreetmap.org/node/5408064702,Seljord - Venelinuten,59.502222,8.698056,1006,NO,Norway,Норвегия,takeoff,,,,"{""free_flying:site"": ""takeoff""}",
node,5408064703,https://www.openstreetmap.org/node/5408064703,Seljord - Skorve,59.519444,8.593889,1370,NO,Norway,Норвегия,takeoff,,,,"{""free_flying:site"": ""takeoff""}",
node,5408064704,https://www.openstreetmap.org/node/5408064704,Seljord - Raudkleiv,59.468333,8.620833,395,NO,Norway,Норвегия,takeoff,,,,"{""free_flying:site"": ""takeoff""}",
node,5408064705,https://www.openstreetmap.org/node/5408064705,Seljord - Loftsgarden,59.470278,8.572500,320,NO,Norway,Норвегия,takeoff,,,,"{""free_flying:site"": ""takeoff""}",
node,5408064706,https://www.openstreetmap.org/node/5408064706,Seljord - Kødde,59.475278,8.578333,340,NO,Norway,Норвегия,takeoff,,,,"{""free_flying:site"": ""takeoff""}",
node,5408064707,https://www.openstreetmap.org/node/5408064707,Seljord - Hattefjell,59.492778,8.581944,830,NO,Norway,Норвегия,takeoff,,,,"{""free_flying:site"": ""takeoff""}",
node,5408064708,https://www.openstreetmap.org/node/5408064708,Seljord - Flatdal - Haugan,59.567778,8.586389,530,NO,Norway,Норвегия,takeoff,,,,"{""free_flying:site"": ""takeoff""}",
node,5408064709,https://www.openstreetmap.org/node/5408064709,Seljord - Bråthen Øvre,59.483056,8.591389,440,NO,Norway,Норвегия,takeoff,,,,"{""free_flying:site"": ""takeoff""}",
node,5408064710,https://www.openstreetmap.org/node/5408064710,Seljord - Bråthen Nedre,59.482222,8.599444,0,NO,Norway,Норвегия,takeoff,,,,"{""free_flying:site"": ""takeoff""}",
node,5408064711,https://www.openstreetmap.org/node/5408064711,Seljord - Bjørgefjell,59.492500,8.675278,860,NO,Norway,Норвегия,takeoff,,,,"{""free_flying:site"": ""takeoff""}",
node,5408064712,https://www.openstreetmap.org/node/5408064712,"Roholtfjellet, Vrådal",59.346667,8.437500,1010,NO,Norway,Норвегия,takeoff,,,,"{""free_flying:site"": ""takeoff""}",
node,5408064713,https://www.openstreetmap.org/node/5408064713,Rjukan - Selstali Luftvernstilling,59.868611,8.583889,931,NO,Norway,Норвегия,takeoff,,,,"{""free_flying:site"": ""takeoff""}",
node,5408064714,https://www.openstreetmap.org/node/5408064714,Rjukan - Gaustatoppen,59.854167,8.650278,1883,NO,Norway,Норвегия,takeoff,,,,"{""free_flying:site"": ""takeoff""}",
node,5408064715,https://www.openstreetmap.org/node/5408064715,"Raunåsen, Fjone, Nissedal",59.126111,8.462222,550,NO,Norway,Норвегия,takeoff,,,,"{""free_flying:site"": ""takeoff""}",
node,5408064716,https://www.openstreetmap.org/node/5408064716,Rauland Skisenter,59.730278,8.142778,1130,NO,Norway,Норвегия,takeoff,,,,"{""free_flying:site"": ""takeoff""}",
node,5408064717,https://www.openstreetmap.org/node/5408064717,Rauland Alpinsenter,59.722778,7.968611,1100,NO,Norway,Норвегия,takeoff,,,,"{""free_flying:site"": ""takeoff""}",
node,5408064718,https://www.openstreetmap.org/node/5408064718,"Numedølnibba, Raulandsfjell",59.735111,7.989806,1249,NO,Norway,Норвегия,takeoff,,,,"{""free_flying:site"": ""takeoff""}",
node,5408064719,https://www.openstreetmap.org/node/5408064719,Notodden Flyplass,59.567778,9.207778,24,NO,Norway,Норвегия,takeoff,,,,"{""free_flying:site"": ""takeoff""}",
node,5408064720,https://www.openstreetmap.org/node/5408064720,Nome Flyklubb - Lunde,59.297778,9.132778,58,NO,Norway,Норвегия,takeoff,,,,"{""free_flying:site"": ""takeoff""}",
node,5408065021,https://www.openstreetmap.org/node/5408065021,Nissedal -> Skornetten Heimre,59.150389,8.573411,850,NO,Norway,Норвегия,takeoff,,,,"{""free_flying:site"": ""takeoff""}",
node,5408065022,https://www.openstreetmap.org/node/5408065022,"Nipnatten, Tessungdalen",60.152500,8.584444,1340,NO,Norway,Норвегия,takeoff,,,,"{""free_flying:site"": ""takeoff""}",
node,5408065023,https://www.openstreetmap.org/node/5408065023,"Nappernuten, Vråliosen",59.346111,8.173056,750,NO,Norway,Норвегия,takeoff,,,,"{""free_flying:site"": ""takeoff""}",
node,5408065024,https://www.openstreetmap.org/node/5408065024,"Mjøltenuten, Øyfjell.",59.656389,8.208889,1119,NO,Norway,Норвегия,takeoff,,,,"{""free_flying:site"": ""takeoff""}",
node,5408065025,https://www.openstreetmap.org/node/5408065025,"Løkka PPG , Notodden",59.598889,9.100000,33,NO,Norway,Норвегия,takeoff,,,,"{""free_flying:site"": ""takeoff""}",
node,5408065026,https://www.openstreetmap.org/node/5408065026,Landsethovda - Rjukan sør,59.892097,8.576197,1170,NO,Norway,Норвегия,takeoff,,,,"{""free_flying:site"": ""takeoff""}",
node,5408065027,https://www.openstreetmap.org/node/5408065027,"Kise PPG, Hørte",59.416667,9.156944,30,NO,Norway,Норвегия,takeoff,,,,"{""free_flying:site"": ""takeoff""}",
node,5408065028,https://www.openstreetmap.org/node/5408065028,Killingskaret Vegglifjell,60.050000,8.981389,1130,NO,Norway,Норвегия,takeoff,,,,"{""free_flying:site"": ""takeoff""}",
node,5408065029,https://www.openstreetmap.org/node/5408065029,Idrettsplassen i Seljord,59.488306,8.639444,118,NO,Norway,Норвегия,takeoff,,,,"{""free_flying:site"": ""takeoff""}",
node,5408065030,https://www.openstreetmap.org/node/5408065030,"Hægefjell, Nissedal",59.262778,8.406389,950,NO,Norway,Норвегия,takeoff,,,,"{""free_flying:site"": ""takeoff""}",
node,5408065031,https://www.openstreetmap.org/node/5408065031,"Hjartdal, Rennevassvarden",59.620278,8.731389,1040,NO,Norway,Норвегия,takeoff,,,,"{""free_flying:site"": ""takeoff""}",
node,5408065032,https://www.openstreetmap.org/node/5408065032,"Hjartdal, Lonar",59.624700,8.755783,885,NO,Norway,Норвегия,takeoff,,,,"{""free_flying:site"": ""takeoff""}",
node,5408065033,https://www.openstreetmap.org/node/5408065033,Hjartdal - Uvås,59.592222,8.780556,888,NO,Norway,Норвегия,takeoff,,,,"{""free_flying:site"": ""takeoff""}",
node,5408065034,https://www.openstreetmap.org/node/5408065034,Hjartdal - Meddagsnuten (Nordstart),59.590278,8.654167,713,NO,Norway,Норвегия,takeoff,,,,"{""free_flying:site"": ""takeoff""}",
node,5408065035,https://www.openstreetmap.org/node/5408065035,Hjartdal,59.622160,8.695458,760,NO,Norway,Норвегия,takeoff,,,,"{""free_flying:site"": ""takeoff""}",
node,5408065036,https://www.openstreetmap.org/node/5408065036,"Hesjåbutindan, Tuddal",59.801667,8.723056,1240,NO,Norway,Норвегия,takeoff,,,,"{""free_flying:site"": ""takeoff""}",
node,5408065037,https://www.openstreetmap.org/node/5408065037,Haukeliseter,59.827778,7.191944,1080,NO,Norway,Норвегия,takeoff,,,,"{""free_flying:site"": ""takeoff""}",
node,5408065038,https://www.openstreetmap.org/node/5408065038,"Glekse, Lifjell, Bø",59.491389,8.980556,1120,NO,Norway,Норвегия,takeoff,,,,"{""free_flying:site"": ""takeoff""}",
node,5408065039,https://www.openstreetmap.org/node/5408065039,Gaustadblikk (Skisenter) Rjukan,59.883333,8.749722,980,NO,Norway,Норвегия,takeoff,,,,"{""free_flying:site"": ""takeoff""}",
node,5408065040,https://www.openstreetmap.org/node/5408065040,Fyresdal Geitnetten,59.168056,8.106667,760,NO,Norway,Норвегия,takeoff,,,,"{""free_flying:site"": ""takeoff""}",
node,5408065041,https://www.openstreetmap.org/node/5408065041,"Flugonfjellet-Toppen, Tuddal",59.748333,8.872222,980,NO,Norway,Норвегия,takeoff,,,,"{""free_flying:site"": ""takeoff""}",
node,5408065042,https://www.openstreetmap.org/node/5408065042,"Flugonfjellet-skibakken, Tuddal",59.746944,8.872500,950,NO,Norway,Норвегия,takeoff,,,,"{""free_flying:site"": ""takeoff""}",
node,5408065043,https://www.openstreetmap.org/node/5408065043,Flatdal,59.576389,8.554722,510,NO,Norway,Норвегия,takeoff,,,,"{""free_flying:site"": ""takeoff""}",
node,5408065044,https://www.openstreetmap.org/node/5408065044,Fethovda - Vegglifjell,60.041667,8.979444,1110,NO,Norway,Норвегия,takeoff,,,,"{""free_flying:site"": ""takeoff""}",
node,5408065045,https://www.openstreetmap.org/node/5408065045,Elset (PPG),59.191667,9.512500,64,NO,Norway,Норвегия,takeoff,,,,"{""free_flying:site"": ""takeoff""}",
node,5408065046,https://www.openstreetmap.org/node/5408065046,Eikeskardet i Notodden,59.552778,9.302500,416,NO,Norway,Норвегия,takeoff,,,,"{""free_flying:site"": ""takeoff""}",
node,5408065047,https://www.openstreetmap.org/node/5408065047,"Bø, Hørte",59.443611,9.150556,545,NO,Norway,Норвегия,takeoff,,,,"{""free_flying:site"": ""takeoff""}",
node,5408065048,https://www.openstreetmap.org/node/5408065048,"Bø, Bryggefjell",59.440556,8.986667,520,NO,Norway,Норвегия,takeoff,,,,"{""free_flying:site"": ""takeoff""}",
node,5408065049,https://www.openstreetmap.org/node/5408065049,"Brenderustfjell, Langlim",59.614444,8.340278,1160,NO,Norway,Норвегия,takeoff,,,,"{""free_flying:site"": ""takeoff""}",
node,5408065050,https://www.openstreetmap.org/node/5408065050,"Bletoppen, vest",59.808056,9.148056,1315,NO,Norway,Норвегия,takeoff,,,,"{""free_flying:site"": ""takeoff""}",
node,5408065051,https://www.openstreetmap.org/node/5408065051,Bletoppen,59.816944,9.156944,1200,NO,Norway,Норвегия,takeoff,,,,"{""free_flying:site"": ""takeoff""}",
node,5408065052,https://www.openstreetmap.org/node/5408065052,"Blefjell, Sigridsfjell",59.792222,9.169722,1194,NO,Norway,Норвегия,takeoff,,,,"{""free_flying:site"": ""takeoff""}",
node,5408065053,https://www.openstreetmap.org/node/5408065053,Blefjell,59.790000,9.114444,560,NO,Norway,Норвегия,takeoff,,,,"{""free_flying:site"": ""takeoff""}",
node,5408065054,https://www.openstreetmap.org/node/5408065054,"Birtedalen Nesvatn, PPG",59.025310,8.085727,500,NO,Norway,Норвегия,takeoff,,,,"{""free_flying:site"": ""takeoff""}",
node,5408065055,https://www.openstreetmap.org/node/5408065055,"Bessefjell, Dalen",59.496389,7.907778,1050,NO,Norway,Норвегия,takeoff,,,,"{""free_flying:site"": ""takeoff""}",
node,5408065056,https://www.openstreetmap.org/node/5408065056,"Øysand, Klomstad PPGstart",63.328944,10.245639,30,NO,Norway,Норвегия,takeoff,,,,"{""free_flying:site"": ""takeoff""}",
node,5408065057,https://www.openstreetmap.org/node/5408065057,Øysand Opptrekk,63.328611,10.214722,1,NO,Norway,Норвегия,takeoff,,,,"{""free_flying:site"": ""takeoff""}",
node,5408065058,https://www.openstreetmap.org/node/5408065058,Åfjord- sørdalen Sør Trøndelag PPG start,63.927500,10.461111,0,NO,Norway,Норвегия,takeoff,,,,"{""free_flying:site"": ""takeoff""}",
node,5408065059,https://www.openstreetmap.org/node/5408065059,Være - Trondheim,63.426389,10.590556,200,NO,Norway,Норвегия,takeoff,,,,"{""free_flying:site"": ""takeoff""}",
node,5408065060,https://www.openstreetmap.org/node/5408065060,"Vasslinebba, Søvassdalen",63.223611,9.261111,454,NO,Norway,Норвегия,takeoff,,,,"{""free_flying:site"": ""takeoff""}",
node,5408065061,https://www.openstreetmap.org/node/5408065061,Vassfjellet,63.263882,10.363921,670,NO,Norway,Норвегия,takeoff,,,,"{""free_flying:site"": ""takeoff""}",
node,5408065062,https://www.openstreetmap.org/node/5408065062,Vardefjell i Søvassdalen,63.214444,9.118056,0,NO,Norway,Норвегия,takeoff,,,,"{""free_flying:site"": ""takeoff""}",
node,5408065063,https://www.openstreetmap.org/node/5408065063,Vanvikan,63.551111,10.206667,0,NO,Norway,Норвегия,takeoff,,,,"{""free_flying:site"": ""takeoff""}",
node,5408065064,https://www.openstreetmap.org/node/5408065064,Valset,63.631111,9.687778,130,NO,Norway,Норвегия,takeoff,,,,"{""free_flying:site"": ""takeoff""}",
node,5408065065,https://www.openstreetmap.org/node/5408065065,"Trondheim, Okstad",63.377500,10.386667,100,NO,Norway,Норвегия,takeoff,,,,"{""free_flying:site"": ""takeoff""}",
node,5408065066,https://www.openstreetmap.org/node/5408065066,Tonningen,63.513333,8.427222,230,NO,Norway,Норвегия,takeoff,,,,"{""free_flying:site"": ""takeoff""}",
node,5408065067,https://www.openstreetmap.org/node/5408065067,Tillerbruavegen,63.344444,10.432222,139,NO,Norway,Норвегия,takeoff,,,,"{""free_flying:site"": ""takeoff""}",
node,5408065068,https://www.openstreetmap.org/node/5408065068,Tamshavn opptreksplass,63.315278,9.865556,1,NO,Norway,Норвегия,takeoff,,,,"{""free_flying:site"": ""takeoff""}",
node,5408065069,https://www.openstreetmap.org/node/5408065069,"Sundfjellet, Sunde i Snillfjord kommune",63.495000,9.191944,260,NO,Norway,Норвегия,takeoff,,,,"{""free_flying:site"": ""takeoff""}",
node,5408065070,https://www.openstreetmap.org/node/5408065070,"Storsola, Sylan",63.000450,12.217637,1700,NO,Norway,Норвегия,takeoff,,,,"{""free_flying:site"": ""takeoff""}",
node,5408065071,https://www.openstreetmap.org/node/5408065071,Storlidalen - Okla,62.688889,9.232222,1564,NO,Norway,Норвегия,takeoff,,,,"{""free_flying:site"": ""takeoff""}",
node,5408065072,https://www.openstreetmap.org/node/5408065072,Storlidalen - Håggåberget,62.590000,9.369722,1000,NO,Norway,Норвегия,takeoff,,,,"{""free_flying:site"": ""takeoff""}",
node,5408065073,https://www.openstreetmap.org/node/5408065073,"Storklubben, Setervika",64.412778,10.491944,105,NO,Norway,Норвегия,takeoff,,,,"{""free_flying:site"": ""takeoff""}",
node,5408065074,https://www.openstreetmap.org/node/5408065074,"Storheia, Sandstad, Hitra",63.518889,9.079722,110,NO,Norway,Норвегия,takeoff,,,,"{""free_flying:site"": ""takeoff""}",
node,5408065075,https://www.openstreetmap.org/node/5408065075,"Storberget, Oppdal",62.781111,9.875278,1129,NO,Norway,Норвегия,takeoff,,,,"{""free_flying:site"": ""takeoff""}",
node,5408065076,https://www.openstreetmap.org/node/5408065076,"Stokkøya, Åfjord",64.049444,9.957222,140,NO,Norway,Норвегия,takeoff,,,,"{""free_flying:site"": ""takeoff""}",
node,5408065077,https://www.openstreetmap.org/node/5408065077,"Snillfjord, Ratfjellet",63.490556,9.313611,480,NO,Norway,Норвегия,takeoff,,,,"{""free_flying:site"": ""takeoff""}",
node,5408065078,https://www.openstreetmap.org/node/5408065078,"Snillfjord, Krokstadøra",63.429028,9.534861,468,NO,Norway,Норвегия,takeoff,,,,"{""free_flying:site"": ""takeoff""}",
node,5408065079,https://www.openstreetmap.org/node/5408065079,Skogstad PPG,63.354444,10.208611,0,NO,Norway,Норвегия,takeoff,,,,"{""free_flying:site"": ""takeoff""}",
node,5408065080,https://www.openstreetmap.org/node/5408065080,"Skogen, Svorkmo",63.165278,9.701667,260,NO,Norway,Норвегия,takeoff,,,,"{""free_flying:site"": ""takeoff""}",
node,5408065081,https://www.openstreetmap.org/node/5408065081,Skaret Grønlia,62.676944,9.550556,1241,NO,Norway,Норвегия,takeoff,,,,"{""free_flying:site"": ""takeoff""}",
node,5408065082,https://www.openstreetmap.org/node/5408065082,Rømmesfjellet - Lysøysund,63.878056,9.870833,272,NO,Norway,Норвегия,takeoff,,,,"{""free_flying:site"": ""takeoff""}",
node,5408065083,https://www.openstreetmap.org/node/5408065083,Rye,63.271111,10.310833,310,NO,Norway,Норвегия,takeoff,,,,"{""free_flying:site"": ""takeoff""}",
node,5408065084,https://www.openstreetmap.org/node/5408065084,Ruten i Hemne,63.155000,9.163889,1052,NO,Norway,Норвегия,takeoff,,,,"{""free_flying:site"": ""takeoff""}",
node,5408065085,https://www.openstreetmap.org/node/5408065085,"Rundhaugen,Rissa",63.549167,9.942222,201,NO,Norway,Норвегия,takeoff,,,,"{""free_flying:site"": ""takeoff""}",
node,5408065086,https://www.openstreetmap.org/node/5408065086,Reppesåsen - Reppe - Trondheim,63.410833,10.549167,250,NO,Norway,Норвегия,takeoff,,,,"{""free_flying:site"": ""takeoff""}",
node,5408065087,https://www.openstreetmap.org/node/5408065087,Polsmoen i Trondheim,63.455556,10.455278,5,NO,Norway,Норвегия,takeoff,,,,"{""free_flying:site"": ""takeoff""}",
node,5408065088,https://www.openstreetmap.org/node/5408065088,Orkanger,63.300556,9.819167,140,NO,Norway,Норвегия,takeoff,,,,"{""free_flying:site"": ""takeoff""}",
node,5408065089,https://www.openstreetmap.org/node/5408065089,Opptreksstart ved Rye skole på Byneset,63.424444,10.141111,1,NO,Norway,Норвегия,takeoff,,,,"{""free_flying:site"": ""takeoff""}",
node,5408065090,https://www.openstreetmap.org/node/5408065090,Oppsalnebba Vinjefjorden,63.169444,8.868611,660,NO,Norway,Норвегия,takeoff,,,,"{""free_flying:site"": ""takeoff""}",
node,5408065091,https://www.openstreetmap.org/node/5408065091,"Oppdal, Svarthaugen",62.583056,9.591667,950,NO,Norway,Норвегия,takeoff,,,,"{""free_flying:site"": ""takeoff""}",
node,5408065092,https://www.openstreetmap.org/node/5408065092,"Oppdal, Stølhøa",62.635000,9.729444,1284,NO,Norway,Норвегия,takeoff,,,,"{""free_flying:site"": ""takeoff""}",
node,5408065093,https://www.openstreetmap.org/node/5408065093,"Oppdal, Loslia",62.526944,9.655278,1050,NO,Norway,Норвегия,takeoff,,,,"{""free_flying:site"": ""takeoff""}",
node,5408065094,https://www.openstreetmap.org/node/5408065094,"Oppdal, Hovden",62.616389,9.686389,1125,NO,Norway,Норвегия,takeoff,,,,"{""free_flying:site"": ""takeoff""}",
node,5408065095,https://www.openstreetmap.org/node/5408065095,"Oppdal flyplass, Fagerhaug",68.778611,16.528611,530,NO,Norway,Норвегия,takeoff,,,,"{""free_flying:site"": ""takeoff""}",
node,5408065096,https://www.openstreetmap.org/node/5408065096,Oppdal - Storlidalen - Buslættkamben,62.660833,9.310278,1320,NO,Norway,Норвегия,takeoff,,,,"{""free_flying:site"": ""takeoff""}",
node,5408065097,https://www.openstreetmap.org/node/5408065097,Oppdal - Sissihøa,62.532778,9.716667,1618,NO,Norway,Норвегия,takeoff,,,,"{""free_flying:site"": ""takeoff""}",
node,5408065098,https://www.openstreetmap.org/node/5408065098,Omnsfjellet,63.290120,9.489960,700,NO,Norway,Норвегия,takeoff,,,,"{""free_flying:site"": ""takeoff""}",
node,5408065099,https://www.openstreetmap.org/node/5408065099,"Okla, Oppdal",62.682778,9.207778,1300,NO,Norway,Норвегия,takeoff,,,,"{""free_flying:site"": ""takeoff""}",
node,5408065100,https://www.openstreetmap.org/node/5408065100,"Nordre Langsvola, Stuggudal",62.865278,11.829167,960,NO,Norway,Норвегия,takeoff,,,,"{""free_flying:site"": ""takeoff""}",
node,5408065101,https://www.openstreetmap.org/node/5408065101,Nonshøa,62.722778,9.533611,1063,NO,Norway,Норвегия,takeoff,,,,"{""free_flying:site"": ""takeoff""}",
node,5408065102,https://www.openstreetmap.org/node/5408065102,Nerskogen Storhøa,62.760278,9.636111,1120,NO,Norway,Норвегия,takeoff,,,,"{""free_flying:site"": ""takeoff""}",
node,5408065103,https://www.openstreetmap.org/node/5408065103,Munkholmen Prison Island,63.451718,10.383286,0,NO,Norway,Норвегия,takeoff,,,,"{""free_flying:site"": ""takeoff""}",
node,5408065104,https://www.openstreetmap.org/node/5408065104,"Meldal, Prestbakken",63.043056,9.728889,350,NO,Norway,Норвегия,takeoff,,,,"{""free_flying:site"": ""takeoff""}",
node,5408065105,https://www.openstreetmap.org/node/5408065105,Lundneset,63.348611,10.041389,5,NO,Norway,Норвегия,takeoff,,,,"{""free_flying:site"": ""takeoff""}",
node,5408065106,https://www.openstreetmap.org/node/5408065106,Lundamo,63.135556,10.272500,0,NO,Norway,Норвегия,takeoff,,,,"{""free_flying:site"": ""takeoff""}",
node,5408065107,https://www.openstreetmap.org/node/5408065107,Liabøsætra,62.583889,9.151667,1008,NO,Norway,Норвегия,takeoff,,,,"{""free_flying:site"": ""takeoff""}",
node,5408065108,https://www.openstreetmap.org/node/5408065108,Lekebakken Ler,63.184167,10.320833,0,NO,Norway,Норвегия,takeoff,,,,"{""free_flying:site"": ""takeoff""}",
node,5408065109,https://www.openstreetmap.org/node/5408065109,Langlidalsheian,63.320556,9.487222,683,NO,Norway,Норвегия,takeoff,,,,"{""free_flying:site"": ""takeoff""}",
node,5408065110,https://www.openstreetmap.org/node/5408065110,Kyrksæterøra Tyskerstien,63.280000,9.095000,0,NO,Norway,Норвегия,takeoff,,,,"{""free_flying:site"": ""takeoff""}",
node,5408065111,https://www.openstreetmap.org/node/5408065111,Korsvika i Trondheim,63.451389,10.436111,40,NO,Norway,Норвегия,takeoff,,,,"{""free_flying:site"": ""takeoff""}",
node,5408065112,https://www.openstreetmap.org/node/5408065112,Klett - Trondheim - PPG start,63.321944,10.322500,17,NO,Norway,Норвегия,takeoff,,,,"{""free_flying:site"": ""takeoff""}",
node,5408065113,https://www.openstreetmap.org/node/5408065113,Jærhøa,62.633611,9.262778,0,NO,Norway,Норвегия,takeoff,,,,"{""free_flying:site"": ""takeoff""}",
node,5408065114,https://www.openstreetmap.org/node/5408065114,"Jens Petter Haug. Fallvegen 60, 7074 Spongdal",63.362222,10.155278,80,NO,Norway,Норвегия,takeoff,,,,"{""free_flying:site"": ""takeoff""}",
node,5408065115,https://www.openstreetmap.org/node/5408065115,"Høgmelan, Kvål",63.242778,10.244722,173,NO,Norway,Норвегия,takeoff,,,,"{""free_flying:site"": ""takeoff""}",
node,5408065116,https://www.openstreetmap.org/node/5408065116,"Høgklumpen, Sumstad",64.199623,10.317085,320,NO,Norway,Норвегия,takeoff,,,,"{""free_flying:site"": ""takeoff""}",
node,5408065117,https://www.openstreetmap.org/node/5408065117,himmelriket-på kvål,63.225375,10.301500,134,NO,Norway,Норвегия,takeoff,,,,"{""free_flying:site"": ""takeoff""}",
node,5408065118,https://www.openstreetmap.org/node/5408065118,Hemne Fossdal Anderslifjellet,63.138222,9.048167,630,NO,Norway,Норвегия,takeoff,,,,"{""free_flying:site"": ""takeoff""}",
node,5408065119,https://www.openstreetmap.org/node/5408065119,"Haksåsen, Meldal",63.050000,9.716667,490,NO,Norway,Норвегия,takeoff,,,,"{""free_flying:site"": ""takeoff""}",
node,5408065120,https://www.openstreetmap.org/node/5408065120,"Gråkammen, Åfjord",64.026944,10.121944,325,NO,Norway,Норвегия,takeoff,,,,"{""free_flying:site"": ""takeoff""}",
node,5408065521,https://www.openstreetmap.org/node/5408065521,Gråkallen,63.419444,10.254167,552,NO,Norway,Норвегия,takeoff,,,,"{""free_flying:site"": ""takeoff""}",
node,5408065522,https://www.openstreetmap.org/node/5408065522,Gråfjellet orkdal,63.286528,9.525778,700,NO,Norway,Норвегия,takeoff,,,,"{""free_flying:site"": ""takeoff""}",
node,5408065523,https://www.openstreetmap.org/node/5408065523,"Grefstadfjellet, Meldal",63.057500,9.751389,751,NO,Norway,Норвегия,takeoff,,,,"{""free_flying:site"": ""takeoff""}",
node,5408065524,https://www.openstreetmap.org/node/5408065524,"Gimshøgda, Hoston",63.188750,9.519389,635,NO,Norway,Норвегия,takeoff,,,,"{""free_flying:site"": ""takeoff""}",
node,5408065525,https://www.openstreetmap.org/node/5408065525,Fossfjellet,63.251389,9.475278,589,NO,Norway,Норвегия,takeoff,,,,"{""free_flying:site"": ""takeoff""}",
node,5408065526,https://www.openstreetmap.org/node/5408065526,"Fosen, Bessakerfjell",64.223611,10.346389,300,NO,Norway,Норвегия,takeoff,,,,"{""free_flying:site"": ""takeoff""}",
node,5408065527,https://www.openstreetmap.org/node/5408065527,"Fjøsvollan, Leinstrand",63.344167,10.285556,80,NO,Norway,Норвегия,takeoff,,,,"{""free_flying:site"": ""takeoff""}",
node,5408065528,https://www.openstreetmap.org/node/5408065528,Evjen,63.139722,10.224444,260,NO,Norway,Норвегия,takeoff,,,,"{""free_flying:site"": ""takeoff""}",
node,5408065529,https://www.openstreetmap.org/node/5408065529,Dugurdshaugen Nerskogen,62.732778,9.595833,1186,NO,Norway,Норвегия,takeoff,,,,"{""free_flying:site"": ""takeoff""}",
node,5408065530,https://www.openstreetmap.org/node/5408065530,Byneset,63.347222,10.150278,30,NO,Norway,Норвегия,takeoff,,,,"{""free_flying:site"": ""takeoff""}",
node,5408065531,https://www.openstreetmap.org/node/5408065531,"Bosbergheia, Byneset",63.414722,10.185833,537,NO,Norway,Норвегия,takeoff,,,,"{""free_flying:site"": ""takeoff""}",
node,5408065532,https://www.openstreetmap.org/node/5408065532,"Bjugn, Kopparen",63.806389,9.736944,400,NO,Norway,Норвегия,takeoff,,,,"{""free_flying:site"": ""takeoff""}",
node,5408065533,https://www.openstreetmap.org/node/5408065533,"Bergemskammen, Svorkmo",63.165833,9.685833,386,NO,Norway,Норвегия,takeoff,,,,"{""free_flying:site"": ""takeoff""}",
node,5408065534,https://www.openstreetmap.org/node/5408065534,"Bangan, Rognes, Støren, Trondheim",63.026944,10.404722,415,NO,Norway,Норвегия,takeoff,,,,"{""free_flying:site"": ""takeoff""}",
node,5408065535,https://www.openstreetmap.org/node/5408065535,"7241 Ansnes, Hitra, Sør-Trøndelag",63.626533,8.954433,80,NO,Norway,Норвегия,takeoff,,,,"{""free_flying:site"": ""takeoff""}",
node,5408065536,https://www.openstreetmap.org/node/5408065536,Årvikhornet,62.186667,5.146111,385,NO,Norway,Норвегия,takeoff,,,,"{""free_flying:site"": ""takeoff""}",
node,5408065537,https://www.openstreetmap.org/node/5408065537,Åberget - Sogndal,61.238056,7.098056,460,NO,Norway,Норвегия,takeoff,,,,"{""free_flying:site"": ""takeoff""}",
node,5408065538,https://www.openstreetmap.org/node/5408065538,"Vågsøy, Stallbrekka",61.975278,5.068333,320,NO,Norway,Норвегия,takeoff,,,,"{""free_flying:site"": ""takeoff""}",
node,5408065539,https://www.openstreetmap.org/node/5408065539,"Vågsøy, Refvik øst",61.991944,5.117500,240,NO,Norway,Норвегия,takeoff,,,,"{""free_flying:site"": ""takeoff""}",
node,5408065540,https://www.openstreetmap.org/node/5408065540,"Vågsøy, Refvik",61.990833,5.087778,280,NO,Norway,Норвегия,takeoff,,,,"{""free_flying:site"": ""takeoff""}",
node,5408065541,https://www.openstreetmap.org/node/5408065541,"Vågsøy, Bryggja, Høgeberget",61.945711,5.419628,382,NO,Norway,Норвегия,takeoff,,,,"{""free_flying:site"": ""takeoff""}",
node,5408065542,https://www.openstreetmap.org/node/5408065542,"Voss, Vikafjellet, Skjelingafjellet, skolebakke",60.936389,6.422500,1188,NO,Norway,Норвегия,takeoff,,,,"{""free_flying:site"": ""takeoff""}",
node,5408065543,https://www.openstreetmap.org/node/5408065543,Vindkjegla Naustdal,61.508889,5.668333,688,NO,Norway,Норвегия,takeoff,,,,"{""free_flying:site"": ""takeoff""}",
node,5408065544,https://www.openstreetmap.org/node/5408065544,Vikafjellet -nord for tunnellen,61.011667,6.538889,900,NO,Norway,Норвегия,takeoff,,,,"{""free_flying:site"": ""takeoff""}",
node,5408065545,https://www.openstreetmap.org/node/5408065545,"Vik, Hovsåsen",61.063056,6.576111,360,NO,Norway,Норвегия,takeoff,,,,"{""free_flying:site"": ""takeoff""}",
node,5408065546,https://www.openstreetmap.org/node/5408065546,Viafjellet,61.452600,5.934983,709,NO,Norway,Норвегия,takeoff,,,,"{""free_flying:site"": ""takeoff""}",
node,5408065547,https://www.openstreetmap.org/node/5408065547,Vetlestølsdalen - Jostedalen,61.674167,7.386389,1080,NO,Norway,Норвегия,takeoff,,,,"{""free_flying:site"": ""takeoff""}",
node,5408065548,https://www.openstreetmap.org/node/5408065548,Vanndalen - Jostedalen,61.596389,7.341944,700,NO,Norway,Норвегия,takeoff,,,,"{""free_flying:site"": ""takeoff""}",
node,5408065549,https://www.openstreetmap.org/node/5408065549,"Utvikfjellet, Byrkjelo",61.766667,6.539167,820,NO,Norway,Норвегия,takeoff,,,,"{""free_flying:site"": ""takeoff""}",
node,5408065550,https://www.openstreetmap.org/node/5408065550,Tylderingen Sogndal,61.292451,7.032344,1090,NO,Norway,Норвегия,takeoff,,,,"{""free_flying:site"": ""takeoff""}",
node,5408065551,https://www.openstreetmap.org/node/5408065551,Tvangen Hafslo,61.325556,7.188611,590,NO,Norway,Норвегия,takeoff,,,,"{""free_flying:site"": ""takeoff""}",
node,5408065552,https://www.openstreetmap.org/node/5408065552,Turtagrø-Soleibotntind-Hurrungane,61.446917,7.785306,2083,NO,Norway,Норвегия,takeoff,,,,"{""free_flying:site"": ""takeoff""}",
node,5408065553,https://www.openstreetmap.org/node/5408065553,"Turtagrø, Henget over hotellet (1000m)",61.506389,7.807778,1030,NO,Norway,Норвегия,takeoff,,,,"{""free_flying:site"": ""takeoff""}",
node,5408065554,https://www.openstreetmap.org/node/5408065554,"Tindefjellet, Jølster",61.505556,6.110833,1083,NO,Norway,Норвегия,takeoff,,,,"{""free_flying:site"": ""takeoff""}",
node,5408065555,https://www.openstreetmap.org/node/5408065555,"Sylvsteinheia, Straumsnes, Fjaler",61.345278,5.235833,410,NO,Norway,Норвегия,takeoff,,,,"{""free_flying:site"": ""takeoff""}",
node,5408065556,https://www.openstreetmap.org/node/5408065556,"Stryn, Årheimsfjellet",61.893611,6.747500,1007,NO,Norway,Норвегия,takeoff,,,,"{""free_flying:site"": ""takeoff""}",
node,5408065557,https://www.openstreetmap.org/node/5408065557,"Stryn, Vinsrygg",61.896111,6.684444,266,NO,Norway,Норвегия,takeoff,,,,"{""free_flying:site"": ""takeoff""}",
node,5408065558,https://www.openstreetmap.org/node/5408065558,"Stryn, Holevatnet",61.949167,6.651667,770,NO,Norway,Норвегия,takeoff,,,,"{""free_flying:site"": ""takeoff""}",
node,5408065559,https://www.openstreetmap.org/node/5408065559,"Stryn, Hogden",61.909444,6.670556,560,NO,Norway,Норвегия,takeoff,,,,"{""free_flying:site"": ""takeoff""}",
node,5408065560,https://www.openstreetmap.org/node/5408065560,"Stryn, Hestefjellet",61.946389,6.698611,1150,NO,Norway,Норвегия,takeoff,,,,"{""free_flying:site"": ""takeoff""}",
node,5408065561,https://www.openstreetmap.org/node/5408065561,"Stryn, Gryta",61.926056,6.716333,1032,NO,Norway,Норвегия,takeoff,,,,"{""free_flying:site"": ""takeoff""}",
node,5408065562,https://www.openstreetmap.org/node/5408065562,"Stryn, Bergsetstøylen",61.858611,6.452222,760,NO,Norway,Норвегия,takeoff,,,,"{""free_flying:site"": ""takeoff""}",
node,5408065563,https://www.openstreetmap.org/node/5408065563,"Storhovd, Aurland",60.909167,7.293611,1354,NO,Norway,Норвегия,takeoff,,,,"{""free_flying:site"": ""takeoff""}",
node,5408065564,https://www.openstreetmap.org/node/5408065564,Storehesten,61.401667,5.605833,1209,NO,Norway,Норвегия,takeoff,,,,"{""free_flying:site"": ""takeoff""}",
node,5408065565,https://www.openstreetmap.org/node/5408065565,Store Ringstind,61.442004,7.800915,2124,NO,Norway,Норвегия,takeoff,,,,"{""free_flying:site"": ""takeoff""}",
node,5408065566,https://www.openstreetmap.org/node/5408065566,"Steinen,Vest-Jotunheimen",61.484722,7.740833,1190,NO,Norway,Норвегия,takeoff,,,,"{""free_flying:site"": ""takeoff""}",
node,5408065567,https://www.openstreetmap.org/node/5408065567,"Steinefjellet, Eidsbotn",60.858889,5.128056,210,NO,Norway,Норвегия,takeoff,,,,"{""free_flying:site"": ""takeoff""}",
node,5408065568,https://www.openstreetmap.org/node/5408065568,Steiefjellet / Nova / Selstadheia - Sande - Gaular,61.315833,5.817500,650,NO,Norway,Норвегия,takeoff,,,,"{""free_flying:site"": ""takeoff""}",
node,5408065569,https://www.openstreetmap.org/node/5408065569,"Stamsnipa, Stardalen i Jølster",61.629167,6.662500,1270,NO,Norway,Норвегия,takeoff,,,,"{""free_flying:site"": ""takeoff""}",
node,5408065570,https://www.openstreetmap.org/node/5408065570,Speiderhytta - Sogndalsdalen,61.264444,6.978333,790,NO,Norway,Норвегия,takeoff,,,,"{""free_flying:site"": ""takeoff""}",
node,5408065571,https://www.openstreetmap.org/node/5408065571,"Sogndalsdalen, Sogndalseggi",61.377778,6.837778,1476,NO,Norway,Норвегия,takeoff,,,,"{""free_flying:site"": ""takeoff""}",
node,5408065572,https://www.openstreetmap.org/node/5408065572,"Sogndal, Storehaugen",61.171944,7.120000,1132,NO,Norway,Норвегия,takeoff,,,,"{""free_flying:site"": ""takeoff""}",
node,5408065573,https://www.openstreetmap.org/node/5408065573,Sogndal - Kjørnes camping,61.210973,7.121372,10,NO,Norway,Норвегия,takeoff,,,,"{""free_flying:site"": ""takeoff""}",
node,5408065574,https://www.openstreetmap.org/node/5408065574,Sogndal - Hodlekve,61.300278,6.965278,0,NO,Norway,Норвегия,takeoff,,,,"{""free_flying:site"": ""takeoff""}",
node,5408065575,https://www.openstreetmap.org/node/5408065575,"Sletterust, hyttefelt ved Øvre Årdal",61.256389,8.014444,1200,NO,Norway,Норвегия,takeoff,,,,"{""free_flying:site"": ""takeoff""}",
node,5408065576,https://www.openstreetmap.org/node/5408065576,"Slakkafjellet, Sogndal",61.227618,7.011984,850,NO,Norway,Норвегия,takeoff,,,,"{""free_flying:site"": ""takeoff""}",
node,5408065577,https://www.openstreetmap.org/node/5408065577,Skålefjell - øst for Stavang - Flora,61.528056,5.241667,705,NO,Norway,Норвегия,takeoff,,,,"{""free_flying:site"": ""takeoff""}",
node,5408065578,https://www.openstreetmap.org/node/5408065578,Skålebotnsfjellet - Kyrkjebø,61.193889,5.963611,860,NO,Norway,Норвегия,takeoff,,,,"{""free_flying:site"": ""takeoff""}",
node,5408065579,https://www.openstreetmap.org/node/5408065579,Skålatårnet - Olden,61.867222,6.966111,1848,NO,Norway,Норвегия,takeoff,,,,"{""free_flying:site"": ""takeoff""}",
node,5408065580,https://www.openstreetmap.org/node/5408065580,"Skriki, Sogndal",61.197287,6.966921,1100,NO,Norway,Норвегия,takeoff,,,,"{""free_flying:site"": ""takeoff""}",
node,5408065581,https://www.openstreetmap.org/node/5408065581,"Skjerdingsdalen, Grasdalstunnelen",61.971944,7.250000,656,NO,Norway,Норвегия,takeoff,,,,"{""free_flying:site"": ""takeoff""}",
node,5408065582,https://www.openstreetmap.org/node/5408065582,Skeisnipa - Fjærland,61.453611,6.766944,1110,NO,Norway,Норвегия,takeoff,,,,"{""free_flying:site"": ""takeoff""}",
node,5408065583,https://www.openstreetmap.org/node/5408065583,Sanden Naustdal,61.497778,5.713056,5,NO,Norway,Норвегия,takeoff,,,,"{""free_flying:site"": ""takeoff""}",
node,5408065584,https://www.openstreetmap.org/node/5408065584,"Sandane, PPG Eide (Golfbana)",61.760000,6.238333,40,NO,Norway,Норвегия,takeoff,,,,"{""free_flying:site"": ""takeoff""}",
node,5408065585,https://www.openstreetmap.org/node/5408065585,"Sandane (Gloppen), Blåfjell",61.734444,6.195833,1050,NO,Norway,Норвегия,takeoff,,,,"{""free_flying:site"": ""takeoff""}",
node,5408065586,https://www.openstreetmap.org/node/5408065586,"Salen, Frudalen, Sogndal",61.335867,6.811698,1315,NO,Norway,Норвегия,takeoff,,,,"{""free_flying:site"": ""takeoff""}",
node,5408065587,https://www.openstreetmap.org/node/5408065587,Rørvikfjellet,61.400969,6.218203,620,NO,Norway,Норвегия,takeoff,,,,"{""free_flying:site"": ""takeoff""}",
node,5408065588,https://www.openstreetmap.org/node/5408065588,Ryo - Flåm,60.833611,7.140000,555,NO,Norway,Норвегия,takeoff,,,,"{""free_flying:site"": ""takeoff""}",
node,5408065589,https://www.openstreetmap.org/node/5408065589,Rupheim - Hafslo,61.321111,7.155000,0,NO,Norway,Норвегия,takeoff,,,,"{""free_flying:site"": ""takeoff""}",
node,5408065590,https://www.openstreetmap.org/node/5408065590,Ramsdalsheia,61.575556,5.718333,580,NO,Norway,Норвегия,takeoff,,,,"{""free_flying:site"": ""takeoff""}",
node,5408065591,https://www.openstreetmap.org/node/5408065591,Prest - Aurland,60.930779,7.229911,0,NO,Norway,Норвегия,takeoff,,,,"{""free_flying:site"": ""takeoff""}",
node,5408065592,https://www.openstreetmap.org/node/5408065592,"Oscarshaug, Turtagrø, Sognefjellet",61.508333,7.818889,1170,NO,Norway,Норвегия,takeoff,,,,"{""free_flying:site"": ""takeoff""}",
node,5408065593,https://www.openstreetmap.org/node/5408065593,Opptrekk Bjørkedalen Naustdal,61.461389,5.640833,3,NO,Norway,Норвегия,takeoff,,,,"{""free_flying:site"": ""takeoff""}",
node,5408065594,https://www.openstreetmap.org/node/5408065594,Olahansfjellet Jølster,61.505340,6.383740,1215,NO,Norway,Норвегия,takeoff,,,,"{""free_flying:site"": ""takeoff""}",
node,5408065595,https://www.openstreetmap.org/node/5408065595,"Nystølsfjellet, Sogndalsdalen",61.328611,6.854722,1435,NO,Norway,Норвегия,takeoff,,,,"{""free_flying:site"": ""takeoff""}",
node,5408065596,https://www.openstreetmap.org/node/5408065596,NUTEN Dalsbygda GULEN,60.937222,5.190278,550,NO,Norway,Норвегия,takeoff,,,,"{""free_flying:site"": ""takeoff""}",
node,5408065597,https://www.openstreetmap.org/node/5408065597,"Nosafjell, Jostedalen, Luster",61.517222,7.331944,1180,NO,Norway,Норвегия,takeoff,,,,"{""free_flying:site"": ""takeoff""}",
node,5408065598,https://www.openstreetmap.org/node/5408065598,Norddalen over Holsen i Førde,61.426667,6.170000,650,NO,Norway,Норвегия,takeoff,,,,"{""free_flying:site"": ""takeoff""}",
node,5408065599,https://www.openstreetmap.org/node/5408065599,Nobba eller også kalt Bukken 6750 Stadlandet,62.106389,5.293056,384,NO,Norway,Норвегия,takeoff,,,,"{""free_flying:site"": ""takeoff""}",
node,5408065600,https://www.openstreetmap.org/node/5408065600,"Nerdalsmulen, Dalsbygda, Gulen",60.930833,5.162778,130,NO,Norway,Норвегия,takeoff,,,,"{""free_flying:site"": ""takeoff""}",
node,5408065601,https://www.openstreetmap.org/node/5408065601,Mosekleivhornet Hoddevika Selje,62.134167,5.165278,540,NO,Norway,Норвегия,takeoff,,,,"{""free_flying:site"": ""takeoff""}",
node,5408065602,https://www.openstreetmap.org/node/5408065602,"Mjømnefjellet, Mjømna, Gulen",60.920556,4.921389,140,NO,Norway,Норвегия,takeoff,,,,"{""free_flying:site"": ""takeoff""}",
node,5408065603,https://www.openstreetmap.org/node/5408065603,Midtbøfjellet Sandøy GULEN,60.890000,4.986944,200,NO,Norway,Норвегия,takeoff,,,,"{""free_flying:site"": ""takeoff""}",
node,5408065604,https://www.openstreetmap.org/node/5408065604,Middagsfjellet - Jølster,61.481944,6.185556,0,NO,Norway,Норвегия,takeoff,,,,"{""free_flying:site"": ""takeoff""}",
node,5408065605,https://www.openstreetmap.org/node/5408065605,"Lærdal, Øvre Vangen",61.102500,7.529444,197,NO,Norway,Норвегия,takeoff,,,,"{""free_flying:site"": ""takeoff""}",
node,5408065606,https://www.openstreetmap.org/node/5408065606,"Lærdal, Stødnaåsen, Synshamaren",61.118333,7.477222,730,NO,Norway,Норвегия,takeoff,,,,"{""free_flying:site"": ""takeoff""}",
node,5408065607,https://www.openstreetmap.org/node/5408065607,"Lærdal, Oftedalen, Hånosi, vest-starten",61.104167,7.615278,1379,NO,Norway,Норвегия,takeoff,,,,"{""free_flying:site"": ""takeoff""}",
node,5408065608,https://www.openstreetmap.org/node/5408065608,"Lærdal, Oftedalen, Hånosi, sør-starten",61.102778,7.627222,1497,NO,Norway,Норвегия,takeoff,,,,"{""free_flying:site"": ""takeoff""}",
node,5408065609,https://www.openstreetmap.org/node/5408065609,"Lærdal, Oftedalen, Hestenosi, nedre start",61.111944,7.573056,1080,NO,Norway,Норвегия,takeoff,,,,"{""free_flying:site"": ""takeoff""}",
node,5408065610,https://www.openstreetmap.org/node/5408065610,"Lærdal, Løbergshaugen",61.102222,7.533889,380,NO,Norway,Норвегия,takeoff,,,,"{""free_flying:site"": ""takeoff""}",
node,5408065611,https://www.openstreetmap.org/node/5408065611,lote,61.883333,6.113889,1022,NO,Norway,Норвегия,takeoff,,,,"{""free_flying:site"": ""takeoff""}",
node,5408065612,https://www.openstreetmap.org/node/5408065612,"Loen, Hoven (1010 m.o.h)",61.884722,6.835000,1010,NO,Norway,Норвегия,takeoff,,,,"{""free_flying:site"": ""takeoff""}",
node,5408065613,https://www.openstreetmap.org/node/5408065613,"Lifjell, Sandøy, GULEN",60.921111,4.987500,220,NO,Norway,Норвегия,takeoff,,,,"{""free_flying:site"": ""takeoff""}",
node,5408065614,https://www.openstreetmap.org/node/5408065614,Leikanger- Kjeringi,61.241667,6.798056,1302,NO,Norway,Норвегия,takeoff,,,,"{""free_flying:site"": ""takeoff""}",
node,5408065615,https://www.openstreetmap.org/node/5408065615,"Leikanger, Smørkletten",61.207778,6.781389,800,NO,Norway,Норвегия,takeoff,,,,"{""free_flying:site"": ""takeoff""}",
node,5408065616,https://www.openstreetmap.org/node/5408065616,"Leikanger, Rjupeskard",61.221389,6.792500,935,NO,Norway,Норвегия,takeoff,,,,"{""free_flying:site"": ""takeoff""}",
node,5408065617,https://www.openstreetmap.org/node/5408065617,"Kvanneskaret, Veiteberg, Jølster",61.630000,6.602778,1200,NO,Norway,Норвегия,takeoff,,,,"{""free_flying:site"": ""takeoff""}",
node,5408065619,https://www.openstreetmap.org/node/5408065619,Kjelby / Øksefjellet / GULEN,60.947778,5.243889,400,NO,Norway,Норвегия,takeoff,,,,"{""free_flying:site"": ""takeoff""}",
node,5408065620,https://www.openstreetmap.org/node/5408065620,Karineset i Storfjorden - Hyen - Gloppen (vinsjeplass),61.640278,5.794444,0,NO,Norway,Норвегия,takeoff,,,,"{""free_flying:site"": ""takeoff""}",
node,5408065821,https://www.openstreetmap.org/node/5408065821,Kalhovda,60.915278,5.450833,310,NO,Norway,Норвегия,takeoff,,,,"{""free_flying:site"": ""takeoff""}",
node,5408065822,https://www.openstreetmap.org/node/5408065822,Jonstad. Naustdal PPG start,61.519722,5.733333,4,NO,Norway,Норвегия,takeoff,,,,"{""free_flying:site"": ""takeoff""}",
node,5408065823,https://www.openstreetmap.org/node/5408065823,Indrebøfjellet (Angedalen) - Førde,61.542330,6.023117,800,NO,Norway,Норвегия,takeoff,,,,"{""free_flying:site"": ""takeoff""}",
node,5408065824,https://www.openstreetmap.org/node/5408065824,"Høyanger, Knausen",61.234149,6.067082,650,NO,Norway,Норвегия,takeoff,,,,"{""free_flying:site"": ""takeoff""}",
node,5408065825,https://www.openstreetmap.org/node/5408065825,"Høgenibba (1191m), Hornindal",62.017222,6.503056,1191,NO,Norway,Норвегия,takeoff,,,,"{""free_flying:site"": ""takeoff""}",
node,5408065826,https://www.openstreetmap.org/node/5408065826,"Høgeliheia, Gaular",61.296667,5.698611,690,NO,Norway,Норвегия,takeoff,,,,"{""free_flying:site"": ""takeoff""}",
node,5408065827,https://www.openstreetmap.org/node/5408065827,Hushornet/ Nipa Ervik Selje kommune,62.173611,5.119444,345,NO,Norway,Норвегия,takeoff,,,,"{""free_flying:site"": ""takeoff""}",
node,5408065828,https://www.openstreetmap.org/node/5408065828,Hellefjellet - Førde,61.419722,5.640278,750,NO,Norway,Норвегия,takeoff,,,,"{""free_flying:site"": ""takeoff""}",
node,5408065829,https://www.openstreetmap.org/node/5408065829,Helgedalsladen ved Turtagrø,61.513611,7.858056,1500,NO,Norway,Норвегия,takeoff,,,,"{""free_flying:site"": ""takeoff""}",
node,5408065830,https://www.openstreetmap.org/node/5408065830,Heirsnosi (1000meter-n)- Øvre Årdal,61.296667,7.847500,1080,NO,Norway,Норвегия,takeoff,,,,"{""free_flying:site"": ""takeoff""}",
node,5408065831,https://www.openstreetmap.org/node/5408065831,Heggmyrane - Sogn Skisenter,61.338889,7.183611,870,NO,Norway,Норвегия,takeoff,,,,"{""free_flying:site"": ""takeoff""}",
node,5408065832,https://www.openstreetmap.org/node/5408065832,"Harpefossen, Hjelmelandsdalen, Nordfjordeid",61.970833,5.930278,777,NO,Norway,Норвегия,takeoff,,,,"{""free_flying:site"": ""takeoff""}",
node,5408065833,https://www.openstreetmap.org/node/5408065833,"Harefjellet, Reksta",61.563611,4.803889,232,NO,Norway,Норвегия,takeoff,,,,"{""free_flying:site"": ""takeoff""}",
node,5408065834,https://www.openstreetmap.org/node/5408065834,Hafstadfjellet - Førde,61.437222,5.856944,705,NO,Norway,Норвегия,takeoff,,,,"{""free_flying:site"": ""takeoff""}",
node,5408065835,https://www.openstreetmap.org/node/5408065835,"Gudvangen, Vardanosi",60.873611,6.757778,1260,NO,Norway,Норвегия,takeoff,,,,"{""free_flying:site"": ""takeoff""}",
node,5408065836,https://www.openstreetmap.org/node/5408065836,Gudmedalen - Flåm - Aurland kommune,60.833817,7.148950,925,NO,Norway,Норвегия,takeoff,,,,"{""free_flying:site"": ""takeoff""}",
node,5408065837,https://www.openstreetmap.org/node/5408065837,"Grøskardfjellet, Stardalen, Jølster",61.582222,6.685278,1360,NO,Norway,Норвегия,takeoff,,,,"{""free_flying:site"": ""takeoff""}",
node,5408065838,https://www.openstreetmap.org/node/5408065838,Grønevardheia - Gaular,61.330000,5.679167,730,NO,Norway,Норвегия,takeoff,,,,"{""free_flying:site"": ""takeoff""}",
node,5408065839,https://www.openstreetmap.org/node/5408065839,Grovanipa - Jølster,61.529722,6.515000,1143,NO,Norway,Норвегия,takeoff,,,,"{""free_flying:site"": ""takeoff""}",
node,5408065840,https://www.openstreetmap.org/node/5408065840,Gjeldsvikefjellet,61.447500,5.392500,663,NO,Norway,Норвегия,takeoff,,,,"{""free_flying:site"": ""takeoff""}",
node,5408065841,https://www.openstreetmap.org/node/5408065841,"Gaupne, Ranen",61.408333,7.315000,550,NO,Norway,Норвегия,takeoff,,,,"{""free_flying:site"": ""takeoff""}",
node,5408065842,https://www.openstreetmap.org/node/5408065842,"Garli, Stryn",61.935278,6.842222,400,NO,Norway,Норвегия,takeoff,,,,"{""free_flying:site"": ""takeoff""}",
node,5408065843,https://www.openstreetmap.org/node/5408065843,"Fossen, Førde",61.490556,5.843889,320,NO,Norway,Норвегия,takeoff,,,,"{""free_flying:site"": ""takeoff""}",
node,5408065844,https://www.openstreetmap.org/node/5408065844,Fonn /Jølster,61.608333,6.736389,300,NO,Norway,Норвегия,takeoff,,,,"{""free_flying:site"": ""takeoff""}",
node,5408065845,https://www.openstreetmap.org/node/5408065845,Fjærland - Melsnipa,61.351389,6.595833,1547,NO,Norway,Норвегия,takeoff,,,,"{""free_flying:site"": ""takeoff""}",
node,5408065846,https://www.openstreetmap.org/node/5408065846,Falketind,61.384722,8.096389,2050,NO,Norway,Норвегия,takeoff,,,,"{""free_flying:site"": ""takeoff""}",
node,5408065847,https://www.openstreetmap.org/node/5408065847,Elvestarten Naustdal PPG start,61.511667,5.720000,4,NO,Norway,Норвегия,takeoff,,,,"{""free_flying:site"": ""takeoff""}",
node,5408065848,https://www.openstreetmap.org/node/5408065848,Elvagjengsåsen (Sogndal),61.261184,7.045390,667,NO,Norway,Норвегия,takeoff,,,,"{""free_flying:site"": ""takeoff""}",
node,5408065849,https://www.openstreetmap.org/node/5408065849,Eldrevassbergi,60.995833,8.123889,1500,NO,Norway,Норвегия,takeoff,,,,"{""free_flying:site"": ""takeoff""}",
node,5408065850,https://www.openstreetmap.org/node/5408065850,Dueskardhøgdi,61.150000,7.036111,986,NO,Norway,Норвегия,takeoff,,,,"{""free_flying:site"": ""takeoff""}",
node,5408065851,https://www.openstreetmap.org/node/5408065851,Dokka - Askvoll,61.368333,5.124444,320,NO,Norway,Норвегия,takeoff,,,,"{""free_flying:site"": ""takeoff""}",
node,5408065852,https://www.openstreetmap.org/node/5408065852,Brattlifjellet Glenja. GULEN,60.898611,5.098611,250,NO,Norway,Норвегия,takeoff,,,,"{""free_flying:site"": ""takeoff""}",
node,5408065853,https://www.openstreetmap.org/node/5408065853,Bolsetnipa Skei i Jølster,61.595000,6.553889,1214,NO,Norway,Норвегия,takeoff,,,,"{""free_flying:site"": ""takeoff""}",
node,5408065854,https://www.openstreetmap.org/node/5408065854,Blomlia - Førde,61.467963,5.733031,600,NO,Norway,Норвегия,takeoff,,,,"{""free_flying:site"": ""takeoff""}",
node,5408065855,https://www.openstreetmap.org/node/5408065855,"Bjørkelia, Jølster Skisenter",61.459167,6.075000,954,NO,Norway,Норвегия,takeoff,,,,"{""free_flying:site"": ""takeoff""}",
node,5408065856,https://www.openstreetmap.org/node/5408065856,"Bergsetnakken, Stryn",61.870000,6.447778,1133,NO,Norway,Норвегия,takeoff,,,,"{""free_flying:site"": ""takeoff""}",
node,5408065857,https://www.openstreetmap.org/node/5408065857,"Austabotntind, Hurrungane",61.433889,7.780833,1953,NO,Norway,Норвегия,takeoff,,,,"{""free_flying:site"": ""takeoff""}",
node,5408065858,https://www.openstreetmap.org/node/5408065858,Aurland 1200 meter,60.924700,7.230717,0,NO,Norway,Норвегия,takeoff,,,,"{""free_flying:site"": ""takeoff""}",
node,5408065859,https://www.openstreetmap.org/node/5408065859,"Auflemsætra, Stryn",61.850583,6.846917,800,NO,Norway,Норвегия,takeoff,,,,"{""free_flying:site"": ""takeoff""}",
node,5408065860,https://www.openstreetmap.org/node/5408065860,Atløy - Hovden,61.370584,4.930269,367,NO,Norway,Норвегия,takeoff,,,,"{""free_flying:site"": ""takeoff""}",
node,5408065861,https://www.openstreetmap.org/node/5408065861,"600 metern, Øvre Årdal",61.305278,7.839167,600,NO,Norway,Норвегия,takeoff,,,,"{""free_flying:site"": ""takeoff""}",
node,5408065862,https://www.openstreetmap.org/node/5408065862,"Aurland, Finndalsnuten,",60.817222,7.635833,1496,NO,Norway,Норвегия,takeoff,,,,"{""free_flying:site"": ""takeoff""}",
node,5408065864,https://www.openstreetmap.org/node/5408065864,"Åsegarden, Ryfylke",59.145278,6.368972,320,NO,Norway,Норвегия,takeoff,,,,"{""free_flying:site"": ""takeoff""}",
node,5408065865,https://www.openstreetmap.org/node/5408065865,Vølstad Gjesdal,58.808611,6.064722,630,NO,Norway,Норвегия,takeoff,,,,"{""free_flying:site"": ""takeoff""}",
node,5408065867,https://www.openstreetmap.org/node/5408065867,"Visnesgarden, Karmøy",59.357778,5.226944,26,NO,Norway,Норвегия,takeoff,,,,"{""free_flying:site"": ""takeoff""}",
node,5408065868,https://www.openstreetmap.org/node/5408065868,"Vinjanuten, Suldalsosen, Ryfylke",59.507778,6.486389,1105,NO,Norway,Норвегия,takeoff,,,,"{""free_flying:site"": ""takeoff""}",
node,5408065869,https://www.openstreetmap.org/node/5408065869,Vikeså. Hegelstad Veststart.,58.655278,6.183611,425,NO,Norway,Норвегия,takeoff,,,,"{""free_flying:site"": ""takeoff""}",
node,5408065870,https://www.openstreetmap.org/node/5408065870,Vikeså. Hegelstad Nordstart,58.650972,6.182389,510,NO,Norway,Норвегия,takeoff,,,,"{""free_flying:site"": ""takeoff""}",
node,5408065871,https://www.openstreetmap.org/node/5408065871,"Vikeså, Sondrestarten (Råsafjellet)",58.625278,6.068333,300,NO,Norway,Норвегия,takeoff,,,,"{""free_flying:site"": ""takeoff""}",
node,5408065872,https://www.openstreetmap.org/node/5408065872,Veraland Nord,58.873333,5.937778,0,NO,Norway,Норвегия,takeoff,,,,"{""free_flying:site"": ""takeoff""}",
node,5408065873,https://www.openstreetmap.org/node/5408065873,"Vassfjellet, Søredalen, Seldal",58.825000,5.983056,420,NO,Norway,Норвегия,takeoff,,,,"{""free_flying:site"": ""takeoff""}",
node,5408065874,https://www.openstreetmap.org/node/5408065874,"Ulvanuten, Sandnes, Jordet ved Åsveien.",58.860750,5.769056,110,NO,Norway,Норвегия,takeoff,,,,"{""free_flying:site"": ""takeoff""}",
node,5408065875,https://www.openstreetmap.org/node/5408065875,"Tunglandsfjellet, Jørpeland, Ryfylke",59.016667,6.052500,385,NO,Norway,Норвегия,takeoff,,,,"{""free_flying:site"": ""takeoff""}",
node,5408065876,https://www.openstreetmap.org/node/5408065876,"Trongjo, Tømmerdalen, Haugesund",59.417500,5.340833,219,NO,Norway,Норвегия,takeoff,,,,"{""free_flying:site"": ""takeoff""}",
node,5408065877,https://www.openstreetmap.org/node/5408065877,Torland Airfield,58.688647,5.634495,0,NO,Norway,Норвегия,takeoff,,,,"{""free_flying:site"": ""takeoff""}",
node,5408065878,https://www.openstreetmap.org/node/5408065878,Torland,58.688056,5.642500,15,NO,Norway,Норвегия,takeoff,,,,"{""free_flying:site"": ""takeoff""}",
node,5408065879,https://www.openstreetmap.org/node/5408065879,Sør - Reime,58.638214,5.616461,31,NO,Norway,Норвегия,takeoff,,,,"{""free_flying:site"": ""takeoff""}",
node,5408065880,https://www.openstreetmap.org/node/5408065880,"Søljåsen, Skjold",59.521389,5.613889,370,NO,Norway,Норвегия,takeoff,,,,"{""free_flying:site"": ""takeoff""}",
node,5408065881,https://www.openstreetmap.org/node/5408065881,"Sætra, Lund",58.530556,6.563889,380,NO,Norway,Норвегия,takeoff,,,,"{""free_flying:site"": ""takeoff""}",
node,5408065882,https://www.openstreetmap.org/node/5408065882,Sviland,58.815770,5.838320,235,NO,Norway,Норвегия,takeoff,,,,"{""free_flying:site"": ""takeoff""}",
node,5408065883,https://www.openstreetmap.org/node/5408065883,"Storafjellet, Vikeså i Bjerkreim, SØ exit",58.650278,6.111389,460,NO,Norway,Норвегия,takeoff,,,,"{""free_flying:site"": ""takeoff""}",
node,5408065884,https://www.openstreetmap.org/node/5408065884,"Storafjellet, Vikeså i Bjerkreim, SV exit",58.649444,6.103333,470,NO,Norway,Норвегия,takeoff,,,,"{""free_flying:site"": ""takeoff""}",
node,5408065885,https://www.openstreetmap.org/node/5408065885,"Storafjellet, Vikeså i Bjerkreim, NV exit",58.650278,6.102500,470,NO,Norway,Норвегия,takeoff,,,,"{""free_flying:site"": ""takeoff""}",
node,5408065886,https://www.openstreetmap.org/node/5408065886,Stokkafjellet Ualand,58.561944,6.333333,600,NO,Norway,Норвегия,takeoff,,,S,"{""free_flying:site"": ""takeoff"", ""free_flying:site_orientation"": ""S""}",
node,5408065887,https://www.openstreetmap.org/node/5408065887,Steinsland i Bjerkreim,58.591667,5.994444,120,NO,Norway,Норвегия,takeoff,,,,"{""free_flying:site"": ""takeoff""}",
node,5408065888,https://www.openstreetmap.org/node/5408065888,"Stavtjørn, Skarkaknuten",58.697222,6.349722,710,NO,Norway,Норвегия,takeoff,,,,"{""free_flying:site"": ""takeoff""}",
node,5408065889,https://www.openstreetmap.org/node/5408065889,"Stavtjørn, Kaldrassheia",58.690000,6.362222,580,NO,Norway,Норвегия,takeoff,,,,"{""free_flying:site"": ""takeoff""}",
node,5408065890,https://www.openstreetmap.org/node/5408065890,Stavtjørn - Vindheia -Bjerkreim,58.689167,6.348889,600,NO,Norway,Норвегия,takeoff,,,,"{""free_flying:site"": ""takeoff""}",
node,5408065891,https://www.openstreetmap.org/node/5408065891,Stavtjørn - Hauaknuten - Bjerkreim,58.719444,6.386389,690,NO,Norway,Норвегия,takeoff,,,,"{""free_flying:site"": ""takeoff""}",
node,5408065892,https://www.openstreetmap.org/node/5408065892,"Sola, Vigdel. Er stengt for all flyving pga for nærme sola flyplass",58.858611,5.559444,0,NO,Norway,Норвегия,takeoff,,,,"{""free_flying:site"": ""takeoff""}",
node,5408065893,https://www.openstreetmap.org/node/5408065893,"Sokn, Rennesøy",59.051583,5.663583,10,NO,Norway,Норвегия,takeoff,,,,"{""free_flying:site"": ""takeoff""}",
node,5408065894,https://www.openstreetmap.org/node/5408065894,"Sletthaug, Øvre Vats, Vindafjord",59.553056,5.738889,480,NO,Norway,Норвегия,takeoff,,,,"{""free_flying:site"": ""takeoff""}",
node,5408065895,https://www.openstreetmap.org/node/5408065895,"Skjørbu, Bjørheimsbygd - Ryfylke",59.067486,6.073947,561,NO,Norway,Норвегия,takeoff,,,,"{""free_flying:site"": ""takeoff""}",
node,5408065896,https://www.openstreetmap.org/node/5408065896,Skjelbreihenget - Sandnes,58.837267,5.878306,130,NO,Norway,Норвегия,takeoff,,,,"{""free_flying:site"": ""takeoff""}",
node,5408065897,https://www.openstreetmap.org/node/5408065897,"Sauda, Tempreidnuten",59.635278,6.388333,730,NO,Norway,Норвегия,takeoff,,,,"{""free_flying:site"": ""takeoff""}",
node,5408065898,https://www.openstreetmap.org/node/5408065898,"Sauda, Svandalen, Smalanuten",59.614444,6.225278,700,NO,Norway,Норвегия,takeoff,,,,"{""free_flying:site"": ""takeoff""}",
node,5408065899,https://www.openstreetmap.org/node/5408065899,"Sauda, Svandalen, Ravnafjell",59.612500,6.206389,920,NO,Norway,Норвегия,takeoff,,,,"{""free_flying:site"": ""takeoff""}",
node,5408065900,https://www.openstreetmap.org/node/5408065900,"Sauda, Buer, Nordheia",59.734167,6.362222,700,NO,Norway,Норвегия,takeoff,,,,"{""free_flying:site"": ""takeoff""}",
node,5408065901,https://www.openstreetmap.org/node/5408065901,"Sandnes, Dalsnuten",58.893333,5.785833,323,NO,Norway,Норвегия,takeoff,,,,"{""free_flying:site"": ""takeoff""}",
node,5408065902,https://www.openstreetmap.org/node/5408065902,"Rotabakken gard, Bjørheimsbygd, Strand, Ryfylke",59.063611,6.055556,230,NO,Norway,Норвегия,takeoff,,,,"{""free_flying:site"": ""takeoff""}",
node,5408065903,https://www.openstreetmap.org/node/5408065903,Rogaland - Sandnes - Vatne Skolebakke,58.848056,5.783333,40,NO,Norway,Норвегия,takeoff,,,,"{""free_flying:site"": ""takeoff""}",
node,5408065904,https://www.openstreetmap.org/node/5408065904,Risa/våland MPG flysted nær Nærbø,58.676944,5.734444,144,NO,Norway,Норвегия,takeoff,,,,"{""free_flying:site"": ""takeoff""}",
node,5408065905,https://www.openstreetmap.org/node/5408065905,Revtangen,58.756667,5.493333,0,NO,Norway,Норвегия,takeoff,,,,"{""free_flying:site"": ""takeoff""}",
node,5408065906,https://www.openstreetmap.org/node/5408065906,"Rennesøy, Vikefjellet, Pilå",59.096667,5.707500,217,NO,Norway,Норвегия,takeoff,,,,"{""free_flying:site"": ""takeoff""}",
node,5408065907,https://www.openstreetmap.org/node/5408065907,"Rennesøy, Selsfjellet",59.086944,5.708889,200,NO,Norway,Норвегия,takeoff,,,,"{""free_flying:site"": ""takeoff""}",
node,5408065908,https://www.openstreetmap.org/node/5408065908,Rennesøy - Hodnafjellet,59.073333,5.750556,250,NO,Norway,Норвегия,takeoff,,,,"{""free_flying:site"": ""takeoff""}",
node,5408065909,https://www.openstreetmap.org/node/5408065909,Randabergfjellet,59.018056,5.597778,50,NO,Norway,Норвегия,takeoff,,,,"{""free_flying:site"": ""takeoff""}",
node,5408065910,https://www.openstreetmap.org/node/5408065910,"Ramnafjellet, Lysefjorden, Lysebotn, Ryfylke",59.061389,6.640833,650,NO,Norway,Норвегия,takeoff,,,,"{""free_flying:site"": ""takeoff""}",
node,5408065911,https://www.openstreetmap.org/node/5408065911,Racerbilen - Leite - Jørpeland - Ryfylke,59.051667,6.032500,435,NO,Norway,Норвегия,takeoff,,,,"{""free_flying:site"": ""takeoff""}",
node,5408065912,https://www.openstreetmap.org/node/5408065912,Orrestranden,58.738889,5.513333,0,NO,Norway,Норвегия,takeoff,,,,"{""free_flying:site"": ""takeoff""}",
node,5408065913,https://www.openstreetmap.org/node/5408065913,"Onglanuten, Suldal, Ryfylke",59.441667,6.493611,600,NO,Norway,Норвегия,takeoff,,,,"{""free_flying:site"": ""takeoff""}",
node,5408065914,https://www.openstreetmap.org/node/5408065914,Oltedal Heltnanuten,58.830000,6.018611,345,NO,Norway,Норвегия,takeoff,,,,"{""free_flying:site"": ""takeoff""}",
node,5408065915,https://www.openstreetmap.org/node/5408065915,Obrestad havn,58.653611,5.563889,20,NO,Norway,Норвегия,takeoff,,,,"{""free_flying:site"": ""takeoff""}",
node,5408065916,https://www.openstreetmap.org/node/5408065916,Obrestad fyr,58.657500,5.555833,10,NO,Norway,Норвегия,takeoff,,,,"{""free_flying:site"": ""takeoff""}",
node,5408065917,https://www.openstreetmap.org/node/5408065917,Nuten-Haugesund,59.447778,5.280556,140,NO,Norway,Норвегия,takeoff,,,,"{""free_flying:site"": ""takeoff""}",
node,5408065918,https://www.openstreetmap.org/node/5408065918,"Nipen,Årdal,Ryfylke",59.159444,6.244167,525,NO,Norway,Норвегия,takeoff,,,,"{""free_flying:site"": ""takeoff""}",
node,5408065919,https://www.openstreetmap.org/node/5408065919,Mydland i Sokndal,58.398611,6.438889,275,NO,Norway,Норвегия,takeoff,,,,"{""free_flying:site"": ""takeoff""}",
node,5408065920,https://www.openstreetmap.org/node/5408065920,"Medheia, Hjelmeland, Ryfylke",59.201944,6.107778,430,NO,Norway,Норвегия,takeoff,,,,"{""free_flying:site"": ""takeoff""}",
node,5408066021,https://www.openstreetmap.org/node/5408066021,,58.916150,5.876267,235,NO,Norway,Норвегия,takeoff,,,,"{""free_flying:site"": ""takeoff""}",
node,5408066022,https://www.openstreetmap.org/node/5408066022,Lysenuten,59.527500,5.904167,812,NO,Norway,Норвегия,takeoff,,,,"{""free_flying:site"": ""takeoff""}",
node,5408066023,https://www.openstreetmap.org/node/5408066023,"Lysefjorden, Lysebotn , Øygardstøl",59.046389,6.648889,665,NO,Norway,Норвегия,takeoff,,,,"{""free_flying:site"": ""takeoff""}",
node,5408066024,https://www.openstreetmap.org/node/5408066024,"Lysefjorden, Kjerag",59.034444,6.583889,960,NO,Norway,Норвегия,takeoff,,,,"{""free_flying:site"": ""takeoff""}",
node,5408066025,https://www.openstreetmap.org/node/5408066025,Lysebotn OTP,59.053333,6.647222,0,NO,Norway,Норвегия,takeoff,,,,"{""free_flying:site"": ""takeoff""}",
node,5408066026,https://www.openstreetmap.org/node/5408066026,Lyefjell,58.742500,5.733889,0,NO,Norway,Норвегия,takeoff,,,,"{""free_flying:site"": ""takeoff""}",
node,5408066027,https://www.openstreetmap.org/node/5408066027,,58.919444,5.806111,296,NO,Norway,Норвегия,takeoff,,,,"{""free_flying:site"": ""takeoff""}",
node,5408066028,https://www.openstreetmap.org/node/5408066028,"Levang, Sandnes, Rogaland",58.852222,5.872500,295,NO,Norway,Норвегия,takeoff,,,,"{""free_flying:site"": ""takeoff""}",
node,5408066029,https://www.openstreetmap.org/node/5408066029,"Lensmanstarten,Gjessfjell,Årdal, Ryfylke",59.172778,6.199722,620,NO,Norway,Норвегия,takeoff,,,,"{""free_flying:site"": ""takeoff""}",
node,5408066030,https://www.openstreetmap.org/node/5408066030,"Leite, Jørpeland, Ryfylke",59.040000,6.032222,260,NO,Norway,Норвегия,takeoff,,,,"{""free_flying:site"": ""takeoff""}",
node,5408066031,https://www.openstreetmap.org/node/5408066031,"Lauperak, Bjerkreim, Ørsdalsvatn",58.616500,6.251717,500,NO,Norway,Норвегия,takeoff,,,,"{""free_flying:site"": ""takeoff""}",
node,5408066032,https://www.openstreetmap.org/node/5408066032,"Krakkanuten, Øvre Vats, Vindafjord",59.535556,5.678889,450,NO,Norway,Норвегия,takeoff,,,,"{""free_flying:site"": ""takeoff""}",
node,5408066033,https://www.openstreetmap.org/node/5408066033,"Kragaheia, Skipavåg, Vindafjord",59.500367,6.122050,510,NO,Norway,Норвегия,takeoff,,,,"{""free_flying:site"": ""takeoff""}",
node,5408066034,https://www.openstreetmap.org/node/5408066034,"Klepp, Reve",58.772711,5.520065,0,NO,Norway,Норвегия,takeoff,,,,"{""free_flying:site"": ""takeoff""}",
node,5408066035,https://www.openstreetmap.org/node/5408066035,"Klauv,Haugesund",59.474389,5.365167,246,NO,Norway,Норвегия,takeoff,,,,"{""free_flying:site"": ""takeoff""}",
node,5408066036,https://www.openstreetmap.org/node/5408066036,"Kjort, Nedre Vats",59.481389,5.934722,500,NO,Norway,Норвегия,takeoff,,,,"{""free_flying:site"": ""takeoff""}",
node,5408066037,https://www.openstreetmap.org/node/5408066037,"Kjell`s Airport , Årdal , Ryfylke",59.148056,6.171389,2,NO,Norway,Норвегия,takeoff,,,,"{""free_flying:site"": ""takeoff""}",
node,5408066038,https://www.openstreetmap.org/node/5408066038,Keiserholi,59.611944,5.891111,510,NO,Norway,Норвегия,takeoff,,,,"{""free_flying:site"": ""takeoff""}",
node,5408066039,https://www.openstreetmap.org/node/5408066039,Kartavoll/bue,58.545000,5.859722,387,NO,Norway,Норвегия,takeoff,,,,"{""free_flying:site"": ""takeoff""}",
node,5408066040,https://www.openstreetmap.org/node/5408066040,Iglandsklubbafjellet,59.094167,6.442222,800,NO,Norway,Норвегия,takeoff,,,,"{""free_flying:site"": ""takeoff""}",
node,5408066041,https://www.openstreetmap.org/node/5408066041,"Håland, Skjoldastraumen",59.424167,5.646667,250,NO,Norway,Норвегия,takeoff,,,,"{""free_flying:site"": ""takeoff""}",
node,5408066042,https://www.openstreetmap.org/node/5408066042,Hoyland Mikroflyplass,58.685703,5.582942,12,NO,Norway,Норвегия,takeoff,,,,"{""free_flying:site"": ""takeoff""}",
node,5408066043,https://www.openstreetmap.org/node/5408066043,"Hovda, Nedre Vats,Vindafjord",59.516667,5.750000,531,NO,Norway,Норвегия,takeoff,,,,"{""free_flying:site"": ""takeoff""}",
node,5408066044,https://www.openstreetmap.org/node/5408066044,,58.925833,5.867778,195,NO,Norway,Норвегия,takeoff,,,,"{""free_flying:site"": ""takeoff""}",
node,5408066046,https://www.openstreetmap.org/node/5408066046,Hodnafjell-Tysvær,59.463611,5.490833,230,NO,Norway,Норвегия,takeoff,,,,"{""free_flying:site"": ""takeoff""}",
node,5408066047,https://www.openstreetmap.org/node/5408066047,"Hjelmeland, Årdal (Gjessfjell/Måheia)",59.190278,6.172222,595,NO,Norway,Норвегия,takeoff,,,,"{""free_flying:site"": ""takeoff""}",
node,5408066048,https://www.openstreetmap.org/node/5408066048,Hest-Tysvær,59.309900,5.663361,352,NO,Norway,Норвегия,takeoff,,,,"{""free_flying:site"": ""takeoff""}",
node,5408066049,https://www.openstreetmap.org/node/5408066049,Heimre Kvamen/ Birkeland/Sauda,59.659167,6.408611,70,NO,Norway,Норвегия,takeoff,,,,"{""free_flying:site"": ""takeoff""}",
node,5408066050,https://www.openstreetmap.org/node/5408066050,"Gramsfjell, Bjørheimsbygd, Ryfylke",59.059861,6.070000,505,NO,Norway,Норвегия,takeoff,,,,"{""free_flying:site"": ""takeoff""}",
node,5408066051,https://www.openstreetmap.org/node/5408066051,Gjesdal-Smålifjellet beitemark,58.754722,6.025278,311,NO,Norway,Норвегия,takeoff,,,,"{""free_flying:site"": ""takeoff""}",
node,5408066052,https://www.openstreetmap.org/node/5408066052,"Gjesdal, Husafjell",58.766389,6.019722,335,NO,Norway,Норвегия,takeoff,,,,"{""free_flying:site"": ""takeoff""}",
node,5408066053,https://www.openstreetmap.org/node/5408066053,"Gjesdal, ""Vestfjellet"" Øst .",58.769722,6.000278,425,NO,Norway,Норвегия,takeoff,,,,"{""free_flying:site"": ""takeoff""}",
node,5408066054,https://www.openstreetmap.org/node/5408066054,"Førlandsåsen, Jørpeland, Ryfylke",59.033333,6.073889,532,NO,Norway,Норвегия,takeoff,,,,"{""free_flying:site"": ""takeoff""}",
node,5408066055,https://www.openstreetmap.org/node/5408066055,Frafjord - Gilja,58.833333,6.271944,550,NO,Norway,Норвегия,takeoff,,,,"{""free_flying:site"": ""takeoff""}",
node,5408066056,https://www.openstreetmap.org/node/5408066056,"Fossmork, Moltehola, Lysefjorden",58.968056,6.244444,457,NO,Norway,Норвегия,takeoff,,,,"{""free_flying:site"": ""takeoff""}",
node,5408066057,https://www.openstreetmap.org/node/5408066057,Fossmork Knuten,58.965833,6.250556,684,NO,Norway,Норвегия,takeoff,,,,"{""free_flying:site"": ""takeoff""}",
node,5408066058,https://www.openstreetmap.org/node/5408066058,Fitjanuten - Ålgård - Gjesdal,58.752500,5.935833,476,NO,Norway,Норвегия,takeoff,,,,"{""free_flying:site"": ""takeoff""}",
node,5408066059,https://www.openstreetmap.org/node/5408066059,Figgjo,58.789167,5.783333,234,NO,Norway,Норвегия,takeoff,,,,"{""free_flying:site"": ""takeoff""}",
node,5408066060,https://www.openstreetmap.org/node/5408066060,"Eagle`s Exit , Ingvaldstadfjellet , Årdal , Ryfylke",59.181667,6.157778,550,NO,Norway,Норвегия,takeoff,,,,"{""free_flying:site"": ""takeoff""}",
node,5408066061,https://www.openstreetmap.org/node/5408066061,"Bårefjellet, Vikebygd",59.549500,5.588667,401,NO,Norway,Норвегия,takeoff,,,,"{""free_flying:site"": ""takeoff""}",
node,5408066062,https://www.openstreetmap.org/node/5408066062,Byrkjedal - Maudal - Gjesdal - Ålgård,58.774444,6.330833,470,NO,Norway,Норвегия,takeoff,,,,"{""free_flying:site"": ""takeoff""}",
node,5408066063,https://www.openstreetmap.org/node/5408066063,Bukkaknuten/Høle,58.878889,5.991667,440,NO,Norway,Норвегия,takeoff,,,,"{""free_flying:site"": ""takeoff""}",
node,5408066064,https://www.openstreetmap.org/node/5408066064,Brekka,58.723308,5.763967,100,NO,Norway,Норвегия,takeoff,,,,"{""free_flying:site"": ""takeoff""}",
node,5408066065,https://www.openstreetmap.org/node/5408066065,"Brekke PPG, Forsand",58.949444,6.018333,5,NO,Norway,Норвегия,takeoff,,,,"{""free_flying:site"": ""takeoff""}",
node,5408066066,https://www.openstreetmap.org/node/5408066066,"Breiborg, Breiborgsbotten",59.736944,6.610833,1000,NO,Norway,Норвегия,takeoff,,,,"{""free_flying:site"": ""takeoff""}",
node,5408066067,https://www.openstreetmap.org/node/5408066067,"Botnane, Svartavassnuten",59.632222,6.462500,850,NO,Norway,Норвегия,takeoff,,,,"{""free_flying:site"": ""takeoff""}",
node,5408066068,https://www.openstreetmap.org/node/5408066068,Borgøy,59.344900,5.645133,375,NO,Norway,Норвегия,takeoff,,,,"{""free_flying:site"": ""takeoff""}",
node,5408066069,https://www.openstreetmap.org/node/5408066069,"Borestranden, Jæren",58.800194,5.549980,0,NO,Norway,Норвегия,takeoff,,,,"{""free_flying:site"": ""takeoff""}",
node,5408066070,https://www.openstreetmap.org/node/5408066070,"Blikrabygd-Brennesteig, Vats, Vindafjord",59.527222,5.756944,520,NO,Norway,Норвегия,takeoff,,,,"{""free_flying:site"": ""takeoff""}",
node,5408066071,https://www.openstreetmap.org/node/5408066071,Bjørndalsfjell,58.868889,6.820000,310,NO,Norway,Норвегия,takeoff,,,,"{""free_flying:site"": ""takeoff""}",
node,5408066072,https://www.openstreetmap.org/node/5408066072,"Barkafjellet,Jørpeland, Ryfylke",59.028611,5.998889,407,NO,Norway,Норвегия,takeoff,,,,"{""free_flying:site"": ""takeoff""}",
node,5408066073,https://www.openstreetmap.org/node/5408066073,"Austre Bokn, Bokn",59.231944,5.476667,162,NO,Norway,Норвегия,takeoff,,,,"{""free_flying:site"": ""takeoff""}",
node,5408066074,https://www.openstreetmap.org/node/5408066074,"Askje,Rennesøy",59.065833,5.680556,70,NO,Norway,Норвегия,takeoff,,,,"{""free_flying:site"": ""takeoff""}",
node,5408066075,https://www.openstreetmap.org/node/5408066075,"Alvanuten, Aksdal",59.416667,5.433333,200,NO,Norway,Норвегия,takeoff,,,,"{""free_flying:site"": ""takeoff""}",
node,5408066076,https://www.openstreetmap.org/node/5408066076,"Almåsen, Bjørheimsbygd, Ryfylke",59.059047,6.040119,401,NO,Norway,Норвегия,takeoff,,,,"{""free_flying:site"": ""takeoff""}",
node,5408066077,https://www.openstreetmap.org/node/5408066077,Aksla - Vindafjord,59.552778,5.744444,700,NO,Norway,Норвегия,takeoff,,,,"{""free_flying:site"": ""takeoff""}",
node,5408066078,https://www.openstreetmap.org/node/5408066078,"Klokkhusknuten, Laksesvela, Bjerkreim",58.611389,5.996111,300,NO,Norway,Норвегия,takeoff,,,,"{""free_flying:site"": ""takeoff""}",
node,5408066079,https://www.openstreetmap.org/node/5408066079,"Wyllerløypa, Oslo",59.993611,10.653889,350,NO,Norway,Норвегия,takeoff,,,,"{""free_flying:site"": ""takeoff""}",
node,5408066080,https://www.openstreetmap.org/node/5408066080,Voldsløkka bakketreningsområde Oslo,59.943611,10.753333,82,NO,Norway,Норвегия,takeoff,,,,"{""free_flying:site"": ""takeoff""}",
node,5408066081,https://www.openstreetmap.org/node/5408066081,Utsikten Kafe Oslo ved Sjømannskolen,59.898333,10.756389,60,NO,Norway,Норвегия,takeoff,,,,"{""free_flying:site"": ""takeoff""}",
node,5408066082,https://www.openstreetmap.org/node/5408066082,"Oslo, Årvoll",59.946111,10.820278,0,NO,Norway,Норвегия,takeoff,,,,"{""free_flying:site"": ""takeoff""}",
node,5408066083,https://www.openstreetmap.org/node/5408066083,"Oslo, Trollvann skisenter (Grefsenåsen)",59.959167,10.806111,368,NO,Norway,Норвегия,takeoff,,,,"{""free_flying:site"": ""takeoff""}",
node,5408066084,https://www.openstreetmap.org/node/5408066084,"Oslo, Skullerud,",59.865556,10.846944,143,NO,Norway,Норвегия,takeoff,,,,"{""free_flying:site"": ""takeoff""}",
node,5408066085,https://www.openstreetmap.org/node/5408066085,"Oslo, Grefsenkollen",59.956389,10.800278,310,NO,Norway,Норвегия,takeoff,,,,"{""free_flying:site"": ""takeoff""}",
node,5408066086,https://www.openstreetmap.org/node/5408066086,"Muselunden, Oslo.",59.939644,10.786428,125,NO,Norway,Норвегия,takeoff,,,,"{""free_flying:site"": ""takeoff""}",
node,5408066087,https://www.openstreetmap.org/node/5408066087,"Midtstubakken, Oslo",59.966667,10.672500,328,NO,Norway,Норвегия,takeoff,,,,"{""free_flying:site"": ""takeoff""}",
node,5408066088,https://www.openstreetmap.org/node/5408066088,MalmøyKalven,59.863611,10.743889,5,NO,Norway,Норвегия,takeoff,,,,"{""free_flying:site"": ""takeoff""}",
node,5408066089,https://www.openstreetmap.org/node/5408066089,Langøyene - OTP,59.871389,10.720000,1,NO,Norway,Норвегия,takeoff,,,,"{""free_flying:site"": ""takeoff""}",
node,5408066090,https://www.openstreetmap.org/node/5408066090,Grefsenkleiva,59.955833,10.807222,340,NO,Norway,Норвегия,takeoff,,,,"{""free_flying:site"": ""takeoff""}",
node,5408066091,https://www.openstreetmap.org/node/5408066091,Ekebergsletta,59.894167,10.778611,120,NO,Norway,Норвегия,takeoff,,,,"{""free_flying:site"": ""takeoff""}",
node,5408066092,https://www.openstreetmap.org/node/5408066092,"Øygarden, Fåvang",61.408056,10.261111,788,NO,Norway,Норвегия,takeoff,,,,"{""free_flying:site"": ""takeoff""}",
node,5408066093,https://www.openstreetmap.org/node/5408066093,"Øyer, Kråbøl",61.293056,10.394167,690,NO,Norway,Норвегия,takeoff,,,,"{""free_flying:site"": ""takeoff""}",
node,5408066094,https://www.openstreetmap.org/node/5408066094,Østre Gausdal,61.275278,10.110833,550,NO,Norway,Норвегия,takeoff,,,,"{""free_flying:site"": ""takeoff""}",
node,5408066096,https://www.openstreetmap.org/node/5408066096,"Vågå, Vistdal (Riksanlegget)",61.871389,9.008889,690,NO,Norway,Норвегия,takeoff,,,,"{""free_flying:site"": ""takeoff""}",
node,5408066097,https://www.openstreetmap.org/node/5408066097,"Vågå, Salknappen (Riksanlegget)",61.900278,9.245278,1450,NO,Norway,Норвегия,takeoff,,,,"{""free_flying:site"": ""takeoff""}",
node,5408066098,https://www.openstreetmap.org/node/5408066098,"Vågå, Gråhø (Riksanlegget)",61.883333,9.216667,1320,NO,Norway,Норвегия,takeoff,,,,"{""free_flying:site"": ""takeoff""}",
node,5408066099,https://www.openstreetmap.org/node/5408066099,"Vågå, Gjendehøe",61.486900,8.799767,1255,NO,Norway,Норвегия,takeoff,,,,"{""free_flying:site"": ""takeoff""}",
node,5408066100,https://www.openstreetmap.org/node/5408066100,"Vågå, Blåhø (Riksanlegget)",61.898056,9.285278,1600,NO,Norway,Норвегия,takeoff,,,,"{""free_flying:site"": ""takeoff""}",
node,5408066101,https://www.openstreetmap.org/node/5408066101,vis,61.871667,9.009167,0,NO,Norway,Норвегия,takeoff,,,,"{""free_flying:site"": ""takeoff""}",
node,5408066102,https://www.openstreetmap.org/node/5408066102,Vinstra (Toksekleiva),61.602926,9.778559,585,NO,Norway,Норвегия,takeoff,,,,"{""free_flying:site"": ""takeoff""}",
node,5408066103,https://www.openstreetmap.org/node/5408066103,"Vinjerock-henget, Eidsbugarden, Jotunheimen",61.366667,8.322222,1400,NO,Norway,Норвегия,takeoff,,,,"{""free_flying:site"": ""takeoff""}",
node,5408066104,https://www.openstreetmap.org/node/5408066104,"Vingnes Flystripe, Lillehammer (Mjøsisen)",61.100278,10.444722,120,NO,Norway,Норвегия,takeoff,,,,"{""free_flying:site"": ""takeoff""}",
node,5408066105,https://www.openstreetmap.org/node/5408066105,Veslfjell - Besseggen,61.505278,8.804167,1300,NO,Norway,Норвегия,takeoff,,,,"{""free_flying:site"": ""takeoff""}",
node,5408066106,https://www.openstreetmap.org/node/5408066106,"Veslefjell, Sjåkseter, Strynefjellet",62.032500,7.763611,1350,NO,Norway,Норвегия,takeoff,,,,"{""free_flying:site"": ""takeoff""}",
node,5408066107,https://www.openstreetmap.org/node/5408066107,"Valsfjellet, Gålå",61.494944,9.741389,1050,NO,Norway,Норвегия,takeoff,,,,"{""free_flying:site"": ""takeoff""}",
node,5408066108,https://www.openstreetmap.org/node/5408066108,Valdres.V-Slidre.Kvåle,61.128333,8.964444,0,NO,Norway,Норвегия,takeoff,,,,"{""free_flying:site"": ""takeoff""}",
node,5408066109,https://www.openstreetmap.org/node/5408066109,"Valdres,Skrautvål,Sæbu",61.029444,9.210556,650,NO,Norway,Норвегия,takeoff,,,,"{""free_flying:site"": ""takeoff""}",
node,5408066110,https://www.openstreetmap.org/node/5408066110,"Valdres,Ryeegga",60.973056,9.096111,840,NO,Norway,Норвегия,takeoff,,,,"{""free_flying:site"": ""takeoff""}",
node,5408066111,https://www.openstreetmap.org/node/5408066111,"Valdres, Øystre-Slidre, Raudalen, Beito skisenter",61.219444,8.815000,1000,NO,Norway,Норвегия,takeoff,,,,"{""free_flying:site"": ""takeoff""}",
node,5408066112,https://www.openstreetmap.org/node/5408066112,"Valdres, Øystre Slidre, Rundemellen",61.106943,9.250112,1345,NO,Norway,Норвегия,takeoff,,,,"{""free_flying:site"": ""takeoff""}",
node,5408066113,https://www.openstreetmap.org/node/5408066113,"Valdres, Øystre slidre, Fjellstad",61.122222,9.116667,820,NO,Norway,Норвегия,takeoff,,,,"{""free_flying:site"": ""takeoff""}",
node,5408066114,https://www.openstreetmap.org/node/5408066114,"Valdres, Vestre-Slidre, Lomen",61.147778,8.883333,800,NO,Norway,Норвегия,takeoff,,,,"{""free_flying:site"": ""takeoff""}",
node,5408066115,https://www.openstreetmap.org/node/5408066115,"Valdres, Vestre Slidre, Svarthammaren",61.097222,8.822778,1100,NO,Norway,Норвегия,takeoff,,,,"{""free_flying:site"": ""takeoff""}",
node,5408066116,https://www.openstreetmap.org/node/5408066116,"Valdres, Vang, Tyin, Filefjell Skisenter",61.180278,8.237778,0,NO,Norway,Норвегия,takeoff,,,,"{""free_flying:site"": ""takeoff""}",
node,5408066117,https://www.openstreetmap.org/node/5408066117,"Valdres, Vang, Tvindehaugen",61.327222,8.293889,1400,NO,Norway,Норвегия,takeoff,,,,"{""free_flying:site"": ""takeoff""}",
node,5408066118,https://www.openstreetmap.org/node/5408066118,"Valdres, Vang, Slettefjell",61.197500,8.751389,1250,NO,Norway,Норвегия,takeoff,,,,"{""free_flying:site"": ""takeoff""}",
node,5408066119,https://www.openstreetmap.org/node/5408066119,"Valdres, Vang (Tyin), Øye Jonsgard",61.208611,8.397222,0,NO,Norway,Норвегия,takeoff,,,,"{""free_flying:site"": ""takeoff""}",
node,5408066120,https://www.openstreetmap.org/node/5408066120,"Valdres, synshorn, Bygdin",61.336389,8.798056,1450,NO,Norway,Норвегия,takeoff,,,,"{""free_flying:site"": ""takeoff""}",
node,5408066621,https://www.openstreetmap.org/node/5408066621,"Valdres, Ranheimsbygda,",60.988200,9.260267,630,NO,Norway,Норвегия,takeoff,,,,"{""free_flying:site"": ""takeoff""}",
node,5408066622,https://www.openstreetmap.org/node/5408066622,"Valdres, Leira, Granli - Valdres Folkehøgskule",60.973889,9.317778,0,NO,Norway,Норвегия,takeoff,,,,"{""free_flying:site"": ""takeoff""}",
node,5408066623,https://www.openstreetmap.org/node/5408066623,"Valdres, Garlibygdi, Bakke, Fagernes",60.988333,9.278889,730,NO,Norway,Норвегия,takeoff,,,,"{""free_flying:site"": ""takeoff""}",
node,5408066624,https://www.openstreetmap.org/node/5408066624,"Valdres, Fodnesåsen, Sæbufj",61.013611,9.184167,800,NO,Norway,Норвегия,takeoff,,,,"{""free_flying:site"": ""takeoff""}",
node,5408066625,https://www.openstreetmap.org/node/5408066625,"Valdres, Fodnes",60.983333,9.184167,650,NO,Norway,Норвегия,takeoff,,,,"{""free_flying:site"": ""takeoff""}",
node,5408066626,https://www.openstreetmap.org/node/5408066626,"Valdres, Etnedal,Tintoen (vest for Dokka)",60.814444,9.812778,760,NO,Norway,Норвегия,takeoff,,,,"{""free_flying:site"": ""takeoff""}",
node,5408066627,https://www.openstreetmap.org/node/5408066627,"Valdres, Etnedal, Høljerast, Bjørneberget (vest for Dokka)",60.845000,9.776667,740,NO,Norway,Норвегия,takeoff,,,,"{""free_flying:site"": ""takeoff""}",
node,5408066628,https://www.openstreetmap.org/node/5408066628,"Valdres, Etnedal, Fjellsvarden",60.903056,9.586944,957,NO,Norway,Норвегия,takeoff,,,,"{""free_flying:site"": ""takeoff""}",
node,5408066629,https://www.openstreetmap.org/node/5408066629,"Valdres, Etnedal, Espelifjell.",60.935556,9.575833,970,NO,Norway,Норвегия,takeoff,,,,"{""free_flying:site"": ""takeoff""}",
node,5408066630,https://www.openstreetmap.org/node/5408066630,"Valdres, Bitihorn",61.288333,8.802778,1200,NO,Norway,Норвегия,takeoff,,,,"{""free_flying:site"": ""takeoff""}",
node,5408066631,https://www.openstreetmap.org/node/5408066631,"Valdres, Beito, Smørkollen ved Båtskaret",61.281111,8.833333,1136,NO,Norway,Норвегия,takeoff,,,,"{""free_flying:site"": ""takeoff""}",
node,5408066632,https://www.openstreetmap.org/node/5408066632,"Valdres, Bagn, Stavadalen, Makalaus",60.841667,9.388889,1040,NO,Norway,Норвегия,takeoff,,,,"{""free_flying:site"": ""takeoff""}",
node,5408066633,https://www.openstreetmap.org/node/5408066633,"Valdres, Bagn, Bakka/Langeberg",60.810556,9.529167,700,NO,Norway,Норвегия,takeoff,,,,"{""free_flying:site"": ""takeoff""}",
node,5408066634,https://www.openstreetmap.org/node/5408066634,Valdres Leirholstølen Vang,61.157778,8.604167,1000,NO,Norway,Норвегия,takeoff,,,,"{""free_flying:site"": ""takeoff""}",
node,5408066635,https://www.openstreetmap.org/node/5408066635,Valdres Fagernes Karihus .,60.987222,9.274722,650,NO,Norway,Норвегия,takeoff,,,,"{""free_flying:site"": ""takeoff""}",
node,5408066636,https://www.openstreetmap.org/node/5408066636,"Utsikten, Eidsbugarden, Jotunheimen",61.350000,8.295833,1518,NO,Norway,Норвегия,takeoff,,,,"{""free_flying:site"": ""takeoff""}",
node,5408066638,https://www.openstreetmap.org/node/5408066638,Tjønnfjellet Skåbu,61.584450,9.385374,1076,NO,Norway,Норвегия,takeoff,,,,"{""free_flying:site"": ""takeoff""}",
node,5408066639,https://www.openstreetmap.org/node/5408066639,Sæter. Gausdal,61.238222,10.236194,620,NO,Norway,Норвегия,takeoff,,,,"{""free_flying:site"": ""takeoff""}",
node,5408066640,https://www.openstreetmap.org/node/5408066640,"Svangkampen, Rollstulen, Fåvang",61.418056,10.336944,1067,NO,Norway,Норвегия,takeoff,,,,"{""free_flying:site"": ""takeoff""}",
node,5408066641,https://www.openstreetmap.org/node/5408066641,"Surtningssue, Jotunheimen",61.534250,8.572139,2368,NO,Norway,Норвегия,takeoff,,,,"{""free_flying:site"": ""takeoff""}",
node,5408066642,https://www.openstreetmap.org/node/5408066642,"Suletind, Fillefjell",61.126944,8.132778,1760,NO,Norway,Норвегия,takeoff,,,,"{""free_flying:site"": ""takeoff""}",
node,5408066643,https://www.openstreetmap.org/node/5408066643,Stålhø - Murudalen,61.695556,9.246944,1200,NO,Norway,Норвегия,takeoff,,,,"{""free_flying:site"": ""takeoff""}",
node,5408066644,https://www.openstreetmap.org/node/5408066644,Storhøpiggen,61.408333,9.379722,1400,NO,Norway,Норвегия,takeoff,,,,"{""free_flying:site"": ""takeoff""}",
node,5408066645,https://www.openstreetmap.org/node/5408066645,"Sota, Skjåk",61.789444,7.733056,1330,NO,Norway,Норвегия,takeoff,,,,"{""free_flying:site"": ""takeoff""}",
node,5408066646,https://www.openstreetmap.org/node/5408066646,snertingdalen - torpa,60.933333,10.150000,540,NO,Norway,Норвегия,takeoff,,,,"{""free_flying:site"": ""takeoff""}",
node,5408066647,https://www.openstreetmap.org/node/5408066647,"Sløtafjell, Eidsbugarden, Jotunheimen",61.379167,8.273333,1406,NO,Norway,Норвегия,takeoff,,,,"{""free_flying:site"": ""takeoff""}",
node,5408066648,https://www.openstreetmap.org/node/5408066648,"Slomba, Randsverk",61.760278,9.125833,939,NO,Norway,Норвегия,takeoff,,,,"{""free_flying:site"": ""takeoff""}",
node,5408066649,https://www.openstreetmap.org/node/5408066649,Skjeikampen,61.366667,10.166667,1100,NO,Norway,Норвегия,takeoff,,,,"{""free_flying:site"": ""takeoff""}",
node,5408066650,https://www.openstreetmap.org/node/5408066650,Skeikampen.Gausdal,61.350833,10.088333,1100,NO,Norway,Норвегия,takeoff,,,,"{""free_flying:site"": ""takeoff""}",
node,5408066651,https://www.openstreetmap.org/node/5408066651,Skarven,61.670361,9.877639,1320,NO,Norway,Норвегия,takeoff,,,,"{""free_flying:site"": ""takeoff""}",
node,5408066652,https://www.openstreetmap.org/node/5408066652,"Rånåkollen, Bjorli",62.250000,8.159722,1140,NO,Norway,Норвегия,takeoff,,,,"{""free_flying:site"": ""takeoff""}",
node,5408066653,https://www.openstreetmap.org/node/5408066653,Roåkervegen-Losna-Tretten,61.358975,10.239451,638,NO,Norway,Норвегия,takeoff,,,,"{""free_flying:site"": ""takeoff""}",
node,5408066654,https://www.openstreetmap.org/node/5408066654,Rondane Mysusæter skianlegget,61.803611,9.681389,990,NO,Norway,Норвегия,takeoff,,,,"{""free_flying:site"": ""takeoff""}",
node,5408066655,https://www.openstreetmap.org/node/5408066655,"Ringebu, Brandstadkampen",61.510278,10.191667,650,NO,Norway,Норвегия,takeoff,,,,"{""free_flying:site"": ""takeoff""}",
node,5408066656,https://www.openstreetmap.org/node/5408066656,Ringebu - Trabelifjell,61.627222,10.074167,1088,NO,Norway,Норвегия,takeoff,,,,"{""free_flying:site"": ""takeoff""}",
node,5408066657,https://www.openstreetmap.org/node/5408066657,Otta (Rusten),61.776111,9.557222,610,NO,Norway,Норвегия,takeoff,,,,"{""free_flying:site"": ""takeoff""}",
node,5408066658,https://www.openstreetmap.org/node/5408066658,Otta (Liavegen),61.785862,9.538010,495,NO,Norway,Норвегия,takeoff,,,,"{""free_flying:site"": ""takeoff""}",
node,5408066659,https://www.openstreetmap.org/node/5408066659,Otta (Haldorpiggen),61.810556,9.501111,1118,NO,Norway,Норвегия,takeoff,,,,"{""free_flying:site"": ""takeoff""}",
node,5408066660,https://www.openstreetmap.org/node/5408066660,Otta (Gauklihaugen),61.798575,9.481458,1040,NO,Norway,Норвегия,takeoff,,,,"{""free_flying:site"": ""takeoff""}",
node,5408066661,https://www.openstreetmap.org/node/5408066661,Otta (Brenna),61.753056,9.568333,650,NO,Norway,Норвегия,takeoff,,,,"{""free_flying:site"": ""takeoff""}",
node,5408066662,https://www.openstreetmap.org/node/5408066662,Olasfjellet,61.603333,9.540000,1271,NO,Norway,Норвегия,takeoff,,,,"{""free_flying:site"": ""takeoff""}",
node,5408066663,https://www.openstreetmap.org/node/5408066663,Nårkampen,61.505500,10.028944,1102,NO,Norway,Норвегия,takeoff,,,,"{""free_flying:site"": ""takeoff""}",
node,5408066664,https://www.openstreetmap.org/node/5408066664,Nosi Lesja,62.126944,8.946944,1030,NO,Norway,Норвегия,takeoff,,,,"{""free_flying:site"": ""takeoff""}",
node,5408066665,https://www.openstreetmap.org/node/5408066665,"Neversjøen Jorde PPG start,Gausdal",61.259056,10.253333,660,NO,Norway,Норвегия,takeoff,,,,"{""free_flying:site"": ""takeoff""}",
node,5408066666,https://www.openstreetmap.org/node/5408066666,Mytingsfjellet/Juvfonna (Riksanlegget),61.672500,8.339722,2200,NO,Norway,Норвегия,takeoff,,,,"{""free_flying:site"": ""takeoff""}",
node,5408066667,https://www.openstreetmap.org/node/5408066667,"Mysuseter, Ranglarhø",61.811389,9.715556,1100,NO,Norway,Норвегия,takeoff,,,,"{""free_flying:site"": ""takeoff""}",
node,5408066668,https://www.openstreetmap.org/node/5408066668,"Mjøsa opptrekk senter (Gjøvik, Boat-Tow)",60.787222,10.686944,123,NO,Norway,Норвегия,takeoff,,,,"{""free_flying:site"": ""takeoff""}",
node,5408066669,https://www.openstreetmap.org/node/5408066669,Midthaugen (Vingnes),61.081667,10.411667,440,NO,Norway,Норвегия,takeoff,,,,"{""free_flying:site"": ""takeoff""}",
node,5408066670,https://www.openstreetmap.org/node/5408066670,"Memurubu, Besseggen",61.497650,8.628217,0,NO,Norway,Норвегия,takeoff,,,,"{""free_flying:site"": ""takeoff""}",
node,5408066671,https://www.openstreetmap.org/node/5408066671,"Manfjellet, ved Langtjernbekken",60.552500,9.608333,1050,NO,Norway,Норвегия,takeoff,,,,"{""free_flying:site"": ""takeoff""}",
node,5408066672,https://www.openstreetmap.org/node/5408066672,Manfjellet - stupstart mot sør,60.553056,9.633056,0,NO,Norway,Норвегия,takeoff,,,,"{""free_flying:site"": ""takeoff""}",
node,5408066673,https://www.openstreetmap.org/node/5408066673,Manfjellet,60.559167,9.677778,1000,NO,Norway,Норвегия,takeoff,,,,"{""free_flying:site"": ""takeoff""}",
node,5408066674,https://www.openstreetmap.org/node/5408066674,Læshøi i Lom,61.821667,8.567778,1040,NO,Norway,Норвегия,takeoff,,,,"{""free_flying:site"": ""takeoff""}",
node,5408066675,https://www.openstreetmap.org/node/5408066675,Lårstroppstarten på Holungsøy - Salknappen,61.881861,9.233861,0,NO,Norway,Норвегия,takeoff,,,,"{""free_flying:site"": ""takeoff""}",
node,5408066676,https://www.openstreetmap.org/node/5408066676,Lysbakken Tretten / Mageli,61.366667,10.300000,540,NO,Norway,Норвегия,takeoff,,,,"{""free_flying:site"": ""takeoff""}",
node,5408066677,https://www.openstreetmap.org/node/5408066677,Lindvikskampen (Fåvang),61.387222,10.181667,1010,NO,Norway,Норвегия,takeoff,,,,"{""free_flying:site"": ""takeoff""}",
node,5408066678,https://www.openstreetmap.org/node/5408066678,"Lillehammer, kuleløypa i OL-anlegget",61.124714,10.493992,200,NO,Norway,Норвегия,takeoff,,,,"{""free_flying:site"": ""takeoff""}",
node,5408066679,https://www.openstreetmap.org/node/5408066679,"Lillehammer, Balbergkampen",61.152324,10.443157,540,NO,Norway,Норвегия,takeoff,,,,"{""free_flying:site"": ""takeoff""}",
node,5408066680,https://www.openstreetmap.org/node/5408066680,Lemonsjøen skisenter,61.755000,9.070000,860,NO,Norway,Норвегия,takeoff,,,,"{""free_flying:site"": ""takeoff""}",
node,5408066681,https://www.openstreetmap.org/node/5408066681,"Lauvhø i Visdalen, Lom",61.727222,8.455556,1250,NO,Norway,Норвегия,takeoff,,,,"{""free_flying:site"": ""takeoff""}",
node,5408066682,https://www.openstreetmap.org/node/5408066682,"Kvitfjell, sør (Segelstadseterkampen)",61.458889,10.127500,1050,NO,Norway,Норвегия,takeoff,,,,"{""free_flying:site"": ""takeoff""}",
node,5408066683,https://www.openstreetmap.org/node/5408066683,"Kvitfjell, nord (Segelstadseterkampen)",61.465000,10.127222,1027,NO,Norway,Норвегия,takeoff,,,,"{""free_flying:site"": ""takeoff""}",
node,5408066684,https://www.openstreetmap.org/node/5408066684,Kvitfjell - utforbakken ved krystallen,61.468056,10.146389,645,NO,Norway,Норвегия,takeoff,,,,"{""free_flying:site"": ""takeoff""}",
node,5408066685,https://www.openstreetmap.org/node/5408066685,"Kråbølsberget, gausdal",61.223056,10.121389,700,NO,Norway,Норвегия,takeoff,,,,"{""free_flying:site"": ""takeoff""}",
node,5408066686,https://www.openstreetmap.org/node/5408066686,"Kalvfjellet, Randsverk, Vågå",61.741667,9.050000,1250,NO,Norway,Норвегия,takeoff,,,,"{""free_flying:site"": ""takeoff""}",
node,5408066687,https://www.openstreetmap.org/node/5408066687,Juvasshytta (Riksanlegget),61.690278,8.371389,1800,NO,Norway,Норвегия,takeoff,,,,"{""free_flying:site"": ""takeoff""}",
node,5408066688,https://www.openstreetmap.org/node/5408066688,"Juvass, øvre start",61.680000,8.359722,1800,NO,Norway,Норвегия,takeoff,,,,"{""free_flying:site"": ""takeoff""}",
node,5408066689,https://www.openstreetmap.org/node/5408066689,"Juvass, Atlestarten",61.700000,8.393889,1450,NO,Norway,Норвегия,takeoff,,,,"{""free_flying:site"": ""takeoff""}",
node,5408066690,https://www.openstreetmap.org/node/5408066690,"Jotunheimen, Rundhøe",61.578997,8.176575,1700,NO,Norway,Норвегия,takeoff,,,,"{""free_flying:site"": ""takeoff""}",
node,5408066691,https://www.openstreetmap.org/node/5408066691,"Ivabakken, Fåvang",61.389444,10.276667,555,NO,Norway,Норвегия,takeoff,,,,"{""free_flying:site"": ""takeoff""}",
node,5408066692,https://www.openstreetmap.org/node/5408066692,Høvringen (Skallfjellet),61.840508,9.532657,1050,NO,Norway,Норвегия,takeoff,,,,"{""free_flying:site"": ""takeoff""}",
node,5408066693,https://www.openstreetmap.org/node/5408066693,Høvringen (Formokampen),61.851944,9.560278,1430,NO,Norway,Норвегия,takeoff,,,,"{""free_flying:site"": ""takeoff""}",
node,5408066694,https://www.openstreetmap.org/node/5408066694,"Heggelihaugen, Frya",61.529444,10.030278,600,NO,Norway,Норвегия,takeoff,,,,"{""free_flying:site"": ""takeoff""}",
node,5408066695,https://www.openstreetmap.org/node/5408066695,"Hammers, Vestre Gausdal",61.170556,10.111944,800,NO,Norway,Норвегия,takeoff,,,,"{""free_flying:site"": ""takeoff""}",
node,5408066696,https://www.openstreetmap.org/node/5408066696,Hammers Gausdal. Pg start,61.170556,10.111944,820,NO,Norway,Норвегия,takeoff,,,,"{""free_flying:site"": ""takeoff""}",
node,5408066697,https://www.openstreetmap.org/node/5408066697,Hafjelltoppen,61.229167,10.526389,1060,NO,Norway,Норвегия,takeoff,,,,"{""free_flying:site"": ""takeoff""}",
node,5408066698,https://www.openstreetmap.org/node/5408066698,Hafjell skisenter,61.231111,10.515833,1000,NO,Norway,Норвегия,takeoff,,,,"{""free_flying:site"": ""takeoff""}",
node,5408066699,https://www.openstreetmap.org/node/5408066699,Hafjell Mosetertoppen,61.243611,10.487778,763,NO,Norway,Норвегия,takeoff,,,,"{""free_flying:site"": ""takeoff""}",
node,5408066700,https://www.openstreetmap.org/node/5408066700,"Grønsennknippa, Vestre Slidre",60.988180,8.843436,1368,NO,Norway,Норвегия,takeoff,,,,"{""free_flying:site"": ""takeoff""}",
node,5408066701,https://www.openstreetmap.org/node/5408066701,"Gråhøa, Vinstra",61.677889,9.847389,1431,NO,Norway,Норвегия,takeoff,,,,"{""free_flying:site"": ""takeoff""}",
node,5408066702,https://www.openstreetmap.org/node/5408066702,Grimsdalen,62.034797,9.404467,1440,NO,Norway,Норвегия,takeoff,,,,"{""free_flying:site"": ""takeoff""}",
node,5408066703,https://www.openstreetmap.org/node/5408066703,"Gravafjellet, østtoppen, Eidsbugarden, Jotunheimen",61.385278,8.364722,1451,NO,Norway,Норвегия,takeoff,,,,"{""free_flying:site"": ""takeoff""}",
node,5408066704,https://www.openstreetmap.org/node/5408066704,"Gravafjellet, vesttoppen, Eidsbugarden, Jotunheimen",61.395833,8.305556,1458,NO,Norway,Норвегия,takeoff,,,,"{""free_flying:site"": ""takeoff""}",
node,5408066705,https://www.openstreetmap.org/node/5408066705,"Gran, Vestre Dynna ppg",60.328333,10.590278,0,NO,Norway,Норвегия,takeoff,,,,"{""free_flying:site"": ""takeoff""}",
node,5408066706,https://www.openstreetmap.org/node/5408066706,Galdhøpiggen,61.634433,8.312800,2469,NO,Norway,Норвегия,takeoff,,,,"{""free_flying:site"": ""takeoff""}",
node,5408066707,https://www.openstreetmap.org/node/5408066707,Frya Vestjordet(Nårkampen),61.505556,10.028889,1000,NO,Norway,Норвегия,takeoff,,,,"{""free_flying:site"": ""takeoff""}",
node,5408066708,https://www.openstreetmap.org/node/5408066708,Frya vest (Pyntaberget),61.565833,9.970000,660,NO,Norway,Норвегия,takeoff,,,,"{""free_flying:site"": ""takeoff""}",
node,5408066709,https://www.openstreetmap.org/node/5408066709,frya hg rampa,61.545278,10.063056,220,NO,Norway,Норвегия,takeoff,,,,"{""free_flying:site"": ""takeoff""}",
node,5408066710,https://www.openstreetmap.org/node/5408066710,Frya - Kvasskampen,61.563611,10.030278,715,NO,Norway,Норвегия,takeoff,,,,"{""free_flying:site"": ""takeoff""}",
node,5408066711,https://www.openstreetmap.org/node/5408066711,Frya (HG-rampa),61.558333,10.022500,666,NO,Norway,Норвегия,takeoff,,,,"{""free_flying:site"": ""takeoff""}",
node,5408066712,https://www.openstreetmap.org/node/5408066712,"Frya ""Strype""",61.556389,9.997500,635,NO,Norway,Норвегия,takeoff,,,,"{""free_flying:site"": ""takeoff""}",
node,5408066713,https://www.openstreetmap.org/node/5408066713,Flaksjølihøgda - Spidsbergseter - Venabygdsfjellet,62.678611,10.081944,1112,NO,Norway,Норвегия,takeoff,,,,"{""free_flying:site"": ""takeoff""}",
node,5408066714,https://www.openstreetmap.org/node/5408066714,Flakken eller Flakkshøa,61.749722,9.809167,992,NO,Norway,Норвегия,takeoff,,,,"{""free_flying:site"": ""takeoff""}",
node,5408066715,https://www.openstreetmap.org/node/5408066715,Evenvold. Gausdal,61.215000,10.153056,0,NO,Norway,Норвегия,takeoff,,,,"{""free_flying:site"": ""takeoff""}",
node,5408066716,https://www.openstreetmap.org/node/5408066716,Espesetra (Riksanlegget) ved Sjoa Heidal,61.706944,9.475556,900,NO,Norway,Норвегия,takeoff,,,,"{""free_flying:site"": ""takeoff""}",
node,5408066717,https://www.openstreetmap.org/node/5408066717,Einstad. Gausdal.,61.237222,10.232500,500,NO,Norway,Норвегия,takeoff,,,,"{""free_flying:site"": ""takeoff""}",
node,5408066718,https://www.openstreetmap.org/node/5408066718,Einastranda,60.572633,10.621375,0,NO,Norway,Норвегия,takeoff,,,,"{""free_flying:site"": ""takeoff""}",
node,5408066719,https://www.openstreetmap.org/node/5408066719,"Dombås, Grønsæterhøe, nedre start",62.138333,9.143611,1269,NO,Norway,Норвегия,takeoff,,,,"{""free_flying:site"": ""takeoff""}",
node,5408066720,https://www.openstreetmap.org/node/5408066720,"Dombås, Engjekollen",62.049444,9.171667,1030,NO,Norway,Норвегия,takeoff,,,,"{""free_flying:site"": ""takeoff""}",
node,5408067021,https://www.openstreetmap.org/node/5408067021,Dombås Grønsæterhøe,62.141483,9.152058,1398,NO,Norway,Норвегия,takeoff,,,,"{""free_flying:site"": ""takeoff""}",
node,5408067022,https://www.openstreetmap.org/node/5408067022,"Dokka, Utsikten-nøss (Veståsen)",60.817222,9.916944,730,NO,Norway,Норвегия,takeoff,,,,"{""free_flying:site"": ""takeoff""}",
node,5408067023,https://www.openstreetmap.org/node/5408067023,"Dokka, Hougner",60.852222,9.972500,530,NO,Norway,Норвегия,takeoff,,,,"{""free_flying:site"": ""takeoff""}",
node,5408067024,https://www.openstreetmap.org/node/5408067024,"Bøverdalen, Raubergstulen",61.719444,8.390000,1000,NO,Norway,Норвегия,takeoff,,,,"{""free_flying:site"": ""takeoff""}",
node,5408067025,https://www.openstreetmap.org/node/5408067025,"Bøverdalen, Dugurdsmålkampen(Juvass)",61.700556,8.384167,1550,NO,Norway,Норвегия,takeoff,,,,"{""free_flying:site"": ""takeoff""}",
node,5408067026,https://www.openstreetmap.org/node/5408067026,"Bøverbru, Ringerike mikroflyklubb",60.638667,10.677594,,NO,Norway,Норвегия,takeoff,,,,"{""free_flying:site"": ""takeoff""}",
node,5408067027,https://www.openstreetmap.org/node/5408067027,"Bøsætri, Brønstadstarten (Riksanlegget)",62.077222,8.946389,1040,NO,Norway,Норвегия,takeoff,,,,"{""free_flying:site"": ""takeoff""}",
node,5408067028,https://www.openstreetmap.org/node/5408067028,"Bånseterkampen, Fåvang/Gausdal",61.396944,10.132778,1180,NO,Norway,Норвегия,takeoff,,,,"{""free_flying:site"": ""takeoff""}",
node,5408067029,https://www.openstreetmap.org/node/5408067029,Brandbukampen,60.443611,10.490000,460,NO,Norway,Норвегия,takeoff,,,,"{""free_flying:site"": ""takeoff""}",
node,5408067030,https://www.openstreetmap.org/node/5408067030,"Blåhøe øst, Høydalsvatnet, Bøverdal, Lom",61.673611,8.112500,1270,NO,Norway,Норвегия,takeoff,,,,"{""free_flying:site"": ""takeoff""}",
node,5408067031,https://www.openstreetmap.org/node/5408067031,Blåhø Nord (Riksanlegget),61.901389,9.282778,1500,NO,Norway,Норвегия,takeoff,,,,"{""free_flying:site"": ""takeoff""}",
node,5408067032,https://www.openstreetmap.org/node/5408067032,Bjørnson Gausdal,61.217500,10.265833,260,NO,Norway,Норвегия,takeoff,,,,"{""free_flying:site"": ""takeoff""}",
node,5408067033,https://www.openstreetmap.org/node/5408067033,Bjorli Flyplass,62.233056,8.251667,650,NO,Norway,Норвегия,takeoff,,,,"{""free_flying:site"": ""takeoff""}",
node,5408067034,https://www.openstreetmap.org/node/5408067034,Bismo (Riksanlegget),61.918889,8.235556,1080,NO,Norway,Норвегия,takeoff,,,,"{""free_flying:site"": ""takeoff""}",
node,5408067035,https://www.openstreetmap.org/node/5408067035,Billingen-Strynefjell,62.029444,7.874444,1190,NO,Norway,Норвегия,takeoff,,,,"{""free_flying:site"": ""takeoff""}",
node,5408067036,https://www.openstreetmap.org/node/5408067036,"Besshøe, Jotunheimen",61.517889,8.687917,2258,NO,Norway,Норвегия,takeoff,,,,"{""free_flying:site"": ""takeoff""}",
node,5408067037,https://www.openstreetmap.org/node/5408067037,Bergum. Gausdal,61.227500,10.170556,510,NO,Norway,Норвегия,takeoff,,,,"{""free_flying:site"": ""takeoff""}",
node,5408067038,https://www.openstreetmap.org/node/5408067038,"Berget, Østre Gausdal",61.282778,10.124167,420,NO,Norway,Норвегия,takeoff,,,,"{""free_flying:site"": ""takeoff""}",
node,5408067039,https://www.openstreetmap.org/node/5408067039,"Bakkebygdi, Etnedal",61.024167,9.689444,870,NO,Norway,Норвегия,takeoff,,,,"{""free_flying:site"": ""takeoff""}",
node,5408067040,https://www.openstreetmap.org/node/5408067040,Auggedalen PPG. Gausdal,61.178056,10.141944,300,NO,Norway,Норвегия,takeoff,,,,"{""free_flying:site"": ""takeoff""}",
node,5408067041,https://www.openstreetmap.org/node/5408067041,"Lillehammer, Lysgårdsbakkene K 120",61.125833,10.489722,425,NO,Norway,Норвегия,takeoff,,,,"{""free_flying:site"": ""takeoff""}",
node,5408067042,https://www.openstreetmap.org/node/5408067042,Dovre,62.030833,9.220278,1100,NO,Norway,Норвегия,takeoff,,,,"{""free_flying:site"": ""takeoff""}",
node,5408067043,https://www.openstreetmap.org/node/5408067043,"Østentinden, Ørnes Meløy",66.948056,13.741389,550,NO,Norway,Норвегия,takeoff,,,,"{""free_flying:site"": ""takeoff""}",
node,5408067044,https://www.openstreetmap.org/node/5408067044,"Ørtfjell, Dunderlandsdalen - Rana",66.434444,14.719722,730,NO,Norway,Норвегия,takeoff,,,,"{""free_flying:site"": ""takeoff""}",
node,5408067045,https://www.openstreetmap.org/node/5408067045,"Øra Airsport Area, Ørnes Meløy.",66.935000,13.548056,2,NO,Norway,Норвегия,takeoff,,,,"{""free_flying:site"": ""takeoff""}",
node,5408067046,https://www.openstreetmap.org/node/5408067046,Øra - Nerstranda (skolebakke),66.920278,13.545278,105,NO,Norway,Норвегия,takeoff,,,,"{""free_flying:site"": ""takeoff""}",
node,5408067047,https://www.openstreetmap.org/node/5408067047,Øksnes-Steinlandsfjorden-Flatholmen,68.846389,15.116111,0,NO,Norway,Норвегия,takeoff,,,,"{""free_flying:site"": ""takeoff""}",
node,5408067048,https://www.openstreetmap.org/node/5408067048,"Øksnes, Vottestad",68.973056,15.035556,380,NO,Norway,Норвегия,takeoff,,,,"{""free_flying:site"": ""takeoff""}",
node,5408067049,https://www.openstreetmap.org/node/5408067049,"Øksnes, Nyksund",69.000278,15.025556,30,NO,Norway,Норвегия,takeoff,,,,"{""free_flying:site"": ""takeoff""}",
node,5408067050,https://www.openstreetmap.org/node/5408067050,"Øksnes, Myre, Reinøya",68.884444,15.022222,10,NO,Norway,Норвегия,takeoff,,,,"{""free_flying:site"": ""takeoff""}",
node,5408067051,https://www.openstreetmap.org/node/5408067051,"Øksnes, Finngamheia",68.990278,15.065278,380,NO,Norway,Норвегия,takeoff,,,,"{""free_flying:site"": ""takeoff""}",
node,5408067052,https://www.openstreetmap.org/node/5408067052,Øksnes Torsetheia,68.806389,14.941667,300,NO,Norway,Норвегия,takeoff,,,,"{""free_flying:site"": ""takeoff""}",
node,5408067053,https://www.openstreetmap.org/node/5408067053,Øksnes Torset PPG,68.809722,14.932500,7,NO,Norway,Норвегия,takeoff,,,,"{""free_flying:site"": ""takeoff""}",
node,5408067054,https://www.openstreetmap.org/node/5408067054,Øksnes Skogsøya sø,68.888056,14.979722,290,NO,Norway,Норвегия,takeoff,,,,"{""free_flying:site"": ""takeoff""}",
node,5408067055,https://www.openstreetmap.org/node/5408067055,"Â«Glenn Walle-startenÂ», Auvika, Mjelle",67.403056,14.608333,77,NO,Norway,Норвегия,takeoff,,,,"{""free_flying:site"": ""takeoff""}",
node,5408067056,https://www.openstreetmap.org/node/5408067056,Åmnesfjellet - Åmøya i Søndre Meløy i Nordland,66.768611,13.348333,600,NO,Norway,Норвегия,takeoff,,,,"{""free_flying:site"": ""takeoff""}",
node,5408067057,https://www.openstreetmap.org/node/5408067057,Ytresandheia,68.099639,13.118361,324,NO,Norway,Норвегия,takeoff,,,,"{""free_flying:site"": ""takeoff""}",
node,5408067058,https://www.openstreetmap.org/node/5408067058,X-Svartisen,66.471667,13.872500,0,NO,Norway,Норвегия,takeoff,,,,"{""free_flying:site"": ""takeoff""}",
node,5408067059,https://www.openstreetmap.org/node/5408067059,Værøy Nedlagte flyplass,67.688611,12.676944,20,NO,Norway,Норвегия,takeoff,,,,"{""free_flying:site"": ""takeoff""}",
node,5408067060,https://www.openstreetmap.org/node/5408067060,"Vårhompen, Dunderlandsdalen - Rana",66.397222,15.204167,820,NO,Norway,Норвегия,takeoff,,,,"{""free_flying:site"": ""takeoff""}",
node,5408067061,https://www.openstreetmap.org/node/5408067061,Vågfjellet - Reitan - Bodø,67.309722,14.863056,355,NO,Norway,Норвегия,takeoff,,,,"{""free_flying:site"": ""takeoff""}",
node,5408067062,https://www.openstreetmap.org/node/5408067062,"Vågaksla, Sandhornøy",67.121944,14.060278,0,NO,Norway,Норвегия,takeoff,,,,"{""free_flying:site"": ""takeoff""}",
node,5408067063,https://www.openstreetmap.org/node/5408067063,"Vevelstad, Forvikfjellet",65.708056,12.503056,500,NO,Norway,Норвегия,takeoff,,,,"{""free_flying:site"": ""takeoff""}",
node,5408067064,https://www.openstreetmap.org/node/5408067064,"Veten, Hemnes,",66.202500,13.750000,700,NO,Norway,Норвегия,takeoff,,,,"{""free_flying:site"": ""takeoff""}",
node,5408067065,https://www.openstreetmap.org/node/5408067065,Vestvågøy Leknes Ballstad Nonstind,68.071667,13.505556,554,NO,Norway,Норвегия,takeoff,,,,"{""free_flying:site"": ""takeoff""}",
node,5408067066,https://www.openstreetmap.org/node/5408067066,Vesterålen - Møysalen,68.526667,15.450833,1262,NO,Norway,Норвегия,takeoff,,,,"{""free_flying:site"": ""takeoff""}",
node,5408067067,https://www.openstreetmap.org/node/5408067067,Vega Vikatinden 404m(,65.627089,11.873303,661,NO,Norway,Норвегия,takeoff,,,,"{""free_flying:site"": ""takeoff""}",
node,5408067068,https://www.openstreetmap.org/node/5408067068,"Vefsn, Øyfjellet start- Øst",65.832500,13.158056,793,NO,Norway,Норвегия,takeoff,,,,"{""free_flying:site"": ""takeoff""}",
node,5408067069,https://www.openstreetmap.org/node/5408067069,"Vefsn, Vetenfjellet",65.929167,13.171944,400,NO,Norway,Норвегия,takeoff,,,,"{""free_flying:site"": ""takeoff""}",
node,5408067070,https://www.openstreetmap.org/node/5408067070,"Vefsn, Lukttindrauva",65.998192,13.521750,720,NO,Norway,Норвегия,takeoff,,,,"{""free_flying:site"": ""takeoff""}",
node,5408067071,https://www.openstreetmap.org/node/5408067071,"Vefsn, Helfjellet",65.955833,13.321389,760,NO,Norway,Норвегия,takeoff,,,,"{""free_flying:site"": ""takeoff""}",
node,5408067072,https://www.openstreetmap.org/node/5408067072,"Vefsn, Hatten",66.007778,13.480556,700,NO,Norway,Норвегия,takeoff,,,,"{""free_flying:site"": ""takeoff""}",
node,5408067073,https://www.openstreetmap.org/node/5408067073,"Vefsn, Drevlandsaksla",65.949444,13.106111,471,NO,Norway,Норвегия,takeoff,,,,"{""free_flying:site"": ""takeoff""}",
node,5408067074,https://www.openstreetmap.org/node/5408067074,"Vefsn, Blåfjell",66.020556,13.388611,660,NO,Norway,Норвегия,takeoff,,,,"{""free_flying:site"": ""takeoff""}",
node,5408067075,https://www.openstreetmap.org/node/5408067075,"Vassultinden, Brenna",68.320083,14.320444,400,NO,Norway,Норвегия,takeoff,,,,"{""free_flying:site"": ""takeoff""}",
node,5408067076,https://www.openstreetmap.org/node/5408067076,Valnesfjord-Bergstarten,67.311944,15.302500,420,NO,Norway,Норвегия,takeoff,,,,"{""free_flying:site"": ""takeoff""}",
node,5408067077,https://www.openstreetmap.org/node/5408067077,"Utakleiv, Lofoten",68.208889,13.496667,50,NO,Norway,Норвегия,takeoff,,,,"{""free_flying:site"": ""takeoff""}",
node,5408067078,https://www.openstreetmap.org/node/5408067078,"Unstadskaret, Leknes, Vestvågøy, Lofoten",68.256667,13.618056,180,NO,Norway,Норвегия,takeoff,,,,"{""free_flying:site"": ""takeoff""}",
node,5408067079,https://www.openstreetmap.org/node/5408067079,"Ulsvågskaret, Ulsvåg - Hamarøy.",68.105278,15.875833,275,NO,Norway,Норвегия,takeoff,,,,"{""free_flying:site"": ""takeoff""}",
node,5408067080,https://www.openstreetmap.org/node/5408067080,"Tverrfjellet,Glombreen Øvre start",66.831331,13.902361,978,NO,Norway,Норвегия,takeoff,,,,"{""free_flying:site"": ""takeoff""}",
node,5408067081,https://www.openstreetmap.org/node/5408067081,"Tua i Kjemsåsen "" Mosjøen """,65.849167,13.368333,485,NO,Norway,Норвегия,takeoff,,,,"{""free_flying:site"": ""takeoff""}",
node,5408067082,https://www.openstreetmap.org/node/5408067082,"Tretindan, Steigen, Engeløya",67.960556,15.091389,460,NO,Norway,Норвегия,takeoff,,,,"{""free_flying:site"": ""takeoff""}",
node,5408067083,https://www.openstreetmap.org/node/5408067083,"Tosbotn, Vesterfjellet",65.322500,13.115833,975,NO,Norway,Норвегия,takeoff,,,,"{""free_flying:site"": ""takeoff""}",
node,5408067084,https://www.openstreetmap.org/node/5408067084,"Tosbotn, Toerfjellet",65.365000,13.048056,1024,NO,Norway,Норвегия,takeoff,,,,"{""free_flying:site"": ""takeoff""}",
node,5408067085,https://www.openstreetmap.org/node/5408067085,"Tosbotn, Søndre Snøfjell",65.329167,12.828611,880,NO,Norway,Норвегия,takeoff,,,,"{""free_flying:site"": ""takeoff""}",
node,5408067086,https://www.openstreetmap.org/node/5408067086,"Tosbotn, Pkt. 962m",65.401667,12.993056,962,NO,Norway,Норвегия,takeoff,,,,"{""free_flying:site"": ""takeoff""}",
node,5408067087,https://www.openstreetmap.org/node/5408067087,"Tosbotn, Nordre Snøfjell",65.366389,12.852500,1000,NO,Norway,Норвегия,takeoff,,,,"{""free_flying:site"": ""takeoff""}",
node,5408067088,https://www.openstreetmap.org/node/5408067088,"Tosbotn, Mosvatnet",65.295000,13.142778,795,NO,Norway,Норвегия,takeoff,,,,"{""free_flying:site"": ""takeoff""}",
node,5408067089,https://www.openstreetmap.org/node/5408067089,"Tosbotn, Middagsheia",65.305556,12.971389,625,NO,Norway,Норвегия,takeoff,,,,"{""free_flying:site"": ""takeoff""}",
node,5408067090,https://www.openstreetmap.org/node/5408067090,"Tosbotn, Langskardnasen",65.438611,13.115833,1142,NO,Norway,Норвегия,takeoff,,,,"{""free_flying:site"": ""takeoff""}",
node,5408067091,https://www.openstreetmap.org/node/5408067091,"Tosbotn, Laajroenjuenie",65.352500,12.906667,720,NO,Norway,Норвегия,takeoff,,,,"{""free_flying:site"": ""takeoff""}",
node,5408067092,https://www.openstreetmap.org/node/5408067092,"Tosbotn, Laajroe",65.345833,12.867500,550,NO,Norway,Норвегия,takeoff,,,,"{""free_flying:site"": ""takeoff""}",
node,5408067093,https://www.openstreetmap.org/node/5408067093,"Tosbotn, Krommen",65.325278,13.096944,1002,NO,Norway,Норвегия,takeoff,,,,"{""free_flying:site"": ""takeoff""}",
node,5408067094,https://www.openstreetmap.org/node/5408067094,"Tosbotn, Grunnvasstinden",65.399167,13.033333,1066,NO,Norway,Норвегия,takeoff,,,,"{""free_flying:site"": ""takeoff""}",
node,5408067095,https://www.openstreetmap.org/node/5408067095,"Tosbotn, Durmålstinden",65.301389,13.074167,931,NO,Norway,Норвегия,takeoff,,,,"{""free_flying:site"": ""takeoff""}",
node,5408067096,https://www.openstreetmap.org/node/5408067096,"Tosbotn, Breidvasstinden Kaffivatnet",65.380278,12.961944,850,NO,Norway,Норвегия,takeoff,,,,"{""free_flying:site"": ""takeoff""}",
node,5408067097,https://www.openstreetmap.org/node/5408067097,"Tosbotn, Breidvasstinden",65.397500,12.931389,1224,NO,Norway,Норвегия,takeoff,,,,"{""free_flying:site"": ""takeoff""}",
node,5408067098,https://www.openstreetmap.org/node/5408067098,"Tosbotn, Aunfjellet",65.332500,12.777222,769,NO,Norway,Норвегия,takeoff,,,,"{""free_flying:site"": ""takeoff""}",
node,5408067099,https://www.openstreetmap.org/node/5408067099,Tonnes - Breidvikfjellet,66.502500,13.043056,182,NO,Norway,Норвегия,takeoff,,,,"{""free_flying:site"": ""takeoff""}",
node,5408067100,https://www.openstreetmap.org/node/5408067100,"Tjeldbergtind, Svolvær",68.229167,14.498333,368,NO,Norway,Норвегия,takeoff,,,,"{""free_flying:site"": ""takeoff""}",
node,5408067101,https://www.openstreetmap.org/node/5408067101,"Tindstind aka Tinden, Bø i Vesterålen",68.845278,14.761944,460,NO,Norway,Норвегия,takeoff,,,,"{""free_flying:site"": ""takeoff""}",
node,5408067102,https://www.openstreetmap.org/node/5408067102,"Tenna PPG, Hærøyene, Nordland",65.947500,12.203611,10,NO,Norway,Норвегия,takeoff,,,,"{""free_flying:site"": ""takeoff""}",
node,5408067103,https://www.openstreetmap.org/node/5408067103,"Sørvågen, Lofoten",67.896667,13.007778,130,NO,Norway,Норвегия,takeoff,,,,"{""free_flying:site"": ""takeoff""}",
node,5408067104,https://www.openstreetmap.org/node/5408067104,Sørsanden Nord,68.923611,14.874722,384,NO,Norway,Норвегия,takeoff,,,,"{""free_flying:site"": ""takeoff""}",
node,5408067105,https://www.openstreetmap.org/node/5408067105,Sørnesøy,66.578056,12.648889,200,NO,Norway,Норвегия,takeoff,,,,"{""free_flying:site"": ""takeoff""}",
node,5408067106,https://www.openstreetmap.org/node/5408067106,Sørfold - Skjærfjellet/Daumannvika,67.423056,15.595000,521,NO,Norway,Норвегия,takeoff,,,,"{""free_flying:site"": ""takeoff""}",
node,5408067107,https://www.openstreetmap.org/node/5408067107,Sørfold - Durmålstinden,67.309083,15.728567,1141,NO,Norway,Норвегия,takeoff,,,,"{""free_flying:site"": ""takeoff""}",
node,5408067108,https://www.openstreetmap.org/node/5408067108,"Sømna, Vik, Aspunvikhatten",65.308333,12.125000,100,NO,Norway,Норвегия,takeoff,,,,"{""free_flying:site"": ""takeoff""}",
node,5408067109,https://www.openstreetmap.org/node/5408067109,Sæterfjellet,65.429444,12.373333,600,NO,Norway,Норвегия,takeoff,,,,"{""free_flying:site"": ""takeoff""}",
node,5408067110,https://www.openstreetmap.org/node/5408067110,"Svenningdalen, Åarjeltjahke-vest",65.314722,13.438333,875,NO,Norway,Норвегия,takeoff,,,,"{""free_flying:site"": ""takeoff""}",
node,5408067111,https://www.openstreetmap.org/node/5408067111,"svarttjørna ""Mosjøen""",65.817778,13.413056,480,NO,Norway,Норвегия,takeoff,,,,"{""free_flying:site"": ""takeoff""}",
node,5408067112,https://www.openstreetmap.org/node/5408067112,"Svarttjønnlia ""Mosjøen""",65.816833,13.410028,0,NO,Norway,Норвегия,takeoff,,,,"{""free_flying:site"": ""takeoff""}",
node,5408067113,https://www.openstreetmap.org/node/5408067113,Svartisen (Resmorskaret) Rødøy,66.657500,13.637778,700,NO,Norway,Норвегия,takeoff,,,,"{""free_flying:site"": ""takeoff""}",
node,5408067114,https://www.openstreetmap.org/node/5408067114,Sundøy - Horva,66.010000,12.826389,400,NO,Norway,Норвегия,takeoff,,,,"{""free_flying:site"": ""takeoff""}",
node,5408067115,https://www.openstreetmap.org/node/5408067115,Sulitjelma (fauske) - Avvilumtjähkkä,67.101153,15.888408,1050,NO,Norway,Норвегия,takeoff,,,,"{""free_flying:site"": ""takeoff""}",
node,5408067116,https://www.openstreetmap.org/node/5408067116,Straumen Straumklompen,67.350000,15.616667,830,NO,Norway,Норвегия,takeoff,,,,"{""free_flying:site"": ""takeoff""}",
node,5408067117,https://www.openstreetmap.org/node/5408067117,Storvik PPG,66.950000,13.816667,4,NO,Norway,Норвегия,takeoff,,,,"{""free_flying:site"": ""takeoff""}",
node,5408067118,https://www.openstreetmap.org/node/5408067118,Storola-Veten,66.212778,13.729167,640,NO,Norway,Норвегия,takeoff,,,,"{""free_flying:site"": ""takeoff""}",
node,5408067119,https://www.openstreetmap.org/node/5408067119,"Storlifjellet, Dunderlandsdalen - Rana",66.519444,14.944444,600,NO,Norway,Норвегия,takeoff,,,,"{""free_flying:site"": ""takeoff""}",
node,5408067120,https://www.openstreetmap.org/node/5408067120,"Storheil, Heilsfjellet i Bindal",65.136389,12.120833,155,NO,Norway,Норвегия,takeoff,,,,"{""free_flying:site"": ""takeoff""}",
node,5408067221,https://www.openstreetmap.org/node/5408067221,"Stordalsaksla,Kanstadfjorden, Lødingen",68.504722,15.857500,390,NO,Norway,Норвегия,takeoff,,,,"{""free_flying:site"": ""takeoff""}",
node,5408067222,https://www.openstreetmap.org/node/5408067222,Stokmarknes lufthavn,68.580833,15.021667,3,NO,Norway,Норвегия,takeoff,,,,"{""free_flying:site"": ""takeoff""}",
node,5408067223,https://www.openstreetmap.org/node/5408067223,"Stokkåsen, Tjeldøya",68.528056,16.416111,418,NO,Norway,Норвегия,takeoff,,,,"{""free_flying:site"": ""takeoff""}",
node,5408067224,https://www.openstreetmap.org/node/5408067224,"Stighaugen,Sundsfjord,Gildeskål",66.967778,14.160833,500,NO,Norway,Норвегия,takeoff,,,,"{""free_flying:site"": ""takeoff""}",
node,5408067225,https://www.openstreetmap.org/node/5408067225,"Steigen, Engeløya, Prestkona",67.933333,15.035278,510,NO,Norway,Норвегия,takeoff,,,,"{""free_flying:site"": ""takeoff""}",
node,5408067226,https://www.openstreetmap.org/node/5408067226,"steigen, engeløya, brunes",67.996667,15.117778,50,NO,Norway,Норвегия,takeoff,,,,"{""free_flying:site"": ""takeoff""}",
node,5408067227,https://www.openstreetmap.org/node/5408067227,"Steigen, Engeløya Solvoll PPG-start",67.938333,14.970000,1,NO,Norway,Норвегия,takeoff,,,,"{""free_flying:site"": ""takeoff""}",
node,5408067228,https://www.openstreetmap.org/node/5408067228,"Sperstad, Jektvik, Rødøy",66.604444,13.245833,85,NO,Norway,Норвегия,takeoff,,,,"{""free_flying:site"": ""takeoff""}",
node,5408067229,https://www.openstreetmap.org/node/5408067229,"Sortland, Ånstadblåheia",68.717500,15.313889,503,NO,Norway,Норвегия,takeoff,,,,"{""free_flying:site"": ""takeoff""}",
node,5408067230,https://www.openstreetmap.org/node/5408067230,"Sortland, Vikheia",68.791389,15.230000,505,NO,Norway,Норвегия,takeoff,,,,"{""free_flying:site"": ""takeoff""}",
node,5408067231,https://www.openstreetmap.org/node/5408067231,"Sortland, Valfjordkollen",68.706389,15.153611,100,NO,Norway,Норвегия,takeoff,,,,"{""free_flying:site"": ""takeoff""}",
node,5408067232,https://www.openstreetmap.org/node/5408067232,"Sortland, Sørfjord",68.709444,15.613889,50,NO,Norway,Норвегия,takeoff,,,,"{""free_flying:site"": ""takeoff""}",
node,5408067233,https://www.openstreetmap.org/node/5408067233,"Sortland, Svellingen",68.761111,15.488889,425,NO,Norway,Норвегия,takeoff,,,,"{""free_flying:site"": ""takeoff""}",
node,5408067234,https://www.openstreetmap.org/node/5408067234,"Sortland, Steiroheia",68.691111,15.339722,440,NO,Norway,Норвегия,takeoff,,,,"{""free_flying:site"": ""takeoff""}",
node,5408067235,https://www.openstreetmap.org/node/5408067235,Sortland Holmstad vinsjestart,68.720100,15.151467,2,NO,Norway,Норвегия,takeoff,,,,"{""free_flying:site"": ""takeoff""}",
node,5408067236,https://www.openstreetmap.org/node/5408067236,Sortland Holmstad Bjerke-PPG,68.713056,15.205278,50,NO,Norway,Норвегия,takeoff,,,,"{""free_flying:site"": ""takeoff""}",
node,5408067237,https://www.openstreetmap.org/node/5408067237,Sortland - Vikøya,68.760556,15.335000,11,NO,Norway,Норвегия,takeoff,,,,"{""free_flying:site"": ""takeoff""}",
node,5408067238,https://www.openstreetmap.org/node/5408067238,Sortland - Strandheia,68.700000,15.500000,0,NO,Norway,Норвегия,takeoff,,,,"{""free_flying:site"": ""takeoff""}",
node,5408067239,https://www.openstreetmap.org/node/5408067239,Sortland - Nordheia,68.785278,15.292778,290,NO,Norway,Норвегия,takeoff,,,,"{""free_flying:site"": ""takeoff""}",
node,5408067240,https://www.openstreetmap.org/node/5408067240,Sortland - Holmstaddalen - Durmålskollen,68.698889,15.219444,298,NO,Norway,Норвегия,takeoff,,,,"{""free_flying:site"": ""takeoff""}",
node,5408067241,https://www.openstreetmap.org/node/5408067241,Sortland - Eidsfjord - Valneset,68.739722,15.082500,5,NO,Norway,Норвегия,takeoff,,,,"{""free_flying:site"": ""takeoff""}",
node,5408067242,https://www.openstreetmap.org/node/5408067242,"Solvoll Airport, Grønås, Fauske",67.320833,15.509444,44,NO,Norway,Норвегия,takeoff,,,,"{""free_flying:site"": ""takeoff""}",
node,5408067243,https://www.openstreetmap.org/node/5408067243,"Skåla ved Brennvika, Steigen",67.729167,14.916667,340,NO,Norway,Норвегия,takeoff,,,,"{""free_flying:site"": ""takeoff""}",
node,5408067244,https://www.openstreetmap.org/node/5408067244,"Skrådalsheia, Stø, Øksnes",69.000000,15.135556,250,NO,Norway,Норвегия,takeoff,,,,"{""free_flying:site"": ""takeoff""}",
node,5408067245,https://www.openstreetmap.org/node/5408067245,Skredtinden - Sørfjorden,68.714722,15.705833,690,NO,Norway,Норвегия,takeoff,,,,"{""free_flying:site"": ""takeoff""}",
node,5408067246,https://www.openstreetmap.org/node/5408067246,"Skredfjellet, Godfjord, Hinnøya",68.915556,15.881111,430,NO,Norway,Норвегия,takeoff,,,,"{""free_flying:site"": ""takeoff""}",
node,5408067247,https://www.openstreetmap.org/node/5408067247,Skogsøya Sørsanden Øksnes kommune,68.920456,14.885469,265,NO,Norway,Норвегия,takeoff,,,,"{""free_flying:site"": ""takeoff""}",
node,5408067248,https://www.openstreetmap.org/node/5408067248,"Skogreina PPG/PHG, Øra - Meløy",66.933333,13.566667,4,NO,Norway,Норвегия,takeoff,,,,"{""free_flying:site"": ""takeoff""}",
node,5408067249,https://www.openstreetmap.org/node/5408067249,Skjeggen,66.937528,13.629764,950,NO,Norway,Норвегия,takeoff,,,,"{""free_flying:site"": ""takeoff""}",
node,5408067250,https://www.openstreetmap.org/node/5408067250,"Skauvoll, Kjerringa, Gildeskål",66.980556,14.075556,409,NO,Norway,Норвегия,takeoff,,,,"{""free_flying:site"": ""takeoff""}",
node,5408067251,https://www.openstreetmap.org/node/5408067251,Skaugvollknubben,66.980556,14.075556,425,NO,Norway,Норвегия,takeoff,,,,"{""free_flying:site"": ""takeoff""}",
node,5408067252,https://www.openstreetmap.org/node/5408067252,"Skarstinden, Åmøy i Meløy kommune",66.763330,13.413980,641,NO,Norway,Норвегия,takeoff,,,,"{""free_flying:site"": ""takeoff""}",
node,5408067253,https://www.openstreetmap.org/node/5408067253,Skarstadfjellet,68.365556,16.339167,0,NO,Norway,Норвегия,takeoff,,,,"{""free_flying:site"": ""takeoff""}",
node,5408067254,https://www.openstreetmap.org/node/5408067254,"Skardmodalen, Reinkalvklumpen",65.466667,14.197778,900,NO,Norway,Норвегия,takeoff,,,,"{""free_flying:site"": ""takeoff""}",
node,5408067255,https://www.openstreetmap.org/node/5408067255,"Skardmodalen, Midtfjellet",65.482889,14.209889,795,NO,Norway,Норвегия,takeoff,,,,"{""free_flying:site"": ""takeoff""}",
node,5408067256,https://www.openstreetmap.org/node/5408067256,"Skarberget, Skrovkjosen",68.256944,16.370556,390,NO,Norway,Норвегия,takeoff,,,,"{""free_flying:site"": ""takeoff""}",
node,5408067257,https://www.openstreetmap.org/node/5408067257,Sjonbotten - Tippen,66.313139,13.576722,235,NO,Norway,Норвегия,takeoff,,,,"{""free_flying:site"": ""takeoff""}",
node,5408067258,https://www.openstreetmap.org/node/5408067258,"SiktdalshøgdaPPG, E10 mot Bjørnfjell",68.515556,17.869722,400,NO,Norway,Норвегия,takeoff,,,,"{""free_flying:site"": ""takeoff""}",
node,5408067259,https://www.openstreetmap.org/node/5408067259,Sautuva Halsa,66.742222,13.691389,437,NO,Norway,Норвегия,takeoff,,,,"{""free_flying:site"": ""takeoff""}",
node,5408067260,https://www.openstreetmap.org/node/5408067260,Sandågåsen (2km. fra Ørnes),66.853333,13.737222,201,NO,Norway,Норвегия,takeoff,,,,"{""free_flying:site"": ""takeoff""}",
node,5408067261,https://www.openstreetmap.org/node/5408067261,"Sandå Åsen, Spilderdal, Meløy",66.000000,13.000000,150,NO,Norway,Норвегия,takeoff,,,,"{""free_flying:site"": ""takeoff""}",
node,5408067262,https://www.openstreetmap.org/node/5408067262,"Sandnessjøen, tvillingene syv søstre",65.950556,12.548056,230,NO,Norway,Норвегия,takeoff,,,,"{""free_flying:site"": ""takeoff""}",
node,5408067263,https://www.openstreetmap.org/node/5408067263,Saltdal- Ørrfloget,67.055833,15.308889,430,NO,Norway,Норвегия,takeoff,,,,"{""free_flying:site"": ""takeoff""}",
node,5408067264,https://www.openstreetmap.org/node/5408067264,Saltdal Rognan Osfjellet,67.087500,15.406389,220,NO,Norway,Норвегия,takeoff,,,,"{""free_flying:site"": ""takeoff""}",
node,5408067265,https://www.openstreetmap.org/node/5408067265,Rørvikskaret Austvågøy Lofoten,68.216956,14.289608,0,NO,Norway,Норвегия,takeoff,,,,"{""free_flying:site"": ""takeoff""}",
node,5408067266,https://www.openstreetmap.org/node/5408067266,Rødøyløva Rødøya,66.674167,13.060556,443,NO,Norway,Норвегия,takeoff,,,,"{""free_flying:site"": ""takeoff""}",
node,5408067267,https://www.openstreetmap.org/node/5408067267,"Rødøy, ""Heia"" Tjongsfjord",66.681667,13.476944,100,NO,Norway,Норвегия,takeoff,,,,"{""free_flying:site"": ""takeoff""}",
node,5408067268,https://www.openstreetmap.org/node/5408067268,Rødsand heia / Blokken tindan,68.581667,15.346944,631,NO,Norway,Норвегия,takeoff,,,,"{""free_flying:site"": ""takeoff""}",
node,5408067269,https://www.openstreetmap.org/node/5408067269,Ronsfjellet ved Kjeldal - Bjærangsfjord Søndre Meløy,66.775972,13.723383,900,NO,Norway,Норвегия,takeoff,,,,"{""free_flying:site"": ""takeoff""}",
node,5408067270,https://www.openstreetmap.org/node/5408067270,Rognan vikfjellet,67.127750,15.345056,644,NO,Norway,Норвегия,takeoff,,,,"{""free_flying:site"": ""takeoff""}",
node,5408067271,https://www.openstreetmap.org/node/5408067271,Rognan Stortuva,67.079167,15.452500,600,NO,Norway,Норвегия,takeoff,,,,"{""free_flying:site"": ""takeoff""}",
node,5408067272,https://www.openstreetmap.org/node/5408067272,Rognan Flyplass (opptrekk),67.099722,15.411389,3,NO,Norway,Норвегия,takeoff,,,,"{""free_flying:site"": ""takeoff""}",
node,5408067273,https://www.openstreetmap.org/node/5408067273,Rismålstinden - ved Ågskardet på kommunegrense Meløy / Rødøy,66.700000,13.511389,630,NO,Norway,Норвегия,takeoff,,,,"{""free_flying:site"": ""takeoff""}",
node,5408067274,https://www.openstreetmap.org/node/5408067274,"Rise, Vestvågøy, Lofoten",68.208333,13.668611,0,NO,Norway,Норвегия,takeoff,,,,"{""free_flying:site"": ""takeoff""}",
node,5408067275,https://www.openstreetmap.org/node/5408067275,Reine i Lofoten,67.930278,13.090556,3,NO,Norway,Норвегия,takeoff,,,,"{""free_flying:site"": ""takeoff""}",
node,5408067276,https://www.openstreetmap.org/node/5408067276,Rana.Raudfjellet ved saltfjellet,66.485528,15.121111,1000,NO,Norway,Норвегия,takeoff,,,,"{""free_flying:site"": ""takeoff""}",
node,5408067277,https://www.openstreetmap.org/node/5408067277,"Rana, Østerdalsknabben i Grønfjelldalen",66.293944,14.869861,0,NO,Norway,Норвегия,takeoff,,,,"{""free_flying:site"": ""takeoff""}",
node,5408067278,https://www.openstreetmap.org/node/5408067278,"Rana, Storekubben ved Umskaret",66.199444,14.597778,0,NO,Norway,Норвегия,takeoff,,,,"{""free_flying:site"": ""takeoff""}",
node,5408067279,https://www.openstreetmap.org/node/5408067279,"Rana, Snøfjellet",66.374167,13.991111,400,NO,Norway,Норвегия,takeoff,,,,"{""free_flying:site"": ""takeoff""}",
node,5408067280,https://www.openstreetmap.org/node/5408067280,"Rana, Raudfjellet ved Rauvatn",66.288056,14.536389,650,NO,Norway,Норвегия,takeoff,,,,"{""free_flying:site"": ""takeoff""}",
node,5408067281,https://www.openstreetmap.org/node/5408067281,"Rana, Lillekubben ved Umskaret",66.186389,14.580000,760,NO,Norway,Норвегия,takeoff,,,,"{""free_flying:site"": ""takeoff""}",
node,5408067282,https://www.openstreetmap.org/node/5408067282,"Rana, Hjarttjørnkanten Raudvassdalen",66.434472,14.295111,520,NO,Norway,Норвегия,takeoff,,,,"{""free_flying:site"": ""takeoff""}",
node,5408067283,https://www.openstreetmap.org/node/5408067283,"Rana, Hellerfjellet ved Umskaret",66.184167,14.530833,870,NO,Norway,Норвегия,takeoff,,,,"{""free_flying:site"": ""takeoff""}",
node,5408067284,https://www.openstreetmap.org/node/5408067284,Ramsund (Rambøheia),68.508333,16.493056,428,NO,Norway,Норвегия,takeoff,,,,"{""free_flying:site"": ""takeoff""}",
node,5408067285,https://www.openstreetmap.org/node/5408067285,"Ramnflåget, Hemnesberget",66.214444,13.672222,346,NO,Norway,Норвегия,takeoff,,,,"{""free_flying:site"": ""takeoff""}",
node,5408067286,https://www.openstreetmap.org/node/5408067286,"Polarsirkelen, Bolnafjellet",66.565278,15.275556,1000,NO,Norway,Норвегия,takeoff,,,,"{""free_flying:site"": ""takeoff""}",
node,5408067287,https://www.openstreetmap.org/node/5408067287,Okstind-vest Lurøy,66.453889,13.119167,400,NO,Norway,Норвегия,takeoff,,,,"{""free_flying:site"": ""takeoff""}",
node,5408067288,https://www.openstreetmap.org/node/5408067288,"Nordre nattmålstuve, Valnesfjord",67.379619,15.199650,751,NO,Norway,Норвегия,takeoff,,,,"{""free_flying:site"": ""takeoff""}",
node,5408067289,https://www.openstreetmap.org/node/5408067289,"Nordland, Sortland, Karrhaugen",68.713333,15.372778,125,NO,Norway,Норвегия,takeoff,,,,"{""free_flying:site"": ""takeoff""}",
node,5408067290,https://www.openstreetmap.org/node/5408067290,"Nordland, Sortland, Bygdåsen",68.728611,15.397222,100,NO,Norway,Норвегия,takeoff,,,,"{""free_flying:site"": ""takeoff""}",
node,5408067291,https://www.openstreetmap.org/node/5408067291,"Nordland, Hadsel, Sandnesåsen/Hovshatten",68.589167,14.921389,111,NO,Norway,Норвегия,takeoff,,,,"{""free_flying:site"": ""takeoff""}",
node,5408067292,https://www.openstreetmap.org/node/5408067292,"Nordland, Bø i Vesterålen, Svinøybogen",68.624722,14.435278,5,NO,Norway,Норвегия,takeoff,,,,"{""free_flying:site"": ""takeoff""}",
node,5408067293,https://www.openstreetmap.org/node/5408067293,"Nordland, Bø i Vesterålen, Nykvåg, Gårdsnyken",68.779167,14.458333,150,NO,Norway,Норвегия,takeoff,,,,"{""free_flying:site"": ""takeoff""}",
node,5408067294,https://www.openstreetmap.org/node/5408067294,"Nordland - Ballangen, Skjellesvikskaret",68.258333,16.381667,0,NO,Norway,Норвегия,takeoff,,,,"{""free_flying:site"": ""takeoff""}",
node,5408067295,https://www.openstreetmap.org/node/5408067295,"Nordland - Ballangen, Råndalen",68.318611,17.036667,20,NO,Norway,Норвегия,takeoff,,,,"{""free_flying:site"": ""takeoff""}",
node,5408067296,https://www.openstreetmap.org/node/5408067296,"Nordland - Ballangen, flystipa",68.334167,16.825833,5,NO,Norway,Норвегия,takeoff,,,,"{""free_flying:site"": ""takeoff""}",
node,5408067297,https://www.openstreetmap.org/node/5408067297,"Nordland - Ballangen, Arnes, Arneshesten",68.334444,16.940833,717,NO,Norway,Норвегия,takeoff,,,,"{""free_flying:site"": ""takeoff""}",
node,5408067298,https://www.openstreetmap.org/node/5408067298,"Nordheia, Kjerringnesdalen, Sortland",68.658333,15.641667,832,NO,Norway,Норвегия,takeoff,,,,"{""free_flying:site"": ""takeoff""}",
node,5408067299,https://www.openstreetmap.org/node/5408067299,"Nonskollen, Alsvåg, Øksnes Kommune",68.900000,15.275833,611,NO,Norway,Норвегия,takeoff,,,,"{""free_flying:site"": ""takeoff""}",
node,5408067300,https://www.openstreetmap.org/node/5408067300,"Nesna, Utsikten ved Sjonfjellet",66.282056,13.261028,300,NO,Norway,Норвегия,takeoff,,,,"{""free_flying:site"": ""takeoff""}",
node,5408067301,https://www.openstreetmap.org/node/5408067301,"Nesna, Tomskjevelen",66.278889,12.846667,922,NO,Norway,Норвегия,takeoff,,,,"{""free_flying:site"": ""takeoff""}",
node,5408067302,https://www.openstreetmap.org/node/5408067302,"Nesna, Tomma",66.251389,12.858611,300,NO,Norway,Норвегия,takeoff,,,,"{""free_flying:site"": ""takeoff""}",
node,5408067303,https://www.openstreetmap.org/node/5408067303,"Nesna, NPGK`s kursbakke",66.231389,13.101944,25,NO,Norway,Норвегия,takeoff,,,,"{""free_flying:site"": ""takeoff""}",
node,5408067304,https://www.openstreetmap.org/node/5408067304,"Nesna, Middagstuva",66.200000,13.062778,400,NO,Norway,Норвегия,takeoff,,,,"{""free_flying:site"": ""takeoff""}",
node,5408067305,https://www.openstreetmap.org/node/5408067305,"Nesna, Hugla, Høgtuva",66.180833,12.916667,600,NO,Norway,Норвегия,takeoff,,,,"{""free_flying:site"": ""takeoff""}",
node,5408067306,https://www.openstreetmap.org/node/5408067306,"Nesna, Hankamman",66.188889,13.055556,400,NO,Norway,Норвегия,takeoff,,,,"{""free_flying:site"": ""takeoff""}",
node,5408067307,https://www.openstreetmap.org/node/5408067307,"Nesna, Handnesøya, Stokkatinden",66.252778,13.032778,550,NO,Norway,Норвегия,takeoff,,,,"{""free_flying:site"": ""takeoff""}",
node,5408067308,https://www.openstreetmap.org/node/5408067308,"Nesna, Handnesøya",66.261111,13.035278,550,NO,Norway,Норвегия,takeoff,,,,"{""free_flying:site"": ""takeoff""}",
node,5408067309,https://www.openstreetmap.org/node/5408067309,Nesna Refsneset PPG start,66.191667,13.009167,5,NO,Norway,Норвегия,takeoff,,,,"{""free_flying:site"": ""takeoff""}",
node,5408067310,https://www.openstreetmap.org/node/5408067310,"Narvik, Reinneset, Sjomen",68.247778,17.374722,200,NO,Norway,Норвегия,takeoff,,,,"{""free_flying:site"": ""takeoff""}",
node,5408067311,https://www.openstreetmap.org/node/5408067311,"Narvik, Håkvik",68.418333,17.301944,10,NO,Norway,Норвегия,takeoff,,,,"{""free_flying:site"": ""takeoff""}",
node,5408067312,https://www.openstreetmap.org/node/5408067312,"Narvik, Fagernesfjellet, Tredjetoppen",68.416667,17.513889,1272,NO,Norway,Норвегия,takeoff,,,,"{""free_flying:site"": ""takeoff""}",
node,5408067313,https://www.openstreetmap.org/node/5408067313,"Narvik, Fagernesfjellet, Linken",68.422500,17.480000,1001,NO,Norway,Норвегия,takeoff,,,,"{""free_flying:site"": ""takeoff""}",
node,5408067314,https://www.openstreetmap.org/node/5408067314,"Narvik, Fagernesfjellet, Lilletoppen",68.417222,17.440278,200,NO,Norway,Норвегия,takeoff,,,,"{""free_flying:site"": ""takeoff""}",
node,5408067315,https://www.openstreetmap.org/node/5408067315,"Narvik, Fagernesfjellet",68.422222,17.457500,650,NO,Norway,Норвегия,takeoff,,,,"{""free_flying:site"": ""takeoff""}",
node,5408067316,https://www.openstreetmap.org/node/5408067316,"Narvik, Beisfjord",68.368056,17.620556,365,NO,Norway,Норвегия,takeoff,,,,"{""free_flying:site"": ""takeoff""}",
node,5408067317,https://www.openstreetmap.org/node/5408067317,"Naddan, Bø",68.666667,14.450000,55,NO,Norway,Норвегия,takeoff,,,,"{""free_flying:site"": ""takeoff""}",
node,5408067318,https://www.openstreetmap.org/node/5408067318,Myre Staven,68.880556,15.100556,200,NO,Norway,Норвегия,takeoff,,,,"{""free_flying:site"": ""takeoff""}",
node,5408067319,https://www.openstreetmap.org/node/5408067319,Myre Myrtinden,68.918611,15.080556,150,NO,Norway,Норвегия,takeoff,,,,"{""free_flying:site"": ""takeoff""}",
node,5408067320,https://www.openstreetmap.org/node/5408067320,"Myklebostad, Engeløya",67.925278,15.135278,250,NO,Norway,Норвегия,takeoff,,,,"{""free_flying:site"": ""takeoff""}",
node,5408067421,https://www.openstreetmap.org/node/5408067421,"Morhausen, Beiarn",67.011719,14.772239,640,NO,Norway,Норвегия,takeoff,,,,"{""free_flying:site"": ""takeoff""}",
node,5408067422,https://www.openstreetmap.org/node/5408067422,"Moltindlia, Ramberg i Lofoten",68.083333,13.233333,275,NO,Norway,Норвегия,takeoff,,,,"{""free_flying:site"": ""takeoff""}",
node,5408067423,https://www.openstreetmap.org/node/5408067423,"Mofjellet, Mo i Rana",66.298056,14.126389,300,NO,Norway,Норвегия,takeoff,,,,"{""free_flying:site"": ""takeoff""}",
node,5408067424,https://www.openstreetmap.org/node/5408067424,"Mofjellet Øst, Mo i Rana",66.288333,14.280833,500,NO,Norway,Норвегия,takeoff,,,,"{""free_flying:site"": ""takeoff""}",
node,5408067425,https://www.openstreetmap.org/node/5408067425,"Mofjellet Vest, Mo i Rana",66.291389,14.110000,365,NO,Norway,Норвегия,takeoff,,,,"{""free_flying:site"": ""takeoff""}",
node,5408067426,https://www.openstreetmap.org/node/5408067426,"Mjønestindan, midtitinden",67.343970,15.009630,1058,NO,Norway,Норвегия,takeoff,,,,"{""free_flying:site"": ""takeoff""}",
node,5408067427,https://www.openstreetmap.org/node/5408067427,Misvær Memaurheia,67.115278,15.053611,420,NO,Norway,Норвегия,takeoff,,,,"{""free_flying:site"": ""takeoff""}",
node,5408067428,https://www.openstreetmap.org/node/5408067428,"Middagsaksla, lilleheil, bindal",65.152778,12.140833,438,NO,Norway,Норвегия,takeoff,,,,"{""free_flying:site"": ""takeoff""}",
node,5408067429,https://www.openstreetmap.org/node/5408067429,meløya,66.838328,13.432519,335,NO,Norway,Норвегия,takeoff,,,,"{""free_flying:site"": ""takeoff""}",
node,5408067430,https://www.openstreetmap.org/node/5408067430,Meløy Reipå Forsheia,66.914722,13.571944,270,NO,Norway,Норвегия,takeoff,,,,"{""free_flying:site"": ""takeoff""}",
node,5408067431,https://www.openstreetmap.org/node/5408067431,"Mannen, Leknes, Lofoten",68.203703,13.520205,400,NO,Norway,Норвегия,takeoff,,,,"{""free_flying:site"": ""takeoff""}",
node,5408067432,https://www.openstreetmap.org/node/5408067432,Manjaro Valvikdalen LitlTinden,67.415833,14.696667,280,NO,Norway,Норвегия,takeoff,,,,"{""free_flying:site"": ""takeoff""}",
node,5408067433,https://www.openstreetmap.org/node/5408067433,Løpsfjellet,67.323889,14.520556,340,NO,Norway,Норвегия,takeoff,,,,"{""free_flying:site"": ""takeoff""}",
node,5408067434,https://www.openstreetmap.org/node/5408067434,"Lødingen Vestbygd, Hesttind",68.387222,15.690000,500,NO,Norway,Норвегия,takeoff,,,,"{""free_flying:site"": ""takeoff""}",
node,5408067435,https://www.openstreetmap.org/node/5408067435,Lødingen Vestbygd - Hustadfjellet,68.363333,15.479167,360,NO,Norway,Норвегия,takeoff,,,,"{""free_flying:site"": ""takeoff""}",
node,5408067436,https://www.openstreetmap.org/node/5408067436,Lødingen - Offersøyvalen PPG/PHG,68.323889,15.621944,4,NO,Norway,Норвегия,takeoff,,,,"{""free_flying:site"": ""takeoff""}",
node,5408067437,https://www.openstreetmap.org/node/5408067437,Lødingen - Avsatsan,68.416667,15.952778,180,NO,Norway,Норвегия,takeoff,,,,"{""free_flying:site"": ""takeoff""}",
node,5408067438,https://www.openstreetmap.org/node/5408067438,"Lurøy, Konsvikosen, Urtinden.",66.488889,13.117778,280,NO,Norway,Норвегия,takeoff,,,,"{""free_flying:site"": ""takeoff""}",
node,5408067439,https://www.openstreetmap.org/node/5408067439,"Lurøy, Stokkvågen",66.351389,13.000000,250,NO,Norway,Норвегия,takeoff,,,,"{""free_flying:site"": ""takeoff""}",
node,5408067440,https://www.openstreetmap.org/node/5408067440,Lofoten/Vesterålen - Higravtinden,68.372778,14.799444,1146,NO,Norway,Норвегия,takeoff,,,,"{""free_flying:site"": ""takeoff""}",
node,5408067441,https://www.openstreetmap.org/node/5408067441,Lofoten-Vestvågøy-Borge-Borgfjordfjellet RillTru-starten,68.269722,13.822778,270,NO,Norway,Норвегия,takeoff,,,,"{""free_flying:site"": ""takeoff""}",
node,5408067442,https://www.openstreetmap.org/node/5408067442,"Lofoten, Uttakleiv, Klumpan",68.204444,13.536667,200,NO,Norway,Норвегия,takeoff,,,,"{""free_flying:site"": ""takeoff""}",
node,5408067443,https://www.openstreetmap.org/node/5408067443,"Lofoten, Reine, Veinestinden",67.936667,13.039167,730,NO,Norway,Норвегия,takeoff,,,,"{""free_flying:site"": ""takeoff""}",
node,5408067444,https://www.openstreetmap.org/node/5408067444,"Lofoten, Ramberg, Justnes",68.105556,13.284722,280,NO,Norway,Норвегия,takeoff,,,,"{""free_flying:site"": ""takeoff""}",
node,5408067445,https://www.openstreetmap.org/node/5408067445,"Lofoten, Moskenes, Markan, Vomma (Horseid)",68.008611,13.020833,425,NO,Norway,Норвегия,takeoff,,,,"{""free_flying:site"": ""takeoff""}",
node,5408067446,https://www.openstreetmap.org/node/5408067446,"Lofoten, Leknes, Offersøy Nappstraumen",68.150700,13.477964,80,NO,Norway,Норвегия,takeoff,,,,"{""free_flying:site"": ""takeoff""}",
node,5408067447,https://www.openstreetmap.org/node/5408067447,"Lofoten, Leknes, Einangen",68.090278,13.654722,140,NO,Norway,Норвегия,takeoff,,,,"{""free_flying:site"": ""takeoff""}",
node,5408067448,https://www.openstreetmap.org/node/5408067448,"Lofoten, Leknes, Borge, Borgfjordfjellet, Lågheia",68.266111,13.825278,100,NO,Norway,Норвегия,takeoff,,,,"{""free_flying:site"": ""takeoff""}",
node,5408067449,https://www.openstreetmap.org/node/5408067449,"Lofoten, Kvalvika, Torsfjordtinden",68.076111,13.115833,375,NO,Norway,Норвегия,takeoff,,,,"{""free_flying:site"": ""takeoff""}",
node,5408067450,https://www.openstreetmap.org/node/5408067450,"Lofoten, Kvalvika, Ryten",68.088333,13.094722,543,NO,Norway,Норвегия,takeoff,,,,"{""free_flying:site"": ""takeoff""}",
node,5408067451,https://www.openstreetmap.org/node/5408067451,"Lofoten, Kabelvåg, Ørntindsaksla",68.229167,14.426944,270,NO,Norway,Норвегия,takeoff,,,,"{""free_flying:site"": ""takeoff""}",
node,5408067452,https://www.openstreetmap.org/node/5408067452,"Lofoten, Kabelvåg, Tjeldberget, Øststarten",68.228333,14.504722,340,NO,Norway,Норвегия,takeoff,,,,"{""free_flying:site"": ""takeoff""}",
node,5408067453,https://www.openstreetmap.org/node/5408067453,"Lofoten, Kabelvåg, Tjeldberget, Tinden",68.230278,14.498333,365,NO,Norway,Норвегия,takeoff,,,,"{""free_flying:site"": ""takeoff""}",
node,5408067454,https://www.openstreetmap.org/node/5408067454,"Lofoten, Hopen, modellflystripa PPG-start",68.211389,14.349722,0,NO,Norway,Норвегия,takeoff,,,,"{""free_flying:site"": ""takeoff""}",
node,5408067455,https://www.openstreetmap.org/node/5408067455,"lofoten, fredvang, kvalvika",68.072500,13.098333,250,NO,Norway,Норвегия,takeoff,,,,"{""free_flying:site"": ""takeoff""}",
node,5408067456,https://www.openstreetmap.org/node/5408067456,"Lofoten, Fredvang, Kaviarstjærna",68.077328,13.144867,100,NO,Norway,Норвегия,takeoff,,,,"{""free_flying:site"": ""takeoff""}",
node,5408067457,https://www.openstreetmap.org/node/5408067457,"Lofoten, Flakstad, Skagsanden",68.099167,13.280278,160,NO,Norway,Норвегия,takeoff,,,,"{""free_flying:site"": ""takeoff""}",
node,5408067458,https://www.openstreetmap.org/node/5408067458,"Lofoten, Eggum, subhang",68.308889,13.687222,10,NO,Norway,Норвегия,takeoff,,,,"{""free_flying:site"": ""takeoff""}",
node,5408067459,https://www.openstreetmap.org/node/5408067459,"Lofoten, Eggum, Mustaren",68.304722,13.679167,456,NO,Norway,Норвегия,takeoff,,,,"{""free_flying:site"": ""takeoff""}",
node,5408067460,https://www.openstreetmap.org/node/5408067460,"Lofoten, Borg, Torvdalsfjellet / Sletteng",68.266111,13.861667,340,NO,Norway,Норвегия,takeoff,,,,"{""free_flying:site"": ""takeoff""}",
node,5408067461,https://www.openstreetmap.org/node/5408067461,Lofoten Vikten,68.140833,13.329167,235,NO,Norway,Норвегия,takeoff,,,,"{""free_flying:site"": ""takeoff""}",
node,5408067462,https://www.openstreetmap.org/node/5408067462,Lofoten Vestvågøy Stamsund Alpinbakke,68.134167,13.794722,340,NO,Norway,Норвегия,takeoff,,,,"{""free_flying:site"": ""takeoff""}",
node,5408067463,https://www.openstreetmap.org/node/5408067463,Lofoten Vestvågøy Kvalnes,68.331389,13.988056,300,NO,Norway,Норвегия,takeoff,,,,"{""free_flying:site"": ""takeoff""}",
node,5408067464,https://www.openstreetmap.org/node/5408067464,Lofoten Leknes Hustinden,68.125556,13.348611,0,NO,Norway,Норвегия,takeoff,,,,"{""free_flying:site"": ""takeoff""}",
node,5408067466,https://www.openstreetmap.org/node/5408067466,"Lofoten Bunesstranda, Reine",67.974722,12.976667,0,NO,Norway,Норвегия,takeoff,,,,"{""free_flying:site"": ""takeoff""}",
node,5408067467,https://www.openstreetmap.org/node/5408067467,Lofoten - Ørsnes - Tverrfjelldalen,68.225278,14.356944,300,NO,Norway,Норвегия,takeoff,,,,"{""free_flying:site"": ""takeoff""}",
node,5408067468,https://www.openstreetmap.org/node/5408067468,Lofoten - vågan - Kvittinden,68.308504,14.660641,517,NO,Norway,Норвегия,takeoff,,,,"{""free_flying:site"": ""takeoff""}",
node,5408067469,https://www.openstreetmap.org/node/5408067469,Lofoten - Vågakallen,68.189167,14.294444,0,NO,Norway,Норвегия,takeoff,,,,"{""free_flying:site"": ""takeoff""}",
node,5408067470,https://www.openstreetmap.org/node/5408067470,Lofoten - Vestvågøy - Moland - Grønlidalen,68.250556,14.129444,230,NO,Norway,Норвегия,takeoff,,,,"{""free_flying:site"": ""takeoff""}",
node,5408067471,https://www.openstreetmap.org/node/5408067471,Lofoten - Henningsvær - Festvågtinden,68.178333,14.226389,520,NO,Norway,Норвегия,takeoff,,,,"{""free_flying:site"": ""takeoff""}",
node,5408067472,https://www.openstreetmap.org/node/5408067472,Lofoten - Vestvågøy - Grundstad - Lyngedalsheia,68.259167,14.062500,170,NO,Norway,Норвегия,takeoff,,,,"{""free_flying:site"": ""takeoff""}",
node,5408067473,https://www.openstreetmap.org/node/5408067473,Litjvardtinden/Engavågen,66.786389,13.611667,782,NO,Norway,Норвегия,takeoff,,,,"{""free_flying:site"": ""takeoff""}",
node,5408067474,https://www.openstreetmap.org/node/5408067474,Leirosen - Klampen,66.082371,13.132524,650,NO,Norway,Норвегия,takeoff,,,,"{""free_flying:site"": ""takeoff""}",
node,5408067475,https://www.openstreetmap.org/node/5408067475,Lakså,67.805278,15.322500,639,NO,Norway,Норвегия,takeoff,,,,"{""free_flying:site"": ""takeoff""}",
node,5408067476,https://www.openstreetmap.org/node/5408067476,Kvitblikkfjellet Fauske,67.350000,15.466111,410,NO,Norway,Норвегия,takeoff,,,,"{""free_flying:site"": ""takeoff""}",
node,5408067477,https://www.openstreetmap.org/node/5408067477,"Kvalkjeften, Åmøy i Søndre Meløy",66.760611,13.328833,637,NO,Norway,Норвегия,takeoff,,,,"{""free_flying:site"": ""takeoff""}",
node,5408067478,https://www.openstreetmap.org/node/5408067478,"Kula, Bindalseidet, Bindal",65.106111,12.156389,500,NO,Norway,Норвегия,takeoff,,,,"{""free_flying:site"": ""takeoff""}",
node,5408067479,https://www.openstreetmap.org/node/5408067479,"Kuhaugfjellhaugen, Dunderlandsdalen - Rana",66.436389,14.425833,550,NO,Norway,Норвегия,takeoff,,,,"{""free_flying:site"": ""takeoff""}",
node,5408067480,https://www.openstreetmap.org/node/5408067480,Kopparfjellet/ Narvik/E10 mot Bjørnfjell,68.535000,17.847222,900,NO,Norway,Норвегия,takeoff,,,,"{""free_flying:site"": ""takeoff""}",
node,5408067481,https://www.openstreetmap.org/node/5408067481,Kobbskaret,67.661667,15.884444,570,NO,Norway,Норвегия,takeoff,,,,"{""free_flying:site"": ""takeoff""}",
node,5408067482,https://www.openstreetmap.org/node/5408067482,Klubben - Korgen,66.062500,13.877500,700,NO,Norway,Норвегия,takeoff,,,,"{""free_flying:site"": ""takeoff""}",
node,5408067483,https://www.openstreetmap.org/node/5408067483,"Kleppstadheia, Lofoten",68.258889,14.302222,550,NO,Norway,Норвегия,takeoff,,,,"{""free_flying:site"": ""takeoff""}",
node,5408067484,https://www.openstreetmap.org/node/5408067484,Klemettinden i Søndre Meløy,66.781667,13.650556,890,NO,Norway,Норвегия,takeoff,,,,"{""free_flying:site"": ""takeoff""}",
node,5408067485,https://www.openstreetmap.org/node/5408067485,Kleivhalsen-Stokkvågen,66.356667,13.011667,0,NO,Norway,Норвегия,takeoff,,,,"{""free_flying:site"": ""takeoff""}",
node,5408067486,https://www.openstreetmap.org/node/5408067486,"Kjøsvikfjellet,Olsvika,sømna,nordland",65.276111,12.221667,427,NO,Norway,Норвегия,takeoff,,,,"{""free_flying:site"": ""takeoff""}",
node,5408067487,https://www.openstreetmap.org/node/5408067487,Kjærringstarten - Kjærringøy-Bodø,67.554167,14.910833,276,NO,Norway,Норвегия,takeoff,,,,"{""free_flying:site"": ""takeoff""}",
node,5408067488,https://www.openstreetmap.org/node/5408067488,Kjær-varden i Tysfjord,68.106389,16.069722,375,NO,Norway,Норвегия,takeoff,,,,"{""free_flying:site"": ""takeoff""}",
node,5408067489,https://www.openstreetmap.org/node/5408067489,"Kjulveten, Vega",65.617167,11.944861,230,NO,Norway,Норвегия,takeoff,,,,"{""free_flying:site"": ""takeoff""}",
node,5408067490,https://www.openstreetmap.org/node/5408067490,"Kjerstad, Tjeldøya",68.456111,16.150833,201,NO,Norway,Норвегия,takeoff,,,,"{""free_flying:site"": ""takeoff""}",
node,5408067491,https://www.openstreetmap.org/node/5408067491,"Kjerringøy, Tårnvikfjellet, Ospvika",67.573889,15.096667,240,NO,Norway,Норвегия,takeoff,,,,"{""free_flying:site"": ""takeoff""}",
node,5408067492,https://www.openstreetmap.org/node/5408067492,"Kjerringøy, Tårnvika, Øygårdsfjellet",67.550000,15.118556,290,NO,Norway,Норвегия,takeoff,,,,"{""free_flying:site"": ""takeoff""}",
node,5408067493,https://www.openstreetmap.org/node/5408067493,Kjerringøy Fjære Barbruheia,67.488333,14.715833,0,NO,Norway,Норвегия,takeoff,,,,"{""free_flying:site"": ""takeoff""}",
node,5408067494,https://www.openstreetmap.org/node/5408067494,"Kjemsås Alpinsenter "" Mosjøen """,65.845833,13.353889,507,NO,Norway,Норвегия,takeoff,,,,"{""free_flying:site"": ""takeoff""}",
node,5408067495,https://www.openstreetmap.org/node/5408067495,"Kangerurtinden, Stamsund",68.176111,13.826111,704,NO,Norway,Норвегия,takeoff,,,,"{""free_flying:site"": ""takeoff""}",
node,5408067496,https://www.openstreetmap.org/node/5408067496,Junkerdalen nerknausn,66.766389,15.850556,900,SE,Sweden,Швеция,takeoff,,,,"{""free_flying:site"": ""takeoff""}",
node,5408067497,https://www.openstreetmap.org/node/5408067497,Junkerdal Nerknausen,66.831667,15.525833,595,NO,Norway,Норвегия,takeoff,,,,"{""free_flying:site"": ""takeoff""}",
node,5408067498,https://www.openstreetmap.org/node/5408067498,Jotindaksla,68.503611,16.341667,860,NO,Norway,Норвегия,takeoff,,,,"{""free_flying:site"": ""takeoff""}",
node,5408067499,https://www.openstreetmap.org/node/5408067499,Johns plass/Reipå,66.924722,13.648333,250,NO,Norway,Норвегия,takeoff,,,,"{""free_flying:site"": ""takeoff""}",
node,5408067500,https://www.openstreetmap.org/node/5408067500,Jan Mayen Blåsåsen,70.965278,-8.617778,69,NO,Norway,Норвегия,takeoff,,,,"{""free_flying:site"": ""takeoff""}",
node,5408067501,https://www.openstreetmap.org/node/5408067501,Jan - Mayen Kvalrossbukata,70.967250,-8.666717,160,NO,Norway,Норвегия,takeoff,,,,"{""free_flying:site"": ""takeoff""}",
node,5408067502,https://www.openstreetmap.org/node/5408067502,"Jakobsbakken, Sulis",67.096667,15.994722,720,NO,Norway,Норвегия,takeoff,,,,"{""free_flying:site"": ""takeoff""}",
node,5408067503,https://www.openstreetmap.org/node/5408067503,Iovundfjellet Lovund,66.361667,12.328333,620,NO,Norway,Норвегия,takeoff,,,,"{""free_flying:site"": ""takeoff""}",
node,5408067504,https://www.openstreetmap.org/node/5408067504,Inndyr - Varden,67.047500,14.063611,320,NO,Norway,Норвегия,takeoff,,,,"{""free_flying:site"": ""takeoff""}",
node,5408067505,https://www.openstreetmap.org/node/5408067505,Høgnakken-Straumøya-Bødø,67.219167,14.506389,230,NO,Norway,Норвегия,takeoff,,,,"{""free_flying:site"": ""takeoff""}",
node,5408067506,https://www.openstreetmap.org/node/5408067506,Hoven - Gimsøya - Lofoten,68.332778,14.110278,371,NO,Norway,Норвегия,takeoff,,,,"{""free_flying:site"": ""takeoff""}",
node,5408067507,https://www.openstreetmap.org/node/5408067507,"Hornfjellet, Bindal",64.082500,12.100206,400,NO,Norway,Норвегия,takeoff,,,,"{""free_flying:site"": ""takeoff""}",
node,5408067508,https://www.openstreetmap.org/node/5408067508,"Hongfjellet, Velfjord, Tosen",65.230742,12.698917,385,NO,Norway,Норвегия,takeoff,,,,"{""free_flying:site"": ""takeoff""}",
node,5408067509,https://www.openstreetmap.org/node/5408067509,Holmshatten,65.172500,12.153889,450,NO,Norway,Норвегия,takeoff,,,,"{""free_flying:site"": ""takeoff""}",
node,5408067510,https://www.openstreetmap.org/node/5408067510,Holandsfjellet Halsa,66.730000,13.654444,582,NO,Norway,Норвегия,takeoff,,,,"{""free_flying:site"": ""takeoff""}",
node,5408067511,https://www.openstreetmap.org/node/5408067511,Hoklandsnyken - Hadsel - Ånnstad,68.536667,14.686944,460,NO,Norway,Норвегия,takeoff,,,,"{""free_flying:site"": ""takeoff""}",
node,5408067512,https://www.openstreetmap.org/node/5408067512,Hjartfjellet - Bjærangsdalen i Søndre Meløy,66.775833,13.791111,979,NO,Norway,Норвегия,takeoff,,,,"{""free_flying:site"": ""takeoff""}",
node,5408067513,https://www.openstreetmap.org/node/5408067513,Hjarta - Bjærangsdalen i Søndre Meløy,66.771111,13.780278,600,NO,Norway,Норвегия,takeoff,,,,"{""free_flying:site"": ""takeoff""}",
node,5408067514,https://www.openstreetmap.org/node/5408067514,"Hinnøya, Kvitneshesheia",68.566944,15.268056,390,NO,Norway,Норвегия,takeoff,,,,"{""free_flying:site"": ""takeoff""}",
node,5408067515,https://www.openstreetmap.org/node/5408067515,"Himmeltindan, Leknes, Lofoten",68.220833,13.572778,954,NO,Norway,Норвегия,takeoff,,,,"{""free_flying:site"": ""takeoff""}",
node,5408067516,https://www.openstreetmap.org/node/5408067516,Hestnesfjellet Øst - Hemnesberget,66.216389,13.537778,380,NO,Norway,Норвегия,takeoff,,,,"{""free_flying:site"": ""takeoff""}",
node,5408067517,https://www.openstreetmap.org/node/5408067517,"Hestmann, Storselsøy",66.535556,12.821944,360,NO,Norway,Норвегия,takeoff,,,,"{""free_flying:site"": ""takeoff""}",
node,5408067518,https://www.openstreetmap.org/node/5408067518,"Hesten, Tjongsfjord i Rødøy",66.663333,13.571111,750,NO,Norway,Норвегия,takeoff,,,,"{""free_flying:site"": ""takeoff""}",
node,5408067519,https://www.openstreetmap.org/node/5408067519,Hennesheia. Kaldjord,68.537222,15.232778,180,NO,Norway,Норвегия,takeoff,,,,"{""free_flying:site"": ""takeoff""}",
node,5408067520,https://www.openstreetmap.org/node/5408067520,"Hemnes, Tverå",66.033889,14.078333,610,NO,Norway,Норвегия,takeoff,,,,"{""free_flying:site"": ""takeoff""}",
node,5408068221,https://www.openstreetmap.org/node/5408068221,"Hemnes, SørfjordenPPG-plass",66.154722,13.822222,0,NO,Norway,Норвегия,takeoff,,,,"{""free_flying:site"": ""takeoff""}",
node,5408068222,https://www.openstreetmap.org/node/5408068222,"Hemnes, Stormuren",66.187222,13.937222,910,NO,Norway,Норвегия,takeoff,,,,"{""free_flying:site"": ""takeoff""}",
node,5408068223,https://www.openstreetmap.org/node/5408068223,"Hemnes, Rostafjellet",66.163889,13.874722,346,NO,Norway,Норвегия,takeoff,,,,"{""free_flying:site"": ""takeoff""}",
node,5408068224,https://www.openstreetmap.org/node/5408068224,"Hemnes, Risaksla i Leirskardalen",66.086111,13.973333,677,NO,Norway,Норвегия,takeoff,,,,"{""free_flying:site"": ""takeoff""}",
node,5408068225,https://www.openstreetmap.org/node/5408068225,"Hemnes, Ridarn, Okstindan.",66.048611,14.348333,1000,NO,Norway,Норвегия,takeoff,,,,"{""free_flying:site"": ""takeoff""}",
node,5408068227,https://www.openstreetmap.org/node/5408068227,"Hemnes, Oksskolten",66.014722,14.333889,1916,NO,Norway,Норвегия,takeoff,,,,"{""free_flying:site"": ""takeoff""}",
node,5408068228,https://www.openstreetmap.org/node/5408068228,"Hemnes, NerleirmoenPPG-plass",66.097222,13.821111,0,NO,Norway,Норвегия,takeoff,,,,"{""free_flying:site"": ""takeoff""}",
node,5408068229,https://www.openstreetmap.org/node/5408068229,"Hemnes, Leirskarddalen ""Steintippen""",66.068611,14.003611,330,NO,Norway,Норвегия,takeoff,,,,"{""free_flying:site"": ""takeoff""}",
node,5408068230,https://www.openstreetmap.org/node/5408068230,"Hemnes, Leirbotnet",66.016389,14.116111,670,NO,Norway,Норвегия,takeoff,,,,"{""free_flying:site"": ""takeoff""}",
node,5408068231,https://www.openstreetmap.org/node/5408068231,"Hemnes, Korgfjellet",66.051667,13.698333,604,NO,Norway,Норвегия,takeoff,,,,"{""free_flying:site"": ""takeoff""}",
node,5408068232,https://www.openstreetmap.org/node/5408068232,"Hemnes, Korgen, Middagsvasslia",66.053611,14.101944,780,NO,Norway,Норвегия,takeoff,,,,"{""free_flying:site"": ""takeoff""}",
node,5408068233,https://www.openstreetmap.org/node/5408068233,"Hemnes, Korgen, Durmålshaugen",66.053889,13.970278,948,NO,Norway,Норвегия,takeoff,,,,"{""free_flying:site"": ""takeoff""}",
node,5408068235,https://www.openstreetmap.org/node/5408068235,"Hemnes, Kangsen",66.108611,13.860556,760,NO,Norway,Норвегия,takeoff,,,,"{""free_flying:site"": ""takeoff""}",
node,5408068236,https://www.openstreetmap.org/node/5408068236,"Hemnes, Jørntinden",65.866667,14.063889,1038,NO,Norway,Норвегия,takeoff,,,,"{""free_flying:site"": ""takeoff""}",
node,5408068237,https://www.openstreetmap.org/node/5408068237,"Hemnes, Bryggfjellet",66.028056,13.915556,815,NO,Norway,Норвегия,takeoff,,,,"{""free_flying:site"": ""takeoff""}",
node,5408068238,https://www.openstreetmap.org/node/5408068238,"Hemnes, Ramfloget",66.214722,13.668333,235,NO,Norway,Норвегия,takeoff,,,,"{""free_flying:site"": ""takeoff""}",
node,5408068239,https://www.openstreetmap.org/node/5408068239,Hellandstuva - Tysfjord,68.017222,16.133333,246,NO,Norway,Норвегия,takeoff,,,,"{""free_flying:site"": ""takeoff""}",
node,5408068240,https://www.openstreetmap.org/node/5408068240,"Helgelandsbukken, Søndre Meløy i Nordland",66.705278,13.818056,1454,NO,Norway,Норвегия,takeoff,,,,"{""free_flying:site"": ""takeoff""}",
node,5408068241,https://www.openstreetmap.org/node/5408068241,"Heimstadsletta, Tuvfjellet",67.212222,14.651111,0,NO,Norway,Норвегия,takeoff,,,,"{""free_flying:site"": ""takeoff""}",
node,5408068242,https://www.openstreetmap.org/node/5408068242,Heggmotinden Bodø,67.375000,14.870000,640,NO,Norway,Норвегия,takeoff,,,,"{""free_flying:site"": ""takeoff""}",
node,5408068243,https://www.openstreetmap.org/node/5408068243,Hauknestinden/Kopparfjellet,66.266944,14.083611,799,NO,Norway,Норвегия,takeoff,,,,"{""free_flying:site"": ""takeoff""}",
node,5408068244,https://www.openstreetmap.org/node/5408068244,Hauknestinden,66.266667,14.083333,799,NO,Norway,Норвегия,takeoff,,,,"{""free_flying:site"": ""takeoff""}",
node,5408068245,https://www.openstreetmap.org/node/5408068245,"Hattfjelldal, Kjerringtinden",65.765833,13.873889,1395,NO,Norway,Норвегия,takeoff,,,,"{""free_flying:site"": ""takeoff""}",
node,5408068246,https://www.openstreetmap.org/node/5408068246,"Harstad/Narvik Lufthavn, Evenes",68.488417,16.679561,10,NO,Norway,Норвегия,takeoff,,,,"{""free_flying:site"": ""takeoff""}",
node,5408068247,https://www.openstreetmap.org/node/5408068247,Halsatuva Halsa i Meløy kommune,66.731389,13.626944,528,NO,Norway,Норвегия,takeoff,,,,"{""free_flying:site"": ""takeoff""}",
node,5408068248,https://www.openstreetmap.org/node/5408068248,Hadseløya - Husbykollen,68.519167,14.894444,513,NO,Norway,Норвегия,takeoff,,,,"{""free_flying:site"": ""takeoff""}",
node,5408068249,https://www.openstreetmap.org/node/5408068249,Hadsel- Sanden,68.427250,14.590344,2,NO,Norway,Норвегия,takeoff,,,,"{""free_flying:site"": ""takeoff""}",
node,5408068250,https://www.openstreetmap.org/node/5408068250,"Hadsel, Strønstad - Strøna",68.420278,14.767778,906,NO,Norway,Норвегия,takeoff,,,,"{""free_flying:site"": ""takeoff""}",
node,5408068251,https://www.openstreetmap.org/node/5408068251,"Hadsel, Haugnyken",68.508333,14.771667,200,NO,Norway,Норвегия,takeoff,,,,"{""free_flying:site"": ""takeoff""}",
node,5408068252,https://www.openstreetmap.org/node/5408068252,Hadsel - Ørnheia,68.545556,14.904722,380,NO,Norway,Норвегия,takeoff,,,,"{""free_flying:site"": ""takeoff""}",
node,5408068253,https://www.openstreetmap.org/node/5408068253,Hadsel - Teigan,68.572778,14.670278,400,NO,Norway,Норвегия,takeoff,,,,"{""free_flying:site"": ""takeoff""}",
node,5408068254,https://www.openstreetmap.org/node/5408068254,Hadsel - Tanipa,68.556389,14.651389,569,NO,Norway,Норвегия,takeoff,,,,"{""free_flying:site"": ""takeoff""}",
node,5408068255,https://www.openstreetmap.org/node/5408068255,Hadsel - Stålberget,68.564722,14.756944,602,NO,Norway,Норвегия,takeoff,,,,"{""free_flying:site"": ""takeoff""}",
node,5408068256,https://www.openstreetmap.org/node/5408068256,Hadsel - Storheia,68.544167,14.868889,509,NO,Norway,Норвегия,takeoff,,,,"{""free_flying:site"": ""takeoff""}",
node,5408068257,https://www.openstreetmap.org/node/5408068257,Skata,68.656723,15.132174,736,NO,Norway,Норвегия,takeoff,,,,"{""free_flying:site"": ""takeoff""}",
node,5408068258,https://www.openstreetmap.org/node/5408068258,Hadsel - Ongstad - Varheia (Haugheia),68.515833,14.745278,312,NO,Norway,Норвегия,takeoff,,,,"{""free_flying:site"": ""takeoff""}",
node,5408068259,https://www.openstreetmap.org/node/5408068259,Hadsel - Nils-Svensketind,68.547222,14.822500,550,NO,Norway,Норвегия,takeoff,,,,"{""free_flying:site"": ""takeoff""}",
node,5408068260,https://www.openstreetmap.org/node/5408068260,"Hadsel - Nattmålstuva, Grytting,",68.615000,15.067778,467,NO,Norway,Норвегия,takeoff,,,,"{""free_flying:site"": ""takeoff""}",
node,5408068261,https://www.openstreetmap.org/node/5408068261,Hadsel - Langøya - Hallartinden,68.600556,14.943889,0,NO,Norway,Норвегия,takeoff,,,,"{""free_flying:site"": ""takeoff""}",
node,5408068262,https://www.openstreetmap.org/node/5408068262,Hadsel - Langøya - Fleinesskollen,68.633889,14.852778,382,NO,Norway,Норвегия,takeoff,,,,"{""free_flying:site"": ""takeoff""}",
node,5408068263,https://www.openstreetmap.org/node/5408068263,Hadsel - Lamlitinden,68.551389,14.671111,640,NO,Norway,Норвегия,takeoff,,,,"{""free_flying:site"": ""takeoff""}",
node,5408068264,https://www.openstreetmap.org/node/5408068264,Hadsel - Innbjør - Prestfjellet,68.518889,14.918889,380,NO,Norway,Норвегия,takeoff,,,,"{""free_flying:site"": ""takeoff""}",
node,5408068265,https://www.openstreetmap.org/node/5408068265,Hadsel - Husbykollen,68.517500,14.892500,515,NO,Norway,Норвегия,takeoff,,,,"{""free_flying:site"": ""takeoff""}",
node,5408068266,https://www.openstreetmap.org/node/5408068266,Hadsel - Hadselåsen - Aksla,68.554167,14.928333,390,NO,Norway,Норвегия,takeoff,,,,"{""free_flying:site"": ""takeoff""}",
node,5408068267,https://www.openstreetmap.org/node/5408068267,Hadsel - Finnsæterkollen,68.561667,14.640000,380,NO,Norway,Норвегия,takeoff,,,,"{""free_flying:site"": ""takeoff""}",
node,5408068268,https://www.openstreetmap.org/node/5408068268,Hadsel - Dragnes,68.576944,14.691111,360,NO,Norway,Норвегия,takeoff,,,,"{""free_flying:site"": ""takeoff""}",
node,5408068269,https://www.openstreetmap.org/node/5408068269,Hadsel - Bergvikfjellet (Vardheia),68.555556,14.826389,566,NO,Norway,Норвегия,takeoff,,,,"{""free_flying:site"": ""takeoff""}",
node,5408068270,https://www.openstreetmap.org/node/5408068270,Hadsel - Langøya - Vikfjellet,68.602778,14.923611,0,NO,Norway,Норвегия,takeoff,,,,"{""free_flying:site"": ""takeoff""}",
node,5408068271,https://www.openstreetmap.org/node/5408068271,Guvåg,68.662500,14.754167,0,NO,Norway,Норвегия,takeoff,,,,"{""free_flying:site"": ""takeoff""}",
node,5408068272,https://www.openstreetmap.org/node/5408068272,"Gullsvågfjellet, Vega",65.659444,11.843056,500,NO,Norway,Норвегия,takeoff,,,,"{""free_flying:site"": ""takeoff""}",
node,5408068273,https://www.openstreetmap.org/node/5408068273,"Grønåsfjell, Fauske kommune",67.304167,15.537500,400,NO,Norway,Норвегия,takeoff,,,,"{""free_flying:site"": ""takeoff""}",
node,5408068274,https://www.openstreetmap.org/node/5408068274,"Gryttingdalen, Langøya, Sortland",68.639444,15.128889,340,NO,Norway,Норвегия,takeoff,,,,"{""free_flying:site"": ""takeoff""}",
node,5408068275,https://www.openstreetmap.org/node/5408068275,"Grane, Stormoen",65.598611,13.387222,140,NO,Norway,Норвегия,takeoff,,,,"{""free_flying:site"": ""takeoff""}",
node,5408068276,https://www.openstreetmap.org/node/5408068276,"Glomneshaugen, Glomfjord, Meløy",66.827500,13.962500,545,NO,Norway,Норвегия,takeoff,,,,"{""free_flying:site"": ""takeoff""}",
node,5408068277,https://www.openstreetmap.org/node/5408068277,Glomfjord,66.823889,13.895833,0,NO,Norway,Норвегия,takeoff,,,,"{""free_flying:site"": ""takeoff""}",
node,5408068278,https://www.openstreetmap.org/node/5408068278,Gildeskål Sandhornøya Horsdalsaksla,67.168889,14.070278,190,NO,Norway,Норвегия,takeoff,,,,"{""free_flying:site"": ""takeoff""}",
node,5408068279,https://www.openstreetmap.org/node/5408068279,Gildeskål Sandhornøya Horsdalaksla,67.101219,14.042072,200,NO,Norway,Норвегия,takeoff,,,,"{""free_flying:site"": ""takeoff""}",
node,5408068280,https://www.openstreetmap.org/node/5408068280,Gildeskål - Storvikskardet ( Storvikskaret ),66.956944,13.841667,190,NO,Norway,Норвегия,takeoff,,,,"{""free_flying:site"": ""takeoff""}",
node,5408068281,https://www.openstreetmap.org/node/5408068281,"Geitbergknultran, Bø",68.626667,14.517222,0,NO,Norway,Норвегия,takeoff,,,,"{""free_flying:site"": ""takeoff""}",
node,5408068282,https://www.openstreetmap.org/node/5408068282,"Galten, Sigerfjord",68.650000,15.529167,490,NO,Norway,Норвегия,takeoff,,,,"{""free_flying:site"": ""takeoff""}",
node,5408068283,https://www.openstreetmap.org/node/5408068283,Frakkmannen - Sigerfjord,68.648889,15.570278,650,NO,Norway,Норвегия,takeoff,,,,"{""free_flying:site"": ""takeoff""}",
node,5408068284,https://www.openstreetmap.org/node/5408068284,Fjellbakkfjellet ved Storforshei,66.430556,14.619444,916,NO,Norway,Норвегия,takeoff,,,,"{""free_flying:site"": ""takeoff""}",
node,5408068285,https://www.openstreetmap.org/node/5408068285,"Fiplingdalen, Åarjeltjahke",65.309167,13.453333,850,NO,Norway,Норвегия,takeoff,,,,"{""free_flying:site"": ""takeoff""}",
node,5408068286,https://www.openstreetmap.org/node/5408068286,"Fiplingdalen, Sæterfjellet",65.207500,13.498333,1258,NO,Norway,Норвегия,takeoff,,,,"{""free_flying:site"": ""takeoff""}",
node,5408068287,https://www.openstreetmap.org/node/5408068287,"Fiplingdalen, Storvegskardfjellet",65.391944,13.687500,812,NO,Norway,Норвегия,takeoff,,,,"{""free_flying:site"": ""takeoff""}",
node,5408068288,https://www.openstreetmap.org/node/5408068288,"Fiplingdalen, Majanasen",65.278611,13.581111,1040,NO,Norway,Норвегия,takeoff,,,,"{""free_flying:site"": ""takeoff""}",
node,5408068289,https://www.openstreetmap.org/node/5408068289,"Fiplingdalen, Kuklumpen",65.177500,13.501944,1195,NO,Norway,Норвегия,takeoff,,,,"{""free_flying:site"": ""takeoff""}",
node,5408068290,https://www.openstreetmap.org/node/5408068290,"Fiplingdalen, Jervskardklumpen",65.248306,13.400083,795,NO,Norway,Норвегия,takeoff,,,,"{""free_flying:site"": ""takeoff""}",
node,5408068291,https://www.openstreetmap.org/node/5408068291,"Fiplingdalen, Golverfjellet - Sør",65.320000,13.666389,1270,NO,Norway,Норвегия,takeoff,,,,"{""free_flying:site"": ""takeoff""}",
node,5408068292,https://www.openstreetmap.org/node/5408068292,"Fiplingdalen, Bæråsen",65.338056,13.528056,720,NO,Norway,Норвегия,takeoff,,,,"{""free_flying:site"": ""takeoff""}",
node,5408068293,https://www.openstreetmap.org/node/5408068293,"Fiplingdalen, Bolkskardaksla",65.309444,13.603611,912,NO,Norway,Норвегия,takeoff,,,,"{""free_flying:site"": ""takeoff""}",
node,5408068294,https://www.openstreetmap.org/node/5408068294,Fauske- Kleivtoppen,67.271944,15.275556,320,NO,Norway,Норвегия,takeoff,,,,"{""free_flying:site"": ""takeoff""}",
node,5408068295,https://www.openstreetmap.org/node/5408068295,Fauske storsteinsfjellet,67.298056,15.342778,528,NO,Norway,Норвегия,takeoff,,,,"{""free_flying:site"": ""takeoff""}",
node,5408068296,https://www.openstreetmap.org/node/5408068296,Fauske Siso Kraftstasjon,67.326944,15.728611,550,NO,Norway,Норвегия,takeoff,,,,"{""free_flying:site"": ""takeoff""}",
node,5408068297,https://www.openstreetmap.org/node/5408068297,Fauske Røsvik Furnesfjellet,67.446944,15.442778,500,NO,Norway,Норвегия,takeoff,,,,"{""free_flying:site"": ""takeoff""}",
node,5408068298,https://www.openstreetmap.org/node/5408068298,Fauske Lauvgavelen,67.288889,15.368056,150,NO,Norway,Норвегия,takeoff,,,,"{""free_flying:site"": ""takeoff""}",
node,5408068299,https://www.openstreetmap.org/node/5408068299,Fauske Holtanlia,67.283333,15.497222,464,NO,Norway,Норвегия,takeoff,,,,"{""free_flying:site"": ""takeoff""}",
node,5408068300,https://www.openstreetmap.org/node/5408068300,Fauske Holstad Wallehanget ved skolebakken,67.262500,15.228056,10,NO,Norway,Норвегия,takeoff,,,,"{""free_flying:site"": ""takeoff""}",
node,5408068301,https://www.openstreetmap.org/node/5408068301,Fauske Alvenes,67.274722,15.069444,130,NO,Norway,Норвегия,takeoff,,,,"{""free_flying:site"": ""takeoff""}",
node,5408068302,https://www.openstreetmap.org/node/5408068302,Fauske - schilliås starten,67.224722,15.434167,350,NO,Norway,Норвегия,takeoff,,,,"{""free_flying:site"": ""takeoff""}",
node,5408068303,https://www.openstreetmap.org/node/5408068303,Fauske - Rismålstuva,67.252306,15.552639,600,NO,Norway,Норвегия,takeoff,,,,"{""free_flying:site"": ""takeoff""}",
node,5408068304,https://www.openstreetmap.org/node/5408068304,Fauske - Larsen Hanget,67.222167,15.445278,480,NO,Norway,Норвегия,takeoff,,,,"{""free_flying:site"": ""takeoff""}",
node,5408068305,https://www.openstreetmap.org/node/5408068305,Fauske - Grustaket på finneid,67.243267,15.422433,24,NO,Norway,Норвегия,takeoff,,,,"{""free_flying:site"": ""takeoff""}",
node,5408068306,https://www.openstreetmap.org/node/5408068306,Fauske,67.297222,15.500000,420,NO,Norway,Норвегия,takeoff,,,,"{""free_flying:site"": ""takeoff""}",
node,5408068307,https://www.openstreetmap.org/node/5408068307,Erikstad PPG,68.615833,15.828333,2,NO,Norway,Норвегия,takeoff,,,,"{""free_flying:site"": ""takeoff""}",
node,5408068308,https://www.openstreetmap.org/node/5408068308,"Enga Airsport Area, på Saura, Engavågen.",66.768242,13.553400,5,NO,Norway,Норвегия,takeoff,,,,"{""free_flying:site"": ""takeoff""}",
node,5408068309,https://www.openstreetmap.org/node/5408068309,"Eiterågfjellet, Dunderlandsdalen - Rana",66.432500,14.672778,1020,NO,Norway,Норвегия,takeoff,,,,"{""free_flying:site"": ""takeoff""}",
node,5408068310,https://www.openstreetmap.org/node/5408068310,"Dønna, Solfjellet NØ",66.122222,12.548889,200,NO,Norway,Норвегия,takeoff,,,,"{""free_flying:site"": ""takeoff""}",
node,5408068311,https://www.openstreetmap.org/node/5408068311,"Dønna, Gleinsfjellet",66.149167,12.607222,90,NO,Norway,Норвегия,takeoff,,,,"{""free_flying:site"": ""takeoff""}",
node,5408068312,https://www.openstreetmap.org/node/5408068312,"Dolstadåsen "" Panorama ""- Mosjøen",65.841944,13.228889,315,NO,Norway,Норвегия,takeoff,,,,"{""free_flying:site"": ""takeoff""}",
node,5408068313,https://www.openstreetmap.org/node/5408068313,"Djupvikfjellet, Ørnes, Meløy",66.857500,13.721667,300,NO,Norway,Норвегия,takeoff,,,,"{""free_flying:site"": ""takeoff""}",
node,5408068314,https://www.openstreetmap.org/node/5408068314,"Delpheia, Lukvika, Lofoten",68.383611,14.532778,400,NO,Norway,Норвегия,takeoff,,,,"{""free_flying:site"": ""takeoff""}",
node,5408068315,https://www.openstreetmap.org/node/5408068315,Dedicated to Glenn Walle starten,67.403056,14.608333,70,NO,Norway,Норвегия,takeoff,,,,"{""free_flying:site"": ""takeoff""}",
node,5408068316,https://www.openstreetmap.org/node/5408068316,De syv søstre - Kvasstinden,65.930278,12.536389,1000,NO,Norway,Норвегия,takeoff,,,,"{""free_flying:site"": ""takeoff""}",
node,5408068317,https://www.openstreetmap.org/node/5408068317,Børvasstindan-Vest,67.173333,14.475556,398,NO,Norway,Норвегия,takeoff,,,,"{""free_flying:site"": ""takeoff""}",
node,5408068318,https://www.openstreetmap.org/node/5408068318,Bømyran,69.010000,15.500556,15,NO,Norway,Норвегия,takeoff,,,,"{""free_flying:site"": ""takeoff""}",
node,5408068319,https://www.openstreetmap.org/node/5408068319,"Bø, Søbergsfjellet",68.671389,14.406944,220,NO,Norway,Норвегия,takeoff,,,,"{""free_flying:site"": ""takeoff""}",
node,5408068320,https://www.openstreetmap.org/node/5408068320,"Bø, Rambergtinden",68.653611,14.555000,440,NO,Norway,Норвегия,takeoff,,,,"{""free_flying:site"": ""takeoff""}",
node,5408070021,https://www.openstreetmap.org/node/5408070021,"Bø, Nykvåg/Hovden",68.785278,14.533333,500,NO,Norway,Норвегия,takeoff,,,,"{""free_flying:site"": ""takeoff""}",
node,5408070022,https://www.openstreetmap.org/node/5408070022,"Bø, Bjørnberget",68.633889,14.548611,450,NO,Norway,Норвегия,takeoff,,,,"{""free_flying:site"": ""takeoff""}",
node,5408070023,https://www.openstreetmap.org/node/5408070023,Bø Kråkhaugen PPG,68.739167,14.728333,40,NO,Norway,Норвегия,takeoff,,,,"{""free_flying:site"": ""takeoff""}",
node,5408070024,https://www.openstreetmap.org/node/5408070024,"Bø i Vesterålen, Sandvikhalsen/Bufjellet",68.759167,14.483333,80,NO,Norway,Норвегия,takeoff,,,,"{""free_flying:site"": ""takeoff""}",
node,5408070025,https://www.openstreetmap.org/node/5408070025,"Bø i Vesterålen, Fjærvollfjellet/Gimstad",68.648611,14.464722,160,NO,Norway,Норвегия,takeoff,,,,"{""free_flying:site"": ""takeoff""}",
node,5408070026,https://www.openstreetmap.org/node/5408070026,"Bø i Vesterålen, Bø, Vetten",68.639444,14.542778,467,NO,Norway,Норвегия,takeoff,,,,"{""free_flying:site"": ""takeoff""}",
node,5408070027,https://www.openstreetmap.org/node/5408070027,"Bø i Vesterålen, Bø, Høyberget",68.623889,14.530556,200,NO,Norway,Норвегия,takeoff,,,,"{""free_flying:site"": ""takeoff""}",
node,5408070028,https://www.openstreetmap.org/node/5408070028,"Bø i Vesterålen, Skårvågfjellet",68.688333,14.424722,320,NO,Norway,Норвегия,takeoff,,,,"{""free_flying:site"": ""takeoff""}",
node,5408070029,https://www.openstreetmap.org/node/5408070029,"Budalen, Austvågøy, Lofoten",68.390556,14.799444,260,NO,Norway,Норвегия,takeoff,,,,"{""free_flying:site"": ""takeoff""}",
node,5408070030,https://www.openstreetmap.org/node/5408070030,"Brønnøysund, Trælneshatten",65.395556,12.217222,567,NO,Norway,Норвегия,takeoff,,,,"{""free_flying:site"": ""takeoff""}",
node,5408070031,https://www.openstreetmap.org/node/5408070031,"Brønnøysund, Torghatten",65.394444,12.088056,258,NO,Norway,Норвегия,takeoff,,,,"{""free_flying:site"": ""takeoff""}",
node,5408070032,https://www.openstreetmap.org/node/5408070032,"Brønnøysund, Tilremshatten",65.513056,12.295000,300,NO,Norway,Норвегия,takeoff,,,,"{""free_flying:site"": ""takeoff""}",
node,5408070033,https://www.openstreetmap.org/node/5408070033,"Brønnøysund, Skogmofjellet",65.467500,12.376389,460,NO,Norway,Норвегия,takeoff,,,,"{""free_flying:site"": ""takeoff""}",
node,5408070034,https://www.openstreetmap.org/node/5408070034,"Brønnøysund, Saltbuhatten",65.490833,12.400833,334,NO,Norway,Норвегия,takeoff,,,,"{""free_flying:site"": ""takeoff""}",
node,5408070035,https://www.openstreetmap.org/node/5408070035,"Brønnøysund, Ramntinden",65.514722,12.354444,323,NO,Norway,Норвегия,takeoff,,,,"{""free_flying:site"": ""takeoff""}",
node,5408070036,https://www.openstreetmap.org/node/5408070036,"Brønnøysund, Mosfjell SV, Urtearie",65.530556,12.280556,360,NO,Norway,Норвегия,takeoff,,,,"{""free_flying:site"": ""takeoff""}",
node,5408070037,https://www.openstreetmap.org/node/5408070037,"Brønnøysund, Mosfjell NV, Mosaksla",65.540000,12.285278,526,NO,Norway,Норвегия,takeoff,,,,"{""free_flying:site"": ""takeoff""}",
node,5408070038,https://www.openstreetmap.org/node/5408070038,"Brønnøysund, Liafjellet",65.459444,12.366944,401,NO,Norway,Норвегия,takeoff,,,,"{""free_flying:site"": ""takeoff""}",
node,5408070039,https://www.openstreetmap.org/node/5408070039,"Brønnøysund, Kråkneshesten 402mohNVV",65.429444,12.267500,558,NO,Norway,Норвегия,takeoff,,,,"{""free_flying:site"": ""takeoff""}",
node,5408070040,https://www.openstreetmap.org/node/5408070040,"Brønnøysund, Hjortheia",65.494167,12.378056,190,NO,Norway,Норвегия,takeoff,,,,"{""free_flying:site"": ""takeoff""}",
node,5408070041,https://www.openstreetmap.org/node/5408070041,"Brønnøysund, Guromannen",65.489167,12.382500,312,NO,Norway,Норвегия,takeoff,,,,"{""free_flying:site"": ""takeoff""}",
node,5408070042,https://www.openstreetmap.org/node/5408070042,"Brønnøy, Laukvikheia.",65.473333,12.275833,95,NO,Norway,Норвегия,takeoff,,,,"{""free_flying:site"": ""takeoff""}",
node,5408070043,https://www.openstreetmap.org/node/5408070043,"Brønnøy, Hestøya nord",65.471944,12.188333,15,NO,Norway,Норвегия,takeoff,,,,"{""free_flying:site"": ""takeoff""}",
node,5408070044,https://www.openstreetmap.org/node/5408070044,"Brønnøy, Grønlihalsen",65.422500,12.295833,505,NO,Norway,Норвегия,takeoff,,,,"{""free_flying:site"": ""takeoff""}",
node,5408070045,https://www.openstreetmap.org/node/5408070045,Brønnøy - Skutfjellet/Horn,65.583056,12.291667,95,NO,Norway,Норвегия,takeoff,,,,"{""free_flying:site"": ""takeoff""}",
node,5408070046,https://www.openstreetmap.org/node/5408070046,Brennesvikfjellet Øst-Hemnesberget,66.216944,13.564167,230,NO,Norway,Норвегия,takeoff,,,,"{""free_flying:site"": ""takeoff""}",
node,5408070047,https://www.openstreetmap.org/node/5408070047,Breidtind. Digermulen. Raftsundet,68.312500,15.107500,380,NO,Norway,Норвегия,takeoff,,,,"{""free_flying:site"": ""takeoff""}",
node,5408070048,https://www.openstreetmap.org/node/5408070048,"Bomfjellet , Dunderlandsdalen - Rana",66.431944,14.559167,690,NO,Norway,Норвегия,takeoff,,,,"{""free_flying:site"": ""takeoff""}",
node,5408070049,https://www.openstreetmap.org/node/5408070049,Bolnatinden,66.578333,15.225556,1390,NO,Norway,Норвегия,takeoff,,,,"{""free_flying:site"": ""takeoff""}",
node,5408070050,https://www.openstreetmap.org/node/5408070050,Bolga,66.806111,13.213056,230,NO,Norway,Норвегия,takeoff,,,,"{""free_flying:site"": ""takeoff""}",
node,5408070051,https://www.openstreetmap.org/node/5408070051,Bogen i Ofoten.Stortinden,68.528056,16.950833,800,NO,Norway,Норвегия,takeoff,,,,"{""free_flying:site"": ""takeoff""}",
node,5408070052,https://www.openstreetmap.org/node/5408070052,Bogen i Ofoten.Slaggen-Stranda PPG,68.500000,17.000000,25,NO,Norway,Норвегия,takeoff,,,,"{""free_flying:site"": ""takeoff""}",
node,5408070053,https://www.openstreetmap.org/node/5408070053,Bogen i Ofoten.Sauen,68.516667,17.083333,550,NO,Norway,Норвегия,takeoff,,,,"{""free_flying:site"": ""takeoff""}",
node,5408070054,https://www.openstreetmap.org/node/5408070054,Bogen i Ofoten.Lenvik PPG,68.508889,17.060278,30,NO,Norway,Норвегия,takeoff,,,,"{""free_flying:site"": ""takeoff""}",
node,5408070055,https://www.openstreetmap.org/node/5408070055,Bogen i Ofoten.Lenvik,68.500000,17.050000,30,NO,Norway,Норвегия,takeoff,,,,"{""free_flying:site"": ""takeoff""}",
node,5408070056,https://www.openstreetmap.org/node/5408070056,Bogen I Ofoten.Hjemme hos Jack,68.533056,17.006667,0,NO,Norway,Норвегия,takeoff,,,,"{""free_flying:site"": ""takeoff""}",
node,5408070057,https://www.openstreetmap.org/node/5408070057,Bogen i Ofoten.Fotballbanen Fellesarena PPG,68.563889,17.003333,4,NO,Norway,Норвегия,takeoff,,,,"{""free_flying:site"": ""takeoff""}",
node,5408070058,https://www.openstreetmap.org/node/5408070058,Bogen i Ofoten.Dragvika PPG,68.506667,16.926944,5,NO,Norway,Норвегия,takeoff,,,,"{""free_flying:site"": ""takeoff""}",
node,5408070059,https://www.openstreetmap.org/node/5408070059,Bodø Vatnvatnet Ospenesfjellet,67.350897,14.814489,158,NO,Norway,Норвегия,takeoff,,,,"{""free_flying:site"": ""takeoff""}",
node,5408070060,https://www.openstreetmap.org/node/5408070060,Bodø Valnesfjordvatnet,67.315000,15.201944,0,NO,Norway,Норвегия,takeoff,,,,"{""free_flying:site"": ""takeoff""}",
node,5408070061,https://www.openstreetmap.org/node/5408070061,Bodø Valnesfjord Kvalhornet Nattmålstuva,67.352500,15.175833,580,NO,Norway,Норвегия,takeoff,,,,"{""free_flying:site"": ""takeoff""}",
node,5408070062,https://www.openstreetmap.org/node/5408070062,Bodø Valnesfjord Kistrandtinden,67.349444,15.067222,979,NO,Norway,Норвегия,takeoff,,,,"{""free_flying:site"": ""takeoff""}",
node,5408070063,https://www.openstreetmap.org/node/5408070063,Bodø Tverlandet Oddan,67.286944,14.723333,30,NO,Norway,Норвегия,takeoff,,,,"{""free_flying:site"": ""takeoff""}",
node,5408070064,https://www.openstreetmap.org/node/5408070064,Bodø Turisthytta Latmannshauen,67.303333,14.446111,178,NO,Norway,Норвегия,takeoff,,,,"{""free_flying:site"": ""takeoff""}",
node,5408070065,https://www.openstreetmap.org/node/5408070065,Bodø Straumøya Gåffrybergan,67.235778,14.532603,25,NO,Norway,Норвегия,takeoff,,,,"{""free_flying:site"": ""takeoff""}",
node,5408070066,https://www.openstreetmap.org/node/5408070066,Bodø Straumøya Blåheia,67.229950,14.533467,125,NO,Norway,Норвегия,takeoff,,,,"{""free_flying:site"": ""takeoff""}",
node,5408070067,https://www.openstreetmap.org/node/5408070067,Bodø Steinmoen,67.331111,14.554722,340,NO,Norway,Норвегия,takeoff,,,,"{""free_flying:site"": ""takeoff""}",
node,5408070068,https://www.openstreetmap.org/node/5408070068,Bodø Skjerstad Gøran Starten,67.209167,14.920556,440,NO,Norway,Норвегия,takeoff,,,,"{""free_flying:site"": ""takeoff""}",
node,5408070069,https://www.openstreetmap.org/node/5408070069,Bodø Skautuva,67.371389,14.645278,626,NO,Norway,Норвегия,takeoff,,,,"{""free_flying:site"": ""takeoff""}",
node,5408070070,https://www.openstreetmap.org/node/5408070070,Bodø Seivågmyra Vinsjestart,67.231667,14.530556,30,NO,Norway,Норвегия,takeoff,,,,"{""free_flying:site"": ""takeoff""}",
node,5408070071,https://www.openstreetmap.org/node/5408070071,Bodø Saltstraumen Tuvfjellet vest,67.208333,14.640833,220,NO,Norway,Норвегия,takeoff,,,,"{""free_flying:site"": ""takeoff""}",
node,5408070072,https://www.openstreetmap.org/node/5408070072,Bodø Saltstraumen Tuvfjellet,67.211389,14.662500,240,NO,Norway,Норвегия,takeoff,,,,"{""free_flying:site"": ""takeoff""}",
node,5408070073,https://www.openstreetmap.org/node/5408070073,Bodø Saltstraumen Hotell,67.236389,14.613889,5,NO,Norway,Норвегия,takeoff,,,,"{""free_flying:site"": ""takeoff""}",
node,5408070074,https://www.openstreetmap.org/node/5408070074,Bodø Rønvikfjellet,67.301667,14.410833,160,NO,Norway,Норвегия,takeoff,,,,"{""free_flying:site"": ""takeoff""}",
node,5408070075,https://www.openstreetmap.org/node/5408070075,Bodø Pollfjellet sørvest,67.300556,14.398056,85,NO,Norway,Норвегия,takeoff,,,,"{""free_flying:site"": ""takeoff""}",
node,5408070076,https://www.openstreetmap.org/node/5408070076,Bodø Mjelle skolebakke,67.410833,14.637500,30,NO,Norway,Норвегия,takeoff,,,,"{""free_flying:site"": ""takeoff""}",
node,5408070077,https://www.openstreetmap.org/node/5408070077,Bodø Mjelle Norøststarten,67.405278,14.615556,77,NO,Norway,Норвегия,takeoff,,,,"{""free_flying:site"": ""takeoff""}",
node,5408070078,https://www.openstreetmap.org/node/5408070078,Bodø Mjelle Latmannstarten,67.408056,14.608889,30,NO,Norway,Норвегия,takeoff,,,,"{""free_flying:site"": ""takeoff""}",
node,5408070079,https://www.openstreetmap.org/node/5408070079,Bodø Mjelle Ikke fult så latmannstarten,67.433889,14.644722,60,NO,Norway,Норвегия,takeoff,,,,"{""free_flying:site"": ""takeoff""}",
node,5408070080,https://www.openstreetmap.org/node/5408070080,Bodø Mjelle,67.409444,14.639167,150,NO,Norway,Норвегия,takeoff,,,,"{""free_flying:site"": ""takeoff""}",
node,5408070081,https://www.openstreetmap.org/node/5408070081,Bodø Misvær Vestvatn alpinanlegg,67.074167,14.960278,360,NO,Norway,Норвегия,takeoff,,,,"{""free_flying:site"": ""takeoff""}",
node,5408070082,https://www.openstreetmap.org/node/5408070082,Bodø Misvær Moliveten,67.046667,15.014167,480,NO,Norway,Норвегия,takeoff,,,,"{""free_flying:site"": ""takeoff""}",
node,5408070083,https://www.openstreetmap.org/node/5408070083,Bodø Misvær Beiarfjellet Grønnlihågen,67.030000,14.948889,616,NO,Norway,Норвегия,takeoff,,,,"{""free_flying:site"": ""takeoff""}",
node,5408070084,https://www.openstreetmap.org/node/5408070084,Bodø Løpsfjellet øst,67.323056,14.520278,335,NO,Norway,Норвегия,takeoff,,,,"{""free_flying:site"": ""takeoff""}",
node,5408070085,https://www.openstreetmap.org/node/5408070085,Bodø Løpsfjellet vest,67.323333,14.513611,335,NO,Norway,Норвегия,takeoff,,,,"{""free_flying:site"": ""takeoff""}",
node,5408070086,https://www.openstreetmap.org/node/5408070086,Bodø Landegode Sandeidtinden,67.410556,14.382222,334,NO,Norway,Норвегия,takeoff,,,,"{""free_flying:site"": ""takeoff""}",
node,5408070087,https://www.openstreetmap.org/node/5408070087,Bodø Knubban,67.172778,14.476111,440,NO,Norway,Норвегия,takeoff,,,,"{""free_flying:site"": ""takeoff""}",
node,5408070088,https://www.openstreetmap.org/node/5408070088,Bodø Kjerringøy Kvarven sør,67.509667,14.873233,600,NO,Norway,Норвегия,takeoff,,,,"{""free_flying:site"": ""takeoff""}",
node,5408070089,https://www.openstreetmap.org/node/5408070089,Bodø Keiservarden toppen,67.315278,14.478333,365,NO,Norway,Норвегия,takeoff,,,,"{""free_flying:site"": ""takeoff""}",
node,5408070090,https://www.openstreetmap.org/node/5408070090,Bodø Keiservarden Nordstarten,67.316896,14.486865,325,NO,Norway,Норвегия,takeoff,,,,"{""free_flying:site"": ""takeoff""}",
node,5408070091,https://www.openstreetmap.org/node/5408070091,Bodø Keiservarden Løpsstranda,67.321667,14.475000,2,NO,Norway,Норвегия,takeoff,,,,"{""free_flying:site"": ""takeoff""}",
node,5408070092,https://www.openstreetmap.org/node/5408070092,Bodø Keiservarden Kløfta - Midlertidig navn BKB,67.318611,14.466944,170,NO,Norway,Норвегия,takeoff,,,,"{""free_flying:site"": ""takeoff""}",
node,5408070093,https://www.openstreetmap.org/node/5408070093,Bodø Junkerfjellet nord,67.296389,14.491944,265,NO,Norway,Норвегия,takeoff,,,,"{""free_flying:site"": ""takeoff""}",
node,5408070094,https://www.openstreetmap.org/node/5408070094,Bodø Hunstadtoppen,67.285900,14.514883,213,NO,Norway,Норвегия,takeoff,,,,"{""free_flying:site"": ""takeoff""}",
node,5408070095,https://www.openstreetmap.org/node/5408070095,Bodø Hopsfjellet,67.350556,14.735556,439,NO,Norway,Норвегия,takeoff,,,,"{""free_flying:site"": ""takeoff""}",
node,5408070096,https://www.openstreetmap.org/node/5408070096,Bodø Hogndalen Austerdalen,67.206667,14.878056,540,NO,Norway,Норвегия,takeoff,,,,"{""free_flying:site"": ""takeoff""}",
node,5408070097,https://www.openstreetmap.org/node/5408070097,Bodø Hogndalen,67.222222,14.901667,255,NO,Norway,Норвегия,takeoff,,,,"{""free_flying:site"": ""takeoff""}",
node,5408070098,https://www.openstreetmap.org/node/5408070098,Bodø Hjartøya,67.291111,14.361111,100,NO,Norway,Норвегия,takeoff,,,,"{""free_flying:site"": ""takeoff""}",
node,5408070099,https://www.openstreetmap.org/node/5408070099,Bodø Heggmoen,67.358889,14.895278,270,NO,Norway,Норвегия,takeoff,,,,"{""free_flying:site"": ""takeoff""}",
node,5408070100,https://www.openstreetmap.org/node/5408070100,Bodø Gjælfjellet,67.178611,14.428056,220,NO,Norway,Норвегия,takeoff,,,,"{""free_flying:site"": ""takeoff""}",
node,5408070101,https://www.openstreetmap.org/node/5408070101,Bodø Bratten vest,67.303611,14.390556,40,NO,Norway,Норвегия,takeoff,,,,"{""free_flying:site"": ""takeoff""}",
node,5408070102,https://www.openstreetmap.org/node/5408070102,Bodø Bratten nordøst,67.308889,14.409444,20,NO,Norway,Норвегия,takeoff,,,,"{""free_flying:site"": ""takeoff""}",
node,5408070103,https://www.openstreetmap.org/node/5408070103,Bodø Branden,67.220000,14.845556,440,NO,Norway,Норвегия,takeoff,,,,"{""free_flying:site"": ""takeoff""}",
node,5408070104,https://www.openstreetmap.org/node/5408070104,Bodø Bestemorenga skolebakke,67.295556,14.503611,0,NO,Norway,Норвегия,takeoff,,,,"{""free_flying:site"": ""takeoff""}",
node,5408070105,https://www.openstreetmap.org/node/5408070105,Bodø Beiarn vindhaugen,66.888056,14.826667,650,NO,Norway,Норвегия,takeoff,,,,"{""free_flying:site"": ""takeoff""}",
node,5408070106,https://www.openstreetmap.org/node/5408070106,Bodø Beiarn Rikshaugen,66.891111,14.701944,500,NO,Norway,Норвегия,takeoff,,,,"{""free_flying:site"": ""takeoff""}",
node,5408070107,https://www.openstreetmap.org/node/5408070107,Bodø Ausvika Geitnakken,67.337500,14.495833,80,NO,Norway,Норвегия,takeoff,,,,"{""free_flying:site"": ""takeoff""}",
node,5408070108,https://www.openstreetmap.org/node/5408070108,"Blåtinden, Svolvær",68.255225,14.580258,610,NO,Norway,Норвегия,takeoff,,,,"{""free_flying:site"": ""takeoff""}",
node,5408070109,https://www.openstreetmap.org/node/5408070109,Blåheia - Sigerfjord,68.674167,15.549722,532,NO,Norway,Норвегия,takeoff,,,,"{""free_flying:site"": ""takeoff""}",
node,5408070110,https://www.openstreetmap.org/node/5408070110,"Bleikvassli, Kongshaugen",65.895833,14.023056,900,NO,Norway,Норвегия,takeoff,,,,"{""free_flying:site"": ""takeoff""}",
node,5408070111,https://www.openstreetmap.org/node/5408070111,"Bjørnfjell, Riksgrensen",68.450000,18.072778,730,NO,Norway,Норвегия,takeoff,,,,"{""free_flying:site"": ""takeoff""}",
node,5408070112,https://www.openstreetmap.org/node/5408070112,Bjørnfjell PPG,68.443056,18.065556,550,NO,Norway,Норвегия,takeoff,,,,"{""free_flying:site"": ""takeoff""}",
node,5408070113,https://www.openstreetmap.org/node/5408070113,"Bjerkvik, Haugfjellet",68.568611,17.516667,525,NO,Norway,Норвегия,takeoff,,,,"{""free_flying:site"": ""takeoff""}",
node,5408070114,https://www.openstreetmap.org/node/5408070114,"Beiarn, Tellingen",66.862500,14.796944,1225,NO,Norway,Норвегия,takeoff,,,,"{""free_flying:site"": ""takeoff""}",
node,5408070115,https://www.openstreetmap.org/node/5408070115,"Beiarn, Stormyrloftet",66.798611,14.573333,890,NO,Norway,Норвегия,takeoff,,,,"{""free_flying:site"": ""takeoff""}",
node,5408070116,https://www.openstreetmap.org/node/5408070116,"Beiarn, Høyforsslett,Vardu",66.907222,14.714722,440,NO,Norway,Норвегия,takeoff,,,,"{""free_flying:site"": ""takeoff""}",
node,5408070117,https://www.openstreetmap.org/node/5408070117,Beiarn Trones skole Roystarten,66.914233,14.769750,105,NO,Norway,Норвегия,takeoff,,,,"{""free_flying:site"": ""takeoff""}",
node,5408070118,https://www.openstreetmap.org/node/5408070118,Beiarn Rishågen,66.991944,14.832222,456,NO,Norway,Норвегия,takeoff,,,,"{""free_flying:site"": ""takeoff""}",
node,5408070119,https://www.openstreetmap.org/node/5408070119,Beiarn Ramsgjell Kjerringbuskfjellet,66.958333,14.858567,470,NO,Norway,Норвегия,takeoff,,,,"{""free_flying:site"": ""takeoff""}",
node,5408070120,https://www.openstreetmap.org/node/5408070120,Beiarn Ramsgjell,66.951667,14.853056,395,NO,Norway,Норвегия,takeoff,,,,"{""free_flying:site"": ""takeoff""}",
node,5408071721,https://www.openstreetmap.org/node/5408071721,Beiarn Osbakkfjellet,66.991111,14.865000,540,NO,Norway,Норвегия,takeoff,,,,"{""free_flying:site"": ""takeoff""}",
node,5408071722,https://www.openstreetmap.org/node/5408071722,Beiarn Kvalvasstinden,66.925556,14.618333,1120,NO,Norway,Норвегия,takeoff,,,,"{""free_flying:site"": ""takeoff""}",
node,5408071723,https://www.openstreetmap.org/node/5408071723,Beiarn Gråtåtinden,66.915833,14.588889,1354,NO,Norway,Норвегия,takeoff,,,,"{""free_flying:site"": ""takeoff""}",
node,5408071724,https://www.openstreetmap.org/node/5408071724,Barfjellet,66.889917,13.800717,575,NO,Norway,Норвегия,takeoff,,,,"{""free_flying:site"": ""takeoff""}",
node,5408071725,https://www.openstreetmap.org/node/5408071725,"Ballangen, Håfjellet, Linken",68.333333,16.633333,630,NO,Norway,Норвегия,takeoff,,,,"{""free_flying:site"": ""takeoff""}",
node,5408071726,https://www.openstreetmap.org/node/5408071726,Ballangen Håfjellet Bruna Varden,68.356944,16.755833,580,NO,Norway,Норвегия,takeoff,,,,"{""free_flying:site"": ""takeoff""}",
node,5408071727,https://www.openstreetmap.org/node/5408071727,"Andøya, Veten",69.096111,15.873333,290,NO,Norway,Норвегия,takeoff,,,,"{""free_flying:site"": ""takeoff""}",
node,5408071728,https://www.openstreetmap.org/node/5408071728,"Andøya, Tverrfjellet 298moh, Stave",69.194167,15.901667,298,NO,Norway,Норвегия,takeoff,,,,"{""free_flying:site"": ""takeoff""}",
node,5408071729,https://www.openstreetmap.org/node/5408071729,"Andøya, Storslettneset",69.266667,15.922222,20,NO,Norway,Норвегия,takeoff,,,,"{""free_flying:site"": ""takeoff""}",
node,5408071730,https://www.openstreetmap.org/node/5408071730,"Andøya, Skavdalsheia",69.110278,15.779444,220,NO,Norway,Норвегия,takeoff,,,,"{""free_flying:site"": ""takeoff""}",
node,5408071731,https://www.openstreetmap.org/node/5408071731,"Andøya, Sellevollfjellet",69.097222,15.861944,320,NO,Norway,Норвегия,takeoff,,,,"{""free_flying:site"": ""takeoff""}",
node,5408071732,https://www.openstreetmap.org/node/5408071732,"Andøya, Ramnan (Alomarfjellet)",69.278056,16.006667,400,NO,Norway,Норвегия,takeoff,,,,"{""free_flying:site"": ""takeoff""}",
node,5408071733,https://www.openstreetmap.org/node/5408071733,"Andøya, Lovikfjellet",68.944722,15.725556,457,NO,Norway,Норвегия,takeoff,,,,"{""free_flying:site"": ""takeoff""}",
node,5408071734,https://www.openstreetmap.org/node/5408071734,"Andøya, Laupen",69.259167,15.904444,350,NO,Norway,Норвегия,takeoff,,,,"{""free_flying:site"": ""takeoff""}",
node,5408071735,https://www.openstreetmap.org/node/5408071735,"Andøya, Høyvika",69.225278,15.867500,250,NO,Norway,Норвегия,takeoff,,,,"{""free_flying:site"": ""takeoff""}",
node,5408071736,https://www.openstreetmap.org/node/5408071736,"Andøya, Gavltinden S/E",68.895000,15.463333,582,NO,Norway,Норвегия,takeoff,,,,"{""free_flying:site"": ""takeoff""}",
node,5408071737,https://www.openstreetmap.org/node/5408071737,"Andøya, Fiskenes",69.260278,16.146667,50,NO,Norway,Норвегия,takeoff,,,,"{""free_flying:site"": ""takeoff""}",
node,5408071738,https://www.openstreetmap.org/node/5408071738,"Andøya, Einletten",69.246389,16.041111,390,NO,Norway,Норвегия,takeoff,,,,"{""free_flying:site"": ""takeoff""}",
node,5408071739,https://www.openstreetmap.org/node/5408071739,"Andøya, Bleik",69.266667,16.000000,300,NO,Norway,Норвегия,takeoff,,,,"{""free_flying:site"": ""takeoff""}",
node,5408071740,https://www.openstreetmap.org/node/5408071740,"Andøya, Bjørnskinnsfjellet",69.002500,15.633333,635,NO,Norway,Норвегия,takeoff,,,,"{""free_flying:site"": ""takeoff""}",
node,5408071741,https://www.openstreetmap.org/node/5408071741,"Andøya, Arnipa",69.173333,15.951111,225,NO,Norway,Норвегия,takeoff,,,,"{""free_flying:site"": ""takeoff""}",
node,5408071742,https://www.openstreetmap.org/node/5408071742,"Andøya, Andhue 288moh, 4 km utenfor Andenes sentrum",69.293611,16.038056,288,NO,Norway,Норвегия,takeoff,,,,"{""free_flying:site"": ""takeoff""}",
node,5408071743,https://www.openstreetmap.org/node/5408071743,"Andøya, Andhauvet",69.292500,16.039444,288,NO,Norway,Норвегия,takeoff,,,,"{""free_flying:site"": ""takeoff""}",
node,5408071744,https://www.openstreetmap.org/node/5408071744,"Andøya, Åseåsen",69.029444,15.818056,190,NO,Norway,Норвегия,takeoff,,,,"{""free_flying:site"": ""takeoff""}",
node,5408071745,https://www.openstreetmap.org/node/5408071745,Andøya - Åbergsaksla,69.063333,15.812222,320,NO,Norway,Норвегия,takeoff,,,,"{""free_flying:site"": ""takeoff""}",
node,5408071746,https://www.openstreetmap.org/node/5408071746,Andhuet,69.294167,16.038889,288,NO,Norway,Норвегия,takeoff,,,,"{""free_flying:site"": ""takeoff""}",
node,5408071747,https://www.openstreetmap.org/node/5408071747,"Andfjellet, Dunderlandsdalen - Rana",66.421667,15.234167,1100,NO,Norway,Норвегия,takeoff,,,,"{""free_flying:site"": ""takeoff""}",
node,5408071748,https://www.openstreetmap.org/node/5408071748,"Andfjellet 720 start, Dunderlandsdalen - Rana",66.405833,15.195556,720,NO,Norway,Норвегия,takeoff,,,,"{""free_flying:site"": ""takeoff""}",
node,5408071749,https://www.openstreetmap.org/node/5408071749,"Alstahaug, Søvik, Breitind (aksla)",65.920556,12.478333,250,NO,Norway,Норвегия,takeoff,,,,"{""free_flying:site"": ""takeoff""}",
node,5408071750,https://www.openstreetmap.org/node/5408071750,Akebakken ved Umbukta Fjellstue,66.163889,14.590833,0,NO,Norway,Норвегия,takeoff,,,,"{""free_flying:site"": ""takeoff""}",
node,5408071751,https://www.openstreetmap.org/node/5408071751,"Sulitjelma (Fauske),Veien til Lomi (Hanken Krysset)",67.136111,16.125278,617,NO,Norway,Норвегия,takeoff,,,,"{""free_flying:site"": ""takeoff""}",
node,5408071752,https://www.openstreetmap.org/node/5408071752,Sulitjelma (Fauske) tverrfjellet,67.135000,16.183056,0,NO,Norway,Норвегия,takeoff,,,,"{""free_flying:site"": ""takeoff""}",
node,5408071753,https://www.openstreetmap.org/node/5408071753,Sulitjelma (Fauske) Storelv-vatnan toppen,67.161944,16.132778,1048,NO,Norway,Норвегия,takeoff,,,,"{""free_flying:site"": ""takeoff""}",
node,5408071754,https://www.openstreetmap.org/node/5408071754,Sulitjelma (Fauske) sagmo/gjertrudfjellet,67.126389,15.997778,6,NO,Norway,Норвегия,takeoff,,,,"{""free_flying:site"": ""takeoff""}",
node,5408071755,https://www.openstreetmap.org/node/5408071755,Sulitjelma (Fauske) Koppartoppen,67.155278,16.103611,1010,NO,Norway,Норвегия,takeoff,,,,"{""free_flying:site"": ""takeoff""}",
node,5408071756,https://www.openstreetmap.org/node/5408071756,Sulitjelma (Fauske) Daja fjellandsby alpinsenter,67.085000,16.072222,540,NO,Norway,Норвегия,takeoff,,,,"{""free_flying:site"": ""takeoff""}",
node,5408071757,https://www.openstreetmap.org/node/5408071757,"Saltdal, Bleiknes",66.899444,15.335833,420,NO,Norway,Норвегия,takeoff,,,,"{""free_flying:site"": ""takeoff""}",
node,5408071758,https://www.openstreetmap.org/node/5408071758,"Mosjøen, Dolstad ""Tårnet""",65.857507,13.223504,275,NO,Norway,Норвегия,takeoff,,,,"{""free_flying:site"": ""takeoff""}",
node,5408071759,https://www.openstreetmap.org/node/5408071759,"Lofoten, Fredvang Mira og John starten",68.078333,13.128056,150,NO,Norway,Норвегия,takeoff,,,,"{""free_flying:site"": ""takeoff""}",
node,5408071760,https://www.openstreetmap.org/node/5408071760,"Åsen, Levanger PPG",63.603056,11.026667,77,NO,Norway,Норвегия,takeoff,,,,"{""free_flying:site"": ""takeoff""}",
node,5408071761,https://www.openstreetmap.org/node/5408071761,Ystadhanget,63.840278,11.347778,80,NO,Norway,Норвегия,takeoff,,,,"{""free_flying:site"": ""takeoff""}",
node,5408071762,https://www.openstreetmap.org/node/5408071762,"Våttåberget, Volhaugen, Verdal",63.828889,11.550556,320,NO,Norway,Норвегия,takeoff,,,,"{""free_flying:site"": ""takeoff""}",
node,5408071763,https://www.openstreetmap.org/node/5408071763,"Vistvik, Verdal",63.815278,11.551944,75,NO,Norway,Норвегия,takeoff,,,,"{""free_flying:site"": ""takeoff""}",
node,5408071764,https://www.openstreetmap.org/node/5408071764,"Vestremsbukta, Ekne, Levanger",63.705556,11.008056,50,NO,Norway,Норвегия,takeoff,,,,"{""free_flying:site"": ""takeoff""}",
node,5408071765,https://www.openstreetmap.org/node/5408071765,Tier-klompen,64.860494,12.454667,0,NO,Norway,Норвегия,takeoff,,,,"{""free_flying:site"": ""takeoff""}",
node,5408071766,https://www.openstreetmap.org/node/5408071766,"Sæli, Henning",63.906944,11.628889,247,NO,Norway,Норвегия,takeoff,,,,"{""free_flying:site"": ""takeoff""}",
node,5408071767,https://www.openstreetmap.org/node/5408071767,"Sæli alpinsenter (nedlagt), Leksdalen/Henning",63.908333,11.642778,465,NO,Norway,Норвегия,takeoff,,,,"{""free_flying:site"": ""takeoff""}",
node,5408071768,https://www.openstreetmap.org/node/5408071768,"Stokkvola, Åsen",63.591111,11.068056,505,NO,Norway,Норвегия,takeoff,,,,"{""free_flying:site"": ""takeoff""}",
node,5408071769,https://www.openstreetmap.org/node/5408071769,Steinådalen Namskogan,65.023056,13.375000,784,NO,Norway,Норвегия,takeoff,,,,"{""free_flying:site"": ""takeoff""}",
node,5408071770,https://www.openstreetmap.org/node/5408071770,"Staurheia, Verran",63.871667,10.685000,550,NO,Norway,Норвегия,takeoff,,,,"{""free_flying:site"": ""takeoff""}",
node,5408071771,https://www.openstreetmap.org/node/5408071771,"Solberglia, Verdal",63.831111,11.509444,220,NO,Norway,Норвегия,takeoff,,,,"{""free_flying:site"": ""takeoff""}",
node,5408071772,https://www.openstreetmap.org/node/5408071772,"Skorstad, Otterøya, Namsos",64.576667,11.178333,60,NO,Norway,Норвегия,takeoff,,,,"{""free_flying:site"": ""takeoff""}",
node,5408071773,https://www.openstreetmap.org/node/5408071773,"Skeishøgda, Verdal",63.797222,11.641667,250,NO,Norway,Норвегия,takeoff,,,,"{""free_flying:site"": ""takeoff""}",
node,5408071774,https://www.openstreetmap.org/node/5408071774,"Seksberget,Lierne",64.283333,13.566667,884,NO,Norway,Норвегия,takeoff,,,,"{""free_flying:site"": ""takeoff""}",
node,5408071775,https://www.openstreetmap.org/node/5408071775,"Røyrvik, Raentsere",64.893611,13.892500,800,NO,Norway,Норвегия,takeoff,,,,"{""free_flying:site"": ""takeoff""}",
node,5408071776,https://www.openstreetmap.org/node/5408071776,"Oppstubakken, Inndalen, Verdal",63.731667,11.788889,200,NO,Norway,Норвегия,takeoff,,,,"{""free_flying:site"": ""takeoff""}",
node,5408071777,https://www.openstreetmap.org/node/5408071777,"Okollan, Verdal",63.824444,11.543056,200,NO,Norway,Норвегия,takeoff,,,,"{""free_flying:site"": ""takeoff""}",
node,5408071778,https://www.openstreetmap.org/node/5408071778,"Oftenåsen, Steinkjer",63.983333,11.518889,330,NO,Norway,Норвегия,takeoff,,,,"{""free_flying:site"": ""takeoff""}",
node,5408071779,https://www.openstreetmap.org/node/5408071779,Oftenåsen,63.993333,11.531667,300,NO,Norway,Норвегия,takeoff,,,,"{""free_flying:site"": ""takeoff""}",
node,5408071780,https://www.openstreetmap.org/node/5408071780,"Nærøy, Vattind",64.983056,12.015556,0,NO,Norway,Норвегия,takeoff,,,,"{""free_flying:site"": ""takeoff""}",
node,5408071781,https://www.openstreetmap.org/node/5408071781,"Nærøy, Teplingan",64.947778,12.308333,430,NO,Norway,Норвегия,takeoff,,,,"{""free_flying:site"": ""takeoff""}",
node,5408071782,https://www.openstreetmap.org/node/5408071782,"Nærøy, Kålåfjellet,nord trøndelag",64.944444,12.099722,500,NO,Norway,Норвегия,takeoff,,,,"{""free_flying:site"": ""takeoff""}",
node,5408071783,https://www.openstreetmap.org/node/5408071783,"Nord trøndelag, Holandsfjellet",64.968056,12.235000,454,NO,Norway,Норвегия,takeoff,,,,"{""free_flying:site"": ""takeoff""}",
node,5408071784,https://www.openstreetmap.org/node/5408071784,"Namsos, Spillumsfjellet",64.446111,11.554167,385,NO,Norway,Норвегия,takeoff,,,,"{""free_flying:site"": ""takeoff""}",
node,5408071785,https://www.openstreetmap.org/node/5408071785,"Namsos kommune, Otterøya, Tømmervikfjellet",64.600000,11.216667,463,NO,Norway,Норвегия,takeoff,,,,"{""free_flying:site"": ""takeoff""}",
node,5408071786,https://www.openstreetmap.org/node/5408071786,"Namsos kommune, Otterøya, Stuvfjellet",64.563889,11.247222,300,NO,Norway,Норвегия,takeoff,,,,"{""free_flying:site"": ""takeoff""}",
node,5408071787,https://www.openstreetmap.org/node/5408071787,"Namskogan, Finnvollfjellet Nord",64.910611,13.125703,700,NO,Norway,Норвегия,takeoff,,,,"{""free_flying:site"": ""takeoff""}",
node,5408071788,https://www.openstreetmap.org/node/5408071788,"Namskogan, Finnvollfjellet",64.893333,13.123889,640,NO,Norway,Норвегия,takeoff,,,,"{""free_flying:site"": ""takeoff""}",
node,5408071789,https://www.openstreetmap.org/node/5408071789,Namdalseid - Øyenskavelen,64.284444,11.093611,667,NO,Norway,Норвегия,takeoff,,,,"{""free_flying:site"": ""takeoff""}",
node,5408071790,https://www.openstreetmap.org/node/5408071790,"Munken, Leksvik",63.565556,10.314167,518,NO,Norway,Норвегия,takeoff,,,,"{""free_flying:site"": ""takeoff""}",
node,5408071791,https://www.openstreetmap.org/node/5408071791,Meråker,63.457500,11.681944,600,NO,Norway,Норвегия,takeoff,,,,"{""free_flying:site"": ""takeoff""}",
node,5408071792,https://www.openstreetmap.org/node/5408071792,Lyshaugen på Salsnes i Fosnes kommune,64.693056,11.447500,70,NO,Norway,Норвегия,takeoff,,,,"{""free_flying:site"": ""takeoff""}",
node,5408071793,https://www.openstreetmap.org/node/5408071793,Lorvika ved Borgenfjorden,63.889444,11.381389,60,NO,Norway,Норвегия,takeoff,,,,"{""free_flying:site"": ""takeoff""}",
node,5408071794,https://www.openstreetmap.org/node/5408071794,Litlveafjellet,64.854983,11.399378,264,NO,Norway,Норвегия,takeoff,,,,"{""free_flying:site"": ""takeoff""}",
node,5408071795,https://www.openstreetmap.org/node/5408071795,kyst hanget Guttvik,65.090833,11.830000,60,NO,Norway,Норвегия,takeoff,,,,"{""free_flying:site"": ""takeoff""}",
node,5408071796,https://www.openstreetmap.org/node/5408071796,"Kongsmoen, Lonefjellet",64.851111,12.456111,515,NO,Norway,Норвегия,takeoff,,,,"{""free_flying:site"": ""takeoff""}",
node,5408071797,https://www.openstreetmap.org/node/5408071797,Hårskallen Levanger,63.652222,11.514167,735,NO,Norway,Норвегия,takeoff,,,,"{""free_flying:site"": ""takeoff""}",
node,5408071798,https://www.openstreetmap.org/node/5408071798,Hundhammerfjellet,64.763333,11.401944,215,NO,Norway,Норвегия,takeoff,,,,"{""free_flying:site"": ""takeoff""}",
node,5408071799,https://www.openstreetmap.org/node/5408071799,HeimsnesValin,64.939722,12.368889,420,NO,Norway,Норвегия,takeoff,,,,"{""free_flying:site"": ""takeoff""}",
node,5408071800,https://www.openstreetmap.org/node/5408071800,"Hallem, Verdal",63.807375,11.597717,160,NO,Norway,Норвегия,takeoff,,,,"{""free_flying:site"": ""takeoff""}",
node,5408071801,https://www.openstreetmap.org/node/5408071801,"Gutvik,start mot W-NW",65.071975,11.826272,395,NO,Norway,Норвегия,takeoff,,,,"{""free_flying:site"": ""takeoff""}",
node,5408071802,https://www.openstreetmap.org/node/5408071802,"Gutvik, Vassfjellet",65.077778,11.845000,360,NO,Norway,Норвегия,takeoff,,,,"{""free_flying:site"": ""takeoff""}",
node,5408071803,https://www.openstreetmap.org/node/5408071803,"Grønnlisætra, Fosen",63.775000,10.464722,465,NO,Norway,Норвегия,takeoff,,,,"{""free_flying:site"": ""takeoff""}",
node,5408071804,https://www.openstreetmap.org/node/5408071804,"Grong, Tømmeråsfjellet",64.461667,12.404167,650,NO,Norway,Норвегия,takeoff,,,,"{""free_flying:site"": ""takeoff""}",
node,5408071805,https://www.openstreetmap.org/node/5408071805,"Grong, Paradishaugen",64.397222,12.279444,650,NO,Norway,Норвегия,takeoff,,,,"{""free_flying:site"": ""takeoff""}",
node,5408071806,https://www.openstreetmap.org/node/5408071806,"Grong, Medjåsætran",64.466389,12.350278,485,NO,Norway,Норвегия,takeoff,,,,"{""free_flying:site"": ""takeoff""}",
node,5408071807,https://www.openstreetmap.org/node/5408071807,"Grong, Geitfjellet",64.420833,12.196944,800,NO,Norway,Норвегия,takeoff,,,,"{""free_flying:site"": ""takeoff""}",
node,5408071808,https://www.openstreetmap.org/node/5408071808,"Grong, Biskoplifjellet",64.385000,12.316111,525,NO,Norway,Норвегия,takeoff,,,,"{""free_flying:site"": ""takeoff""}",
node,5408071809,https://www.openstreetmap.org/node/5408071809,Granvikaksla,65.060278,11.955000,188,NO,Norway,Норвегия,takeoff,,,,"{""free_flying:site"": ""takeoff""}",
node,5408071810,https://www.openstreetmap.org/node/5408071810,Forbord,63.526111,10.890556,590,NO,Norway,Норвегия,takeoff,,,,"{""free_flying:site"": ""takeoff""}",
node,5408071811,https://www.openstreetmap.org/node/5408071811,Fonnfjellet Meråker,63.402878,11.610139,1100,NO,Norway,Норвегия,takeoff,,,,"{""free_flying:site"": ""takeoff""}",
node,5408071812,https://www.openstreetmap.org/node/5408071812,Flakkstrandfjellet Bangsund,64.379083,11.413194,205,NO,Norway,Норвегия,takeoff,,,,"{""free_flying:site"": ""takeoff""}",
node,5408071813,https://www.openstreetmap.org/node/5408071813,"Fiskvika, Stjørdal",63.501667,10.760000,50,NO,Norway,Норвегия,takeoff,,,,"{""free_flying:site"": ""takeoff""}",
node,5408071814,https://www.openstreetmap.org/node/5408071814,"Ellevklompan, Bangsund",64.354806,11.427528,320,NO,Norway,Норвегия,takeoff,,,,"{""free_flying:site"": ""takeoff""}",
node,5408071815,https://www.openstreetmap.org/node/5408071815,"Ørsta, Åmnipa",62.174444,6.240556,516,NO,Norway,Норвегия,takeoff,,,,"{""free_flying:site"": ""takeoff""}",
node,5408071816,https://www.openstreetmap.org/node/5408071816,"Ørsta, Vallahornet",62.222778,6.139167,830,NO,Norway,Норвегия,takeoff,,,,"{""free_flying:site"": ""takeoff""}",
node,5408071817,https://www.openstreetmap.org/node/5408071817,"Ørsta, Oshornet",62.176944,6.135833,800,NO,Norway,Норвегия,takeoff,,,,"{""free_flying:site"": ""takeoff""}",
node,5408071818,https://www.openstreetmap.org/node/5408071818,"Ørsta, Okla (vindpølsa)",62.178917,6.119222,600,NO,Norway,Норвегия,takeoff,,,,"{""free_flying:site"": ""takeoff""}",
node,5408071819,https://www.openstreetmap.org/node/5408071819,"Ørsta, Brekkeheida",62.199444,6.170278,355,NO,Norway,Норвегия,takeoff,,,,"{""free_flying:site"": ""takeoff""}",
node,5408071820,https://www.openstreetmap.org/node/5408071820,"Ørsta, Bondalseidet",62.158889,6.294444,712,NO,Norway,Норвегия,takeoff,,,,"{""free_flying:site"": ""takeoff""}",
node,5408073821,https://www.openstreetmap.org/node/5408073821,Ørsta Katten,62.208333,6.277222,500,NO,Norway,Норвегия,takeoff,,,,"{""free_flying:site"": ""takeoff""}",
node,5408073822,https://www.openstreetmap.org/node/5408073822,Ørsta - Skårasalen,62.166667,6.483611,1500,NO,Norway,Норвегия,takeoff,,,,"{""free_flying:site"": ""takeoff""}",
node,5408073823,https://www.openstreetmap.org/node/5408073823,"Ørskogfjellet, Nyseternakken",62.524167,6.939444,487,NO,Norway,Норвегия,takeoff,,,,"{""free_flying:site"": ""takeoff""}",
node,5408073824,https://www.openstreetmap.org/node/5408073824,"Ørskog, Ørskogfjellet",62.523889,6.944722,0,NO,Norway,Норвегия,takeoff,,,,"{""free_flying:site"": ""takeoff""}",
node,5408073825,https://www.openstreetmap.org/node/5408073825,Æafjellet,62.701817,6.396142,112,NO,Norway,Норвегия,takeoff,,,,"{""free_flying:site"": ""takeoff""}",
node,5408073826,https://www.openstreetmap.org/node/5408073826,"Åndalsnes, Nesaksla",62.557778,7.729167,800,NO,Norway,Норвегия,takeoff,,,,"{""free_flying:site"": ""takeoff""}",
node,5408073827,https://www.openstreetmap.org/node/5408073827,"Åndalsnes, Litlefjellet",62.509722,7.790278,780,NO,Norway,Норвегия,takeoff,,,,"{""free_flying:site"": ""takeoff""}",
node,5408073828,https://www.openstreetmap.org/node/5408073828,"Åndalsnes, Isfjordsaksla",62.587944,7.887431,620,NO,Norway,Норвегия,takeoff,,,,"{""free_flying:site"": ""takeoff""}",
node,5408073829,https://www.openstreetmap.org/node/5408073829,"Åndal, Maifjellet",62.818333,7.455000,798,NO,Norway,Норвегия,takeoff,,,,"{""free_flying:site"": ""takeoff""}",
node,5408073830,https://www.openstreetmap.org/node/5408073830,"Ålvundfjord,Vardhaugen",62.841667,8.549722,688,NO,Norway,Норвегия,takeoff,,,,"{""free_flying:site"": ""takeoff""}",
node,5408073831,https://www.openstreetmap.org/node/5408073831,"Ålesund, Turheisen i Spjelkavika",62.452500,6.380556,350,NO,Norway,Норвегия,takeoff,,,,"{""free_flying:site"": ""takeoff""}",
node,5408073832,https://www.openstreetmap.org/node/5408073832,"Ålesund, Hessa - Sukkertoppen",62.460278,6.100000,313,NO,Norway,Норвегия,takeoff,,,,"{""free_flying:site"": ""takeoff""}",
node,5408073833,https://www.openstreetmap.org/node/5408073833,"Ålesund, Godøya sør",62.479722,6.012222,315,NO,Norway,Норвегия,takeoff,,,,"{""free_flying:site"": ""takeoff""}",
node,5408073834,https://www.openstreetmap.org/node/5408073834,Høgekubben,62.455218,6.476309,461,NO,Norway,Норвегия,takeoff,,,,"{""free_flying:site"": ""takeoff""}",
node,5408073835,https://www.openstreetmap.org/node/5408073835,"Volda, Skisenter",62.161944,6.151944,653,NO,Norway,Норвегия,takeoff,,,,"{""free_flying:site"": ""takeoff""}",
node,5408073836,https://www.openstreetmap.org/node/5408073836,"Volda, Rotsethornet",62.131944,6.092778,652,NO,Norway,Норвегия,takeoff,,,,"{""free_flying:site"": ""takeoff""}",
node,5408073837,https://www.openstreetmap.org/node/5408073837,"Volda, Klakken (Sandegga)",62.009444,5.936389,1200,NO,Norway,Норвегия,takeoff,,,,"{""free_flying:site"": ""takeoff""}",
node,5408073838,https://www.openstreetmap.org/node/5408073838,"Volda, Dalsfjord - Store Sarpen",62.013611,5.781944,750,NO,Norway,Норвегия,takeoff,,,,"{""free_flying:site"": ""takeoff""}",
node,5408073839,https://www.openstreetmap.org/node/5408073839,"Volda, Dalsfjord - Nausane (SIV/ACRO)",62.014722,5.823611,600,NO,Norway,Норвегия,takeoff,,,,"{""free_flying:site"": ""takeoff""}",
node,5408073840,https://www.openstreetmap.org/node/5408073840,"Vistdal, Øvregardsætra",62.734444,7.953611,560,NO,Norway,Норвегия,takeoff,,,,"{""free_flying:site"": ""takeoff""}",
node,5408073841,https://www.openstreetmap.org/node/5408073841,Vikebukt - Vikenakken,62.607222,7.196944,515,NO,Norway,Норвегия,takeoff,,,,"{""free_flying:site"": ""takeoff""}",
node,5408073842,https://www.openstreetmap.org/node/5408073842,Vikebukt - Helsetnakken,62.596389,7.167222,521,NO,Norway,Норвегия,takeoff,,,,"{""free_flying:site"": ""takeoff""}",
node,5408073843,https://www.openstreetmap.org/node/5408073843,"Vikaksla, Tomrefjorden",62.600000,6.966667,400,NO,Norway,Норвегия,takeoff,,,,"{""free_flying:site"": ""takeoff""}",
node,5408073844,https://www.openstreetmap.org/node/5408073844,"Vigra, Giske Kommune.",62.551644,6.048544,40,NO,Norway,Норвегия,takeoff,,,,"{""free_flying:site"": ""takeoff""}",
node,5408073845,https://www.openstreetmap.org/node/5408073845,"Vettan, Leira, Tustna",63.209167,8.083056,0,NO,Norway,Норвегия,takeoff,,,,"{""free_flying:site"": ""takeoff""}",
node,5408073846,https://www.openstreetmap.org/node/5408073846,"Verhaldet, Bondalseidet",62.181111,6.298611,1206,NO,Norway,Норвегия,takeoff,,,,"{""free_flying:site"": ""takeoff""}",
node,5408073847,https://www.openstreetmap.org/node/5408073847,"Verahornet, Ørskog",62.496161,6.846078,518,NO,Norway,Норвегия,takeoff,,,,"{""free_flying:site"": ""takeoff""}",
node,5408073848,https://www.openstreetmap.org/node/5408073848,"Vardene, Sula",62.413333,6.165278,776,NO,Norway,Норвегия,takeoff,,,,"{""free_flying:site"": ""takeoff""}",
node,5408073849,https://www.openstreetmap.org/node/5408073849,"Varden, Molde",62.752500,7.133056,455,NO,Norway,Норвегия,takeoff,,,,"{""free_flying:site"": ""takeoff""}",
node,5408073850,https://www.openstreetmap.org/node/5408073850,"Vanylven, Tusshornet",62.024750,5.511694,364,NO,Norway,Норвегия,takeoff,,,,"{""free_flying:site"": ""takeoff""}",
node,5408073851,https://www.openstreetmap.org/node/5408073851,"Vanylven, Lisjeblæja",62.042639,5.767972,1010,NO,Norway,Норвегия,takeoff,,,,"{""free_flying:site"": ""takeoff""}",
node,5408073852,https://www.openstreetmap.org/node/5408073852,"Ulsteinvik, Ulstein (Trehang v/ bedehuset)",62.363056,5.819167,10,NO,Norway,Норвегия,takeoff,,,,"{""free_flying:site"": ""takeoff""}",
node,5408073853,https://www.openstreetmap.org/node/5408073853,"Ulsteinvik, Skeide - Skeidshornet",62.357569,5.843764,276,NO,Norway,Норвегия,takeoff,,,,"{""free_flying:site"": ""takeoff""}",
node,5408073854,https://www.openstreetmap.org/node/5408073854,"Ulsteinvik, Skeide - Nibben",62.357778,5.837778,160,NO,Norway,Норвегия,takeoff,,,,"{""free_flying:site"": ""takeoff""}",
node,5408073855,https://www.openstreetmap.org/node/5408073855,"Ulsteinvik, Røyrafjellet - Mini",62.298611,5.808611,20,NO,Norway,Норвегия,takeoff,,,,"{""free_flying:site"": ""takeoff""}",
node,5408073856,https://www.openstreetmap.org/node/5408073856,"Ulsteinvik, Røyrafjellet (Nord/Sør)",62.299722,5.788889,123,NO,Norway,Норвегия,takeoff,,,,"{""free_flying:site"": ""takeoff""}",
node,5408073857,https://www.openstreetmap.org/node/5408073857,"Ulsteinvik, Osnessanden (Trehang nedenfor kirkegården/PPG/OTP)",62.344167,5.826389,15,NO,Norway,Норвегия,takeoff,,,,"{""free_flying:site"": ""takeoff""}",
node,5408073858,https://www.openstreetmap.org/node/5408073858,"Ulsteinvik, Osberget NW - ""Kassen"" Utsikt",62.351389,5.835556,130,NO,Norway,Норвегия,takeoff,,,,"{""free_flying:site"": ""takeoff""}",
node,5408073859,https://www.openstreetmap.org/node/5408073859,"Ulsteinvik, Osberget - Honden",62.349444,5.839167,134,NO,Norway,Норвегия,takeoff,,,,"{""free_flying:site"": ""takeoff""}",
node,5408073860,https://www.openstreetmap.org/node/5408073860,"Ulsteinvik, Kiberget",62.356389,5.896944,400,NO,Norway,Норвегия,takeoff,,,,"{""free_flying:site"": ""takeoff""}",
node,5408073861,https://www.openstreetmap.org/node/5408073861,"Ulsteinvik, Høgebrua",62.331389,5.895556,400,NO,Norway,Норвегия,takeoff,,,,"{""free_flying:site"": ""takeoff""}",
node,5408073862,https://www.openstreetmap.org/node/5408073862,"Ulsteinvik, Hestelegda (Vindpølsa)",62.325278,5.889444,455,NO,Norway,Норвегия,takeoff,,,,"{""free_flying:site"": ""takeoff""}",
node,5408073863,https://www.openstreetmap.org/node/5408073863,"Ulsteinvik, Hasundhornet-SW/W",62.316389,5.875556,515,NO,Norway,Норвегия,takeoff,,,,"{""free_flying:site"": ""takeoff""}",
node,5408073864,https://www.openstreetmap.org/node/5408073864,"Ulsteinvik, Halsasvingen (Trehang)",62.349722,5.825278,10,NO,Norway,Норвегия,takeoff,,,,"{""free_flying:site"": ""takeoff""}",
node,5408073865,https://www.openstreetmap.org/node/5408073865,"Ulsteinvik, Gardnestua",62.299444,5.894167,654,NO,Norway,Норвегия,takeoff,,,,"{""free_flying:site"": ""takeoff""}",
node,5408073866,https://www.openstreetmap.org/node/5408073866,"Ulsteinvik, Gamleeidet - Nygjerdemarka Runway PPG",62.352222,5.899167,230,NO,Norway,Норвегия,takeoff,,,,"{""free_flying:site"": ""takeoff""}",
node,5408073867,https://www.openstreetmap.org/node/5408073867,"Ulsteinvik, Flø -Tørlingehaugane",62.391667,5.959167,490,NO,Norway,Норвегия,takeoff,,,,"{""free_flying:site"": ""takeoff""}",
node,5408073868,https://www.openstreetmap.org/node/5408073868,"Ulsteinvik, Flø - Ytreflødalen",62.421667,5.970278,300,NO,Norway,Норвегия,takeoff,,,,"{""free_flying:site"": ""takeoff""}",
node,5408073869,https://www.openstreetmap.org/node/5408073869,"Ulsteinvik, Flø - Sneldelida",62.402500,5.938333,634,NO,Norway,Норвегия,takeoff,,,,"{""free_flying:site"": ""takeoff""}",
node,5408073870,https://www.openstreetmap.org/node/5408073870,"Ulsteinvik, Flø - Roppehornet",62.390556,5.841667,300,NO,Norway,Норвегия,takeoff,,,,"{""free_flying:site"": ""takeoff""}",
node,5408073871,https://www.openstreetmap.org/node/5408073871,"Ulsteinvik, Flåna",62.305000,5.881667,612,NO,Norway,Норвегия,takeoff,,,,"{""free_flying:site"": ""takeoff""}",
node,5408073872,https://www.openstreetmap.org/node/5408073872,"Ulsteinvik, Dimna-vest",62.310000,5.795278,100,NO,Norway,Норвегия,takeoff,,,,"{""free_flying:site"": ""takeoff""}",
node,5408073873,https://www.openstreetmap.org/node/5408073873,Ulsteinvik - Skitnehyllene (NØ mell. Hestelegda/Hasundhornet),62.319444,5.878333,500,NO,Norway,Норвегия,takeoff,,,,"{""free_flying:site"": ""takeoff""}",
node,5408073874,https://www.openstreetmap.org/node/5408073874,Ulsteinvik - Flø - Veten,62.406389,5.892778,515,NO,Norway,Норвегия,takeoff,,,,"{""free_flying:site"": ""takeoff""}",
node,5408073875,https://www.openstreetmap.org/node/5408073875,"Ugelstadfjellet, Eide",62.893611,7.495833,450,NO,Norway,Норвегия,takeoff,,,,"{""free_flying:site"": ""takeoff""}",
node,5408073876,https://www.openstreetmap.org/node/5408073876,"Tusten, Molde",62.781667,7.251667,704,NO,Norway,Норвегия,takeoff,,,,"{""free_flying:site"": ""takeoff""}",
node,5408073877,https://www.openstreetmap.org/node/5408073877,"Tussan,Betna.",63.056922,8.402611,728,NO,Norway,Норвегия,takeoff,,,,"{""free_flying:site"": ""takeoff""}",
node,5408073878,https://www.openstreetmap.org/node/5408073878,Turrvasshornet,62.139797,7.161102,1235,NO,Norway,Норвегия,takeoff,,,,"{""free_flying:site"": ""takeoff""}",
node,5408073879,https://www.openstreetmap.org/node/5408073879,Todalen,62.800000,8.858333,900,NO,Norway,Норвегия,takeoff,,,,"{""free_flying:site"": ""takeoff""}",
node,5408073880,https://www.openstreetmap.org/node/5408073880,"Tindan 639 topp - mellom Knubben og Leirtind, Leira",63.190833,8.072500,635,NO,Norway,Норвегия,takeoff,,,,"{""free_flying:site"": ""takeoff""}",
node,5408073881,https://www.openstreetmap.org/node/5408073881,Taløynebba,62.799444,8.850556,860,NO,Norway,Норвегия,takeoff,,,,"{""free_flying:site"": ""takeoff""}",
node,5408073882,https://www.openstreetmap.org/node/5408073882,Sætra,62.300975,7.331042,405,NO,Norway,Норвегия,takeoff,,,,"{""free_flying:site"": ""takeoff""}",
node,5408073883,https://www.openstreetmap.org/node/5408073883,"Svartvassegga, Haram",62.565556,6.807222,600,NO,Norway,Норвегия,takeoff,,,,"{""free_flying:site"": ""takeoff""}",
node,5408073884,https://www.openstreetmap.org/node/5408073884,"Svafjellet, Velledalen, Sykkylven",62.318889,6.698056,900,NO,Norway,Норвегия,takeoff,,,,"{""free_flying:site"": ""takeoff""}",
node,5408073885,https://www.openstreetmap.org/node/5408073885,"Surnadal, Syltnebba",62.959722,8.639722,500,NO,Norway,Норвегия,takeoff,,,,"{""free_flying:site"": ""takeoff""}",
node,5408073886,https://www.openstreetmap.org/node/5408073886,"Surnadal, Strengen",62.928889,8.563056,900,NO,Norway,Норвегия,takeoff,,,,"{""free_flying:site"": ""takeoff""}",
node,5408073887,https://www.openstreetmap.org/node/5408073887,"Surnadal, Skarven",63.055556,8.656111,649,NO,Norway,Норвегия,takeoff,,,,"{""free_flying:site"": ""takeoff""}",
node,5408073888,https://www.openstreetmap.org/node/5408073888,"Surnadal, Høgberget",62.991944,8.716111,180,NO,Norway,Норвегия,takeoff,,,,"{""free_flying:site"": ""takeoff""}",
node,5408073889,https://www.openstreetmap.org/node/5408073889,"Surnadal, Honnstadknyken",62.956944,8.813889,1071,NO,Norway,Норвегия,takeoff,,,,"{""free_flying:site"": ""takeoff""}",
node,5408073890,https://www.openstreetmap.org/node/5408073890,"Sunnmørsalpane, Veirahaldet 1206 moh",62.180000,6.299167,1200,NO,Norway,Норвегия,takeoff,,,,"{""free_flying:site"": ""takeoff""}",
node,5408073891,https://www.openstreetmap.org/node/5408073891,Sunndal Innerdalen Renndalskamman,62.721111,8.806667,1068,NO,Norway,Норвегия,takeoff,,,,"{""free_flying:site"": ""takeoff""}",
node,5408073892,https://www.openstreetmap.org/node/5408073892,"Sula, Rundehornet",62.416667,6.173611,727,NO,Norway,Норвегия,takeoff,,,,"{""free_flying:site"": ""takeoff""}",
node,5408073893,https://www.openstreetmap.org/node/5408073893,"Sula, Grøthornet",62.416667,6.133333,650,NO,Norway,Норвегия,takeoff,,,,"{""free_flying:site"": ""takeoff""}",
node,5408073894,https://www.openstreetmap.org/node/5408073894,"Sula, Blåfjell (Sunnmøre)",62.432849,6.157146,776,NO,Norway,Норвегия,takeoff,,,,"{""free_flying:site"": ""takeoff""}",
node,5408073895,https://www.openstreetmap.org/node/5408073895,sula sørsida,62.406111,6.131667,626,NO,Norway,Норвегия,takeoff,,,,"{""free_flying:site"": ""takeoff""}",
node,5408073896,https://www.openstreetmap.org/node/5408073896,Sula Lervågfjellet,62.425000,6.335833,254,NO,Norway,Норвегия,takeoff,,,,"{""free_flying:site"": ""takeoff""}",
node,5408073897,https://www.openstreetmap.org/node/5408073897,"Stryn, Skisenteret, øverste sving i hyttefeltet",61.925000,6.695556,460,NO,Norway,Норвегия,takeoff,,,,"{""free_flying:site"": ""takeoff""}",
node,5408073898,https://www.openstreetmap.org/node/5408073898,Straumshornet (Trippe) Sykkylven,62.340278,6.611667,616,NO,Norway,Норвегия,takeoff,,,,"{""free_flying:site"": ""takeoff""}",
node,5408073899,https://www.openstreetmap.org/node/5408073899,"Stranda, Helsetkopen",62.060000,6.971944,1200,NO,Norway,Норвегия,takeoff,,,,"{""free_flying:site"": ""takeoff""}",
node,5408073900,https://www.openstreetmap.org/node/5408073900,Stranda Skisenter,62.291039,6.844397,450,NO,Norway,Норвегия,takeoff,,,,"{""free_flying:site"": ""takeoff""}",
node,5408073901,https://www.openstreetmap.org/node/5408073901,"Storåspynten, Averøy",62.969167,7.648889,240,NO,Norway,Норвегия,takeoff,,,,"{""free_flying:site"": ""takeoff""}",
node,5408073902,https://www.openstreetmap.org/node/5408073902,Storvalen,62.993782,7.565782,360,NO,Norway,Норвегия,takeoff,,,,"{""free_flying:site"": ""takeoff""}",
node,5408073903,https://www.openstreetmap.org/node/5408073903,"Storknøken, Folland, Averøy",62.985833,7.495833,520,NO,Norway,Норвегия,takeoff,,,,"{""free_flying:site"": ""takeoff""}",
node,5408073904,https://www.openstreetmap.org/node/5408073904,"Storkinna, Trollheimen",62.973056,9.148889,850,NO,Norway,Норвегия,takeoff,,,,"{""free_flying:site"": ""takeoff""}",
node,5408073905,https://www.openstreetmap.org/node/5408073905,"Stokknoken, Gjemnes",62.960833,7.696111,350,NO,Norway,Норвегия,takeoff,,,,"{""free_flying:site"": ""takeoff""}",
node,5408073906,https://www.openstreetmap.org/node/5408073906,Stavekollen Sykkylven,62.372222,6.531389,610,NO,Norway,Норвегия,takeoff,,,,"{""free_flying:site"": ""takeoff""}",
node,5408073907,https://www.openstreetmap.org/node/5408073907,"Solbu, Vatne",62.549722,6.602500,48,NO,Norway,Норвегия,takeoff,,,,"{""free_flying:site"": ""takeoff""}",
node,5408073908,https://www.openstreetmap.org/node/5408073908,Snaufjellet Rekdal i Vestnes,62.643889,6.758889,435,NO,Norway,Норвегия,takeoff,,,,"{""free_flying:site"": ""takeoff""}",
node,5408073909,https://www.openstreetmap.org/node/5408073909,"Slettskredende, Finnset, Eikesdalen",62.412361,8.318889,718,NO,Norway,Норвегия,takeoff,,,,"{""free_flying:site"": ""takeoff""}",
node,5408073910,https://www.openstreetmap.org/node/5408073910,"Skulen, Skuløya/Flemsøya, Haram",62.674722,6.308333,495,NO,Norway,Норвегия,takeoff,,,,"{""free_flying:site"": ""takeoff""}",
node,5408073911,https://www.openstreetmap.org/node/5408073911,Skorgedalen,62.596667,7.667781,620,NO,Norway,Норвегия,takeoff,,,,"{""free_flying:site"": ""takeoff""}",
node,5408073912,https://www.openstreetmap.org/node/5408073912,"Skoften, Malmefjorden, Fræna",62.823333,7.200278,368,NO,Norway,Норвегия,takeoff,,,,"{""free_flying:site"": ""takeoff""}",
node,5408073913,https://www.openstreetmap.org/node/5408073913,"Skodje, Vardtua",62.557222,6.816667,743,NO,Norway,Норвегия,takeoff,,,,"{""free_flying:site"": ""takeoff""}",
node,5408073914,https://www.openstreetmap.org/node/5408073914,"Skodje, Høgsalen",62.557222,6.760833,670,NO,Norway,Норвегия,takeoff,,,,"{""free_flying:site"": ""takeoff""}",
node,5408073915,https://www.openstreetmap.org/node/5408073915,"Skalten, Fræna",62.894167,7.117778,692,NO,Norway,Норвегия,takeoff,,,,"{""free_flying:site"": ""takeoff""}",
node,5408073916,https://www.openstreetmap.org/node/5408073916,"Skallå,Betna",63.076944,8.430278,500,NO,Norway,Норвегия,takeoff,,,,"{""free_flying:site"": ""takeoff""}",
node,5408073917,https://www.openstreetmap.org/node/5408073917,Sjøholt Ørskog,62.811389,6.811944,0,NO,Norway,Норвегия,takeoff,,,,"{""free_flying:site"": ""takeoff""}",
node,5408073918,https://www.openstreetmap.org/node/5408073918,"Silsetfjellet, Eide",62.926667,7.401111,629,NO,Norway,Норвегия,takeoff,,,,"{""free_flying:site"": ""takeoff""}",
node,5408073919,https://www.openstreetmap.org/node/5408073919,Sandhornet Ørsta,62.212025,6.210133,909,NO,Norway,Норвегия,takeoff,,,,"{""free_flying:site"": ""takeoff""}",
node,5408073920,https://www.openstreetmap.org/node/5408073920,Sandhornet Vartdal,62.307500,6.118889,530,NO,Norway,Норвегия,takeoff,,,,"{""free_flying:site"": ""takeoff""}",
node,5408074721,https://www.openstreetmap.org/node/5408074721,Sandfjellet,62.985833,9.096389,888,NO,Norway,Норвегия,takeoff,,,,"{""free_flying:site"": ""takeoff""}",
node,5408074722,https://www.openstreetmap.org/node/5408074722,"Sande, Kvamsøy - Nonshornet",62.211944,5.370000,274,NO,Norway,Норвегия,takeoff,,,,"{""free_flying:site"": ""takeoff""}",
node,5408074723,https://www.openstreetmap.org/node/5408074723,"Sande, Hallebygda, Storehornet",62.221667,5.573333,270,NO,Norway,Норвегия,takeoff,,,,"{""free_flying:site"": ""takeoff""}",
node,5408074724,https://www.openstreetmap.org/node/5408074724,"Sande, Gurskebotn - Storetua",62.238611,5.665833,590,NO,Norway,Норвегия,takeoff,,,,"{""free_flying:site"": ""takeoff""}",
node,5408074725,https://www.openstreetmap.org/node/5408074725,"Sande, Gjerdsvika-Trolltua",62.271389,5.572778,270,NO,Norway,Норвегия,takeoff,,,,"{""free_flying:site"": ""takeoff""}",
node,5408074726,https://www.openstreetmap.org/node/5408074726,"Sande, Gjerdsvika Hidsegga - Veten",62.281944,5.585833,530,NO,Norway,Норвегия,takeoff,,,,"{""free_flying:site"": ""takeoff""}",
node,5408074727,https://www.openstreetmap.org/node/5408074727,"Salen, Surnadal",62.965556,8.752500,490,NO,Norway,Норвегия,takeoff,,,,"{""free_flying:site"": ""takeoff""}",
node,5408074728,https://www.openstreetmap.org/node/5408074728,Rundenakkjen,62.071667,6.863056,805,NO,Norway,Норвегия,takeoff,,,,"{""free_flying:site"": ""takeoff""}",
node,5408074729,https://www.openstreetmap.org/node/5408074729,"Rundehornet, Sula",62.397222,5.900000,725,NO,Norway,Норвегия,takeoff,,,,"{""free_flying:site"": ""takeoff""}",
node,5408074730,https://www.openstreetmap.org/node/5408074730,"Rotanakken, Emblem, Ålesund",62.444723,6.461790,276,NO,Norway,Норвегия,takeoff,,,,"{""free_flying:site"": ""takeoff""}",
node,5408074731,https://www.openstreetmap.org/node/5408074731,Romestrandhornet 911 moh,62.361111,6.310000,911,NO,Norway,Норвегия,takeoff,,,,"{""free_flying:site"": ""takeoff""}",
node,5408074732,https://www.openstreetmap.org/node/5408074732,"Roalden, Stranda Skisenter, Stranda",62.308611,6.845000,1130,NO,Norway,Норвегия,takeoff,,,,"{""free_flying:site"": ""takeoff""}",
node,5408074733,https://www.openstreetmap.org/node/5408074733,"Risanakken, Vartdal",62.268611,6.113333,440,NO,Norway,Норвегия,takeoff,,,,"{""free_flying:site"": ""takeoff""}",
node,5408074734,https://www.openstreetmap.org/node/5408074734,"Rindal, Resliberget (sv. siden av Resfjellet)",62.995278,9.509722,720,NO,Norway,Норвегия,takeoff,,,,"{""free_flying:site"": ""takeoff""}",
node,5408074735,https://www.openstreetmap.org/node/5408074735,"Rindal, Kirklandet",63.050000,9.200000,150,NO,Norway,Норвегия,takeoff,,,,"{""free_flying:site"": ""takeoff""}",
node,5408074736,https://www.openstreetmap.org/node/5408074736,"Remeheia, Haram, Slyngstad",62.564444,6.513056,650,NO,Norway,Норвегия,takeoff,,,,"{""free_flying:site"": ""takeoff""}",
node,5408074737,https://www.openstreetmap.org/node/5408074737,Rekdalshesten Vestnes kommune,62.632778,6.722500,773,NO,Norway,Норвегия,takeoff,,,,"{""free_flying:site"": ""takeoff""}",
node,5408074738,https://www.openstreetmap.org/node/5408074738,Reinsfjellet. Gjemnes,62.930000,7.926667,990,NO,Norway,Норвегия,takeoff,,,,"{""free_flying:site"": ""takeoff""}",
node,5408074739,https://www.openstreetmap.org/node/5408074739,"Rauma, Åndalsnes, Kjerringplassen",62.561667,7.708333,365,NO,Norway,Норвегия,takeoff,,,,"{""free_flying:site"": ""takeoff""}",
node,5408074740,https://www.openstreetmap.org/node/5408074740,"Rauma, Åfarnes",62.634722,7.549722,408,NO,Norway,Норвегия,takeoff,,,,"{""free_flying:site"": ""takeoff""}",
node,5408074741,https://www.openstreetmap.org/node/5408074741,"Rauma, Trollstigen",62.460278,7.671389,0,NO,Norway,Норвегия,takeoff,,,,"{""free_flying:site"": ""takeoff""}",
node,5408074742,https://www.openstreetmap.org/node/5408074742,"Rauma, Sandgrovbotn",62.323056,8.134167,900,NO,Norway,Норвегия,takeoff,,,,"{""free_flying:site"": ""takeoff""}",
node,5408074743,https://www.openstreetmap.org/node/5408074743,"Rauma, Hellehaugen",62.545000,7.410000,750,NO,Norway,Норвегия,takeoff,,,,"{""free_flying:site"": ""takeoff""}",
node,5408074744,https://www.openstreetmap.org/node/5408074744,"Raudtua, Hustad, Fræna",62.917222,7.148333,590,NO,Norway,Норвегия,takeoff,,,,"{""free_flying:site"": ""takeoff""}",
node,5408074745,https://www.openstreetmap.org/node/5408074745,Ramnfloget - Vatne,62.543333,6.639167,250,NO,Norway,Норвегия,takeoff,,,,"{""free_flying:site"": ""takeoff""}",
node,5408074746,https://www.openstreetmap.org/node/5408074746,"Puttegga, Tafjordfjella",62.892222,12.121944,,SE,Sweden,Швеция,takeoff,,,,"{""free_flying:site"": ""takeoff""}",
node,5408074747,https://www.openstreetmap.org/node/5408074747,"Overøye, Stordal",62.409444,7.214722,850,NO,Norway,Норвегия,takeoff,,,,"{""free_flying:site"": ""takeoff""}",
node,5408074748,https://www.openstreetmap.org/node/5408074748,"Nøssa,Torvika",62.950000,7.901944,563,NO,Norway,Норвегия,takeoff,,,,"{""free_flying:site"": ""takeoff""}",
node,5408074749,https://www.openstreetmap.org/node/5408074749,"Nøsa, Innfjorden",62.488333,7.525278,752,NO,Norway,Норвегия,takeoff,,,,"{""free_flying:site"": ""takeoff""}",
node,5408074750,https://www.openstreetmap.org/node/5408074750,Nykanje,62.294444,6.735556,500,NO,Norway,Норвегия,takeoff,,,,"{""free_flying:site"": ""takeoff""}",
node,5408074751,https://www.openstreetmap.org/node/5408074751,"Nordfjordeid, Fossane",61.933333,5.971944,878,NO,Norway,Норвегия,takeoff,,,,"{""free_flying:site"": ""takeoff""}",
node,5408074752,https://www.openstreetmap.org/node/5408074752,"Nordfjord, Stadtlandet",62.125194,5.262306,305,NO,Norway,Норвегия,takeoff,,,,"{""free_flying:site"": ""takeoff""}",
node,5408074753,https://www.openstreetmap.org/node/5408074753,"Nivane, Ørsta sentrum.",62.223522,6.105636,930,NO,Norway,Норвегия,takeoff,,,,"{""free_flying:site"": ""takeoff""}",
node,5408074754,https://www.openstreetmap.org/node/5408074754,Måsskardet - Mittet,62.651111,7.816111,800,NO,Norway,Норвегия,takeoff,,,,"{""free_flying:site"": ""takeoff""}",
node,5408074755,https://www.openstreetmap.org/node/5408074755,"Måndalen, Klauva",62.520000,7.456667,800,NO,Norway,Норвегия,takeoff,,,,"{""free_flying:site"": ""takeoff""}",
node,5408074756,https://www.openstreetmap.org/node/5408074756,Molde-heia,62.766111,7.173333,520,NO,Norway,Норвегия,takeoff,,,,"{""free_flying:site"": ""takeoff""}",
node,5408074757,https://www.openstreetmap.org/node/5408074757,"Midsund, Ørnekula",62.665556,6.656944,150,NO,Norway,Норвегия,takeoff,,,,"{""free_flying:site"": ""takeoff""}",
node,5408074758,https://www.openstreetmap.org/node/5408074758,"Midsund, Aksla",62.689722,6.681667,420,NO,Norway,Норвегия,takeoff,,,,"{""free_flying:site"": ""takeoff""}",
node,5408074759,https://www.openstreetmap.org/node/5408074759,Mana(mot skeid) - Gjemnes,62.889444,7.732778,650,NO,Norway,Норвегия,takeoff,,,,"{""free_flying:site"": ""takeoff""}",
node,5408074760,https://www.openstreetmap.org/node/5408074760,"Malmefjorden, Galten",62.817222,7.263889,744,NO,Norway,Норвегия,takeoff,,,,"{""free_flying:site"": ""takeoff""}",
node,5408074761,https://www.openstreetmap.org/node/5408074761,"Malmefjorden, Fræna, Røssholfjellet",62.793611,7.192500,586,NO,Norway,Норвегия,takeoff,,,,"{""free_flying:site"": ""takeoff""}",
node,5408074762,https://www.openstreetmap.org/node/5408074762,"Malmefjorden, Fræna, Klompan",62.801944,7.261389,580,NO,Norway,Норвегия,takeoff,,,,"{""free_flying:site"": ""takeoff""}",
node,5408074763,https://www.openstreetmap.org/node/5408074763,"Malmefjorden, Fræna, Julskartind",62.812222,7.283333,784,NO,Norway,Норвегия,takeoff,,,,"{""free_flying:site"": ""takeoff""}",
node,5408074764,https://www.openstreetmap.org/node/5408074764,"Malmefjorden, Fræna, 2-erstarten",62.801667,7.260278,450,NO,Norway,Норвегия,takeoff,,,,"{""free_flying:site"": ""takeoff""}",
node,5408074765,https://www.openstreetmap.org/node/5408074765,"Malmefjorden, Fræna, 1-erstarten",62.794722,7.236667,200,NO,Norway,Норвегия,takeoff,,,,"{""free_flying:site"": ""takeoff""}",
node,5408074766,https://www.openstreetmap.org/node/5408074766,"Litlfonna, Kjørsvik, Aure",63.379444,8.716389,440,NO,Norway,Норвегия,takeoff,,,,"{""free_flying:site"": ""takeoff""}",
node,5408074767,https://www.openstreetmap.org/node/5408074767,"Litlehornet, Haram",62.538889,6.323056,520,NO,Norway,Норвегия,takeoff,,,,"{""free_flying:site"": ""takeoff""}",
node,5408074768,https://www.openstreetmap.org/node/5408074768,Liahornet,62.261944,6.017778,1000,NO,Norway,Норвегия,takeoff,,,,"{""free_flying:site"": ""takeoff""}",
node,5408074769,https://www.openstreetmap.org/node/5408074769,Liadalsnipa- Ørsta,62.385278,6.047778,924,NO,Norway,Норвегия,takeoff,,,,"{""free_flying:site"": ""takeoff""}",
node,5408074770,https://www.openstreetmap.org/node/5408074770,Liadal/Ørsta,62.254722,5.994444,500,NO,Norway,Норвегия,takeoff,,,,"{""free_flying:site"": ""takeoff""}",
node,5408074771,https://www.openstreetmap.org/node/5408074771,Levandehornet Ørsta,62.269444,6.116667,917,NO,Norway,Норвегия,takeoff,,,,"{""free_flying:site"": ""takeoff""}",
node,5408074772,https://www.openstreetmap.org/node/5408074772,Lerheimskollen Rauma,62.594722,7.563333,758,NO,Norway,Норвегия,takeoff,,,,"{""free_flying:site"": ""takeoff""}",
node,5408074773,https://www.openstreetmap.org/node/5408074773,Lauparen,62.448686,7.114322,1434,NO,Norway,Норвегия,takeoff,,,,"{""free_flying:site"": ""takeoff""}",
node,5408074774,https://www.openstreetmap.org/node/5408074774,"Langurveggen, Øvre Surnadal",63.035000,9.027500,505,NO,Norway,Норвегия,takeoff,,,,"{""free_flying:site"": ""takeoff""}",
node,5408074775,https://www.openstreetmap.org/node/5408074775,"La-heiane, Velledalen, Sykkylven",62.319722,6.735000,470,NO,Norway,Норвегия,takeoff,,,,"{""free_flying:site"": ""takeoff""}",
node,5408074776,https://www.openstreetmap.org/node/5408074776,"Kyrkjetaket, Isfjorden",62.611111,7.906944,1439,NO,Norway,Норвегия,takeoff,,,,"{""free_flying:site"": ""takeoff""}",
node,5408074777,https://www.openstreetmap.org/node/5408074777,"Kvitnykja, Vaksvika",62.470743,7.081020,1240,NO,Norway,Норвегия,takeoff,,,,"{""free_flying:site"": ""takeoff""}",
node,5408074778,https://www.openstreetmap.org/node/5408074778,Kvitegga Hellesylt / Stranda,62.131389,6.876389,1489,NO,Norway,Норвегия,takeoff,,,,"{""free_flying:site"": ""takeoff""}",
node,5408074779,https://www.openstreetmap.org/node/5408074779,"Kverveaksla, Ellingsøya",62.496667,6.183333,143,NO,Norway,Норвегия,takeoff,,,,"{""free_flying:site"": ""takeoff""}",
node,5408074780,https://www.openstreetmap.org/node/5408074780,"Kortgarden, Molde",62.772778,7.575000,200,NO,Norway,Норвегия,takeoff,,,,"{""free_flying:site"": ""takeoff""}",
node,5408074781,https://www.openstreetmap.org/node/5408074781,"Korpfjellet, Rindal",63.101667,9.200833,618,NO,Norway,Норвегия,takeoff,,,,"{""free_flying:site"": ""takeoff""}",
node,5408074782,https://www.openstreetmap.org/node/5408074782,"Knubben - timberline west, Leira, Tustna",63.188333,8.049444,450,NO,Norway,Норвегия,takeoff,,,,"{""free_flying:site"": ""takeoff""}",
node,5408074783,https://www.openstreetmap.org/node/5408074783,"Knubben - salen ovenfor Vassdalstjønna, Leira, Tustna",63.193333,8.063333,620,NO,Norway,Норвегия,takeoff,,,,"{""free_flying:site"": ""takeoff""}",
node,5408074784,https://www.openstreetmap.org/node/5408074784,"Knubben - plateau 560, Leira, Tustna,",63.202500,8.062500,560,NO,Norway,Норвегия,takeoff,,,,"{""free_flying:site"": ""takeoff""}",
node,5408074785,https://www.openstreetmap.org/node/5408074785,Klovsetsætra i Norddal (Valldal/Sylte),62.296389,7.214722,545,NO,Norway,Норвегия,takeoff,,,,"{""free_flying:site"": ""takeoff""}",
node,5408074786,https://www.openstreetmap.org/node/5408074786,"Kleivåsane, Sykkylven",62.300278,6.743611,618,NO,Norway,Норвегия,takeoff,,,,"{""free_flying:site"": ""takeoff""}",
node,5408074787,https://www.openstreetmap.org/node/5408074787,"Isfjorden, Brevikskaret",62.596944,7.755833,716,NO,Norway,Норвегия,takeoff,,,,"{""free_flying:site"": ""takeoff""}",
node,5408074788,https://www.openstreetmap.org/node/5408074788,"Innerdalen, under Tårnfjellet",62.701111,8.784167,1200,NO,Norway,Норвегия,takeoff,,,,"{""free_flying:site"": ""takeoff""}",
node,5408074789,https://www.openstreetmap.org/node/5408074789,"Innerdalen, under Skarfjell",62.696944,8.764722,1100,NO,Norway,Норвегия,takeoff,,,,"{""free_flying:site"": ""takeoff""}",
node,5408074790,https://www.openstreetmap.org/node/5408074790,"Innerdalen, nederst i Giklingdalen",62.711111,8.766111,680,NO,Norway,Норвегия,takeoff,,,,"{""free_flying:site"": ""takeoff""}",
node,5408074791,https://www.openstreetmap.org/node/5408074791,Innerdalen - Dronningkrona,62.717778,8.638333,1600,NO,Norway,Норвегия,takeoff,,,,"{""free_flying:site"": ""takeoff""}",
node,5408074792,https://www.openstreetmap.org/node/5408074792,"Honnstad, Gaupskinnhammaren",62.997222,8.854167,220,NO,Norway,Норвегия,takeoff,,,,"{""free_flying:site"": ""takeoff""}",
node,5408074793,https://www.openstreetmap.org/node/5408074793,"Holenakken, Velledalen, Sykkylven",62.300278,6.723056,540,NO,Norway,Норвегия,takeoff,,,,"{""free_flying:site"": ""takeoff""}",
node,5408074794,https://www.openstreetmap.org/node/5408074794,"Hjellane, Sykkylven",62.406667,6.593611,180,NO,Norway,Норвегия,takeoff,,,,"{""free_flying:site"": ""takeoff""}",
node,5408074795,https://www.openstreetmap.org/node/5408074795,"Hesteraua, Haram, Grytastranda",62.557222,6.403333,740,NO,Norway,Норвегия,takeoff,,,,"{""free_flying:site"": ""takeoff""}",
node,5408074796,https://www.openstreetmap.org/node/5408074796,"Herøy, Runde - Sørhanget",62.394878,5.628043,300,NO,Norway,Норвегия,takeoff,,,,"{""free_flying:site"": ""takeoff""}",
node,5408074797,https://www.openstreetmap.org/node/5408074797,"Herøy, Runde - Goksøyra",62.405833,5.616389,85,NO,Norway,Норвегия,takeoff,,,,"{""free_flying:site"": ""takeoff""}",
node,5408074798,https://www.openstreetmap.org/node/5408074798,"Herøy, Remøya - Sæviktunnellen nord",62.366667,5.635833,191,NO,Norway,Норвегия,takeoff,,,,"{""free_flying:site"": ""takeoff""}",
node,5408074799,https://www.openstreetmap.org/node/5408074799,"Herøy, Nerlandsøya, Kvalsvik - Nerlandshornet",62.355833,5.558333,370,NO,Norway,Норвегия,takeoff,,,,"{""free_flying:site"": ""takeoff""}",
node,5408074800,https://www.openstreetmap.org/node/5408074800,"Herøy, Nerlandsøy, Kvalsvik - Okla",62.372778,5.550278,150,NO,Norway,Норвегия,takeoff,,,,"{""free_flying:site"": ""takeoff""}",
node,5408074801,https://www.openstreetmap.org/node/5408074801,"Herøy, Nerlandsøy, Kvalsvik - Mulevika",62.360000,5.523611,240,NO,Norway,Норвегия,takeoff,,,,"{""free_flying:site"": ""takeoff""}",
node,5408074802,https://www.openstreetmap.org/node/5408074802,"Herøy, Nerlandsøy, Kvalsund - Teigetua",62.351667,5.589444,230,NO,Norway,Норвегия,takeoff,,,,"{""free_flying:site"": ""takeoff""}",
node,5408074803,https://www.openstreetmap.org/node/5408074803,"Herøy, Nerlandsøy, Kvalsund - Koparstad",62.334444,5.546944,270,NO,Norway,Норвегия,takeoff,,,,"{""free_flying:site"": ""takeoff""}",
node,5408074804,https://www.openstreetmap.org/node/5408074804,"Herøy, Myrvåg - Aurvåglia",62.281944,5.782778,160,NO,Norway,Норвегия,takeoff,,,,"{""free_flying:site"": ""takeoff""}",
node,5408074805,https://www.openstreetmap.org/node/5408074805,"Herøy, Moltustranda Hidsegga - Tarbergtua",62.290278,5.590833,430,NO,Norway,Норвегия,takeoff,,,,"{""free_flying:site"": ""takeoff""}",
node,5408074806,https://www.openstreetmap.org/node/5408074806,"Herøy, Moltustranda Hidsegga - Aretua",62.281111,5.607500,420,NO,Norway,Норвегия,takeoff,,,,"{""free_flying:site"": ""takeoff""}",
node,5408074807,https://www.openstreetmap.org/node/5408074807,"Herøy, Moltustranda Blåfjell - Storehanen",62.289722,5.639167,0,NO,Norway,Норвегия,takeoff,,,,"{""free_flying:site"": ""takeoff""}",
node,5408074808,https://www.openstreetmap.org/node/5408074808,"Herøy, Leinøya - Leinehornet",62.357778,5.687778,300,NO,Norway,Норвегия,takeoff,,,,"{""free_flying:site"": ""takeoff""}",
node,5408074809,https://www.openstreetmap.org/node/5408074809,"Herøy, Leikong - Sletteheidane",62.246944,5.731667,400,NO,Norway,Норвегия,takeoff,,,,"{""free_flying:site"": ""takeoff""}",
node,5408074810,https://www.openstreetmap.org/node/5408074810,"Herøy, Leikong - Røddalshornet",62.236667,5.715000,450,NO,Norway,Норвегия,takeoff,,,,"{""free_flying:site"": ""takeoff""}",
node,5408074811,https://www.openstreetmap.org/node/5408074811,Rjåhornet,62.258020,5.742630,600,NO,Norway,Норвегия,takeoff,,,,"{""free_flying:site"": ""takeoff""}",
node,5408074812,https://www.openstreetmap.org/node/5408074812,"Herøy, Leikong - Bakkehornet",62.252500,5.769722,320,NO,Norway,Норвегия,takeoff,,,,"{""free_flying:site"": ""takeoff""}",
node,5408074813,https://www.openstreetmap.org/node/5408074813,"Herøy, Igesund - Igesundgarden (OTP, Vinsj, Tow)",62.338889,5.610278,5,NO,Norway,Норвегия,takeoff,,,,"{""free_flying:site"": ""takeoff""}",
node,5408074814,https://www.openstreetmap.org/node/5408074814,"Herøy, Fosnavåg - Igesundshetta",62.337222,5.619444,145,NO,Norway,Норвегия,takeoff,,,,"{""free_flying:site"": ""takeoff""}",
node,5408074815,https://www.openstreetmap.org/node/5408074815,"Herøy, Dragsund - Rambjøra",62.283333,5.812778,132,NO,Norway,Норвегия,takeoff,,,,"{""free_flying:site"": ""takeoff""}",
node,5408074816,https://www.openstreetmap.org/node/5408074816,Heimste Kopphornet Ørsta,62.224167,6.359444,1159,NO,Norway,Норвегия,takeoff,,,,"{""free_flying:site"": ""takeoff""}",
node,5408074817,https://www.openstreetmap.org/node/5408074817,Heggdalshornet,62.701944,6.873611,680,NO,Norway,Норвегия,takeoff,,,,"{""free_flying:site"": ""takeoff""}",
node,5408074818,https://www.openstreetmap.org/node/5408074818,"Harstadfjellet, Batnfjorden",62.903056,7.618889,1006,NO,Norway,Норвегия,takeoff,,,,"{""free_flying:site"": ""takeoff""}",
node,5408074819,https://www.openstreetmap.org/node/5408074819,"Hareid, Vabakken - Vassverket Øvre",62.358333,6.048333,265,NO,Norway,Норвегия,takeoff,,,,"{""free_flying:site"": ""takeoff""}",
node,5408074820,https://www.openstreetmap.org/node/5408074820,"Hareid, Vabakken - Vassverket Nedre",62.361111,6.046389,125,NO,Norway,Норвегия,takeoff,,,,"{""free_flying:site"": ""takeoff""}",
node,5408075421,https://www.openstreetmap.org/node/5408075421,"Hareid, Ulset Runway RC/PPG",62.329444,6.017778,90,NO,Norway,Норвегия,takeoff,,,,"{""free_flying:site"": ""takeoff""}",
node,5408075422,https://www.openstreetmap.org/node/5408075422,"Hareid, Skafjellet",62.367500,5.959722,480,NO,Norway,Норвегия,takeoff,,,,"{""free_flying:site"": ""takeoff""}",
node,5408075423,https://www.openstreetmap.org/node/5408075423,"Hareid, Ramnefjellet",62.330000,5.922778,445,NO,Norway,Норвегия,takeoff,,,,"{""free_flying:site"": ""takeoff""}",
node,5408075424,https://www.openstreetmap.org/node/5408075424,"Hareid, Overanakken",62.359167,6.066111,317,NO,Norway,Норвегия,takeoff,,,,"{""free_flying:site"": ""takeoff""}",
node,5408075425,https://www.openstreetmap.org/node/5408075425,"Hareid, Nonsberget",62.386667,5.995000,473,NO,Norway,Норвегия,takeoff,,,,"{""free_flying:site"": ""takeoff""}",
node,5408075426,https://www.openstreetmap.org/node/5408075426,"Hareid, Melshornet - Toppen",62.356944,6.062778,668,NO,Norway,Норвегия,takeoff,,,,"{""free_flying:site"": ""takeoff""}",
node,5408075427,https://www.openstreetmap.org/node/5408075427,"Hareid, Melshornet - Skytterhusstarten Øvre",62.344167,6.023333,450,NO,Norway,Норвегия,takeoff,,,,"{""free_flying:site"": ""takeoff""}",
node,5408075428,https://www.openstreetmap.org/node/5408075428,"Hareid, Melshornet - Skytterhusstarten nedre",62.331944,6.007500,262,NO,Norway,Норвегия,takeoff,,,,"{""free_flying:site"": ""takeoff""}",
node,5408075429,https://www.openstreetmap.org/node/5408075429,"Hareid, Løkeberget",62.316667,5.936111,579,NO,Norway,Норвегия,takeoff,,,,"{""free_flying:site"": ""takeoff""}",
node,5408075430,https://www.openstreetmap.org/node/5408075430,"Hareid, Håbakknotten",62.380833,6.023889,270,NO,Norway,Норвегия,takeoff,,,,"{""free_flying:site"": ""takeoff""}",
node,5408075431,https://www.openstreetmap.org/node/5408075431,"Hareid, Hovdenakken",62.340000,5.946944,474,NO,Norway,Норвегия,takeoff,,,,"{""free_flying:site"": ""takeoff""}",
node,5408075432,https://www.openstreetmap.org/node/5408075432,"Hareid, Holstadhornet",62.378889,5.986667,0,NO,Norway,Норвегия,takeoff,,,,"{""free_flying:site"": ""takeoff""}",
node,5408075433,https://www.openstreetmap.org/node/5408075433,"Hareid, Hjørungnes hanget",62.351667,6.102500,25,NO,Norway,Норвегия,takeoff,,,,"{""free_flying:site"": ""takeoff""}",
node,5408075434,https://www.openstreetmap.org/node/5408075434,"Hareid, Hjørungavåg - Melshornet (Skihoppet)",62.353333,6.031111,525,NO,Norway,Норвегия,takeoff,,,,"{""free_flying:site"": ""takeoff""}",
node,5408075435,https://www.openstreetmap.org/node/5408075435,"Hareid, Hjørungavåg - Kaldalen 19",62.359722,6.068056,110,NO,Norway,Норвегия,takeoff,,,,"{""free_flying:site"": ""takeoff""}",
node,5408075436,https://www.openstreetmap.org/node/5408075436,"Hareid, Brandal - Kvitneset (K2)",62.419444,5.996111,100,NO,Norway,Норвегия,takeoff,,,,"{""free_flying:site"": ""takeoff""}",
node,5408075437,https://www.openstreetmap.org/node/5408075437,"Hareid, Bjåstad Runway PPG",62.361111,5.979722,25,NO,Norway,Норвегия,takeoff,,,,"{""free_flying:site"": ""takeoff""}",
node,5408075438,https://www.openstreetmap.org/node/5408075438,Haramsøy,62.675278,6.195278,300,NO,Norway,Норвегия,takeoff,,,,"{""free_flying:site"": ""takeoff""}",
node,5408075439,https://www.openstreetmap.org/node/5408075439,"Haram, Tverrbotshornet",62.554167,6.350278,750,NO,Norway,Норвегия,takeoff,,,,"{""free_flying:site"": ""takeoff""}",
node,5408075440,https://www.openstreetmap.org/node/5408075440,"Haram, Skoranakken",62.610833,6.535000,445,NO,Norway,Норвегия,takeoff,,,,"{""free_flying:site"": ""takeoff""}",
node,5408075441,https://www.openstreetmap.org/node/5408075441,"Haram, Høgefjellet",62.535556,6.283333,235,NO,Norway,Норвегия,takeoff,,,,"{""free_flying:site"": ""takeoff""}",
node,5408075442,https://www.openstreetmap.org/node/5408075442,"Haram, Eggene, Alvestad",62.596389,6.369722,480,NO,Norway,Норвегия,takeoff,,,,"{""free_flying:site"": ""takeoff""}",
node,5408075443,https://www.openstreetmap.org/node/5408075443,"Halvardsfjellet, Vaksvika",62.442500,6.946389,540,NO,Norway,Норвегия,takeoff,,,,"{""free_flying:site"": ""takeoff""}",
node,5408075444,https://www.openstreetmap.org/node/5408075444,"Hagefjellet, Søvik, Haram",62.554506,6.284561,255,NO,Norway,Норвегия,takeoff,,,,"{""free_flying:site"": ""takeoff""}",
node,5408075445,https://www.openstreetmap.org/node/5408075445,Haddal - Hammaren v/antene,62.268933,5.871283,160,NO,Norway,Норвегия,takeoff,,,,"{""free_flying:site"": ""takeoff""}",
node,5408075446,https://www.openstreetmap.org/node/5408075446,"Grøthornet, Eiksund, Ulstein",62.267895,5.909450,592,NO,Norway,Норвегия,takeoff,,,,"{""free_flying:site"": ""takeoff""}",
node,5408075447,https://www.openstreetmap.org/node/5408075447,"Gjemnesaksla øst, Gjemnes",62.954722,7.751389,330,NO,Norway,Норвегия,takeoff,,,,"{""free_flying:site"": ""takeoff""}",
node,5408075448,https://www.openstreetmap.org/node/5408075448,"Gjemnesaksla Nord (Nonshaugen/svortaknoken), Gjemnes",62.958056,7.753333,447,NO,Norway,Норвегия,takeoff,,,,"{""free_flying:site"": ""takeoff""}",
node,5408075449,https://www.openstreetmap.org/node/5408075449,"Geitenibba, Vaksvikfjellet (Ørskog)",62.486111,6.980000,854,NO,Norway,Норвегия,takeoff,,,,"{""free_flying:site"": ""takeoff""}",
node,5408075450,https://www.openstreetmap.org/node/5408075450,"Geiranger, Ørnevegen-Veststarten (Toppen av passet)",62.131630,7.192930,650,NO,Norway,Норвегия,takeoff,,,,"{""free_flying:site"": ""takeoff""}",
node,5408075451,https://www.openstreetmap.org/node/5408075451,"Geiranger, Ørnevegen 700 m",62.130278,7.173889,700,NO,Norway,Норвегия,takeoff,,,,"{""free_flying:site"": ""takeoff""}",
node,5408075452,https://www.openstreetmap.org/node/5408075452,"Geiranger, Ørnevegen (Mølsæter) 460 m (PP3)",62.124167,7.177778,460,NO,Norway,Норвегия,takeoff,,,,"{""free_flying:site"": ""takeoff""}",
node,5408075453,https://www.openstreetmap.org/node/5408075453,"Geiranger, Westerås Gård",62.100864,7.219444,350,NO,Norway,Норвегия,takeoff,,,,"{""free_flying:site"": ""takeoff""}",
node,5408075454,https://www.openstreetmap.org/node/5408075454,"Geiranger, Trøstenibba (om Dalsnibba er stengt)",62.052500,7.247500,950,NO,Norway,Норвегия,takeoff,,,,"{""free_flying:site"": ""takeoff""}",
node,5408075455,https://www.openstreetmap.org/node/5408075455,"Geiranger, Dalsnibba",62.048889,7.269444,1476,NO,Norway,Норвегия,takeoff,,,,"{""free_flying:site"": ""takeoff""}",
node,5408075456,https://www.openstreetmap.org/node/5408075456,Gamlemsveten midtre S,62.566944,6.321111,700,NO,Norway,Норвегия,takeoff,,,,"{""free_flying:site"": ""takeoff""}",
node,5408075457,https://www.openstreetmap.org/node/5408075457,Gamlemsveten Hurla,62.581389,6.315278,520,NO,Norway,Норвегия,takeoff,,,,"{""free_flying:site"": ""takeoff""}",
node,5408075458,https://www.openstreetmap.org/node/5408075458,"Gamlemsveten ""Vetebollen""",62.935000,6.320000,720,NO,Norway,Норвегия,takeoff,,,,"{""free_flying:site"": ""takeoff""}",
node,5408075459,https://www.openstreetmap.org/node/5408075459,Fursetsida - Strandafjellet,62.280000,6.813333,968,NO,Norway,Норвегия,takeoff,,,,"{""free_flying:site"": ""takeoff""}",
node,5408075460,https://www.openstreetmap.org/node/5408075460,"Fræneidet, Fræna, Sandnestindan ved Trollkirka",62.892778,7.273333,860,NO,Norway,Норвегия,takeoff,,,,"{""free_flying:site"": ""takeoff""}",
node,5408075461,https://www.openstreetmap.org/node/5408075461,"Fræna, Skaret, Urdfjellet",62.815278,7.311667,979,NO,Norway,Норвегия,takeoff,,,,"{""free_flying:site"": ""takeoff""}",
node,5408075462,https://www.openstreetmap.org/node/5408075462,"Fræna, Kvannfjellet",62.848889,7.331944,980,NO,Norway,Норвегия,takeoff,,,,"{""free_flying:site"": ""takeoff""}",
node,5408075463,https://www.openstreetmap.org/node/5408075463,"Fræna, Jendem, Jendemsfjellet",62.801389,7.042500,633,NO,Norway,Норвегия,takeoff,,,,"{""free_flying:site"": ""takeoff""}",
node,5408075464,https://www.openstreetmap.org/node/5408075464,"Fræna, Høgheia",62.870556,7.223889,0,NO,Norway,Норвегия,takeoff,,,,"{""free_flying:site"": ""takeoff""}",
node,5408075465,https://www.openstreetmap.org/node/5408075465,"Fræna, Butippen",62.835833,7.371667,880,NO,Norway,Норвегия,takeoff,,,,"{""free_flying:site"": ""takeoff""}",
node,5408075466,https://www.openstreetmap.org/node/5408075466,"Frostadtinden, Skodje",62.558889,6.988611,807,NO,Norway,Норвегия,takeoff,,,,"{""free_flying:site"": ""takeoff""}",
node,5408075467,https://www.openstreetmap.org/node/5408075467,"Freikollen, Kristiansund",63.052222,7.755833,629,NO,Norway,Норвегия,takeoff,,,,"{""free_flying:site"": ""takeoff""}",
node,5408075468,https://www.openstreetmap.org/node/5408075468,"Fløystadfjellet, Litjtuå",63.011111,8.138611,600,NO,Norway,Норвегия,takeoff,,,,"{""free_flying:site"": ""takeoff""}",
node,5408075469,https://www.openstreetmap.org/node/5408075469,"Fjellsæter, Skisenter, Sykkylven",62.339444,6.745000,750,NO,Norway,Норвегия,takeoff,,,,"{""free_flying:site"": ""takeoff""}",
node,5408075470,https://www.openstreetmap.org/node/5408075470,"Festøykollen, Ørsta",62.361325,6.311621,911,NO,Norway,Норвегия,takeoff,,,,"{""free_flying:site"": ""takeoff""}",
node,5408075471,https://www.openstreetmap.org/node/5408075471,"Fagrefjellet, Sykkylven",62.385278,6.643611,466,NO,Norway,Норвегия,takeoff,,,,"{""free_flying:site"": ""takeoff""}",
node,5408075472,https://www.openstreetmap.org/node/5408075472,"Fagerfjellet, Averøy",62.982833,7.520583,634,NO,Norway,Норвегия,takeoff,,,,"{""free_flying:site"": ""takeoff""}",
node,5408075473,https://www.openstreetmap.org/node/5408075473,Engesethdalen,62.552778,6.792500,0,NO,Norway,Норвегия,takeoff,,,,"{""free_flying:site"": ""takeoff""}",
node,5408075474,https://www.openstreetmap.org/node/5408075474,Eikrem PPG,62.405556,6.255556,50,NO,Norway,Норвегия,takeoff,,,,"{""free_flying:site"": ""takeoff""}",
node,5408075475,https://www.openstreetmap.org/node/5408075475,"Eidskrem, Julsundet, Molde",62.763056,7.003056,255,NO,Norway,Норвегия,takeoff,,,,"{""free_flying:site"": ""takeoff""}",
node,5408075476,https://www.openstreetmap.org/node/5408075476,"Eidshaugen, Eidsøra",62.782222,8.181111,807,NO,Norway,Норвегия,takeoff,,,,"{""free_flying:site"": ""takeoff""}",
node,5408075477,https://www.openstreetmap.org/node/5408075477,"Eide, Gongrøra",62.873333,7.538056,835,NO,Norway,Норвегия,takeoff,,,,"{""free_flying:site"": ""takeoff""}",
node,5408075478,https://www.openstreetmap.org/node/5408075478,Eide - Sørtussen,62.866111,7.465556,907,NO,Norway,Норвегия,takeoff,,,,"{""free_flying:site"": ""takeoff""}",
node,5408075479,https://www.openstreetmap.org/node/5408075479,"Dyrkorn, Lien",62.428611,6.945278,630,NO,Norway,Норвегия,takeoff,,,,"{""free_flying:site"": ""takeoff""}",
node,5408075480,https://www.openstreetmap.org/node/5408075480,Duvåsen Rindal,63.025000,9.118056,400,NO,Norway,Норвегия,takeoff,,,,"{""free_flying:site"": ""takeoff""}",
node,5408075481,https://www.openstreetmap.org/node/5408075481,"Børøra, Måndalen",62.528889,7.378889,500,NO,Norway,Норвегия,takeoff,,,,"{""free_flying:site"": ""takeoff""}",
node,5408075482,https://www.openstreetmap.org/node/5408075482,Børøra 850m - Måndalen,62.526053,7.362061,820,NO,Norway,Норвегия,takeoff,,,,"{""free_flying:site"": ""takeoff""}",
node,5408075483,https://www.openstreetmap.org/node/5408075483,"Bæverdalen, Neverholthøgfjellet",63.087500,8.773056,699,NO,Norway,Норвегия,takeoff,,,,"{""free_flying:site"": ""takeoff""}",
node,5408075484,https://www.openstreetmap.org/node/5408075484,Båten,62.595902,6.971667,819,NO,Norway,Норвегия,takeoff,,,,"{""free_flying:site"": ""takeoff""}",
node,5408075485,https://www.openstreetmap.org/node/5408075485,Buggestarten ( Eidsøra),62.751967,8.081967,700,NO,Norway,Норвегия,takeoff,,,,"{""free_flying:site"": ""takeoff""}",
node,5408075486,https://www.openstreetmap.org/node/5408075486,"Brøstkampen, Stuguflåten",62.282222,8.069722,1311,NO,Norway,Норвегия,takeoff,,,,"{""free_flying:site"": ""takeoff""}",
node,5408075487,https://www.openstreetmap.org/node/5408075487,"Brekka, Malmedal",62.790833,7.277500,330,NO,Norway,Норвегия,takeoff,,,,"{""free_flying:site"": ""takeoff""}",
node,5408075488,https://www.openstreetmap.org/node/5408075488,"Breitind, Romsdalen ved Trollveggen",62.461236,7.747290,1730,NO,Norway,Норвегия,takeoff,,,,"{""free_flying:site"": ""takeoff""}",
node,5408075489,https://www.openstreetmap.org/node/5408075489,Bløkallen,62.667500,6.617778,522,NO,Norway,Норвегия,takeoff,,,,"{""free_flying:site"": ""takeoff""}",
node,5408075490,https://www.openstreetmap.org/node/5408075490,"Blånebba, Batnfjordsøra",62.904167,7.739722,630,NO,Norway,Норвегия,takeoff,,,,"{""free_flying:site"": ""takeoff""}",
node,5408075491,https://www.openstreetmap.org/node/5408075491,"Bjørkedal, Finnes",62.115083,6.531722,250,NO,Norway,Норвегия,takeoff,,,,"{""free_flying:site"": ""takeoff""}",
node,5408075492,https://www.openstreetmap.org/node/5408075492,"Bjørke, Viddal - Reitane",62.140556,6.636667,255,NO,Norway,Норвегия,takeoff,,,,"{""free_flying:site"": ""takeoff""}",
node,5408075493,https://www.openstreetmap.org/node/5408075493,Bjørga,62.581708,7.628555,558,NO,Norway,Норвегия,takeoff,,,,"{""free_flying:site"": ""takeoff""}",
node,5408075494,https://www.openstreetmap.org/node/5408075494,"Averøy, Meeknoken",62.976667,7.579167,751,NO,Norway,Норвегия,takeoff,,,,"{""free_flying:site"": ""takeoff""}",
node,5408075495,https://www.openstreetmap.org/node/5408075495,"Auskjeret, Sykkylven",62.378056,6.768611,1203,NO,Norway,Норвегия,takeoff,,,,"{""free_flying:site"": ""takeoff""}",
node,5408075496,https://www.openstreetmap.org/node/5408075496,"Aurenakken, Sykkylven",62.385278,6.592500,330,NO,Norway,Норвегия,takeoff,,,,"{""free_flying:site"": ""takeoff""}",
node,5408075497,https://www.openstreetmap.org/node/5408075497,"Alnes, Godøya",62.483333,5.983333,300,NO,Norway,Норвегия,takeoff,,,,"{""free_flying:site"": ""takeoff""}",
node,5408075498,https://www.openstreetmap.org/node/5408075498,"Almberget, Rindal",63.048611,9.133611,240,NO,Norway,Норвегия,takeoff,,,,"{""free_flying:site"": ""takeoff""}",
node,5408075499,https://www.openstreetmap.org/node/5408075499,"Sandnestindene, Snipa, Eide",62.892500,7.323611,685,NO,Norway,Норвегия,takeoff,,,,"{""free_flying:site"": ""takeoff""}",
node,5408075500,https://www.openstreetmap.org/node/5408075500,"Bjørndalen, Bergen",60.379722,5.534167,0,NO,Norway,Норвегия,takeoff,,,,"{""free_flying:site"": ""takeoff""}",
node,5408075501,https://www.openstreetmap.org/node/5408075501,"Øystese, Hyrting/Soldalsfjellet",60.431944,6.198056,822,NO,Norway,Норвегия,takeoff,,,,"{""free_flying:site"": ""takeoff""}",
node,5408075502,https://www.openstreetmap.org/node/5408075502,Øvre Børve,60.270239,6.631200,270,NO,Norway,Норвегия,takeoff,,,,"{""free_flying:site"": ""takeoff""}",
node,5408075503,https://www.openstreetmap.org/node/5408075503,"Åse, Odda/Ullensvang",60.170278,6.540000,272,NO,Norway,Норвегия,takeoff,,,,"{""free_flying:site"": ""takeoff""}",
node,5408075504,https://www.openstreetmap.org/node/5408075504,Åsane-Mellingen PPG,60.483056,5.330556,95,NO,Norway,Норвегия,takeoff,,,,"{""free_flying:site"": ""takeoff""}",
node,5408075505,https://www.openstreetmap.org/node/5408075505,Åsane - Husaberget,60.489444,5.337500,330,NO,Norway,Норвегия,takeoff,,,,"{""free_flying:site"": ""takeoff""}",
node,5408075506,https://www.openstreetmap.org/node/5408075506,Voss: Bømoen (flystripa),60.639167,6.501667,90,NO,Norway,Норвегия,takeoff,,,,"{""free_flying:site"": ""takeoff""}",
node,5408075507,https://www.openstreetmap.org/node/5408075507,"Voss, Vestastarten",60.643333,6.398333,810,NO,Norway,Норвегия,takeoff,,,,"{""free_flying:site"": ""takeoff""}",
node,5408075508,https://www.openstreetmap.org/node/5408075508,"Voss, toppen av Kari Traa trekket",60.859722,6.471389,805,NO,Norway,Норвегия,takeoff,,,,"{""free_flying:site"": ""takeoff""}",
node,5408075509,https://www.openstreetmap.org/node/5408075509,"Voss, Rokne",60.613333,6.449722,450,NO,Norway,Норвегия,takeoff,,,,"{""free_flying:site"": ""takeoff""}",
node,5408075510,https://www.openstreetmap.org/node/5408075510,"Voss, OTP/PPG - Prestegardslandet/Lotatræet/Minigolfen (Boat-Tow/PPG)",60.627222,6.416389,50,NO,Norway,Норвегия,takeoff,,,,"{""free_flying:site"": ""takeoff""}",
node,5408075511,https://www.openstreetmap.org/node/5408075511,"Voss, Myrkdalsekspressen",60.858333,6.463056,860,NO,Norway,Норвегия,takeoff,,,,"{""free_flying:site"": ""takeoff""}",
node,5408075512,https://www.openstreetmap.org/node/5408075512,"Voss, Myrkdalen, Vetlebotn",60.679444,6.340556,500,NO,Norway,Норвегия,takeoff,,,,"{""free_flying:site"": ""takeoff""}",
node,5408075513,https://www.openstreetmap.org/node/5408075513,"Voss, Myrkdalen, Storhaugen",60.861111,6.449444,900,NO,Norway,Норвегия,takeoff,,,,"{""free_flying:site"": ""takeoff""}",
node,5408075514,https://www.openstreetmap.org/node/5408075514,"Voss, Myrkdalen, Myrkdalsekspressen",60.861389,6.450278,950,NO,Norway,Норвегия,takeoff,,,,"{""free_flying:site"": ""takeoff""}",
node,5408075515,https://www.openstreetmap.org/node/5408075515,"Voss, Myrkdalen - Kråni",60.866256,6.454415,939,NO,Norway,Норвегия,takeoff,,,,"{""free_flying:site"": ""takeoff""}",
node,5408075516,https://www.openstreetmap.org/node/5408075516,"Voss, Lønahorgi",60.694167,6.412222,1400,NO,Norway,Норвегия,takeoff,,,,"{""free_flying:site"": ""takeoff""}",
node,5408075517,https://www.openstreetmap.org/node/5408075517,"Voss, Lofthus (Skulestadmoen) PPG",60.656389,6.451389,70,NO,Norway,Норвегия,takeoff,,,,"{""free_flying:site"": ""takeoff""}",
node,5408075518,https://www.openstreetmap.org/node/5408075518,"Voss, Liaset",60.703333,6.521389,700,NO,Norway,Норвегия,takeoff,,,,"{""free_flying:site"": ""takeoff""}",
node,5408075519,https://www.openstreetmap.org/node/5408075519,"Voss, Kvilehytta",60.676367,6.399036,1040,NO,Norway,Норвегия,takeoff,,,,"{""free_flying:site"": ""takeoff""}",
node,5408075520,https://www.openstreetmap.org/node/5408075520,"Voss, Horgaletten",60.666944,6.391389,830,NO,Norway,Норвегия,takeoff,,,,"{""free_flying:site"": ""takeoff""}",
node,5408076121,https://www.openstreetmap.org/node/5408076121,"Voss, Helikopter over Vangsvatnet D-Bag",60.622778,6.404722,0,NO,Norway,Норвегия,takeoff,,,,"{""free_flying:site"": ""takeoff""}",
node,5408076122,https://www.openstreetmap.org/node/5408076122,"Voss, Hanguren",60.643056,6.406389,660,NO,Norway,Норвегия,takeoff,,,,"{""free_flying:site"": ""takeoff""}",
node,5408076123,https://www.openstreetmap.org/node/5408076123,"Voss, Grim",60.491528,6.501556,1240,NO,Norway,Норвегия,takeoff,,,,"{""free_flying:site"": ""takeoff""}",
node,5408076124,https://www.openstreetmap.org/node/5408076124,"Voss, Gjelle/Hjelle",60.601667,6.402778,400,NO,Norway,Норвегия,takeoff,,,,"{""free_flying:site"": ""takeoff""}",
node,5408076125,https://www.openstreetmap.org/node/5408076125,"Voss, Fennastølane",60.621667,6.598056,600,NO,Norway,Норвегия,takeoff,,,,"{""free_flying:site"": ""takeoff""}",
node,5408076126,https://www.openstreetmap.org/node/5408076126,"Voss, Bjørnestigen",60.645833,6.545278,450,NO,Norway,Норвегия,takeoff,,,,"{""free_flying:site"": ""takeoff""}",
node,5408076127,https://www.openstreetmap.org/node/5408076127,"Voss, Bavallen",60.646944,6.406389,818,NO,Norway,Норвегия,takeoff,,,,"{""free_flying:site"": ""takeoff""}",
node,5408076128,https://www.openstreetmap.org/node/5408076128,Voss Myrkdalen Finnbunuten øst,60.882222,6.453056,1250,NO,Norway,Норвегия,takeoff,,,,"{""free_flying:site"": ""takeoff""}",
node,5408076129,https://www.openstreetmap.org/node/5408076129,voss bavallen,60.643333,6.404444,800,NO,Norway,Норвегия,takeoff,,,,"{""free_flying:site"": ""takeoff""}",
node,5408076130,https://www.openstreetmap.org/node/5408076130,Voss - Hjelle landing (PPG),60.612500,6.410000,59,NO,Norway,Норвегия,takeoff,,,,"{""free_flying:site"": ""takeoff""}",
node,5408076131,https://www.openstreetmap.org/node/5408076131,Voss - Bodegaen,60.668500,6.396167,930,NO,Norway,Норвегия,takeoff,,,,"{""free_flying:site"": ""takeoff""}",
node,5408076132,https://www.openstreetmap.org/node/5408076132,Vintertun - Høgabergmyra,59.911944,6.520000,522,NO,Norway,Норвегия,takeoff,,,,"{""free_flying:site"": ""takeoff""}",
node,5408076133,https://www.openstreetmap.org/node/5408076133,"Vindskjerleitet, Øystese",60.451389,6.140556,1100,NO,Norway,Норвегия,takeoff,,,,"{""free_flying:site"": ""takeoff""}",
node,5408076134,https://www.openstreetmap.org/node/5408076134,"Vikanuten, Jondal i Hardanger",60.252222,6.255000,1070,NO,Norway,Норвегия,takeoff,,,,"{""free_flying:site"": ""takeoff""}",
node,5408076135,https://www.openstreetmap.org/node/5408076135,Vetle Finsenuten - Finse,60.604167,7.478889,1482,NO,Norway,Норвегия,takeoff,,,,"{""free_flying:site"": ""takeoff""}",
node,5408076136,https://www.openstreetmap.org/node/5408076136,"Veten, Åsane-Bergen",60.501667,5.320833,486,NO,Norway,Норвегия,takeoff,,,,"{""free_flying:site"": ""takeoff""}",
node,5408076137,https://www.openstreetmap.org/node/5408076137,"Vaksdal, Bogafjellet",60.467222,5.763889,600,NO,Norway,Норвегия,takeoff,,,,"{""free_flying:site"": ""takeoff""}",
node,5408076138,https://www.openstreetmap.org/node/5408076138,"Upsete, Rustedalseggi",60.720083,6.986861,1133,NO,Norway,Норвегия,takeoff,,,,"{""free_flying:site"": ""takeoff""}",
node,5408076139,https://www.openstreetmap.org/node/5408076139,"Uggdalsvarden, Tysnes",60.000278,5.550278,427,NO,Norway,Норвегия,takeoff,,,,"{""free_flying:site"": ""takeoff""}",
node,5408076140,https://www.openstreetmap.org/node/5408076140,"Tyssedalsnuten, Tyssedal",60.129167,6.581667,900,NO,Norway,Норвегия,takeoff,,,,"{""free_flying:site"": ""takeoff""}",
node,5408076141,https://www.openstreetmap.org/node/5408076141,"Tyssdalsfjellet, Os, Osøyro",60.220556,5.483611,475,NO,Norway,Норвегия,takeoff,,,,"{""free_flying:site"": ""takeoff""}",
node,5408076142,https://www.openstreetmap.org/node/5408076142,Tysnessåta,60.018056,5.602500,752,NO,Norway,Норвегия,takeoff,,,,"{""free_flying:site"": ""takeoff""}",
node,5408076143,https://www.openstreetmap.org/node/5408076143,Tysnes.Våge/Gjerdsvika/Veslevågen,60.035000,5.550278,10,NO,Norway,Норвегия,takeoff,,,,"{""free_flying:site"": ""takeoff""}",
node,5408076144,https://www.openstreetmap.org/node/5408076144,"Tverrberg, Ølen",59.595833,5.834722,420,NO,Norway,Норвегия,takeoff,,,,"{""free_flying:site"": ""takeoff""}",
node,5408076145,https://www.openstreetmap.org/node/5408076145,Tveitane Vaksdal,60.481667,5.751111,66,NO,Norway,Норвегия,takeoff,,,,"{""free_flying:site"": ""takeoff""}",
node,5408076146,https://www.openstreetmap.org/node/5408076146,"Trollskardet,Bruvik,Osterøy",60.486111,5.680000,505,NO,Norway,Норвегия,takeoff,,,,"{""free_flying:site"": ""takeoff""}",
node,5408076147,https://www.openstreetmap.org/node/5408076147,"Torefjell, Norheimsund & Øystese i Hardanger",60.407500,6.122778,1050,NO,Norway,Норвегия,takeoff,,,,"{""free_flying:site"": ""takeoff""}",
node,5408076148,https://www.openstreetmap.org/node/5408076148,"Sysendammen, Eidfjord",60.401389,7.389722,950,NO,Norway,Норвегия,takeoff,,,,"{""free_flying:site"": ""takeoff""}",
node,5408076149,https://www.openstreetmap.org/node/5408076149,Sveigen Haukeli,59.836944,7.078056,1500,NO,Norway,Норвегия,takeoff,,,,"{""free_flying:site"": ""takeoff""}",
node,5408076150,https://www.openstreetmap.org/node/5408076150,"Stølehetta, Etne",59.695278,5.959722,650,NO,Norway,Норвегия,takeoff,,,,"{""free_flying:site"": ""takeoff""}",
node,5408076151,https://www.openstreetmap.org/node/5408076151,"Stølefjellet, Tysnes, Uggdal",59.992222,5.505833,360,NO,Norway,Норвегия,takeoff,,,,"{""free_flying:site"": ""takeoff""}",
node,5408076152,https://www.openstreetmap.org/node/5408076152,"Støle, Etne",59.679444,5.969722,260,NO,Norway,Норвегия,takeoff,,,,"{""free_flying:site"": ""takeoff""}",
node,5408076153,https://www.openstreetmap.org/node/5408076153,"Styveshorgi, Evanger",60.666667,6.130278,650,NO,Norway,Норвегия,takeoff,,,,"{""free_flying:site"": ""takeoff""}",
node,5408076154,https://www.openstreetmap.org/node/5408076154,"Stord, Årskog",59.949167,5.341667,240,NO,Norway,Норвегия,takeoff,,,,"{""free_flying:site"": ""takeoff""}",
node,5408076155,https://www.openstreetmap.org/node/5408076155,"Stord, Tveitafjellet",59.887778,5.357222,300,NO,Norway,Норвегия,takeoff,,,,"{""free_flying:site"": ""takeoff""}",
node,5408076156,https://www.openstreetmap.org/node/5408076156,"Stord, Stovegolvet",59.852778,5.468889,700,NO,Norway,Норвегия,takeoff,,,,"{""free_flying:site"": ""takeoff""}",
node,5408076157,https://www.openstreetmap.org/node/5408076157,"Stord, Rimbareid",59.911944,5.329167,0,NO,Norway,Норвегия,takeoff,,,,"{""free_flying:site"": ""takeoff""}",
node,5408076158,https://www.openstreetmap.org/node/5408076158,"Stord, Olstjødno",59.837500,5.441667,0,NO,Norway,Норвегия,takeoff,,,,"{""free_flying:site"": ""takeoff""}",
node,5408076159,https://www.openstreetmap.org/node/5408076159,"Stord, Levåg",59.951389,5.354444,300,NO,Norway,Норвегия,takeoff,,,,"{""free_flying:site"": ""takeoff""}",
node,5408076160,https://www.openstreetmap.org/node/5408076160,"Stord, Kinno",59.903056,5.405000,370,NO,Norway,Норвегия,takeoff,,,,"{""free_flying:site"": ""takeoff""}",
node,5408076161,https://www.openstreetmap.org/node/5408076161,"Stord, Kattnakken",59.873056,5.493056,700,NO,Norway,Норвегия,takeoff,,,,"{""free_flying:site"": ""takeoff""}",
node,5408076162,https://www.openstreetmap.org/node/5408076162,"Stord, Fossabrekko",59.862222,5.478889,600,NO,Norway,Норвегия,takeoff,,,,"{""free_flying:site"": ""takeoff""}",
node,5408076163,https://www.openstreetmap.org/node/5408076163,"Stord, Eide",59.922222,5.461111,300,NO,Norway,Норвегия,takeoff,,,,"{""free_flying:site"": ""takeoff""}",
node,5408076164,https://www.openstreetmap.org/node/5408076164,"Steinsdalen, Norheimsund",60.370278,6.088889,2,NO,Norway,Норвегия,takeoff,,,,"{""free_flying:site"": ""takeoff""}",
node,5408076165,https://www.openstreetmap.org/node/5408076165,"Sletteggen, Bergen",60.363611,5.507222,740,NO,Norway,Норвегия,takeoff,,,,"{""free_flying:site"": ""takeoff""}",
node,5408076166,https://www.openstreetmap.org/node/5408076166,Sleirsfjellet,60.901944,5.237222,500,NO,Norway,Норвегия,takeoff,,,,"{""free_flying:site"": ""takeoff""}",
node,5408076168,https://www.openstreetmap.org/node/5408076168,"Seljestad, Histeinsnuten",59.856389,6.664444,1344,NO,Norway,Норвегия,takeoff,,,,"{""free_flying:site"": ""takeoff""}",
node,5408076169,https://www.openstreetmap.org/node/5408076169,Selivarden,60.680556,5.283056,410,NO,Norway,Норвегия,takeoff,,,,"{""free_flying:site"": ""takeoff""}",
node,5408076170,https://www.openstreetmap.org/node/5408076170,Røvel,60.283300,6.659444,950,NO,Norway,Норвегия,takeoff,,,,"{""free_flying:site"": ""takeoff""}",
node,5408076171,https://www.openstreetmap.org/node/5408076171,"Røldal, Reinstigen",59.827332,6.753323,1130,NO,Norway,Норвегия,takeoff,,,S,"{""free_flying:site"": ""takeoff""}",
node,5408076174,https://www.openstreetmap.org/node/5408076174,"Røldal, Lauvås",59.814167,6.823056,950,NO,Norway,Норвегия,,,,W,"{""free_flying:takeoff"": ""yes""}",
node,5408076175,https://www.openstreetmap.org/node/5408076175,"Røldal, Håradalen",59.831944,6.720833,1000,NO,Norway,Норвегия,takeoff,,,,"{""free_flying:site"": ""takeoff""}",
node,5408076176,https://www.openstreetmap.org/node/5408076176,"Røldal, Hundsnut",59.839722,6.780278,1150,NO,Norway,Норвегия,takeoff,,,,"{""free_flying:site"": ""takeoff""}",
node,5408076178,https://www.openstreetmap.org/node/5408076178,"Rolland,Osterøy PPG start",60.472778,5.533611,220,NO,Norway,Норвегия,takeoff,,,,"{""free_flying:site"": ""takeoff""}",
node,5408076179,https://www.openstreetmap.org/node/5408076179,Ramslifjell på Vikafjellet,60.945833,6.449444,1050,NO,Norway,Норвегия,takeoff,,,,"{""free_flying:site"": ""takeoff""}",
node,5408076180,https://www.openstreetmap.org/node/5408076180,"Ramsberget, Fonno - Fitjar",59.943889,5.273333,100,NO,Norway,Норвегия,takeoff,,,,"{""free_flying:site"": ""takeoff""}",
node,5408076181,https://www.openstreetmap.org/node/5408076181,"Paradis, Sveio",59.491633,5.297800,20,NO,Norway,Норвегия,takeoff,,,,"{""free_flying:site"": ""takeoff""}",
node,5408076182,https://www.openstreetmap.org/node/5408076182,"Osterøy, Stangfjellet",60.505313,5.587101,640,NO,Norway,Норвегия,takeoff,,,,"{""free_flying:site"": ""takeoff""}",
node,5408076183,https://www.openstreetmap.org/node/5408076183,"Osterøy, Åsheimveten",60.580833,5.500556,477,NO,Norway,Норвегия,takeoff,,,,"{""free_flying:site"": ""takeoff""}",
node,5408076184,https://www.openstreetmap.org/node/5408076184,"Olsnesfjell,Bruvik,Osterøy",60.489444,5.685278,510,NO,Norway,Норвегия,takeoff,,,,"{""free_flying:site"": ""takeoff""}",
node,5408076185,https://www.openstreetmap.org/node/5408076185,"Olsnes,Osterøy PPG start",60.474722,5.705278,30,NO,Norway,Норвегия,takeoff,,,,"{""free_flying:site"": ""takeoff""}",
node,5408076187,https://www.openstreetmap.org/node/5408076187,"Odda, Sandvin",60.001667,6.560833,108,NO,Norway,Норвегия,,,,S;N,"{""free_flying:guest-guidelines"": ""Ask owner before use. Vally wind can be strong in the afternoon. Land closer to the lake."", ""free_flying:landing"": ""yes"", ""free_flying:official"": ""yes"", ""free_flying:takeoff"": ""yes""}",
node,5408076188,https://www.openstreetmap.org/node/5408076188,"Odda, Rossnos",60.054167,6.595556,1403,NO,Norway,Норвегия,takeoff,,,,"{""free_flying:site"": ""takeoff""}",
node,5408076189,https://www.openstreetmap.org/node/5408076189,"Odda, Jordalsnuten",60.033611,6.516944,1050,NO,Norway,Норвегия,takeoff,,,,"{""free_flying:site"": ""takeoff""}",
node,5408076190,https://www.openstreetmap.org/node/5408076190,"Odda, Jordal",60.044722,6.536389,90,NO,Norway,Норвегия,,,,,"{""free_flying:guest-guidelines"": ""Need to ask owner when used for PPG. Used as secondary if the vally wind is to strong to land on main landing."", ""free_flying:landing"": ""yes"", ""free_flying:official"": ""yes"", ""free_flying:paramotor"": ""yes"", ""free_flying:takeoff"": ""yes""}",
node,5408076194,https://www.openstreetmap.org/node/5408076194,"Nuten, Alsaker",60.388056,6.518611,700,NO,Norway,Норвегия,takeoff,,,,"{""free_flying:site"": ""takeoff""}",
node,5408076195,https://www.openstreetmap.org/node/5408076195,"Norheimsund,Sæleset",60.380833,6.145278,320,NO,Norway,Норвегия,takeoff,,,,"{""free_flying:site"": ""takeoff""}",
node,5408076196,https://www.openstreetmap.org/node/5408076196,"Norheimsund, Tveit",60.348056,6.162778,220,NO,Norway,Норвегия,takeoff,,,,"{""free_flying:site"": ""takeoff""}",
node,5408076197,https://www.openstreetmap.org/node/5408076197,"Norheimsund, Krokavatn",60.345833,6.140000,700,NO,Norway,Норвегия,takeoff,,,,"{""free_flying:site"": ""takeoff""}",
node,5408076198,https://www.openstreetmap.org/node/5408076198,"Nordfjellet, Husnes, Kvinnherad",59.846111,5.793889,520,NO,Norway,Норвегия,takeoff,,,,"{""free_flying:site"": ""takeoff""}",
node,5408076199,https://www.openstreetmap.org/node/5408076199,"Nipen, Kvamskogen",60.384722,6.023889,730,NO,Norway,Норвегия,takeoff,,,,"{""free_flying:site"": ""takeoff""}",
node,5408076200,https://www.openstreetmap.org/node/5408076200,"Møsnuken, Os",60.232222,5.530278,640,NO,Norway,Норвегия,takeoff,,,,"{""free_flying:site"": ""takeoff""}",
node,5408076201,https://www.openstreetmap.org/node/5408076201,Mykkeltveitveten,60.605833,6.101389,1130,NO,Norway,Норвегия,takeoff,,,,"{""free_flying:site"": ""takeoff""}",
node,5408076202,https://www.openstreetmap.org/node/5408076202,Mon Plaisir,60.405833,5.331389,100,NO,Norway,Норвегия,takeoff,,,,"{""free_flying:site"": ""takeoff""}",
node,5408076203,https://www.openstreetmap.org/node/5408076203,"Midtlæger, Haukeli",59.835000,6.987222,1030,NO,Norway,Норвегия,takeoff,,,,"{""free_flying:site"": ""takeoff""}",
node,5408076204,https://www.openstreetmap.org/node/5408076204,"Meland, Veten (Eldsfjellet nord)",60.586667,5.028611,275,NO,Norway,Норвегия,takeoff,,,,"{""free_flying:site"": ""takeoff""}",
node,5408076206,https://www.openstreetmap.org/node/5408076206,Løvstakken,60.356944,5.320000,450,NO,Norway,Норвегия,takeoff,,,,"{""free_flying:site"": ""takeoff""}",
node,5408076207,https://www.openstreetmap.org/node/5408076207,"Lykjelen, Andvik",60.809056,5.366847,393,NO,Norway,Норвегия,takeoff,,,,"{""free_flying:site"": ""takeoff""}",
node,5408076210,https://www.openstreetmap.org/node/5408076210,"Linga, Espelundnuten, Strandebarm",60.268056,6.064722,300,NO,Norway,Норвегия,takeoff,,,,"{""free_flying:site"": ""takeoff""}",
node,5408076211,https://www.openstreetmap.org/node/5408076211,"Lindås, Skausnøya",60.709167,5.246389,355,NO,Norway,Норвегия,takeoff,,,,"{""free_flying:site"": ""takeoff""}",
node,5408076212,https://www.openstreetmap.org/node/5408076212,"Kåtanuten, Ølensvåg",59.616944,5.776111,534,NO,Norway,Норвегия,takeoff,,,,"{""free_flying:site"": ""takeoff""}",
node,5408076213,https://www.openstreetmap.org/node/5408076213,Kysnesstrand,60.225556,6.128889,574,NO,Norway,Норвегия,takeoff,,,,"{""free_flying:site"": ""takeoff""}",
node,5408076214,https://www.openstreetmap.org/node/5408076214,"Kvinnherad, Tverrberg",59.809444,5.938333,600,NO,Norway,Норвегия,takeoff,,,,"{""free_flying:site"": ""takeoff""}",
node,5408076215,https://www.openstreetmap.org/node/5408076215,"Kvinnherad, Såta",59.914444,5.861111,650,NO,Norway,Норвегия,takeoff,,,,"{""free_flying:site"": ""takeoff""}",
node,5408076216,https://www.openstreetmap.org/node/5408076216,"Kvinnherad, Mannen",59.902222,5.835556,1000,NO,Norway,Норвегия,takeoff,,,,"{""free_flying:site"": ""takeoff""}",
node,5408076217,https://www.openstreetmap.org/node/5408076217,"Kvinnherad, Kvitegga",59.943611,6.026111,580,NO,Norway,Норвегия,takeoff,,,,"{""free_flying:site"": ""takeoff""}",
node,5408076218,https://www.openstreetmap.org/node/5408076218,"Kvinnherad, Kokkelberg",59.842222,5.783333,450,NO,Norway,Норвегия,takeoff,,,,"{""free_flying:site"": ""takeoff""}",
node,5408076219,https://www.openstreetmap.org/node/5408076219,"Kvinnherad, Horga, Valen",59.836389,5.856944,880,NO,Norway,Норвегия,takeoff,,,,"{""free_flying:site"": ""takeoff""}",
node,5408076220,https://www.openstreetmap.org/node/5408076220,"Kvinnherad, Geitadalstind - Ulvanosa",59.887222,5.926389,1100,NO,Norway,Норвегия,takeoff,,,,"{""free_flying:site"": ""takeoff""}",
node,5408076921,https://www.openstreetmap.org/node/5408076921,"Kvinnherad, Fjelberg, Borgundnuten",59.726667,5.673889,436,NO,Norway,Норвегия,takeoff,,,,"{""free_flying:site"": ""takeoff""}",
node,5408076922,https://www.openstreetmap.org/node/5408076922,Kvinnherad - Uskedalen - Hauglandsfjellet,59.916667,5.930556,540,NO,Norway,Норвегия,takeoff,,,,"{""free_flying:site"": ""takeoff""}",
node,5408076923,https://www.openstreetmap.org/node/5408076923,"Kvam, Tveitakvitingen",60.325653,5.911775,1299,NO,Norway,Норвегия,takeoff,,,,"{""free_flying:site"": ""takeoff""}",
node,5408076924,https://www.openstreetmap.org/node/5408076924,"Krånipa, Trengereid, Vaksdal",60.421111,5.660556,680,NO,Norway,Норвегия,takeoff,,,,"{""free_flying:site"": ""takeoff""}",
node,5408076925,https://www.openstreetmap.org/node/5408076925,Krossane - Leknes,60.590000,5.330556,340,NO,Norway,Норвегия,takeoff,,,,"{""free_flying:site"": ""takeoff""}",
node,5408076926,https://www.openstreetmap.org/node/5408076926,Kolgrevene,60.308322,6.655500,280,NO,Norway,Норвегия,takeoff,,,,"{""free_flying:site"": ""takeoff""}",
node,5408076927,https://www.openstreetmap.org/node/5408076927,"Klabeiten, Jondal",60.294292,6.325025,420,NO,Norway,Норвегия,takeoff,,,,"{""free_flying:site"": ""takeoff""}",
node,5408076928,https://www.openstreetmap.org/node/5408076928,"Kjosås, Øystese",60.389722,6.174167,280,NO,Norway,Норвегия,takeoff,,,,"{""free_flying:site"": ""takeoff""}",
node,5408076929,https://www.openstreetmap.org/node/5408076929,"Kjosås, Øvre start, Øystese",60.388889,6.161389,360,NO,Norway,Норвегия,takeoff,,,,"{""free_flying:site"": ""takeoff""}",
node,5408076930,https://www.openstreetmap.org/node/5408076930,Kjeåsen,60.504444,7.130000,540,NO,Norway,Норвегия,takeoff,,,,"{""free_flying:site"": ""takeoff""}",
node,5408076931,https://www.openstreetmap.org/node/5408076931,"Kjetilsnuten, Øystese",60.445556,6.103056,1026,NO,Norway,Норвегия,takeoff,,,,"{""free_flying:site"": ""takeoff""}",
node,5408076932,https://www.openstreetmap.org/node/5408076932,Ingebjørgfjellet,60.476667,6.728056,990,NO,Norway,Норвегия,takeoff,,,,"{""free_flying:site"": ""takeoff""}",
node,5408076933,https://www.openstreetmap.org/node/5408076933,"Ilefjellet, Tysnes",60.026111,5.542778,400,NO,Norway,Норвегия,takeoff,,,,"{""free_flying:site"": ""takeoff""}",
node,5408076934,https://www.openstreetmap.org/node/5408076934,høgesnipen - valevåg,59.692778,5.496111,290,NO,Norway,Норвегия,takeoff,,,,"{""free_flying:site"": ""takeoff""}",
node,5408076936,https://www.openstreetmap.org/node/5408076936,"Hola / Presthaugen, Vikafjellet sør",60.902778,6.472778,810,NO,Norway,Норвегия,takeoff,,,,"{""free_flying:site"": ""takeoff""}",
node,5408076937,https://www.openstreetmap.org/node/5408076937,"Herand, Såta",60.344167,6.438333,770,NO,Norway,Норвегия,takeoff,,,,"{""free_flying:site"": ""takeoff""}",
node,5408076938,https://www.openstreetmap.org/node/5408076938,"Heng, Kinsarvik",60.361014,6.698290,950,NO,Norway,Норвегия,takeoff,,,,"{""free_flying:site"": ""takeoff""}",
node,5408076939,https://www.openstreetmap.org/node/5408076939,"Haugen, Vimmelvikfjellet",60.445278,5.583056,500,NO,Norway,Норвегия,takeoff,,,,"{""free_flying:site"": ""takeoff""}",
node,5408076940,https://www.openstreetmap.org/node/5408076940,"Hardanger, Ullensvang, Grimsnuten",60.382778,6.597222,1200,NO,Norway,Норвегия,takeoff,,,,"{""free_flying:site"": ""takeoff""}",
node,5408076941,https://www.openstreetmap.org/node/5408076941,"Hardanger, Rogdo",60.271389,6.561389,350,NO,Norway,Норвегия,takeoff,,,,"{""free_flying:site"": ""takeoff""}",
node,5408076942,https://www.openstreetmap.org/node/5408076942,"Hardanger, Eidfjord, Ytre Bu",60.468889,6.841111,115,NO,Norway,Норвегия,takeoff,,,,"{""free_flying:site"": ""takeoff""}",
node,5408076943,https://www.openstreetmap.org/node/5408076943,Hardanger - Jåstad - Joseter,60.355556,6.594167,850,NO,Norway,Норвегия,takeoff,,,,"{""free_flying:site"": ""takeoff""}",
node,5408076944,https://www.openstreetmap.org/node/5408076944,Hagland i Sveio,59.483333,5.256667,40,NO,Norway,Норвегия,takeoff,,,,"{""free_flying:site"": ""takeoff""}",
node,5408076945,https://www.openstreetmap.org/node/5408076945,"Gullfjellet, ved Osavatnet",60.372500,5.534167,0,NO,Norway,Норвегия,takeoff,,,,"{""free_flying:site"": ""takeoff""}",
node,5408076946,https://www.openstreetmap.org/node/5408076946,"Gryteskarsete, Eidfjord",60.437939,7.296092,1035,NO,Norway,Норвегия,takeoff,,,,"{""free_flying:site"": ""takeoff""}",
node,5408076947,https://www.openstreetmap.org/node/5408076947,Gleinefjellet- Matre,60.864722,5.604722,734,NO,Norway,Норвегия,takeoff,,,,"{""free_flying:site"": ""takeoff""}",
node,5408076948,https://www.openstreetmap.org/node/5408076948,"Gjøvågsfjellet, Tysnes",60.050278,5.372778,306,NO,Norway,Норвегия,takeoff,,,,"{""free_flying:site"": ""takeoff""}",
node,5408076949,https://www.openstreetmap.org/node/5408076949,Fylkesgrensa Vikafjellet,60.921944,6.450556,1000,NO,Norway,Норвегия,takeoff,,,,"{""free_flying:site"": ""takeoff""}",
node,5408076950,https://www.openstreetmap.org/node/5408076950,"Fusa, Ottanasa",60.276667,5.802222,976,NO,Norway,Норвегия,takeoff,,,,"{""free_flying:site"": ""takeoff""}",
node,5408076951,https://www.openstreetmap.org/node/5408076951,"Fusa, Eikelandsosen",60.264444,5.740556,590,NO,Norway,Норвегия,takeoff,,,,"{""free_flying:site"": ""takeoff""}",
node,5408076953,https://www.openstreetmap.org/node/5408076953,Fitjarsåta,59.921667,5.361667,372,NO,Norway,Норвегия,takeoff,,,,"{""free_flying:site"": ""takeoff""}",
node,5408076954,https://www.openstreetmap.org/node/5408076954,"Fammestad , Lindås",60.648056,5.345833,50,NO,Norway,Норвегия,takeoff,,,,"{""free_flying:site"": ""takeoff""}",
node,5408076955,https://www.openstreetmap.org/node/5408076955,Etne-Øvstebø-Fjøsna,59.683611,5.903333,450,NO,Norway,Норвегия,takeoff,,,,"{""free_flying:site"": ""takeoff""}",
node,5408076956,https://www.openstreetmap.org/node/5408076956,"Etne, Håkonuten",59.921667,6.501389,1000,NO,Norway,Норвегия,takeoff,,,,"{""free_flying:site"": ""takeoff""}",
node,5408076957,https://www.openstreetmap.org/node/5408076957,"Espeland, Jondal",60.287500,6.325556,50,NO,Norway,Норвегия,takeoff,,,,"{""free_flying:site"": ""takeoff""}",
node,5408076958,https://www.openstreetmap.org/node/5408076958,Engjaland,60.796361,6.442222,560,NO,Norway,Норвегия,takeoff,,,,"{""free_flying:site"": ""takeoff""}",
node,5408076959,https://www.openstreetmap.org/node/5408076959,"Emberlandsnipen, Buavåg, sveio",59.601000,5.394450,271,NO,Norway,Норвегия,takeoff,,,,"{""free_flying:site"": ""takeoff""}",
node,5408076960,https://www.openstreetmap.org/node/5408076960,"Eikedalen, Kvamskogen",60.418611,5.903333,920,NO,Norway,Норвегия,takeoff,,,,"{""free_flying:site"": ""takeoff""}",
node,5408076961,https://www.openstreetmap.org/node/5408076961,"Eidfjord, Øvre Eidfjord - Kvamsdalen (SIV/ACRO)",60.427500,7.103333,660,NO,Norway,Норвегия,takeoff,,,,"{""free_flying:site"": ""takeoff""}",
node,5408076962,https://www.openstreetmap.org/node/5408076962,"Eidfjord, Hjølmo",60.378611,7.166667,900,NO,Norway,Норвегия,takeoff,,,,"{""free_flying:site"": ""takeoff""}",
node,5408076963,https://www.openstreetmap.org/node/5408076963,"Dyranut, Hardangervidda",60.376389,7.488333,1320,NO,Norway,Норвегия,takeoff,,,,"{""free_flying:site"": ""takeoff""}",
node,5408076964,https://www.openstreetmap.org/node/5408076964,Dimmelsvik PPG,59.953611,5.993056,1,NO,Norway,Норвегия,takeoff,,,,"{""free_flying:site"": ""takeoff""}",
node,5408076965,https://www.openstreetmap.org/node/5408076965,"Bømlo, Siggjo",59.748611,5.295833,470,NO,Norway,Норвегия,takeoff,,,,"{""free_flying:site"": ""takeoff""}",
node,5408076966,https://www.openstreetmap.org/node/5408076966,"Byrkjefjellet, Kvam",60.404167,5.971111,970,NO,Norway,Норвегия,takeoff,,,,"{""free_flying:site"": ""takeoff""}",
node,5408076967,https://www.openstreetmap.org/node/5408076967,"Bruviknipa,Osterøy",60.484167,5.651389,822,NO,Norway,Норвегия,takeoff,,,,"{""free_flying:site"": ""takeoff""}",
node,5408076968,https://www.openstreetmap.org/node/5408076968,"Bruvik,Osterøy",60.486389,5.680278,330,NO,Norway,Норвегия,takeoff,,,,"{""free_flying:site"": ""takeoff""}",
node,5408076969,https://www.openstreetmap.org/node/5408076969,Bontveit,60.337778,5.491667,0,NO,Norway,Норвегия,takeoff,,,,"{""free_flying:site"": ""takeoff""}",
node,5408076970,https://www.openstreetmap.org/node/5408076970,Bolstadøyri - Hatlekinni,60.674167,5.981667,900,NO,Norway,Норвегия,takeoff,,,,"{""free_flying:site"": ""takeoff""}",
node,5408076971,https://www.openstreetmap.org/node/5408076971,"Bogafjellet, Fusa",60.175278,5.618611,412,NO,Norway,Норвегия,takeoff,,,,"{""free_flying:site"": ""takeoff""}",
node,5408076972,https://www.openstreetmap.org/node/5408076972,Blom PPG start,60.440667,5.568583,100,NO,Norway,Норвегия,takeoff,,,,"{""free_flying:site"": ""takeoff""}",
node,5408076973,https://www.openstreetmap.org/node/5408076973,"Bjørke, Fyksesund",60.399722,6.283889,345,NO,Norway,Норвегия,takeoff,,,,"{""free_flying:site"": ""takeoff""}",
node,5408076974,https://www.openstreetmap.org/node/5408076974,Bergen/Samnanger Gullfjelltoppen,60.387778,5.591944,987,NO,Norway,Норвегия,takeoff,,,,"{""free_flying:site"": ""takeoff""}",
node,5408076975,https://www.openstreetmap.org/node/5408076975,"Bergen, Vollane, Eidsvåg",60.441667,5.321667,0,NO,Norway,Норвегия,takeoff,,,,"{""free_flying:site"": ""takeoff""}",
node,5408076976,https://www.openstreetmap.org/node/5408076976,"Bergen, Unneland",60.368333,5.485278,289,NO,Norway,Норвегия,takeoff,,,,"{""free_flying:site"": ""takeoff""}",
node,5408076977,https://www.openstreetmap.org/node/5408076977,"Bergen, Ulriken",60.375556,5.384167,610,NO,Norway,Норвегия,takeoff,,,,"{""free_flying:site"": ""takeoff""}",
node,5408076978,https://www.openstreetmap.org/node/5408076978,"Bergen, Tverrmeisa",60.351389,5.486667,525,NO,Norway,Норвегия,takeoff,,,,"{""free_flying:site"": ""takeoff""}",
node,5408076979,https://www.openstreetmap.org/node/5408076979,"Bergen, Stangelifjellet / Ulskebjørnen - Eidsvåg",60.437222,5.372778,420,NO,Norway,Норвегия,takeoff,,,,"{""free_flying:site"": ""takeoff""}",
node,5408076980,https://www.openstreetmap.org/node/5408076980,"Bergen, Skolebakken",60.376111,5.448333,80,NO,Norway,Норвегия,takeoff,,,,"{""free_flying:site"": ""takeoff""}",
node,5408076981,https://www.openstreetmap.org/node/5408076981,"Bergen, Rolland, Åsane",60.452778,5.340556,355,NO,Norway,Норвегия,takeoff,,,,"{""free_flying:site"": ""takeoff""}",
node,5408076983,https://www.openstreetmap.org/node/5408076983,Ramberget,60.254049,5.356506,300,NO,Norway,Норвегия,takeoff,,,,"{""free_flying:site"": ""takeoff""}",
node,5408076984,https://www.openstreetmap.org/node/5408076984,Bergen Vasslien,60.376667,5.529444,650,NO,Norway,Норвегия,takeoff,,,,"{""free_flying:site"": ""takeoff""}",
node,5408076985,https://www.openstreetmap.org/node/5408076985,Bergen Livarden,60.345833,5.468889,594,NO,Norway,Норвегия,takeoff,,,,"{""free_flying:site"": ""takeoff""}",
node,5408076986,https://www.openstreetmap.org/node/5408076986,Bergen - Ulriken Øst (baksiden mot Unneland),60.376111,5.419722,670,NO,Norway,Норвегия,takeoff,,,,"{""free_flying:site"": ""takeoff""}",
node,5408076987,https://www.openstreetmap.org/node/5408076987,"Berge, Etne",59.669167,6.026111,450,NO,Norway,Норвегия,takeoff,,,,"{""free_flying:site"": ""takeoff""}",
node,5408076988,https://www.openstreetmap.org/node/5408076988,"Austrepollen, Mauranger",60.121389,6.337778,550,NO,Norway,Норвегия,takeoff,,,,"{""free_flying:site"": ""takeoff""}",
node,5408076989,https://www.openstreetmap.org/node/5408076989,"Austefjell, Bergen (by Osavatnet)",60.364722,5.537222,700,NO,Norway,Норвегия,takeoff,,,,"{""free_flying:site"": ""takeoff""}",
node,5408076990,https://www.openstreetmap.org/node/5408076990,"Attekvelvnuten, v/ Maurset i Eidfjord",60.421944,7.363611,1110,NO,Norway,Норвегия,takeoff,,,,"{""free_flying:site"": ""takeoff""}",
node,5408076991,https://www.openstreetmap.org/node/5408076991,Andvik Masfjorden,60.812500,5.386111,230,NO,Norway,Норвегия,takeoff,,,,"{""free_flying:site"": ""takeoff""}",
node,5408076992,https://www.openstreetmap.org/node/5408076992,"(Ikke ibruk, benytt Kåtanuten, Ølensvåg)",59.621944,5.771111,530,NO,Norway,Норвегия,takeoff,,,,"{""free_flying:site"": ""takeoff""}",
node,5408076993,https://www.openstreetmap.org/node/5408076993,Øvre Rendal Utsikten,61.870000,11.070556,608,NO,Norway,Норвегия,takeoff,,,,"{""free_flying:site"": ""takeoff""}",
node,5408076994,https://www.openstreetmap.org/node/5408076994,"Åmot, Deifjellet (Deset)",61.286389,11.507500,650,NO,Norway,Норвегия,takeoff,,,,"{""free_flying:site"": ""takeoff""}",
node,5408076995,https://www.openstreetmap.org/node/5408076995,Vermundsjøen vinterflyplass,60.704028,12.381889,200,NO,Norway,Норвегия,takeoff,,,,"{""free_flying:site"": ""takeoff""}",
node,5408076996,https://www.openstreetmap.org/node/5408076996,Tynset flyplass,62.251111,10.666944,482,NO,Norway,Норвегия,takeoff,,,,"{""free_flying:site"": ""takeoff""}",
node,5408076997,https://www.openstreetmap.org/node/5408076997,"Trysiltoppen nord, Trysil",61.309722,12.176111,1078,NO,Norway,Норвегия,takeoff,,,,"{""free_flying:site"": ""takeoff""}",
node,5408076998,https://www.openstreetmap.org/node/5408076998,"Trysil sørøststarten, Bygderkanken",61.309444,12.193333,1000,NO,Norway,Норвегия,takeoff,,,,"{""free_flying:site"": ""takeoff""}",
node,5408076999,https://www.openstreetmap.org/node/5408076999,Trysil sørstarten,61.306389,12.176944,1070,NO,Norway,Норвегия,takeoff,,,,"{""free_flying:site"": ""takeoff""}",
node,5408077000,https://www.openstreetmap.org/node/5408077000,Trysil flyplass,61.228056,12.266111,542,NO,Norway,Норвегия,takeoff,,,,"{""free_flying:site"": ""takeoff""}",
node,5408077001,https://www.openstreetmap.org/node/5408077001,"Tronkberget, Stor-elvdal",61.432903,11.114000,,NO,Norway,Норвегия,takeoff,,,,"{""free_flying:site"": ""takeoff""}",
node,5408077002,https://www.openstreetmap.org/node/5408077002,Tronfjell Øststart (toppen),62.172778,10.710556,1650,NO,Norway,Норвегия,takeoff,,,,"{""free_flying:site"": ""takeoff""}",
node,5408077003,https://www.openstreetmap.org/node/5408077003,Tronfjell NØ start,62.156667,10.731944,1280,NO,Norway,Норвегия,takeoff,,,,"{""free_flying:site"": ""takeoff""}",
node,5408077004,https://www.openstreetmap.org/node/5408077004,Tronfjell (sørkletten),62.149167,10.712500,1322,NO,Norway,Норвегия,takeoff,,,,"{""free_flying:site"": ""takeoff""}",
node,5408077005,https://www.openstreetmap.org/node/5408077005,Tronfjell (nordstart),62.176111,10.702778,1645,NO,Norway,Норвегия,takeoff,,,,"{""free_flying:site"": ""takeoff""}",
node,5408077006,https://www.openstreetmap.org/node/5408077006,Trehørningen,60.831944,11.092500,130,NO,Norway,Норвегия,takeoff,,,,"{""free_flying:site"": ""takeoff""}",
node,5408077007,https://www.openstreetmap.org/node/5408077007,Toves Hage,60.858056,10.972222,170,NO,Norway,Норвегия,takeoff,,,,"{""free_flying:site"": ""takeoff""}",
node,5408077008,https://www.openstreetmap.org/node/5408077008,"Strandsaga, Brumunddal",60.879705,10.921900,123,NO,Norway,Норвегия,takeoff,,,,"{""free_flying:site"": ""takeoff""}",
node,5408077009,https://www.openstreetmap.org/node/5408077009,"Stensæterkanken, Trysilfjellet",61.300833,12.151111,1040,NO,Norway,Норвегия,takeoff,,,,"{""free_flying:site"": ""takeoff""}",
node,5408077010,https://www.openstreetmap.org/node/5408077010,Starmoen Flyplass,60.880278,11.667778,219,NO,Norway,Норвегия,takeoff,,,,"{""free_flying:site"": ""takeoff""}",
node,5408077011,https://www.openstreetmap.org/node/5408077011,"Slågan, Breisjøsæter",61.968333,10.281389,1240,NO,Norway,Норвегия,takeoff,,,,"{""free_flying:site"": ""takeoff""}",
node,5408077012,https://www.openstreetmap.org/node/5408077012,"Skurufjellet, Trysil",61.314167,12.103611,1000,NO,Norway,Норвегия,takeoff,,,,"{""free_flying:site"": ""takeoff""}",
node,5408077013,https://www.openstreetmap.org/node/5408077013,"Sjusjøen skisenter, Natrulstilen",61.116667,10.750000,890,NO,Norway,Норвегия,takeoff,,,,"{""free_flying:site"": ""takeoff""}",
node,5408077014,https://www.openstreetmap.org/node/5408077014,"Rognvola, østre (Mykleby, Østerdalen)",61.434722,11.000000,950,NO,Norway,Норвегия,takeoff,,,,"{""free_flying:site"": ""takeoff""}",
node,5408077015,https://www.openstreetmap.org/node/5408077015,"Ringsaker, Slalombakken",60.912222,10.738333,400,NO,Norway,Норвегия,takeoff,,,,"{""free_flying:site"": ""takeoff""}",
node,5408077016,https://www.openstreetmap.org/node/5408077016,"Ringsaker, Samuelstuen (opptrekk)Moelv",60.996667,10.585833,123,NO,Norway,Норвегия,takeoff,,,,"{""free_flying:site"": ""takeoff""}",
node,5408077017,https://www.openstreetmap.org/node/5408077017,"Ringsaker, Ring--Lundeberget, 565moh.",60.966111,10.712222,565,NO,Norway,Норвегия,takeoff,,,,"{""free_flying:site"": ""takeoff""}",
node,5408077018,https://www.openstreetmap.org/node/5408077018,"Ringsaker, Høsbjør (skolebakke)",60.886111,10.984722,400,NO,Norway,Норвегия,takeoff,,,,"{""free_flying:site"": ""takeoff""}",
node,5408077019,https://www.openstreetmap.org/node/5408077019,"Ringsaker, Høsbjør",60.891667,10.991944,571,NO,Norway,Норвегия,takeoff,,,,"{""free_flying:site"": ""takeoff""}",
node,5408077020,https://www.openstreetmap.org/node/5408077020,"Ringsaker, Grefsheim (oppslep)",60.790556,10.957500,0,NO,Norway,Норвегия,takeoff,,,,"{""free_flying:site"": ""takeoff""}",
node,5408077521,https://www.openstreetmap.org/node/5408077521,"Ringsaker, Brumunddal (opptrekk)",60.882778,10.933056,123,NO,Norway,Норвегия,takeoff,,,,"{""free_flying:site"": ""takeoff""}",
node,5408077522,https://www.openstreetmap.org/node/5408077522,"Ringsaker, Bangsberg øst",60.848611,10.897500,425,NO,Norway,Норвегия,takeoff,,,,"{""free_flying:site"": ""takeoff""}",
node,5408077523,https://www.openstreetmap.org/node/5408077523,"Ringsaker, Bangsberg (skolebakke - PG/HG, PPG PHG)",60.855556,10.906111,139,NO,Norway,Норвегия,takeoff,,,,"{""free_flying:site"": ""takeoff""}",
node,5408077524,https://www.openstreetmap.org/node/5408077524,Rena alpinanlegg - Digeråsen,61.171667,11.292222,700,NO,Norway,Норвегия,takeoff,,,,"{""free_flying:site"": ""takeoff""}",
node,5408077525,https://www.openstreetmap.org/node/5408077525,"Nødre-Kanken(hesten) Trysil, nordstart",61.320000,12.187222,1000,NO,Norway,Норвегия,takeoff,,,,"{""free_flying:site"": ""takeoff""}",
node,5408077526,https://www.openstreetmap.org/node/5408077526,Nord Mesna ved Sjusjøen (Vinterstart),61.106111,10.671944,540,NO,Norway,Норвегия,takeoff,,,,"{""free_flying:site"": ""takeoff""}",
node,5408077527,https://www.openstreetmap.org/node/5408077527,Nerkværnstranda opptrekk,60.875772,10.932856,126,NO,Norway,Норвегия,takeoff,,,,"{""free_flying:site"": ""takeoff""}",
node,5408077528,https://www.openstreetmap.org/node/5408077528,Myhr,60.868611,11.008611,300,NO,Norway,Норвегия,takeoff,,,,"{""free_flying:site"": ""takeoff""}",
node,5408077530,https://www.openstreetmap.org/node/5408077530,løten,60.795250,11.345583,180,NO,Norway,Норвегия,takeoff,,,,"{""free_flying:site"": ""takeoff""}",
node,5408077531,https://www.openstreetmap.org/node/5408077531,Losberget Flisa,60.634722,12.114722,420,NO,Norway,Норвегия,takeoff,,,,"{""free_flying:site"": ""takeoff""}",
node,5408077532,https://www.openstreetmap.org/node/5408077532,Kviknebruna,62.598056,10.232222,960,NO,Norway,Норвегия,takeoff,,,,"{""free_flying:site"": ""takeoff""}",
node,5408077533,https://www.openstreetmap.org/node/5408077533,Industriområde Stange,60.719444,11.231250,0,NO,Norway,Норвегия,takeoff,,,,"{""free_flying:site"": ""takeoff""}",
node,5408077534,https://www.openstreetmap.org/node/5408077534,Haslemoen-flyplass,60.655814,11.909568,180,NO,Norway,Норвегия,takeoff,,,,"{""free_flying:site"": ""takeoff""}",
node,5408077535,https://www.openstreetmap.org/node/5408077535,"Hammarkollen, Stor-Elvdal",61.554444,11.041111,355,NO,Norway,Норвегия,takeoff,,,,"{""free_flying:site"": ""takeoff""}",
node,5408077536,https://www.openstreetmap.org/node/5408077536,"Hamar, Sælid (skolebakke)",60.813333,11.115833,145,NO,Norway,Норвегия,takeoff,,,,"{""free_flying:site"": ""takeoff""}",
node,5408077537,https://www.openstreetmap.org/node/5408077537,"Hamar, Kluke (skolebakke)",60.811667,11.093333,140,NO,Norway,Норвегия,takeoff,,,,"{""free_flying:site"": ""takeoff""}",
node,5408077538,https://www.openstreetmap.org/node/5408077538,"Hamar, Gåsbu (opptrekk)",60.901389,11.208056,600,NO,Norway,Норвегия,takeoff,,,,"{""free_flying:site"": ""takeoff""}",
node,5408077539,https://www.openstreetmap.org/node/5408077539,"Hamar, Flagstadjordet (opptrekk)",60.829722,11.061111,130,NO,Norway,Норвегия,takeoff,,,,"{""free_flying:site"": ""takeoff""}",
node,5408077540,https://www.openstreetmap.org/node/5408077540,"Grue, Gotland (opptrekk)",60.494444,12.035278,162,NO,Norway,Норвегия,takeoff,,,,"{""free_flying:site"": ""takeoff""}",
node,5408077541,https://www.openstreetmap.org/node/5408077541,"Grens, Røa i Engerdal",61.618611,12.055833,0,NO,Norway,Норвегия,takeoff,,,,"{""free_flying:site"": ""takeoff""}",
node,5408077542,https://www.openstreetmap.org/node/5408077542,"Gjersåsen, Arneberg",60.577222,12.096667,360,NO,Norway,Норвегия,takeoff,,,,"{""free_flying:site"": ""takeoff""}",
node,5408077543,https://www.openstreetmap.org/node/5408077543,"Flotsberget(Flakseberget 585moh), Starmoen-Elverum",60.833333,11.848333,585,NO,Norway,Норвегия,takeoff,,,,"{""free_flying:site"": ""takeoff""}",
node,5408077544,https://www.openstreetmap.org/node/5408077544,"Engersjøen, Engerdal",61.635278,12.033056,472,NO,Norway,Норвегия,takeoff,,,,"{""free_flying:site"": ""takeoff""}",
node,5408077545,https://www.openstreetmap.org/node/5408077545,"Elvhøgda, Håmmålsfjellet",62.454167,11.216389,1300,NO,Norway,Норвегия,takeoff,,,,"{""free_flying:site"": ""takeoff""}",
node,5408077546,https://www.openstreetmap.org/node/5408077546,"Elverum, Starmoen",60.880278,11.667778,214,NO,Norway,Норвегия,takeoff,,,,"{""free_flying:site"": ""takeoff""}",
node,5408077547,https://www.openstreetmap.org/node/5408077547,Elverum David private airport Elverum,60.893889,11.524444,190,NO,Norway,Норвегия,takeoff,,,,"{""free_flying:site"": ""takeoff""}",
node,5408077548,https://www.openstreetmap.org/node/5408077548,"Eltdalsskardet, Trysil",61.534167,11.888611,1080,NO,Norway,Норвегия,takeoff,,,,"{""free_flying:site"": ""takeoff""}",
node,5408077549,https://www.openstreetmap.org/node/5408077549,Deifjellet,61.290556,11.558611,635,NO,Norway,Норвегия,takeoff,,,,"{""free_flying:site"": ""takeoff""}",
node,5408077550,https://www.openstreetmap.org/node/5408077550,Brumunddal Steinbruddet Åsberget,60.917500,11.009444,450,NO,Norway,Норвегия,takeoff,,,,"{""free_flying:site"": ""takeoff""}",
node,5408077551,https://www.openstreetmap.org/node/5408077551,"Bjørgeberget, 500 moh (Brumunddal)",60.918056,10.941667,500,NO,Norway,Норвегия,takeoff,,,,"{""free_flying:site"": ""takeoff""}",
node,5408077552,https://www.openstreetmap.org/node/5408077552,"Bangsberg syd, Ringsaker",60.845000,10.897500,470,NO,Norway,Норвегия,takeoff,,,,"{""free_flying:site"": ""takeoff""}",
node,5408077553,https://www.openstreetmap.org/node/5408077553,"Atnglopen, Atna, Stor- Elvdal",61.766111,10.768889,950,NO,Norway,Норвегия,takeoff,,,,"{""free_flying:site"": ""takeoff""}",
node,5408077554,https://www.openstreetmap.org/node/5408077554,Arnulf Reinfjord grasjorde ved Stange kirke,60.714528,11.149750,0,NO,Norway,Норвегия,takeoff,,,,"{""free_flying:site"": ""takeoff""}",
node,5408077556,https://www.openstreetmap.org/node/5408077556,"Jorde på Løten, Klæpa airport",60.795278,11.345556,180,NO,Norway,Норвегия,takeoff,,,,"{""free_flying:site"": ""takeoff""}",
node,5408077557,https://www.openstreetmap.org/node/5408077557,"Åsen,Sandstrand",68.676944,16.827778,190,NO,Norway,Норвегия,takeoff,,,,"{""free_flying:site"": ""takeoff""}",
node,5408077558,https://www.openstreetmap.org/node/5408077558,"Veten, Sandsøy, Bjarkøy Kommune",68.954014,16.699742,210,NO,Norway,Норвегия,takeoff,,,,"{""free_flying:site"": ""takeoff""}",
node,5408077559,https://www.openstreetmap.org/node/5408077559,"Harstad, Samaåsen",68.810278,16.526389,174,NO,Norway,Норвегия,takeoff,,,,"{""free_flying:site"": ""takeoff""}",
node,5408077560,https://www.openstreetmap.org/node/5408077560,Harstad Storhornet,68.827222,16.216111,740,NO,Norway,Норвегия,takeoff,,,,"{""free_flying:site"": ""takeoff""}",
node,5408077561,https://www.openstreetmap.org/node/5408077561,"Øvre Storfjellet,Kåfjord,Alta",69.929444,22.967500,665,NO,Norway,Норвегия,takeoff,,,,"{""free_flying:site"": ""takeoff""}",
node,5408077562,https://www.openstreetmap.org/node/5408077562,Øksfjord,70.163056,22.301111,150,NO,Norway,Норвегия,takeoff,,,,"{""free_flying:site"": ""takeoff""}",
node,5408077563,https://www.openstreetmap.org/node/5408077563,"Åuovvarnjunni, Repparfjord",70.458611,24.347222,350,NO,Norway,Норвегия,takeoff,,,,"{""free_flying:site"": ""takeoff""}",
node,5408077564,https://www.openstreetmap.org/node/5408077564,Vagge- Austertana,70.525717,28.453450,243,NO,Norway,Норвегия,takeoff,,,,"{""free_flying:site"": ""takeoff""}",
node,5408077565,https://www.openstreetmap.org/node/5408077565,"Tolvtinnan , Talvik",70.008333,22.944722,346,NO,Norway,Норвегия,takeoff,,,,"{""free_flying:site"": ""takeoff""}",
node,5408077566,https://www.openstreetmap.org/node/5408077566,"Tana, Polmak StuorraskÃ¡idi",70.060467,28.024342,140,NO,Norway,Норвегия,takeoff,,,,"{""free_flying:site"": ""takeoff""}",
node,5408077567,https://www.openstreetmap.org/node/5408077567,"Tana, Lievlandfjeldet",70.263333,28.238889,300,NO,Norway,Норвегия,takeoff,,,,"{""free_flying:site"": ""takeoff""}",
node,5408077568,https://www.openstreetmap.org/node/5408077568,"Tana, Lievlan vest",70.280000,28.191389,325,NO,Norway,Норвегия,takeoff,,,,"{""free_flying:site"": ""takeoff""}",
node,5408077569,https://www.openstreetmap.org/node/5408077569,"Tana, Lievlan - kollen (sør/sørvest)",70.261667,28.206389,238,NO,Norway,Норвегия,takeoff,,,,"{""free_flying:site"": ""takeoff""}",
node,5408077570,https://www.openstreetmap.org/node/5408077570,"Tana, Lievlan sør/sørøst",70.255833,28.240000,320,NO,Norway,Норвегия,takeoff,,,,"{""free_flying:site"": ""takeoff""}",
node,5408077571,https://www.openstreetmap.org/node/5408077571,Svensken-Mathisdalen,69.858833,22.884361,520,NO,Norway,Норвегия,takeoff,,,,"{""free_flying:site"": ""takeoff""}",
node,5408077572,https://www.openstreetmap.org/node/5408077572,"Storfjellet, Storekorsnes, Alta",70.211111,23.273889,488,NO,Norway,Норвегия,takeoff,,,,"{""free_flying:site"": ""takeoff""}",
node,5408077573,https://www.openstreetmap.org/node/5408077573,"Storfjellet, Kåfjord, Alta",69.946944,23.004444,550,NO,Norway,Норвегия,takeoff,,,,"{""free_flying:site"": ""takeoff""}",
node,5408077574,https://www.openstreetmap.org/node/5408077574,Storfjellet Hammerfest,70.688333,23.668889,326,NO,Norway,Норвегия,takeoff,,,,"{""free_flying:site"": ""takeoff""}",
node,5408077575,https://www.openstreetmap.org/node/5408077575,Storfjellet / Cuoldanjarvarri i Tana,70.482222,28.426667,181,NO,Norway,Норвегия,takeoff,,,,"{""free_flying:site"": ""takeoff""}",
node,5408077576,https://www.openstreetmap.org/node/5408077576,"Store Reipas, Alta",69.908889,23.308611,391,NO,Norway,Норвегия,takeoff,,,,"{""free_flying:site"": ""takeoff""}",
node,5408077577,https://www.openstreetmap.org/node/5408077577,"Storbukta, Kvaløya, Finnmark",70.544167,23.977500,80,NO,Norway,Норвегия,takeoff,,,,"{""free_flying:site"": ""takeoff""}",
node,5408077578,https://www.openstreetmap.org/node/5408077578,"Steikbukta, Skillefjordnes",70.159722,23.287222,80,NO,Norway,Норвегия,takeoff,,,,"{""free_flying:site"": ""takeoff""}",
node,5408077579,https://www.openstreetmap.org/node/5408077579,"Stallogargo, Kvalsund",70.523508,23.955731,150,NO,Norway,Норвегия,takeoff,,,,"{""free_flying:site"": ""takeoff""}",
node,5408077580,https://www.openstreetmap.org/node/5408077580,"Solhaugen, Neverforden, Kvalsund",70.462500,23.847222,320,NO,Norway,Норвегия,takeoff,,,,"{""free_flying:site"": ""takeoff""}",
node,5408077581,https://www.openstreetmap.org/node/5408077581,"Sennaland, Hæstavarri",70.173992,23.810033,460,NO,Norway,Норвегия,takeoff,,,,"{""free_flying:site"": ""takeoff""}",
node,5408077582,https://www.openstreetmap.org/node/5408077582,Rundfjellet - Langfjordbotn,70.019444,22.253611,400,NO,Norway,Норвегия,takeoff,,,,"{""free_flying:site"": ""takeoff""}",
node,5408077583,https://www.openstreetmap.org/node/5408077583,Prestøya ved Kirkenes sykehus,69.728333,30.085556,50,NO,Norway,Норвегия,takeoff,,,,"{""free_flying:site"": ""takeoff""}",
node,5408077584,https://www.openstreetmap.org/node/5408077584,PPG Karasjok-Golfbanen,69.462778,25.518333,0,NO,Norway,Норвегия,takeoff,,,,"{""free_flying:site"": ""takeoff""}",
node,5408077585,https://www.openstreetmap.org/node/5408077585,Peskafjellet,69.852778,23.275000,360,NO,Norway,Норвегия,takeoff,,,,"{""free_flying:site"": ""takeoff""}",
node,5408077586,https://www.openstreetmap.org/node/5408077586,"Ovnen, Hamningberg, Vardø",70.536944,30.562500,100,NO,Norway,Норвегия,takeoff,,,,"{""free_flying:site"": ""takeoff""}",
node,5408077587,https://www.openstreetmap.org/node/5408077587,"Okseberget, Sennaland",70.166667,23.866667,580,NO,Norway,Норвегия,takeoff,,,,"{""free_flying:site"": ""takeoff""}",
node,5408077588,https://www.openstreetmap.org/node/5408077588,"Nordkapp,Honningsvåg,Veidnesbukta",70.952500,25.713889,10,NO,Norway,Норвегия,takeoff,,,,"{""free_flying:site"": ""takeoff""}",
node,5408077589,https://www.openstreetmap.org/node/5408077589,Nordkap - Honningsvåg - parkingspot by the road,71.027583,25.850117,184,NO,Norway,Норвегия,takeoff,,,,"{""free_flying:site"": ""takeoff""}",
node,5408077590,https://www.openstreetmap.org/node/5408077590,Nordkap - Honningsvåg - gravelroad to antennas,70.996667,25.905833,255,NO,Norway,Норвегия,takeoff,,,,"{""free_flying:site"": ""takeoff""}",
node,5408077591,https://www.openstreetmap.org/node/5408077591,Njoammelrohtu Kirkenes,69.732500,29.678056,110,NO,Norway,Норвегия,takeoff,,,,"{""free_flying:site"": ""takeoff""}",
node,5408077592,https://www.openstreetmap.org/node/5408077592,Nesseby - Hammernes,70.144444,28.936389,50,NO,Norway,Норвегия,takeoff,,,,"{""free_flying:site"": ""takeoff""}",
node,5408077593,https://www.openstreetmap.org/node/5408077593,"Nedre Domen, Varanger, Vardø",70.308333,31.025833,100,NO,Norway,Норвегия,takeoff,,,,"{""free_flying:site"": ""takeoff""}",
node,5408077594,https://www.openstreetmap.org/node/5408077594,Myrnesfjellet (Nuvsvåg),70.233333,22.016667,458,NO,Norway,Норвегия,takeoff,,,,"{""free_flying:site"": ""takeoff""}",
node,5408077595,https://www.openstreetmap.org/node/5408077595,Muvrvarri Forsøl,70.727961,23.755200,330,NO,Norway,Норвегия,takeoff,,,,"{""free_flying:site"": ""takeoff""}",
node,5408077596,https://www.openstreetmap.org/node/5408077596,Mortensnesfjellet - Vestre Jakobselv,70.131944,29.032778,130,NO,Norway,Норвегия,takeoff,,,,"{""free_flying:site"": ""takeoff""}",
node,5408077597,https://www.openstreetmap.org/node/5408077597,Mortensnes vest- Storfjellet - Vestre Jakobselv,70.133056,28.991944,66,NO,Norway,Норвегия,takeoff,,,,"{""free_flying:site"": ""takeoff""}",
node,5408077598,https://www.openstreetmap.org/node/5408077598,"Molstrandneset, Hammerfest",70.598333,23.676389,88,NO,Norway,Норвегия,takeoff,,,,"{""free_flying:site"": ""takeoff""}",
node,5408077599,https://www.openstreetmap.org/node/5408077599,"Matduottarcohkka, Austertana i Tana",70.429722,28.468611,230,NO,Norway,Норвегия,takeoff,,,,"{""free_flying:site"": ""takeoff""}",
node,5408077600,https://www.openstreetmap.org/node/5408077600,Maridalen karasjok,69.200278,25.690278,157,NO,Norway,Норвегия,takeoff,,,,"{""free_flying:site"": ""takeoff""}",
node,5408077601,https://www.openstreetmap.org/node/5408077601,"Lusryggen, Mattisdalen - Norway",69.875556,22.832222,760,NO,Norway,Норвегия,takeoff,,,,"{""free_flying:site"": ""takeoff""}",
node,5408077602,https://www.openstreetmap.org/node/5408077602,Lismajok PPG,70.161111,28.195000,60,NO,Norway,Норвегия,takeoff,,,,"{""free_flying:site"": ""takeoff""}",
node,5408077603,https://www.openstreetmap.org/node/5408077603,"Levdunfjellet, Sennaland",70.156944,23.744444,520,NO,Norway,Норвегия,takeoff,,,,"{""free_flying:site"": ""takeoff""}",
node,5408077604,https://www.openstreetmap.org/node/5408077604,"Leirbotnvann, lavstarten, Alta",70.123611,23.572222,375,NO,Norway,Норвегия,takeoff,,,,"{""free_flying:site"": ""takeoff""}",
node,5408077605,https://www.openstreetmap.org/node/5408077605,"Kvalvikfjellet, Havøysund",70.981111,24.627778,380,NO,Norway,Норвегия,takeoff,,,,"{""free_flying:site"": ""takeoff""}",
node,5408077606,https://www.openstreetmap.org/node/5408077606,"Komsatoppen, Alta",69.984444,23.282500,212,NO,Norway,Норвегия,takeoff,,,,"{""free_flying:site"": ""takeoff""}",
node,5408077607,https://www.openstreetmap.org/node/5408077607,"Komagneset, Komagvær (Varangerfjorden, mellom Vadsø og Vardø)",70.210000,30.455000,70,NO,Norway,Норвегия,takeoff,,,,"{""free_flying:site"": ""takeoff""}",
node,5408077608,https://www.openstreetmap.org/node/5408077608,"Kollaren (Bergsfjord, Loppa)",70.240278,21.806667,600,NO,Norway,Норвегия,takeoff,,,,"{""free_flying:site"": ""takeoff""}",
node,5408077609,https://www.openstreetmap.org/node/5408077609,Kjæs,70.560556,25.849444,50,NO,Norway,Норвегия,takeoff,,,,"{""free_flying:site"": ""takeoff""}",
node,5408077610,https://www.openstreetmap.org/node/5408077610,Kistafjellet Russeluft Alta,70.037500,23.394444,250,NO,Norway,Норвегия,takeoff,,,,"{""free_flying:site"": ""takeoff""}",
node,5408077611,https://www.openstreetmap.org/node/5408077611,Kirkenes - Verigasfjellet,69.686667,30.052500,135,NO,Norway,Норвегия,takeoff,,,,"{""free_flying:site"": ""takeoff""}",
node,5408077612,https://www.openstreetmap.org/node/5408077612,Kirkenes - Kjerringstupet,69.717222,30.076667,80,NO,Norway,Норвегия,takeoff,,,,"{""free_flying:site"": ""takeoff""}",
node,5408077613,https://www.openstreetmap.org/node/5408077613,Kirkenes - Dagbruddet ved AS Syd-Varanger,69.720306,30.020806,110,NO,Norway,Норвегия,takeoff,,,,"{""free_flying:site"": ""takeoff""}",
node,5408077614,https://www.openstreetmap.org/node/5408077614,"Kautokeino flystripe, PPG start",69.040000,23.033611,360,NO,Norway,Норвегия,takeoff,,,,"{""free_flying:site"": ""takeoff""}",
node,5408077615,https://www.openstreetmap.org/node/5408077615,"Karasjok, Slalombakken",69.475833,25.488056,0,NO,Norway,Норвегия,takeoff,,,,"{""free_flying:site"": ""takeoff""}",
node,5408077616,https://www.openstreetmap.org/node/5408077616,Karasjok Idrettsplass PPG,69.470278,25.517778,146,NO,Norway,Норвегия,takeoff,,,,"{""free_flying:site"": ""takeoff""}",
node,5408077617,https://www.openstreetmap.org/node/5408077617,"Jamteberget, Varangerfjorden mellom Krampenes og Skallelv",70.121667,30.249444,50,NO,Norway,Норвегия,takeoff,,,,"{""free_flying:site"": ""takeoff""}",
node,5408077618,https://www.openstreetmap.org/node/5408077618,"Iskoras, Karasjok",69.295556,25.366667,620,NO,Norway,Норвегия,takeoff,,,,"{""free_flying:site"": ""takeoff""}",
node,5408077619,https://www.openstreetmap.org/node/5408077619,Idjajavri,69.628056,25.313056,275,NO,Norway,Норвегия,takeoff,,,,"{""free_flying:site"": ""takeoff""}",
node,5408077620,https://www.openstreetmap.org/node/5408077620,Høybukt Kirkenes Finnmark,69.739722,29.871667,100,NO,Norway,Норвегия,takeoff,,,,"{""free_flying:site"": ""takeoff""}",
node,5408078621,https://www.openstreetmap.org/node/5408078621,"Holmfjellet nord / Komagdalen (Komagvær, Varanger)",70.241389,30.353056,180,NO,Norway,Норвегия,takeoff,,,,"{""free_flying:site"": ""takeoff""}",
node,5408078622,https://www.openstreetmap.org/node/5408078622,Holmfjell/ Skallelv (Varanger),70.218333,30.304722,200,NO,Norway,Норвегия,takeoff,,,,"{""free_flying:site"": ""takeoff""}",
node,5408078623,https://www.openstreetmap.org/node/5408078623,"Holmfjell, Tana",70.317778,28.151667,205,NO,Norway,Норвегия,takeoff,,,,"{""free_flying:site"": ""takeoff""}",
node,5408078624,https://www.openstreetmap.org/node/5408078624,"Helligfjell,Toften,Alta",70.114444,22.930556,500,NO,Norway,Норвегия,takeoff,,,,"{""free_flying:site"": ""takeoff""}",
node,5408078625,https://www.openstreetmap.org/node/5408078625,"Hasvik, Navaren",70.497778,22.163889,360,NO,Norway,Норвегия,takeoff,,,,"{""free_flying:site"": ""takeoff""}",
node,5408078626,https://www.openstreetmap.org/node/5408078626,"Hasvik, Håen",70.476853,22.130789,150,NO,Norway,Норвегия,takeoff,,,,"{""free_flying:site"": ""takeoff""}",
node,5408078627,https://www.openstreetmap.org/node/5408078627,"Hammerfest, Tyven",70.640000,23.698611,418,NO,Norway,Норвегия,takeoff,,,,"{""free_flying:site"": ""takeoff""}",
node,5408078628,https://www.openstreetmap.org/node/5408078628,"Hammerfest, Storsvingen",70.654564,23.663056,90,NO,Norway,Норвегия,takeoff,,,,"{""free_flying:site"": ""takeoff""}",
node,5408078629,https://www.openstreetmap.org/node/5408078629,"Hammerfest, Breilia",70.665833,23.718611,130,NO,Norway,Норвегия,takeoff,,,,"{""free_flying:site"": ""takeoff""}",
node,5408078630,https://www.openstreetmap.org/node/5408078630,Hammerfest skytebane,70.674167,23.711389,180,NO,Norway,Норвегия,takeoff,,,,"{""free_flying:site"": ""takeoff""}",
node,5408078631,https://www.openstreetmap.org/node/5408078631,Halkavarre Målbu - PPG,69.927778,25.273333,310,NO,Norway,Норвегия,takeoff,,,,"{""free_flying:site"": ""takeoff""}",
node,5408078632,https://www.openstreetmap.org/node/5408078632,"Gurpmotvarri, Alta",69.901944,23.068611,460,NO,Norway,Норвегия,takeoff,,,,"{""free_flying:site"": ""takeoff""}",
node,5408078633,https://www.openstreetmap.org/node/5408078633,"Gullmundstind (Bergsfjord, Loppa)",70.266667,21.833333,947,NO,Norway,Норвегия,takeoff,,,,"{""free_flying:site"": ""takeoff""}",
node,5408078634,https://www.openstreetmap.org/node/5408078634,Grøtneset/Prestesalen i Hammerfest Kommune,70.563611,23.739167,320,NO,Norway,Норвегия,takeoff,,,,"{""free_flying:site"": ""takeoff""}",
node,5408078635,https://www.openstreetmap.org/node/5408078635,"Goalsenjunis, Levajok",69.828056,26.255278,392,NO,Norway,Норвегия,takeoff,,,,"{""free_flying:site"": ""takeoff""}",
node,5408078636,https://www.openstreetmap.org/node/5408078636,Gargialia,69.813056,23.506111,325,NO,Norway,Норвегия,takeoff,,,,"{""free_flying:site"": ""takeoff""}",
node,5408078637,https://www.openstreetmap.org/node/5408078637,"Dødningkløfta, Jotka, Alta",69.761389,24.026667,630,NO,Norway,Норвегия,takeoff,,,,"{""free_flying:site"": ""takeoff""}",
node,5408078638,https://www.openstreetmap.org/node/5408078638,"DuonnavÃ rri, Kviby",70.132778,23.389444,442,NO,Norway,Норвегия,takeoff,,,,"{""free_flying:site"": ""takeoff""}",
node,5408078639,https://www.openstreetmap.org/node/5408078639,"Domen, Varangerhalvøya (Vardø kommune)",70.336111,30.033611,150,NO,Norway,Норвегия,takeoff,,,,"{""free_flying:site"": ""takeoff""}",
node,5408078640,https://www.openstreetmap.org/node/5408078640,"Djupvikhauan, Kviby",70.108333,23.365556,100,NO,Norway,Норвегия,takeoff,,,,"{""free_flying:site"": ""takeoff""}",
node,5408078641,https://www.openstreetmap.org/node/5408078641,"Detsika, Alta",69.875000,23.333333,360,NO,Norway,Норвегия,takeoff,,,,"{""free_flying:site"": ""takeoff""}",
node,5408078642,https://www.openstreetmap.org/node/5408078642,Bøttafjellet - Falleberget ved SKAIDI,70.464628,24.464219,400,NO,Norway,Норвегия,takeoff,,,,"{""free_flying:site"": ""takeoff""}",
node,5408078643,https://www.openstreetmap.org/node/5408078643,Børselvfjellet,70.549722,26.123889,139,NO,Norway,Норвегия,takeoff,,,,"{""free_flying:site"": ""takeoff""}",
node,5408078644,https://www.openstreetmap.org/node/5408078644,"Båtsfjord, Spira",70.538333,30.631389,0,NO,Norway,Норвегия,takeoff,,,,"{""free_flying:site"": ""takeoff""}",
node,5408078645,https://www.openstreetmap.org/node/5408078645,"Båtdalen, Aisaroivi",70.289167,24.136667,400,NO,Norway,Норвегия,takeoff,,,,"{""free_flying:site"": ""takeoff""}",
node,5408078646,https://www.openstreetmap.org/node/5408078646,Brenna,70.528333,25.785833,25,NO,Norway,Норвегия,takeoff,,,,"{""free_flying:site"": ""takeoff""}",
node,5408078647,https://www.openstreetmap.org/node/5408078647,"Brannsletta, Nesseby (sørsida av Varangerfjorden)",70.008531,29.215803,70,NO,Norway,Норвегия,takeoff,,,,"{""free_flying:site"": ""takeoff""}",
node,5408078648,https://www.openstreetmap.org/node/5408078648,"Biggas, Alta",70.155556,23.743056,500,NO,Norway,Норвегия,takeoff,,,,"{""free_flying:site"": ""takeoff""}",
node,5408078649,https://www.openstreetmap.org/node/5408078649,Berlevåg - Storsteinbukta,70.814503,29.250733,170,NO,Norway,Норвегия,takeoff,,,,"{""free_flying:site"": ""takeoff""}",
node,5408078650,https://www.openstreetmap.org/node/5408078650,Beahkkirrassa på Nordkyn,70.614167,27.306389,300,NO,Norway,Норвегия,takeoff,,,,"{""free_flying:site"": ""takeoff""}",
node,5408078651,https://www.openstreetmap.org/node/5408078651,"Auskarnes, Alta",69.961944,23.138333,50,NO,Norway,Норвегия,takeoff,,,,"{""free_flying:site"": ""takeoff""}",
node,5408078652,https://www.openstreetmap.org/node/5408078652,Alta Nerskogen Østlyngen #1,69.973056,23.444722,10,NO,Norway,Норвегия,takeoff,,,,"{""free_flying:site"": ""takeoff""}",
node,5408078653,https://www.openstreetmap.org/node/5408078653,Alta Alpinsenter,70.041769,23.538681,260,NO,Norway,Норвегия,takeoff,,,,"{""free_flying:site"": ""takeoff""}",
node,5408078654,https://www.openstreetmap.org/node/5408078654,Alta - Rentecohkka,70.055833,23.566667,410,NO,Norway,Норвегия,takeoff,,,,"{""free_flying:site"": ""takeoff""}",
node,5408078655,https://www.openstreetmap.org/node/5408078655,Alta - Nussir,70.095833,23.534167,430,NO,Norway,Норвегия,takeoff,,,,"{""free_flying:site"": ""takeoff""}",
node,5408078656,https://www.openstreetmap.org/node/5408078656,Alta - Fedontunturi,69.923333,23.329444,210,NO,Norway,Норвегия,takeoff,,,,"{""free_flying:site"": ""takeoff""}",
node,5408078657,https://www.openstreetmap.org/node/5408078657,Alta - EahpÃ rasoaivi,69.699444,23.423889,502,NO,Norway,Норвегия,takeoff,,,,"{""free_flying:site"": ""takeoff""}",
node,5408078658,https://www.openstreetmap.org/node/5408078658,"Øvre Eiker, Vestbyvarden",59.857222,9.758889,650,NO,Norway,Норвегия,takeoff,,,,"{""free_flying:site"": ""takeoff""}",
node,5408078659,https://www.openstreetmap.org/node/5408078659,"Øvre Eiker, Ruud gård nær Krekling (M)",59.652819,9.728828,0,NO,Norway,Норвегия,takeoff,,,,"{""free_flying:site"": ""takeoff""}",
node,5408078660,https://www.openstreetmap.org/node/5408078660,"Øvre Eiker, Knivefjell",59.855556,9.935833,440,NO,Norway,Норвегия,takeoff,,,,"{""free_flying:site"": ""takeoff""}",
node,5408078661,https://www.openstreetmap.org/node/5408078661,åsgardan i gol,60.721444,8.985333,620,NO,Norway,Норвегия,takeoff,,,,"{""free_flying:site"": ""takeoff""}",
node,5408078662,https://www.openstreetmap.org/node/5408078662,Åsen Veggli,60.050833,9.115833,660,NO,Norway,Норвегия,takeoff,,,,"{""free_flying:site"": ""takeoff""}",
node,5408078663,https://www.openstreetmap.org/node/5408078663,Åsa - Utsikten,60.126389,10.395000,500,NO,Norway,Норвегия,takeoff,,,,"{""free_flying:site"": ""takeoff""}",
node,5408078664,https://www.openstreetmap.org/node/5408078664,"Årtun, landing for Fekjan",60.516667,9.163611,160,NO,Norway,Норвегия,takeoff,,,,"{""free_flying:site"": ""takeoff""}",
node,5408078665,https://www.openstreetmap.org/node/5408078665,"Ål, skianlegget",60.662222,8.520278,0,NO,Norway,Норвегия,takeoff,,,,"{""free_flying:site"": ""takeoff""}",
node,5408078667,https://www.openstreetmap.org/node/5408078667,"Vivelstad, Lier",59.775833,10.222222,113,NO,Norway,Норвегия,takeoff,,,,"{""free_flying:site"": ""takeoff""}",
node,5408078668,https://www.openstreetmap.org/node/5408078668,Vikersund hoppbakke,59.938494,10.006717,245,NO,Norway,Норвегия,takeoff,,,,"{""free_flying:site"": ""takeoff""}",
node,5408078669,https://www.openstreetmap.org/node/5408078669,Vikersund Alpinsenter,59.966944,10.039167,590,NO,Norway,Норвегия,takeoff,,,,"{""free_flying:site"": ""takeoff""}",
node,5408078670,https://www.openstreetmap.org/node/5408078670,Vikersund,59.938333,10.006111,240,NO,Norway,Норвегия,takeoff,,,,"{""free_flying:site"": ""takeoff""}",
node,5408078671,https://www.openstreetmap.org/node/5408078671,"Verket sandtak, Hurum",59.614722,10.431667,90,NO,Norway,Норвегия,takeoff,,,,"{""free_flying:site"": ""takeoff""}",
node,5408078672,https://www.openstreetmap.org/node/5408078672,Vegglifjell Skisenter (Tjønngrønuten),60.055833,8.988333,1190,NO,Norway,Норвегия,takeoff,,,,"{""free_flying:site"": ""takeoff""}",
node,5408078673,https://www.openstreetmap.org/node/5408078673,"Uvdal, Uvdal Alpin",60.281944,8.523056,1209,NO,Norway,Норвегия,takeoff,,,,"{""free_flying:site"": ""takeoff""}",
node,5408078674,https://www.openstreetmap.org/node/5408078674,"Uvdal, Tannberg",60.269444,8.635000,1130,NO,Norway,Норвегия,takeoff,,,,"{""free_flying:site"": ""takeoff""}",
node,5408078675,https://www.openstreetmap.org/node/5408078675,"Uvdal, Imingfjell",60.265833,8.563056,1250,NO,Norway,Норвегия,takeoff,,,,"{""free_flying:site"": ""takeoff""}",
node,5408078676,https://www.openstreetmap.org/node/5408078676,"Uvdal, Haugåsen",60.246417,8.785500,865,NO,Norway,Норвегия,takeoff,,,,"{""free_flying:site"": ""takeoff""}",
node,5408078677,https://www.openstreetmap.org/node/5408078677,"Uvdal, Grekkvar",60.269083,8.837139,710,NO,Norway,Норвегия,takeoff,,,,"{""free_flying:site"": ""takeoff""}",
node,5408078678,https://www.openstreetmap.org/node/5408078678,"Uvdal, Gavlen v/Sønstevann",60.183056,8.577222,1350,NO,Norway,Норвегия,takeoff,,,,"{""free_flying:site"": ""takeoff""}",
node,5408078679,https://www.openstreetmap.org/node/5408078679,Uvdal - Gauksettnatten,60.279167,8.716667,1115,NO,Norway,Норвегия,takeoff,,,,"{""free_flying:site"": ""takeoff""}",
node,5408078680,https://www.openstreetmap.org/node/5408078680,"Utsikten skiløype, Sudndalen",60.654167,8.056389,1066,NO,Norway,Норвегия,takeoff,,,,"{""free_flying:site"": ""takeoff""}",
node,5408078681,https://www.openstreetmap.org/node/5408078681,Usteberget(Geilo),60.476944,8.048889,1200,NO,Norway,Норвегия,takeoff,,,,"{""free_flying:site"": ""takeoff""}",
node,5408078682,https://www.openstreetmap.org/node/5408078682,Urundberget- Geilo,60.533611,8.129167,0,NO,Norway,Норвегия,takeoff,,,,"{""free_flying:site"": ""takeoff""}",
node,5408078683,https://www.openstreetmap.org/node/5408078683,Urdvassnuten,60.733333,7.707500,1753,NO,Norway,Норвегия,takeoff,,,,"{""free_flying:site"": ""takeoff""}",
node,5408078684,https://www.openstreetmap.org/node/5408078684,Tveitåsen-2 Veggli,60.055278,9.104722,680,NO,Norway,Норвегия,takeoff,,,,"{""free_flying:site"": ""takeoff""}",
node,5408078685,https://www.openstreetmap.org/node/5408078685,"Tveitåsen, Veggli",60.043333,9.115000,750,NO,Norway,Норвегия,takeoff,,,,"{""free_flying:site"": ""takeoff""}",
node,5408078686,https://www.openstreetmap.org/node/5408078686,"Tempelseter, Nordnatten, Eggedal",60.271667,9.401944,1030,NO,Norway,Норвегия,takeoff,,,,"{""free_flying:site"": ""takeoff""}",
node,5408078687,https://www.openstreetmap.org/node/5408078687,Tannberg i Uvdal,60.270556,8.611111,1200,NO,Norway,Норвегия,takeoff,,,,"{""free_flying:site"": ""takeoff""}",
node,5408078688,https://www.openstreetmap.org/node/5408078688,Sørenden av Blåberget,60.728056,7.850000,1540,NO,Norway,Норвегия,takeoff,,,,"{""free_flying:site"": ""takeoff""}",
node,5408078690,https://www.openstreetmap.org/node/5408078690,Sundvollen,60.053889,10.322500,390,NO,Norway,Норвегия,takeoff,,,,"{""free_flying:site"": ""takeoff""}",
node,5408078691,https://www.openstreetmap.org/node/5408078691,"Stuv, Hovet (Hol)",60.631111,8.158056,860,NO,Norway,Норвегия,takeoff,,,,"{""free_flying:site"": ""takeoff""}",
node,5408078692,https://www.openstreetmap.org/node/5408078692,"Storsteinsfjell, Lier",59.806944,10.175833,520,NO,Norway,Норвегия,takeoff,,,,"{""free_flying:site"": ""takeoff""}",
node,5408078693,https://www.openstreetmap.org/node/5408078693,Stornatten,60.305833,8.932778,1189,NO,Norway,Норвегия,takeoff,,,,"{""free_flying:site"": ""takeoff""}",
node,5408078694,https://www.openstreetmap.org/node/5408078694,Spiraltoppen,59.752500,10.200833,220,NO,Norway,Норвегия,takeoff,,,,"{""free_flying:site"": ""takeoff""}",
node,5408078695,https://www.openstreetmap.org/node/5408078695,Smylinatten Eidsfjell,60.090556,9.007500,1120,NO,Norway,Норвегия,takeoff,,,,"{""free_flying:site"": ""takeoff""}",
node,5408078696,https://www.openstreetmap.org/node/5408078696,"Slettenøse, Hemsedal",60.913611,8.411944,1320,NO,Norway,Норвегия,takeoff,,,,"{""free_flying:site"": ""takeoff""}",
node,5408078697,https://www.openstreetmap.org/node/5408078697,"Skåråliåsen, Eggedal",60.269167,9.315833,1033,NO,Norway,Норвегия,takeoff,,,,"{""free_flying:site"": ""takeoff""}",
node,5408078698,https://www.openstreetmap.org/node/5408078698,"Skurvefjell, Hemsedal",60.888056,8.603611,1741,NO,Norway,Норвегия,takeoff,,,,"{""free_flying:site"": ""takeoff""}",
node,5408078699,https://www.openstreetmap.org/node/5408078699,"Skibrek gård, Bingsveien Modum",59.753056,10.028889,80,NO,Norway,Норвегия,takeoff,,,,"{""free_flying:site"": ""takeoff""}",
node,5408078700,https://www.openstreetmap.org/node/5408078700,Skavlemsetra Veggli,60.064167,9.093889,740,NO,Norway,Норвегия,takeoff,,,,"{""free_flying:site"": ""takeoff""}",
node,5408078701,https://www.openstreetmap.org/node/5408078701,Skavlem - Veggli,60.075278,9.103056,0,NO,Norway,Норвегия,takeoff,,,,"{""free_flying:site"": ""takeoff""}",
node,5408078702,https://www.openstreetmap.org/node/5408078702,Skagsåsen,60.102639,9.080972,0,NO,Norway,Норвегия,takeoff,,,,"{""free_flying:site"": ""takeoff""}",
node,5408078703,https://www.openstreetmap.org/node/5408078703,"Sigdal, Eggedal",60.265000,9.314444,780,NO,Norway,Норвегия,takeoff,,,,"{""free_flying:site"": ""takeoff""}",
node,5408078704,https://www.openstreetmap.org/node/5408078704,Selteveien v/Sundvollen,60.097778,10.278056,70,NO,Norway,Норвегия,takeoff,,,,"{""free_flying:site"": ""takeoff""}",
node,5408078705,https://www.openstreetmap.org/node/5408078705,"Røyken, Slemmestad skolebakke",59.779444,10.481111,60,NO,Norway,Норвегия,takeoff,,,,"{""free_flying:site"": ""takeoff""}",
node,5408078706,https://www.openstreetmap.org/node/5408078706,"Rødberg,Lykkjeåsen",60.268056,8.992500,860,NO,Norway,Норвегия,takeoff,,,,"{""free_flying:site"": ""takeoff""}",
node,5408078707,https://www.openstreetmap.org/node/5408078707,"Rødberg, Skarvestølen",60.257222,9.028333,780,NO,Norway,Норвегия,takeoff,,,,"{""free_flying:site"": ""takeoff""}",
node,5408078708,https://www.openstreetmap.org/node/5408078708,Ryghåsen-NØ starten,59.740000,10.058889,345,NO,Norway,Норвегия,takeoff,,,,"{""free_flying:site"": ""takeoff""}",
node,5408078709,https://www.openstreetmap.org/node/5408078709,"Ryghåsen, NV-starten",59.737778,10.047222,335,NO,Norway,Норвегия,takeoff,,,,"{""free_flying:site"": ""takeoff""}",
node,5408078710,https://www.openstreetmap.org/node/5408078710,"Ryghåsen, Nordstarten",59.741944,10.057222,312,NO,Norway,Норвегия,takeoff,,,,"{""free_flying:site"": ""takeoff""}",
node,5408078711,https://www.openstreetmap.org/node/5408078711,"Rudtoppen, Hovet",60.633611,8.183611,1040,NO,Norway,Норвегия,takeoff,,,,"{""free_flying:site"": ""takeoff""}",
node,5408078712,https://www.openstreetmap.org/node/5408078712,Ringerudkollen,60.388889,10.030556,720,NO,Norway,Норвегия,takeoff,,,,"{""free_flying:site"": ""takeoff""}",
node,5408078713,https://www.openstreetmap.org/node/5408078713,Ringerike - Åsatangen (OTP),60.124444,10.353889,87,NO,Norway,Норвегия,takeoff,,,,"{""free_flying:site"": ""takeoff""}",
node,5408078714,https://www.openstreetmap.org/node/5408078714,"Ranten, Eggedal",60.301667,9.417778,1390,NO,Norway,Норвегия,takeoff,,,,"{""free_flying:site"": ""takeoff""}",
node,5408078715,https://www.openstreetmap.org/node/5408078715,Prestegård-tveita Uvdal,60.260000,8.832500,540,NO,Norway,Норвегия,takeoff,,,,"{""free_flying:site"": ""takeoff""}",
node,5408078716,https://www.openstreetmap.org/node/5408078716,PG-BERGET,60.711111,9.011667,0,NO,Norway,Норвегия,takeoff,,,,"{""free_flying:site"": ""takeoff""}",
node,5408078717,https://www.openstreetmap.org/node/5408078717,"Opsahlåsen - Tuftafjellet , Lier.",59.850833,10.282222,0,NO,Norway,Норвегия,takeoff,,,,"{""free_flying:site"": ""takeoff""}",
node,5408078718,https://www.openstreetmap.org/node/5408078718,"Olhovd, Sigdal",60.028333,9.616389,545,NO,Norway,Норвегия,takeoff,,,,"{""free_flying:site"": ""takeoff""}",
node,5408078719,https://www.openstreetmap.org/node/5408078719,"Norefjell, Høgvarde",60.297222,9.467500,1459,NO,Norway,Норвегия,takeoff,,,,"{""free_flying:site"": ""takeoff""}",
node,5408078720,https://www.openstreetmap.org/node/5408078720,"Norefjell, Bøsæter",60.235556,9.535000,1040,NO,Norway,Норвегия,takeoff,,,,"{""free_flying:site"": ""takeoff""}",
node,5408079021,https://www.openstreetmap.org/node/5408079021,Norefjell,60.221111,9.573611,0,NO,Norway,Норвегия,takeoff,,,,"{""free_flying:site"": ""takeoff""}",
node,5408079022,https://www.openstreetmap.org/node/5408079022,"Nilstad Gård Tuv,Hemsedal",60.873333,8.495278,640,NO,Norway,Норвегия,takeoff,,,,"{""free_flying:site"": ""takeoff""}",
node,5408079023,https://www.openstreetmap.org/node/5408079023,Nesbyen Alpinsenter,60.530278,9.052222,1087,NO,Norway,Норвегия,takeoff,,,,"{""free_flying:site"": ""takeoff""}",
node,5408079024,https://www.openstreetmap.org/node/5408079024,"Utsikten, Nesbyen",60.576248,9.145348,0,NO,Norway,Норвегия,takeoff,,,,"{""free_flying:site"": ""takeoff""}",
node,5408079025,https://www.openstreetmap.org/node/5408079025,"Nes, Fekjan (Påverud)",60.517778,9.141111,710,NO,Norway,Норвегия,takeoff,,,,"{""free_flying:site"": ""takeoff""}",
node,5408079026,https://www.openstreetmap.org/node/5408079026,Mansætra,60.560278,9.680556,1080,NO,Norway,Норвегия,takeoff,,,,"{""free_flying:site"": ""takeoff""}",
node,5408079027,https://www.openstreetmap.org/node/5408079027,Loråsen ved Steinsfjorden,60.105556,10.306944,120,NO,Norway,Норвегия,takeoff,,,,"{""free_flying:site"": ""takeoff""}",
node,5408079028,https://www.openstreetmap.org/node/5408079028,"Lier, Åslandjordet",59.786389,10.220000,120,NO,Norway,Норвегия,takeoff,,,,"{""free_flying:site"": ""takeoff""}",
node,5408079029,https://www.openstreetmap.org/node/5408079029,"Lier Mikro, Sylling",59.883611,10.280556,126,NO,Norway,Норвегия,takeoff,,,,"{""free_flying:site"": ""takeoff""}",
node,5408079030,https://www.openstreetmap.org/node/5408079030,"Liagardene, Ål",60.667222,8.618611,925,NO,Norway,Норвегия,takeoff,,,,"{""free_flying:site"": ""takeoff""}",
node,5408079031,https://www.openstreetmap.org/node/5408079031,"Liabergstølen (Sisseldalen), Hovet (Hol)",60.631111,8.127500,860,NO,Norway,Норвегия,takeoff,,,,"{""free_flying:site"": ""takeoff""}",
node,5408079032,https://www.openstreetmap.org/node/5408079032,Leinenøse,60.905845,8.538742,1675,NO,Norway,Норвегия,takeoff,,,,"{""free_flying:site"": ""takeoff""}",
node,5408079033,https://www.openstreetmap.org/node/5408079033,Landfalløya,59.750000,10.168333,6,NO,Norway,Норвегия,takeoff,,,,"{""free_flying:site"": ""takeoff""}",
node,5408079034,https://www.openstreetmap.org/node/5408079034,"Landemosletta PPG, Skollenborg",59.606667,9.730556,70,NO,Norway,Норвегия,takeoff,,,,"{""free_flying:site"": ""takeoff""}",
node,5408079035,https://www.openstreetmap.org/node/5408079035,"Kongsberg, Jonsknuten",59.670833,9.521944,904,NO,Norway,Норвегия,takeoff,,,,"{""free_flying:site"": ""takeoff""}",
node,5408079036,https://www.openstreetmap.org/node/5408079036,"Kongsberg, Jondalen - SØ start",59.713056,9.534444,560,NO,Norway,Норвегия,takeoff,,,,"{""free_flying:site"": ""takeoff""}",
node,5408079037,https://www.openstreetmap.org/node/5408079037,"Kongsberg, Jondalen",59.713889,9.528056,454,NO,Norway,Норвегия,takeoff,,,,"{""free_flying:site"": ""takeoff""}",
node,5408079038,https://www.openstreetmap.org/node/5408079038,Barbrokollen,59.679444,9.616667,358,NO,Norway,Норвегия,takeoff,,,,"{""free_flying:site"": ""takeoff""}",
node,5408079039,https://www.openstreetmap.org/node/5408079039,Klanten flyplass,60.790000,9.058333,0,NO,Norway,Норвегия,takeoff,,,,"{""free_flying:site"": ""takeoff""}",
node,5408079040,https://www.openstreetmap.org/node/5408079040,Kalveskallen - Hol,60.646944,8.203611,1230,NO,Norway,Норвегия,takeoff,,,,"{""free_flying:site"": ""takeoff""}",
node,5408079041,https://www.openstreetmap.org/node/5408079041,Jordet til Otto. Tofte. Hurum,59.563111,10.573944,0,NO,Norway,Норвегия,takeoff,,,,"{""free_flying:site"": ""takeoff""}",
node,5408079042,https://www.openstreetmap.org/node/5408079042,"Imrestind vest, Hemsedal",60.867972,8.578306,1040,NO,Norway,Норвегия,takeoff,,,,"{""free_flying:site"": ""takeoff""}",
node,5408079043,https://www.openstreetmap.org/node/5408079043,Hydnefossen,60.801389,8.628056,1150,NO,Norway,Норвегия,takeoff,,,,"{""free_flying:site"": ""takeoff""}",
node,5408079044,https://www.openstreetmap.org/node/5408079044,"Hvittingfoss, Kongsberg, Næss-skauen, Ramsvart",59.607222,9.813333,410,NO,Norway,Норвегия,takeoff,,,,"{""free_flying:site"": ""takeoff""}",
node,5408079045,https://www.openstreetmap.org/node/5408079045,"Hvittingfoss, Grøtterud",59.504811,9.998068,425,NO,Norway,Норвегия,takeoff,,,,"{""free_flying:site"": ""takeoff""}",
node,5408079046,https://www.openstreetmap.org/node/5408079046,Hvittingfoss Rudskollen,59.493611,9.818333,590,NO,Norway,Норвегия,takeoff,,,,"{""free_flying:site"": ""takeoff""}",
node,5408079047,https://www.openstreetmap.org/node/5408079047,"Hvittingfoss og Kongsberg, Bjerknes",59.590556,9.831667,464,NO,Norway,Норвегия,takeoff,,,,"{""free_flying:site"": ""takeoff""}",
node,5408079048,https://www.openstreetmap.org/node/5408079048,Hvittingfoss Lindum,59.545278,9.768611,460,NO,Norway,Норвегия,takeoff,,,,"{""free_flying:site"": ""takeoff""}",
node,5408079049,https://www.openstreetmap.org/node/5408079049,Hvittingfoss Kulen på Grøtterudlandingen,59.496389,9.994167,100,NO,Norway,Норвегия,takeoff,,,,"{""free_flying:site"": ""takeoff""}",
node,5408079050,https://www.openstreetmap.org/node/5408079050,Hvittingfoss Hajeren,59.509444,9.970278,450,NO,Norway,Норвегия,takeoff,,,,"{""free_flying:site"": ""takeoff""}",
node,5408079051,https://www.openstreetmap.org/node/5408079051,Hvittingfoss Føskekollen,59.481389,9.939167,410,NO,Norway,Норвегия,takeoff,,,,"{""free_flying:site"": ""takeoff""}",
node,5408079052,https://www.openstreetmap.org/node/5408079052,Hvittingfoss Brudeberget,59.494722,9.824444,560,NO,Norway,Норвегия,takeoff,,,,"{""free_flying:site"": ""takeoff""}",
node,5408079053,https://www.openstreetmap.org/node/5408079053,Hvittingfoss - Bergerbakken,59.501111,10.002500,0,NO,Norway,Норвегия,takeoff,,,,"{""free_flying:site"": ""takeoff""}",
node,5408079054,https://www.openstreetmap.org/node/5408079054,"Hovdebøfjell, Hostvedt, Kongsberg kommune.",59.577778,9.748611,543,NO,Norway,Норвегия,takeoff,,,,"{""free_flying:site"": ""takeoff""}",
node,5408079055,https://www.openstreetmap.org/node/5408079055,Holsåsen,60.631389,8.310278,1120,NO,Norway,Норвегия,takeoff,,,,"{""free_flying:site"": ""takeoff""}",
node,5408079056,https://www.openstreetmap.org/node/5408079056,"Holmevassnatten, Eggedal",60.295833,9.336944,1258,NO,Norway,Норвегия,takeoff,,,,"{""free_flying:site"": ""takeoff""}",
node,5408079057,https://www.openstreetmap.org/node/5408079057,Hole - Nedre Steinsåsen (OTP),60.093056,10.296667,64,NO,Norway,Норвегия,takeoff,,,,"{""free_flying:site"": ""takeoff""}",
node,5408079058,https://www.openstreetmap.org/node/5408079058,"Hol, Rui",60.605000,8.346389,750,NO,Norway,Норвегия,takeoff,,,,"{""free_flying:site"": ""takeoff""}",
node,5408079059,https://www.openstreetmap.org/node/5408079059,"Hemsedal, Totten 1",60.850000,8.513889,1100,NO,Norway,Норвегия,takeoff,,,,"{""free_flying:site"": ""takeoff""}",
node,5408079060,https://www.openstreetmap.org/node/5408079060,"Hemsedal, Totten (2)",60.838333,8.535556,1497,NO,Norway,Норвегия,takeoff,,,,"{""free_flying:site"": ""takeoff""}",
node,5408079061,https://www.openstreetmap.org/node/5408079061,"Hemsedal, Tinden",60.834722,8.495556,1340,NO,Norway,Норвегия,takeoff,,,,"{""free_flying:site"": ""takeoff""}",
node,5408079062,https://www.openstreetmap.org/node/5408079062,"Hemsedal, Svarthetta, Veststarten",60.970000,8.298611,1450,NO,Norway,Норвегия,takeoff,,,,"{""free_flying:site"": ""takeoff""}",
node,5408079063,https://www.openstreetmap.org/node/5408079063,"Hemsedal, Svarthetta, Preinsrudtind, sørvestryggen",60.960833,8.298056,1215,NO,Norway,Норвегия,takeoff,,,,"{""free_flying:site"": ""takeoff""}",
node,5408079064,https://www.openstreetmap.org/node/5408079064,"Hemsedal, Slettind",60.968889,8.183889,1592,NO,Norway,Норвегия,takeoff,,,,"{""free_flying:site"": ""takeoff""}",
node,5408079065,https://www.openstreetmap.org/node/5408079065,"Hemsedal, Skogshorn",60.880000,8.693056,1728,NO,Norway,Норвегия,takeoff,,,,"{""free_flying:site"": ""takeoff""}",
node,5408079066,https://www.openstreetmap.org/node/5408079066,"Hemsedal, Skisenter, Fjellheisen",60.844167,8.504167,1270,NO,Norway,Норвегия,takeoff,,,,"{""free_flying:site"": ""takeoff""}",
node,5408079067,https://www.openstreetmap.org/node/5408079067,"Hemsedal, Roniheisen",60.859167,8.471389,1250,NO,Norway,Норвегия,takeoff,,,,"{""free_flying:site"": ""takeoff""}",
node,5408079068,https://www.openstreetmap.org/node/5408079068,"Hemsedal, Reineskarvet (danskehenget)",60.761111,8.307222,1560,NO,Norway,Норвегия,takeoff,,,,"{""free_flying:site"": ""takeoff""}",
node,5408079069,https://www.openstreetmap.org/node/5408079069,"Hemsedal, Holdeskaret, mast",60.847778,8.461111,1200,NO,Norway,Норвегия,takeoff,,,,"{""free_flying:site"": ""takeoff""}",
node,5408079070,https://www.openstreetmap.org/node/5408079070,Hemsedal - Dugurdshovda,60.805000,8.405833,1330,NO,Norway,Норвегия,takeoff,,,,"{""free_flying:site"": ""takeoff""}",
node,5408079071,https://www.openstreetmap.org/node/5408079071,"Hallingskarvet, Prestholt",60.555556,8.064444,0,NO,Norway,Норвегия,takeoff,,,,"{""free_flying:site"": ""takeoff""}",
node,5408079072,https://www.openstreetmap.org/node/5408079072,Hallingskarvet Skisenter,60.638056,8.009722,1150,NO,Norway,Норвегия,takeoff,,,,"{""free_flying:site"": ""takeoff""}",
node,5408079074,https://www.openstreetmap.org/node/5408079074,Gurostølfjellet,60.655556,7.934444,1300,NO,Norway,Норвегия,takeoff,,,,"{""free_flying:site"": ""takeoff""}",
node,5408079075,https://www.openstreetmap.org/node/5408079075,"Gol, Skisenteret",60.709444,8.886667,0,NO,Norway,Норвегия,takeoff,,,,"{""free_flying:site"": ""takeoff""}",
node,5408079076,https://www.openstreetmap.org/node/5408079076,"Gol, Flatagrov",60.694722,8.840556,820,NO,Norway,Норвегия,takeoff,,,,"{""free_flying:site"": ""takeoff""}",
node,5408079077,https://www.openstreetmap.org/node/5408079077,Geilotoppen(Geilo),60.539722,8.194167,1063,NO,Norway,Норвегия,takeoff,,,,"{""free_flying:site"": ""takeoff""}",
node,5408079078,https://www.openstreetmap.org/node/5408079078,"Geilo, Vestlia (skisenteret)",60.516667,8.197778,1068,NO,Norway,Норвегия,takeoff,,,,"{""free_flying:site"": ""takeoff""}",
node,5408079079,https://www.openstreetmap.org/node/5408079079,"Funkelia, Kongsberg",59.657500,9.599167,0,NO,Norway,Норвегия,takeoff,,,,"{""free_flying:site"": ""takeoff""}",
node,5408079080,https://www.openstreetmap.org/node/5408079080,Fosseberget - Grøndalen - Hemsedal,60.979167,8.315833,0,NO,Norway,Норвегия,takeoff,,,,"{""free_flying:site"": ""takeoff""}",
node,5408079081,https://www.openstreetmap.org/node/5408079081,Flå,60.455833,9.415556,650,NO,Norway,Норвегия,takeoff,,,,"{""free_flying:site"": ""takeoff""}",
node,5408079082,https://www.openstreetmap.org/node/5408079082,"Flesberg, Blåberg",59.856667,9.361944,550,NO,Norway,Норвегия,takeoff,,,,"{""free_flying:site"": ""takeoff""}",
node,5408079083,https://www.openstreetmap.org/node/5408079083,Flesberg Juvnesveien,59.876111,9.340833,500,NO,Norway,Норвегия,takeoff,,,,"{""free_flying:site"": ""takeoff""}",
node,5408079084,https://www.openstreetmap.org/node/5408079084,"Firer tippen,Sangefjell",60.560278,8.407500,930,NO,Norway,Норвегия,takeoff,,,,"{""free_flying:site"": ""takeoff""}",
node,5408079085,https://www.openstreetmap.org/node/5408079085,Fetjan - Rollag,60.011389,9.268056,190,NO,Norway,Норвегия,takeoff,,,,"{""free_flying:site"": ""takeoff""}",
node,5408079086,https://www.openstreetmap.org/node/5408079086,"Fagerfjell skitrekk,Blefjell, Flesberg",59.830833,9.311667,758,NO,Norway,Норвегия,takeoff,,,,"{""free_flying:site"": ""takeoff""}",
node,5408079087,https://www.openstreetmap.org/node/5408079087,"Einsetnuten, Strandavatn, Hol Komune",60.677500,7.940556,1245,NO,Norway,Норвегия,takeoff,,,,"{""free_flying:site"": ""takeoff""}",
node,5408079088,https://www.openstreetmap.org/node/5408079088,Eggemoen flyplass Hønefoss,60.214822,10.319139,200,NO,Norway,Норвегия,takeoff,,,,"{""free_flying:site"": ""takeoff""}",
node,5408079089,https://www.openstreetmap.org/node/5408079089,"Eggekollen, Lier.",59.826389,10.189722,460,NO,Norway,Норвегия,takeoff,,,,"{""free_flying:site"": ""takeoff""}",
node,5408079090,https://www.openstreetmap.org/node/5408079090,"Egersand havn OTP, Drammensfjorden",59.732778,10.300278,1,NO,Norway,Норвегия,takeoff,,,,"{""free_flying:site"": ""takeoff""}",
node,5408079091,https://www.openstreetmap.org/node/5408079091,"Drøgitn, Tuv, Hemsedal",60.888056,8.486111,950,NO,Norway,Норвегия,takeoff,,,,"{""free_flying:site"": ""takeoff""}",
node,5408079092,https://www.openstreetmap.org/node/5408079092,"Drammen, Solumstrand OTP",59.708611,10.273611,2,NO,Norway,Норвегия,takeoff,,,,"{""free_flying:site"": ""takeoff""}",
node,5408079093,https://www.openstreetmap.org/node/5408079093,"Drammen, Solbergåsen, nedre PG-start ved antenne",59.771667,10.055000,225,NO,Norway,Норвегия,takeoff,,,,"{""free_flying:site"": ""takeoff""}",
node,5408079094,https://www.openstreetmap.org/node/5408079094,"Drammen, Solbergåsen",59.769444,10.050000,401,NO,Norway,Норвегия,takeoff,,,,"{""free_flying:site"": ""takeoff""}",
node,5408079095,https://www.openstreetmap.org/node/5408079095,"Drammen, Lindum",59.686111,10.281944,286,NO,Norway,Норвегия,takeoff,,,,"{""free_flying:site"": ""takeoff""}",
node,5408079096,https://www.openstreetmap.org/node/5408079096,"Dagali, Seterdalen, Gvonnestulberget",60.407222,8.293333,1220,NO,Norway,Норвегия,takeoff,,,,"{""free_flying:site"": ""takeoff""}",
node,5408079097,https://www.openstreetmap.org/node/5408079097,Bukollen,60.432500,9.804167,1100,NO,Norway,Норвегия,takeoff,,,,"{""free_flying:site"": ""takeoff""}",
node,5408079098,https://www.openstreetmap.org/node/5408079098,Bufjellnatten,60.001944,9.358611,860,NO,Norway,Норвегия,takeoff,,,,"{""free_flying:site"": ""takeoff""}",
node,5408079099,https://www.openstreetmap.org/node/5408079099,"Brakerøya, Drammen OTP",59.742222,10.243056,3,NO,Norway,Норвегия,takeoff,,,,"{""free_flying:site"": ""takeoff""}",
node,5408079100,https://www.openstreetmap.org/node/5408079100,"Borofjell, Sigdal",60.091111,9.387778,820,NO,Norway,Норвегия,takeoff,,,,"{""free_flying:site"": ""takeoff""}",
node,5408079101,https://www.openstreetmap.org/node/5408079101,"Blåberget, Strandavatn",60.732500,7.784722,1600,NO,Norway,Норвегия,takeoff,,,,"{""free_flying:site"": ""takeoff""}",
node,5408079102,https://www.openstreetmap.org/node/5408079102,"Askeladden, Hurum, Klokkarstua / Holmsbu",59.579444,10.446944,235,NO,Norway,Норвегия,takeoff,,,,"{""free_flying:site"": ""takeoff""}",
node,5408079103,https://www.openstreetmap.org/node/5408079103,"Øyestad Gård, Rykene",58.408889,8.646111,49,NO,Norway,Норвегия,takeoff,,,,"{""free_flying:site"": ""takeoff""}",
node,5408079104,https://www.openstreetmap.org/node/5408079104,"Årdalsknaben, Byglandsfjord",58.673056,7.835278,700,NO,Norway,Норвегия,takeoff,,,,"{""free_flying:site"": ""takeoff""}",
node,5408079105,https://www.openstreetmap.org/node/5408079105,Åraksbø,58.914167,7.747222,425,NO,Norway,Норвегия,takeoff,,,,"{""free_flying:site"": ""takeoff""}",
node,5408079106,https://www.openstreetmap.org/node/5408079106,Åmli Gangseifjellet,58.812778,8.498333,470,NO,Norway,Норвегия,takeoff,,,,"{""free_flying:site"": ""takeoff""}",
node,5408079107,https://www.openstreetmap.org/node/5408079107,"Vestre Øyestad Gård, Rykene",58.409167,8.633056,55,NO,Norway,Норвегия,takeoff,,,,"{""free_flying:site"": ""takeoff""}",
node,5408079108,https://www.openstreetmap.org/node/5408079108,"Vestre Bråten Grimsland, Risør (PPG)",58.684167,9.100000,45,NO,Norway,Норвегия,takeoff,,,,"{""free_flying:site"": ""takeoff""}",
node,5408079109,https://www.openstreetmap.org/node/5408079109,"Valle veststart, Setesdalen",59.206667,7.558333,650,NO,Norway,Норвегия,takeoff,,,,"{""free_flying:site"": ""takeoff""}",
node,5408079110,https://www.openstreetmap.org/node/5408079110,Valle Tveitebø heieveg,59.244167,7.591667,1082,NO,Norway,Норвегия,takeoff,,,,"{""free_flying:site"": ""takeoff""}",
node,5408079111,https://www.openstreetmap.org/node/5408079111,"Trydal, Gjerstad (PPG)",58.897222,8.960556,90,NO,Norway,Норвегия,takeoff,,,,"{""free_flying:site"": ""takeoff""}",
node,5408079113,https://www.openstreetmap.org/node/5408079113,"Trogefjell, Åmli",58.774722,8.471389,400,NO,Norway,Норвегия,takeoff,,,,"{""free_flying:site"": ""takeoff""}",
node,5408079114,https://www.openstreetmap.org/node/5408079114,"Tovdal, Storliheia",58.814444,8.182222,600,NO,Norway,Норвегия,takeoff,,,,"{""free_flying:site"": ""takeoff""}",
node,5408079115,https://www.openstreetmap.org/node/5408079115,Tidligere Moe mikroflystripe -vegårshei,58.841250,8.882250,210,NO,Norway,Норвегия,takeoff,,,,"{""free_flying:site"": ""takeoff""}",
node,5408079116,https://www.openstreetmap.org/node/5408079116,Reddal vest,58.331389,8.450556,8,NO,Norway,Норвегия,takeoff,,,,"{""free_flying:site"": ""takeoff""}",
node,5408079118,https://www.openstreetmap.org/node/5408079118,Nygrenda Grimstad (PPG),58.347778,8.367500,188,NO,Norway,Норвегия,takeoff,,,,"{""free_flying:site"": ""takeoff""}",
node,5408079119,https://www.openstreetmap.org/node/5408079119,"Morkheia - Holmen Gård, Gjerstad",58.903056,8.948056,325,NO,Norway,Норвегия,takeoff,,,,"{""free_flying:site"": ""takeoff""}",
node,5408079120,https://www.openstreetmap.org/node/5408079120,Molland i Grimstad,58.318056,8.546667,0,NO,Norway,Норвегия,takeoff,,,,"{""free_flying:site"": ""takeoff""}",
node,5408079421,https://www.openstreetmap.org/node/5408079421,Melås i Gjerstad,58.884444,8.997222,280,NO,Norway,Норвегия,takeoff,,,,"{""free_flying:site"": ""takeoff""}",
node,5408079422,https://www.openstreetmap.org/node/5408079422,"Lauvåsvollen, Grimstad (PPG)",58.328056,8.563333,28,NO,Norway,Норвегия,takeoff,,,,"{""free_flying:site"": ""takeoff""}",
node,5408079423,https://www.openstreetmap.org/node/5408079423,"Kongsfjell, Gjerstad",58.908889,8.976389,310,NO,Norway,Норвегия,takeoff,,,,"{""free_flying:site"": ""takeoff""}",
node,5408079424,https://www.openstreetmap.org/node/5408079424,Kleivåsen ved Smedland,58.947861,8.211778,520,NO,Norway,Норвегия,takeoff,,,,"{""free_flying:site"": ""takeoff""}",
node,5408079425,https://www.openstreetmap.org/node/5408079425,Hovden i Sætesdalen,59.579972,7.331250,1200,NO,Norway,Норвегия,takeoff,,,,"{""free_flying:site"": ""takeoff""}",
node,5408079426,https://www.openstreetmap.org/node/5408079426,homborsund airpark,58.276667,8.508889,20,NO,Norway,Норвегия,takeoff,,,,"{""free_flying:site"": ""takeoff""}",
node,5408079427,https://www.openstreetmap.org/node/5408079427,"Havstad ,Grimstad (PPG)",58.331389,8.506389,15,NO,Norway,Норвегия,takeoff,,,,"{""free_flying:site"": ""takeoff""}",
node,5408079428,https://www.openstreetmap.org/node/5408079428,Gullknapp (Arendal) oppslep,58.515278,8.699444,120,NO,Norway,Норвегия,takeoff,,,,"{""free_flying:site"": ""takeoff""}",
node,5408079429,https://www.openstreetmap.org/node/5408079429,"Froland, Risdal, Vore",58.679167,8.125833,550,NO,Norway,Норвегия,takeoff,,,,"{""free_flying:site"": ""takeoff""}",
node,5408079430,https://www.openstreetmap.org/node/5408079430,"Fennefoss, Evje",58.586944,7.778889,419,NO,Norway,Норвегия,takeoff,,,,"{""free_flying:site"": ""takeoff""}",
node,5408079431,https://www.openstreetmap.org/node/5408079431,Einerfjell Reddal - Grimstad,58.350000,8.450000,210,NO,Norway,Норвегия,takeoff,,,,"{""free_flying:site"": ""takeoff""}",
node,5408079432,https://www.openstreetmap.org/node/5408079432,Dalsletta Airport Fiane,58.804330,9.077490,82,NO,Norway,Норвегия,takeoff,,,,"{""free_flying:site"": ""takeoff""}",
node,5408079433,https://www.openstreetmap.org/node/5408079433,Bygland Museum (OTP) rett ved Brygga og Glashytta.,58.828056,7.795000,206,NO,Norway,Норвегия,takeoff,,,,"{""free_flying:site"": ""takeoff""}",
node,5408079434,https://www.openstreetmap.org/node/5408079434,Bjorbekk PPG-start,58.440194,8.700806,30,NO,Norway,Норвегия,takeoff,,,,"{""free_flying:site"": ""takeoff""}",
node,5408079435,https://www.openstreetmap.org/node/5408079435,berdalsbru-hovden,59.466111,7.393611,710,NO,Norway,Норвегия,takeoff,,,,"{""free_flying:site"": ""takeoff""}",
node,5408079436,https://www.openstreetmap.org/node/5408079436,"Økern Gård, Nær frogn kirke",59.702778,10.716944,97,NO,Norway,Норвегия,takeoff,,,,"{""free_flying:site"": ""takeoff""}",
node,5408079437,https://www.openstreetmap.org/node/5408079437,Varingskollen skisenter,60.093889,10.836111,500,NO,Norway,Норвегия,takeoff,,,,"{""free_flying:site"": ""takeoff""}",
node,5408079438,https://www.openstreetmap.org/node/5408079438,Søndre Skjælholme,59.853056,10.728611,8,NO,Norway,Норвегия,takeoff,,,,"{""free_flying:site"": ""takeoff""}",
node,5408079439,https://www.openstreetmap.org/node/5408079439,"Sutterhol PPG - Kroer, Ås",59.633056,10.845556,68,NO,Norway,Норвегия,takeoff,,,,"{""free_flying:site"": ""takeoff""}",
node,5408079441,https://www.openstreetmap.org/node/5408079441,Ski P-PPG,59.693056,10.788611,100,NO,Norway,Норвегия,takeoff,,,,"{""free_flying:site"": ""takeoff""}",
node,5408079442,https://www.openstreetmap.org/node/5408079442,Skaugumsåsen,59.865000,10.444722,349,NO,Norway,Норвегия,takeoff,,,,"{""free_flying:site"": ""takeoff""}",
node,5408079443,https://www.openstreetmap.org/node/5408079443,scootertow-lillestrøm ikke bruk denne.,59.968889,11.086667,100,NO,Norway,Норвегия,takeoff,,,,"{""free_flying:site"": ""takeoff""}",
node,5408079444,https://www.openstreetmap.org/node/5408079444,"Pukstad gård, Ås",59.691500,10.786567,90,NO,Norway,Норвегия,takeoff,,,,"{""free_flying:site"": ""takeoff""}",
node,5408079445,https://www.openstreetmap.org/node/5408079445,Oppaker i Nes Komune,60.173750,11.520139,130,NO,Norway,Норвегия,takeoff,,,,"{""free_flying:site"": ""takeoff""}",
node,5408079448,https://www.openstreetmap.org/node/5408079448,Marikollen,59.920067,11.051417,350,NO,Norway,Норвегия,takeoff,,,,"{""free_flying:site"": ""takeoff""}",
node,5408079449,https://www.openstreetmap.org/node/5408079449,"Marienlyst V/Myrer Branstasjon, 2080 Eidsvoll",60.326694,11.225806,180,NO,Norway,Норвегия,takeoff,,,,"{""free_flying:site"": ""takeoff""}",
node,5408079450,https://www.openstreetmap.org/node/5408079450,Lørenfallet ppg,60.004030,11.203451,0,NO,Norway,Норвегия,takeoff,,,,"{""free_flying:site"": ""takeoff""}",
node,5408079451,https://www.openstreetmap.org/node/5408079451,Lahaugmoen - skolebakke-Gjelleråsen,59.985278,10.958333,0,NO,Norway,Норвегия,takeoff,,,,"{""free_flying:site"": ""takeoff""}",
node,5408079452,https://www.openstreetmap.org/node/5408079452,Kverne,59.730000,10.852778,148,NO,Norway,Норвегия,takeoff,,,,"{""free_flying:site"": ""takeoff""}",
node,5408079453,https://www.openstreetmap.org/node/5408079453,"Kroer Mellom PPG - Kroer, Ås",59.642222,10.861667,106,NO,Norway,Норвегия,takeoff,,,,"{""free_flying:site"": ""takeoff""}",
node,5408079454,https://www.openstreetmap.org/node/5408079454,"Kolsåstoppen, Bærum",59.917778,10.515833,350,NO,Norway,Норвегия,takeoff,,,,"{""free_flying:site"": ""takeoff""}",
node,5408079455,https://www.openstreetmap.org/node/5408079455,Kløfta Mikroflyklubb,60.075750,11.225389,0,NO,Norway,Норвегия,takeoff,,,,"{""free_flying:site"": ""takeoff""}",
node,5408079456,https://www.openstreetmap.org/node/5408079456,Kjeller - skolebakke,59.976944,11.038333,0,NO,Norway,Норвегия,takeoff,,,,"{""free_flying:site"": ""takeoff""}",
node,5408079457,https://www.openstreetmap.org/node/5408079457,Jødalsmåsan ved Nordkisa,60.174111,11.313889,0,NO,Norway,Норвегия,takeoff,,,,"{""free_flying:site"": ""takeoff""}",
node,5408079458,https://www.openstreetmap.org/node/5408079458,John Holmes Airport Neshøgda,59.729008,10.915072,160,NO,Norway,Норвегия,takeoff,,,,"{""free_flying:site"": ""takeoff""}",
node,5408079459,https://www.openstreetmap.org/node/5408079459,"Hvalstrand Skolebakke, Asker",59.846944,10.482500,30,NO,Norway,Норвегия,takeoff,,,,"{""free_flying:site"": ""takeoff""}",
node,5408079460,https://www.openstreetmap.org/node/5408079460,Hurdal alpinsenter,60.462222,11.075833,450,NO,Norway,Норвегия,takeoff,,,,"{""free_flying:site"": ""takeoff""}",
node,5408079461,https://www.openstreetmap.org/node/5408079461,Hoel/Hemnes,59.743333,11.433889,150,NO,Norway,Норвегия,takeoff,,,,"{""free_flying:site"": ""takeoff""}",
node,5408079462,https://www.openstreetmap.org/node/5408079462,Hemnes-Kløv,59.692183,11.394544,240,NO,Norway,Норвегия,takeoff,,,,"{""free_flying:site"": ""takeoff""}",
node,5408079463,https://www.openstreetmap.org/node/5408079463,Hellerudsletta Hellerudgård,59.979722,10.977778,0,NO,Norway,Норвегия,takeoff,,,,"{""free_flying:site"": ""takeoff""}",
node,5408079464,https://www.openstreetmap.org/node/5408079464,Heggedal/Hallenskog 2,59.764167,10.418333,120,NO,Norway,Норвегия,takeoff,,,,"{""free_flying:site"": ""takeoff""}",
node,5408079465,https://www.openstreetmap.org/node/5408079465,Heggedal/Hallenskog 1,59.767778,10.418056,103,NO,Norway,Норвегия,takeoff,,,,"{""free_flying:site"": ""takeoff""}",
node,5408079466,https://www.openstreetmap.org/node/5408079466,"Hedum, Lierfoss, Aurskog-Høland Kommune",59.951111,11.540833,180,NO,Norway,Норвегия,takeoff,,,,"{""free_flying:site"": ""takeoff""}",
node,5408079467,https://www.openstreetmap.org/node/5408079467,Hakadal,60.135000,10.827222,183,NO,Norway,Норвегия,takeoff,,,,"{""free_flying:site"": ""takeoff""}",
node,5408079468,https://www.openstreetmap.org/node/5408079468,Frogner Vest PPG - Kråkstad,59.691389,10.859167,120,NO,Norway,Норвегия,takeoff,,,,"{""free_flying:site"": ""takeoff""}",
node,5408079469,https://www.openstreetmap.org/node/5408079469,Fet-Hunes,59.765722,11.248472,140,NO,Norway,Норвегия,takeoff,,,,"{""free_flying:site"": ""takeoff""}",
node,5408079470,https://www.openstreetmap.org/node/5408079470,ExpoRama,59.983056,10.971944,133,NO,Norway,Норвегия,takeoff,,,,"{""free_flying:site"": ""takeoff""}",
node,5408079471,https://www.openstreetmap.org/node/5408079471,"Bærum, Steinsåsen",59.944444,10.524722,291,NO,Norway,Норвегия,takeoff,,,,"{""free_flying:site"": ""takeoff""}",
node,5408079472,https://www.openstreetmap.org/node/5408079472,"Bærum, Solfjellstua",59.939444,10.463056,314,NO,Norway,Норвегия,takeoff,,,,"{""free_flying:site"": ""takeoff""}",
node,5408079473,https://www.openstreetmap.org/node/5408079473,"Bærum, Ramsåsen",59.907778,10.428333,410,NO,Norway,Норвегия,takeoff,,,,"{""free_flying:site"": ""takeoff""}",
node,5408079474,https://www.openstreetmap.org/node/5408079474,"Bærum, Krydsbyløypa",59.951667,10.473056,287,NO,Norway,Норвегия,takeoff,,,,"{""free_flying:site"": ""takeoff""}",
node,5408079475,https://www.openstreetmap.org/node/5408079475,"Bærum, Kolsåsbakken",59.931944,10.521111,345,NO,Norway,Норвегия,takeoff,,,,"{""free_flying:site"": ""takeoff""}",
node,5408079476,https://www.openstreetmap.org/node/5408079476,"Bærum, Kirkerudbakken",59.901389,10.478889,160,NO,Norway,Норвегия,takeoff,,,,"{""free_flying:site"": ""takeoff""}",
node,5408079477,https://www.openstreetmap.org/node/5408079477,"Bærum, Haugskollen",59.946944,10.471111,365,NO,Norway,Норвегия,takeoff,,,,"{""free_flying:site"": ""takeoff""}",
node,5408079478,https://www.openstreetmap.org/node/5408079478,Bussgarasjen Nittedal,60.027500,10.906111,120,NO,Norway,Норвегия,takeoff,,,,"{""free_flying:site"": ""takeoff""}",
node,5408079479,https://www.openstreetmap.org/node/5408079479,Berg gård / Kjeller ved Lillestrøm,59.978889,11.051389,0,NO,Norway,Норвегия,takeoff,,,,"{""free_flying:site"": ""takeoff""}",
node,5408079480,https://www.openstreetmap.org/node/5408079480,Aurskog Høland Bøen Mikroflyplass og PHG start,59.719167,11.559167,110,NO,Norway,Норвегия,takeoff,,,,"{""free_flying:site"": ""takeoff""}",
node,5408079481,https://www.openstreetmap.org/node/5408079481,"Asker, Vardåsen",59.808112,10.417679,300,NO,Norway,Норвегия,takeoff,,,,"{""free_flying:site"": ""takeoff""}",
node,5408079482,https://www.openstreetmap.org/node/5408079482,"Asker, Holmenskjæret (OTP)",59.854167,10.494444,1,NO,Norway,Норвегия,takeoff,,,,"{""free_flying:site"": ""takeoff""}",
node,5408079483,https://www.openstreetmap.org/node/5408079483,"Asker - Kråkholmen, Blakstadbukta (OTP)",59.822778,10.491944,1,NO,Norway,Норвегия,takeoff,,,,"{""free_flying:site"": ""takeoff""}",
node,5408079484,https://www.openstreetmap.org/node/5408079484,Akershus EnergiPark - Lillestrøm - PPG,59.972845,11.074511,110,NO,Norway,Норвегия,takeoff,,,,"{""free_flying:site"": ""takeoff""}",
node,5437380452,https://www.openstreetmap.org/node/5437380452,Somdoss,46.331363,10.022374,,CH,Switzerland,Швейцария,takeoff,,,"SE,S","{""free_flying:official"": ""no"", ""free_flying:site"": ""takeoff"", ""free_flying:site_orientation"": ""SE,S""}",
node,5437390555,https://www.openstreetmap.org/node/5437390555,Varuna,46.349185,10.037249,,CH,Switzerland,Швейцария,takeoff,,,SE,"{""free_flying:official"": ""no"", ""free_flying:site"": ""takeoff"", ""free_flying:site_orientation"": ""SE""}",
node,5469493712,https://www.openstreetmap.org/node/5469493712,,39.472543,20.455759,580,GR,Greece,Греция,takeoff,,,,"{""free_flying:site"": ""takeoff""}",
node,5476202397,https://www.openstreetmap.org/node/5476202397,,39.458424,20.548034,830,GR,Greece,Греция,takeoff,,,,"{""free_flying:site"": ""takeoff""}",
node,5590746748,https://www.openstreetmap.org/node/5590746748,Décollage du Sommet,47.822500,6.846110,,FR,France (land mass),Франция,takeoff,,,,"{""free_flying:site"": ""takeoff""}",
node,5590746749,https://www.openstreetmap.org/node/5590746749,Station du Ballon d'Alsace,47.814706,6.842889,,FR,France (land mass),Франция,takeoff,,,,"{""free_flying:site"": ""takeoff""}",
node,5590746750,https://www.openstreetmap.org/node/5590746750,Décollage Bérézina,47.815578,6.842912,,FR,France (land mass),Франция,takeoff,,,,"{""free_flying:site"": ""takeoff""}",
node,5592664174,https://www.openstreetmap.org/node/5592664174,Siklóernyős starthely Kopasz-domb,47.349562,18.299824,333,HU,Hungary,Венгрия,takeoff,,,,"{""free_flying:site"": ""takeoff""}",
node,5631682219,https://www.openstreetmap.org/node/5631682219,Startplatz Niederhorn Gleitschirm,46.711499,7.778751,,CH,Switzerland,Швейцария,takeoff,,,S,"{""free_flying:official"": ""yes"", ""free_flying:site"": ""takeoff"", ""free_flying:site_orientation"": ""S""}",
node,5632912121,https://www.openstreetmap.org/node/5632912121,Exanthia Startplatz Paragliding,38.758115,20.616609,,GR,Greece,Греция,takeoff,,,,"{""free_flying:site"": ""takeoff""}",
node,5668833361,https://www.openstreetmap.org/node/5668833361,Despegue Casapueblo,-34.909735,-55.044838,,UY,Uruguay,Уругвай,takeoff,,,W,"{""free_flying:official"": ""no"", ""free_flying:site"": ""takeoff"", ""free_flying:site_orientation"": ""W""}",
node,5668833363,https://www.openstreetmap.org/node/5668833363,Despegue La Floresta,-34.761404,-55.685364,,UY,Uruguay,Уругвай,takeoff,,,S,"{""free_flying:official"": ""no"", ""free_flying:site"": ""takeoff"", ""free_flying:site_orientation"": ""S""}",
node,5668833602,https://www.openstreetmap.org/node/5668833602,Despegue Cerro Negro,-34.663568,-55.065000,,UY,Uruguay,Уругвай,takeoff,,,SE,"{""free_flying:official"": ""no"", ""free_flying:site"": ""takeoff"", ""free_flying:site_orientation"": ""SE""}",
node,5744422305,https://www.openstreetmap.org/node/5744422305,,39.706517,-9.049596,,PT,Portugal,Португалия,takeoff,,,,"{""free_flying:site"": ""takeoff""}",
node,5778495739,https://www.openstreetmap.org/node/5778495739,,44.493419,6.276341,,FR,France (land mass),Франция,takeoff,,,,"{""free_flying:site"": ""takeoff""}",
node,5782161296,https://www.openstreetmap.org/node/5782161296,,44.208009,3.203170,,FR,France (land mass),Франция,takeoff,,,,"{""free_flying:official"": ""no"", ""free_flying:site"": ""takeoff""}",
node,5821313496,https://www.openstreetmap.org/node/5821313496,Allmenalp,46.494507,7.650420,,CH,Switzerland,Швейцария,takeoff,,,,"{""free_flying:official"": ""yes"", ""free_flying:site"": ""takeoff""}",
node,5834275533,https://www.openstreetmap.org/node/5834275533,,42.687226,24.749913,,BG,Bulgaria,Болгария,takeoff,,,,"{""free_flying:site"": ""takeoff""}",
node,5885032527,https://www.openstreetmap.org/node/5885032527,,50.112892,5.010178,,BE,Belgium,Бельгия,takeoff,,,,"{""free_flying:official"": ""yes"", ""free_flying:site"": ""takeoff""}",
node,5964676196,https://www.openstreetmap.org/node/5964676196,,47.665221,11.795424,,DE,Germany,Германия,takeoff,,,,"{""free_flying:site"": ""takeoff""}",
node,5964676197,https://www.openstreetmap.org/node/5964676197,,47.665408,11.795327,,DE,Germany,Германия,takeoff,,,,"{""free_flying:site"": ""takeoff""}",
node,6083468300,https://www.openstreetmap.org/node/6083468300,Free Flight Take Off SE,-33.742337,151.312863,,AU,Australia,Австралия,takeoff,,,SE,"{""free_flying:site"": ""takeoff"", ""free_flying:site_orientation"": ""SE""}",
node,6138602640,https://www.openstreetmap.org/node/6138602640,Windenschlepp-Startplatz Süd 36,51.989467,12.984531,,DE,Germany,Германия,takeoff;landing,,,,"{""free_flying:site"": ""takeoff;landing""}",
node,6157462178,https://www.openstreetmap.org/node/6157462178,Vzletišče Srednji vrh - Matajur,46.208920,13.565558,1320,SI,Slovenia,Словения,,,,NE-E,"{""free_flying:takeoff"": ""yes""}",
node,6157462180,https://www.openstreetmap.org/node/6157462180,Vzletišče Dobrča,46.371543,14.262291,1230,SI,Slovenia,Словения,,,,E-SW,"{""free_flying:takeoff"": ""yes""}",
node,6157462182,https://www.openstreetmap.org/node/6157462182,Kriška gora,46.351589,14.332520,1470,SI,Slovenia,Словения,,,,SE-SW,"{""free_flying:takeoff"": ""yes""}",
node,6157462183,https://www.openstreetmap.org/node/6157462183,Zabreška planina,46.419102,14.163470,,SI,Slovenia,Словения,takeoff,,,,"{""free_flying:site"": ""takeoff""}",
node,6157462184,https://www.openstreetmap.org/node/6157462184,"Ambrož, zgornja poseka",46.281834,14.524822,1320,SI,Slovenia,Словения,,,,S-W,"{""free_flying:takeoff"": ""yes""}",
node,6157463717,https://www.openstreetmap.org/node/6157463717,Mariborsko Pohorje,46.516300,15.580000,,SI,Slovenia,Словения,takeoff,,,,"{""free_flying:site"": ""takeoff""}",
node,6157463718,https://www.openstreetmap.org/node/6157463718,Krvavec,46.296230,14.529190,,SI,Slovenia,Словения,takeoff,,,,"{""free_flying:site"": ""takeoff""}",
node,6172785201,https://www.openstreetmap.org/node/6172785201,Choralpe Nord,47.421357,12.245251,,AT,Austria,Австрия,takeoff,,,,"{""free_flying:site"": ""takeoff""}",
node,6172785202,https://www.openstreetmap.org/node/6172785202,Choralpe Ost,47.421131,12.245562,,AT,Austria,Австрия,takeoff,,,,"{""free_flying:site"": ""takeoff""}",
node,6183459678,https://www.openstreetmap.org/node/6183459678,Startplatz Hasenmatt,47.241586,7.449604,,CH,Switzerland,Швейцария,takeoff,,,,"{""free_flying:site"": ""takeoff""}",
node,6211112932,https://www.openstreetmap.org/node/6211112932,,44.993402,8.488119,,IT,Italy,Италия,takeoff,,,,"{""free_flying:site"": ""takeoff""}",
node,6211737573,https://www.openstreetmap.org/node/6211737573,,9.647082,-84.614548,,CR,Costa Rica,Коста-Рика,takeoff,,,,"{""free_flying:site"": ""takeoff""}",
node,6211768452,https://www.openstreetmap.org/node/6211768452,Jaco new takeoff,9.614579,-84.601413,,CR,Costa Rica,Коста-Рика,takeoff,,,,"{""free_flying:site"": ""takeoff""}",
node,6225460241,https://www.openstreetmap.org/node/6225460241,Blackhawk,34.343145,-116.819014,,US,United States,Соединённые Штаты Америки,takeoff,,,,"{""free_flying:site"": ""takeoff""}",
node,6258115678,https://www.openstreetmap.org/node/6258115678,Decollo Monte Rosselli (spalla),45.172165,7.461853,,IT,Italy,Италия,takeoff,,,,"{""free_flying:site"": ""takeoff""}",
node,6357356140,https://www.openstreetmap.org/node/6357356140,,39.202482,20.947917,335,GR,Greece,Греция,takeoff,,,,"{""free_flying:site"": ""takeoff""}",
node,6390317704,https://www.openstreetmap.org/node/6390317704,Fluggebiet Rorschacherberg,47.453541,9.501667,,CH,Switzerland,Швейцария,takeoff,,,,"{""free_flying:site"": ""takeoff""}",
node,6431085974,https://www.openstreetmap.org/node/6431085974,Takeoff Seronne,41.848769,13.090038,890,IT,Italy,Италия,takeoff,,,S,"{""free_flying:official"": ""yes"", ""free_flying:site"": ""takeoff"", ""free_flying:site_orientation"": ""S""}",
node,6431515130,https://www.openstreetmap.org/node/6431515130,,47.228143,9.739559,,AT,Austria,Австрия,takeoff,,,,"{""free_flying:site"": ""takeoff""}",
node,6438976933,https://www.openstreetmap.org/node/6438976933,Décollage du Pyla,44.578412,-1.221699,,FR,France (land mass),Франция,takeoff,,,,"{""free_flying:site"": ""takeoff""}",
node,6579500785,https://www.openstreetmap.org/node/6579500785,Парастарт - Рыжая скала,45.103214,34.547784,,RU,Russia,Россия,takeoff,,,,"{""free_flying:site"": ""takeoff""}",
node,6579513185,https://www.openstreetmap.org/node/6579513185,Парапланерный старт Радиогорка,44.637340,33.525923,,RU,Russia,Россия,takeoff,,,,"{""free_flying:site"": ""takeoff""}",
node,6583845329,https://www.openstreetmap.org/node/6583845329,Startowisko Śnieżnica,49.716640,20.177542,,PL,Poland,Польша,takeoff,,,,"{""free_flying:site"": ""takeoff""}",
node,6760965426,https://www.openstreetmap.org/node/6760965426,Khao Dan,13.034216,99.799034,,TH,Thailand,Таиланд,takeoff,,,,"{""free_flying:official"": ""yes"", ""free_flying:site"": ""takeoff""}",
node,6768811985,https://www.openstreetmap.org/node/6768811985,Ozben - vzletišče,46.249595,13.604092,750,SI,Slovenia,Словения,,,,SW,"{""free_flying:takeoff"": ""yes""}",
node,6816313714,https://www.openstreetmap.org/node/6816313714,egykori Sárkányos starthely (Galyatető),47.901452,19.959358,,HU,Hungary,Венгрия,takeoff,,,,"{""free_flying:site"": ""takeoff""}",
node,6841731924,https://www.openstreetmap.org/node/6841731924,"Voss, Hangur, sør-start ( Hanguren )",60.639167,6.403333,660,NO,Norway,Норвегия,takeoff,,,,"{""free_flying:site"": ""takeoff""}",
node,6841731925,https://www.openstreetmap.org/node/6841731925,Haglebunatten,60.330556,9.157222,1260,NO,Norway,Норвегия,takeoff,,,,"{""free_flying:site"": ""takeoff""}",
node,6855769632,https://www.openstreetmap.org/node/6855769632,Startowisko Ciecień,49.772451,20.141199,,PL,Poland,Польша,takeoff,,,,"{""free_flying:site"": ""takeoff""}",
node,6859789894,https://www.openstreetmap.org/node/6859789894,,45.438759,7.647135,1400,IT,Italy,Италия,takeoff,,,,"{""free_flying:site"": ""takeoff""}",
node,7015963064,https://www.openstreetmap.org/node/7015963064,पुरानो प्याराग्लाइडिङ टेकऑफ,28.259485,83.934303,,NP,Nepal,Непал,takeoff,,,,"{""free_flying:site"": ""takeoff""}",
node,7254949949,https://www.openstreetmap.org/node/7254949949,Walenmatt,47.284894,7.486105,,CH,Switzerland,Швейцария,takeoff,,,NW,"{""free_flying:site"": ""takeoff"", ""free_flying:site_orientation"": ""NW""}",
node,7290244518,https://www.openstreetmap.org/node/7290244518,Paragliding Takeoff,16.708799,-92.904499,,MX,Mexico,Мексика,takeoff,,,,"{""free_flying:site"": ""takeoff""}",
node,7290271344,https://www.openstreetmap.org/node/7290271344,Fortin Paragliding Takeoff,18.869692,-97.003585,,MX,Mexico,Мексика,takeoff,,,,"{""free_flying:site"": ""takeoff""}",
node,7434533328,https://www.openstreetmap.org/node/7434533328,,45.801997,6.583867,,FR,France (land mass),Франция,takeoff,,,,"{""free_flying:site"": ""takeoff""}",
node,7442312747,https://www.openstreetmap.org/node/7442312747,Zaplata takeoff,46.328099,14.441329,1290,SI,Slovenia,Словения,,,,SE-SW,"{""free_flying:takeoff"": ""yes""}",
node,7442312751,https://www.openstreetmap.org/node/7442312751,Potoška gora takeoff,46.312199,14.454584,1150,SI,Slovenia,Словения,,,,SE-SW,"{""free_flying:site_orientation"": ""SE-SW"", ""free_flying:takeoff"": ""yes""}",
node,7463910485,https://www.openstreetmap.org/node/7463910485,Парапланерный старт - АйПетри,44.465310,34.063298,1200,RU,Russia,Россия,takeoff,,,SSE,"{""free_flying:site"": ""takeoff"", ""free_flying:site_orientation"": ""SSE""}",
node,7476597525,https://www.openstreetmap.org/node/7476597525,,45.062211,14.078410,293,HR,Croatia,Хорватия,takeoff,,,,"{""free_flying:site"": ""takeoff""}",
node,7488203327,https://www.openstreetmap.org/node/7488203327,Barnicoat,-41.343141,173.253476,604,NZ,New Zealand,Новая Зеландия,takeoff,,,,"{""free_flying:site"": ""takeoff""}",
node,7495606401,https://www.openstreetmap.org/node/7495606401,Startplatz Pfullingen Wanne,48.446131,9.227485,,DE,Germany,Германия,takeoff,,,N;NE,"{""free_flying:site"": ""takeoff"", ""free_flying:site_orientation"": ""N;NE""}",
node,7500986661,https://www.openstreetmap.org/node/7500986661,,43.090331,2.978159,,FR,France (land mass),Франция,takeoff,,,SE,"{""free_flying:official"": ""no"", ""free_flying:site"": ""takeoff"", ""free_flying:site_orientation"": ""SE""}",
node,7558955161,https://www.openstreetmap.org/node/7558955161,,44.325780,3.004727,,FR,France (land mass),Франция,takeoff,,,,"{""free_flying:site"": ""takeoff""}",
node,7576481228,https://www.openstreetmap.org/node/7576481228,Ord,34.401237,-117.184042,,US,United States,Соединённые Штаты Америки,takeoff,,,,"{""free_flying:site"": ""takeoff""}",
node,7576486106,https://www.openstreetmap.org/node/7576486106,Gobblers Knob,34.313604,-117.595010,2115,US,United States,Соединённые Штаты Америки,takeoff,,,,"{""free_flying:site"": ""takeoff""}",
node,7650205097,https://www.openstreetmap.org/node/7650205097,,47.228486,15.762238,,AT,Austria,Австрия,takeoff,,,,"{""free_flying:site"": ""takeoff""}",
node,7659631329,https://www.openstreetmap.org/node/7659631329,HSV Hängegleiter Kapfenberg/Aflenz,47.570990,15.288535,,AT,Austria,Австрия,takeoff,,,,"{""free_flying:site"": ""takeoff""}",
node,7733730229,https://www.openstreetmap.org/node/7733730229,,47.169016,11.797258,,AT,Austria,Австрия,takeoff,,,,"{""free_flying:site"": ""takeoff""}",
node,7842561669,https://www.openstreetmap.org/node/7842561669,Plan des Gorges,45.377688,6.300158,,FR,France (land mass),Франция,takeoff,,,,"{""free_flying:site"": ""takeoff""}",
node,7918860882,https://www.openstreetmap.org/node/7918860882,,-17.639569,-149.582718,550,FR,France (land mass),Франция,takeoff,,,,"{""free_flying:site"": ""takeoff""}",
node,7934073580,https://www.openstreetmap.org/node/7934073580,,46.273132,6.770523,,FR,France (land mass),Франция,takeoff,,,,"{""free_flying:site"": ""takeoff""}",
node,7963777964,https://www.openstreetmap.org/node/7963777964,,43.007413,0.918924,,FR,France (land mass),Франция,takeoff,,,,"{""free_flying:site"": ""takeoff""}",
node,8035241566,https://www.openstreetmap.org/node/8035241566,GS Startplatz 1 Somtgant,46.588676,9.551273,,CH,Switzerland,Швейцария,takeoff,,,,"{""free_flying:site"": ""takeoff""}",
node,8035241567,https://www.openstreetmap.org/node/8035241567,GS Startplatz 2 Somtgant,46.587254,9.549575,,CH,Switzerland,Швейцария,takeoff,,,,"{""free_flying:site"": ""takeoff""}",
node,8074528123,https://www.openstreetmap.org/node/8074528123,,42.207963,1.300018,,ES,Spain,Испания,takeoff,,,,"{""free_flying:site"": ""takeoff""}",
node,8088991538,https://www.openstreetmap.org/node/8088991538,,46.184015,13.332764,,IT,Italy,Италия,takeoff,,,,"{""free_flying:site"": ""takeoff""}",
node,8191711344,https://www.openstreetmap.org/node/8191711344,Mount 7 launch site 2,51.257501,-116.861541,,CA,Canada,Канада,takeoff,,,,"{""free_flying:site"": ""takeoff""}",
node,8260216302,https://www.openstreetmap.org/node/8260216302,,28.360827,-16.794414,,ES,Spain,Испания,takeoff,,,,"{""free_flying:site"": ""takeoff""}",
node,8307027708,https://www.openstreetmap.org/node/8307027708,Negrești,47.869203,23.484213,,RO,Romania,Румыния,takeoff,,,SW,"{""free_flying:site"": ""takeoff"", ""free_flying:site_orientation"": ""SW""}",
node,8313170292,https://www.openstreetmap.org/node/8313170292,Site de vol libre,44.610570,4.253679,,FR,France (land mass),Франция,takeoff,,,,"{""free_flying:site"": ""takeoff""}",
node,8313170293,https://www.openstreetmap.org/node/8313170293,Site de vol libre Serre en Don,44.872225,4.397853,,FR,France (land mass),Франция,takeoff,,,,"{""free_flying:site"": ""takeoff""}",
node,8313170296,https://www.openstreetmap.org/node/8313170296,Site de vol libre Mont d'Alambre,44.917314,4.154223,,FR,France (land mass),Франция,takeoff,,,,"{""free_flying:site"": ""takeoff""}",
node,8313170297,https://www.openstreetmap.org/node/8313170297,Site de vol libre,44.397054,4.082954,,FR,France (land mass),Франция,takeoff,,,,"{""free_flying:site"": ""takeoff""}",
node,8313170298,https://www.openstreetmap.org/node/8313170298,Site de Vol Libre de Grand Tony,45.248151,4.536896,,FR,France (land mass),Франция,takeoff,,,,"{""free_flying:site"": ""takeoff""}",
node,8313170300,https://www.openstreetmap.org/node/8313170300,Site de vol libre Chatelet,45.266525,4.783119,,FR,France (land mass),Франция,takeoff,,,,"{""free_flying:site"": ""takeoff""}",
node,8313170301,https://www.openstreetmap.org/node/8313170301,Site de vol libre,44.610942,4.124298,,FR,France (land mass),Франция,takeoff,,,,"{""free_flying:site"": ""takeoff""}",
node,8313170302,https://www.openstreetmap.org/node/8313170302,Site de vol libre Chabanet,44.712251,4.603534,,FR,France (land mass),Франция,takeoff,,,,"{""free_flying:site"": ""takeoff""}",
node,8321819520,https://www.openstreetmap.org/node/8321819520,Arco da Calheta,32.708340,-17.141470,423,PT,Portugal,Португалия,takeoff,,,,"{""free_flying:site"": ""takeoff""}",
node,8330922901,https://www.openstreetmap.org/node/8330922901,,49.792393,7.740405,,DE,Germany,Германия,takeoff,,,,"{""free_flying:site"": ""takeoff""}",
node,8381077024,https://www.openstreetmap.org/node/8381077024,Drachenfliegerrampe,50.149064,7.226505,,DE,Germany,Германия,takeoff,,,,"{""free_flying:site"": ""takeoff""}",
node,8498037277,https://www.openstreetmap.org/node/8498037277,,48.640799,8.171105,,DE,Germany,Германия,takeoff,,,,"{""free_flying:site"": ""takeoff""}",
node,8601706208,https://www.openstreetmap.org/node/8601706208,Kampenwand Take-off,47.753688,12.352400,,DE,Germany,Германия,takeoff,,,,"{""free_flying:orientation"": ""W,NW"", ""free_flying:site"": ""takeoff""}",
node,8645243000,https://www.openstreetmap.org/node/8645243000,Schneckenkopf (Gleitschirm) NW,47.770401,7.907927,,DE,Germany,Германия,takeoff,,,270-320,"{""free_flying:site"": ""takeoff""}",
node,8645286871,https://www.openstreetmap.org/node/8645286871,Ehrsberg,47.750755,7.905983,,DE,Germany,Германия,takeoff,,,270-60,"{""free_flying:site"": ""takeoff""}",
node,8656230048,https://www.openstreetmap.org/node/8656230048,,49.234281,13.491871,,CZ,Czechia,Чехия,takeoff,,,,"{""free_flying:site"": ""takeoff""}",
node,8672566108,https://www.openstreetmap.org/node/8672566108,Décollage Parves-et-Nattages,45.739288,5.728035,,FR,France (land mass),Франция,takeoff,,,,"{""free_flying:site"": ""takeoff""}",
node,8690104261,https://www.openstreetmap.org/node/8690104261,Nefeli,40.231017,22.250487,,GR,Greece,Греция,takeoff,,,,"{""free_flying:site"": ""takeoff""}",
node,8703091795,https://www.openstreetmap.org/node/8703091795,,28.580619,-17.868980,,ES,Spain,Испания,takeoff,,,,"{""free_flying:site"": ""takeoff""}",
node,8722761517,https://www.openstreetmap.org/node/8722761517,Πεδίο Απογείωσης Παραπέντε,39.732705,20.730484,,GR,Greece,Греция,takeoff,,,,"{""free_flying:site"": ""takeoff""}",
node,8816473818,https://www.openstreetmap.org/node/8816473818,,44.547960,6.415880,,FR,France (land mass),Франция,takeoff,,,,"{""free_flying:site"": ""takeoff""}",
node,8915652778,https://www.openstreetmap.org/node/8915652778,"SpeedFly (Рыжая, верхний старт)",55.944379,92.862122,,RU,Russia,Россия,takeoff,,no,S;SW,"{""free_flying:paragliding"": ""no"", ""free_flying:site"": ""takeoff"", ""free_flying:site_orientation"": ""S;SW"", ""free_flying:speedflying"": ""yes""}",
node,8921633873,https://www.openstreetmap.org/node/8921633873,"SpeedFly (Рыжая, нижний старт)",55.944591,92.861422,,RU,Russia,Россия,takeoff,,no,W,"{""free_flying:paragliding"": ""no"", ""free_flying:site"": ""takeoff"", ""free_flying:site_orientation"": ""W"", ""free_flying:speedflying"": ""yes""}",
node,8933906681,https://www.openstreetmap.org/node/8933906681,,49.806005,7.822931,,DE,Germany,Германия,takeoff,,,,"{""free_flying:site"": ""takeoff""}",
node,8935575310,https://www.openstreetmap.org/node/8935575310,Gleitschirmstartplatz Naraus,46.859856,9.271343,1850,CH,Switzerland,Швейцария,takeoff,,,S,"{""free_flying:official"": ""yes"", ""free_flying:site"": ""takeoff"", ""free_flying:site_orientation"": ""S""}",
node,8974731984,https://www.openstreetmap.org/node/8974731984,Rampa de Vôo Livre de Timbuí,-20.037878,-40.473378,490,BR,Brazil,Бразилия,takeoff,,,,"{""free_flying:site"": ""takeoff""}",
node,9013548213,https://www.openstreetmap.org/node/9013548213,,10.181469,-67.272818,,VE,Venezuela,Венесуэла,takeoff,,,,"{""free_flying:site"": ""takeoff""}",
node,9025472396,https://www.openstreetmap.org/node/9025472396,,45.228400,6.749870,,FR,France (land mass),Франция,takeoff,,,,"{""free_flying:site"": ""takeoff""}",
node,9028614304,https://www.openstreetmap.org/node/9028614304,,45.910888,9.980075,1307,IT,Italy,Италия,takeoff,,,,"{""free_flying:site"": ""takeoff""}",
node,9105275051,https://www.openstreetmap.org/node/9105275051,,48.820685,18.110270,,SK,Slovakia,Словакия,takeoff,,,SE,"{""free_flying:site"": ""takeoff"", ""free_flying:site_orientation"": ""SE""}",
node,9117020029,https://www.openstreetmap.org/node/9117020029,Параглајдинг узлетиште,43.896516,20.213610,,RS,Serbia,Сербия,takeoff,,,,"{""free_flying:site"": ""takeoff""}",
node,9117020030,https://www.openstreetmap.org/node/9117020030,Параглајдинг узлетиште,43.896501,20.217381,,RS,Serbia,Сербия,takeoff,,,,"{""free_flying:site"": ""takeoff""}",
node,9121942538,https://www.openstreetmap.org/node/9121942538,Decollage des Cretes,46.238945,6.494886,,FR,France (land mass),Франция,takeoff,,,,"{""free_flying:site"": ""takeoff""}",
node,9142470386,https://www.openstreetmap.org/node/9142470386,Watles Top,46.719008,10.484827,,IT,Italy,Италия,takeoff,,,SE;S;SW;W,"{""free_flying:official"": ""yes"", ""free_flying:site"": ""takeoff"", ""free_flying:site_orientation"": ""SE;S;SW;W""}",
node,9142470387,https://www.openstreetmap.org/node/9142470387,Watles Mittelstation - Vatles Stazione intermedia,46.711950,10.496417,,IT,Italy,Италия,takeoff,,,E;SE;S;SW,"{""free_flying:official"": ""yes"", ""free_flying:site"": ""takeoff"", ""free_flying:site_orientation"": ""E;SE;S;SW""}",
node,9180026089,https://www.openstreetmap.org/node/9180026089,,43.816308,5.546354,848,FR,France (land mass),Франция,takeoff,,,,"{""free_flying:site"": ""takeoff""}",
node,9203861737,https://www.openstreetmap.org/node/9203861737,Gleitschirmplatz Kaulsdorf,50.631488,11.415484,,DE,Germany,Германия,takeoff,,,,"{""free_flying:site"": ""takeoff""}",
node,9227203684,https://www.openstreetmap.org/node/9227203684,Парастарт - Фиолент,44.506263,33.500688,,RU,Russia,Россия,takeoff,,,,"{""free_flying:site"": ""takeoff""}",
node,9270808720,https://www.openstreetmap.org/node/9270808720,,45.839271,14.240545,,SI,Slovenia,Словения,takeoff,,,E,"{""free_flying:site"": ""takeoff"", ""free_flying:site_orientation"": ""E""}",
node,9382435703,https://www.openstreetmap.org/node/9382435703,,51.958119,9.496608,,DE,Germany,Германия,takeoff,,,,"{""free_flying:site"": ""takeoff""}",
node,9385170330,https://www.openstreetmap.org/node/9385170330,Décollage Parapente,46.252644,5.914041,1400,FR,France (land mass),Франция,takeoff,,,,"{""free_flying:official"": ""no"", ""free_flying:site"": ""takeoff""}",
node,9385176372,https://www.openstreetmap.org/node/9385176372,Hang Glider Site #1,37.908523,-122.620500,,US,United States,Соединённые Штаты Америки,takeoff,,,,"{""free_flying:site"": ""takeoff""}",
node,9385176373,https://www.openstreetmap.org/node/9385176373,Hang Glider Site #2,37.907993,-122.618127,,US,United States,Соединённые Штаты Америки,takeoff,,,,"{""free_flying:site"": ""takeoff""}",
node,9385176374,https://www.openstreetmap.org/node/9385176374,Hang Glider Site #3,37.920678,-122.632355,,US,United States,Соединённые Штаты Америки,takeoff,,,,"{""free_flying:site"": ""takeoff""}",
node,9399106824,https://www.openstreetmap.org/node/9399106824,,60.524781,5.440016,,NO,Norway,Норвегия,takeoff,,,,"{""free_flying:site"": ""takeoff""}",
node,9428170893,https://www.openstreetmap.org/node/9428170893,Rampa de Vôo Livre da Pedra do Velinho,-18.901422,-40.296593,540,BR,Brazil,Бразилия,takeoff,,,,"{""free_flying:site"": ""takeoff""}",
node,9443024808,https://www.openstreetmap.org/node/9443024808,Sonnhaldeberg take-off spot S,47.884899,7.826400,,DE,Germany,Германия,takeoff,,,,"{""free_flying:site"": ""takeoff""}",
node,9443042824,https://www.openstreetmap.org/node/9443042824,Breitnauer Kopf take-off spot N,47.868801,7.834200,,DE,Germany,Германия,takeoff,,,,"{""free_flying:site"": ""takeoff""}",
node,9460833125,https://www.openstreetmap.org/node/9460833125,,44.996306,7.447466,,IT,Italy,Италия,takeoff,,,,"{""free_flying:site"": ""takeoff""}",
node,9492244640,https://www.openstreetmap.org/node/9492244640,Gleitschirm Startplatz Herlisberg,47.197849,8.231489,,CH,Switzerland,Швейцария,takeoff,,,,"{""free_flying:site"": ""takeoff""}",
node,9492505978,https://www.openstreetmap.org/node/9492505978,Gleitschirm Startplatz Wirzweli,46.914239,8.366967,,CH,Switzerland,Швейцария,takeoff,,,,"{""free_flying:site"": ""takeoff""}",
node,9519202531,https://www.openstreetmap.org/node/9519202531,Brienzer Rothorn Startplatz SO-SW,46.787174,8.043019,,CH,Switzerland,Швейцария,takeoff,,,,"{""free_flying:site"": ""takeoff""}",
node,9519211526,https://www.openstreetmap.org/node/9519211526,Hofstetter Gummen Startplatz S,46.779083,8.071331,,CH,Switzerland,Швейцария,takeoff,,,,"{""free_flying:site"": ""takeoff""}",
node,9519215265,https://www.openstreetmap.org/node/9519215265,Windegg Startplatz W-N,46.711601,8.036683,,CH,Switzerland,Швейцария,takeoff,,,,"{""free_flying:site"": ""takeoff""}",
node,9549373478,https://www.openstreetmap.org/node/9549373478,,46.762873,11.753972,,IT,Italy,Италия,takeoff,,,,"{""free_flying:site"": ""takeoff""}",
node,9562747585,https://www.openstreetmap.org/node/9562747585,,49.786400,7.714688,,DE,Germany,Германия,takeoff,,,,"{""free_flying:site"": ""takeoff""}",
node,9657213189,https://www.openstreetmap.org/node/9657213189,Cerro Sacro Paragliding Takeoff,-13.357382,-72.110484,,PE,Peru,Перу,takeoff,,,,"{""free_flying:site"": ""takeoff""}",
node,9657320070,https://www.openstreetmap.org/node/9657320070,,-13.418192,-72.233900,,PE,Peru,Перу,takeoff,,,,"{""free_flying:site"": ""takeoff""}",
node,9690211770,https://www.openstreetmap.org/node/9690211770,Despegue parapente Genevilla,42.635819,-2.389315,,ES,Spain,Испания,takeoff,,,,"{""free_flying:site"": ""takeoff""}",
node,9761113278,https://www.openstreetmap.org/node/9761113278,Startplatz Hüttstett N-W,46.787945,8.194472,,CH,Switzerland,Швейцария,takeoff,,,,"{""free_flying:site"": ""takeoff""}",
node,9761135430,https://www.openstreetmap.org/node/9761135430,"Startplatz Linderenalp N-W, S",46.870529,8.297142,,CH,Switzerland,Швейцария,takeoff,,,,"{""free_flying:site"": ""takeoff""}",
node,9766803070,https://www.openstreetmap.org/node/9766803070,Windenschlepp-Startplatz Nord 18,51.997556,12.983543,,DE,Germany,Германия,takeoff;landing,,,,"{""free_flying:site"": ""takeoff;landing""}",
node,9780238145,https://www.openstreetmap.org/node/9780238145,Site de vol libre d'Echevannes,47.069117,6.234140,,FR,France (land mass),Франция,takeoff,,,,"{""free_flying:site"": ""takeoff""}",
node,9813253450,https://www.openstreetmap.org/node/9813253450,,44.564560,-1.236117,,FR,France (land mass),Франция,takeoff,,,,"{""free_flying:site"": ""takeoff""}",
node,9813253451,https://www.openstreetmap.org/node/9813253451,,44.566403,-1.235087,,FR,France (land mass),Франция,takeoff,,,,"{""free_flying:site"": ""takeoff""}",
node,9855601994,https://www.openstreetmap.org/node/9855601994,,45.472614,22.810610,,RO,Romania,Румыния,takeoff,,,,"{""free_flying:site"": ""takeoff""}",
node,9915285904,https://www.openstreetmap.org/node/9915285904,Vol libre,49.225972,-65.786280,,CA,Canada,Канада,takeoff,,,,"{""free_flying:site"": ""takeoff""}",
node,9936226486,https://www.openstreetmap.org/node/9936226486,Aire de décollage Arc 1800,45.564231,6.794674,,FR,France (land mass),Франция,takeoff,,,,"{""free_flying:site"": ""takeoff""}",
node,10038198691,https://www.openstreetmap.org/node/10038198691,Rampa de Voo Livre,-29.500932,-54.727455,,BR,Brazil,Бразилия,takeoff,,,,"{""free_flying:site"": ""takeoff""}",
node,10049038667,https://www.openstreetmap.org/node/10049038667,Le Replan,46.211981,6.462947,1600,FR,France (land mass),Франция,takeoff,,,,"{""free_flying:site"": ""takeoff""}",
node,10116888162,https://www.openstreetmap.org/node/10116888162,,45.589454,25.663994,,RO,Romania,Румыния,takeoff,,,,"{""free_flying:site"": ""takeoff""}",
node,10133610644,https://www.openstreetmap.org/node/10133610644,Paraglider Start,47.985203,15.601004,,AT,Austria,Австрия,takeoff,,,,"{""free_flying:site"": ""takeoff""}",
node,10133610645,https://www.openstreetmap.org/node/10133610645,Paraglider Start,47.976993,15.608448,,AT,Austria,Австрия,takeoff,,,,"{""free_flying:site"": ""takeoff""}",
node,10200630565,https://www.openstreetmap.org/node/10200630565,Gardunha Sul,40.066027,-7.507354,,PT,Portugal,Португалия,takeoff,,,,"{""free_flying:site"": ""takeoff""}",
node,10243787183,https://www.openstreetmap.org/node/10243787183,Paragliding launch Gürsu 2,40.268183,29.233953,,TR,Turkey,Турция,takeoff,,,,"{""free_flying:site"": ""takeoff""}",
node,10295316633,https://www.openstreetmap.org/node/10295316633,,45.905934,14.216606,,SI,Slovenia,Словения,takeoff,,,,"{""free_flying:site"": ""takeoff""}",
node,10537181742,https://www.openstreetmap.org/node/10537181742,,50.659528,13.464705,,DE,Germany,Германия,takeoff,,,,"{""free_flying:site"": ""takeoff""}",
node,10648067263,https://www.openstreetmap.org/node/10648067263,Startplatz,51.116375,12.817656,170,DE,Germany,Германия,takeoff,,,,"{""free_flying:official"": ""yes"", ""free_flying:site"": ""takeoff""}",
node,10648067264,https://www.openstreetmap.org/node/10648067264,Schleppgelände,51.119500,12.815553,200,DE,Germany,Германия,takeoff,,,,"{""free_flying:official"": ""yes"", ""free_flying:site"": ""takeoff""}",
node,10649777387,https://www.openstreetmap.org/node/10649777387,,51.001403,14.658778,,DE,Germany,Германия,takeoff,,,,"{""free_flying:site"": ""takeoff""}",
node,10752734889,https://www.openstreetmap.org/node/10752734889,Startplatz Niesen SW-W,46.644352,7.643162,,CH,Switzerland,Швейцария,takeoff,,,,"{""free_flying:site"": ""takeoff""}",
node,10752737915,https://www.openstreetmap.org/node/10752737915,Startplatz Magissereneck SO-SW,46.587943,7.609632,,CH,Switzerland,Швейцария,takeoff,,,,"{""free_flying:site"": ""takeoff""}",
node,10781864034,https://www.openstreetmap.org/node/10781864034,Chon-Tash 100,42.719533,74.601653,,KG,Kyrgyzstan,Кыргызстан,takeoff,,,,"{""free_flying:site"": ""takeoff""}",
node,10781864035,https://www.openstreetmap.org/node/10781864035,Чон-Таш 200,42.714882,74.603648,1400,KG,Kyrgyzstan,Кыргызстан,takeoff,,,,"{""free_flying:site"": ""takeoff""}",
node,10836241884,https://www.openstreetmap.org/node/10836241884,,39.943745,44.676848,1335,AM,Armenia,Армения,takeoff,,,,"{""free_flying:site"": ""takeoff""}",
node,10873839460,https://www.openstreetmap.org/node/10873839460,,41.757477,44.919454,,GE,Georgia,Грузия,takeoff,,,,"{""free_flying:site"": ""takeoff""}",
node,10880318640,https://www.openstreetmap.org/node/10880318640,,42.359336,12.147813,,IT,Italy,Италия,takeoff,,,,"{""free_flying:site"": ""takeoff""}",
node,10896554714,https://www.openstreetmap.org/node/10896554714,Revin Malgré Tout,49.938583,4.653684,,FR,France (land mass),Франция,takeoff,,,SW,"{""free_flying:site"": ""takeoff"", ""free_flying:site_orientation"": ""SW""}",
node,10967746582,https://www.openstreetmap.org/node/10967746582,Ostrogan Paragliding Takeoff Spot,42.229791,23.186400,,BG,Bulgaria,Болгария,takeoff,,,,"{""free_flying:site"": ""takeoff""}",
node,10967746584,https://www.openstreetmap.org/node/10967746584,Paragliding Takeoff Spot,42.223715,23.137688,,BG,Bulgaria,Болгария,takeoff,,,,"{""free_flying:site"": ""takeoff""}",
node,11059025053,https://www.openstreetmap.org/node/11059025053,,47.661261,18.667661,,HU,Hungary,Венгрия,takeoff,,,,"{""free_flying:site"": ""takeoff""}",
node,11071588341,https://www.openstreetmap.org/node/11071588341,"GS und HG Startplatz ""Heue/Bergalingen""",47.619622,7.938984,,DE,Germany,Германия,takeoff,,,,"{""free_flying:site"": ""takeoff""}",
node,11159216834,https://www.openstreetmap.org/node/11159216834,,47.464641,12.203483,,AT,Austria,Австрия,takeoff,,,,"{""free_flying:site"": ""takeoff""}",
node,11194630346,https://www.openstreetmap.org/node/11194630346,Vzletišče Vogar,46.294597,13.875420,,SI,Slovenia,Словения,takeoff,,,,"{""free_flying:site"": ""takeoff""}",
node,11194630354,https://www.openstreetmap.org/node/11194630354,,46.295405,13.899990,,SI,Slovenia,Словения,takeoff,,,,"{""free_flying:site"": ""takeoff""}",
node,11198033600,https://www.openstreetmap.org/node/11198033600,Paragliding Mestia Launch,43.063549,42.719260,,GE,Georgia,Грузия,takeoff,,,,"{""free_flying:site"": ""takeoff""}",
node,11255961443,https://www.openstreetmap.org/node/11255961443,,45.525697,25.320480,,RO,Romania,Румыния,takeoff,,,,"{""free_flying:site"": ""takeoff""}",
node,11264473488,https://www.openstreetmap.org/node/11264473488,Startplatz Kunkenbachhütte / Spiesshorn,47.826993,8.033479,,DE,Germany,Германия,takeoff,,,,"{""free_flying:site"": ""takeoff""}",
node,11297907395,https://www.openstreetmap.org/node/11297907395,,32.343924,51.041699,,IR,Iran,Иран,takeoff,,,,"{""free_flying:site"": ""takeoff""}",
node,11300303985,https://www.openstreetmap.org/node/11300303985,,32.342506,51.037212,,IR,Iran,Иран,takeoff,,,,"{""free_flying:site"": ""takeoff""}",
node,11339203520,https://www.openstreetmap.org/node/11339203520,Muottas Muragl Winterstartplatz,46.521617,9.902806,,CH,Switzerland,Швейцария,takeoff,,,,"{""free_flying:official"": ""yes"", ""free_flying:site"": ""takeoff""}",
node,11339230860,https://www.openstreetmap.org/node/11339230860,Muottas Muragl Sommer Startplatz Gleitschirm,46.520933,9.911507,,CH,Switzerland,Швейцария,takeoff,,,,"{""free_flying:official"": ""yes"", ""free_flying:site"": ""takeoff""}",
node,11470974447,https://www.openstreetmap.org/node/11470974447,Vzletišče Gozd,46.339516,14.331309,925,SI,Slovenia,Словения,,,,SE-SW,"{""free_flying:takeoff"": ""yes""}",
node,11525036559,https://www.openstreetmap.org/node/11525036559,Nordstartplatz,47.762658,12.559823,,DE,Germany,Германия,takeoff,,,NW,"{""free_flying:site"": ""takeoff"", ""free_flying:site_orientation"": ""NW""}",
node,11525039462,https://www.openstreetmap.org/node/11525039462,Weststartplatz,47.763103,12.560356,,DE,Germany,Германия,takeoff,,,W,"{""free_flying:site"": ""takeoff"", ""free_flying:site_orientation"": ""W""}",
node,11620061930,https://www.openstreetmap.org/node/11620061930,La Balme,45.209402,6.210709,,FR,France (land mass),Франция,takeoff,,,,"{""free_flying:site"": ""takeoff""}",
node,11734294433,https://www.openstreetmap.org/node/11734294433,,46.442580,11.611495,,IT,Italy,Италия,takeoff,,,,"{""free_flying:site"": ""takeoff""}",
node,11734296638,https://www.openstreetmap.org/node/11734296638,,46.474396,11.799392,,IT,Italy,Италия,takeoff,,,,"{""free_flying:site"": ""takeoff""}",
node,11734299047,https://www.openstreetmap.org/node/11734299047,,46.415155,11.615393,,IT,Italy,Италия,takeoff,,,,"{""free_flying:site"": ""takeoff""}",
node,11787152796,https://www.openstreetmap.org/node/11787152796,Parapente El Topito,10.416151,-66.849263,,VE,Venezuela,Венесуэла,takeoff,,,,"{""free_flying:site"": ""takeoff""}",
node,11872491938,https://www.openstreetmap.org/node/11872491938,,48.799799,9.403603,,DE,Germany,Германия,takeoff,,,wsw,"{""free_flying:site"": ""takeoff""}",
node,11872491939,https://www.openstreetmap.org/node/11872491939,,48.799537,9.402850,,DE,Germany,Германия,takeoff,,,wsw,"{""free_flying:site"": ""takeoff""}",
node,11942538210,https://www.openstreetmap.org/node/11942538210,,10.364708,-67.185542,,VE,Venezuela,Венесуэла,takeoff,,,,"{""free_flying:site"": ""takeoff""}",
node,11963131074,https://www.openstreetmap.org/node/11963131074,Startplatz Oeschinen unten,46.501351,7.697608,,CH,Switzerland,Швейцария,takeoff,,,,"{""free_flying:official"": ""yes"", ""free_flying:site"": ""takeoff""}",
node,11963131075,https://www.openstreetmap.org/node/11963131075,Startplatz Oeschinen oben,46.503341,7.696381,,CH,Switzerland,Швейцария,takeoff,,,,"{""free_flying:official"": ""yes"", ""free_flying:site"": ""takeoff""}",
node,11963131077,https://www.openstreetmap.org/node/11963131077,Startplatz Doldenhorn Hütte,46.485353,7.695630,,CH,Switzerland,Швейцария,takeoff,,,,"{""free_flying:official"": ""no"", ""free_flying:site"": ""takeoff""}",
node,11963131078,https://www.openstreetmap.org/node/11963131078,Startplatz Blüemlisalphütte,46.509793,7.771764,,CH,Switzerland,Швейцария,takeoff,,,,"{""free_flying:official"": ""no"", ""free_flying:site"": ""takeoff""}",
node,11963131079,https://www.openstreetmap.org/node/11963131079,Startplatz Fründenhütte,46.483602,7.743414,,CH,Switzerland,Швейцария,takeoff,,,,"{""free_flying:official"": ""no"", ""free_flying:site"": ""takeoff""}",
node,11970113571,https://www.openstreetmap.org/node/11970113571,Vzletišče Raca (Racna gora),45.706525,14.518470,,SI,Slovenia,Словения,takeoff,,,,"{""free_flying:site"": ""takeoff""}",
node,11981018870,https://www.openstreetmap.org/node/11981018870,,46.763534,13.664099,,AT,Austria,Австрия,takeoff,,,,"{""free_flying:site"": ""takeoff""}",
node,11987264323,https://www.openstreetmap.org/node/11987264323,Startowisko Ćwilin,49.687846,20.191239,,PL,Poland,Польша,takeoff,,,,"{""free_flying:site"": ""takeoff""}",
node,12069890846,https://www.openstreetmap.org/node/12069890846,Startplatz Planai Gipfel,47.372600,13.725092,,AT,Austria,Австрия,takeoff,,,,"{""free_flying:site"": ""takeoff""}",
node,12069920472,https://www.openstreetmap.org/node/12069920472,Startplatz Planai Mittelstation,47.381697,13.705375,,AT,Austria,Австрия,takeoff,,,,"{""free_flying:site"": ""takeoff""}",
node,12070196886,https://www.openstreetmap.org/node/12070196886,Rampa de Voo Livre de Japeri,-22.630318,-43.629677,,BR,Brazil,Бразилия,takeoff,,,,"{""free_flying:site"": ""takeoff""}",
node,12184507954,https://www.openstreetmap.org/node/12184507954,Goat Peak PG Launch,48.619044,-120.412130,,US,United States,Соединённые Штаты Америки,takeoff,,,S,"{""free_flying:site"": ""takeoff""}",
node,12184577446,https://www.openstreetmap.org/node/12184577446,Tumwater PG Launch,47.601934,-120.699446,,US,United States,Соединённые Штаты Америки,takeoff,,,,"{""free_flying:site"": ""takeoff""}",
node,12184634339,https://www.openstreetmap.org/node/12184634339,Icycle Ridge PG Launch,47.580225,-120.686017,,US,United States,Соединённые Штаты Америки,takeoff,,,,"{""free_flying:site"": ""takeoff""}",
node,12216169676,https://www.openstreetmap.org/node/12216169676,,40.892896,72.840212,,KG,Kyrgyzstan,Кыргызстан,takeoff,,,,"{""free_flying:site"": ""takeoff""}",
node,12277495050,https://www.openstreetmap.org/node/12277495050,Colle Novalesa,45.208482,7.068973,,IT,Italy,Италия,takeoff,,,,"{""free_flying:site"": ""takeoff""}",
node,12277495051,https://www.openstreetmap.org/node/12277495051,Ca d'Asti,45.189643,7.075334,,IT,Italy,Италия,takeoff,,,,"{""free_flying:site"": ""takeoff""}",
node,12277495052,https://www.openstreetmap.org/node/12277495052,,45.178093,7.081875,,IT,Italy,Италия,takeoff,,,,"{""free_flying:site"": ""takeoff""}",
node,12277495056,https://www.openstreetmap.org/node/12277495056,,45.112612,7.450286,,IT,Italy,Италия,takeoff,,,,"{""free_flying:site"": ""takeoff""}",
node,12278251042,https://www.openstreetmap.org/node/12278251042,Startplatz S-NW,46.804791,9.495286,,CH,Switzerland,Швейцария,takeoff,,,,"{""free_flying:site"": ""takeoff""}",
node,12278282959,https://www.openstreetmap.org/node/12278282959,,47.959515,6.926192,,FR,France (land mass),Франция,takeoff,,,,"{""free_flying:site"": ""takeoff""}",
node,12278290634,https://www.openstreetmap.org/node/12278290634,Startplatz Südwest,47.776386,7.700445,,DE,Germany,Германия,takeoff,,,,"{""free_flying:site"": ""takeoff""}",
node,12278296615,https://www.openstreetmap.org/node/12278296615,Startplatz Nord,47.778640,7.701746,,DE,Germany,Германия,takeoff,,,,"{""free_flying:site"": ""takeoff""}",
node,12289586950,https://www.openstreetmap.org/node/12289586950,Startplatz Ost,47.776490,7.701598,,DE,Germany,Германия,takeoff,,,,"{""free_flying:site"": ""takeoff""}",
node,12293812127,https://www.openstreetmap.org/node/12293812127,Vzletišče Stari vrh,46.170236,14.180417,,SI,Slovenia,Словения,takeoff,,,,"{""free_flying:site"": ""takeoff""}",
node,12459711094,https://www.openstreetmap.org/node/12459711094,,42.895751,2.065989,,FR,France (land mass),Франция,takeoff,,,,"{""free_flying:site"": ""takeoff""}",
node,12459711095,https://www.openstreetmap.org/node/12459711095,,42.897600,2.066264,,FR,France (land mass),Франция,takeoff,,,,"{""free_flying:site"": ""takeoff""}",
node,12475948916,https://www.openstreetmap.org/node/12475948916,Startplatz Melchboden (Süd-West),47.218879,11.822861,,AT,Austria,Австрия,takeoff,,,,"{""free_flying:site"": ""takeoff""}",
node,12475948917,https://www.openstreetmap.org/node/12475948917,Startmöglichkeit Arbiskopf,47.220975,11.822080,,AT,Austria,Австрия,takeoff,,,,"{""free_flying:official"": ""no"", ""free_flying:site"": ""takeoff""}",
node,12475948918,https://www.openstreetmap.org/node/12475948918,Startplatz Rauhenkopf,47.226098,11.817474,,AT,Austria,Австрия,takeoff,,,,"{""free_flying:official"": ""no"", ""free_flying:site"": ""takeoff""}",
node,12475954361,https://www.openstreetmap.org/node/12475954361,Startplatz Nasenalm,47.211066,11.836092,1680,AT,Austria,Австрия,takeoff,,*,,"{""free_flying:official"": ""yes"", ""free_flying:paragliding"": ""*"", ""free_flying:site"": ""takeoff""}",
node,12480444564,https://www.openstreetmap.org/node/12480444564,Startplatz Roßkopf,47.426205,12.070481,,AT,Austria,Австрия,takeoff,,,,"{""free_flying:site"": ""takeoff""}",
node,12512705755,https://www.openstreetmap.org/node/12512705755,,48.915243,17.782429,,SK,Slovakia,Словакия,takeoff,,,,"{""free_flying:site"": ""takeoff""}",
node,12531243831,https://www.openstreetmap.org/node/12531243831,Piedechinche South Face Launch,3.646515,-76.169528,,CO,Colombia,Колумбия,takeoff,,,,"{""free_flying:site"": ""takeoff""}",
node,12565499023,https://www.openstreetmap.org/node/12565499023,Schreckhornhütte Takeoff,46.582332,8.099364,,CH,Switzerland,Швейцария,takeoff,,,,"{""free_flying:site"": ""takeoff""}",
node,12603590749,https://www.openstreetmap.org/node/12603590749,Planachaux,46.176636,6.840296,,CH,Switzerland,Швейцария,takeoff,,,,"{""free_flying:site"": ""takeoff""}",
node,12650190908,https://www.openstreetmap.org/node/12650190908,,46.961203,1.662374,,FR,France (land mass),Франция,takeoff,,,,"{""free_flying:site"": ""takeoff""}",
node,12723140715,https://www.openstreetmap.org/node/12723140715,Startmöglichkeit Voldöppberg,47.474945,11.889664,,AT,Austria,Австрия,takeoff,,,135,"{""free_flying:official"": ""no"", ""free_flying:site"": ""takeoff""}",
node,12755127958,https://www.openstreetmap.org/node/12755127958,Startmöglichkeit Vorderunnutz,47.513886,11.738099,,AT,Austria,Австрия,takeoff,,,SW,"{""free_flying:official"": ""no"", ""free_flying:site"": ""takeoff""}",
node,12755193921,https://www.openstreetmap.org/node/12755193921,Startplatz Wank Süd,47.506726,11.147791,,DE,Germany,Германия,takeoff,,,E-WSW,"{""free_flying:official"": ""yes"", ""free_flying:site"": ""takeoff""}",
node,12755193922,https://www.openstreetmap.org/node/12755193922,Startplatz Roßwank,47.503954,11.155595,,DE,Germany,Германия,takeoff,,,NNO-O,"{""free_flying:official"": ""yes"", ""free_flying:site"": ""takeoff""}",
node,12767845254,https://www.openstreetmap.org/node/12767845254,,35.985055,139.170039,,JP,Japan,Япония,,,,35,"{""free_flying:takeoff"": ""yes""}",
node,12811256723,https://www.openstreetmap.org/node/12811256723,Decollo Parapendio Le Condotte,45.160332,6.976117,,IT,Italy,Италия,takeoff,,,,"{""free_flying:site"": ""takeoff""}",
node,12871972428,https://www.openstreetmap.org/node/12871972428,,46.329578,11.210027,,IT,Italy,Италия,,,,,"{""free_flying:takeoff"": ""yes""}",
node,12895427067,https://www.openstreetmap.org/node/12895427067,,43.617847,-73.081371,,US,United States,Соединённые Штаты Америки,,,,WSW,"{""free_flying:takeoff"": ""yes""}",
node,12956379240,https://www.openstreetmap.org/node/12956379240,Makov zjazdovka,49.339301,18.476322,,SK,Slovakia,Словакия,takeoff,,,,"{""free_flying:site"": ""takeoff""}",
node,12993761912,https://www.openstreetmap.org/node/12993761912,Grajski hrib - vzletišče,46.265207,14.501409,700,SI,Slovenia,Словения,,,,S,"{""free_flying:takeoff"": ""yes""}",
node,12997118717,https://www.openstreetmap.org/node/12997118717,Vzletišče Ambrož pri Slatnerju,46.274678,14.528936,1070,SI,Slovenia,Словения,,,,SE-SW,"{""free_flying:takeoff"": ""yes""}",
node,12997118718,https://www.openstreetmap.org/node/12997118718,Vzletišče Kamniški vrh Planjava,46.288094,14.572064,1240,SI,Slovenia,Словения,,,,E-W,"{""free_flying:takeoff"": ""yes""}",
node,12997118719,https://www.openstreetmap.org/node/12997118719,Vzletišče Velika Planina - Gradišče,46.297691,14.643275,1630,SI,Slovenia,Словения,,,,SE-W,"{""free_flying:takeoff"": ""yes""}",
node,12997118720,https://www.openstreetmap.org/node/12997118720,Vzletišče Dobrovlje,46.297306,15.008961,760,SI,Slovenia,Словения,,,,E,"{""free_flying:takeoff"": ""yes""}",
node,12997118721,https://www.openstreetmap.org/node/12997118721,Vzletišče Golte - Planica,46.370265,14.920841,1080,SI,Slovenia,Словения,,,,E-SE,"{""free_flying:takeoff"": ""yes""}",
node,12997418646,https://www.openstreetmap.org/node/12997418646,Vzletišče Mangartsko sedlo,46.432753,13.640110,1940,SI,Slovenia,Словения,,,,E-SE,"{""free_flying:takeoff"": ""yes""}",
node,12997418647,https://www.openstreetmap.org/node/12997418647,Vzletišče Planja,46.350033,13.519909,1070,SI,Slovenia,Словения,,,,S,"{""free_flying:takeoff"": ""yes""}",
node,12997418648,https://www.openstreetmap.org/node/12997418648,Vzletišče Ratitovec,46.236227,14.094043,,SI,Slovenia,Словения,,,,NE;E;S;SW,"{""free_flying:takeoff"": ""yes""}",
node,12997418649,https://www.openstreetmap.org/node/12997418649,Vzletišče Kanin - Skripi,46.352171,13.488741,1717,SI,Slovenia,Словения,,,,E-SE,"{""free_flying:takeoff"": ""yes""}",
node,13003963265,https://www.openstreetmap.org/node/13003963265,Seceda South,46.600397,11.727056,,IT,Italy,Италия,takeoff,,,,"{""free_flying:site"": ""takeoff""}",
node,13003963266,https://www.openstreetmap.org/node/13003963266,Seceda South East,46.596652,11.724262,,IT,Italy,Италия,takeoff,,,,"{""free_flying:site"": ""takeoff""}",
node,13009881716,https://www.openstreetmap.org/node/13009881716,,57.423073,9.754094,,DK,Denmark,Дания,takeoff,,,,"{""free_flying:site"": ""takeoff""}",
node,13019393038,https://www.openstreetmap.org/node/13019393038,Vol libre,49.225346,-65.784651,,CA,Canada,Канада,takeoff,,,,"{""free_flying:site"": ""takeoff""}",
node,13019393039,https://www.openstreetmap.org/node/13019393039,Vol libre,49.225468,-65.785685,,CA,Canada,Канада,takeoff,,,,"{""free_flying:site"": ""takeoff""}",
node,13175080876,https://www.openstreetmap.org/node/13175080876,Takeoff Imberger Horn,47.488949,10.363391,,DE,Germany,Германия,takeoff,,,N,"{""free_flying:site"": ""takeoff""}",
node,13319139217,https://www.openstreetmap.org/node/13319139217,Centro de vuelo Siete Pilillas,37.752211,-3.646106,,ES,Spain,Испания,takeoff,,,,"{""free_flying:site"": ""takeoff""}",
node,13608516811,https://www.openstreetmap.org/node/13608516811,Windenschlepp-Startplatz 20,51.995449,12.992670,,DE,Germany,Германия,takeoff;landing,,,,"{""free_flying:site"": ""takeoff;landing""}",
node,13608516812,https://www.openstreetmap.org/node/13608516812,Windenschlepp-Startplatz 02,51.989685,12.986809,,DE,Germany,Германия,takeoff;landing,,,,"{""free_flying:site"": ""takeoff;landing""}",
node,13608516813,https://www.openstreetmap.org/node/13608516813,Windenschlepp-Startplatz 10R,51.995545,12.968038,,DE,Germany,Германия,takeoff;landing,,,,"{""free_flying:site"": ""takeoff;landing""}",
node,13608516814,https://www.openstreetmap.org/node/13608516814,Windenschlepp-Startplatz 28L,51.993196,12.990142,,DE,Germany,Германия,takeoff;landing,,,,"{""free_flying:site"": ""takeoff;landing""}",
node,13608516816,https://www.openstreetmap.org/node/13608516816,Windenschlepp-Startplatz West 10,51.996148,12.968161,,DE,Germany,Германия,takeoff;landing,,,,"{""free_flying:site"": ""takeoff;landing""}",
node,13608516817,https://www.openstreetmap.org/node/13608516817,Windenschlepp-Startplatz Ost 28,51.994452,12.990411,,DE,Germany,Германия,takeoff;landing,,,,"{""free_flying:site"": ""takeoff;landing""}",
node,13608516818,https://www.openstreetmap.org/node/13608516818,Windenschlepp-Startplatz 10L,51.997139,12.967363,,DE,Germany,Германия,takeoff;landing,,,,"{""free_flying:site"": ""takeoff;landing""}",
node,13608516819,https://www.openstreetmap.org/node/13608516819,Windenschlepp-Startplatz 28R,51.995527,12.991812,,DE,Germany,Германия,takeoff;landing,,,,"{""free_flying:site"": ""takeoff;landing""}",
node,13672714237,https://www.openstreetmap.org/node/13672714237,Startplatz Brienzer Rothorn Süd,46.786583,8.046892,,CH,Switzerland,Швейцария,takeoff,,,"S,SW","{""free_flying:site"": ""takeoff"", ""free_flying:site_orientation"": ""S,SW""}",
node,13672714238,https://www.openstreetmap.org/node/13672714238,Startplatz Brienzer Rothorn Südost,46.787932,8.050545,,CH,Switzerland,Швейцария,takeoff,,,SO,"{""free_flying:site"": ""takeoff"", ""free_flying:site_orientation"": ""SO""}",
node,13672714239,https://www.openstreetmap.org/node/13672714239,Startplatz Brienzer Rothorn Nordost,46.788708,8.050400,,CH,Switzerland,Швейцария,takeoff,,,"E,NE","{""free_flying:site"": ""takeoff"", ""free_flying:site_orientation"": ""E,NE""}",
node,13672722886,https://www.openstreetmap.org/node/13672722886,Décollage Hôtel Weissshorn NW,46.208894,7.618218,,CH,Switzerland,Швейцария,takeoff,,,NW,"{""free_flying:site"": ""takeoff"", ""free_flying:site_orientation"": ""NW""}",
node,13672722887,https://www.openstreetmap.org/node/13672722887,Décollage Hôtel Weissshorn W,46.207975,7.618785,,CH,Switzerland,Швейцария,takeoff,,,W,"{""free_flying:site"": ""takeoff"", ""free_flying:site_orientation"": ""W""}",
node,13672722888,https://www.openstreetmap.org/node/13672722888,Décollage Hôtel Weissshorn W,46.207038,7.619055,,CH,Switzerland,Швейцария,takeoff,,,W,"{""free_flying:site"": ""takeoff"", ""free_flying:site_orientation"": ""W""}",
node,13744360874,https://www.openstreetmap.org/node/13744360874,,-33.196068,151.621305,,AU,Australia,Австралия,,,,,"{""free_flying:landing"": ""no"", ""free_flying:official"": ""yes"", ""free_flying:takeoff"": ""yes""}",
node,13784122518,https://www.openstreetmap.org/node/13784122518,Sumas Hike & Fly launch (informal),48.896024,-122.249493,,US,United States,Соединённые Штаты Америки,takeoff,,,,"{""free_flying:site"": ""takeoff""}",
node,13805925124,https://www.openstreetmap.org/node/13805925124,,49.432721,13.202815,,CZ,Czechia,Чехия,takeoff,,,,"{""free_flying:site"": ""takeoff""}",
node,13926974733,https://www.openstreetmap.org/node/13926974733,Décollage Poupet Nord,46.971251,5.876988,,FR,France (land mass),Франция,,,,,"{""free_flying:takeoff"": ""yes""}",
node,13926974734,https://www.openstreetmap.org/node/13926974734,Décollage Poupet Ouest,46.969362,5.874660,,FR,France (land mass),Франция,,,,,"{""free_flying:takeoff"": ""yes""}",
node,14053724144,https://www.openstreetmap.org/node/14053724144,小熊山パラグライダー場,36.571442,137.822646,1281,JP,Japan,Япония,,,,,"{""free_flying:takeoff"": ""yes"", ""free_flying:tandem"": ""yes""}",
node,14072994007,https://www.openstreetmap.org/node/14072994007,,37.198370,128.485884,,KR,South Korea,Республика Корея,,,,,"{""free_flying:takeoff"": ""yes""}",
node,14100781806,https://www.openstreetmap.org/node/14100781806,,49.576063,18.158102,,CZ,Czechia,Чехия,takeoff,,,,"{""free_flying:site"": ""takeoff""}",
node,14115539514,https://www.openstreetmap.org/node/14115539514,Startplatz Ost,48.494924,8.368669,,DE,Germany,Германия,takeoff,,,NE,"{""free_flying:official"": ""yes"", ""free_flying:site"": ""takeoff"", ""free_flying:site_orientation"": ""NE""}",
node,14162421005,https://www.openstreetmap.org/node/14162421005,,45.916887,11.760984,,IT,Italy,Италия,,,,,"{""free_flying:takeoff"": ""yes""}",
node,14185049841,https://www.openstreetmap.org/node/14185049841,Hummeln,63.410515,13.083672,,SE,Sweden,Швеция,takeoff,,,100,"{""free_flying:site"": ""takeoff""}",
node,14192262372,https://www.openstreetmap.org/node/14192262372,Röda rappet,63.425973,13.068143,,SE,Sweden,Швеция,takeoff,,,270,"{""free_flying:site"": ""takeoff""}",
node,14192273202,https://www.openstreetmap.org/node/14192273202,Pelikanen,63.410915,13.084106,,SE,Sweden,Швеция,takeoff,,,75,"{""free_flying:site"": ""takeoff""}",
way,27001810,https://www.openstreetmap.org/way/27001810,Décollage Chalvet Ouest,43.978512,6.479732,,FR,France (land mass),Франция,takeoff,,,,"{""free_flying:site"": ""takeoff""}",
way,27391213,https://www.openstreetmap.org/way/27391213,Fluggelände Oppenau Ost - Schäfersfeld,48.435707,8.152060,770,DE,Germany,Германия,takeoff,,,,"{""free_flying:site"": ""takeoff""}",
way,31723053,https://www.openstreetmap.org/way/31723053,Skärstad,58.491510,15.102457,,SE,Sweden,Швеция,takeoff,,,,"{""free_flying:site"": ""takeoff""}",
way,36514260,https://www.openstreetmap.org/way/36514260,HG GS Start,46.772558,13.149461,,AT,Austria,Австрия,takeoff,,,,"{""free_flying:site"": ""takeoff""}",
way,42765937,https://www.openstreetmap.org/way/42765937,Duddefliecher,49.240337,8.026075,550,DE,Germany,Германия,takeoff,,,,"{""free_flying:site"": ""takeoff""}",
way,54266157,https://www.openstreetmap.org/way/54266157,Fluggelände Neuffen West,48.549338,9.404416,,DE,Germany,Германия,takeoff,,,,"{""free_flying:guest-guidelines"": ""yes"", ""free_flying:site"": ""takeoff""}",
way,56302723,https://www.openstreetmap.org/way/56302723,Kebelj,46.439977,15.442964,,SI,Slovenia,Словения,takeoff,,,,"{""free_flying:site"": ""takeoff""}",
way,57355612,https://www.openstreetmap.org/way/57355612,Tiger N Launch,47.499491,-122.008536,,US,United States,Соединённые Штаты Америки,takeoff,,,"N,W,NW","{""free_flying:official"": ""yes"", ""free_flying:site"": ""takeoff"", ""free_flying:site_orientation"": ""N,W,NW""}",
way,70911804,https://www.openstreetmap.org/way/70911804,Bischlingshöhe Südstartplatz,47.461479,13.298068,,AT,Austria,Австрия,takeoff,,,,"{""free_flying:site"": ""takeoff""}",
way,70911811,https://www.openstreetmap.org/way/70911811,Bischlingshöhe Weststartplatz,47.462329,13.297057,,AT,Austria,Австрия,takeoff,,,,"{""free_flying:site"": ""takeoff""}",
way,75091348,https://www.openstreetmap.org/way/75091348,,43.765473,7.442660,,FR,France (land mass),Франция,takeoff,,,,"{""free_flying:site"": ""takeoff""}",
way,75091349,https://www.openstreetmap.org/way/75091349,,43.766186,7.443378,,FR,France (land mass),Франция,takeoff,,,,"{""free_flying:site"": ""takeoff""}",
way,75091358,https://www.openstreetmap.org/way/75091358,,43.765430,7.442834,,FR,France (land mass),Франция,takeoff,,,,"{""free_flying:site"": ""takeoff""}",
way,78345965,https://www.openstreetmap.org/way/78345965,Geitschirm Startplatz Wispile Est,46.437098,7.293264,,CH,Switzerland,Швейцария,takeoff,,,,"{""free_flying:site"": ""takeoff""}",
way,90302158,https://www.openstreetmap.org/way/90302158,Gleitschirm-Startplatz Nordost,48.764757,8.281948,,DE,Germany,Германия,takeoff,,,,"{""free_flying:site"": ""takeoff""}",
way,91861762,https://www.openstreetmap.org/way/91861762,Gleitschirm-Startplatz West,48.764624,8.279249,,DE,Germany,Германия,takeoff,,,,"{""free_flying:site"": ""takeoff""}",
way,94693220,https://www.openstreetmap.org/way/94693220,Парастарт Таз-Тау,44.831935,34.284276,722,RU,Russia,Россия,takeoff,,,,"{""free_flying:site"": ""takeoff""}",
way,99900580,https://www.openstreetmap.org/way/99900580,Startplatz Dielmissen Deltaclub Ith,51.981075,9.626220,,DE,Germany,Германия,takeoff,,,"SW,W","{""free_flying:site"": ""takeoff"", ""free_flying:site_orientation"": ""SW,W""}",
way,100165939,https://www.openstreetmap.org/way/100165939,Vzletišče Lijak,45.963295,13.723721,591,SI,Slovenia,Словения,takeoff;toplanding,,,SE-SW,"{""free_flying:site"": ""takeoff;toplanding""}",
way,104851466,https://www.openstreetmap.org/way/104851466,Gleitschirmstartplatz Rossbühl,48.486874,8.239237,,DE,Germany,Германия,takeoff,,,,"{""free_flying:site"": ""takeoff""}",
way,131426145,https://www.openstreetmap.org/way/131426145,Startplatz 2 Gleitschirmflieger Sassenroth NW,50.769896,7.928633,,DE,Germany,Германия,,,,NW,"{""free_flying:takeoff"": ""yes""}",
way,137927042,https://www.openstreetmap.org/way/137927042,Drachenstartrampe,52.246809,8.883907,,DE,Germany,Германия,takeoff,,,,"{""free_flying:site"": ""takeoff""}",
way,171348169,https://www.openstreetmap.org/way/171348169,獅子吼高原山頂テイクオフ,36.446522,136.647238,,JP,Japan,Япония,takeoff,,,,"{""free_flying:site"": ""takeoff""}",
way,176135255,https://www.openstreetmap.org/way/176135255,Hängegleiter Startrampe Nord,47.198616,15.460883,,AT,Austria,Австрия,takeoff,,,,"{""free_flying:site"": ""takeoff""}",
way,177270374,https://www.openstreetmap.org/way/177270374,Drachen-Schanze,49.075608,13.130374,,DE,Germany,Германия,takeoff,,,,"{""free_flying:site"": ""takeoff""}",
way,181422767,https://www.openstreetmap.org/way/181422767,,49.944031,7.061365,,DE,Germany,Германия,takeoff,,,,"{""free_flying:site"": ""takeoff""}",
way,183238510,https://www.openstreetmap.org/way/183238510,,44.110064,3.104001,,FR,France (land mass),Франция,takeoff,,,,"{""free_flying:site"": ""takeoff""}",
way,183614464,https://www.openstreetmap.org/way/183614464,,51.492967,3.499722,,NL,Netherlands,Нидерланды,takeoff,,,,"{""free_flying:official"": ""yes"", ""free_flying:site"": ""takeoff""}",
way,195764673,https://www.openstreetmap.org/way/195764673,,47.503900,15.319123,,AT,Austria,Австрия,takeoff,,,,"{""free_flying:site"": ""takeoff""}",
way,197341959,https://www.openstreetmap.org/way/197341959,Sirkot TakeOff,28.023477,83.733684,,NP,Nepal,Непал,takeoff,,,,"{""free_flying:official"": ""yes"", ""free_flying:site"": ""takeoff""}",
way,202656686,https://www.openstreetmap.org/way/202656686,Κιαθαιρώνας - Απογείωση Αλεξιπτώτου Πλαγιάς,38.207206,23.252652,,GR,Greece,Греция,takeoff,,,,"{""free_flying:site"": ""takeoff""}",
way,205640254,https://www.openstreetmap.org/way/205640254,Décollage d'Agergour,31.297160,-8.065409,,MA,Morocco,Марокко,takeoff,,,,"{""free_flying:site"": ""takeoff""}",
way,219716840,https://www.openstreetmap.org/way/219716840,,50.969885,11.619944,,DE,Germany,Германия,takeoff,,,SO,"{""free_flying:site"": ""takeoff"", ""free_flying:site_orientation"": ""SO""}",
way,219716844,https://www.openstreetmap.org/way/219716844,Startplatz jenzig Nord West,50.940069,11.624069,,DE,Germany,Германия,takeoff,,,NW,"{""free_flying:site"": ""takeoff"", ""free_flying:site_orientation"": ""NW""}",
way,219788728,https://www.openstreetmap.org/way/219788728,,50.846391,11.347551,,DE,Germany,Германия,takeoff,,,,"{""free_flying:site"": ""takeoff""}",
way,222691042,https://www.openstreetmap.org/way/222691042,,51.247273,11.686947,,DE,Germany,Германия,takeoff,,,SW,"{""free_flying:site"": ""takeoff"", ""free_flying:site_orientation"": ""SW""}",
way,225984136,https://www.openstreetmap.org/way/225984136,Gleitschirm-Startrampe,48.679602,9.838679,,DE,Germany,Германия,takeoff,,,,"{""free_flying:site"": ""takeoff""}",
way,233204546,https://www.openstreetmap.org/way/233204546,Millau - Puncho d'Agast (nord-ouest),44.111059,3.102086,,FR,France (land mass),Франция,takeoff,,,,"{""free_flying:site"": ""takeoff""}",
way,233951593,https://www.openstreetmap.org/way/233951593,Oststart,47.761747,12.559595,,DE,Germany,Германия,takeoff,,,E,"{""free_flying:site"": ""takeoff"", ""free_flying:site_orientation"": ""E""}",
way,234082328,https://www.openstreetmap.org/way/234082328,Kaštelir paraglading,45.330666,13.668041,,HR,Croatia,Хорватия,takeoff,,,,"{""free_flying:site"": ""takeoff""}",
way,234751097,https://www.openstreetmap.org/way/234751097,Japetić,45.740392,15.603638,,HR,Croatia,Хорватия,takeoff,,,,"{""free_flying:site"": ""takeoff""}",
way,234791325,https://www.openstreetmap.org/way/234791325,Poletište Ivanščica,46.181874,16.127410,,HR,Croatia,Хорватия,takeoff,,,,"{""free_flying:site"": ""takeoff""}",
way,236811426,https://www.openstreetmap.org/way/236811426,滑翔翼飛行場,25.181859,121.684973,180,TW,Taiwan,Тайвань,takeoff,,,,"{""free_flying:site"": ""takeoff""}",
way,238447533,https://www.openstreetmap.org/way/238447533,Wenholthausen Südwest,51.302656,8.190452,,DE,Germany,Германия,takeoff,,,,"{""free_flying:official"": ""yes"", ""free_flying:site"": ""takeoff""}",
way,241955428,https://www.openstreetmap.org/way/241955428,Rampa de Vôo Livre do Vale do Paranã,-15.256395,-47.504941,,BR,Brazil,Бразилия,takeoff,,,,"{""free_flying:site"": ""takeoff""}",
way,246269505,https://www.openstreetmap.org/way/246269505,,47.171353,11.810428,,AT,Austria,Австрия,takeoff,,,,"{""free_flying:site"": ""takeoff""}",
way,246269506,https://www.openstreetmap.org/way/246269506,,47.176220,11.816777,,AT,Austria,Австрия,takeoff,,,,"{""free_flying:site"": ""takeoff""}",
way,264599834,https://www.openstreetmap.org/way/264599834,Rampa de Voo Livre de Jaraguá,-15.796162,-49.333687,,BR,Brazil,Бразилия,takeoff,,,,"{""free_flying:site"": ""takeoff""}",
way,276166833,https://www.openstreetmap.org/way/276166833,Küppchen,50.217357,7.384486,,DE,Germany,Германия,takeoff,,,,"{""free_flying:site"": ""takeoff""}",
way,283179267,https://www.openstreetmap.org/way/283179267,Rampa de Vôo Livre de Formosa,-15.511906,-47.292595,,BR,Brazil,Бразилия,takeoff,,,,"{""free_flying:site"": ""takeoff""}",
way,287483876,https://www.openstreetmap.org/way/287483876,Fluggelände Neuffen Nord,48.556277,9.405202,,DE,Germany,Германия,takeoff,,,,"{""free_flying:guest-guidelines"": ""yes"", ""free_flying:site"": ""takeoff""}",
way,287960516,https://www.openstreetmap.org/way/287960516,Ομπλός - Απογείωση Αλεξιπτώτου Πλαγιάς,38.179000,21.766923,,GR,Greece,Греция,takeoff,,,,"{""free_flying:site"": ""takeoff""}",
way,293207083,https://www.openstreetmap.org/way/293207083,Nyikom-starthely,47.909705,19.760980,,HU,Hungary,Венгрия,takeoff,,,,"{""free_flying:site"": ""takeoff""}",
way,302293087,https://www.openstreetmap.org/way/302293087,Startovací louka pro paragliding,49.636308,18.481348,,CZ,Czechia,Чехия,takeoff,,,,"{""free_flying:site"": ""takeoff""}",
way,305641146,https://www.openstreetmap.org/way/305641146,Décollage du Mont Ministre,45.469002,4.693148,757,FR,France (land mass),Франция,takeoff,,,SE,"{""free_flying:official"": ""yes"", ""free_flying:site"": ""takeoff"", ""free_flying:site_orientation"": ""SE""}",
way,305855440,https://www.openstreetmap.org/way/305855440,Südstart,47.761521,12.558823,,DE,Germany,Германия,takeoff,,,S,"{""free_flying:site"": ""takeoff"", ""free_flying:site_orientation"": ""S""}",
way,318233285,https://www.openstreetmap.org/way/318233285,,45.951348,5.486265,,FR,France (land mass),Франция,takeoff,,,,"{""free_flying:site"": ""takeoff""}",
way,321806049,https://www.openstreetmap.org/way/321806049,Startplatz Paragliding,47.427504,11.696375,,AT,Austria,Австрия,takeoff,,,,"{""free_flying:official"": ""yes"", ""free_flying:site"": ""takeoff""}",
way,333171696,https://www.openstreetmap.org/way/333171696,Rampa de Vôo Livre da Pedra Bonita,-22.988111,-43.278908,,BR,Brazil,Бразилия,takeoff,,,,"{""free_flying:site"": ""takeoff""}",
way,341399497,https://www.openstreetmap.org/way/341399497,पुरानो प्याराग्लाइडिङ टेकऑफ,28.243568,83.951507,,NP,Nepal,Непал,takeoff,,,,"{""free_flying:site"": ""takeoff""}",
way,343907338,https://www.openstreetmap.org/way/343907338,,43.710045,6.828400,,FR,France (land mass),Франция,takeoff,,,,"{""free_flying:site"": ""takeoff""}",
way,374609112,https://www.openstreetmap.org/way/374609112,Sárkány-rámpa,47.552016,18.988826,,HU,Hungary,Венгрия,takeoff,,,,"{""free_flying:site"": ""takeoff""}",
way,374611469,https://www.openstreetmap.org/way/374611469,,-6.880453,-37.523806,550,BR,Brazil,Бразилия,takeoff,,,,"{""free_flying:site"": ""takeoff""}",
way,376671383,https://www.openstreetmap.org/way/376671383,Paragliding Takeoff,51.873404,-0.537782,,GB,United Kingdom,Соединённое Королевство,takeoff,,,,"{""free_flying:site"": ""takeoff""}",
way,387200653,https://www.openstreetmap.org/way/387200653,,-26.746190,-49.304899,,BR,Brazil,Бразилия,takeoff,,,,"{""free_flying:site"": ""takeoff""}",
way,389227931,https://www.openstreetmap.org/way/389227931,Bischlingshöhe Startplatz Ost,47.463936,13.299154,,AT,Austria,Австрия,takeoff,,,,"{""free_flying:site"": ""takeoff""}",
way,407898018,https://www.openstreetmap.org/way/407898018,Perler,47.200142,11.846564,,AT,Austria,Австрия,takeoff,,,,"{""free_flying:site"": ""takeoff""}",
way,413153717,https://www.openstreetmap.org/way/413153717,Gleitschirm-Startplatz Schloßberg,48.609681,8.152347,,DE,Germany,Германия,takeoff,,,,"{""free_flying:site"": ""takeoff""}",
way,431068059,https://www.openstreetmap.org/way/431068059,Rampa de Vôo Livre lado Norte,-26.515666,-49.053083,857,BR,Brazil,Бразилия,takeoff,,,,"{""free_flying:site"": ""takeoff""}",
way,431076164,https://www.openstreetmap.org/way/431076164,Rampa de Vôo Livre lado Sul,-26.515897,-49.052857,,BR,Brazil,Бразилия,takeoff,,,,"{""free_flying:site"": ""takeoff""}",
way,431561598,https://www.openstreetmap.org/way/431561598,La madeleine,48.296345,6.906193,,FR,France (land mass),Франция,takeoff,,,,"{""free_flying:site"": ""takeoff""}",
way,435871477,https://www.openstreetmap.org/way/435871477,Rotenfluh Startplatz 1,47.017473,8.700705,1519,CH,Switzerland,Швейцария,takeoff,,,,"{""free_flying:site"": ""takeoff""}",
way,436784460,https://www.openstreetmap.org/way/436784460,Paragliding Takeoff,51.699458,-0.890952,,GB,United Kingdom,Соединённое Королевство,takeoff,,,,"{""free_flying:site"": ""takeoff""}",
way,436787997,https://www.openstreetmap.org/way/436787997,Paragliding/Hangliding Takeoff,51.358712,-1.479828,,GB,United Kingdom,Соединённое Королевство,takeoff,,,,"{""free_flying:site"": ""takeoff""}",
way,442884212,https://www.openstreetmap.org/way/442884212,Decollo parapendio Auberge Inferiore,45.051209,6.841297,,IT,Italy,Италия,takeoff,,,,"{""free_flying:site"": ""takeoff""}",
way,442884213,https://www.openstreetmap.org/way/442884213,Decollo parapendio Auberge Superiore,45.051255,6.834394,,IT,Italy,Италия,takeoff,,,,"{""free_flying:site"": ""takeoff""}",
way,443482317,https://www.openstreetmap.org/way/443482317,Santa Pola - Área de Salto de Parapente,38.219746,-0.515570,,ES,Spain,Испания,takeoff,,,,"{""free_flying:site"": ""takeoff""}",
way,475692647,https://www.openstreetmap.org/way/475692647,Vzletišče Malič,46.182163,15.205679,,SI,Slovenia,Словения,takeoff,,,,"{""free_flying:site"": ""takeoff""}",
way,487919118,https://www.openstreetmap.org/way/487919118,diablerets,46.324359,7.207439,,CH,Switzerland,Швейцария,takeoff,,,,"{""free_flying:site"": ""takeoff""}",
way,509204018,https://www.openstreetmap.org/way/509204018,,45.911387,8.643161,,IT,Italy,Италия,takeoff,,,,"{""free_flying:site"": ""takeoff""}",
way,512401294,https://www.openstreetmap.org/way/512401294,Mornera Paragliding takeoff,46.205720,8.985972,,CH,Switzerland,Швейцария,takeoff,,,,"{""free_flying:site"": ""takeoff""}",
way,514455075,https://www.openstreetmap.org/way/514455075,पुरानो प्याराग्लाइडिङ टेकऑफ,28.241660,83.951150,,NP,Nepal,Непал,takeoff,,,,"{""free_flying:site"": ""takeoff""}",
way,531726007,https://www.openstreetmap.org/way/531726007,Rampa de Tacima,-6.506578,-35.665347,,BR,Brazil,Бразилия,takeoff,,,,"{""free_flying:site"": ""takeoff""}",
way,531726010,https://www.openstreetmap.org/way/531726010,Rampa do Galeguinho,-7.045281,-35.645063,,BR,Brazil,Бразилия,takeoff,,,,"{""free_flying:site"": ""takeoff""}",
way,531726013,https://www.openstreetmap.org/way/531726013,Rampa do Memorial Frei Damião,-6.831377,-35.493696,,BR,Brazil,Бразилия,takeoff,,,,"{""free_flying:site"": ""takeoff""}",
way,531726014,https://www.openstreetmap.org/way/531726014,Rampa da Praia das Cardosas,-6.610565,-34.965131,,BR,Brazil,Бразилия,takeoff,,,,"{""free_flying:site"": ""takeoff""}",
way,531726015,https://www.openstreetmap.org/way/531726015,Rampa da Praia do Sol,-7.229188,-34.805532,,BR,Brazil,Бразилия,takeoff,,,,"{""free_flying:site"": ""takeoff""}",
way,531733703,https://www.openstreetmap.org/way/531733703,Rampa de Voo Livre de Pesqueira,-8.325862,-36.693614,,BR,Brazil,Бразилия,takeoff,,,,"{""free_flying:site"": ""takeoff""}",
way,531733719,https://www.openstreetmap.org/way/531733719,Rampa de Voo Livre de Riacho das Almas,-8.155878,-35.917118,,BR,Brazil,Бразилия,takeoff,,,,"{""free_flying:site"": ""takeoff""}",
way,531733721,https://www.openstreetmap.org/way/531733721,Rampa de Vicência,-7.662206,-35.329877,,BR,Brazil,Бразилия,takeoff,,,,"{""free_flying:site"": ""takeoff""}",
way,531738645,https://www.openstreetmap.org/way/531738645,Rampa de Voo Livre de Patu,-6.095015,-37.662502,,BR,Brazil,Бразилия,takeoff,,,,"{""free_flying:site"": ""takeoff""}",
way,531738648,https://www.openstreetmap.org/way/531738648,Rampa da Praia da Pipa,-6.228504,-35.043651,,BR,Brazil,Бразилия,takeoff,,,,"{""free_flying:site"": ""takeoff""}",
way,534271501,https://www.openstreetmap.org/way/534271501,外澳飛行場,24.884892,121.842094,172,TW,Taiwan,Тайвань,takeoff,,,,"{""free_flying:site"": ""takeoff""}",
way,534826174,https://www.openstreetmap.org/way/534826174,Mystic Flight Park,-36.758443,146.965893,,AU,Australia,Австралия,takeoff,,,,"{""free_flying:site"": ""takeoff""}",
way,540487846,https://www.openstreetmap.org/way/540487846,,45.285149,14.201817,1396,HR,Croatia,Хорватия,takeoff,,,W,"{""free_flying:site"": ""takeoff"", ""free_flying:site_orientation"": ""W""}",
way,554572240,https://www.openstreetmap.org/way/554572240,Startplatz DGCW,48.577564,9.592875,,DE,Germany,Германия,takeoff,,,,"{""free_flying:site"": ""takeoff""}",
way,557859525,https://www.openstreetmap.org/way/557859525,Free flight Take Off N,-33.738817,151.312282,,AU,Australia,Австралия,takeoff,,,N,"{""free_flying:site"": ""takeoff"", ""free_flying:site_orientation"": ""N""}",
way,559274213,https://www.openstreetmap.org/way/559274213,Rampa do Pepê,-7.907792,-36.019449,,BR,Brazil,Бразилия,takeoff,,,,"{""free_flying:site"": ""takeoff""}",
way,561879277,https://www.openstreetmap.org/way/561879277,Kohleckle,48.413639,7.966591,,DE,Germany,Германия,takeoff,,,,"{""free_flying:site"": ""takeoff""}",
way,590915938,https://www.openstreetmap.org/way/590915938,,61.152337,10.443047,,NO,Norway,Норвегия,takeoff,,,,"{""free_flying:site"": ""takeoff""}",
way,620212961,https://www.openstreetmap.org/way/620212961,Paragliding Take-Off,2.835301,101.417570,,MY,Malaysia,Малайзия,takeoff,,,,"{""free_flying:site"": ""takeoff""}",
way,622113228,https://www.openstreetmap.org/way/622113228,Fluggelände Erlau,49.742815,8.822662,,DE,Germany,Германия,takeoff,,,,"{""free_flying:site"": ""takeoff""}",
way,630167861,https://www.openstreetmap.org/way/630167861,Paragliding takeoff,33.994666,35.669161,,LB,Lebanon,Ливан,takeoff,,,,"{""free_flying:site"": ""takeoff""}",
way,636941686,https://www.openstreetmap.org/way/636941686,Zona de despegue de Levante,37.149473,-4.149103,990,ES,Spain,Испания,takeoff,,,,"{""free_flying:site"": ""takeoff""}",
way,641235282,https://www.openstreetmap.org/way/641235282,Startplatz Börry,52.046398,9.452491,,DE,Germany,Германия,takeoff,,,,"{""free_flying:site"": ""takeoff""}",
way,641242781,https://www.openstreetmap.org/way/641242781,Zona de despegue de Poniente,37.132677,-4.183898,1230,ES,Spain,Испания,takeoff,,,,"{""free_flying:site"": ""takeoff""}",
way,641611175,https://www.openstreetmap.org/way/641611175,Decollo normale,45.161807,7.463436,1000,IT,Italy,Италия,takeoff,,,,"{""free_flying:official"": ""yes"", ""free_flying:site"": ""takeoff""}",
way,666101784,https://www.openstreetmap.org/way/666101784,El Peñon paragliding & hang gliding take off,19.061623,-100.090385,,MX,Mexico,Мексика,takeoff,,,,"{""free_flying:site"": ""takeoff""}",
way,666446423,https://www.openstreetmap.org/way/666446423,Startplatz Sonnenbahn Gleitschirmfliegen,46.985515,9.964099,,AT,Austria,Австрия,takeoff,,,,"{""free_flying:site"": ""takeoff""}",
way,669395487,https://www.openstreetmap.org/way/669395487,Zona de despegue de Poniente,37.131269,-4.184846,,ES,Spain,Испания,takeoff,,,,"{""free_flying:site"": ""takeoff""}",
way,678958883,https://www.openstreetmap.org/way/678958883,Χανόπουλο - Απογείωση Αλεξιπτώτου Πλαγιάς,39.202446,20.947992,,GR,Greece,Греция,takeoff,,,,"{""free_flying:site"": ""takeoff""}",
way,687181483,https://www.openstreetmap.org/way/687181483,Gleitschirmfliegen Tiertalberg,49.894231,9.837748,,DE,Germany,Германия,takeoff,,,,"{""free_flying:site"": ""takeoff""}",
way,708002992,https://www.openstreetmap.org/way/708002992,,40.106005,-7.501611,,PT,Portugal,Португалия,takeoff,,,N,"{""free_flying:site"": ""takeoff"", ""free_flying:site_orientation"": ""N""}",
way,715055179,https://www.openstreetmap.org/way/715055179,Rampa de voo livre de Jandaia,-17.048426,-50.113312,,BR,Brazil,Бразилия,takeoff,,,,"{""free_flying:site"": ""takeoff""}",
way,717276513,https://www.openstreetmap.org/way/717276513,,46.673623,13.896286,,AT,Austria,Австрия,takeoff,,,,"{""free_flying:site"": ""takeoff""}",
way,721399753,https://www.openstreetmap.org/way/721399753,,35.180432,127.479588,,KR,South Korea,Республика Корея,takeoff,,,W;NW,"{""free_flying:official"": ""yes"", ""free_flying:site"": ""takeoff"", ""free_flying:site_orientation"": ""W;NW"", ""free_flying:tandem"": ""yes""}",
way,732140889,https://www.openstreetmap.org/way/732140889,,45.438726,7.647118,1400,IT,Italy,Италия,takeoff,,,,"{""free_flying:site"": ""takeoff""}",
way,732141911,https://www.openstreetmap.org/way/732141911,,45.660367,8.075337,1460,IT,Italy,Италия,takeoff,,,,"{""free_flying:site"": ""takeoff""}",
way,755755991,https://www.openstreetmap.org/way/755755991,Paragleiter-Startplatz Grünberg,47.898418,13.818035,,AT,Austria,Австрия,takeoff,,,,"{""free_flying:site"": ""takeoff""}",
way,761106761,https://www.openstreetmap.org/way/761106761,丹那エリア　パラグライダー離陸場,35.104691,139.035255,,JP,Japan,Япония,takeoff,,,,"{""free_flying:site"": ""takeoff""}",
way,784326867,https://www.openstreetmap.org/way/784326867,,-29.402554,-51.801243,,BR,Brazil,Бразилия,takeoff,,,,"{""free_flying:site"": ""takeoff""}",
way,790522697,https://www.openstreetmap.org/way/790522697,Rampa de Vôo Livre Amaury Fernandes,-19.908406,-40.654127,915,BR,Brazil,Бразилия,takeoff,,,,"{""free_flying:site"": ""takeoff""}",
way,810360843,https://www.openstreetmap.org/way/810360843,Marshall,34.209715,-117.302938,,US,United States,Соединённые Штаты Америки,takeoff,,,,"{""free_flying:site"": ""takeoff""}",
way,810360894,https://www.openstreetmap.org/way/810360894,Crestline,34.235859,-117.313040,,US,United States,Соединённые Штаты Америки,takeoff,,,,"{""free_flying:site"": ""takeoff""}",
way,822169790,https://www.openstreetmap.org/way/822169790,木頭山飛行場地,24.688854,121.113194,,TW,Taiwan,Тайвань,takeoff,,,,"{""free_flying:site"": ""takeoff""}",
way,823930522,https://www.openstreetmap.org/way/823930522,Rampa de Parapente de Solidão,-20.766378,-40.796918,,BR,Brazil,Бразилия,takeoff,,,,"{""free_flying:site"": ""takeoff""}",
way,823937968,https://www.openstreetmap.org/way/823937968,Rampa de Parapente de Cachoeira Alta,-20.671549,-40.780402,465,BR,Brazil,Бразилия,takeoff,,,,"{""free_flying:site"": ""takeoff""}",
way,835617862,https://www.openstreetmap.org/way/835617862,,34.849250,137.654734,,JP,Japan,Япония,takeoff,,,,"{""free_flying:site"": ""takeoff""}",
way,836931719,https://www.openstreetmap.org/way/836931719,Despegue Parapente Palomaret,38.486211,-0.675199,850,ES,Spain,Испания,takeoff,,,S,"{""free_flying:site"": ""takeoff"", ""free_flying:site_orientation"": ""S""}",
way,845156436,https://www.openstreetmap.org/way/845156436,Paragleiter-Startplatz Hauserbauer/Kronbauer,47.899375,14.076981,,AT,Austria,Австрия,takeoff,,,,"{""free_flying:site"": ""takeoff""}",
way,846383200,https://www.openstreetmap.org/way/846383200,Drachenflieger-Startrampe Hirschwaldstein,47.886535,14.163428,,AT,Austria,Австрия,takeoff,,,,"{""free_flying:site"": ""takeoff""}",
way,847176718,https://www.openstreetmap.org/way/847176718,Rosenberg,50.317830,7.461415,,DE,Germany,Германия,takeoff,,,,"{""free_flying:site"": ""takeoff""}",
way,877642311,https://www.openstreetmap.org/way/877642311,,-3.664583,-40.960122,,BR,Brazil,Бразилия,takeoff,,,,"{""free_flying:site"": ""takeoff""}",
way,878148328,https://www.openstreetmap.org/way/878148328,虎嘯山莊,23.964104,120.989371,,TW,Taiwan,Тайвань,takeoff,,,,"{""free_flying:site"": ""takeoff""}",
way,891722634,https://www.openstreetmap.org/way/891722634,,44.259196,7.794127,,IT,Italy,Италия,takeoff,,,,"{""free_flying:site"": ""takeoff""}",
way,893921416,https://www.openstreetmap.org/way/893921416,Startplatz 2 Gleitschirmflieger Sassenroth NW,50.770144,7.930233,,DE,Germany,Германия,,,,NW,"{""free_flying:takeoff"": ""yes""}",
way,900428400,https://www.openstreetmap.org/way/900428400,,58.491511,15.102375,,SE,Sweden,Швеция,takeoff,,,,"{""free_flying:site"": ""takeoff""}",
way,910731032,https://www.openstreetmap.org/way/910731032,Mt. Hatis Paraglding take-off site,40.296255,44.697724,,AM,Armenia,Армения,takeoff,,,,"{""free_flying:site"": ""takeoff""}",
way,924737165,https://www.openstreetmap.org/way/924737165,Despegue Parapente Villar del Arzobispo,39.726352,-0.851325,,ES,Spain,Испания,takeoff,,,"SE,E","{""free_flying:site"": ""takeoff"", ""free_flying:site_orientation"": ""SE,E""}",
way,927192883,https://www.openstreetmap.org/way/927192883,Startplatz Kloster Banz,50.134312,10.998827,,DE,Germany,Германия,takeoff,,,,"{""free_flying:site"": ""takeoff""}",
way,927204736,https://www.openstreetmap.org/way/927204736,Startplatz Veitsberg,50.063164,11.000401,,DE,Germany,Германия,takeoff,,,,"{""free_flying:site"": ""takeoff""}",
way,936391201,https://www.openstreetmap.org/way/936391201,Rampa de Vôo Livre Clementino Izoton,-19.228949,-40.866102,658,BR,Brazil,Бразилия,takeoff,,,,"{""free_flying:site"": ""takeoff""}",
way,939251693,https://www.openstreetmap.org/way/939251693,Décollage Apremont,46.199603,5.666849,1030,FR,France (land mass),Франция,takeoff,,,"NW,W","{""free_flying:official"": ""no"", ""free_flying:site"": ""takeoff"", ""free_flying:site_orientation"": ""NW,W""}",
way,939605016,https://www.openstreetmap.org/way/939605016,Lower Mt. St. Benedict Launch Site,49.284610,-122.213654,,CA,Canada,Канада,takeoff,,,,"{""free_flying:official"": ""yes"", ""free_flying:site"": ""takeoff""}",
way,941828999,https://www.openstreetmap.org/way/941828999,"Parlick West, PG take off",53.900007,-2.617687,,GB,United Kingdom,Соединённое Королевство,takeoff,,,,"{""free_flying:site"": ""takeoff""}",
way,941829003,https://www.openstreetmap.org/way/941829003,"Parlick South, PG take off",53.899362,-2.615801,,GB,United Kingdom,Соединённое Королевство,takeoff,,,,"{""free_flying:site"": ""takeoff""}",
way,941829004,https://www.openstreetmap.org/way/941829004,"Parlick East, PG take off",53.900439,-2.612264,,GB,United Kingdom,Соединённое Королевство,takeoff,,,,"{""free_flying:site"": ""takeoff""}",
way,941829005,https://www.openstreetmap.org/way/941829005,"Fairsnape, PG take off",53.912366,-2.617026,,GB,United Kingdom,Соединённое Королевство,takeoff,,,,"{""free_flying:site"": ""takeoff""}",
way,941829006,https://www.openstreetmap.org/way/941829006,"Longridge, PG take off",53.859141,-2.544283,,GB,United Kingdom,Соединённое Королевство,takeoff,,,,"{""free_flying:site"": ""takeoff""}",
way,941829007,https://www.openstreetmap.org/way/941829007,"Pendle main, PG take off",53.856798,-2.338175,,GB,United Kingdom,Соединённое Королевство,takeoff,,,,"{""free_flying:site"": ""takeoff""}",
way,941829008,https://www.openstreetmap.org/way/941829008,"Pendle, PG take off",53.850199,-2.340276,,GB,United Kingdom,Соединённое Королевство,takeoff,,,,"{""free_flying:site"": ""takeoff""}",
way,946395556,https://www.openstreetmap.org/way/946395556,La Roche Guillaume,47.154066,6.857676,,CH,Switzerland,Швейцария,takeoff,,,,"{""free_flying:site"": ""takeoff""}",
way,963003734,https://www.openstreetmap.org/way/963003734,Rampa de Vôo Livre Raio de Sol,-18.879241,-41.126902,699,BR,Brazil,Бразилия,takeoff,,,,"{""free_flying:site"": ""takeoff""}",
way,963003736,https://www.openstreetmap.org/way/963003736,Rampa de Vôo Livre de Vargem Alegre,-18.849681,-40.848841,590,BR,Brazil,Бразилия,takeoff,,,,"{""free_flying:site"": ""takeoff""}",
way,963003741,https://www.openstreetmap.org/way/963003741,Rampa de Vôo Livre do Cleiton,-19.280945,-40.410636,522,BR,Brazil,Бразилия,takeoff,,,,"{""free_flying:site"": ""takeoff""}",
way,963003775,https://www.openstreetmap.org/way/963003775,Rampa de Vôo Livre da Pedra da Galinha,-19.736614,-40.996720,730,BR,Brazil,Бразилия,takeoff,,,,"{""free_flying:site"": ""takeoff""}",
way,968276109,https://www.openstreetmap.org/way/968276109,,45.535656,2.989772,,FR,France (land mass),Франция,takeoff,,,N,"{""free_flying:official"": ""yes"", ""free_flying:site"": ""takeoff"", ""free_flying:site_orientation"": ""N""}",
way,969599419,https://www.openstreetmap.org/way/969599419,,50.026094,9.797673,,DE,Germany,Германия,takeoff,,,,"{""free_flying:site"": ""takeoff""}",
way,969854703,https://www.openstreetmap.org/way/969854703,Rampa de Vôo Livre de Venda Nova,-20.350275,-41.112703,1100,BR,Brazil,Бразилия,takeoff,,,,"{""free_flying:site"": ""takeoff""}",
way,969854709,https://www.openstreetmap.org/way/969854709,Rampa de Apeninos,-20.588513,-41.165273,650,BR,Brazil,Бразилия,takeoff,,,,"{""free_flying:site"": ""takeoff""}",
way,982037856,https://www.openstreetmap.org/way/982037856,,49.201262,8.001824,,DE,Germany,Германия,takeoff,,,,"{""free_flying:site"": ""takeoff""}",
way,982037857,https://www.openstreetmap.org/way/982037857,,49.201378,8.001753,,DE,Germany,Германия,takeoff,,,,"{""free_flying:site"": ""takeoff""}",
way,983871543,https://www.openstreetmap.org/way/983871543,,46.914962,11.897775,,IT,Italy,Италия,takeoff,,,sw-so,"{""free_flying:official"": ""yes"", ""free_flying:site"": ""takeoff""}",
way,993311856,https://www.openstreetmap.org/way/993311856,,44.259647,7.793118,,IT,Italy,Италия,takeoff,,,,"{""free_flying:site"": ""takeoff""}",
way,993758766,https://www.openstreetmap.org/way/993758766,Radspitze,50.235190,11.433590,,DE,Germany,Германия,takeoff,,,,"{""free_flying:site"": ""takeoff""}",
way,1000860707,https://www.openstreetmap.org/way/1000860707,,40.403529,-7.454418,,PT,Portugal,Португалия,takeoff,,,,"{""free_flying:site"": ""takeoff""}",
way,1006773888,https://www.openstreetmap.org/way/1006773888,Paragliding Startpoint Tannheim/Neunerköpfle,47.482560,10.541921,,AT,Austria,Австрия,takeoff,,,,"{""free_flying:site"": ""takeoff""}",
way,1016017277,https://www.openstreetmap.org/way/1016017277,,-33.643668,150.244536,,AU,Australia,Австралия,takeoff,,,,"{""free_flying:site"": ""takeoff""}",
way,1016017280,https://www.openstreetmap.org/way/1016017280,,-33.643761,150.244835,,AU,Australia,Австралия,takeoff,,,,"{""free_flying:site"": ""takeoff""}",
way,1025850344,https://www.openstreetmap.org/way/1025850344,"Despegue de Parapente, Monte Comado",43.527147,-7.170441,465,ES,Spain,Испания,takeoff,,,,"{""free_flying:site"": ""takeoff""}",
way,1034762858,https://www.openstreetmap.org/way/1034762858,Décollage La Merquière,43.649817,3.230107,,FR,France (land mass),Франция,takeoff,,,,"{""free_flying:site"": ""takeoff""}",
way,1034762859,https://www.openstreetmap.org/way/1034762859,Décollage Brenas,43.635757,3.266359,,FR,France (land mass),Франция,takeoff,,,,"{""free_flying:site"": ""takeoff""}",
way,1043854989,https://www.openstreetmap.org/way/1043854989,Décollage parapente la Séranne - Déco Roc Blanc,43.867728,3.636536,,FR,France (land mass),Франция,takeoff,,,,"{""free_flying:site"": ""takeoff""}",
way,1050480343,https://www.openstreetmap.org/way/1050480343,,43.807708,7.689396,,IT,Italy,Италия,takeoff,,,,"{""free_flying:site"": ""takeoff""}",
way,1056161424,https://www.openstreetmap.org/way/1056161424,,49.188315,7.887961,,DE,Germany,Германия,takeoff,,,,"{""free_flying:site"": ""takeoff""}",
way,1056164848,https://www.openstreetmap.org/way/1056164848,,49.191698,8.004587,,DE,Germany,Германия,takeoff,,,,"{""free_flying:site"": ""takeoff""}",
way,1056165409,https://www.openstreetmap.org/way/1056165409,,49.216507,7.960421,,DE,Germany,Германия,takeoff,,,,"{""free_flying:site"": ""takeoff""}",
way,1056166096,https://www.openstreetmap.org/way/1056166096,,49.265806,8.070374,,DE,Germany,Германия,takeoff,,,,"{""free_flying:site"": ""takeoff""}",
way,1058824315,https://www.openstreetmap.org/way/1058824315,FreeFly Launch Site 1,29.846656,121.946875,,CN,China,Китай,takeoff,,,,"{""free_flying:site"": ""takeoff""}",
way,1068399547,https://www.openstreetmap.org/way/1068399547,"лагерь СЛА ""Лиственная""",54.806187,90.779765,,RU,Russia,Россия,takeoff,,,,"{""free_flying:site"": ""takeoff""}",
way,1079805661,https://www.openstreetmap.org/way/1079805661,Seceda West,46.593244,11.722843,,IT,Italy,Италия,takeoff,,,,"{""free_flying:site"": ""takeoff""}",
way,1081531470,https://www.openstreetmap.org/way/1081531470,,50.794734,7.628174,,DE,Germany,Германия,,,,SW-W,"{""free_flying:takeoff"": ""yes""}",
way,1088705310,https://www.openstreetmap.org/way/1088705310,Upper Mt. St. Benedict Launch Site,49.297731,-122.205684,,CA,Canada,Канада,takeoff,,,,"{""free_flying:official"": ""yes"", ""free_flying:site"": ""takeoff""}",
way,1096179231,https://www.openstreetmap.org/way/1096179231,Rampa de Voo Livre SE,-29.500895,-54.727448,,BR,Brazil,Бразилия,takeoff,,,,"{""free_flying:site"": ""takeoff""}",
way,1097607319,https://www.openstreetmap.org/way/1097607319,Cooper's Launch,50.285601,-118.985862,,CA,Canada,Канада,takeoff,,,,"{""free_flying:site"": ""takeoff""}",
way,1101541750,https://www.openstreetmap.org/way/1101541750,,41.368246,21.272304,,MK,North Macedonia,Северная Македония,takeoff,,,,"{""free_flying:site"": ""takeoff""}",
way,1102716806,https://www.openstreetmap.org/way/1102716806,Finale Volo,44.184127,8.372894,,IT,Italy,Италия,takeoff,,,S,"{""free_flying:site"": ""takeoff"", ""free_flying:site_orientation"": ""S""}",
way,1107490219,https://www.openstreetmap.org/way/1107490219,Paraglider Start,47.977016,15.608474,,AT,Austria,Австрия,takeoff,,,,"{""free_flying:site"": ""takeoff""}",
way,1107515721,https://www.openstreetmap.org/way/1107515721,Paraglider Start Muckenkogel 2,47.985197,15.600982,,AT,Austria,Австрия,takeoff,,,nw,"{""free_flying:site"": ""takeoff""}",
way,1112873128,https://www.openstreetmap.org/way/1112873128,Monte Bardia Paragliding Take-Off,40.275405,9.594506,,IT,Italy,Италия,takeoff,,,,"{""free_flying:site"": ""takeoff""}",
way,1114901809,https://www.openstreetmap.org/way/1114901809,,39.431161,-8.917025,,PT,Portugal,Португалия,takeoff,,,,"{""free_flying:site"": ""takeoff""}",
way,1121173596,https://www.openstreetmap.org/way/1121173596,Decollo di Guido,45.160330,7.461871,915,IT,Italy,Италия,takeoff,,,,"{""free_flying:site"": ""takeoff""}",
way,1132499870,https://www.openstreetmap.org/way/1132499870,KKB Paragliding Park,3.559049,101.678215,,MY,Malaysia,Малайзия,takeoff,,,,"{""free_flying:site"": ""takeoff""}",
way,1134263158,https://www.openstreetmap.org/way/1134263158,,43.292581,43.165857,,RU,Russia,Россия,takeoff,,,,"{""free_flying:site"": ""takeoff""}",
way,1134263159,https://www.openstreetmap.org/way/1134263159,,43.291530,43.162134,,RU,Russia,Россия,takeoff,,,,"{""free_flying:site"": ""takeoff""}",
way,1136571536,https://www.openstreetmap.org/way/1136571536,Dewdney Bench,49.180084,-122.215841,,CA,Canada,Канада,takeoff,,,,"{""free_flying:official"": ""yes"", ""free_flying:site"": ""takeoff""}",
way,1152660012,https://www.openstreetmap.org/way/1152660012,,48.640718,8.171041,,DE,Germany,Германия,takeoff,,,,"{""free_flying:site"": ""takeoff""}",
way,1156893063,https://www.openstreetmap.org/way/1156893063,प्याराग्लाइडिङ टेकऑफ,28.269719,83.920080,,NP,Nepal,Непал,takeoff,,,,"{""free_flying:site"": ""takeoff""}",
way,1158322841,https://www.openstreetmap.org/way/1158322841,Sandia Peak Launch,35.196501,-106.434559,,US,United States,Соединённые Штаты Америки,takeoff,,,W,"{""free_flying:site"": ""takeoff"", ""free_flying:site_orientation"": ""W""}",
way,1159138582,https://www.openstreetmap.org/way/1159138582,Paragliding,40.268170,29.233944,,TR,Turkey,Турция,takeoff,,,,"{""free_flying:site"": ""takeoff""}",
way,1163741846,https://www.openstreetmap.org/way/1163741846,,46.129447,14.464085,,SI,Slovenia,Словения,takeoff,,,SE,"{""free_flying:site"": ""takeoff"", ""free_flying:site_orientation"": ""SE""}",
way,1167407663,https://www.openstreetmap.org/way/1167407663,Paramotor,2.860637,-60.645433,,BR,Brazil,Бразилия,takeoff,,,,"{""free_flying:site"": ""takeoff""}",
way,1167722945,https://www.openstreetmap.org/way/1167722945,Startowisko Rudnik,50.774060,15.866851,851,PL,Poland,Польша,takeoff,,,,"{""free_flying:site"": ""takeoff""}",
way,1170410091,https://www.openstreetmap.org/way/1170410091,,45.948328,11.045144,1080,IT,Italy,Италия,takeoff,,,,"{""free_flying:site"": ""takeoff""}",
way,1178134972,https://www.openstreetmap.org/way/1178134972,,49.202744,8.004409,,DE,Germany,Германия,takeoff,,,,"{""free_flying:site"": ""takeoff""}",
way,1184982172,https://www.openstreetmap.org/way/1184982172,,46.191327,9.364759,,IT,Italy,Италия,takeoff,,,,"{""free_flying:site"": ""takeoff""}",
way,1201364407,https://www.openstreetmap.org/way/1201364407,Paragleiter Startplatz Unterberghorn 1 und 2,47.631887,12.431856,,AT,Austria,Австрия,takeoff,,,,"{""free_flying:site"": ""takeoff""}",
way,1201364408,https://www.openstreetmap.org/way/1201364408,Paragleiter Startplatz Unterberghorn 3,47.623737,12.436631,,AT,Austria,Австрия,takeoff,,,,"{""free_flying:site"": ""takeoff""}",
way,1204837518,https://www.openstreetmap.org/way/1204837518,Paragleiter Startplatz Thaurer Alm,47.314625,11.452387,,AT,Austria,Австрия,takeoff,,,,"{""free_flying:site"": ""takeoff""}",
way,1206223604,https://www.openstreetmap.org/way/1206223604,,41.326192,-77.624542,,US,United States,Соединённые Штаты Америки,takeoff,,,,"{""free_flying:site"": ""takeoff""}",
way,1213308045,https://www.openstreetmap.org/way/1213308045,Decollo Avena Est,46.033868,11.831052,,IT,Italy,Италия,takeoff,,,NE,"{""free_flying:site"": ""takeoff"", ""free_flying:site_orientation"": ""NE""}",
way,1213308046,https://www.openstreetmap.org/way/1213308046,Decollo Avena Sud,46.029622,11.826379,,IT,Italy,Италия,takeoff,,,SE,"{""free_flying:site"": ""takeoff"", ""free_flying:site_orientation"": ""SE""}",
way,1213320619,https://www.openstreetmap.org/way/1213320619,Decollo Paion,46.242893,11.503189,,IT,Italy,Италия,takeoff,,,N;NW,"{""free_flying:site"": ""takeoff"", ""free_flying:site_orientation"": ""N;NW""}",
way,1216011567,https://www.openstreetmap.org/way/1216011567,Βαράσοβα - Απογείωση Αλεξιπτώτου Πλαγιάς,38.371517,21.577613,,GR,Greece,Греция,takeoff,,,,"{""free_flying:site"": ""takeoff""}",
way,1216012299,https://www.openstreetmap.org/way/1216012299,Ρέτσινα - Απογείωση Αλεξιπτώτου Πλαγιάς,38.432898,21.402047,,GR,Greece,Греция,takeoff,,,,"{""free_flying:site"": ""takeoff""}",
way,1216013575,https://www.openstreetmap.org/way/1216013575,Βλαχέρνα Αγρινίου - Απογείωση Αλεξιπτώτου Πλαγιάς,38.654612,21.397273,,GR,Greece,Греция,takeoff,,,,"{""free_flying:site"": ""takeoff""}",
way,1216014316,https://www.openstreetmap.org/way/1216014316,"Εμπεσός - Απογείωση Αλεξιπτώτου Πλαγιάς ""Ιωακείμ Σκόνδρας""",39.003521,21.330249,,GR,Greece,Греция,takeoff,,,,"{""free_flying:site"": ""takeoff""}",
way,1216015159,https://www.openstreetmap.org/way/1216015159,Εξάνθεια - Απογείωση Αλεξιπτώτου Πλαγιάς,38.758136,20.616213,,GR,Greece,Греция,takeoff,,,,"{""free_flying:site"": ""takeoff""}",
way,1216015252,https://www.openstreetmap.org/way/1216015252,Παλαιοκαρυά - Απογείωση Αλεξιπτώτου Πλαγιάς,38.618539,21.563567,,GR,Greece,Греция,takeoff,,,,"{""free_flying:site"": ""takeoff""}",
way,1216015852,https://www.openstreetmap.org/way/1216015852,Αγία Ευθυμία - Απογείωση Αλεξιπτώτου Πλαγιάς,38.494836,22.338488,,GR,Greece,Греция,takeoff,,,,"{""free_flying:site"": ""takeoff""}",
way,1216016156,https://www.openstreetmap.org/way/1216016156,Σαντομέρι - Απογείωση Αλεξιπτώτου Πλαγιάς,37.978190,21.572945,,GR,Greece,Греция,takeoff,,,,"{""free_flying:site"": ""takeoff""}",
way,1216019301,https://www.openstreetmap.org/way/1216019301,Μουζάκι - Απογείωση Αλεξιπτώτου Πλαγιάς,39.425904,21.635850,,GR,Greece,Греция,takeoff,,,,"{""free_flying:site"": ""takeoff""}",
way,1216021064,https://www.openstreetmap.org/way/1216021064,Κερασιές - Απογείωση Αλεξιπτώτου Πλαγιάς,40.874120,21.796802,,GR,Greece,Греция,takeoff,,,,"{""free_flying:site"": ""takeoff""}",
way,1217064072,https://www.openstreetmap.org/way/1217064072,Κανδήλι - Απογείωση Αλεξιπτώτου Πλαγιάς,38.064333,23.375363,,GR,Greece,Греция,takeoff,,,,"{""free_flying:site"": ""takeoff""}",
way,1217938535,https://www.openstreetmap.org/way/1217938535,Βέργα - Απογείωση Αλεξιπτώτου Πλαγιάς,37.006692,22.177683,,GR,Greece,Греция,takeoff,,,,"{""free_flying:site"": ""takeoff""}",
way,1217939601,https://www.openstreetmap.org/way/1217939601,Σαϊδόνα - Απογείωση Αλεξιπτώτου Πλαγιάς,36.882640,22.289874,,GR,Greece,Греция,takeoff,,,,"{""free_flying:site"": ""takeoff""}",
way,1222006099,https://www.openstreetmap.org/way/1222006099,Startplatz Wurmegg,46.556241,7.887716,,CH,Switzerland,Швейцария,takeoff,,,,"{""free_flying:site"": ""takeoff""}",
way,1222006100,https://www.openstreetmap.org/way/1222006100,Startplatz Schiltgrat,46.556644,7.873256,,CH,Switzerland,Швейцария,takeoff,,,,"{""free_flying:site"": ""takeoff""}",
way,1225287009,https://www.openstreetmap.org/way/1225287009,Καλάβρυτα (Νότια) - Απογείωση Αλεξιπτώτου Πλαγιάς,38.009262,22.121795,,GR,Greece,Греция,takeoff,,,,"{""free_flying:site"": ""takeoff""}",
way,1225287010,https://www.openstreetmap.org/way/1225287010,Καλάβρυτα (Βόρεια) - Απογείωση Αλεξιπτώτου Πλαγιάς,38.007984,22.116742,,GR,Greece,Греция,takeoff,,,,"{""free_flying:site"": ""takeoff""}",
way,1225746405,https://www.openstreetmap.org/way/1225746405,Δελφοί - Απογείωση Αλεξιπτώτου Πλαγιάς,38.485074,22.475430,,GR,Greece,Греция,takeoff,,,,"{""free_flying:site"": ""takeoff""}",
way,1225749008,https://www.openstreetmap.org/way/1225749008,Κορύλοβος (Ανατολικά) - Απογείωση Αλεξιπτώτου Πλαγιάς,41.169196,24.173685,,GR,Greece,Греция,takeoff,,,,"{""free_flying:site"": ""takeoff""}",
way,1225749009,https://www.openstreetmap.org/way/1225749009,Κορύλοβος (Νοτια) - Απογείωση Αλεξιπτώτου Πλαγιάς,41.166120,24.166335,,GR,Greece,Греция,takeoff,,,,"{""free_flying:site"": ""takeoff""}",
way,1226613077,https://www.openstreetmap.org/way/1226613077,Πρόμαχοι - Απογείωση,41.039086,21.984890,,GR,Greece,Греция,takeoff,,,,"{""free_flying:site"": ""takeoff""}",
way,1229131471,https://www.openstreetmap.org/way/1229131471,Hangglider setup & launch,40.474644,-111.891948,,US,United States,Соединённые Штаты Америки,,,,,"{""free_flying:takeoff"": ""yes""}",
way,1229131472,https://www.openstreetmap.org/way/1229131472,Paraglider Launch,40.474194,-111.892892,,US,United States,Соединённые Штаты Америки,,,,,"{""free_flying:takeoff"": ""yes""}",
way,1229644671,https://www.openstreetmap.org/way/1229644671,Ύπατο - Απογείωση Αλεξιπτώτου Πλαγιάς,38.401746,23.401415,,GR,Greece,Греция,takeoff,,,,"{""free_flying:site"": ""takeoff""}",
way,1229646838,https://www.openstreetmap.org/way/1229646838,Καλέντζι - Απογείωση,37.944923,21.766735,,GR,Greece,Греция,takeoff,,,,"{""free_flying:site"": ""takeoff""}",
way,1229649624,https://www.openstreetmap.org/way/1229649624,Σκιαδάς - Απογείωση,37.874066,21.697923,,GR,Greece,Греция,takeoff,,,,"{""free_flying:site"": ""takeoff""}",
way,1229650613,https://www.openstreetmap.org/way/1229650613,Χαλανδρίτσα - Απογείωση,38.138027,21.782038,,GR,Greece,Греция,takeoff,,,,"{""free_flying:site"": ""takeoff""}",
way,1229650692,https://www.openstreetmap.org/way/1229650692,Καλούσι - Απογείωση,38.040688,21.796567,,GR,Greece,Греция,takeoff,,,,"{""free_flying:site"": ""takeoff""}",
way,1229652157,https://www.openstreetmap.org/way/1229652157,Πούντα Διακοπτό - Απογείωση Αλεξιπτώτου Πλαγιάς,38.163913,22.216763,,GR,Greece,Греция,takeoff,,,,"{""free_flying:site"": ""takeoff""}",
way,1229652391,https://www.openstreetmap.org/way/1229652391,Αρτεμίσιο - Απογείωση,37.632729,22.537134,,GR,Greece,Греция,takeoff,,,,"{""free_flying:site"": ""takeoff""}",
way,1229655227,https://www.openstreetmap.org/way/1229655227,Στράνωμα - Απογείωση Αλεξιπτώτου Πλαγιάς,38.550683,21.764489,,GR,Greece,Греция,takeoff,,,,"{""free_flying:site"": ""takeoff""}",
way,1229656887,https://www.openstreetmap.org/way/1229656887,Πετροχώρι - Απογείωση,38.545232,21.646035,,GR,Greece,Греция,takeoff,,,,"{""free_flying:site"": ""takeoff""}",
way,1229658086,https://www.openstreetmap.org/way/1229658086,Παραβόλα - Απογείωση,38.632194,21.525057,,GR,Greece,Греция,takeoff,,,,"{""free_flying:site"": ""takeoff""}",
way,1229660101,https://www.openstreetmap.org/way/1229660101,Καλαμίτσι - Απογείωση Αλεξιπτώτου Πλαγιάς,38.752482,20.603654,,GR,Greece,Греция,takeoff,,,,"{""free_flying:site"": ""takeoff""}",
way,1229671657,https://www.openstreetmap.org/way/1229671657,Βόνιτσα Προφήτης Ηλίας - Απογείωση Αλεξιπτώτου Πλαγιάς,38.899664,20.935283,,GR,Greece,Греция,takeoff,,,,"{""free_flying:site"": ""takeoff""}",
way,1229676154,https://www.openstreetmap.org/way/1229676154,Μύρτος - Απογείωση,38.341419,20.542488,,GR,Greece,Греция,takeoff,,,,"{""free_flying:site"": ""takeoff""}",
way,1229677626,https://www.openstreetmap.org/way/1229677626,Παραμυθιά - Απογείωση Αλεξιπτώτου Πλαγιάς,39.458197,20.548171,,GR,Greece,Греция,takeoff,,,,"{""free_flying:site"": ""takeoff""}",
way,1229678603,https://www.openstreetmap.org/way/1229678603,Λιγκιάδες - Απογείωση Αλεξιπτώτου Πλαγιάς,39.692075,20.910918,,GR,Greece,Греция,takeoff,,,,"{""free_flying:site"": ""takeoff""}",
way,1229679348,https://www.openstreetmap.org/way/1229679348,Μονή Περίβλεπτου - Απογείωση Αλεξιπτώτου Πλαγιάς,39.766247,20.794067,,GR,Greece,Греция,takeoff,,,,"{""free_flying:site"": ""takeoff""}",
way,1229680025,https://www.openstreetmap.org/way/1229680025,Ασπράγγελοι - Απογείωση Αλεξιπτώτου Πλαγιάς,39.820728,20.724164,,GR,Greece,Греция,takeoff,,,,"{""free_flying:site"": ""takeoff""}",
way,1229681362,https://www.openstreetmap.org/way/1229681362,Σέρβια - Απογείωση Αλεξιπτώτου Πλαγιάς,40.170851,22.032377,,GR,Greece,Греция,takeoff,,,,"{""free_flying:site"": ""takeoff""}",
way,1229681363,https://www.openstreetmap.org/way/1229681363,Βελβεντό - Απογείωση Αλεξιπτώτου Πλαγιάς,40.273149,22.116588,,GR,Greece,Греция,takeoff,,,,"{""free_flying:site"": ""takeoff""}",
way,1229684068,https://www.openstreetmap.org/way/1229684068,Προφήτης - Απογείωση Αλεξιπτώτου Πλαγιάς,40.486704,23.172467,,GR,Greece,Греция,takeoff,,,,"{""free_flying:site"": ""takeoff""}",
way,1229685365,https://www.openstreetmap.org/way/1229685365,Αβδού - Απογείωση Αλεξιπτώτου Πλαγιάς,35.219066,25.431940,,GR,Greece,Греция,takeoff,,,,"{""free_flying:site"": ""takeoff""}",
way,1229686008,https://www.openstreetmap.org/way/1229686008,Φαλάσαρνα - Απογείωση Αλεξιπτώτου Πλαγιάς,35.482874,23.593812,,GR,Greece,Греция,takeoff,,,,"{""free_flying:site"": ""takeoff""}",
way,1229686700,https://www.openstreetmap.org/way/1229686700,Πάργα - Απογείωση Αλεξιπτώτου Πλαγιάς,39.300700,20.389632,,GR,Greece,Греция,takeoff,,,,"{""free_flying:site"": ""takeoff""}",
way,1229688561,https://www.openstreetmap.org/way/1229688561,Νυμφαίο - Απογείωση Αλεξιπτώτου Πλαγιάς,40.640265,21.496851,,GR,Greece,Греция,takeoff,,,,"{""free_flying:site"": ""takeoff""}",
way,1229690865,https://www.openstreetmap.org/way/1229690865,Άρνισσα - Απογείωση Αλεξιπτώτου Πλαγιάς,40.766128,21.824416,,GR,Greece,Греция,takeoff,,,,"{""free_flying:site"": ""takeoff""}",
way,1229697011,https://www.openstreetmap.org/way/1229697011,Άγιος Αθανάσιος - Απογείωση Αλεξιπτώτου Πλαγιάς,40.840478,21.781298,,GR,Greece,Греция,takeoff,,,,"{""free_flying:site"": ""takeoff""}",
way,1229697873,https://www.openstreetmap.org/way/1229697873,Μετέωρα - Απογείωση Αλεξιπτώτου Πλαγιάς,39.709767,21.636787,,GR,Greece,Греция,takeoff,,,,"{""free_flying:site"": ""takeoff""}",
way,1229699173,https://www.openstreetmap.org/way/1229699173,Δεσκάτη (Νότια) - Απογείωση Αλεξιπτώτου Πλαγιάς,39.953802,21.786490,,GR,Greece,Греция,takeoff,,,,"{""free_flying:site"": ""takeoff""}",
way,1229699174,https://www.openstreetmap.org/way/1229699174,Δεσκάτη (Βόρεια) - Απογείωση Αλεξιπτώτου Πλαγιάς,39.947187,21.760353,,GR,Greece,Греция,takeoff,,,,"{""free_flying:site"": ""takeoff""}",
way,1229700649,https://www.openstreetmap.org/way/1229700649,Καρπενήσι Βελούχι- Απογείωση Αλεξιπτώτου Πλαγιάς,38.932614,21.807443,,GR,Greece,Греция,takeoff,,,,"{""free_flying:site"": ""takeoff""}",
way,1230051080,https://www.openstreetmap.org/way/1230051080,Ελληνόπυργος - Απογείωση Αλεξιπτώτου Πλαγιάς,39.409595,21.730225,,GR,Greece,Греция,takeoff,,,,"{""free_flying:site"": ""takeoff""}",
way,1230053452,https://www.openstreetmap.org/way/1230053452,Άγιος Παντελεήμονας - Απογείωση Αλεξιπτώτου Πλαγιάς,39.988359,22.569717,,GR,Greece,Греция,takeoff,,,,"{""free_flying:site"": ""takeoff""}",
way,1230053968,https://www.openstreetmap.org/way/1230053968,Συκούριο - Απογείωση,39.791671,22.611677,,GR,Greece,Греция,takeoff,,,,"{""free_flying:site"": ""takeoff""}",
way,1230054436,https://www.openstreetmap.org/way/1230054436,Τοξότες - Απογείωση Αλεξιπτώτου Πλαγιάς,41.117005,24.750014,,GR,Greece,Греция,takeoff,,,,"{""free_flying:site"": ""takeoff""}",
way,1230055035,https://www.openstreetmap.org/way/1230055035,Αυλώνα - Απογείωση,38.244243,23.674890,,GR,Greece,Греция,takeoff,,,,"{""free_flying:site"": ""takeoff""}",
way,1230250709,https://www.openstreetmap.org/way/1230250709,Περίβλεπτος - Απογείωση Αλεξιπτώτου Πλαγιάς,39.771749,20.796004,,GR,Greece,Греция,takeoff,,,,"{""free_flying:site"": ""takeoff""}",
way,1230255951,https://www.openstreetmap.org/way/1230255951,Ελασσόνα - Απογείωση,39.895789,22.148429,,GR,Greece,Греция,takeoff,,,,"{""free_flying:site"": ""takeoff""}",
way,1230257500,https://www.openstreetmap.org/way/1230257500,Πύργοι - Απογείωση,41.224798,23.991538,,GR,Greece,Греция,takeoff,,,,"{""free_flying:site"": ""takeoff""}",
way,1230258259,https://www.openstreetmap.org/way/1230258259,Κοντόγιαλος - Απογείωση Αλεξιπτώτου Πλαγιάς,39.583506,19.824632,,GR,Greece,Греция,takeoff,,,,"{""free_flying:site"": ""takeoff""}",
way,1230259266,https://www.openstreetmap.org/way/1230259266,Καλύβια - Απογείωση Αλεξιπτώτου Πλαγιάς,40.023671,22.278016,,GR,Greece,Греция,takeoff,,,,"{""free_flying:site"": ""takeoff""}",
way,1230259269,https://www.openstreetmap.org/way/1230259269,Όλυμπος ΚΕΟΑΧ - Απογείωση Αλεξιπτώτου Πλαγιάς,40.029585,22.308120,,GR,Greece,Греция,takeoff,,,,"{""free_flying:site"": ""takeoff""}",
way,1230260891,https://www.openstreetmap.org/way/1230260891,Έδεσσα - Απογείωση,40.794462,22.045234,,GR,Greece,Греция,takeoff,,,,"{""free_flying:site"": ""takeoff""}",
way,1230269510,https://www.openstreetmap.org/way/1230269510,Αγία Μαρίνα (Σαρωνίδα) - Απογείωση Αλεξιπτώτου Πλαγιάς,37.810579,23.855174,,GR,Greece,Греция,takeoff,,,,"{""free_flying:site"": ""takeoff""}",
way,1230270145,https://www.openstreetmap.org/way/1230270145,Αφροδίτη - Απογείωση,40.109271,22.479042,,GR,Greece,Греция,takeoff,,,,"{""free_flying:site"": ""takeoff""}",
way,1230270915,https://www.openstreetmap.org/way/1230270915,Σταυρός Αράχωβας - Απογείωση Αλεξιπτώτου Πλαγιάς,38.492936,22.551081,,GR,Greece,Греция,takeoff,,,,"{""free_flying:site"": ""takeoff""}",
way,1230270916,https://www.openstreetmap.org/way/1230270916,Κεραίες Δεσφίνας - Απογείωση Αλεξιπτώτου Πλαγιάς,38.432832,22.475709,,GR,Greece,Греция,takeoff,,,,"{""free_flying:site"": ""takeoff""}",
way,1230365027,https://www.openstreetmap.org/way/1230365027,Αμφίκλεια - Απογείωση Αλεξιπτώτου Πλαγιάς,38.623957,22.571083,,GR,Greece,Греция,takeoff,,,,"{""free_flying:site"": ""takeoff""}",
way,1230372710,https://www.openstreetmap.org/way/1230372710,Βγέθι - Απογείωση,37.799772,24.070475,,GR,Greece,Греция,takeoff,,,,"{""free_flying:site"": ""takeoff""}",
way,1230373868,https://www.openstreetmap.org/way/1230373868,Χιονοχώρι - Απογείωση,41.122457,23.647072,710,GR,Greece,Греция,takeoff,,,,"{""free_flying:site"": ""takeoff""}",
way,1230374494,https://www.openstreetmap.org/way/1230374494,Παναγία (Κεφαλάρι) - Απογείωση,41.053314,24.286677,,GR,Greece,Греция,takeoff,,,,"{""free_flying:site"": ""takeoff""}",
way,1230375456,https://www.openstreetmap.org/way/1230375456,Βραχωνάς (Σύβοτα) - Απογείωση Αλεξιπτώτου Πλαγιάς,39.433030,20.266203,,GR,Greece,Греция,takeoff,,,,"{""free_flying:site"": ""takeoff""}",
way,1230516555,https://www.openstreetmap.org/way/1230516555,Βαρύπετρο Χανίων - Απογείωση,35.451311,23.975387,,GR,Greece,Греция,takeoff,,,,"{""free_flying:site"": ""takeoff""}",
way,1230516783,https://www.openstreetmap.org/way/1230516783,Σαρακήνος - Απογείωση,39.398281,22.955066,,GR,Greece,Греция,takeoff,,,,"{""free_flying:site"": ""takeoff""}",
way,1230517232,https://www.openstreetmap.org/way/1230517232,Μόντε Σμιθ - Απογείωση,36.431983,28.205168,,GR,Greece,Греция,takeoff,,,,"{""free_flying:site"": ""takeoff""}",
way,1230517619,https://www.openstreetmap.org/way/1230517619,Αγία Τριάδα - Απογείωση,38.488362,22.315615,,GR,Greece,Греция,takeoff,,,,"{""free_flying:site"": ""takeoff""}",
way,1230518234,https://www.openstreetmap.org/way/1230518234,Κιθαιρώνας Κορυφή - Απογείωση Αλεξιπτώτου Πλαγιάς,38.184402,23.249513,,GR,Greece,Греция,takeoff,,,,"{""free_flying:site"": ""takeoff""}",
way,1231304460,https://www.openstreetmap.org/way/1231304460,Σίσι - Απογείωση,35.316722,25.539040,,GR,Greece,Греция,takeoff,,,,"{""free_flying:site"": ""takeoff""}",
way,1231307462,https://www.openstreetmap.org/way/1231307462,Μαργαρίτι - Απογείωση,39.374598,20.440674,,GR,Greece,Греция,takeoff,,,,"{""free_flying:site"": ""takeoff""}",
way,1231311213,https://www.openstreetmap.org/way/1231311213,Μιτσικέλι - Απογείωση Αλεξιπτώτου Πλαγιάς,39.717031,20.896069,,GR,Greece,Греция,takeoff,,,,"{""free_flying:site"": ""takeoff""}",
way,1243673147,https://www.openstreetmap.org/way/1243673147,Vzletišče Kovk,45.886643,13.959156,,SI,Slovenia,Словения,takeoff,,,,"{""free_flying:site"": ""takeoff""}",
way,1251507877,https://www.openstreetmap.org/way/1251507877,Le Grizzly,45.547543,6.792574,,FR,France (land mass),Франция,takeoff,,,,"{""free_flying:site"": ""takeoff""}",
way,1252368521,https://www.openstreetmap.org/way/1252368521,L'Aiguille Grive,45.549250,6.803791,,FR,France (land mass),Франция,takeoff,,,,"{""free_flying:site"": ""takeoff""}",
way,1253287505,https://www.openstreetmap.org/way/1253287505,Aire de décollage du l'Ours- Peisey Nancroix,45.552081,6.773129,,FR,France (land mass),Франция,takeoff,,,,"{""free_flying:site"": ""takeoff""}",
way,1253287507,https://www.openstreetmap.org/way/1253287507,Les Ecureuils,45.547357,6.773305,,FR,France (land mass),Франция,takeoff,,,,"{""free_flying:site"": ""takeoff""}",
way,1253287508,https://www.openstreetmap.org/way/1253287508,La Poudreuse,45.549270,6.784097,,FR,France (land mass),Франция,takeoff,,,,"{""free_flying:site"": ""takeoff""}",
way,1253721418,https://www.openstreetmap.org/way/1253721418,Pente Ecole,45.690774,6.692162,,FR,France (land mass),Франция,takeoff,,,,"{""free_flying:site"": ""takeoff""}",
way,1261882091,https://www.openstreetmap.org/way/1261882091,,49.051737,12.053832,,DE,Germany,Германия,takeoff,,,,"{""free_flying:site"": ""takeoff""}",
way,1263707749,https://www.openstreetmap.org/way/1263707749,Paraglider Start Muckenkogel 4,47.986385,15.599426,,AT,Austria,Австрия,takeoff,,,"N,NE","{""free_flying:site"": ""takeoff""}",
way,1265901860,https://www.openstreetmap.org/way/1265901860,Musine South Takeoff,45.108362,7.465369,,IT,Italy,Италия,takeoff,,,,"{""free_flying:site"": ""takeoff""}",
way,1267500237,https://www.openstreetmap.org/way/1267500237,,36.941379,55.134062,,IR,Iran,Иран,takeoff,,,,"{""free_flying:site"": ""takeoff""}",
way,1268054051,https://www.openstreetmap.org/way/1268054051,,36.155886,59.114202,,IR,Iran,Иран,takeoff,,,,"{""free_flying:site"": ""takeoff""}",
way,1272553884,https://www.openstreetmap.org/way/1272553884,Fluggelände Orensberg,49.246084,8.012320,,DE,Germany,Германия,takeoff,,,,"{""free_flying:official"": ""yes"", ""free_flying:site"": ""takeoff""}",
way,1273734812,https://www.openstreetmap.org/way/1273734812,Schleppstrecke Schernfeld,48.898846,11.128040,,DE,Germany,Германия,takeoff,,,,"{""free_flying:official"": ""yes"", ""free_flying:site"": ""takeoff""}",
way,1273734813,https://www.openstreetmap.org/way/1273734813,Startplatz Obereichstätt,48.896705,11.134678,,DE,Germany,Германия,takeoff,,,,"{""free_flying:official"": ""yes"", ""free_flying:site"": ""takeoff""}",
way,1284668511,https://www.openstreetmap.org/way/1284668511,,47.998635,9.571340,,DE,Germany,Германия,takeoff,,,,"{""free_flying:site"": ""takeoff""}",
way,1286367537,https://www.openstreetmap.org/way/1286367537,Decollo Avena Ovest,46.029733,11.817299,,IT,Italy,Италия,takeoff,,,SW,"{""free_flying:site"": ""takeoff"", ""free_flying:site_orientation"": ""SW""}",
way,1291264105,https://www.openstreetmap.org/way/1291264105,Bielen,46.880916,8.365440,1089,CH,Switzerland,Швейцария,takeoff,,,NO;O,"{""free_flying:site"": ""takeoff"", ""free_flying:site_orientation"": ""NO;O""}",
way,1293531376,https://www.openstreetmap.org/way/1293531376,,45.268235,-117.176967,,US,United States,Соединённые Штаты Америки,takeoff,,,,"{""free_flying:site"": ""takeoff""}",
way,1299143569,https://www.openstreetmap.org/way/1299143569,,63.427501,13.081964,,SE,Sweden,Швеция,takeoff,,,,"{""free_flying:site"": ""takeoff""}",
way,1301161143,https://www.openstreetmap.org/way/1301161143,,31.913060,-106.507063,,US,United States,Соединённые Штаты Америки,takeoff,,,,"{""free_flying:site"": ""takeoff""}",
way,1304871192,https://www.openstreetmap.org/way/1304871192,Décollage parapente de Marnex,46.367820,7.154340,,CH,Switzerland,Швейцария,takeoff,,,,"{""free_flying:official"": ""yes"", ""free_flying:site"": ""takeoff""}",
way,1304871193,https://www.openstreetmap.org/way/1304871193,Geitschirm Startplatz Wispile West,46.440090,7.292105,,CH,Switzerland,Швейцария,takeoff,,,,"{""free_flying:site"": ""takeoff""}",
way,1307600952,https://www.openstreetmap.org/way/1307600952,,47.345683,10.025599,,AT,Austria,Австрия,takeoff,,,,"{""free_flying:site"": ""takeoff""}",
way,1309924028,https://www.openstreetmap.org/way/1309924028,Παλαιοκαρυά Υψηλή - Απογείωση Αλεξιπτώτου Πλαγιάς,38.643016,21.571005,,GR,Greece,Греция,takeoff,,,,"{""free_flying:site"": ""takeoff""}",
way,1309937415,https://www.openstreetmap.org/way/1309937415,Περαία - Απογείωση Αλεξιπτώτου Πλαγιάς,40.753245,21.829644,,GR,Greece,Греция,takeoff,,,,"{""free_flying:site"": ""takeoff""}",
way,1319726371,https://www.openstreetmap.org/way/1319726371,Cove North Launch,38.634517,-112.059934,,US,United States,Соединённые Штаты Америки,,,,,"{""free_flying:takeoff"": ""yes""}",
way,1319726476,https://www.openstreetmap.org/way/1319726476,Cove West Launch,38.634164,-112.060501,,US,United States,Соединённые Штаты Америки,,,,,"{""free_flying:takeoff"": ""yes""}",
way,1319726723,https://www.openstreetmap.org/way/1319726723,Cove South Launch,38.632120,-112.060601,,US,United States,Соединённые Штаты Америки,,,,,"{""free_flying:takeoff"": ""yes""}",
way,1319729350,https://www.openstreetmap.org/way/1319729350,Regionals,34.209404,-117.319941,,US,United States,Соединённые Штаты Америки,takeoff,,,,"{""free_flying:site"": ""takeoff""}",
way,1319729516,https://www.openstreetmap.org/way/1319729516,CSS 750,34.199660,-117.317117,,US,United States,Соединённые Штаты Америки,takeoff,,,,"{""free_flying:site"": ""takeoff""}",
way,1319729593,https://www.openstreetmap.org/way/1319729593,CSS 1100,34.203131,-117.317397,,US,United States,Соединённые Штаты Америки,takeoff,,,,"{""free_flying:site"": ""takeoff""}",
way,1319730350,https://www.openstreetmap.org/way/1319730350,Junction Launch,38.258385,-112.323722,,US,United States,Соединённые Штаты Америки,takeoff,,,,"{""free_flying:site"": ""takeoff""}",
way,1319735955,https://www.openstreetmap.org/way/1319735955,Paiute West Launch,37.519343,-118.294856,,US,United States,Соединённые Штаты Америки,takeoff,,,,"{""free_flying:site"": ""takeoff""}",
way,1319735956,https://www.openstreetmap.org/way/1319735956,Paiute South Launch,37.518968,-118.294453,,US,United States,Соединённые Штаты Америки,takeoff,,,,"{""free_flying:site"": ""takeoff""}",
way,1319735957,https://www.openstreetmap.org/way/1319735957,Paiute North Launch,37.521750,-118.294358,,US,United States,Соединённые Штаты Америки,takeoff,,,,"{""free_flying:site"": ""takeoff""}",
way,1319736893,https://www.openstreetmap.org/way/1319736893,McGee Launch,37.589310,-118.817537,,US,United States,Соединённые Штаты Америки,takeoff,,,,"{""free_flying:site"": ""takeoff""}",
way,1326433701,https://www.openstreetmap.org/way/1326433701,,42.969996,19.591191,,ME,Montenegro,Черногория,takeoff,,,,"{""free_flying:site"": ""takeoff""}",
way,1330011287,https://www.openstreetmap.org/way/1330011287,Paragliding takeoff area,29.339456,79.584560,,IN,India,Индия,takeoff,,,,"{""free_flying:site"": ""takeoff""}",
way,1346940357,https://www.openstreetmap.org/way/1346940357,,49.576810,18.142530,,CZ,Czechia,Чехия,takeoff,,,,"{""free_flying:site"": ""takeoff""}",
way,1365797526,https://www.openstreetmap.org/way/1365797526,Decollo paprapendio Trucetti,45.076218,7.347724,,IT,Italy,Италия,takeoff,,,,"{""free_flying:site"": ""takeoff""}",
way,1368380828,https://www.openstreetmap.org/way/1368380828,paragliding launch site,18.817661,73.551991,,IN,India,Индия,takeoff,,,W,"{""free_flying:site"": ""takeoff""}",
way,1379045943,https://www.openstreetmap.org/way/1379045943,Las Indias paragliding takeoff,28.505321,-17.853992,,ES,Spain,Испания,takeoff,,,,"{""free_flying:site"": ""takeoff""}",
way,1379365186,https://www.openstreetmap.org/way/1379365186,Fluggebiet Brig - Startplatz Riederalp,46.377279,8.030373,,CH,Switzerland,Швейцария,,,,,"{""free_flying:takeoff"": ""yes""}",
way,1380447940,https://www.openstreetmap.org/way/1380447940,Monroe Training Hill: North Launch,38.576707,-112.124548,1798,US,United States,Соединённые Штаты Америки,,,,NW-NE,"{""free_flying:school"": ""yes"", ""free_flying:takeoff"": ""yes""}",
way,1380447942,https://www.openstreetmap.org/way/1380447942,Monroe Training Hill: West Launch,38.571756,-112.129113,1798,US,United States,Соединённые Штаты Америки,,,,NE-SE,"{""free_flying:school"": ""yes"", ""free_flying:takeoff"": ""yes""}",
way,1383072549,https://www.openstreetmap.org/way/1383072549,"Siklóernyős starthely, Vácduka",47.747503,19.190011,216,HU,Hungary,Венгрия,,,,,"{""free_flying:takeoff"": ""yes""}",
way,1383625903,https://www.openstreetmap.org/way/1383625903,Startplatz MAGIX Bichl,47.131591,10.949471,1585,AT,Austria,Австрия,takeoff,,,,"{""free_flying:site"": ""takeoff""}",
way,1383668537,https://www.openstreetmap.org/way/1383668537,Άη Γόρδης - Απογείωση Αλεξιπτώτου Πλαγιάς,39.538849,19.858308,,GR,Greece,Греция,takeoff,,,,"{""free_flying:site"": ""takeoff""}",
way,1383668538,https://www.openstreetmap.org/way/1383668538,Τρουμπέτας - Απογείωση Αλεξιπτώτου Πλαγιάς,39.709277,19.750518,,GR,Greece,Греция,takeoff,,,,"{""free_flying:site"": ""takeoff""}",
way,1383668539,https://www.openstreetmap.org/way/1383668539,Μέγα Γρεμό - Απογείωση Αλεξιπτώτου Πλαγιάς,39.729982,19.866097,,GR,Greece,Греция,takeoff,,,,"{""free_flying:site"": ""takeoff""}",
way,1383721923,https://www.openstreetmap.org/way/1383721923,Decollo Parapendio San Giorgio,44.996232,7.447501,,IT,Italy,Италия,takeoff,,,,"{""free_flying:site"": ""takeoff""}",
way,1383827094,https://www.openstreetmap.org/way/1383827094,Stol takeoff,46.272671,13.473281,,SI,Slovenia,Словения,takeoff,,,,"{""free_flying:site"": ""takeoff""}",
way,1383827095,https://www.openstreetmap.org/way/1383827095,Stol takeoff 2,46.271120,13.459086,,SI,Slovenia,Словения,takeoff,,,,"{""free_flying:site"": ""takeoff""}",
way,1384449807,https://www.openstreetmap.org/way/1384449807,The 300 Launch,32.987946,-117.122364,357,US,United States,Соединённые Штаты Америки,,,,,"{""free_flying:takeoff"": ""yes""}",
way,1384449808,https://www.openstreetmap.org/way/1384449808,The 500 Launch,32.984717,-117.119839,427,US,United States,Соединённые Штаты Америки,,,,,"{""free_flying:takeoff"": ""yes""}",
way,1384449809,https://www.openstreetmap.org/way/1384449809,The 800 Launch,32.981705,-117.117464,503,US,United States,Соединённые Штаты Америки,,,,,"{""free_flying:takeoff"": ""yes""}",
way,1384752899,https://www.openstreetmap.org/way/1384752899,West Launch,48.609846,-122.427099,,US,United States,Соединённые Штаты Америки,,,,,"{""free_flying:takeoff"": ""yes""}",
way,1385095375,https://www.openstreetmap.org/way/1385095375,South Launch,48.609271,-122.426004,,US,United States,Соединённые Штаты Америки,,,,,"{""free_flying:takeoff"": ""yes""}",
way,1385119918,https://www.openstreetmap.org/way/1385119918,South Launch,48.860682,-122.125893,,US,United States,Соединённые Штаты Америки,,,,,"{""free_flying:takeoff"": ""yes""}",
way,1385119919,https://www.openstreetmap.org/way/1385119919,North Launch,48.863989,-122.120568,,US,United States,Соединённые Штаты Америки,,,,,"{""free_flying:takeoff"": ""yes""}",
way,1385416109,https://www.openstreetmap.org/way/1385416109,,48.022236,15.289186,,AT,Austria,Австрия,,,,,"{""free_flying:takeoff"": ""yes""}",
way,1386148531,https://www.openstreetmap.org/way/1386148531,Speed/Mini Wing Launch,40.470259,-111.890101,,US,United States,Соединённые Штаты Америки,,,,,"{""free_flying:takeoff"": ""yes""}",
way,1387361543,https://www.openstreetmap.org/way/1387361543,Main Launch,39.278882,-108.994431,,US,United States,Соединённые Штаты Америки,,,,20-140,"{""free_flying:landing"": ""yes"", ""free_flying:takeoff"": ""yes""}",
way,1388389551,https://www.openstreetmap.org/way/1388389551,Rampa de Voo Livre,-29.345489,-49.728061,,BR,Brazil,Бразилия,takeoff,,,,"{""free_flying:site"": ""takeoff""}",
way,1388389837,https://www.openstreetmap.org/way/1388389837,Rampa de Voo Livre Leste,-29.692551,-53.213553,,BR,Brazil,Бразилия,takeoff,,,,"{""free_flying:site"": ""takeoff""}",
way,1388389838,https://www.openstreetmap.org/way/1388389838,Rampa de Voo Livre Oeste,-29.691349,-53.214703,,BR,Brazil,Бразилия,takeoff,,,,"{""free_flying:site"": ""takeoff""}",
way,1388390098,https://www.openstreetmap.org/way/1388390098,Rampa de Voo Livre Sul,-29.616160,-53.249215,,BR,Brazil,Бразилия,takeoff,,,,"{""free_flying:site"": ""takeoff""}",
way,1388390564,https://www.openstreetmap.org/way/1388390564,Rampa de Voo Livre SW,-29.655100,-53.812684,,BR,Brazil,Бразилия,takeoff,,,,"{""free_flying:site"": ""takeoff""}",
way,1388390974,https://www.openstreetmap.org/way/1388390974,Rampa Antenas (abandonada),-29.654664,-53.834125,,BR,Brazil,Бразилия,takeoff,,,,"{""free_flying:site"": ""takeoff""}",
way,1388391528,https://www.openstreetmap.org/way/1388391528,Rampa de Voo Livre SW,-29.501281,-54.729231,,BR,Brazil,Бразилия,takeoff,,,,"{""free_flying:site"": ""takeoff""}",
way,1388392060,https://www.openstreetmap.org/way/1388392060,Rampa de Voo Livre S,-29.580817,-53.398212,,BR,Brazil,Бразилия,takeoff,,,,"{""free_flying:site"": ""takeoff""}",
way,1388645577,https://www.openstreetmap.org/way/1388645577,Main launch,37.123815,-113.297643,1333,US,United States,Соединённые Штаты Америки,,,,210-300,"{""free_flying:takeoff"": ""yes""}",
way,1388813196,https://www.openstreetmap.org/way/1388813196,Rampa Leste,-29.623475,-53.479111,,BR,Brazil,Бразилия,takeoff,,,,"{""free_flying:site"": ""takeoff""}",
way,1390057068,https://www.openstreetmap.org/way/1390057068,Decolagem Voo Livre,-30.618754,-53.388011,,BR,Brazil,Бразилия,takeoff,,,,"{""free_flying:site"": ""takeoff""}",
way,1390057284,https://www.openstreetmap.org/way/1390057284,Rampa Oscarino,-30.501111,-53.333298,,BR,Brazil,Бразилия,takeoff,,,,"{""free_flying:site"": ""takeoff""}",
way,1414021599,https://www.openstreetmap.org/way/1414021599,"Ljubuški - Kula, paragliding poletište",43.202816,17.555291,,BA,Bosnia and Herzegovina,Босния и Герцеговина,takeoff,,,,"{""free_flying:site"": ""takeoff""}",
way,1416650119,https://www.openstreetmap.org/way/1416650119,,-39.701786,176.909722,,NZ,New Zealand,Новая Зеландия,takeoff,,,,"{""free_flying:site"": ""takeoff""}",
way,1416650120,https://www.openstreetmap.org/way/1416650120,,-39.702029,176.909749,,NZ,New Zealand,Новая Зеландия,takeoff,,,,"{""free_flying:site"": ""takeoff""}",
way,1424251171,https://www.openstreetmap.org/way/1424251171,Primary launch,48.405850,-123.351676,,CA,Canada,Канада,,,,SSE-WSW,"{""free_flying:takeoff"": ""yes""}",
way,1430566773,https://www.openstreetmap.org/way/1430566773,,51.972243,84.588374,,RU,Russia,Россия,takeoff,,,,"{""free_flying:site"": ""takeoff""}",
way,1431606956,https://www.openstreetmap.org/way/1431606956,,51.976202,84.582478,,RU,Russia,Россия,takeoff,,,,"{""free_flying:site"": ""takeoff""}",
way,1452494877,https://www.openstreetmap.org/way/1452494877,Tawonga Gap Paraglider and Hang glider launch,-36.716355,147.122767,,AU,Australia,Австралия,takeoff,,,,"{""free_flying:site"": ""takeoff""}",
way,1452494964,https://www.openstreetmap.org/way/1452494964,Mount Emu Paraglider and Hang glider launch,-36.671935,147.219250,,AU,Australia,Австралия,takeoff,,,,"{""free_flying:site"": ""takeoff""}",
way,1461607173,https://www.openstreetmap.org/way/1461607173,Huseby PPG ( Fredrikstad ),59.267316,10.810741,30,NO,Norway,Норвегия,takeoff,,,,"{""free_flying:site"": ""takeoff""}",
way,1481094731,https://www.openstreetmap.org/way/1481094731,Drachenflieger-Startplatz Hochsalm,47.884928,13.988172,,AT,Austria,Австрия,takeoff,,,,"{""free_flying:site"": ""takeoff""}",
way,1484169368,https://www.openstreetmap.org/way/1484169368,,51.993511,12.984037,,DE,Germany,Германия,takeoff,,,,"{""free_flying:site"": ""takeoff""}",
way,1484169369,https://www.openstreetmap.org/way/1484169369,,51.992567,12.989739,,DE,Germany,Германия,takeoff,,,,"{""free_flying:site"": ""takeoff""}",
way,1484169370,https://www.openstreetmap.org/way/1484169370,,51.994371,12.979090,,DE,Germany,Германия,takeoff,,,,"{""free_flying:site"": ""takeoff""}",
way,1484169371,https://www.openstreetmap.org/way/1484169371,,51.995300,12.979286,,DE,Germany,Германия,takeoff,,,,"{""free_flying:site"": ""takeoff""}",
way,1484169372,https://www.openstreetmap.org/way/1484169372,,51.996333,12.979588,,DE,Germany,Германия,takeoff,,,,"{""free_flying:site"": ""takeoff""}",
way,1489437328,https://www.openstreetmap.org/way/1489437328,,45.676770,6.438245,,FR,France (land mass),Франция,takeoff,,,,"{""free_flying:site"": ""takeoff""}",
way,1502582215,https://www.openstreetmap.org/way/1502582215,,49.624480,7.533503,,DE,Germany,Германия,takeoff,,,,"{""free_flying:guest-guidelines"": ""yes"", ""free_flying:site"": ""takeoff""}",
way,1508810788,https://www.openstreetmap.org/way/1508810788,"Paragleiter-Startplatz Thurnhamberg ""Hofinger Schlag""",47.872681,14.092654,,AT,Austria,Австрия,takeoff,,,,"{""free_flying:site"": ""takeoff""}",
way,1508819774,https://www.openstreetmap.org/way/1508819774,Paragleiter-Startplatz Hirschwaldstein,47.886337,14.163825,,AT,Austria,Австрия,takeoff,,,,"{""free_flying:site"": ""takeoff""}",
way,1508819777,https://www.openstreetmap.org/way/1508819777,Paragleiter-Startplatz Steinkogel,47.883857,14.181569,,AT,Austria,Австрия,takeoff,,,,"{""free_flying:site"": ""takeoff""}",
way,1511986203,https://www.openstreetmap.org/way/1511986203,Vzletišče Grpišca,46.503956,13.795744,,SI,Slovenia,Словения,takeoff,,,,"{""free_flying:site"": ""takeoff""}",
way,1525007142,https://www.openstreetmap.org/way/1525007142,Jupiter One Paragliding Launch,29.913575,104.086054,,CN,China,Китай,takeoff,,,,"{""free_flying:site"": ""takeoff""}",
way,1527484982,https://www.openstreetmap.org/way/1527484982,Gleitschirm-Starplatz Hornisgrinde-Katzenkopf,48.596872,8.196143,,DE,Germany,Германия,takeoff,,,WSW,"{""free_flying:site"": ""takeoff""}",
way,1531245563,https://www.openstreetmap.org/way/1531245563,,40.855640,17.304036,,IT,Italy,Италия,takeoff,,,,"{""free_flying:site"": ""takeoff""}",
way,1533021496,https://www.openstreetmap.org/way/1533021496,Angle Est,45.689570,5.988931,1560,FR,France (land mass),Франция,,,,N;NO,"{""free_flying:official"": ""yes"", ""free_flying:takeoff"": ""yes""}",
way,1535982502,https://www.openstreetmap.org/way/1535982502,,49.622373,7.541638,,DE,Germany,Германия,takeoff,,,,"{""free_flying:site"": ""takeoff""}",
