H,ar1,case_id,cont_max_dev_rel,cont_mean_dev_rel,cont_n,d_f_rev25,d_f_speed50,d_f_stag25,d_f_wmax300,d_f_wstd300,du_last_rel,du_max_rel,du_mean_rel,du_med_late_rel,du_p90_rel,dw300_max_rel,dw300_mean_rel,extrap_iters,fluct_rel,fr,grid_iters,grid_spread_rel,grid_status,h_over_zi,iters,n_snap,near,ref_case,ref_f_rev25,ref_f_speed50,ref_f_stag25,ref_f_wmax300,ref_f_wstd300,ref_kind,ref_line,ref_spread_rel,ref_status,resid_final,resid_last,resid_min_late,resid_rel_final,retro_rel_iter,shape,slope_dec100,spread_ms,spread_rel,status,u10,u_sat,variant
0.0,nan,270,,,,,,,,,nan,,,nan,,,,nan,nan,0.10000000149011612,,,,0.3,11,0,0,-1,,,,,,,9,,,1.0968250535370316e-05,nan,nan,0.02188165858387947,-1,HILL,nan,0.0,0.0,0,0.21358393132686615,0.5,grid
0.0,nan,271,,,,,,,,,nan,,,nan,,,,nan,nan,0.12290000170469284,,,,0.3,11,0,0,-1,,,,,,,9,,,1.2635417988349218e-05,nan,nan,0.016688939183950424,-1,HILL,nan,0.0,0.0,0,0.26249465346336365,0.6144999861717224,grid
0.0,nan,272,,,,,,,,,nan,,,nan,,,,nan,nan,0.1509999930858612,,,,0.3,11,0,0,-1,,,,,,,9,,,1.439528296032222e-05,nan,nan,0.012595320120453835,-1,HILL,nan,0.0,0.0,0,0.3225117325782776,0.7549999952316284,grid
0.0,nan,273,,,,,,,,,nan,,,nan,,,,nan,nan,0.18549999594688416,,,,0.3,11,0,0,-1,,,,,,,9,,,1.6207326552830637e-05,nan,nan,0.009396507404744625,-1,HILL,nan,0.0,0.0,0,0.39619821310043335,0.9275000095367432,grid
0.0,nan,274,,,,,,,,,nan,,,nan,,,,nan,nan,0.22789999842643738,,,,0.3,11,0,0,-1,,,,,,,9,,,1.7992886569118127e-05,nan,nan,0.006911225616931915,-1,HILL,nan,0.0,0.0,0,0.4867577850818634,1.1395000219345093,grid
0.0,0.08075852683529877,275,,,,,,,,,0.3212486207485199,,,0.11505881696939468,,,,nan,0.03941180744889527,0.30000001192092896,,,,0.3,1001,19,0,-1,,,,,,,9,,,0.002110476838424802,0.002110476838424802,0.00016058508481364697,0.4678223431110382,-1,HILL,0.22752344825051077,0.0803299993276596,0.05355333288510641,1,0.640751838684082,1.5,grid
0.0,nan,276,,,,,,,,,nan,,,nan,,,,nan,nan,0.3499999940395355,,,,0.3,51,0,0,-1,,,,,,,9,,,1.8621360140969045e-05,nan,nan,0.0030326214618980885,-1,HILL,nan,0.0,0.0,0,0.7475438117980957,1.75,grid
0.0,nan,277,,,,,,,,,nan,,,nan,,,,nan,nan,0.4000000059604645,,,,0.3,41,0,0,-1,,,,,,,9,,,1.824568971642293e-05,nan,nan,0.0022750094067305326,-1,HILL,nan,0.0,0.0,0,0.8543357253074646,2.0,grid
0.0,nan,278,,,,,,,,,nan,,,nan,,,,nan,nan,0.44999998807907104,,,,0.3,31,0,0,-1,,,,,,,9,,,1.9754150343942456e-05,nan,nan,0.0019461496267467737,-1,HILL,nan,0.0,0.0,0,0.9611276984214783,2.25,grid
0.0,nan,279,,,,,,,,,nan,,,nan,,,,nan,nan,0.5,,,,0.3,31,0,0,-1,,,,,,,9,,,1.9341681763762608e-05,nan,nan,0.0015434662345796824,-1,HILL,nan,0.0,0.0,0,1.0679197311401367,2.5,grid
0.0,nan,280,,,,,,,,,nan,,,nan,,,,nan,nan,0.550000011920929,,,,0.3,31,0,0,-1,,,,,,,9,,,1.872382745204959e-05,nan,nan,0.0012348442105576396,-1,HILL,nan,0.0,0.0,0,1.1747117042541504,2.75,grid
0.0,nan,281,,,,,,,,,nan,,,nan,,,,nan,nan,0.6000000238418579,,,,0.3,31,0,0,-1,,,,,,,9,,,1.831120425777044e-05,nan,nan,0.0010147459106519818,-1,HILL,nan,0.0,0.0,0,1.281503677368164,3.0,grid
0.0,nan,282,,,,,,,,,nan,,,nan,,,,nan,nan,0.800000011920929,,,,0.3,31,0,0,-1,,,,,,,9,,,1.8904545868281275e-05,nan,nan,0.0005892901099286973,-1,HILL,nan,0.0,0.0,0,1.7086714506149292,4.0,grid
0.0,nan,283,,,,,,,,,nan,,,nan,,,,nan,nan,0.8500000238418579,,,,0.3,31,0,0,-1,,,,,,,9,,,1.9391995010664687e-05,nan,nan,0.0005354606546461582,-1,HILL,nan,0.0,0.0,0,1.8154634237289429,4.25,grid
0.0,nan,284,,,,,,,,,nan,,,nan,,,,nan,nan,0.8999999761581421,,,,0.3,41,0,0,-1,,,,,,,9,,,1.4491372894553933e-05,nan,nan,0.0003569171531125903,-1,HILL,nan,0.0,0.0,0,1.9222553968429565,4.5,grid
0.0,nan,285,,,,,,,,,nan,,,nan,,,,nan,nan,0.949999988079071,,,,0.3,41,0,0,-1,,,,,,,9,,,1.501436963735614e-05,nan,nan,0.00033189659006893635,-1,HILL,nan,0.0,0.0,0,2.0290474891662598,4.75,grid
0.0,nan,286,,,,,,,,,nan,,,nan,,,,nan,nan,1.0,,,,0.3,41,0,0,-1,,,,,,,9,,,1.5623456420144066e-05,nan,nan,0.00031168796704150736,-1,HILL,nan,0.0,0.0,0,2.1358394622802734,5.0,grid
0.0,nan,287,,,,,,,,,nan,,,nan,,,,nan,nan,1.0499999523162842,,,,0.3,41,0,0,-1,,,,,,,9,,,1.6281852367683314e-05,nan,nan,0.000294623983791098,-1,HILL,nan,0.0,0.0,0,2.242631435394287,5.25,grid
0.0,nan,288,,,,,,,,,nan,,,nan,,,,nan,nan,1.100000023841858,,,,0.3,41,0,0,-1,,,,,,,9,,,1.6968593627098016e-05,nan,nan,0.0002797714259941131,-1,HILL,nan,0.0,0.0,0,2.349423408508301,5.5,grid
0.0,nan,289,,,,,,,,,nan,,,nan,,,,nan,nan,1.149999976158142,,,,0.3,41,0,0,-1,,,,,,,9,,,1.7680038581602275e-05,nan,nan,0.00026670456281863153,-1,HILL,nan,0.0,0.0,0,2.4562153816223145,5.75,grid
0.0,nan,290,,,,,,,,,nan,,,nan,,,,nan,nan,1.2000000476837158,,,,0.3,41,0,0,-1,,,,,,,9,,,1.8411110431770794e-05,nan,nan,0.0002550705976318568,-1,HILL,nan,0.0,0.0,0,2.563007354736328,6.0,grid
0.0,nan,291,,,,,,,,,nan,,,nan,,,,nan,nan,1.25,,,,0.3,41,0,0,-1,,,,,,,9,,,1.9108420019620098e-05,nan,nan,0.0002439763193251565,-1,HILL,nan,0.0,0.0,0,2.669799327850342,6.25,grid
0.0,nan,292,,,,,,,,,nan,,,nan,,,,nan,nan,1.2999999523162842,,,,0.3,41,0,0,-1,,,,,,,9,,,1.9706645616679452e-05,nan,nan,0.00023263171897269785,-1,HILL,nan,0.0,0.0,0,2.7765913009643555,6.5,grid
0.0,nan,293,,,,,,,,,nan,,,nan,,,,nan,nan,1.4536000490188599,,,,0.3,51,0,0,-1,,,,,,,9,,,1.4928329619579017e-05,nan,nan,0.00014094974903855473,-1,HILL,nan,0.0,0.0,0,3.104656219482422,7.26800012588501,grid
0.0,nan,294,,,,,,,,,nan,,,nan,,,,nan,nan,1.7860000133514404,,,,0.3,51,0,0,-1,,,,,,,9,,,1.6887232050066814e-05,nan,nan,0.00010561812814557925,-1,HILL,nan,0.0,0.0,0,3.8146090507507324,8.930000305175781,grid
0.0,nan,295,,,,,,,,,nan,,,nan,,,,nan,nan,2.1942999362945557,,,,0.3,51,0,0,-1,,,,,,,9,,,1.6865034922375344e-05,nan,nan,6.987762753851712e-05,-1,HILL,nan,0.0,0.0,0,4.686672210693359,10.971500396728516,grid
0.0,nan,296,,,,,,,,,nan,,,nan,,,,nan,nan,2.6958999633789062,,,,0.3,51,0,0,-1,,,,,,,9,,,1.0902089343289845e-05,nan,nan,2.9925753551651724e-05,-1,HILL,nan,0.0,0.0,0,5.758009433746338,13.479499816894531,grid
0.0,nan,297,,,,,,,,,nan,,,nan,,,,nan,nan,3.312299966812134,,,,0.3,41,0,0,-1,,,,,,,9,,,1.6551874068682082e-05,nan,nan,3.009752072102856e-05,-1,HILL,nan,0.0,0.0,0,7.074540615081787,16.561500549316406,grid
0.0,nan,298,,,,,,,,,nan,,,nan,,,,nan,nan,4.0696001052856445,,,,0.3,51,0,0,-1,,,,,,,9,,,9.64230639510788e-06,nan,nan,1.1615031326073222e-05,-1,HILL,nan,0.0,0.0,0,8.692011833190918,20.347999572753906,grid
0.0,nan,299,,,,,,,,,nan,,,nan,,,,nan,nan,5.0,,,,0.3,61,0,0,-1,,,,,,,9,,,1.3450173355522566e-05,nan,nan,1.0733238013926893e-05,-1,HILL,nan,0.0,0.0,0,10.679197311401367,25.0,grid
0.0,0.18016126540419045,300,,,,,,,,,1.5230674743652344,,,2.0525388717651367,,,,nan,0.5494897010010377,0.10000000149011612,,,,1.0,1001,19,0,-1,,,,,,,10,,,0.00911866407841444,0.00911866407841444,0.00860429834574461,18.191734313964844,-1,HILL,0.0021775635805997666,0.34150001406669617,0.6830000281333923,1,0.21358393132686615,0.5,grid
0.0,0.3362486366620591,301,,,,,,,,,2.0110044479370117,,,1.7963533401489258,,,,51898.14876599335,0.5380325806614304,0.12290000170469284,,,,1.0,1001,19,0,-1,,,,,,,10,,,0.010083449073135853,0.010083449073135853,0.009686021134257317,13.318283081054688,-1,HILL,-0.005309883030978116,0.3977999985218048,0.6473555857992149,1,0.26249465346336365,0.6144999861717224,grid
0.0,-0.5370345227557798,302,,,,,,,,,2.0940098762512207,,,2.25930118560791,,,,74203.61249943143,0.5476978196405827,0.1509999930858612,,,,1.0,1001,19,0,-1,,,,,,,10,,,0.010699840262532234,0.010699840262532234,0.010586030781269073,9.361949920654297,-1,HILL,-0.0037271174517544124,0.5281000137329102,0.6994702212824425,1,0.3225117325782776,0.7549999952316284,grid
0.0,0.25908967495237245,303,,,,,,,,,1.5157470703125,,,1.681645154953003,,,,37675.19790929701,0.5330842801484569,0.18549999594688416,,,,1.0,1001,19,0,-1,,,,,,,10,,,0.011218223720788956,0.011218223720788956,0.011156830936670303,6.503979682922363,-1,HILL,-0.007495444471185822,0.6116999983787537,0.6595148162686041,1,0.39619821310043335,0.9275000095367432,grid
0.0,0.031655446666689596,304,,,,,,,,,1.5061181783676147,,,1.8948688507080078,,,,205947.69263858063,0.5065165990027556,0.22789999842643738,,,,1.0,1001,19,0,-1,,,,,,,10,,,0.01215478964149952,0.01215478964149952,0.010574274696409702,4.668761730194092,-1,HILL,-0.0013582641428166215,0.7462000250816345,0.6548486272205802,1,0.4867577850818634,1.1395000219345093,grid
0.0,-0.37050861177760813,305,,,,,,,,,1.7966517210006714,,,1.7396527528762817,,,,82534.7833272518,0.45348383027423234,0.30000001192092896,,,,1.0,1001,19,0,-1,,,,,,,10,,,0.011638298630714417,0.011638298630714417,0.011056800372898579,2.5798227787017822,-1,HILL,-0.0033910599621858727,0.9000999927520752,0.6000666618347168,1,0.640751838684082,1.5,grid
0.0,0.7958896127340677,306,,,,,,,,,0.6001119613647461,,,0.6472636461257935,,,,nan,0.4325179543373962,0.3499999940395355,,,,1.0,1001,19,0,-1,,,,,,,10,,,0.011490200646221638,0.011490200646221638,0.01120679546147585,1.8712612390518188,-1,HILL,0.0019901839169589796,1.0460000038146973,0.5977142878941127,1,0.7475438117980957,1.75,grid
0.0,0.6720696357513989,307,,,,,,,,,0.6700530648231506,,,0.7493603825569153,,,,nan,0.3972702238180784,0.4000000059604645,,,,1.0,1001,19,0,-1,,,,,,,10,,,0.010643824003636837,0.010643824003636837,0.010172443464398384,1.3271517753601074,-1,HILL,0.0020110282030972853,1.0720000267028809,0.5360000133514404,1,0.8543357253074646,2.0,grid
0.0,-0.33036865413789646,308,,,,,,,,,1.5134761333465576,,,1.5837242603302002,,,,19350.477273038923,0.3812308816503286,0.44999998807907104,,,,1.0,1001,19,0,-1,,,,,,,10,,,0.008308582939207554,0.008308582939207554,0.008308582939207554,0.8185492157936096,-1,HILL,-0.014270145242864282,1.0829999446868896,0.48133330874972874,1,0.9611276984214783,2.25,grid
0.0,0.8682281645270584,309,,,,,,,,,1.1073620319366455,,,0.5487014055252075,,,,nan,0.37364636112658667,0.5,,,,1.0,1001,19,0,-1,,,,,,,10,,,0.008350790478289127,0.008350790478289127,0.005821047816425562,0.6663930416107178,-1,HILL,0.019020405682650624,1.309999942779541,0.5239999771118165,1,1.0679197311401367,2.5,grid
0.0,0.781733702614543,310,,,,,,,,,0.5246734023094177,,,0.49707794189453125,,,,nan,0.2952242746927135,0.550000011920929,,,,1.0,1001,19,0,-1,,,,,,,10,,,0.00708578247576952,0.00708578247576952,0.0016792762326076627,0.4673102796077728,-1,HILL,0.11047647216103293,1.0679999589920044,0.38836362145163794,1,1.1747117042541504,2.75,grid
0.0,-0.24968689530820845,311,,,,,,,,,0.7434660792350769,,,0.2766449451446533,,,,nan,0.13701709316664754,0.6000000238418579,,,,1.0,1001,19,0,-1,,,,,,,10,,,0.004828531760722399,0.004828531760722399,0.0003982422058470547,0.26758113503456116,-1,HILL,0.22437924905256806,0.5461000204086304,0.18203334013621011,1,1.281503677368164,3.0,grid
0.0,nan,312,,,,,,,,,nan,,,nan,,,,nan,nan,0.800000011920929,,,,1.0,81,0,0,-1,,,,,,,10,,,1.7703518096823245e-05,nan,nan,0.0005518518737517297,-1,HILL,nan,0.0,0.0,0,1.7086714506149292,4.0,grid
0.0,nan,313,,,,,,,,,nan,,,nan,,,,nan,nan,0.8500000238418579,,,,1.0,81,0,0,-1,,,,,,,10,,,1.643022733333055e-05,nan,nan,0.00045367892016656697,-1,HILL,nan,0.0,0.0,0,1.8154634237289429,4.25,grid
0.0,nan,314,,,,,,,,,nan,,,nan,,,,nan,nan,0.8999999761581421,,,,1.0,71,0,0,-1,,,,,,,10,,,1.871853783086408e-05,nan,nan,0.00046103063505142927,-1,HILL,nan,0.0,0.0,0,1.9222553968429565,4.5,grid
0.0,nan,315,,,,,,,,,nan,,,nan,,,,nan,nan,0.949999988079071,,,,1.0,71,0,0,-1,,,,,,,10,,,1.785869972081855e-05,nan,nan,0.0003947712539229542,-1,HILL,nan,0.0,0.0,0,2.0290474891662598,4.75,grid
0.0,nan,316,,,,,,,,,nan,,,nan,,,,nan,nan,1.0,,,,1.0,71,0,0,-1,,,,,,,10,,,1.7822361769503914e-05,nan,nan,0.00035555611248128116,-1,HILL,nan,0.0,0.0,0,2.1358394622802734,5.0,grid
0.0,nan,317,,,,,,,,,nan,,,nan,,,,nan,nan,1.0499999523162842,,,,1.0,71,0,0,-1,,,,,,,10,,,1.734232864691876e-05,nan,nan,0.0003138135652989149,-1,HILL,nan,0.0,0.0,0,2.242631435394287,5.25,grid
0.0,nan,318,,,,,,,,,nan,,,nan,,,,nan,nan,1.100000023841858,,,,1.0,71,0,0,-1,,,,,,,10,,,1.7145790479844436e-05,nan,nan,0.0002826930140145123,-1,HILL,nan,0.0,0.0,0,2.349423408508301,5.5,grid
0.0,nan,319,,,,,,,,,nan,,,nan,,,,nan,nan,1.149999976158142,,,,1.0,71,0,0,-1,,,,,,,10,,,1.7503425624454394e-05,nan,nan,0.0002640403399709612,-1,HILL,nan,0.0,0.0,0,2.4562153816223145,5.75,grid
0.0,nan,320,,,,,,,,,nan,,,nan,,,,nan,nan,1.2000000476837158,,,,1.0,71,0,0,-1,,,,,,,10,,,1.782895196811296e-05,nan,nan,0.0002470052568241954,-1,HILL,nan,0.0,0.0,0,2.563007354736328,6.0,grid
0.0,nan,321,,,,,,,,,nan,,,nan,,,,nan,nan,1.25,,,,1.0,71,0,0,-1,,,,,,,10,,,1.7934862626134418e-05,nan,nan,0.000228992328629829,-1,HILL,nan,0.0,0.0,0,2.669799327850342,6.25,grid
0.0,nan,322,,,,,,,,,nan,,,nan,,,,nan,nan,1.2999999523162842,,,,1.0,71,0,0,-1,,,,,,,10,,,1.8073533283313736e-05,nan,nan,0.00021335323981475085,-1,HILL,nan,0.0,0.0,0,2.7765913009643555,6.5,grid
0.0,nan,323,,,,,,,,,nan,,,nan,,,,nan,nan,1.4536000490188599,,,,1.0,71,0,0,-1,,,,,,,10,,,1.9652099581435323e-05,nan,nan,0.00018555046699475497,-1,HILL,nan,0.0,0.0,0,3.104656219482422,7.26800012588501,grid
0.0,nan,324,,,,,,,,,nan,,,nan,,,,nan,nan,1.7860000133514404,,,,1.0,81,0,0,-1,,,,,,,10,,,1.9863842680933885e-05,nan,nan,0.00012423479347489774,-1,HILL,nan,0.0,0.0,0,3.8146090507507324,8.930000305175781,grid
0.0,nan,325,,,,,,,,,nan,,,nan,,,,nan,nan,2.1942999362945557,,,,1.0,91,0,0,-1,,,,,,,10,,,1.5423394870595075e-05,nan,nan,6.3904415583238e-05,-1,HILL,nan,0.0,0.0,0,4.686672210693359,10.971500396728516,grid
0.0,nan,326,,,,,,,,,nan,,,nan,,,,nan,nan,2.6958999633789062,,,,1.0,71,0,0,-1,,,,,,,10,,,1.877326394605916e-05,nan,nan,5.1531780627556145e-05,-1,HILL,nan,0.0,0.0,0,5.758009433746338,13.479499816894531,grid
0.0,nan,327,,,,,,,,,nan,,,nan,,,,nan,nan,3.312299966812134,,,,1.0,61,0,0,-1,,,,,,,10,,,1.6496245734742843e-05,nan,nan,2.9996368539286777e-05,-1,HILL,nan,0.0,0.0,0,7.074540615081787,16.561500549316406,grid
0.0,nan,328,,,,,,,,,nan,,,nan,,,,nan,nan,4.0696001052856445,,,,1.0,61,0,0,-1,,,,,,,10,,,1.4779947377974167e-05,nan,nan,1.78037844307255e-05,-1,HILL,nan,0.0,0.0,0,8.692011833190918,20.347999572753906,grid
0.0,nan,329,,,,,,,,,nan,,,nan,,,,nan,nan,5.0,,,,1.0,61,0,0,-1,,,,,,,10,,,1.544373299111612e-05,nan,nan,1.2324098861427046e-05,-1,HILL,nan,0.0,0.0,0,10.679197311401367,25.0,grid
0.0,0.07366846944799904,330,,,,,,,,,2.668445587158203,,,2.5101146697998047,,,,191594.30112054857,0.6298844613173309,0.10000000149011612,,,,3.0,1001,19,0,-1,,,,,,,11,,,0.01005382277071476,0.01005382277071476,0.00913584791123867,20.057376861572266,-1,HILL,-0.0014173117550935984,0.39989998936653137,0.7997999787330627,1,0.21358393132686615,0.5,grid
0.0,0.22806894627173907,331,,,,,,,,,2.110001802444458,,,1.824700117111206,,,,55863.704071624554,0.5362064460009038,0.12290000170469284,,,,3.0,1001,19,0,-1,,,,,,,11,,,0.010340984910726547,0.010340984910726547,0.010083812288939953,13.658437728881836,-1,HILL,-0.004946041107177701,0.4059999883174896,0.6606997517556211,1,0.26249465346336365,0.6144999861717224,grid
0.0,-0.4251820103341947,332,,,,,,,,,2.168792724609375,,,2.2809524536132812,,,,66144.82281361561,0.5816343551810771,0.1509999930858612,,,,3.0,1001,19,0,-1,,,,,,,11,,,0.01132932398468256,0.01132932398468256,0.01053215004503727,9.912723541259766,-1,HILL,-0.004226300933144139,0.5508000254631042,0.7295364621745764,1,0.3225117325782776,0.7549999952316284,grid
0.0,0.42488940653010887,333,,,,,,,,,1.469944715499878,,,1.634299635887146,,,,32652.51588813149,0.5749878455926958,0.18549999594688416,,,,3.0,1001,19,0,-1,,,,,,,11,,,0.011798747815191746,0.011798747815191746,0.010977760888636112,6.840549468994141,-1,HILL,-0.008754101666537145,0.6499000191688538,0.7007008220878167,1,0.39619821310043335,0.9275000095367432,grid
0.0,0.13175203526683388,334,,,,,,,,,1.608103632926941,,,1.6356388330459595,,,,42456.560094603265,0.5420651528445516,0.22789999842643738,,,,3.0,1001,19,0,-1,,,,,,,11,,,0.012007903307676315,0.012007903307676315,0.012007903307676315,4.612340927124023,-1,HILL,-0.006702206351540216,0.7900999784469604,0.6933742547065699,1,0.4867577850818634,1.1395000219345093,grid
0.0,-0.46386463223820656,335,,,,,,,,,1.9243440628051758,,,1.9301414489746094,,,,6288382.604497993,0.503553533358884,0.30000001192092896,,,,3.0,1001,19,0,-1,,,,,,,11,,,0.012299982830882072,0.012299982830882072,0.011560832150280476,2.7264962196350098,-1,HILL,-4.435669292092162e-05,0.9747999906539917,0.6498666604359945,1,0.640751838684082,1.5,grid
0.0,0.8019085599536083,336,,,,,,,,,0.6420860886573792,,,0.678796112537384,,,,nan,0.48202078035618395,0.3499999940395355,,,,3.0,1001,19,0,-1,,,,,,,11,,,0.012174486182630062,0.012174486182630062,0.011969665996730328,1.9827020168304443,-1,HILL,0.001335755261508016,1.125,0.6428571428571429,1,0.7475438117980957,1.75,grid
0.0,0.71242398057204,337,,,,,,,,,0.8207417726516724,,,0.8001483678817749,,,,nan,0.43778589648067534,0.4000000059604645,,,,3.0,1001,19,0,-1,,,,,,,11,,,0.011282381601631641,0.011282381601631641,0.010521100834012032,1.4067718982696533,-1,HILL,0.003888903964649575,1.187999963760376,0.593999981880188,1,0.8543357253074646,2.0,grid
0.0,-0.3449674207322373,338,,,,,,,,,1.7197891473770142,,,1.7197891473770142,,,,26962.611204604418,0.40750981848440015,0.44999998807907104,,,,3.0,1001,19,0,-1,,,,,,,11,,,0.009106205776333809,0.009106205776333809,0.009106205776333809,0.8971298933029175,-1,HILL,-0.010239377888766027,1.1829999685287476,0.5257777637905545,1,0.9611276984214783,2.25,grid
0.0,0.7310761068750162,339,,,,,,,,,1.3568096160888672,,,0.6889625787734985,,,,nan,0.4090927775033969,0.5,,,,3.0,1001,19,0,-1,,,,,,,11,,,0.008232618682086468,0.008232618682086468,0.007265905849635601,0.6569629907608032,-1,HILL,0.0008369879289108627,1.38100004196167,0.552400016784668,1,1.0679197311401367,2.5,grid
0.0,0.7847195014602185,340,,,,,,,,,0.7086912393569946,,,0.6313110589981079,,,,nan,0.34963964257620445,0.550000011920929,,,,3.0,1001,19,0,-1,,,,,,,11,,,0.007647843565791845,0.007647843565791845,0.0025076682213693857,0.5043784379959106,-1,HILL,0.0776471398093485,1.3049999475479126,0.4745454354719682,1,1.1747117042541504,2.75,grid
0.0,-0.11907780905784246,341,,,,,,,,,1.23954439163208,,,0.5500231385231018,,,,nan,0.20701275919704243,0.6000000238418579,,,,3.0,1001,19,0,-1,,,,,,,11,,,0.005910236854106188,0.005910236854106188,0.0005969518679194152,0.32752561569213867,-1,HILL,0.20765515674244298,0.8468999862670898,0.2822999954223633,1,1.281503677368164,3.0,grid
0.0,nan,342,,,,,,,,,nan,,,nan,,,,nan,nan,0.800000011920929,,,,3.0,91,0,0,-1,,,,,,,11,,,1.8410724806017242e-05,nan,nan,0.0005738968029618263,-1,HILL,nan,0.0,0.0,0,1.7086714506149292,4.0,grid
0.0,nan,343,,,,,,,,,nan,,,nan,,,,nan,nan,0.8500000238418579,,,,3.0,81,0,0,-1,,,,,,,11,,,1.9370078007341363e-05,nan,nan,0.0005348554695956409,-1,HILL,nan,0.0,0.0,0,1.8154634237289429,4.25,grid
0.0,nan,344,,,,,,,,,nan,,,nan,,,,nan,nan,0.8999999761581421,,,,3.0,81,0,0,-1,,,,,,,11,,,1.7704229321680032e-05,nan,nan,0.0004360486054793,-1,HILL,nan,0.0,0.0,0,1.9222553968429565,4.5,grid
0.0,nan,345,,,,,,,,,nan,,,nan,,,,nan,nan,0.949999988079071,,,,3.0,81,0,0,-1,,,,,,,11,,,1.718997191346716e-05,nan,nan,0.00037998883635737,-1,HILL,nan,0.0,0.0,0,2.0290474891662598,4.75,grid
0.0,nan,346,,,,,,,,,nan,,,nan,,,,nan,nan,1.0,,,,3.0,81,0,0,-1,,,,,,,11,,,1.666298703639768e-05,nan,nan,0.0003324265999253839,-1,HILL,nan,0.0,0.0,0,2.1358394622802734,5.0,grid
0.0,nan,347,,,,,,,,,nan,,,nan,,,,nan,nan,1.0499999523162842,,,,3.0,81,0,0,-1,,,,,,,11,,,1.6103382222354412e-05,nan,nan,0.000291394506348297,-1,HILL,nan,0.0,0.0,0,2.242631435394287,5.25,grid
0.0,nan,348,,,,,,,,,nan,,,nan,,,,nan,nan,1.100000023841858,,,,3.0,71,0,0,-1,,,,,,,11,,,1.9975812392658554e-05,nan,nan,0.0003293532645329833,-1,HILL,nan,0.0,0.0,0,2.349423408508301,5.5,grid
0.0,nan,349,,,,,,,,,nan,,,nan,,,,nan,nan,1.149999976158142,,,,3.0,81,0,0,-1,,,,,,,11,,,1.5643243386875838e-05,nan,nan,0.0002359793579671532,-1,HILL,nan,0.0,0.0,0,2.4562153816223145,5.75,grid
0.0,nan,350,,,,,,,,,nan,,,nan,,,,nan,nan,1.2000000476837158,,,,3.0,81,0,0,-1,,,,,,,11,,,1.5401099517475814e-05,nan,nan,0.00021336940699256957,-1,HILL,nan,0.0,0.0,0,2.563007354736328,6.0,grid
0.0,nan,351,,,,,,,,,nan,,,nan,,,,nan,nan,1.25,,,,3.0,81,0,0,-1,,,,,,,11,,,1.5406734746648e-05,nan,nan,0.0001967131975106895,-1,HILL,nan,0.0,0.0,0,2.669799327850342,6.25,grid
0.0,nan,352,,,,,,,,,nan,,,nan,,,,nan,nan,1.2999999523162842,,,,3.0,81,0,0,-1,,,,,,,11,,,1.541508754598908e-05,nan,nan,0.00018197100143879652,-1,HILL,nan,0.0,0.0,0,2.7765913009643555,6.5,grid
0.0,nan,353,,,,,,,,,nan,,,nan,,,,nan,nan,1.4536000490188599,,,,3.0,81,0,0,-1,,,,,,,11,,,1.546872954349965e-05,nan,nan,0.00014605207252316177,-1,HILL,nan,0.0,0.0,0,3.104656219482422,7.26800012588501,grid
0.0,nan,354,,,,,,,,,nan,,,nan,,,,nan,nan,1.7860000133514404,,,,3.0,91,0,0,-1,,,,,,,11,,,1.6124991816468537e-05,nan,nan,0.00010085084068123251,-1,HILL,nan,0.0,0.0,0,3.8146090507507324,8.930000305175781,grid
0.0,nan,355,,,,,,,,,nan,,,nan,,,,nan,nan,2.1942999362945557,,,,3.0,91,0,0,-1,,,,,,,11,,,1.6665144357830286e-05,nan,nan,6.904940528329462e-05,-1,HILL,nan,0.0,0.0,0,4.686672210693359,10.971500396728516,grid
0.0,nan,356,,,,,,,,,nan,,,nan,,,,nan,nan,2.6958999633789062,,,,3.0,81,0,0,-1,,,,,,,11,,,1.2494440852606203e-05,nan,nan,3.429668868193403e-05,-1,HILL,nan,0.0,0.0,0,5.758009433746338,13.479499816894531,grid
0.0,nan,357,,,,,,,,,nan,,,nan,,,,nan,nan,3.312299966812134,,,,3.0,61,0,0,-1,,,,,,,11,,,1.847068779170513e-05,nan,nan,3.3586646168259904e-05,-1,HILL,nan,0.0,0.0,0,7.074540615081787,16.561500549316406,grid
0.0,nan,358,,,,,,,,,nan,,,nan,,,,nan,nan,4.0696001052856445,,,,3.0,61,0,0,-1,,,,,,,11,,,1.6489630070282146e-05,nan,nan,1.9863253328367136e-05,-1,HILL,nan,0.0,0.0,0,8.692011833190918,20.347999572753906,grid
0.0,nan,359,,,,,,,,,nan,,,nan,,,,nan,nan,5.0,,,,3.0,61,0,0,-1,,,,,,,11,,,1.595787216501776e-05,nan,nan,1.2734381925838534e-05,-1,HILL,nan,0.0,0.0,0,10.679197311401367,25.0,grid
100.0,0.3454181131386702,360,,,,,,,,,1.6662722826004028,,,2.284799575805664,,,,nan,0.31704470139930174,0.10000000149011612,,,,0.3,1001,19,0,-1,,,,,,,12,,,0.001666204072535038,0.001666204072535038,0.00038174906512722373,3.3240771293640137,-1,HILL,0.13139686150984342,0.2581000030040741,0.5162000060081482,1,0.21358393132686615,0.5,grid
100.0,0.3697027041141163,361,,,,,,,,,1.4080843925476074,,,1.6012232303619385,,,,nan,0.16259906701327723,0.12290000170469284,,,,0.3,1001,19,0,-1,,,,,,,12,,,0.001447955728508532,0.001447955728508532,0.0002604624314699322,1.9124690294265747,-1,HILL,0.13610531200062168,0.1835000067949295,0.2986167793723112,1,0.26249465346336365,0.6144999861717224,grid
100.0,0.276727072225521,362,,,,,,,,,1.0391589403152466,,,1.4115509986877441,,,,nan,0.13345341564588617,0.1509999930858612,,,,0.3,1001,19,0,-1,,,,,,,12,,,0.0007855832809582353,0.0007855832809582353,6.355926598189399e-05,0.6873552203178406,-1,HILL,0.22292565865950184,0.19349999725818634,0.2562913887156012,1,0.3225117325782776,0.7549999952316284,grid
100.0,nan,363,,,,,,,,,1.6091891527175903,,,nan,,,,nan,nan,0.18549999594688416,,,,0.3,241,3,0,-1,,,,,,,12,,,1.8850822016247548e-05,2.4843682695063762e-05,nan,0.010929124429821968,-1,HILL,nan,0.0,0.0,0,0.39619821310043335,0.9275000095367432,grid
100.0,nan,364,,,,,,,,,1.3971202373504639,,,nan,,,,nan,nan,0.22789999842643738,,,,0.3,201,3,0,-1,,,,,,,12,,,1.693699596216902e-05,1.693699596216902e-05,nan,0.006505649071186781,-1,HILL,nan,0.0,0.0,0,0.4867577850818634,1.1395000219345093,grid
100.0,nan,365,,,,,,,,,0.6569830775260925,,,nan,,,,nan,nan,0.30000001192092896,,,,0.3,181,2,0,-1,,,,,,,12,,,1.8704949980019592e-05,2.2619440642301925e-05,nan,0.004146263934671879,-1,HILL,nan,0.0,0.0,0,0.640751838684082,1.5,grid
100.0,nan,366,,,,,,,,,0.349820613861084,,,nan,,,,nan,nan,0.3499999940395355,,,,0.3,121,1,0,-1,,,,,,,12,,,1.992502438952215e-05,2.0761570340255275e-05,nan,0.003244932508096099,-1,HILL,nan,0.0,0.0,0,0.7475438117980957,1.75,grid
100.0,nan,367,,,,,,,,,nan,,,nan,,,,nan,nan,0.4000000059604645,,,,0.3,91,0,0,-1,,,,,,,12,,,1.8692193407332525e-05,nan,nan,0.0023306829389184713,-1,HILL,nan,0.0,0.0,0,0.8543357253074646,2.0,grid
100.0,nan,368,,,,,,,,,nan,,,nan,,,,nan,nan,0.44999998807907104,,,,0.3,81,0,0,-1,,,,,,,12,,,1.861419150372967e-05,nan,nan,0.0018338424852117896,-1,HILL,nan,0.0,0.0,0,0.9611276984214783,2.25,grid
100.0,nan,369,,,,,,,,,nan,,,nan,,,,nan,nan,0.5,,,,0.3,81,0,0,-1,,,,,,,12,,,1.7405598555342294e-05,nan,nan,0.001388966804370284,-1,HILL,nan,0.0,0.0,0,1.0679197311401367,2.5,grid
100.0,nan,370,,,,,,,,,nan,,,nan,,,,nan,nan,0.550000011920929,,,,0.3,71,0,0,-1,,,,,,,12,,,1.9383407561690547e-05,nan,nan,0.0012783438432961702,-1,HILL,nan,0.0,0.0,0,1.1747117042541504,2.75,grid
100.0,nan,371,,,,,,,,,nan,,,nan,,,,nan,nan,0.6000000238418579,,,,0.3,71,0,0,-1,,,,,,,12,,,1.8409111362416297e-05,nan,nan,0.001020171563141048,-1,HILL,nan,0.0,0.0,0,1.281503677368164,3.0,grid
100.0,nan,372,,,,,,,,,nan,,,nan,,,,nan,nan,0.800000011920929,,,,0.3,61,0,0,-1,,,,,,,12,,,1.8066304619424045e-05,nan,nan,0.00056316057452932,-1,HILL,nan,0.0,0.0,0,1.7086714506149292,4.0,grid
100.0,nan,373,,,,,,,,,nan,,,nan,,,,nan,nan,0.8500000238418579,,,,0.3,61,0,0,-1,,,,,,,12,,,1.720105137792416e-05,nan,nan,0.0004749633080791682,-1,HILL,nan,0.0,0.0,0,1.8154634237289429,4.25,grid
100.0,nan,374,,,,,,,,,nan,,,nan,,,,nan,nan,0.8999999761581421,,,,0.3,61,0,0,-1,,,,,,,12,,,1.6360432709916495e-05,nan,nan,0.00040295140934176743,-1,HILL,nan,0.0,0.0,0,1.9222553968429565,4.5,grid
100.0,nan,375,,,,,,,,,nan,,,nan,,,,nan,nan,0.949999988079071,,,,0.3,61,0,0,-1,,,,,,,12,,,1.551466266391799e-05,nan,nan,0.0003429556963965297,-1,HILL,nan,0.0,0.0,0,2.0290474891662598,4.75,grid
100.0,nan,376,,,,,,,,,nan,,,nan,,,,nan,nan,1.0,,,,0.3,51,0,0,-1,,,,,,,12,,,1.9335202523507178e-05,nan,nan,0.0003857372794300318,-1,HILL,nan,0.0,0.0,0,2.1358394622802734,5.0,grid
100.0,nan,377,,,,,,,,,nan,,,nan,,,,nan,nan,1.0499999523162842,,,,0.3,51,0,0,-1,,,,,,,12,,,1.8016769899986684e-05,nan,nan,0.0003260177618358284,-1,HILL,nan,0.0,0.0,0,2.242631435394287,5.25,grid
100.0,nan,378,,,,,,,,,nan,,,nan,,,,nan,nan,1.100000023841858,,,,0.3,51,0,0,-1,,,,,,,12,,,1.658611472521443e-05,nan,nan,0.0002734652953222394,-1,HILL,nan,0.0,0.0,0,2.349423408508301,5.5,grid
100.0,nan,379,,,,,,,,,nan,,,nan,,,,nan,nan,1.149999976158142,,,,0.3,41,0,0,-1,,,,,,,12,,,1.9845405404339544e-05,nan,nan,0.0002993692469317466,-1,HILL,nan,0.0,0.0,0,2.4562153816223145,5.75,grid
100.0,nan,380,,,,,,,,,nan,,,nan,,,,nan,nan,1.2000000476837158,,,,0.3,41,0,0,-1,,,,,,,12,,,1.797196819097735e-05,nan,nan,0.0002489866456016898,-1,HILL,nan,0.0,0.0,0,2.563007354736328,6.0,grid
100.0,nan,381,,,,,,,,,nan,,,nan,,,,nan,nan,1.25,,,,0.3,41,0,0,-1,,,,,,,12,,,1.6185171261895448e-05,nan,nan,0.00020665227202698588,-1,HILL,nan,0.0,0.0,0,2.669799327850342,6.25,grid
100.0,nan,382,,,,,,,,,nan,,,nan,,,,nan,nan,1.2999999523162842,,,,0.3,41,0,0,-1,,,,,,,12,,,1.4533669855154585e-05,nan,nan,0.00017156610556412488,-1,HILL,nan,0.0,0.0,0,2.7765913009643555,6.5,grid
100.0,nan,383,,,,,,,,,nan,,,nan,,,,nan,nan,1.4536000490188599,,,,0.3,31,0,0,-1,,,,,,,12,,,1.667442120378837e-05,nan,nan,0.00015743593394290656,-1,HILL,nan,0.0,0.0,0,3.104656219482422,7.26800012588501,grid
100.0,nan,384,,,,,,,,,nan,,,nan,,,,nan,nan,1.7860000133514404,,,,0.3,31,0,0,-1,,,,,,,12,,,1.7671794921625406e-05,nan,nan,0.00011052502668462694,-1,HILL,nan,0.0,0.0,0,3.8146090507507324,8.930000305175781,grid
100.0,nan,385,,,,,,,,,nan,,,nan,,,,nan,nan,2.1942999362945557,,,,0.3,41,0,0,-1,,,,,,,12,,,1.748063186823856e-05,nan,nan,7.24282581359148e-05,-1,HILL,nan,0.0,0.0,0,4.686672210693359,10.971500396728516,grid
100.0,nan,386,,,,,,,,,nan,,,nan,,,,nan,nan,2.6958999633789062,,,,0.3,41,0,0,-1,,,,,,,12,,,1.9946217435062863e-05,nan,nan,5.475148282130249e-05,-1,HILL,nan,0.0,0.0,0,5.758009433746338,13.479499816894531,grid
100.0,nan,387,,,,,,,,,nan,,,nan,,,,nan,nan,3.312299966812134,,,,0.3,41,0,0,-1,,,,,,,12,,,1.6622687326162122e-05,nan,nan,3.022628698090557e-05,-1,HILL,nan,0.0,0.0,0,7.074540615081787,16.561500549316406,grid
100.0,nan,388,,,,,,,,,nan,,,nan,,,,nan,nan,4.0696001052856445,,,,0.3,51,0,0,-1,,,,,,,12,,,1.1779437045333907e-05,nan,nan,1.4189398825692479e-05,-1,HILL,nan,0.0,0.0,0,8.692011833190918,20.347999572753906,grid
100.0,nan,389,,,,,,,,,nan,,,nan,,,,nan,nan,5.0,,,,0.3,61,0,0,-1,,,,,,,12,,,1.6324498574249446e-05,nan,nan,1.3026950000494253e-05,-1,HILL,nan,0.0,0.0,0,10.679197311401367,25.0,grid
100.0,0.227171267216098,390,,,,,,,,,2.726209878921509,,,2.4952287673950195,,,,nan,0.5280484506899249,0.10000000149011612,,,,1.0,1001,19,0,-1,,,,,,,13,,,0.008335405960679054,0.008335405960679054,0.007272947113960981,16.629135131835938,-1,HILL,0.0025584827769887203,0.3698999881744385,0.739799976348877,1,0.21358393132686615,0.5,grid
100.0,0.12836037454771557,391,,,,,,,,,2.2400150299072266,,,2.178629159927368,,,,nan,0.43947687006053926,0.12290000170469284,,,,1.0,1001,19,0,-1,,,,,,,13,,,0.008911081589758396,0.008911081589758396,0.007536211051046848,11.769813537597656,-1,HILL,0.008984847502275045,0.3603000044822693,0.5863303703664905,1,0.26249465346336365,0.6144999861717224,grid
100.0,-0.34957294922549736,392,,,,,,,,,2.325690746307373,,,2.0073282718658447,,,,nan,0.4191519605438828,0.1509999930858612,,,,1.0,1001,19,0,-1,,,,,,,13,,,0.009164868853986263,0.009164868853986263,0.008300197310745716,8.018908500671387,-1,HILL,0.011890231479298007,0.40310001373291016,0.533907306329508,1,0.3225117325782776,0.7549999952316284,grid
100.0,-0.2019391997466433,393,,,,,,,,,1.2842756509780884,,,1.8051488399505615,,,,nan,0.3728840056825408,0.18549999594688416,,,,1.0,1001,19,0,-1,,,,,,,13,,,0.010918649844825268,0.010918649844825268,0.009799067862331867,6.330296039581299,-1,HILL,0.001348109678788792,0.4262999892234802,0.45962262516461166,1,0.39619821310043335,0.9275000095367432,grid
100.0,0.28956381961009225,394,,,,,,,,,1.121232271194458,,,1.3903700113296509,,,,102399.02676674291,0.37160660579230154,0.22789999842643738,,,,1.0,1001,19,0,-1,,,,,,,13,,,0.010572471655905247,0.010572471655905247,0.010047562420368195,4.06097936630249,-1,HILL,-0.002685601061040664,0.5605999827384949,0.4919701377335422,1,0.4867577850818634,1.1395000219345093,grid
100.0,-0.4394537393066145,395,,,,,,,,,1.5736088752746582,,,1.495719075202942,,,,46468.37139097441,0.34517297069904407,0.30000001192092896,,,,1.0,1001,19,0,-1,,,,,,,13,,,0.010127861984074116,0.010127861984074116,0.010127861984074116,2.245009422302246,-1,HILL,-0.005948194590481705,0.695900022983551,0.4639333486557007,1,0.640751838684082,1.5,grid
100.0,0.7795109412140391,396,,,,,,,,,0.3692893385887146,,,0.49653831124305725,,,,82900.46126330482,0.2981213859576871,0.3499999940395355,,,,1.0,1001,19,0,-1,,,,,,,13,,,0.00974880438297987,0.00974880438297987,0.009680164977908134,1.5876623392105103,-1,HILL,-0.0032819769599219577,0.7103999853134155,0.40594284875052317,1,0.7475438117980957,1.75,grid
100.0,0.24132468722210548,397,,,,,,,,,0.7416020035743713,,,0.8026134371757507,,,,35551.527706343346,0.29555521786956734,0.4000000059604645,,,,1.0,1001,19,0,-1,,,,,,,13,,,0.00897144339978695,0.00897144339978695,0.008768456988036633,1.1186268329620361,-1,HILL,-0.007675229419361322,0.7587000131607056,0.3793500065803528,1,0.8543357253074646,2.0,grid
100.0,-0.34628892282011536,398,,,,,,,,,1.2442610263824463,,,1.3295295238494873,,,,22636.88942677146,0.293149376105154,0.44999998807907104,,,,1.0,1001,19,0,-1,,,,,,,13,,,0.007546579465270042,0.007546579465270042,0.007546579465270042,0.7434778213500977,-1,HILL,-0.011909471858631407,0.8830000162124634,0.3924444516499837,1,0.9611276984214783,2.25,grid
100.0,0.9194997875539298,399,,,,,,,,,0.34387096762657166,,,0.3228544294834137,,,,nan,0.24295911056696062,0.5,,,,1.0,1001,19,0,-1,,,,,,,13,,,0.007397096138447523,0.007397096138447523,0.0032220000866800547,0.5902882814407349,-1,HILL,0.053883175416426385,0.8317000269889832,0.3326800107955933,1,1.0679197311401367,2.5,grid
100.0,0.7609469842821833,400,,,,,,,,,0.48296430706977844,,,0.32063448429107666,,,,nan,0.15725651336947188,0.550000011920929,,,,1.0,1001,19,0,-1,,,,,,,13,,,0.005780973006039858,0.005780973006039858,0.0006856255349703133,0.381257563829422,-1,HILL,0.18872827183116583,0.5916000008583069,0.2151272730393843,1,1.1747117042541504,2.75,grid
100.0,-0.39874637983805666,401,,,,,,,,,0.16978414356708527,,,0.05727962777018547,,,,nan,0.024899513165564036,0.6000000238418579,,,,1.0,1001,19,0,-1,,,,,,,13,,,0.0011762694921344519,0.0011762694921344519,0.00013859217870049179,0.06518493592739105,-1,HILL,0.18670063018798852,0.10010000318288803,0.03336666772762934,1,1.281503677368164,3.0,grid
100.0,nan,402,,,,,,,,,nan,,,nan,,,,nan,nan,0.800000011920929,,,,1.0,71,0,0,-1,,,,,,,13,,,1.803017767088022e-05,nan,nan,0.0005620344309136271,-1,HILL,nan,0.0,0.0,0,1.7086714506149292,4.0,grid
100.0,nan,403,,,,,,,,,nan,,,nan,,,,nan,nan,0.8500000238418579,,,,1.0,81,0,0,-1,,,,,,,13,,,1.4029301382834092e-05,nan,nan,0.000387383479392156,-1,HILL,nan,0.0,0.0,0,1.8154634237289429,4.25,grid
100.0,nan,404,,,,,,,,,nan,,,nan,,,,nan,nan,0.8999999761581421,,,,1.0,61,0,0,-1,,,,,,,13,,,1.876328678918071e-05,nan,nan,0.0004621327971108258,-1,HILL,nan,0.0,0.0,0,1.9222553968429565,4.5,grid
100.0,nan,405,,,,,,,,,nan,,,nan,,,,nan,nan,0.949999988079071,,,,1.0,61,0,0,-1,,,,,,,13,,,1.766188688634429e-05,nan,nan,0.00039042066782712936,-1,HILL,nan,0.0,0.0,0,2.0290474891662598,4.75,grid
100.0,nan,406,,,,,,,,,nan,,,nan,,,,nan,nan,1.0,,,,1.0,61,0,0,-1,,,,,,,13,,,1.6038819012464955e-05,nan,nan,0.00031997443875297904,-1,HILL,nan,0.0,0.0,0,2.1358394622802734,5.0,grid
100.0,nan,407,,,,,,,,,nan,,,nan,,,,nan,nan,1.0499999523162842,,,,1.0,61,0,0,-1,,,,,,,13,,,1.5619189071003348e-05,nan,nan,0.0002826329437084496,-1,HILL,nan,0.0,0.0,0,2.242631435394287,5.25,grid
100.0,nan,408,,,,,,,,,nan,,,nan,,,,nan,nan,1.100000023841858,,,,1.0,61,0,0,-1,,,,,,,13,,,1.5241368600982241e-05,nan,nan,0.0002512936480343342,-1,HILL,nan,0.0,0.0,0,2.349423408508301,5.5,grid
100.0,nan,409,,,,,,,,,nan,,,nan,,,,nan,nan,1.149999976158142,,,,1.0,61,0,0,-1,,,,,,,13,,,1.4921854926797096e-05,nan,nan,0.00022509717382490635,-1,HILL,nan,0.0,0.0,0,2.4562153816223145,5.75,grid
100.0,nan,410,,,,,,,,,nan,,,nan,,,,nan,nan,1.2000000476837158,,,,1.0,61,0,0,-1,,,,,,,13,,,1.516689735581167e-05,nan,nan,0.00021012472279835492,-1,HILL,nan,0.0,0.0,0,2.563007354736328,6.0,grid
100.0,nan,411,,,,,,,,,nan,,,nan,,,,nan,nan,1.25,,,,1.0,61,0,0,-1,,,,,,,13,,,1.566221544635482e-05,nan,nan,0.00019997516938019544,-1,HILL,nan,0.0,0.0,0,2.669799327850342,6.25,grid
100.0,nan,412,,,,,,,,,nan,,,nan,,,,nan,nan,1.2999999523162842,,,,1.0,61,0,0,-1,,,,,,,13,,,1.566265018482227e-05,nan,nan,0.00018489340436644852,-1,HILL,nan,0.0,0.0,0,2.7765913009643555,6.5,grid
100.0,nan,413,,,,,,,,,nan,,,nan,,,,nan,nan,1.4536000490188599,,,,1.0,61,0,0,-1,,,,,,,13,,,1.8148286471841857e-05,nan,nan,0.00017135179950855672,-1,HILL,nan,0.0,0.0,0,3.104656219482422,7.26800012588501,grid
100.0,nan,414,,,,,,,,,nan,,,nan,,,,nan,nan,1.7860000133514404,,,,1.0,71,0,0,-1,,,,,,,13,,,1.816475014493335e-05,nan,nan,0.0001136081264121458,-1,HILL,nan,0.0,0.0,0,3.8146090507507324,8.930000305175781,grid
100.0,nan,415,,,,,,,,,nan,,,nan,,,,nan,nan,2.1942999362945557,,,,1.0,71,0,0,-1,,,,,,,13,,,1.9851029719575308e-05,nan,nan,8.224962220992893e-05,-1,HILL,nan,0.0,0.0,0,4.686672210693359,10.971500396728516,grid
100.0,nan,416,,,,,,,,,nan,,,nan,,,,nan,nan,2.6958999633789062,,,,1.0,71,0,0,-1,,,,,,,13,,,1.4560444469680078e-05,nan,nan,3.996777377324179e-05,-1,HILL,nan,0.0,0.0,0,5.758009433746338,13.479499816894531,grid
100.0,nan,417,,,,,,,,,nan,,,nan,,,,nan,nan,3.312299966812134,,,,1.0,61,0,0,-1,,,,,,,13,,,1.6276057067443617e-05,nan,nan,2.9595985324704088e-05,-1,HILL,nan,0.0,0.0,0,7.074540615081787,16.561500549316406,grid
100.0,nan,418,,,,,,,,,nan,,,nan,,,,nan,nan,4.0696001052856445,,,,1.0,61,0,0,-1,,,,,,,13,,,1.5601206541759893e-05,nan,nan,1.8793067283695564e-05,-1,HILL,nan,0.0,0.0,0,8.692011833190918,20.347999572753906,grid
100.0,nan,419,,,,,,,,,nan,,,nan,,,,nan,nan,5.0,,,,1.0,61,0,0,-1,,,,,,,13,,,1.7328173271380365e-05,nan,nan,1.3827881957695354e-05,-1,HILL,nan,0.0,0.0,0,10.679197311401367,25.0,grid
100.0,-0.024898269385237662,420,,,,,,,,,2.038111925125122,,,2.596071720123291,,,,79977.10497773577,0.5738499428105207,0.10000000149011612,,,,3.0,1001,19,0,-1,,,,,,,14,,,0.010571052320301533,0.010571052320301533,0.00900979433208704,21.089250564575195,-1,HILL,-0.0034479899839920214,0.3691999912261963,0.7383999824523926,1,0.21358393132686615,0.5,grid
100.0,0.05681771665711929,421,,,,,,,,,1.2953219413757324,,,2.07858943939209,,,,989434.691897282,0.48949848190581496,0.12290000170469284,,,,3.0,1001,19,0,-1,,,,,,,14,,,0.01027480699121952,0.01027480699121952,0.009620241820812225,13.571029663085938,-1,HILL,-0.0002742463892155754,0.36489999294281006,0.5938161125374517,1,0.26249465346336365,0.6144999861717224,grid
100.0,0.08642148010883989,422,,,,,,,,,1.6181751489639282,,,1.5892380475997925,,,,nan,0.44726416854131684,0.1509999930858612,,,,3.0,1001,19,0,-1,,,,,,,14,,,0.01060282252728939,0.01060282252728939,0.010598866268992424,9.27706241607666,-1,HILL,0.0011372956362638593,0.428600013256073,0.5676821403483343,1,0.3225117325782776,0.7549999952316284,grid
100.0,0.3355581894299519,423,,,,,,,,,1.1028021574020386,,,1.625900149345398,,,,nan,0.4295699468326282,0.18549999594688416,,,,3.0,1001,19,0,-1,,,,,,,14,,,0.011557062156498432,0.011557062156498432,0.010894312523305416,6.700427532196045,-1,HILL,0.00018966631455859237,0.5152999758720398,0.5555794830982436,1,0.39619821310043335,0.9275000095367432,grid
100.0,0.10429672267206562,424,,,,,,,,,1.0883631706237793,,,1.3541452884674072,,,,27025.524450332963,0.3897226205106437,0.22789999842643738,,,,3.0,1001,19,0,-1,,,,,,,14,,,0.010756704956293106,0.010756704956293106,0.010489429347217083,4.131744861602783,-1,HILL,-0.01049260009418829,0.5859000086784363,0.5141728805619188,1,0.4867577850818634,1.1395000219345093,grid
100.0,-0.3420012389129194,425,,,,,,,,,1.606530785560608,,,1.560897946357727,,,,30931.47253854242,0.3768608875790665,0.30000001192092896,,,,3.0,1001,19,0,-1,,,,,,,14,,,0.010959616862237453,0.010959616862237453,0.01077769324183464,2.4293816089630127,-1,HILL,-0.009150424870577574,0.7203999757766724,0.48026665051778156,1,0.640751838684082,1.5,grid
100.0,0.8000610302735685,426,,,,,,,,,0.47120898962020874,,,0.517157256603241,,,,194369.0496417761,0.33159213344390925,0.3499999940395355,,,,3.0,1001,19,0,-1,,,,,,,14,,,0.010518236085772514,0.010518236085772514,0.010400566272437572,1.7129698991775513,-1,HILL,-0.001407116109674554,0.8184000253677368,0.46765715735299246,1,0.7475438117980957,1.75,grid
100.0,0.5049895792617701,427,,,,,,,,,0.7941988706588745,,,0.8136307001113892,,,,222443.10601266613,0.314774444209059,0.4000000059604645,,,,3.0,1001,19,0,-1,,,,,,,14,,,0.00977912824600935,0.00977912824600935,0.009547458961606026,1.2193350791931152,-1,HILL,-0.0012144348838111342,0.8147000074386597,0.40735000371932983,1,0.8543357253074646,2.0,grid
100.0,-0.34663224944166404,428,,,,,,,,,1.6182347536087036,,,1.4106932878494263,,,,15894.007778867699,0.3103452512880598,0.44999998807907104,,,,3.0,1001,19,0,-1,,,,,,,14,,,0.007787682116031647,0.007787682116031647,0.007776674348860979,0.7672309279441833,-1,HILL,-0.017393250898881298,0.894599974155426,0.3975999885135227,1,0.9611276984214783,2.25,grid
100.0,0.9135770606323729,429,,,,,,,,,0.4496425688266754,,,0.34072285890579224,,,,nan,0.2679314385109436,0.5,,,,3.0,1001,19,0,-1,,,,,,,14,,,0.007888924330472946,0.007888924330472946,0.00448012538254261,0.6295362114906311,-1,HILL,0.034124348380348925,0.9253000020980835,0.3701200008392334,1,1.0679197311401367,2.5,grid
100.0,0.744828398890249,430,,,,,,,,,0.6051298379898071,,,0.34318482875823975,,,,nan,0.20170532743129274,0.550000011920929,,,,3.0,1001,19,0,-1,,,,,,,14,,,0.006420415826141834,0.006420415826141834,0.0011077530216425657,0.42342907190322876,-1,HILL,0.1467906735160135,0.7017999887466431,0.2551999959078702,1,1.1747117042541504,2.75,grid
100.0,-0.35740802115834513,431,,,,,,,,,0.5227634310722351,,,0.16029949486255646,,,,nan,0.05775462637589274,0.6000000238418579,,,,3.0,1001,19,0,-1,,,,,,,14,,,0.002737994771450758,0.002737994771450758,0.00024116500571835786,0.15173053741455078,-1,HILL,0.21328578428788636,0.2313999980688095,0.07713333268960317,1,1.281503677368164,3.0,grid
100.0,nan,432,,,,,,,,,nan,,,nan,,,,nan,nan,0.800000011920929,,,,3.0,71,0,0,-1,,,,,,,14,,,1.983161928365007e-05,nan,nan,0.0006181887583807111,-1,HILL,nan,0.0,0.0,0,1.7086714506149292,4.0,grid
100.0,nan,433,,,,,,,,,nan,,,nan,,,,nan,nan,0.8500000238418579,,,,3.0,71,0,0,-1,,,,,,,14,,,1.8101907699019648e-05,nan,nan,0.0004998381482437253,-1,HILL,nan,0.0,0.0,0,1.8154634237289429,4.25,grid
100.0,nan,434,,,,,,,,,nan,,,nan,,,,nan,nan,0.8999999761581421,,,,3.0,71,0,0,-1,,,,,,,14,,,1.5422974684042856e-05,nan,nan,0.00037986214738339186,-1,HILL,nan,0.0,0.0,0,1.9222553968429565,4.5,grid
100.0,nan,435,,,,,,,,,nan,,,nan,,,,nan,nan,0.949999988079071,,,,3.0,61,0,0,-1,,,,,,,14,,,1.9207773220841773e-05,nan,nan,0.0004245929012540728,-1,HILL,nan,0.0,0.0,0,2.0290474891662598,4.75,grid
100.0,nan,436,,,,,,,,,nan,,,nan,,,,nan,nan,1.0,,,,3.0,61,0,0,-1,,,,,,,14,,,1.86162069439888e-05,nan,nan,0.00037139334017410874,-1,HILL,nan,0.0,0.0,0,2.1358394622802734,5.0,grid
100.0,nan,437,,,,,,,,,nan,,,nan,,,,nan,nan,1.0499999523162842,,,,3.0,61,0,0,-1,,,,,,,14,,,1.8307830032426864e-05,nan,nan,0.0003312845656182617,-1,HILL,nan,0.0,0.0,0,2.242631435394287,5.25,grid
100.0,nan,438,,,,,,,,,nan,,,nan,,,,nan,nan,1.100000023841858,,,,3.0,61,0,0,-1,,,,,,,14,,,1.7541267880005762e-05,nan,nan,0.0002892134652938694,-1,HILL,nan,0.0,0.0,0,2.349423408508301,5.5,grid
100.0,nan,439,,,,,,,,,nan,,,nan,,,,nan,nan,1.149999976158142,,,,3.0,61,0,0,-1,,,,,,,14,,,1.7111195120378397e-05,nan,nan,0.00025812353123910725,-1,HILL,nan,0.0,0.0,0,2.4562153816223145,5.75,grid
100.0,nan,440,,,,,,,,,nan,,,nan,,,,nan,nan,1.2000000476837158,,,,3.0,61,0,0,-1,,,,,,,14,,,1.7298625607509166e-05,nan,nan,0.00023965803848113865,-1,HILL,nan,0.0,0.0,0,2.563007354736328,6.0,grid
100.0,nan,441,,,,,,,,,nan,,,nan,,,,nan,nan,1.25,,,,3.0,61,0,0,-1,,,,,,,14,,,1.7774373191059567e-05,nan,nan,0.0002269432006869465,-1,HILL,nan,0.0,0.0,0,2.669799327850342,6.25,grid
100.0,nan,442,,,,,,,,,nan,,,nan,,,,nan,nan,1.2999999523162842,,,,3.0,61,0,0,-1,,,,,,,14,,,1.7758187823346816e-05,nan,nan,0.00020963068527635187,-1,HILL,nan,0.0,0.0,0,2.7765913009643555,6.5,grid
100.0,nan,443,,,,,,,,,nan,,,nan,,,,nan,nan,1.4536000490188599,,,,3.0,71,0,0,-1,,,,,,,14,,,1.3869777831132524e-05,nan,nan,0.0001309551444137469,-1,HILL,nan,0.0,0.0,0,3.104656219482422,7.26800012588501,grid
100.0,nan,444,,,,,,,,,nan,,,nan,,,,nan,nan,1.7860000133514404,,,,3.0,71,0,0,-1,,,,,,,14,,,1.9534498278517276e-05,nan,nan,0.00012217496987432241,-1,HILL,nan,0.0,0.0,0,3.8146090507507324,8.930000305175781,grid
100.0,nan,445,,,,,,,,,nan,,,nan,,,,nan,nan,2.1942999362945557,,,,3.0,81,0,0,-1,,,,,,,14,,,1.5674417227273807e-05,nan,nan,6.494449189631268e-05,-1,HILL,nan,0.0,0.0,0,4.686672210693359,10.971500396728516,grid
100.0,nan,446,,,,,,,,,nan,,,nan,,,,nan,nan,2.6958999633789062,,,,3.0,71,0,0,-1,,,,,,,14,,,1.5918103599688038e-05,nan,nan,4.369449015939608e-05,-1,HILL,nan,0.0,0.0,0,5.758009433746338,13.479499816894531,grid
100.0,nan,447,,,,,,,,,nan,,,nan,,,,nan,nan,3.312299966812134,,,,3.0,61,0,0,-1,,,,,,,14,,,1.81938103196444e-05,nan,nan,3.308317900518887e-05,-1,HILL,nan,0.0,0.0,0,7.074540615081787,16.561500549316406,grid
100.0,nan,448,,,,,,,,,nan,,,nan,,,,nan,nan,4.0696001052856445,,,,3.0,61,0,0,-1,,,,,,,14,,,1.731792144710198e-05,nan,nan,2.086100539600011e-05,-1,HILL,nan,0.0,0.0,0,8.692011833190918,20.347999572753906,grid
100.0,nan,449,,,,,,,,,nan,,,nan,,,,nan,nan,5.0,,,,3.0,61,0,0,-1,,,,,,,14,,,1.7051557733793743e-05,nan,nan,1.3607143046101555e-05,-1,HILL,nan,0.0,0.0,0,10.679197311401367,25.0,grid
250.0,-0.1126104151215582,450,,,,,,,,,5.613426208496094,,,5.825657844543457,,,,nan,1.057473202961098,0.10000000149011612,,,,0.3,1001,19,0,-1,,,,,,,15,,,0.00023273233091458678,0.00023273233091458678,0.000194140404346399,0.4643009901046753,-1,HILL,0.0016284899278121573,0.8411999940872192,1.6823999881744385,1,0.21358393132686615,0.5,grid
250.0,-0.3096411518506569,451,,,,,,,,,4.789504051208496,,,4.789504051208496,,,,62313.2627313949,0.8410854580087138,0.12290000170469284,,,,0.3,1001,19,0,-1,,,,,,,15,,,0.00022222346160560846,0.00022222346160560846,0.00021070163347758353,0.2935141623020172,-1,HILL,-0.001705629175359211,0.8400999903678894,1.3671277612252426,1,0.26249465346336365,0.6144999861717224,grid
250.0,-0.17602606943883503,452,,,,,,,,,3.593289375305176,,,3.767688035964966,,,,19329.73600866571,0.6598337499945172,0.1509999930858612,,,,0.3,1001,19,0,-1,,,,,,,15,,,0.0001986653805943206,0.0001986653805943206,0.00018646374519448727,0.17382457852363586,-1,HILL,-0.005440048737959236,0.8395000100135803,1.111920550086928,1,0.3225117325782776,0.7549999952316284,grid
250.0,-0.1984391651758163,453,,,,,,,,,2.8944945335388184,,,2.9080567359924316,,,,nan,0.4512763174788792,0.18549999594688416,,,,0.3,1001,19,0,-1,,,,,,,15,,,0.00020963932911399752,0.00020963932911399752,0.00017738775932230055,0.12154240161180496,-1,HILL,0.003979808633977887,0.7652999758720398,0.8251212593025017,1,0.39619821310043335,0.9275000095367432,grid
250.0,-0.09396976498196796,454,,,,,,,,,2.093315839767456,,,2.21907639503479,,,,nan,0.28369132487307075,0.22789999842643738,,,,0.3,1001,19,0,-1,,,,,,,15,,,0.0001813173876143992,0.0001813173876143992,0.00016189253074117005,0.06964560598134995,-1,HILL,0.007766472209583875,0.6502000093460083,0.5706011380694623,1,0.4867577850818634,1.1395000219345093,grid
250.0,-0.9376798796276209,455,,,,,,,,,1.2642089128494263,,,1.2515801191329956,,,,nan,0.06578821447542166,0.30000001192092896,,,,0.3,1001,19,0,-1,,,,,,,15,,,9.551171388011426e-05,9.551171388011426e-05,8.979448466561735e-05,0.02117176353931427,-1,HILL,0.004523528705943876,0.13819999992847443,0.09213333328564961,1,0.640751838684082,1.5,grid
250.0,nan,456,,,,,,,,,0.6134651899337769,,,nan,,,,nan,nan,0.3499999940395355,,,,0.3,311,5,0,-1,,,,,,,15,,,1.9663264538394287e-05,2.2264855942921713e-05,nan,0.0032023030798882246,-1,HILL,nan,0.0,0.0,0,0.7475438117980957,1.75,grid
250.0,nan,457,,,,,,,,,0.6845823526382446,,,nan,,,,nan,nan,0.4000000059604645,,,,0.3,611,11,0,-1,,,,,,,15,,,1.8499185898690484e-05,2.1332685719244182e-05,nan,0.0023066173307597637,-1,HILL,nan,0.0,0.0,0,0.8543357253074646,2.0,grid
250.0,nan,458,,,,,,,,,1.0090768337249756,,,nan,,,,nan,nan,0.44999998807907104,,,,0.3,261,4,0,-1,,,,,,,15,,,1.9747958504012786e-05,2.5010011086123995e-05,nan,0.0019455394940450788,-1,HILL,nan,0.0,0.0,0,0.9611276984214783,2.25,grid
250.0,nan,459,,,,,,,,,0.595775306224823,,,nan,,,,nan,nan,0.5,,,,0.3,181,2,0,-1,,,,,,,15,,,1.9635976059362292e-05,4.390129470266402e-05,nan,0.0015669508138671517,-1,HILL,nan,0.0,0.0,0,1.0679197311401367,2.5,grid
250.0,nan,460,,,,,,,,,0.48858460783958435,,,nan,,,,nan,nan,0.550000011920929,,,,0.3,151,2,0,-1,,,,,,,15,,,1.9314895325805992e-05,1.9314895325805992e-05,nan,0.0012738252989947796,-1,HILL,nan,0.0,0.0,0,1.1747117042541504,2.75,grid
250.0,nan,461,,,,,,,,,0.42530909180641174,,,nan,,,,nan,nan,0.6000000238418579,,,,0.3,131,1,0,-1,,,,,,,15,,,1.9444374629529193e-05,2.8250220566405915e-05,nan,0.0010775424307212234,-1,HILL,nan,0.0,0.0,0,1.281503677368164,3.0,grid
250.0,nan,462,,,,,,,,,0.23685139417648315,,,nan,,,,nan,nan,0.800000011920929,,,,0.3,111,1,0,-1,,,,,,,15,,,1.7097856471082196e-05,2.0414932805579156e-05,nan,0.0005329722771421075,-1,HILL,nan,0.0,0.0,0,1.7086714506149292,4.0,grid
250.0,nan,463,,,,,,,,,0.20886090397834778,,,nan,,,,nan,nan,0.8500000238418579,,,,0.3,101,1,0,-1,,,,,,,15,,,1.8918646674137563e-05,1.8918646674137563e-05,nan,0.0005223902990110219,-1,HILL,nan,0.0,0.0,0,1.8154634237289429,4.25,grid
250.0,nan,464,,,,,,,,,0.18095190823078156,,,nan,,,,nan,nan,0.8999999761581421,,,,0.3,101,1,0,-1,,,,,,,15,,,1.7461215975345112e-05,1.7461215975345112e-05,nan,0.0004300632863305509,-1,HILL,nan,0.0,0.0,0,1.9222553968429565,4.5,grid
250.0,nan,465,,,,,,,,,0.15311317145824432,,,nan,,,,nan,nan,0.949999988079071,,,,0.3,101,1,0,-1,,,,,,,15,,,1.6110134311020374e-05,1.6110134311020374e-05,nan,0.00035611874773167074,101,HILL,nan,0.0,0.0,0,2.0290474891662598,4.75,grid
250.0,nan,466,,,,,,,,,nan,,,nan,,,,nan,nan,1.0,,,,0.3,91,0,0,-1,,,,,,,15,,,1.9288325347588398e-05,nan,nan,0.000384802115149796,-1,HILL,nan,0.0,0.0,0,2.1358394622802734,5.0,grid
250.0,nan,467,,,,,,,,,nan,,,nan,,,,nan,nan,1.0499999523162842,,,,0.3,91,0,0,-1,,,,,,,15,,,1.8527958673075773e-05,nan,nan,0.0003352678322698921,-1,HILL,nan,0.0,0.0,0,2.242631435394287,5.25,grid
250.0,nan,468,,,,,,,,,nan,,,nan,,,,nan,nan,1.100000023841858,,,,0.3,91,0,0,-1,,,,,,,15,,,1.805888859962579e-05,nan,nan,0.0002977477852255106,-1,HILL,nan,0.0,0.0,0,2.349423408508301,5.5,grid
250.0,nan,469,,,,,,,,,nan,,,nan,,,,nan,nan,1.149999976158142,,,,0.3,91,0,0,-1,,,,,,,15,,,1.7688829757389612e-05,nan,nan,0.0002668371598701924,-1,HILL,nan,0.0,0.0,0,2.4562153816223145,5.75,grid
250.0,nan,470,,,,,,,,,nan,,,nan,,,,nan,nan,1.2000000476837158,,,,0.3,91,0,0,-1,,,,,,,15,,,1.7256897990591824e-05,nan,nan,0.00023907994909677655,-1,HILL,nan,0.0,0.0,0,2.563007354736328,6.0,grid
250.0,nan,471,,,,,,,,,nan,,,nan,,,,nan,nan,1.25,,,,0.3,91,0,0,-1,,,,,,,15,,,1.665154195507057e-05,nan,nan,0.00021260688663460314,-1,HILL,nan,0.0,0.0,0,2.669799327850342,6.25,grid
250.0,nan,472,,,,,,,,,nan,,,nan,,,,nan,nan,1.2999999523162842,,,,0.3,81,0,0,-1,,,,,,,15,,,1.9858729501720518e-05,nan,nan,0.00023442701785825193,-1,HILL,nan,0.0,0.0,0,2.7765913009643555,6.5,grid
250.0,nan,473,,,,,,,,,nan,,,nan,,,,nan,nan,1.4536000490188599,,,,0.3,71,0,0,-1,,,,,,,15,,,1.9454328139545396e-05,nan,nan,0.0001836831506807357,-1,HILL,nan,0.0,0.0,0,3.104656219482422,7.26800012588501,grid
250.0,nan,474,,,,,,,,,nan,,,nan,,,,nan,nan,1.7860000133514404,,,,0.3,51,0,0,-1,,,,,,,15,,,1.6745201719459146e-05,nan,nan,0.00010472982103237882,-1,HILL,nan,0.0,0.0,0,3.8146090507507324,8.930000305175781,grid
250.0,nan,475,,,,,,,,,nan,,,nan,,,,nan,nan,2.1942999362945557,,,,0.3,31,0,0,-1,,,,,,,15,,,1.96443415916292e-05,nan,nan,8.139324199873954e-05,-1,HILL,nan,0.0,0.0,0,4.686672210693359,10.971500396728516,grid
250.0,nan,476,,,,,,,,,nan,,,nan,,,,nan,nan,2.6958999633789062,,,,0.3,41,0,0,-1,,,,,,,15,,,1.3935831702838186e-05,nan,nan,3.8253241655183956e-05,-1,HILL,nan,0.0,0.0,0,5.758009433746338,13.479499816894531,grid
250.0,nan,477,,,,,,,,,nan,,,nan,,,,nan,nan,3.312299966812134,,,,0.3,41,0,0,-1,,,,,,,15,,,1.6530473658349365e-05,nan,nan,3.0058607080718502e-05,-1,HILL,nan,0.0,0.0,0,7.074540615081787,16.561500549316406,grid
250.0,nan,478,,,,,,,,,nan,,,nan,,,,nan,nan,4.0696001052856445,,,,0.3,51,0,0,-1,,,,,,,15,,,1.3723407391807996e-05,nan,nan,1.653108665777836e-05,-1,HILL,nan,0.0,0.0,0,8.692011833190918,20.347999572753906,grid
250.0,nan,479,,,,,,,,,nan,,,nan,,,,nan,nan,5.0,,,,0.3,61,0,0,-1,,,,,,,15,,,1.89436486834893e-05,nan,nan,1.5117031580302864e-05,-1,HILL,nan,0.0,0.0,0,10.679197311401367,25.0,grid
250.0,-0.01955468996554764,480,,,,,,,,,6.921175956726074,,,6.921175956726074,,,,109582.91207840528,1.3381855315789668,0.10000000149011612,,,,1.0,1001,19,0,-1,,,,,,,16,,,0.004722206387668848,0.004722206387668848,0.0041555846109986305,9.420802116394043,-1,HILL,-0.0021855527704412276,1.0520000457763672,2.1040000915527344,1,0.21358393132686615,0.5,grid
250.0,0.1479852883466733,481,,,,,,,,,4.450977325439453,,,5.305022716522217,,,,nan,0.9333804764938987,0.12290000170469284,,,,1.0,1001,19,0,-1,,,,,,,16,,,0.0056753396056592464,0.0056753396056592464,0.004204369615763426,7.496024131774902,-1,HILL,0.01950012120333588,0.9646999835968018,1.569894231579715,1,0.26249465346336365,0.6144999861717224,grid
250.0,0.23346834487884122,482,,,,,,,,,3.709394931793213,,,4.191011428833008,,,,nan,0.6812462211718783,0.1509999930858612,,,,1.0,1001,19,0,-1,,,,,,,16,,,0.006062860134989023,0.006062860134989023,0.005814766511321068,5.304769515991211,-1,HILL,0.001897694847800627,0.883400022983551,1.1700662629971679,1,0.3225117325782776,0.7549999952316284,grid
250.0,0.2470058986130886,483,,,,,,,,,3.034636974334717,,,3.034636974334717,,,,nan,0.5021141418170917,0.18549999594688416,,,,1.0,1001,19,0,-1,,,,,,,16,,,0.006007435265928507,0.006007435265928507,0.005606289487332106,3.4829254150390625,-1,HILL,0.0016815315593373332,0.8077999949455261,0.870943381821631,1,0.39619821310043335,0.9275000095367432,grid
250.0,0.16021703845892535,484,,,,,,,,,2.0187389850616455,,,2.370448589324951,,,,nan,0.3690721505615346,0.22789999842643738,,,,1.0,1001,19,0,-1,,,,,,,16,,,0.0054151080548763275,0.0054151080548763275,0.004672409500926733,2.0799906253814697,-1,HILL,0.0075026425448330766,0.7455999851226807,0.6543220454326,1,0.4867577850818634,1.1395000219345093,grid
250.0,0.4334323716459636,485,,,,,,,,,1.4312463998794556,,,1.6467727422714233,,,,nan,0.2080589441706043,0.30000001192092896,,,,1.0,1001,19,0,-1,,,,,,,16,,,0.0016318500274792314,0.0016318500274792314,0.00016059383051469922,0.3617267608642578,-1,HILL,0.17237039479342423,0.6456999778747559,0.4304666519165039,1,0.640751838684082,1.5,grid
250.0,0.8200576869712115,486,,,,,,,,,0.7605966329574585,,,1.0881956815719604,,,,nan,0.25000876631462793,0.3499999940395355,,,,1.0,1001,19,0,-1,,,,,,,16,,,0.008097058162093163,0.008097058162093163,0.004438655450940132,1.3186637163162231,-1,HILL,0.024574578892101084,0.6434999704360962,0.3677142688206264,1,0.7475438117980957,1.75,grid
250.0,0.39955078733895494,487,,,,,,,,,0.7306915521621704,,,0.9553625583648682,,,,nan,0.23020765472377935,0.4000000059604645,,,,1.0,1001,19,0,-1,,,,,,,16,,,0.007571164984256029,0.007571164984256029,0.0033893443178385496,0.9440296292304993,-1,HILL,0.04266136342828932,0.6152999997138977,0.30764999985694885,1,0.8543357253074646,2.0,grid
250.0,-0.31514466689709175,488,,,,,,,,,1.2469477653503418,,,0.7741211652755737,,,,nan,0.1369365341648332,0.44999998807907104,,,,1.0,1001,19,0,-1,,,,,,,16,,,0.0067015462554991245,0.0067015462554991245,0.0003319495008327067,0.6602264046669006,-1,HILL,0.28748878565701597,0.47679999470710754,0.21191110875871447,1,0.9611276984214783,2.25,grid
250.0,0.6314886519497244,489,,,,,,,,,0.10777773708105087,,,0.046226076781749725,,,,nan,0.011121327604196662,0.5,,,,1.0,1001,19,1,-1,,,,,,,16,,,0.0006212927401065826,0.0006212927401065826,0.00012412086653057486,0.049579162150621414,-1,HILL,0.13930163383483893,0.043209999799728394,0.01728399991989136,1,1.0679197311401367,2.5,grid
250.0,1.0570836896571536,490,,,,,,,,,0.0394577831029892,,,0.018134117126464844,,,,nan,0.005142260023261978,0.550000011920929,,,,1.0,1001,19,1,-1,,,,,,,16,,,0.0002786355616990477,0.0002786355616990477,7.187549636000767e-05,0.018376130610704422,-1,HILL,0.11761874719099584,0.024870000779628754,0.009043636647137728,1,1.1747117042541504,2.75,grid
250.0,nan,491,,,,,,,,,0.4403322637081146,,,nan,,,,nan,nan,0.6000000238418579,,,,1.0,341,5,0,-1,,,,,,,16,,,1.9771821825997904e-05,3.0304283427540213e-05,nan,0.0010956884361803532,-1,HILL,nan,0.0,0.0,0,1.281503677368164,3.0,grid
250.0,nan,492,,,,,,,,,0.24653108417987823,,,nan,,,,nan,nan,0.800000011920929,,,,1.0,311,5,0,-1,,,,,,,16,,,1.943059942277614e-05,2.4967595891212113e-05,nan,0.0006056881975382566,-1,HILL,nan,0.0,0.0,0,1.7086714506149292,4.0,grid
250.0,nan,493,,,,,,,,,0.32969987392425537,,,nan,,,,nan,nan,0.8500000238418579,,,,1.0,331,5,0,-1,,,,,,,16,,,1.7400385331711732e-05,3.536881195032038e-05,nan,0.0004804673953913152,-1,HILL,nan,0.0,0.0,0,1.8154634237289429,4.25,grid
250.0,nan,494,,,,,,,,,0.19767189025878906,,,nan,,,,nan,nan,0.8999999761581421,,,,1.0,281,4,0,-1,,,,,,,16,,,1.9313603843329474e-05,2.770504761429038e-05,nan,0.00047568691661581397,-1,HILL,nan,0.0,0.0,0,1.9222553968429565,4.5,grid
250.0,nan,495,,,,,,,,,0.15582379698753357,,,nan,,,,nan,nan,0.949999988079071,,,,1.0,271,4,0,-1,,,,,,,16,,,1.7420561562175862e-05,2.495932494639419e-05,nan,0.00038508608122356236,-1,HILL,nan,0.0,0.0,0,2.0290474891662598,4.75,grid
250.0,nan,496,,,,,,,,,0.1195477694272995,,,nan,,,,nan,nan,1.0,,,,1.0,251,4,0,-1,,,,,,,16,,,1.8121871107723564e-05,1.8121871107723564e-05,nan,0.0003615313326008618,251,HILL,nan,0.0,0.0,0,2.1358394622802734,5.0,grid
250.0,nan,497,,,,,,,,,0.1510309875011444,,,nan,,,,nan,nan,1.0499999523162842,,,,1.0,231,3,0,-1,,,,,,,16,,,1.9061360944760963e-05,2.9188611733843572e-05,nan,0.0003449198557063937,-1,HILL,nan,0.0,0.0,0,2.242631435394287,5.25,grid
250.0,nan,498,,,,,,,,,nan,,,nan,,,,nan,nan,1.100000023841858,,,,1.0,71,0,0,-1,,,,,,,16,,,1.9795508706010878e-05,nan,nan,0.0003263804828748107,-1,HILL,nan,0.0,0.0,0,2.349423408508301,5.5,grid
250.0,nan,499,,,,,,,,,nan,,,nan,,,,nan,nan,1.149999976158142,,,,1.0,71,0,0,-1,,,,,,,16,,,1.815791256376542e-05,nan,nan,0.00027391331968829036,-1,HILL,nan,0.0,0.0,0,2.4562153816223145,5.75,grid
250.0,nan,500,,,,,,,,,nan,,,nan,,,,nan,nan,1.2000000476837158,,,,1.0,71,0,0,-1,,,,,,,16,,,1.5172501662163995e-05,nan,nan,0.00021020235726609826,-1,HILL,nan,0.0,0.0,0,2.563007354736328,6.0,grid
250.0,nan,501,,,,,,,,,nan,,,nan,,,,nan,nan,1.25,,,,1.0,61,0,0,-1,,,,,,,16,,,1.9202045223210007e-05,nan,nan,0.00024517171550542116,-1,HILL,nan,0.0,0.0,0,2.669799327850342,6.25,grid
250.0,nan,502,,,,,,,,,nan,,,nan,,,,nan,nan,1.2999999523162842,,,,1.0,61,0,0,-1,,,,,,,16,,,1.9855542632285506e-05,nan,nan,0.00023438938660547137,-1,HILL,nan,0.0,0.0,0,2.7765913009643555,6.5,grid
250.0,nan,503,,,,,,,,,nan,,,nan,,,,nan,nan,1.4536000490188599,,,,1.0,61,0,0,-1,,,,,,,16,,,1.4895632375555579e-05,nan,nan,0.00014064103015698493,-1,HILL,nan,0.0,0.0,0,3.104656219482422,7.26800012588501,grid
250.0,nan,504,,,,,,,,,nan,,,nan,,,,nan,nan,1.7860000133514404,,,,1.0,61,0,0,-1,,,,,,,16,,,1.373554187011905e-05,nan,nan,8.590645302319899e-05,-1,HILL,nan,0.0,0.0,0,3.8146090507507324,8.930000305175781,grid
250.0,nan,505,,,,,,,,,nan,,,nan,,,,nan,nan,2.1942999362945557,,,,1.0,61,0,0,-1,,,,,,,16,,,1.7223303075297736e-05,nan,nan,7.136205385904759e-05,-1,HILL,nan,0.0,0.0,0,4.686672210693359,10.971500396728516,grid
250.0,nan,506,,,,,,,,,nan,,,nan,,,,nan,nan,2.6958999633789062,,,,1.0,61,0,0,-1,,,,,,,16,,,1.8674827515496872e-05,nan,nan,5.1261573389638215e-05,-1,HILL,nan,0.0,0.0,0,5.758009433746338,13.479499816894531,grid
250.0,nan,507,,,,,,,,,nan,,,nan,,,,nan,nan,3.312299966812134,,,,1.0,61,0,0,-1,,,,,,,16,,,1.6244517610175535e-05,nan,nan,2.9538632588810287e-05,-1,HILL,nan,0.0,0.0,0,7.074540615081787,16.561500549316406,grid
250.0,nan,508,,,,,,,,,nan,,,nan,,,,nan,nan,4.0696001052856445,,,,1.0,61,0,0,-1,,,,,,,16,,,1.6288911865558475e-05,nan,nan,1.962146779987961e-05,-1,HILL,nan,0.0,0.0,0,8.692011833190918,20.347999572753906,grid
250.0,nan,509,,,,,,,,,nan,,,nan,,,,nan,nan,5.0,,,,1.0,61,0,0,-1,,,,,,,16,,,1.9090464775217697e-05,nan,nan,1.523419086879585e-05,-1,HILL,nan,0.0,0.0,0,10.679197311401367,25.0,grid
250.0,0.09363162944671483,510,,,,,,,,,6.971551895141602,,,7.116481781005859,,,,18517.829052099565,1.560101049744949,0.10000000149011612,,,,3.0,1001,19,0,-1,,,,,,,17,,,0.005590193439275026,0.005590193439275026,0.0053244358859956264,11.152435302734375,-1,HILL,-0.01396597948941307,1.2079999446868896,2.4159998893737793,1,0.21358393132686615,0.5,grid
250.0,0.16845375229180565,511,,,,,,,,,5.873040676116943,,,5.823216438293457,,,,nan,1.1129217165499676,0.12290000170469284,,,,3.0,1001,19,0,-1,,,,,,,17,,,0.0070789167657494545,0.0070789167657494545,0.005621358286589384,9.34987735748291,-1,HILL,0.013845417716286487,1.1469999551773071,1.8665581464419712,1,0.26249465346336365,0.6144999861717224,grid
250.0,0.18633021930398347,512,,,,,,,,,4.533999919891357,,,4.533999919891357,,,,nan,0.7859966459557934,0.1509999930858612,,,,3.0,1001,19,0,-1,,,,,,,17,,,0.007559454999864101,0.007559454999864101,0.005813466850668192,6.614233016967773,-1,HILL,0.02323522134260722,1.0470000505447388,1.386755042592453,1,0.3225117325782776,0.7549999952316284,grid
250.0,0.2275223819421149,513,,,,,,,,,3.485124349594116,,,3.1881401538848877,,,,nan,0.44356750733759276,0.18549999594688416,,,,3.0,1001,19,0,-1,,,,,,,17,,,0.007511039264500141,0.007511039264500141,0.00722510926425457,4.354668617248535,-1,HILL,0.003963305733420688,0.6596999764442444,0.7112668136507552,1,0.39619821310043335,0.9275000095367432,grid
250.0,0.141281781356309,514,,,,,,,,,2.765207290649414,,,2.2518484592437744,,,,40040.8136571447,0.33792161010859884,0.22789999842643738,,,,3.0,1001,19,0,-1,,,,,,,17,,,0.006144213490188122,0.006144213490188122,0.006144213490188122,2.36004638671875,-1,HILL,-0.006371537121859336,0.6014000177383423,0.5277753454689329,1,0.4867577850818634,1.1395000219345093,grid
250.0,0.5907553554757091,515,,,,,,,,,1.5209356546401978,,,1.8931764364242554,,,,nan,0.3569879652766814,0.30000001192092896,,,,3.0,1001,19,0,-1,,,,,,,17,,,0.004767595790326595,0.004767595790326595,0.0030659500043839216,1.0568170547485352,-1,HILL,0.002373998815363275,0.8555999994277954,0.5703999996185303,1,0.640751838684082,1.5,grid
250.0,0.8297892710182466,516,,,,,,,,,0.6500825881958008,,,0.8712252974510193,,,,nan,0.22389976527885308,0.3499999940395355,,,,3.0,1001,19,0,-1,,,,,,,17,,,0.008144228719174862,0.008144228719174862,0.007420105393975973,1.3263459205627441,-1,HILL,0.0014922055331144425,0.5479000210762024,0.3130857263292585,1,0.7475438117980957,1.75,grid
250.0,0.3106563131337311,517,,,,,,,,,0.7416525483131409,,,0.8362026214599609,,,,nan,0.2254689292754819,0.4000000059604645,,,,3.0,1001,19,0,-1,,,,,,,17,,,0.007734090555459261,0.007734090555459261,0.005201255436986685,0.9643443822860718,-1,HILL,0.01759713346307936,0.5942999720573425,0.29714998602867126,1,0.8543357253074646,2.0,grid
250.0,-0.4006043259371849,518,,,,,,,,,1.0726990699768066,,,1.0726990699768066,,,,nan,0.16906374469500796,0.44999998807907104,,,,3.0,1001,19,0,-1,,,,,,,17,,,0.006015703547745943,0.006015703547745943,0.0013622319092974067,0.5926582217216492,-1,HILL,0.11117881861600024,0.5410000085830688,0.2404444482591417,1,0.9611276984214783,2.25,grid
250.0,0.8152220516667329,519,,,,,,,,,0.36767545342445374,,,0.21767553687095642,,,,nan,0.0856782423565078,0.5,,,,3.0,1001,19,0,-1,,,,,,,17,,,0.004480298608541489,0.004480298608541489,0.00036393129266798496,0.35752785205841064,-1,HILL,0.22809173410589068,0.28949999809265137,0.11579999923706055,1,1.0679197311401367,2.5,grid
250.0,1.0325222790217021,520,,,,,,,,,0.04761699214577675,,,0.028289644047617912,,,,nan,0.010349373437009235,0.550000011920929,,,,3.0,1001,19,1,-1,,,,,,,17,,,0.0005203565815463662,0.0005203565815463662,9.426873293705285e-05,0.034317731857299805,-1,HILL,0.14945283803072873,0.04109000042080879,0.014941818334839561,1,1.1747117042541504,2.75,grid
250.0,nan,521,,,,,,,,,0.20854294300079346,,,nan,,,,nan,nan,0.6000000238418579,,,,3.0,211,3,0,-1,,,,,,,17,,,1.991941280721221e-05,2.0497040168265812e-05,nan,0.0011038674274459481,-1,HILL,nan,0.0,0.0,0,1.281503677368164,3.0,grid
250.0,nan,522,,,,,,,,,0.16092097759246826,,,nan,,,,nan,nan,0.800000011920929,,,,3.0,111,1,0,-1,,,,,,,17,,,1.7279906387557276e-05,2.07063330890378e-05,nan,0.0005386470584198833,-1,HILL,nan,0.0,0.0,0,1.7086714506149292,4.0,grid
250.0,nan,523,,,,,,,,,0.13862812519073486,,,nan,,,,nan,nan,0.8500000238418579,,,,3.0,101,1,0,-1,,,,,,,17,,,1.850752050813753e-05,1.850752050813753e-05,nan,0.0005110381171107292,-1,HILL,nan,0.0,0.0,0,1.8154634237289429,4.25,grid
250.0,nan,524,,,,,,,,,nan,,,nan,,,,nan,nan,0.8999999761581421,,,,3.0,91,0,0,-1,,,,,,,17,,,1.9220860849600285e-05,nan,nan,0.0004734027024824172,-1,HILL,nan,0.0,0.0,0,1.9222553968429565,4.5,grid
250.0,nan,525,,,,,,,,,nan,,,nan,,,,nan,nan,0.949999988079071,,,,3.0,91,0,0,-1,,,,,,,17,,,1.6408997908001766e-05,nan,nan,0.0003627252299338579,-1,HILL,nan,0.0,0.0,0,2.0290474891662598,4.75,grid
250.0,nan,526,,,,,,,,,nan,,,nan,,,,nan,nan,1.0,,,,3.0,81,0,0,-1,,,,,,,17,,,1.8107637515640818e-05,nan,nan,0.000361247337423265,-1,HILL,nan,0.0,0.0,0,2.1358394622802734,5.0,grid
250.0,nan,527,,,,,,,,,nan,,,nan,,,,nan,nan,1.0499999523162842,,,,3.0,81,0,0,-1,,,,,,,17,,,1.5895904653007165e-05,nan,nan,0.00028764017042703927,-1,HILL,nan,0.0,0.0,0,2.242631435394287,5.25,grid
250.0,nan,528,,,,,,,,,nan,,,nan,,,,nan,nan,1.100000023841858,,,,3.0,81,0,0,-1,,,,,,,17,,,1.6146248526638374e-05,nan,nan,0.0002662129409145564,-1,HILL,nan,0.0,0.0,0,2.349423408508301,5.5,grid
250.0,nan,529,,,,,,,,,nan,,,nan,,,,nan,nan,1.149999976158142,,,,3.0,71,0,0,-1,,,,,,,17,,,1.8544436898082495e-05,nan,nan,0.00027974406839348376,-1,HILL,nan,0.0,0.0,0,2.4562153816223145,5.75,grid
250.0,nan,530,,,,,,,,,nan,,,nan,,,,nan,nan,1.2000000476837158,,,,3.0,71,0,0,-1,,,,,,,17,,,1.6618732843198813e-05,nan,nan,0.0002302387001691386,-1,HILL,nan,0.0,0.0,0,2.563007354736328,6.0,grid
250.0,nan,531,,,,,,,,,nan,,,nan,,,,nan,nan,1.25,,,,3.0,71,0,0,-1,,,,,,,17,,,1.5046879525471013e-05,nan,nan,0.00019211856124456972,-1,HILL,nan,0.0,0.0,0,2.669799327850342,6.25,grid
250.0,nan,532,,,,,,,,,nan,,,nan,,,,nan,nan,1.2999999523162842,,,,3.0,71,0,0,-1,,,,,,,17,,,1.589098246768117e-05,nan,nan,0.00018758882652036846,-1,HILL,nan,0.0,0.0,0,2.7765913009643555,6.5,grid
250.0,nan,533,,,,,,,,,nan,,,nan,,,,nan,nan,1.4536000490188599,,,,3.0,61,0,0,-1,,,,,,,17,,,1.6895108274184167e-05,nan,nan,0.00015951960813254118,-1,HILL,nan,0.0,0.0,0,3.104656219482422,7.26800012588501,grid
250.0,nan,534,,,,,,,,,nan,,,nan,,,,nan,nan,1.7860000133514404,,,,3.0,61,0,0,-1,,,,,,,17,,,1.5555335266981274e-05,nan,nan,9.72880152403377e-05,-1,HILL,nan,0.0,0.0,0,3.8146090507507324,8.930000305175781,grid
250.0,nan,535,,,,,,,,,nan,,,nan,,,,nan,nan,2.1942999362945557,,,,3.0,61,0,0,-1,,,,,,,17,,,1.8999124222318642e-05,nan,nan,7.871988782426342e-05,-1,HILL,nan,0.0,0.0,0,4.686672210693359,10.971500396728516,grid
250.0,nan,536,,,,,,,,,nan,,,nan,,,,nan,nan,2.6958999633789062,,,,3.0,71,0,0,-1,,,,,,,17,,,1.2127654372307006e-05,nan,nan,3.328987440909259e-05,-1,HILL,nan,0.0,0.0,0,5.758009433746338,13.479499816894531,grid
250.0,nan,537,,,,,,,,,nan,,,nan,,,,nan,nan,3.312299966812134,,,,3.0,61,0,0,-1,,,,,,,17,,,1.8208078472525813e-05,nan,nan,3.3109125070041046e-05,-1,HILL,nan,0.0,0.0,0,7.074540615081787,16.561500549316406,grid
250.0,nan,538,,,,,,,,,nan,,,nan,,,,nan,nan,4.0696001052856445,,,,3.0,61,0,0,-1,,,,,,,17,,,1.796442302293144e-05,nan,nan,2.1639772967319004e-05,-1,HILL,nan,0.0,0.0,0,8.692011833190918,20.347999572753906,grid
250.0,nan,539,,,,,,,,,nan,,,nan,,,,nan,nan,5.0,,,,3.0,61,0,0,-1,,,,,,,17,,,1.7978400137508288e-05,nan,nan,1.4346762327477336e-05,-1,HILL,nan,0.0,0.0,0,10.679197311401367,25.0,grid
0.0,0.156192346306179,1080,,,,,,,,,0.8679121136665344,,,0.7619226574897766,,,,nan,0.12614961507346167,0.10000000149011612,,,,0.3,1001,19,0,-1,,,,,,,36,,,0.00310436706058681,0.00310436706058681,0.0025359501596540213,6.200662612915039,-1,RIDGE,0.003408874164928205,0.08635000139474869,0.17270000278949738,1,0.21358393132686615,0.5,grid
0.0,-0.012085851313703867,1081,,,,,,,,,1.15183687210083,,,0.857817530632019,,,,18366.756050106742,0.13840546418848612,0.12290000170469284,,,,0.3,1001,19,0,-1,,,,,,,36,,,0.003799575613811612,0.003799575613811612,0.002487511606886983,5.024540424346924,-1,RIDGE,-0.013121830333362797,0.11490000039339066,0.18698129044592326,1,0.26249465346336365,0.6144999861717224,grid
0.0,0.028916663140815185,1082,,,,,,,,,0.7075281143188477,,,0.7459616661071777,,,,244344.1206338635,0.15240112671851244,0.1509999930858612,,,,0.3,1001,19,0,-1,,,,,,,36,,,0.0040497370064258575,0.0040497370064258575,0.003270210698246956,3.5476272106170654,-1,RIDGE,-0.0009477962147105065,0.1517000049352646,0.20092716012365555,1,0.3225117325782776,0.7549999952316284,grid
0.0,0.5739912586945599,1083,,,,,,,,,0.6564916372299194,,,0.5835569500923157,,,,14113.815197027863,0.15128748570400266,0.18549999594688416,,,,0.3,1001,19,0,-1,,,,,,,36,,,0.00376529386267066,0.00376529386267066,0.0035736802965402603,2.1856272220611572,-1,RIDGE,-0.017347678271206788,0.1867000013589859,0.2012937999345538,1,0.39619821310043335,0.9275000095367432,grid
0.0,-0.7138487501118588,1084,,,,,,,,,1.1387447118759155,,,1.0177433490753174,,,,nan,0.14663234394397015,0.22789999842643738,,,,0.3,1001,19,0,-1,,,,,,,36,,,0.004278020933270454,0.004278020933270454,0.003441569861024618,1.6452022790908813,-1,RIDGE,0.01788767034357255,0.22920000553131104,0.20114085223289613,1,0.4867577850818634,1.1395000219345093,grid
0.0,0.27365695943094637,1085,,,,,,,,,0.5039868950843811,,,0.41192030906677246,,,,nan,0.09465283067488704,0.30000001192092896,,,,0.3,1001,19,0,-1,,,,,,,36,,,0.0031139145139604807,0.0031139145139604807,0.0008456192445009947,0.6910814642906189,-1,RIDGE,0.1178325046192518,0.18330000340938568,0.12220000227292378,1,0.640751838684082,1.5,grid
0.0,-0.71459421351578,1086,,,,,,,,,0.04691607505083084,,,0.045778751373291016,,,,nan,0.006063224228922651,0.3499999940395355,,,,0.3,1001,19,1,-1,,,,,,,36,,,0.000188442922080867,0.000188442922080867,0.0001189639006042853,0.030726194381713867,-1,RIDGE,0.03739291104403431,0.014440000057220459,0.008251428604125977,1,0.7475438117980957,1.75,grid
0.0,nan,1087,,,,,,,,,0.008844852447509766,,,nan,,,,nan,nan,0.4000000059604645,,,,0.3,521,9,0,-1,,,,,,,36,,,1.9782844901783392e-05,2.0817959011765197e-05,nan,0.002469640923663974,-1,RIDGE,nan,0.0,0.0,0,0.8543357253074646,2.0,grid
0.0,nan,1088,,,,,,,,,0.153439462184906,,,nan,,,,nan,nan,0.44999998807907104,,,,0.3,241,3,0,-1,,,,,,,36,,,1.977276951947715e-05,2.3907092327135615e-05,nan,0.001950327423401177,-1,RIDGE,nan,0.0,0.0,0,0.9611276984214783,2.25,grid
0.0,nan,1089,,,,,,,,,0.21230311691761017,,,nan,,,,nan,nan,0.5,,,,0.3,161,2,0,-1,,,,,,,36,,,1.8105743947671726e-05,2.0464085537241772e-05,nan,0.0014465764397755265,-1,RIDGE,nan,0.0,0.0,0,1.0679197311401367,2.5,grid
0.0,nan,1090,,,,,,,,,0.3028111457824707,,,nan,,,,nan,nan,0.550000011920929,,,,0.3,131,1,0,-1,,,,,,,36,,,1.689320197328925e-05,3.09355127683375e-05,nan,0.0011154540115967393,-1,RIDGE,nan,0.0,0.0,0,1.1747117042541504,2.75,grid
0.0,nan,1091,,,,,,,,,0.29029667377471924,,,nan,,,,nan,nan,0.6000000238418579,,,,0.3,111,1,0,-1,,,,,,,36,,,1.8126107534044422e-05,2.2891044864081778e-05,nan,0.0010056968312710524,-1,RIDGE,nan,0.0,0.0,0,1.281503677368164,3.0,grid
0.0,nan,1092,,,,,,,,,nan,,,nan,,,,nan,nan,0.800000011920929,,,,0.3,91,0,0,-1,,,,,,,36,,,1.5128158338484354e-05,nan,nan,0.00047214035294018686,-1,RIDGE,nan,0.0,0.0,0,1.7086714506149292,4.0,grid
0.0,nan,1093,,,,,,,,,nan,,,nan,,,,nan,nan,0.8500000238418579,,,,0.3,81,0,0,-1,,,,,,,36,,,1.9997942217742093e-05,nan,nan,0.0005528565961867571,-1,RIDGE,nan,0.0,0.0,0,1.8154634237289429,4.25,grid
0.0,nan,1094,,,,,,,,,nan,,,nan,,,,nan,nan,0.8999999761581421,,,,0.3,81,0,0,-1,,,,,,,36,,,1.9271776181994937e-05,nan,nan,0.0004752277454826981,-1,RIDGE,nan,0.0,0.0,0,1.9222553968429565,4.5,grid
0.0,nan,1095,,,,,,,,,nan,,,nan,,,,nan,nan,0.949999988079071,,,,0.3,81,0,0,-1,,,,,,,36,,,1.7749234757502563e-05,nan,nan,0.00039282350917346776,-1,RIDGE,nan,0.0,0.0,0,2.0290474891662598,4.75,grid
0.0,nan,1096,,,,,,,,,nan,,,nan,,,,nan,nan,1.0,,,,0.3,81,0,0,-1,,,,,,,36,,,1.6514299204573035e-05,nan,nan,0.0003298566152807325,-1,RIDGE,nan,0.0,0.0,0,2.1358394622802734,5.0,grid
0.0,nan,1097,,,,,,,,,nan,,,nan,,,,nan,nan,1.0499999523162842,,,,0.3,81,0,0,-1,,,,,,,36,,,1.5861627616686746e-05,nan,nan,0.0002873652265407145,-1,RIDGE,nan,0.0,0.0,0,2.242631435394287,5.25,grid
0.0,nan,1098,,,,,,,,,nan,,,nan,,,,nan,nan,1.100000023841858,,,,0.3,81,0,0,-1,,,,,,,36,,,1.5207463547994848e-05,nan,nan,0.00025103625375777483,-1,RIDGE,nan,0.0,0.0,0,2.349423408508301,5.5,grid
0.0,nan,1099,,,,,,,,,nan,,,nan,,,,nan,nan,1.149999976158142,,,,0.3,81,0,0,-1,,,,,,,36,,,1.479296861361945e-05,nan,nan,0.0002234213607152924,-1,RIDGE,nan,0.0,0.0,0,2.4562153816223145,5.75,grid
0.0,nan,1100,,,,,,,,,nan,,,nan,,,,nan,nan,1.2000000476837158,,,,0.3,81,0,0,-1,,,,,,,36,,,1.4546065358445048e-05,nan,nan,0.0002017660444835201,-1,RIDGE,nan,0.0,0.0,0,2.563007354736328,6.0,grid
0.0,nan,1101,,,,,,,,,nan,,,nan,,,,nan,nan,1.25,,,,0.3,81,0,0,-1,,,,,,,36,,,1.4010181985213421e-05,nan,nan,0.00017909720190800726,-1,RIDGE,nan,0.0,0.0,0,2.669799327850342,6.25,grid
0.0,nan,1102,,,,,,,,,nan,,,nan,,,,nan,nan,1.2999999523162842,,,,0.3,81,0,0,-1,,,,,,,36,,,1.3237440725788474e-05,nan,nan,0.0001564524573041126,-1,RIDGE,nan,0.0,0.0,0,2.7765913009643555,6.5,grid
0.0,nan,1103,,,,,,,,,nan,,,nan,,,,nan,nan,1.4536000490188599,,,,0.3,71,0,0,-1,,,,,,,36,,,1.8570573956822045e-05,nan,nan,0.00017554988153278828,-1,RIDGE,nan,0.0,0.0,0,3.104656219482422,7.26800012588501,grid
0.0,nan,1104,,,,,,,,,nan,,,nan,,,,nan,nan,1.7860000133514404,,,,0.3,71,0,0,-1,,,,,,,36,,,1.5391682609333657e-05,nan,nan,9.638029587222263e-05,-1,RIDGE,nan,0.0,0.0,0,3.8146090507507324,8.930000305175781,grid
0.0,nan,1105,,,,,,,,,nan,,,nan,,,,nan,nan,2.1942999362945557,,,,0.3,71,0,0,-1,,,,,,,36,,,1.0941404980258085e-05,nan,nan,4.538852954283357e-05,-1,RIDGE,nan,0.0,0.0,0,4.686672210693359,10.971500396728516,grid
0.0,nan,1106,,,,,,,,,nan,,,nan,,,,nan,nan,2.6958999633789062,,,,0.3,61,0,0,-1,,,,,,,36,,,1.3907791071687825e-05,nan,nan,3.8222195144044235e-05,-1,RIDGE,nan,0.0,0.0,0,5.758009433746338,13.479499816894531,grid
0.0,nan,1107,,,,,,,,,nan,,,nan,,,,nan,nan,3.312299966812134,,,,0.3,71,0,0,-1,,,,,,,36,,,1.0832933185156435e-05,nan,nan,1.9722037905012257e-05,-1,RIDGE,nan,0.0,0.0,0,7.074540615081787,16.561500549316406,grid
0.0,nan,1108,,,,,,,,,nan,,,nan,,,,nan,nan,4.0696001052856445,,,,0.3,91,0,0,-1,,,,,,,36,,,1.4249355444917455e-05,nan,nan,1.718528801575303e-05,-1,RIDGE,nan,0.0,0.0,0,8.692011833190918,20.347999572753906,grid
0.0,nan,1109,,,,,,,,,0.0038350867107510567,,,nan,,,,nan,nan,5.0,,,,0.3,121,1,0,-1,,,,,,,36,,,1.588135819474701e-05,3.578772157197818e-05,nan,1.268856976821553e-05,101,RIDGE,nan,0.0,0.0,0,10.679197311401367,25.0,grid
0.0,0.14228800481451664,1110,,,,,,,,,2.471734046936035,,,2.347823143005371,,,,nan,0.5540605476473892,0.10000000149011612,,,,1.0,1001,19,0,-1,,,,,,,37,,,0.008790410123765469,0.008790410123765469,0.00841863639652729,17.557966232299805,-1,RIDGE,0.005209341916171051,0.3578000068664551,0.7156000137329102,1,0.21358393132686615,0.5,grid
0.0,0.015529432202598729,1111,,,,,,,,,2.01535964012146,,,2.4904515743255615,,,,169920.3563968401,0.5519406878740338,0.12290000170469284,,,,1.0,1001,19,0,-1,,,,,,,37,,,0.010913750156760216,0.010913750156760216,0.009675443172454834,14.432291030883789,-1,RIDGE,-0.0016202666542745184,0.4645000100135803,0.7558991382691024,1,0.26249465346336365,0.6144999861717224,grid
0.0,-0.38695126496229953,1112,,,,,,,,,2.2469232082366943,,,2.4357900619506836,,,,41631.80299746838,0.5720084674744658,0.1509999930858612,,,,1.0,1001,19,0,-1,,,,,,,37,,,0.010969909839332104,0.010969909839332104,0.010561907663941383,9.609797477722168,-1,RIDGE,-0.006741616942665673,0.6025000214576721,0.7980132784939019,1,0.3225117325782776,0.7549999952316284,grid
0.0,0.42147525155792637,1113,,,,,,,,,2.2614011764526367,,,1.937172770500183,,,,136591.51231122675,0.5364390658981754,0.18549999594688416,,,,1.0,1001,19,0,-1,,,,,,,37,,,0.012247782200574875,0.012247782200574875,0.011040539480745792,7.109428405761719,-1,RIDGE,-0.0020554737611249052,0.6833999752998352,0.7368193728010546,1,0.39619821310043335,0.9275000095367432,grid
0.0,0.2131364851280295,1114,,,,,,,,,1.5710870027542114,,,1.5749403238296509,,,,167988.4711615986,0.5250605657823734,0.22789999842643738,,,,1.0,1001,19,0,-1,,,,,,,37,,,0.011968574486672878,0.011968574486672878,0.011623534373939037,4.602765083312988,-1,RIDGE,-0.0016630064357408974,0.8065999746322632,0.7078542861832617,1,0.4867577850818634,1.1395000219345093,grid
0.0,-0.5451963522895507,1115,,,,,,,,,1.8714908361434937,,,1.8956480026245117,,,,nan,0.46323724720643283,0.30000001192092896,,,,1.0,1001,19,0,-1,,,,,,,37,,,0.012025385163724422,0.012025385163724422,0.011844080872833729,2.6688337326049805,-1,RIDGE,9.638179432275924e-05,0.9797000288963318,0.6531333525975546,1,0.640751838684082,1.5,grid
0.0,0.8557929909405746,1116,,,,,,,,,0.4688361585140228,,,0.4937553405761719,,,,99977.21407764032,0.42743617148580576,0.3499999940395355,,,,1.0,1001,19,0,-1,,,,,,,37,,,0.011179921217262745,0.011179921217262745,0.011145761236548424,1.822920322418213,-1,RIDGE,-0.0027758273211391823,1.0509999990463257,0.6005714280264718,1,0.7475438117980957,1.75,grid
0.0,0.5568053952666056,1117,,,,,,,,,0.8177378177642822,,,1.1129281520843506,,,,nan,0.4021735496237627,0.4000000059604645,,,,1.0,1001,19,0,-1,,,,,,,37,,,0.010543443262577057,0.010543443262577057,0.009942660108208656,1.3162171840667725,-1,RIDGE,0.0036814559589733327,1.0579999685287476,0.5289999842643738,1,0.8543357253074646,2.0,grid
0.0,-0.4802623698162394,1118,,,,,,,,,1.5838059186935425,,,1.8048757314682007,,,,77224.4526681223,0.34288858780913256,0.44999998807907104,,,,1.0,1001,19,0,-1,,,,,,,37,,,0.00788600742816925,0.00788600742816925,0.00788600742816925,0.7778523564338684,-1,RIDGE,-0.0034055493094703963,1.031000018119812,0.458222230275472,1,0.9611276984214783,2.25,grid
0.0,0.6397794286521231,1119,,,,,,,,,0.964799702167511,,,0.6296564340591431,,,,35731.35613116905,0.2685410367648827,0.5,,,,1.0,1001,19,0,-1,,,,,,,37,,,0.0066913943737745285,0.0066913943737745285,0.0066913943737745285,0.5346156358718872,-1,RIDGE,-0.007268818941983223,0.9632999897003174,0.38531999588012694,1,1.0679197311401367,2.5,grid
0.0,0.599920543775183,1120,,,,,,,,,0.8337924480438232,,,0.6213725805282593,,,,nan,0.2699167538128187,0.550000011920929,,,,1.0,1001,19,0,-1,,,,,,,37,,,0.006064021494239569,0.006064021494239569,0.0033279545605182648,0.4004058539867401,-1,RIDGE,0.043738460540771615,0.9448999762535095,0.34359999136491254,1,1.1747117042541504,2.75,grid
0.0,-0.4893084637430452,1121,,,,,,,,,0.6167705655097961,,,0.3437086045742035,,,,nan,0.1062528966672215,0.6000000238418579,,,,1.0,1001,19,0,-1,,,,,,,37,,,0.003156497376039624,0.003156497376039624,0.0008750970591790974,0.17513300478458405,-1,RIDGE,0.11317407868125247,0.41600000858306885,0.1386666695276896,1,1.281503677368164,3.0,grid
0.0,nan,1122,,,,,,,,,0.002889871597290039,,,nan,,,,nan,nan,0.800000011920929,,,,1.0,431,7,0,-1,,,,,,,37,,,1.984957816603128e-05,2.3347536625806242e-05,nan,0.0006194929592311382,-1,RIDGE,nan,0.0,0.0,0,1.7086714506149292,4.0,grid
0.0,nan,1123,,,,,,,,,0.0044002532958984375,,,nan,,,,nan,nan,0.8500000238418579,,,,1.0,331,5,0,-1,,,,,,,37,,,1.939937283168547e-05,2.374415453232359e-05,nan,0.0005363087402656674,-1,RIDGE,nan,0.0,0.0,0,1.8154634237289429,4.25,grid
0.0,nan,1124,,,,,,,,,0.010893609374761581,,,nan,,,,nan,nan,0.8999999761581421,,,,1.0,271,4,0,-1,,,,,,,37,,,1.8464503227733076e-05,2.167469028790947e-05,nan,0.0004553209582809359,-1,RIDGE,nan,0.0,0.0,0,1.9222553968429565,4.5,grid
0.0,nan,1125,,,,,,,,,0.02074562944471836,,,nan,,,,nan,nan,0.949999988079071,,,,1.0,221,3,0,-1,,,,,,,37,,,1.9546705516404472e-05,2.4300621589645743e-05,nan,0.000432604894740507,-1,RIDGE,nan,0.0,0.0,0,2.0290474891662598,4.75,grid
0.0,nan,1126,,,,,,,,,0.03806810453534126,,,nan,,,,nan,nan,1.0,,,,1.0,191,2,0,-1,,,,,,,37,,,1.9888457245542668e-05,3.381765418453142e-05,nan,0.0003972520353272557,-1,RIDGE,nan,0.0,0.0,0,2.1358394622802734,5.0,grid
0.0,nan,1127,,,,,,,,,0.03793035075068474,,,nan,,,,nan,nan,1.0499999523162842,,,,1.0,171,2,0,-1,,,,,,,37,,,1.993616569961887e-05,2.7082562155555934e-05,nan,0.0003611836291383952,-1,RIDGE,nan,0.0,0.0,0,2.242631435394287,5.25,grid
0.0,nan,1128,,,,,,,,,0.02900964580476284,,,nan,,,,nan,nan,1.100000023841858,,,,1.0,161,2,0,-1,,,,,,,37,,,1.8622149582370184e-05,2.162223609047942e-05,nan,0.00030740397050976753,151,RIDGE,nan,0.0,0.0,0,2.349423408508301,5.5,grid
0.0,nan,1129,,,,,,,,,0.02309144102036953,,,nan,,,,nan,nan,1.149999976158142,,,,1.0,151,2,0,-1,,,,,,,37,,,1.7724780263961293e-05,1.7724780263961293e-05,nan,0.000267701136181131,151,RIDGE,nan,0.0,0.0,0,2.4562153816223145,5.75,grid
0.0,nan,1130,,,,,,,,,0.08574692159891129,,,nan,,,,nan,nan,1.2000000476837158,,,,1.0,141,1,0,-1,,,,,,,37,,,1.7938391465577297e-05,4.699619603343308e-05,nan,0.0002488204336259514,-1,RIDGE,nan,0.0,0.0,0,2.563007354736328,6.0,grid
0.0,nan,1131,,,,,,,,,0.08476467430591583,,,nan,,,,nan,nan,1.25,,,,1.0,131,1,0,-1,,,,,,,37,,,1.934126157721039e-05,4.403375351103023e-05,nan,0.0002472463238518685,-1,RIDGE,nan,0.0,0.0,0,2.669799327850342,6.25,grid
0.0,nan,1132,,,,,,,,,0.08459171652793884,,,nan,,,,nan,nan,1.2999999523162842,,,,1.0,131,1,0,-1,,,,,,,37,,,1.7787411707104184e-05,4.1730312659638e-05,nan,0.00021022824512328953,-1,RIDGE,nan,0.0,0.0,0,2.7765913009643555,6.5,grid
0.0,nan,1133,,,,,,,,,0.10033386945724487,,,nan,,,,nan,nan,1.4536000490188599,,,,1.0,121,1,0,-1,,,,,,,37,,,1.8176093362853862e-05,3.7335070373956114e-05,nan,0.00017182082228828222,101,RIDGE,nan,0.0,0.0,0,3.104656219482422,7.26800012588501,grid
0.0,nan,1134,,,,,,,,,0.06185555085539818,,,nan,,,,nan,nan,1.7860000133514404,,,,1.0,121,1,0,-1,,,,,,,37,,,1.4882027244311757e-05,3.1957297323970124e-05,nan,9.318890806753188e-05,101,RIDGE,nan,0.0,0.0,0,3.8146090507507324,8.930000305175781,grid
0.0,nan,1135,,,,,,,,,0.06432722508907318,,,nan,,,,nan,nan,2.1942999362945557,,,,1.0,111,1,0,-1,,,,,,,37,,,1.6198124285438098e-05,2.2591222659684718e-05,nan,6.719512020936236e-05,101,RIDGE,nan,0.0,0.0,0,4.686672210693359,10.971500396728516,grid
0.0,nan,1136,,,,,,,,,nan,,,nan,,,,nan,nan,2.6958999633789062,,,,1.0,81,0,0,-1,,,,,,,37,,,1.7660859157331288e-05,nan,nan,4.853659629588947e-05,-1,RIDGE,nan,0.0,0.0,0,5.758009433746338,13.479499816894531,grid
0.0,nan,1137,,,,,,,,,nan,,,nan,,,,nan,nan,3.312299966812134,,,,1.0,71,0,0,-1,,,,,,,37,,,1.8621714843902737e-05,nan,nan,3.390200436115265e-05,-1,RIDGE,nan,0.0,0.0,0,7.074540615081787,16.561500549316406,grid
0.0,nan,1138,,,,,,,,,nan,,,nan,,,,nan,nan,4.0696001052856445,,,,1.0,71,0,0,-1,,,,,,,37,,,1.421218166797189e-05,nan,nan,1.7140455383923836e-05,-1,RIDGE,nan,0.0,0.0,0,8.692011833190918,20.347999572753906,grid
0.0,nan,1139,,,,,,,,,nan,,,nan,,,,nan,nan,5.0,,,,1.0,81,0,0,-1,,,,,,,37,,,1.3321488040674012e-05,nan,nan,1.0643336281646043e-05,-1,RIDGE,nan,0.0,0.0,0,10.679197311401367,25.0,grid
0.0,0.20493345163973511,1140,,,,,,,,,1.7508107423782349,,,2.074955463409424,,,,nan,0.5860180168772939,0.10000000149011612,,,,3.0,1001,19,0,-1,,,,,,,38,,,0.010114074684679508,0.010114074684679508,0.008870042860507965,20.201852798461914,-1,RIDGE,0.009431652589277884,0.38109999895095825,0.7621999979019165,1,0.21358393132686615,0.5,grid
0.0,0.23689215183387902,1141,,,,,,,,,1.5951060056686401,,,1.8453081846237183,,,,85342.10426371986,0.5393788315840264,0.12290000170469284,,,,3.0,1001,19,0,-1,,,,,,,38,,,0.010635080747306347,0.010635080747306347,0.009737132117152214,14.063780784606934,-1,RIDGE,-0.003231770342046567,0.42329999804496765,0.6888527381132865,1,0.26249465346336365,0.6144999861717224,grid
0.0,-0.3700620293987867,1142,,,,,,,,,2.6208157539367676,,,2.6208157539367676,,,,113685.07975131701,0.6348870045450526,0.1509999930858612,,,,3.0,1001,19,0,-1,,,,,,,38,,,0.012094947509467602,0.012094947509467602,0.010834076441824436,10.595346450805664,-1,RIDGE,-0.002468471093611172,0.6615999937057495,0.8762913879261357,1,0.3225117325782776,0.7549999952316284,grid
0.0,0.2858429536324719,1143,,,,,,,,,2.1112253665924072,,,2.1112253665924072,,,,nan,0.5830709955663198,0.18549999594688416,,,,3.0,1001,19,0,-1,,,,,,,38,,,0.012799087911844254,0.012799087911844254,0.01116170547902584,7.429442882537842,-1,RIDGE,0.0024622028524226014,0.7111999988555908,0.7667924437120088,1,0.39619821310043335,0.9275000095367432,grid
0.0,0.11890381475641286,1144,,,,,,,,,1.9107364416122437,,,1.9878984689712524,,,,3160553.434465434,0.553722112193483,0.22789999842643738,,,,3.0,1001,19,0,-1,,,,,,,38,,,0.011941607110202312,0.011941607110202312,0.011866104789078236,4.5923943519592285,-1,RIDGE,-8.786158128204984e-05,0.829800009727478,0.7282141235230001,1,0.4867577850818634,1.1395000219345093,grid
0.0,-0.5973297948499593,1145,,,,,,,,,2.4038774967193604,,,2.1752617359161377,,,,nan,0.506736884428865,0.30000001192092896,,,,3.0,1001,19,0,-1,,,,,,,38,,,0.01277171541005373,0.01277171541005373,0.012278081849217415,2.8344693183898926,-1,RIDGE,0.0023508722131904735,1.093999981880188,0.7293333212534586,1,0.640751838684082,1.5,grid
0.0,0.8361291530329805,1146,,,,,,,,,0.6776171922683716,,,0.6211950182914734,,,,165917.47657510533,0.47812934975379223,0.3499999940395355,,,,3.0,1001,19,0,-1,,,,,,,38,,,0.01198501419275999,0.01198501419275999,0.011806504800915718,1.9541932344436646,-1,RIDGE,-0.0016842516985805483,1.2089999914169312,0.6908571379525321,1,0.7475438117980957,1.75,grid
0.0,0.6058027078306357,1147,,,,,,,,,1.3059179782867432,,,1.0698755979537964,,,,nan,0.4471736747064156,0.4000000059604645,,,,3.0,1001,19,0,-1,,,,,,,38,,,0.011162888258695602,0.011162888258695602,0.010991971008479595,1.3935470581054688,-1,RIDGE,0.0012681896036322473,1.2009999752044678,0.6004999876022339,1,0.8543357253074646,2.0,grid
0.0,-0.4844774317584001,1148,,,,,,,,,2.1344480514526367,,,1.986217975616455,,,,551069.7505006368,0.3757386192804031,0.44999998807907104,,,,3.0,1001,19,0,-1,,,,,,,38,,,0.008681662380695343,0.008681662380695343,0.008681662380695343,0.8563334345817566,-1,RIDGE,-0.00047949877652246116,1.1519999504089355,0.5119999779595269,1,0.9611276984214783,2.25,grid
0.0,0.4246106512581248,1149,,,,,,,,,1.3981127738952637,,,1.217442274093628,,,,11769.538468208206,0.3238992733656866,0.5,,,,3.0,1001,19,0,-1,,,,,,,38,,,0.0060861967504024506,0.0060861967504024506,0.0060861967504024506,0.4862627685070038,-1,RIDGE,-0.023060846328735216,1.1440000534057617,0.4576000213623047,1,1.0679197311401367,2.5,grid
0.0,0.6649441045105985,1150,,,,,,,,,0.5605660676956177,,,0.5734783411026001,,,,nan,0.32143557089127206,0.550000011920929,,,,3.0,1001,19,0,-1,,,,,,,38,,,0.006540893577039242,0.006540893577039242,0.004497114103287458,0.43189358711242676,-1,RIDGE,0.024788778478449104,1.156999945640564,0.4207272529602051,1,1.1747117042541504,2.75,grid
0.0,-0.2963013219791082,1151,,,,,,,,,0.7940797805786133,,,0.5059235095977783,,,,nan,0.1786829336557663,0.6000000238418579,,,,3.0,1001,19,0,-1,,,,,,,38,,,0.004541555419564247,0.004541555419564247,0.0012587253004312515,0.25198063254356384,-1,RIDGE,0.11472294113852785,0.7160000205039978,0.2386666735013326,1,1.281503677368164,3.0,grid
0.0,0.33392580764611995,1152,,,,,,,,,0.0025935648009181023,,,0.0032764673233032227,,,,667.6399870762039,0.0012726663268473675,0.800000011920929,,,,3.0,671,12,0,-1,,,,,,,38,,,1.978368527488783e-05,2.1226653188932687e-05,2.1226653188932687e-05,0.0006174364825710654,-1,RIDGE,-0.15535717010498123,0.0,0.0,0,1.7086714506149292,4.0,grid
0.0,nan,1153,,,,,,,,,0.0007870057015679777,,,nan,,,,nan,nan,0.8500000238418579,,,,3.0,511,9,0,-1,,,,,,,38,,,1.9840003005811013e-05,2.0814941308344714e-05,nan,0.0005484902649186552,-1,RIDGE,nan,0.0,0.0,0,1.8154634237289429,4.25,grid
0.0,nan,1154,,,,,,,,,0.0026386049576103687,,,nan,,,,nan,nan,0.8999999761581421,,,,3.0,401,7,0,-1,,,,,,,38,,,1.989698466786649e-05,1.989698466786649e-05,nan,0.0004906448884867132,-1,RIDGE,nan,0.0,0.0,0,1.9222553968429565,4.5,grid
0.0,nan,1155,,,,,,,,,0.007312071975320578,,,nan,,,,nan,nan,0.949999988079071,,,,3.0,321,5,0,-1,,,,,,,38,,,1.9763056116062216e-05,2.3013273676042445e-05,nan,0.0004373931442387402,-1,RIDGE,nan,0.0,0.0,0,2.0290474891662598,4.75,grid
0.0,nan,1156,,,,,,,,,0.011321951635181904,,,nan,,,,nan,nan,1.0,,,,3.0,271,4,0,-1,,,,,,,38,,,1.8358618035563268e-05,2.1714009562856518e-05,nan,0.00036669502151198685,-1,RIDGE,nan,0.0,0.0,0,2.1358394622802734,5.0,grid
0.0,nan,1157,,,,,,,,,0.020123980939388275,,,nan,,,,nan,nan,1.0499999523162842,,,,3.0,221,3,0,-1,,,,,,,38,,,1.981397144845687e-05,2.4608467356301844e-05,nan,0.00035896984627470374,-1,RIDGE,nan,0.0,0.0,0,2.242631435394287,5.25,grid
0.0,nan,1158,,,,,,,,,0.019816571846604347,,,nan,,,,nan,nan,1.100000023841858,,,,3.0,201,3,0,-1,,,,,,,38,,,1.7628226487431675e-05,1.7628226487431675e-05,nan,0.00029099686071276665,201,RIDGE,nan,0.0,0.0,0,2.349423408508301,5.5,grid
0.0,nan,1159,,,,,,,,,0.029691530391573906,,,nan,,,,nan,nan,1.149999976158142,,,,3.0,181,2,0,-1,,,,,,,38,,,1.694909587968141e-05,2.6941648684442043e-05,nan,0.0002559858257882297,-1,RIDGE,nan,0.0,0.0,0,2.4562153816223145,5.75,grid
0.0,nan,1160,,,,,,,,,0.02889041043817997,,,nan,,,,nan,nan,1.2000000476837158,,,,3.0,161,2,0,-1,,,,,,,38,,,1.7743193893693388e-05,2.194816988776438e-05,nan,0.00024611290427856147,151,RIDGE,nan,0.0,0.0,0,2.563007354736328,6.0,grid
0.0,nan,1161,,,,,,,,,0.0247080996632576,,,nan,,,,nan,nan,1.25,,,,3.0,151,2,0,-1,,,,,,,38,,,1.7394391761627048e-05,1.7394391761627048e-05,nan,0.00022235876531340182,151,RIDGE,nan,0.0,0.0,0,2.669799327850342,6.25,grid
0.0,nan,1162,,,,,,,,,0.09653634577989578,,,nan,,,,nan,nan,1.2999999523162842,,,,3.0,141,1,0,-1,,,,,,,38,,,1.8223590814159252e-05,5.242290353635326e-05,nan,0.00021538343571592122,-1,RIDGE,nan,0.0,0.0,0,2.7765913009643555,6.5,grid
0.0,nan,1163,,,,,,,,,0.0975150316953659,,,nan,,,,nan,nan,1.4536000490188599,,,,3.0,131,1,0,-1,,,,,,,38,,,1.6062127542681992e-05,4.474359593586996e-05,nan,0.0001518372300779447,-1,RIDGE,nan,0.0,0.0,0,3.104656219482422,7.26800012588501,grid
0.0,nan,1164,,,,,,,,,0.0672968327999115,,,nan,,,,nan,nan,1.7860000133514404,,,,3.0,121,1,0,-1,,,,,,,38,,,1.787961991794873e-05,3.899612056557089e-05,nan,0.00011195935803698376,101,RIDGE,nan,0.0,0.0,0,3.8146090507507324,8.930000305175781,grid
0.0,nan,1165,,,,,,,,,0.08098264783620834,,,nan,,,,nan,nan,2.1942999362945557,,,,3.0,121,1,0,-1,,,,,,,38,,,1.7080388715839945e-05,3.158592517138459e-05,nan,7.085504330461845e-05,101,RIDGE,nan,0.0,0.0,0,4.686672210693359,10.971500396728516,grid
0.0,nan,1166,,,,,,,,,nan,,,nan,,,,nan,nan,2.6958999633789062,,,,3.0,81,0,0,-1,,,,,,,38,,,1.9134884496452287e-05,nan,nan,5.258759847492911e-05,-1,RIDGE,nan,0.0,0.0,0,5.758009433746338,13.479499816894531,grid
0.0,nan,1167,,,,,,,,,nan,,,nan,,,,nan,nan,3.312299966812134,,,,3.0,71,0,0,-1,,,,,,,38,,,1.9664796127472073e-05,nan,nan,3.5801000194624066e-05,-1,RIDGE,nan,0.0,0.0,0,7.074540615081787,16.561500549316406,grid
0.0,nan,1168,,,,,,,,,nan,,,nan,,,,nan,nan,4.0696001052856445,,,,3.0,71,0,0,-1,,,,,,,38,,,1.5028003872430418e-05,nan,nan,1.8124368580174632e-05,-1,RIDGE,nan,0.0,0.0,0,8.692011833190918,20.347999572753906,grid
0.0,nan,1169,,,,,,,,,nan,,,nan,,,,nan,nan,5.0,,,,3.0,81,0,0,-1,,,,,,,38,,,1.2875684660684783e-05,nan,nan,1.0287157238053624e-05,-1,RIDGE,nan,0.0,0.0,0,10.679197311401367,25.0,grid
100.0,0.4098841015613527,1170,,,,,,,,,2.077298879623413,,,2.255618095397949,,,,nan,0.24940216390973086,0.10000000149011612,,,,0.3,1001,19,0,-1,,,,,,,39,,,0.0015769806923344731,0.0015769806923344731,0.001233847695402801,3.1498613357543945,-1,RIDGE,0.00376192439686185,0.21979999542236328,0.43959999084472656,1,0.21358393132686615,0.5,grid
100.0,0.5950517025685242,1171,,,,,,,,,0.7992609739303589,,,1.827096700668335,,,,nan,0.19788654413705623,0.12290000170469284,,,,0.3,1001,19,0,-1,,,,,,,39,,,0.0019690811168402433,0.0019690811168402433,0.001509584952145815,2.6039035320281982,-1,RIDGE,0.014090108871460118,0.20170000195503235,0.32823434742709195,1,0.26249465346336365,0.6144999861717224,grid
100.0,0.5518047519513596,1172,,,,,,,,,0.7104682922363281,,,1.4731380939483643,,,,nan,0.11718764845190423,0.1509999930858612,,,,0.3,1001,19,0,-1,,,,,,,39,,,0.0017421059310436249,0.0017421059310436249,0.0016051293350756168,1.5261095762252808,-1,RIDGE,0.003604082627730099,0.13439999520778656,0.17801323981009248,1,0.3225117325782776,0.7549999952316284,grid
100.0,0.7181076670156676,1173,,,,,,,,,0.8133691549301147,,,0.7668931484222412,,,,nan,0.08845858104213604,0.18549999594688416,,,,0.3,1001,19,0,-1,,,,,,,39,,,0.0006639683269895613,0.0006639683269895613,0.0003208950802218169,0.38541141152381897,-1,RIDGE,0.06471966830166936,0.15379999577999115,0.1658220961709848,1,0.39619821310043335,0.9275000095367432,grid
100.0,-0.00515840389856857,1174,,,,,,,,,0.2105836272239685,,,0.13878953456878662,,,,nan,0.014193920940538028,0.22789999842643738,,,,0.3,1001,19,1,-1,,,,,,,39,,,0.00048630646779201925,0.00048630646779201925,0.000271364813670516,0.18701930344104767,-1,RIDGE,0.050310967185280685,0.027310000732541084,0.02396665222189059,1,0.4867577850818634,1.1395000219345093,grid
100.0,nan,1175,,,,,,,,,0.004425505641847849,,,nan,,,,nan,nan,0.30000001192092896,,,,0.3,521,9,0,-1,,,,,,,39,,,1.9812396203633398e-05,2.083102117467206e-05,nan,0.004397030919790268,-1,RIDGE,nan,0.0,0.0,0,0.640751838684082,1.5,grid
100.0,nan,1176,,,,,,,,,0.12200122326612473,,,nan,,,,nan,nan,0.3499999940395355,,,,0.3,221,3,0,-1,,,,,,,39,,,1.95962747966405e-05,2.778010457404889e-05,nan,0.0031952327117323875,-1,RIDGE,nan,0.0,0.0,0,0.7475438117980957,1.75,grid
100.0,nan,1177,,,,,,,,,0.0773068368434906,,,nan,,,,nan,nan,0.4000000059604645,,,,0.3,211,3,0,-1,,,,,,,39,,,1.758409598551225e-05,2.0062667317688465e-05,nan,0.002195154782384634,-1,RIDGE,nan,0.0,0.0,0,0.8543357253074646,2.0,grid
100.0,nan,1178,,,,,,,,,0.12083641439676285,,,nan,,,,nan,nan,0.44999998807907104,,,,0.3,151,2,0,-1,,,,,,,39,,,1.9186018107575364e-05,1.9186018107575364e-05,nan,0.0018924520118162036,-1,RIDGE,nan,0.0,0.0,0,0.9611276984214783,2.25,grid
100.0,nan,1179,,,,,,,,,0.1939280480146408,,,nan,,,,nan,nan,0.5,,,,0.3,131,1,0,-1,,,,,,,39,,,1.6676389350323007e-05,3.046872552658897e-05,nan,0.001332376734353602,-1,RIDGE,nan,0.0,0.0,0,1.0679197311401367,2.5,grid
100.0,nan,1180,,,,,,,,,0.17326849699020386,,,nan,,,,nan,nan,0.550000011920929,,,,0.3,111,1,0,-1,,,,,,,39,,,1.7523407223052345e-05,2.1840758563484997e-05,nan,0.0011570662027224898,-1,RIDGE,nan,0.0,0.0,0,1.1747117042541504,2.75,grid
100.0,nan,1181,,,,,,,,,0.15200097858905792,,,nan,,,,nan,nan,0.6000000238418579,,,,0.3,101,1,0,-1,,,,,,,39,,,1.6765545296948403e-05,1.6765545296948403e-05,nan,0.0009302083635702729,-1,RIDGE,nan,0.0,0.0,0,1.281503677368164,3.0,grid
100.0,nan,1182,,,,,,,,,nan,,,nan,,,,nan,nan,0.800000011920929,,,,0.3,81,0,0,-1,,,,,,,39,,,1.5430490748258308e-05,nan,nan,0.00048157598939724267,-1,RIDGE,nan,0.0,0.0,0,1.7086714506149292,4.0,grid
100.0,nan,1183,,,,,,,,,nan,,,nan,,,,nan,nan,0.8500000238418579,,,,0.3,81,0,0,-1,,,,,,,39,,,1.4324326912174001e-05,nan,nan,0.00039600569289177656,-1,RIDGE,nan,0.0,0.0,0,1.8154634237289429,4.25,grid
100.0,nan,1184,,,,,,,,,nan,,,nan,,,,nan,nan,0.8999999761581421,,,,0.3,71,0,0,-1,,,,,,,39,,,1.861567398009356e-05,nan,nan,0.0004590487515088171,-1,RIDGE,nan,0.0,0.0,0,1.9222553968429565,4.5,grid
100.0,nan,1185,,,,,,,,,nan,,,nan,,,,nan,nan,0.949999988079071,,,,0.3,71,0,0,-1,,,,,,,39,,,1.7570411728229374e-05,nan,nan,0.0003888658247888088,-1,RIDGE,nan,0.0,0.0,0,2.0290474891662598,4.75,grid
100.0,nan,1186,,,,,,,,,nan,,,nan,,,,nan,nan,1.0,,,,0.3,71,0,0,-1,,,,,,,39,,,1.6570445950492285e-05,nan,nan,0.00033097807317972183,-1,RIDGE,nan,0.0,0.0,0,2.1358394622802734,5.0,grid
100.0,nan,1187,,,,,,,,,nan,,,nan,,,,nan,nan,1.0499999523162842,,,,0.3,71,0,0,-1,,,,,,,39,,,1.5928493667161092e-05,nan,nan,0.00028857661527581513,-1,RIDGE,nan,0.0,0.0,0,2.242631435394287,5.25,grid
100.0,nan,1188,,,,,,,,,nan,,,nan,,,,nan,nan,1.100000023841858,,,,0.3,71,0,0,-1,,,,,,,39,,,1.5336067008320242e-05,nan,nan,0.00025315917446278036,-1,RIDGE,nan,0.0,0.0,0,2.349423408508301,5.5,grid
100.0,nan,1189,,,,,,,,,nan,,,nan,,,,nan,nan,1.149999976158142,,,,0.3,71,0,0,-1,,,,,,,39,,,1.4409322830033489e-05,nan,nan,0.00021762707910966128,-1,RIDGE,nan,0.0,0.0,0,2.4562153816223145,5.75,grid
100.0,nan,1190,,,,,,,,,nan,,,nan,,,,nan,nan,1.2000000476837158,,,,0.3,71,0,0,-1,,,,,,,39,,,1.3423063137452118e-05,nan,nan,0.00018618906324263662,-1,RIDGE,nan,0.0,0.0,0,2.563007354736328,6.0,grid
100.0,nan,1191,,,,,,,,,nan,,,nan,,,,nan,nan,1.25,,,,0.3,71,0,0,-1,,,,,,,39,,,1.2854859051003587e-05,nan,nan,0.00016432830307167023,-1,RIDGE,nan,0.0,0.0,0,2.669799327850342,6.25,grid
100.0,nan,1192,,,,,,,,,nan,,,nan,,,,nan,nan,1.2999999523162842,,,,0.3,71,0,0,-1,,,,,,,39,,,1.2714071999653243e-05,nan,nan,0.00015026678738649935,-1,RIDGE,nan,0.0,0.0,0,2.7765913009643555,6.5,grid
100.0,nan,1193,,,,,,,,,nan,,,nan,,,,nan,nan,1.4536000490188599,,,,0.3,61,0,0,-1,,,,,,,39,,,1.939652065630071e-05,nan,nan,0.0001833576534409076,-1,RIDGE,nan,0.0,0.0,0,3.104656219482422,7.26800012588501,grid
100.0,nan,1194,,,,,,,,,nan,,,nan,,,,nan,nan,1.7860000133514404,,,,0.3,61,0,0,-1,,,,,,,39,,,1.6180794773390517e-05,nan,nan,0.00010132158786291257,-1,RIDGE,nan,0.0,0.0,0,3.8146090507507324,8.930000305175781,grid
100.0,nan,1195,,,,,,,,,nan,,,nan,,,,nan,nan,2.1942999362945557,,,,0.3,61,0,0,-1,,,,,,,39,,,1.762794636306353e-05,nan,nan,7.312649540835992e-05,-1,RIDGE,nan,0.0,0.0,0,4.686672210693359,10.971500396728516,grid
100.0,nan,1196,,,,,,,,,nan,,,nan,,,,nan,nan,2.6958999633789062,,,,0.3,61,0,0,-1,,,,,,,39,,,1.654347579460591e-05,nan,nan,4.5465738367056474e-05,-1,RIDGE,nan,0.0,0.0,0,5.758009433746338,13.479499816894531,grid
100.0,nan,1197,,,,,,,,,nan,,,nan,,,,nan,nan,3.312299966812134,,,,0.3,71,0,0,-1,,,,,,,39,,,1.741747291816864e-05,nan,nan,3.170960917486809e-05,-1,RIDGE,nan,0.0,0.0,0,7.074540615081787,16.561500549316406,grid
100.0,nan,1198,,,,,,,,,0.0014376413309946656,,,nan,,,,nan,nan,4.0696001052856445,,,,0.3,101,1,0,-1,,,,,,,39,,,1.327564132225234e-05,1.327564132225234e-05,nan,1.601095027581323e-05,101,RIDGE,nan,0.0,0.0,0,8.692011833190918,20.347999572753906,grid
100.0,nan,1199,,,,,,,,,0.004762563854455948,,,nan,,,,nan,nan,5.0,,,,0.3,131,1,0,-1,,,,,,,39,,,1.4921126421540976e-05,4.639432518160902e-05,nan,1.1921383702429011e-05,101,RIDGE,nan,0.0,0.0,0,10.679197311401367,25.0,grid
100.0,0.23488454325226707,1200,,,,,,,,,2.3537323474884033,,,2.4784746170043945,,,,40365.83221238691,0.5193830559879294,0.10000000149011612,,,,1.0,1001,19,0,-1,,,,,,,40,,,0.008687096647918224,0.008687096647918224,0.0077690607868134975,17.351606369018555,-1,RIDGE,-0.006701018593527929,0.3528999984264374,0.7057999968528748,1,0.21358393132686615,0.5,grid
100.0,-0.1766468999449817,1201,,,,,,,,,2.2870285511016846,,,2.5335779190063477,,,,176519.24640578785,0.47162829823311164,0.12290000170469284,,,,1.0,1001,19,0,-1,,,,,,,40,,,0.008234724402427673,0.008234724402427673,0.008008550852537155,10.88956069946289,-1,RIDGE,-0.0014896566217594803,0.3840000033378601,0.6248983107878395,1,0.26249465346336365,0.6144999861717224,grid
100.0,-0.45138069117357393,1202,,,,,,,,,2.1247310638427734,,,2.2648890018463135,,,,nan,0.44224362840890147,0.1509999930858612,,,,1.0,1001,19,0,-1,,,,,,,40,,,0.00997287780046463,0.00997287780046463,0.008970856666564941,8.736382484436035,-1,RIDGE,0.0019485668702559139,0.435699999332428,0.577086095475747,1,0.3225117325782776,0.7549999952316284,grid
100.0,-0.6094534240216253,1203,,,,,,,,,2.0943691730499268,,,1.8238104581832886,,,,42069.147463000976,0.35211300347393637,0.18549999594688416,,,,1.0,1001,19,0,-1,,,,,,,40,,,0.00978538766503334,0.00978538766503334,0.00978538766503334,5.680090427398682,-1,RIDGE,-0.006548987735401422,0.41200000047683716,0.44420484769872737,1,0.39619821310043335,0.9275000095367432,grid
100.0,0.5070844658894792,1204,,,,,,,,,1.462445855140686,,,1.022901177406311,,,,69452.11373506865,0.32702963933620677,0.22789999842643738,,,,1.0,1001,19,0,-1,,,,,,,40,,,0.010325001552700996,0.010325001552700996,0.010325001552700996,3.9706950187683105,-1,RIDGE,-0.0039632081985473125,0.49390000104904175,0.43343570999722875,1,0.4867577850818634,1.1395000219345093,grid
100.0,-0.1651298450756874,1205,,,,,,,,,1.3600691556930542,,,1.5652433633804321,,,,267132.3335150813,0.3684152333090531,0.30000001192092896,,,,1.0,1001,19,0,-1,,,,,,,40,,,0.011060698889195919,0.011060698889195919,0.010302183218300343,2.454737663269043,-1,RIDGE,-0.001030601154674015,0.6873999834060669,0.4582666556040446,1,0.640751838684082,1.5,grid
100.0,0.8348910784601624,1206,,,,,,,,,0.36963462829589844,,,0.4521039128303528,,,,69067.62702130184,0.3192694417475705,0.3499999940395355,,,,1.0,1001,19,0,-1,,,,,,,40,,,0.009776114486157894,0.009776114486157894,0.009776114486157894,1.5940253734588623,-1,RIDGE,-0.003950741074301824,0.7522000074386597,0.4298285756792341,1,0.7475438117980957,1.75,grid
100.0,0.45712243396426855,1207,,,,,,,,,0.8389616012573242,,,0.891493558883667,,,,nan,0.29765937820103744,0.4000000059604645,,,,1.0,1001,19,0,-1,,,,,,,40,,,0.009179176762700081,0.009179176762700081,0.008548361249268055,1.1459054946899414,-1,RIDGE,0.0029799461364747658,0.7753000259399414,0.3876500129699707,1,0.8543357253074646,2.0,grid
100.0,-0.47066260216703487,1208,,,,,,,,,1.155532956123352,,,1.2557451725006104,,,,31163.665843837283,0.26054565018812864,0.44999998807907104,,,,1.0,1001,19,0,-1,,,,,,,40,,,0.007434696424752474,0.007434696424752474,0.007126550655812025,0.7333363890647888,-1,RIDGE,-0.00852124040777019,0.7638000249862671,0.3394666777716743,1,0.9611276984214783,2.25,grid
100.0,0.8994328086686175,1209,,,,,,,,,0.25107860565185547,,,0.20846399664878845,,,,nan,0.1385167728939138,0.5,,,,1.0,1001,19,0,-1,,,,,,,40,,,0.006808827165514231,0.006808827165514231,0.005974709056317806,0.5439980626106262,-1,RIDGE,0.008026040684093237,0.5374000072479248,0.21496000289916992,1,1.0679197311401367,2.5,grid
100.0,0.5008495635864966,1210,,,,,,,,,0.5824533700942993,,,0.45162808895111084,,,,nan,0.1772794848502787,0.550000011920929,,,,1.0,1001,19,0,-1,,,,,,,40,,,0.005145716480910778,0.005145716480910778,0.002312639495357871,0.3397703766822815,-1,RIDGE,0.06430137374184364,0.629800021648407,0.2290181896903298,1,1.1747117042541504,2.75,grid
100.0,-0.648164953869919,1211,,,,,,,,,0.2922411859035492,,,0.1771908551454544,,,,nan,0.044981715300747266,0.6000000238418579,,,,1.0,1001,19,0,-1,,,,,,,40,,,0.0015718974173069,0.0015718974173069,0.0005610040971077979,0.08721410483121872,-1,RIDGE,0.08971781297163554,0.17430000007152557,0.05810000002384186,1,1.281503677368164,3.0,grid
100.0,nan,1212,,,,,,,,,0.0025113821029663086,,,nan,,,,nan,nan,0.800000011920929,,,,1.0,291,4,0,-1,,,,,,,40,,,1.9936964235967025e-05,2.7161788239027373e-05,nan,0.0006222202209755778,-1,RIDGE,nan,0.0,0.0,0,1.7086714506149292,4.0,grid
100.0,nan,1213,,,,,,,,,0.006219976115971804,,,nan,,,,nan,nan,0.8500000238418579,,,,1.0,241,3,0,-1,,,,,,,40,,,1.8423228539177217e-05,2.7461066565592773e-05,nan,0.0005093225627206266,-1,RIDGE,nan,0.0,0.0,0,1.8154634237289429,4.25,grid
100.0,nan,1214,,,,,,,,,0.007848209701478481,,,nan,,,,nan,nan,0.8999999761581421,,,,1.0,201,3,0,-1,,,,,,,40,,,1.877527029137127e-05,1.877527029137127e-05,nan,0.0004629842296708375,-1,RIDGE,nan,0.0,0.0,0,1.9222553968429565,4.5,grid
100.0,nan,1215,,,,,,,,,0.019729815423488617,,,nan,,,,nan,nan,0.949999988079071,,,,1.0,181,2,0,-1,,,,,,,40,,,1.7539663531351835e-05,2.6507024813327007e-05,nan,0.000388185289921239,-1,RIDGE,nan,0.0,0.0,0,2.0290474891662598,4.75,grid
100.0,nan,1216,,,,,,,,,0.016752909868955612,,,nan,,,,nan,nan,1.0,,,,1.0,161,2,0,-1,,,,,,,40,,,1.7854588804766536e-05,2.1053901946288534e-05,nan,0.0003566275699995458,-1,RIDGE,nan,0.0,0.0,0,2.1358394622802734,5.0,grid
100.0,nan,1217,,,,,,,,,0.0471017025411129,,,nan,,,,nan,nan,1.0499999523162842,,,,1.0,141,1,0,-1,,,,,,,40,,,1.9875647922162898e-05,4.455685484572314e-05,nan,0.0003600872296374291,-1,RIDGE,nan,0.0,0.0,0,2.242631435394287,5.25,grid
100.0,nan,1218,,,,,,,,,0.04491979256272316,,,nan,,,,nan,nan,1.100000023841858,,,,1.0,141,1,0,-1,,,,,,,40,,,1.6829439118737355e-05,4.154892667429522e-05,nan,0.00027781090466305614,-1,RIDGE,nan,0.0,0.0,0,2.349423408508301,5.5,grid
100.0,nan,1219,,,,,,,,,0.047610655426979065,,,nan,,,,nan,nan,1.149999976158142,,,,1.0,131,1,0,-1,,,,,,,40,,,1.8076318156090565e-05,3.8627760659437627e-05,nan,0.0002730105188675225,-1,RIDGE,nan,0.0,0.0,0,2.4562153816223145,5.75,grid
100.0,nan,1220,,,,,,,,,0.04722146317362785,,,nan,,,,nan,nan,1.2000000476837158,,,,1.0,131,1,0,-1,,,,,,,40,,,1.5718736904091202e-05,3.606210884754546e-05,nan,0.00021803197159897536,-1,RIDGE,nan,0.0,0.0,0,2.563007354736328,6.0,grid
100.0,nan,1221,,,,,,,,,0.047978516668081284,,,nan,,,,nan,nan,1.25,,,,1.0,121,1,0,-1,,,,,,,40,,,1.928661913552787e-05,3.423212911002338e-05,nan,0.00024654780281707644,-1,RIDGE,nan,0.0,0.0,0,2.669799327850342,6.25,grid
100.0,nan,1222,,,,,,,,,0.050624407827854156,,,nan,,,,nan,nan,1.2999999523162842,,,,1.0,121,1,0,-1,,,,,,,40,,,1.7139152987510897e-05,3.191156065440737e-05,nan,0.00020256653078831732,101,RIDGE,nan,0.0,0.0,0,2.7765913009643555,6.5,grid
100.0,nan,1223,,,,,,,,,0.06476692110300064,,,nan,,,,nan,nan,1.4536000490188599,,,,1.0,121,1,0,-1,,,,,,,40,,,1.3624744497064967e-05,2.8932388886460103e-05,nan,0.00012879635323770344,101,RIDGE,nan,0.0,0.0,0,3.104656219482422,7.26800012588501,grid
100.0,nan,1224,,,,,,,,,0.04694891348481178,,,nan,,,,nan,nan,1.7860000133514404,,,,1.0,111,1,0,-1,,,,,,,40,,,1.744955989124719e-05,2.595947080408223e-05,nan,0.00010926640243269503,101,RIDGE,nan,0.0,0.0,0,3.8146090507507324,8.930000305175781,grid
100.0,nan,1225,,,,,,,,,0.044711384922266006,,,nan,,,,nan,nan,2.1942999362945557,,,,1.0,101,1,0,-1,,,,,,,40,,,1.582024196977727e-05,1.582024196977727e-05,nan,6.5627544245217e-05,101,RIDGE,nan,0.0,0.0,0,4.686672210693359,10.971500396728516,grid
100.0,nan,1226,,,,,,,,,nan,,,nan,,,,nan,nan,2.6958999633789062,,,,1.0,81,0,0,-1,,,,,,,40,,,1.7228545402758755e-05,nan,nan,4.734848698717542e-05,-1,RIDGE,nan,0.0,0.0,0,5.758009433746338,13.479499816894531,grid
100.0,nan,1227,,,,,,,,,nan,,,nan,,,,nan,nan,3.312299966812134,,,,1.0,81,0,0,-1,,,,,,,40,,,1.1816988262580708e-05,nan,nan,2.1513571482500993e-05,-1,RIDGE,nan,0.0,0.0,0,7.074540615081787,16.561500549316406,grid
100.0,nan,1228,,,,,,,,,nan,,,nan,,,,nan,nan,4.0696001052856445,,,,1.0,71,0,0,-1,,,,,,,40,,,1.6569911167607643e-05,nan,nan,1.9983970560133457e-05,-1,RIDGE,nan,0.0,0.0,0,8.692011833190918,20.347999572753906,grid
100.0,nan,1229,,,,,,,,,nan,,,nan,,,,nan,nan,5.0,,,,1.0,81,0,0,-1,,,,,,,40,,,1.519665056548547e-05,nan,nan,1.2141515981056727e-05,-1,RIDGE,nan,0.0,0.0,0,10.679197311401367,25.0,grid
100.0,0.4162069809819957,1230,,,,,,,,,2.2999391555786133,,,1.865229606628418,,,,nan,0.5097496936676778,0.10000000149011612,,,,3.0,1001,19,0,-1,,,,,,,41,,,0.009738879278302193,0.009738879278302193,0.00911660399287939,19.452438354492188,-1,RIDGE,0.005986326391046808,0.3328999876976013,0.6657999753952026,1,0.21358393132686615,0.5,grid
100.0,0.5436977089193498,1231,,,,,,,,,1.5654850006103516,,,1.4167659282684326,,,,140043.7037375987,0.44761340912562586,0.12290000170469284,,,,3.0,1001,19,0,-1,,,,,,,41,,,0.010809619911015034,0.010809619911015034,0.009373968467116356,14.29458999633789,-1,RIDGE,-0.001965425231239959,0.3691999912261963,0.6008136688924565,1,0.26249465346336365,0.6144999861717224,grid
100.0,-0.3508099003046771,1232,,,,,,,,,2.6646318435668945,,,2.488219738006592,,,,nan,0.5006220730848658,0.1509999930858612,,,,3.0,1001,19,0,-1,,,,,,,41,,,0.01178323570638895,0.01178323570638895,0.010068805888295174,10.322281837463379,-1,RIDGE,0.0012960065494884401,0.48669999837875366,0.6446357635133994,1,0.3225117325782776,0.7549999952316284,grid
100.0,0.21863544500044182,1233,,,,,,,,,2.0229344367980957,,,1.6545313596725464,,,,290511.34199516894,0.42565773761528014,0.18549999594688416,,,,3.0,1001,19,0,-1,,,,,,,41,,,0.011178899556398392,0.011178899556398392,0.010539550334215164,6.488977909088135,-1,RIDGE,-0.0009489709680729715,0.5297999978065491,0.571212929767157,1,0.39619821310043335,0.9275000095367432,grid
100.0,0.19677620706631438,1234,,,,,,,,,1.0773500204086304,,,1.2586437463760376,,,,nan,0.38462871571558416,0.22789999842643738,,,,3.0,1001,19,0,-1,,,,,,,41,,,0.011932342313230038,0.011932342313230038,0.011123581789433956,4.588831424713135,-1,RIDGE,0.0008346644314853795,0.6407999992370605,0.5623518972375143,1,0.4867577850818634,1.1395000219345093,grid
100.0,-0.35243149395796564,1235,,,,,,,,,1.8364063501358032,,,1.5725663900375366,,,,nan,0.36249607363539366,0.30000001192092896,,,,3.0,1001,19,0,-1,,,,,,,41,,,0.011680623516440392,0.011680623516440392,0.010686112567782402,2.5923197269439697,-1,RIDGE,0.007094025611877534,0.7265999913215637,0.4843999942143758,1,0.640751838684082,1.5,grid
100.0,0.8692267945683092,1236,,,,,,,,,0.43444904685020447,,,0.4142143428325653,,,,790440.9108917167,0.3308307954244381,0.3499999940395355,,,,3.0,1001,19,0,-1,,,,,,,41,,,0.010774219408631325,0.010774219408631325,0.010733113624155521,1.7567694187164307,-1,RIDGE,-0.00034598653966729886,0.8331000208854675,0.47605715479169575,1,0.7475438117980957,1.75,grid
100.0,0.46483516303940353,1237,,,,,,,,,0.9923034906387329,,,0.9947457313537598,,,,nan,0.33565311303948664,0.4000000059604645,,,,3.0,1001,19,0,-1,,,,,,,41,,,0.010158405639231205,0.010158405639231205,0.009233544580638409,1.268149971961975,-1,RIDGE,0.006207496469671239,0.8773999810218811,0.43869999051094055,1,0.8543357253074646,2.0,grid
100.0,-0.6125374692428223,1238,,,,,,,,,1.784726858139038,,,1.4462956190109253,,,,78882.4664434004,0.2893853389741258,0.44999998807907104,,,,3.0,1001,19,0,-1,,,,,,,41,,,0.007867390289902687,0.007867390289902687,0.007867390289902687,0.7760160565376282,-1,RIDGE,-0.0033317305824972733,0.8583999872207642,0.3815111054314507,1,0.9611276984214783,2.25,grid
100.0,0.6234257566466292,1239,,,,,,,,,0.8361769914627075,,,0.374546617269516,,,,117264.44111449551,0.17442718342826313,0.5,,,,3.0,1001,19,0,-1,,,,,,,41,,,0.006913620512932539,0.006913620512932539,0.006913620512932539,0.5523706674575806,-1,RIDGE,-0.0021835543892598777,0.6223999857902527,0.24895999431610108,1,1.0679197311401367,2.5,grid
100.0,0.521512801300872,1240,,,,,,,,,0.5304282903671265,,,0.5512681603431702,,,,nan,0.22171399745044906,0.550000011920929,,,,3.0,1001,19,0,-1,,,,,,,41,,,0.0058088661171495914,0.0058088661171495914,0.0035107051953673363,0.3835580050945282,-1,RIDGE,0.036604989658702645,0.7716000080108643,0.28058182109485974,1,1.1747117042541504,2.75,grid
100.0,-0.5917787700355412,1241,,,,,,,,,0.5451304912567139,,,0.34210118651390076,,,,nan,0.08980579426840707,0.6000000238418579,,,,3.0,1001,19,0,-1,,,,,,,41,,,0.003101684618741274,0.003101684618741274,0.0009571751579642296,0.1720917969942093,-1,RIDGE,0.10336638797413224,0.3440000116825104,0.11466667056083679,1,1.281503677368164,3.0,grid
100.0,nan,1242,,,,,,,,,0.001563429832458496,,,nan,,,,nan,nan,0.800000011920929,,,,3.0,381,6,0,-1,,,,,,,41,,,1.993303158087656e-05,2.3832099032006226e-05,nan,0.0006220974610187113,-1,RIDGE,nan,0.0,0.0,0,1.7086714506149292,4.0,grid
100.0,nan,1243,,,,,,,,,0.002426035236567259,,,nan,,,,nan,nan,0.8500000238418579,,,,3.0,301,5,0,-1,,,,,,,41,,,1.9000746760866605e-05,1.9000746760866605e-05,nan,0.0005252884584479034,-1,RIDGE,nan,0.0,0.0,0,1.8154634237289429,4.25,grid
100.0,nan,1244,,,,,,,,,0.011877801269292831,,,nan,,,,nan,nan,0.8999999761581421,,,,3.0,241,3,0,-1,,,,,,,41,,,1.984836853807792e-05,2.9366030503297225e-05,nan,0.0004894460435025394,-1,RIDGE,nan,0.0,0.0,0,1.9222553968429565,4.5,grid
100.0,nan,1245,,,,,,,,,0.01280734408646822,,,nan,,,,nan,nan,0.949999988079071,,,,3.0,211,3,0,-1,,,,,,,41,,,1.8378608729108237e-05,2.0867119019385427e-05,nan,0.00040675271884538233,-1,RIDGE,nan,0.0,0.0,0,2.0290474891662598,4.75,grid
100.0,nan,1246,,,,,,,,,0.025646591559052467,,,nan,,,,nan,nan,1.0,,,,3.0,181,2,0,-1,,,,,,,41,,,1.985458038689103e-05,3.0165505449986085e-05,nan,0.00039657537126913667,-1,RIDGE,nan,0.0,0.0,0,2.1358394622802734,5.0,grid
100.0,nan,1247,,,,,,,,,0.021054858341813087,,,nan,,,,nan,nan,1.0499999523162842,,,,3.0,171,2,0,-1,,,,,,,41,,,1.7212349121109582e-05,2.3900858650449663e-05,nan,0.0003118362510576844,-1,RIDGE,nan,0.0,0.0,0,2.242631435394287,5.25,grid
100.0,nan,1248,,,,,,,,,0.015782702714204788,,,nan,,,,nan,nan,1.100000023841858,,,,3.0,151,2,0,-1,,,,,,,41,,,1.8437587641528808e-05,1.8437587641528808e-05,nan,0.00030435732332989573,151,RIDGE,nan,0.0,0.0,0,2.349423408508301,5.5,grid
100.0,nan,1249,,,,,,,,,0.058117907494306564,,,nan,,,,nan,nan,1.149999976158142,,,,3.0,141,1,0,-1,,,,,,,41,,,1.8758173609967344e-05,4.7743116738274693e-05,nan,0.0002833087055478245,-1,RIDGE,nan,0.0,0.0,0,2.4562153816223145,5.75,grid
100.0,nan,1250,,,,,,,,,0.056562501937150955,,,nan,,,,nan,nan,1.2000000476837158,,,,3.0,141,1,0,-1,,,,,,,41,,,1.5895757314865477e-05,4.3814499804284424e-05,nan,0.00022048738901503384,-1,RIDGE,nan,0.0,0.0,0,2.563007354736328,6.0,grid
100.0,nan,1251,,,,,,,,,0.05390617251396179,,,nan,,,,nan,nan,1.25,,,,3.0,131,1,0,-1,,,,,,,41,,,1.7560834749019705e-05,4.108932625968009e-05,nan,0.00022448647359851748,-1,RIDGE,nan,0.0,0.0,0,2.669799327850342,6.25,grid
100.0,nan,1252,,,,,,,,,0.051420800387859344,,,nan,,,,nan,nan,1.2999999523162842,,,,3.0,131,1,0,-1,,,,,,,41,,,1.6064177543739788e-05,3.826923784799874e-05,nan,0.00018986145732924342,-1,RIDGE,nan,0.0,0.0,0,2.7765913009643555,6.5,grid
100.0,nan,1253,,,,,,,,,0.06376148760318756,,,nan,,,,nan,nan,1.4536000490188599,,,,3.0,121,1,0,-1,,,,,,,41,,,1.6540307115064934e-05,3.418614505790174e-05,nan,0.00015635753516107798,101,RIDGE,nan,0.0,0.0,0,3.104656219482422,7.26800012588501,grid
100.0,nan,1254,,,,,,,,,0.05418616160750389,,,nan,,,,nan,nan,1.7860000133514404,,,,3.0,111,1,0,-1,,,,,,,41,,,1.9993207388324663e-05,2.938266516139265e-05,nan,0.0001251943176612258,101,RIDGE,nan,0.0,0.0,0,3.8146090507507324,8.930000305175781,grid
100.0,nan,1255,,,,,,,,,0.052843932062387466,,,nan,,,,nan,nan,2.1942999362945557,,,,3.0,101,1,0,-1,,,,,,,41,,,1.9953815353801474e-05,1.9953815353801474e-05,nan,8.27749609015882e-05,101,RIDGE,nan,0.0,0.0,0,4.686672210693359,10.971500396728516,grid
100.0,nan,1256,,,,,,,,,nan,,,nan,,,,nan,nan,2.6958999633789062,,,,3.0,81,0,0,-1,,,,,,,41,,,1.82600888365414e-05,nan,nan,5.0183432904304937e-05,-1,RIDGE,nan,0.0,0.0,0,5.758009433746338,13.479499816894531,grid
100.0,nan,1257,,,,,,,,,nan,,,nan,,,,nan,nan,3.312299966812134,,,,3.0,81,0,0,-1,,,,,,,41,,,1.2536545909824781e-05,nan,nan,2.2823571271146648e-05,-1,RIDGE,nan,0.0,0.0,0,7.074540615081787,16.561500549316406,grid
100.0,nan,1258,,,,,,,,,nan,,,nan,,,,nan,nan,4.0696001052856445,,,,3.0,71,0,0,-1,,,,,,,41,,,1.7250982637051493e-05,nan,nan,2.0805369786103256e-05,-1,RIDGE,nan,0.0,0.0,0,8.692011833190918,20.347999572753906,grid
100.0,nan,1259,,,,,,,,,nan,,,nan,,,,nan,nan,5.0,,,,3.0,81,0,0,-1,,,,,,,41,,,1.4117176760919392e-05,nan,nan,1.1279059435764793e-05,-1,RIDGE,nan,0.0,0.0,0,10.679197311401367,25.0,grid
250.0,-0.21875579518983787,1260,,,,,,,,,6.1445770263671875,,,5.979144096374512,,,,nan,0.9729131047790772,0.10000000149011612,,,,0.3,1001,19,0,-1,,,,,,,42,,,0.000237400658079423,0.000237400658079423,0.0001860307966126129,0.4741840660572052,-1,RIDGE,0.007795880057595179,0.7649999856948853,1.5299999713897705,1,0.21358393132686615,0.5,grid
250.0,-0.26218977760147344,1261,,,,,,,,,4.384111404418945,,,4.6984710693359375,,,,nan,0.8005057065715031,0.12290000170469284,,,,0.3,1001,19,0,-1,,,,,,,42,,,0.00020615974790416658,0.00020615974790416658,0.0001878192269941792,0.272624671459198,-1,RIDGE,0.004632113196633314,0.8274999856948853,1.346623277976185,1,0.26249465346336365,0.6144999861717224,grid
250.0,-0.12339096530741699,1262,,,,,,,,,3.2713823318481445,,,3.548091411590576,,,,23458.900061409622,0.56168066945838,0.1509999930858612,,,,0.3,1001,19,0,-1,,,,,,,42,,,0.00015768430603202432,0.00015768430603202432,0.00015346292639151216,0.1381336897611618,-1,RIDGE,-0.003993064706975552,0.7214000225067139,0.9554967245865924,1,0.3225117325782776,0.7549999952316284,grid
250.0,0.12032308204746518,1263,,,,,,,,,2.4141783714294434,,,2.6698696613311768,,,,20901.489038863525,0.4254207200203655,0.18549999594688416,,,,0.3,1001,19,0,-1,,,,,,,42,,,0.0001401060726493597,0.0001401060726493597,0.0001360302121611312,0.08132689446210861,-1,RIDGE,-0.0042482722889291506,0.7318999767303467,0.789110478927011,1,0.39619821310043335,0.9275000095367432,grid
250.0,-0.010710164123742915,1264,,,,,,,,,2.580590009689331,,,2.0118584632873535,,,,nan,0.19935418711411465,0.22789999842643738,,,,0.3,1001,19,0,-1,,,,,,,42,,,0.00013010100519750267,0.00013010100519750267,9.449206118006259e-05,0.05003305524587631,-1,RIDGE,0.008614925904707596,0.49540001153945923,0.43475208600560383,1,0.4867577850818634,1.1395000219345093,grid
250.0,0.5816039213548612,1265,,,,,,,,,1.146389365196228,,,1.232301115989685,,,,1275722.0807962448,0.1413970632374991,0.30000001192092896,,,,0.3,1001,19,0,-1,,,,,,,42,,,4.478603295865469e-05,4.478603295865469e-05,4.478603295865469e-05,0.009939514100551605,-1,RIDGE,-2.7465820312300003e-05,0.35910001397132874,0.23940000931421915,1,0.640751838684082,1.5,grid
250.0,0.5933474887520234,1266,,,,,,,,,0.7707663178443909,,,0.9148691892623901,,,,1600.5447144485906,0.09401667240628264,0.3499999940395355,,,,0.3,1001,19,0,-1,,,,,,,42,,,4.430564513313584e-05,4.430564513313584e-05,2.791716906358488e-05,0.007224171422421932,-1,RIDGE,-0.05761523680253437,0.1574999988079071,0.08999999931880406,1,0.7475438117980957,1.75,grid
250.0,nan,1267,,,,,,,,,0.4958374798297882,,,nan,,,,nan,nan,0.4000000059604645,,,,0.3,201,3,0,-1,,,,,,,42,,,1.633535975997802e-05,1.633535975997802e-05,nan,0.002039265353232622,-1,RIDGE,nan,0.0,0.0,0,0.8543357253074646,2.0,grid
250.0,nan,1268,,,,,,,,,0.47718027234077454,,,nan,,,,nan,nan,0.44999998807907104,,,,0.3,181,2,0,-1,,,,,,,42,,,1.744107976264786e-05,2.5912859200616367e-05,nan,0.0017203364986926317,-1,RIDGE,nan,0.0,0.0,0,0.9611276984214783,2.25,grid
250.0,nan,1269,,,,,,,,,0.3369056284427643,,,nan,,,,nan,nan,0.5,,,,0.3,171,2,0,-1,,,,,,,42,,,1.7191199731314555e-05,2.2424454073188826e-05,nan,0.0013735081302002072,-1,RIDGE,nan,0.0,0.0,0,1.0679197311401367,2.5,grid
250.0,nan,1270,,,,,,,,,0.41661930084228516,,,nan,,,,nan,nan,0.550000011920929,,,,0.3,141,1,0,-1,,,,,,,42,,,1.944303403433878e-05,3.7201272789388895e-05,nan,0.0012838187394663692,-1,RIDGE,nan,0.0,0.0,0,1.1747117042541504,2.75,grid
250.0,nan,1271,,,,,,,,,0.34340420365333557,,,nan,,,,nan,nan,0.6000000238418579,,,,0.3,131,1,0,-1,,,,,,,42,,,1.736224839987699e-05,2.80426065728534e-05,nan,0.0009633154259063303,-1,RIDGE,nan,0.0,0.0,0,1.281503677368164,3.0,grid
250.0,nan,1272,,,,,,,,,0.22532743215560913,,,nan,,,,nan,nan,0.800000011920929,,,,0.3,101,1,0,-1,,,,,,,42,,,1.8415568774798885e-05,1.8415568774798885e-05,nan,0.0005747383693233132,-1,RIDGE,nan,0.0,0.0,0,1.7086714506149292,4.0,grid
250.0,nan,1273,,,,,,,,,0.19507677853107452,,,nan,,,,nan,nan,0.8500000238418579,,,,0.3,101,1,0,-1,,,,,,,42,,,1.6374315237044357e-05,1.6374315237044357e-05,nan,0.0004526789707597345,-1,RIDGE,nan,0.0,0.0,0,1.8154634237289429,4.25,grid
250.0,nan,1274,,,,,,,,,nan,,,nan,,,,nan,nan,0.8999999761581421,,,,0.3,91,0,0,-1,,,,,,,42,,,1.9114866518066265e-05,nan,nan,0.00047135844943113625,-1,RIDGE,nan,0.0,0.0,0,1.9222553968429565,4.5,grid
250.0,nan,1275,,,,,,,,,nan,,,nan,,,,nan,nan,0.949999988079071,,,,0.3,91,0,0,-1,,,,,,,42,,,1.7618382116779685e-05,nan,nan,0.00038992750342004,-1,RIDGE,nan,0.0,0.0,0,2.0290474891662598,4.75,grid
250.0,nan,1276,,,,,,,,,nan,,,nan,,,,nan,nan,1.0,,,,0.3,91,0,0,-1,,,,,,,42,,,1.6081736248452216e-05,nan,nan,0.00032121659023687243,-1,RIDGE,nan,0.0,0.0,0,2.1358394622802734,5.0,grid
250.0,nan,1277,,,,,,,,,nan,,,nan,,,,nan,nan,1.0499999523162842,,,,0.3,91,0,0,-1,,,,,,,42,,,1.4925123650755268e-05,nan,nan,0.00027039856649935246,-1,RIDGE,nan,0.0,0.0,0,2.242631435394287,5.25,grid
250.0,nan,1278,,,,,,,,,nan,,,nan,,,,nan,nan,1.100000023841858,,,,0.3,81,0,0,-1,,,,,,,42,,,1.954609433596488e-05,nan,nan,0.0003226559201721102,-1,RIDGE,nan,0.0,0.0,0,2.349423408508301,5.5,grid
250.0,nan,1279,,,,,,,,,nan,,,nan,,,,nan,nan,1.149999976158142,,,,0.3,81,0,0,-1,,,,,,,42,,,1.8239561541122384e-05,nan,nan,0.00027547599165700376,-1,RIDGE,nan,0.0,0.0,0,2.4562153816223145,5.75,grid
250.0,nan,1280,,,,,,,,,nan,,,nan,,,,nan,nan,1.2000000476837158,,,,0.3,81,0,0,-1,,,,,,,42,,,1.651279853831511e-05,nan,nan,0.00022904628713149577,-1,RIDGE,nan,0.0,0.0,0,2.563007354736328,6.0,grid
250.0,nan,1281,,,,,,,,,nan,,,nan,,,,nan,nan,1.25,,,,0.3,81,0,0,-1,,,,,,,42,,,1.472001076763263e-05,nan,nan,0.00018817120871972293,-1,RIDGE,nan,0.0,0.0,0,2.669799327850342,6.25,grid
250.0,nan,1282,,,,,,,,,nan,,,nan,,,,nan,nan,1.2999999523162842,,,,0.3,71,0,0,-1,,,,,,,42,,,1.882291689980775e-05,nan,nan,0.00022246681328397244,-1,RIDGE,nan,0.0,0.0,0,2.7765913009643555,6.5,grid
250.0,nan,1283,,,,,,,,,nan,,,nan,,,,nan,nan,1.4536000490188599,,,,0.3,71,0,0,-1,,,,,,,42,,,1.6660782421240583e-05,nan,nan,0.0001574963825987652,-1,RIDGE,nan,0.0,0.0,0,3.104656219482422,7.26800012588501,grid
250.0,nan,1284,,,,,,,,,nan,,,nan,,,,nan,nan,1.7860000133514404,,,,0.3,61,0,0,-1,,,,,,,42,,,1.4528349311149213e-05,nan,nan,9.09742375370115e-05,-1,RIDGE,nan,0.0,0.0,0,3.8146090507507324,8.930000305175781,grid
250.0,nan,1285,,,,,,,,,nan,,,nan,,,,nan,nan,2.1942999362945557,,,,0.3,61,0,0,-1,,,,,,,42,,,1.5637238902854733e-05,nan,nan,6.486838537966833e-05,-1,RIDGE,nan,0.0,0.0,0,4.686672210693359,10.971500396728516,grid
250.0,nan,1286,,,,,,,,,nan,,,nan,,,,nan,nan,2.6958999633789062,,,,0.3,61,0,0,-1,,,,,,,42,,,1.9561608496587723e-05,nan,nan,5.376034459914081e-05,-1,RIDGE,nan,0.0,0.0,0,5.758009433746338,13.479499816894531,grid
250.0,nan,1287,,,,,,,,,nan,,,nan,,,,nan,nan,3.312299966812134,,,,0.3,81,0,0,-1,,,,,,,42,,,1.3879981452191714e-05,nan,nan,2.52693807851756e-05,-1,RIDGE,nan,0.0,0.0,0,7.074540615081787,16.561500549316406,grid
250.0,nan,1288,,,,,,,,,0.0016494175652042031,,,nan,,,,nan,nan,4.0696001052856445,,,,0.3,101,1,0,-1,,,,,,,42,,,1.797085496946238e-05,1.797085496946238e-05,nan,2.1673564333468676e-05,101,RIDGE,nan,0.0,0.0,0,8.692011833190918,20.347999572753906,grid
250.0,nan,1289,,,,,,,,,0.007259378209710121,,,nan,,,,nan,nan,5.0,,,,0.3,131,1,0,-1,,,,,,,42,,,1.9284947484266013e-05,5.653580228681676e-05,nan,1.540790071885567e-05,101,RIDGE,nan,0.0,0.0,0,10.679197311401367,25.0,grid
250.0,0.1854139686300461,1290,,,,,,,,,6.47127103805542,,,6.5569305419921875,,,,43389.223391920146,1.1833861671490387,0.10000000149011612,,,,1.0,1001,19,0,-1,,,,,,,43,,,0.005424031056463718,0.005424031056463718,0.004171296022832394,10.833959579467773,-1,RIDGE,-0.005740490826693343,0.9943000078201294,1.9886000156402588,1,0.21358393132686615,0.5,grid
250.0,0.06772364175654112,1291,,,,,,,,,5.3556718826293945,,,5.131927967071533,,,,25986.998108948304,0.7385890427380143,0.12290000170469284,,,,1.0,1001,19,0,-1,,,,,,,43,,,0.005822489038109779,0.005822489038109779,0.005728477146476507,7.699631690979004,-1,RIDGE,-0.009861837733875507,0.8618000149726868,1.4024410648755592,1,0.26249465346336365,0.6144999861717224,grid
250.0,0.100203663350754,1292,,,,,,,,,5.00417947769165,,,4.222404479980469,,,,33460.12141347497,0.6087673303826555,0.1509999930858612,,,,1.0,1001,19,0,-1,,,,,,,43,,,0.006823346484452486,0.006823346484452486,0.0056275795213878155,5.977348327636719,-1,RIDGE,-0.0078035614707252735,0.8694000244140625,1.1515232184171564,1,0.3225117325782776,0.7549999952316284,grid
250.0,0.28295018815459844,1293,,,,,,,,,3.0395004749298096,,,3.0395004749298096,,,,341345.6753555967,0.33145168944942777,0.18549999594688416,,,,1.0,1001,19,0,-1,,,,,,,43,,,0.006530264392495155,0.006530264392495155,0.006530264392495155,3.790600299835205,-1,RIDGE,-0.0007386337627064099,0.49000000953674316,0.5283018916425485,1,0.39619821310043335,0.9275000095367432,grid
250.0,0.1331617885223667,1294,,,,,,,,,2.325620412826538,,,2.4797403812408447,,,,158380.45688263618,0.2984362312316913,0.22789999842643738,,,,1.0,1001,19,0,-1,,,,,,,43,,,0.007594567257910967,0.007594567257910967,0.007559694815427065,2.920649290084839,-1,RIDGE,-0.0016390150243585301,0.4864000082015991,0.42685388226307036,1,0.4867577850818634,1.1395000219345093,grid
250.0,0.10099918606699153,1295,,,,,,,,,2.0848166942596436,,,2.5266501903533936,,,,nan,0.2636055554852524,0.30000001192092896,,,,1.0,1001,19,0,-1,,,,,,,43,,,0.00797999370843172,0.00797999370843172,0.007752377539873123,1.771026611328125,-1,RIDGE,0.0016714269464667406,0.6169000267982483,0.4112666845321655,1,0.640751838684082,1.5,grid
250.0,0.7009475532875256,1296,,,,,,,,,1.3466392755508423,,,1.1378613710403442,,,,nan,0.23222201112656274,0.3499999940395355,,,,1.0,1001,19,0,-1,,,,,,,43,,,0.007817240431904793,0.007817240431904793,0.003263903548941016,1.2746249437332153,-1,RIDGE,0.04833353215997878,0.5831000208854675,0.3332000119345529,1,0.7475438117980957,1.75,grid
250.0,-0.18603850956340068,1297,,,,,,,,,1.085300326347351,,,1.3417394161224365,,,,nan,0.22571786062886726,0.4000000059604645,,,,1.0,1001,19,0,-1,,,,,,,43,,,0.007596750743687153,0.007596750743687153,0.006665423512458801,0.9483593702316284,-1,RIDGE,0.018610200014981485,0.6556000113487244,0.3278000056743622,1,0.8543357253074646,2.0,grid
250.0,-0.4547763980261709,1298,,,,,,,,,1.2305927276611328,,,1.2184978723526,,,,nan,0.19101420650026338,0.44999998807907104,,,,1.0,1001,19,0,-1,,,,,,,43,,,0.006444314960390329,0.006444314960390329,0.004706684034317732,0.6356481313705444,-1,RIDGE,0.0197021050886676,0.5393000245094299,0.23968889978196886,1,0.9611276984214783,2.25,grid
250.0,0.9046849387877788,1299,,,,,,,,,0.418652206659317,,,0.6010684967041016,,,,nan,0.12695448070435503,0.5,,,,1.0,1001,19,0,-1,,,,,,,43,,,0.004960258025676012,0.004960258025676012,0.002045403467491269,0.39630475640296936,-1,RIDGE,0.07316793094981813,0.4287000000476837,0.1714800000190735,1,1.0679197311401367,2.5,grid
250.0,0.6480522367809837,1300,,,,,,,,,0.15888239443302155,,,0.3794917166233063,,,,nan,0.040162894704108144,0.550000011920929,,,,1.0,1001,19,0,-1,,,,,,,43,,,0.0016792151145637035,0.0016792151145637035,0.0005721013294532895,0.11087816208600998,-1,RIDGE,0.09465339834039889,0.14480000734329224,0.05265454812483354,1,1.1747117042541504,2.75,grid
250.0,0.5105831188436715,1301,,,,,,,,,0.3249482810497284,,,0.3651256561279297,,,,5343.657528156811,0.016444254438856123,0.6000000238418579,,,,1.0,1001,19,1,-1,,,,,,,43,,,0.00010470244160387665,0.00010470244160387665,0.00010470244160387665,0.005809240508824587,-1,RIDGE,-0.01655499718405966,0.025280000641942024,0.00842666688064734,1,1.281503677368164,3.0,grid
250.0,nan,1302,,,,,,,,,0.27773821353912354,,,nan,,,,nan,nan,0.800000011920929,,,,1.0,301,5,0,-1,,,,,,,43,,,1.9789149519056082e-05,1.9789149519056082e-05,nan,0.000617606972809881,-1,RIDGE,nan,0.0,0.0,0,1.7086714506149292,4.0,grid
250.0,nan,1303,,,,,,,,,0.2648279368877411,,,nan,,,,nan,nan,0.8500000238418579,,,,1.0,221,3,0,-1,,,,,,,43,,,1.8243184968014248e-05,2.508518264221493e-05,nan,0.0005043451674282551,-1,RIDGE,nan,0.0,0.0,0,1.8154634237289429,4.25,grid
250.0,nan,1304,,,,,,,,,0.22516876459121704,,,nan,,,,nan,nan,0.8999999761581421,,,,1.0,181,2,0,-1,,,,,,,43,,,1.8814489521901123e-05,2.962503094749991e-05,nan,0.00046395137906074524,-1,RIDGE,nan,0.0,0.0,0,1.9222553968429565,4.5,grid
250.0,nan,1305,,,,,,,,,0.17130184173583984,,,nan,,,,nan,nan,0.949999988079071,,,,1.0,161,2,0,-1,,,,,,,43,,,1.954173421836458e-05,2.2650841856375337e-05,nan,0.00043249482405371964,-1,RIDGE,nan,0.0,0.0,0,2.0290474891662598,4.75,grid
250.0,nan,1306,,,,,,,,,0.12080182880163193,,,nan,,,,nan,nan,1.0,,,,1.0,151,2,0,-1,,,,,,,43,,,1.9369048459338956e-05,1.9369048459338956e-05,nan,0.0003868773637805134,151,RIDGE,nan,0.0,0.0,0,2.1358394622802734,5.0,grid
250.0,nan,1307,,,,,,,,,0.30649521946907043,,,nan,,,,nan,nan,1.0499999523162842,,,,1.0,141,1,0,-1,,,,,,,43,,,1.912683183036279e-05,4.7132863983279094e-05,nan,0.00034652094473131,-1,RIDGE,nan,0.0,0.0,0,2.242631435394287,5.25,grid
250.0,nan,1308,,,,,,,,,0.04737677425146103,,,nan,,,,nan,nan,1.100000023841858,,,,1.0,121,1,0,-1,,,,,,,43,,,1.653014805924613e-05,2.7799978852272034e-05,nan,0.00027287041302770376,-1,RIDGE,nan,0.0,0.0,0,2.349423408508301,5.5,grid
250.0,nan,1309,,,,,,,,,0.04001038894057274,,,nan,,,,nan,nan,1.149999976158142,,,,1.0,111,1,0,-1,,,,,,,43,,,1.966454874491319e-05,2.612218668218702e-05,nan,0.0002969978959299624,101,RIDGE,nan,0.0,0.0,0,2.4562153816223145,5.75,grid
250.0,nan,1310,,,,,,,,,0.03068377636373043,,,nan,,,,nan,nan,1.2000000476837158,,,,1.0,111,1,0,-1,,,,,,,43,,,1.843137215473689e-05,2.528563709347509e-05,nan,0.0002556584950070828,101,RIDGE,nan,0.0,0.0,0,2.563007354736328,6.0,grid
250.0,nan,1311,,,,,,,,,0.023440932855010033,,,nan,,,,nan,nan,1.25,,,,1.0,111,1,0,-1,,,,,,,43,,,1.7699450836516917e-05,2.4454431695630774e-05,nan,0.0002262584603158757,101,RIDGE,nan,0.0,0.0,0,2.669799327850342,6.25,grid
250.0,nan,1312,,,,,,,,,0.026032228022813797,,,nan,,,,nan,nan,1.2999999523162842,,,,1.0,111,1,0,-1,,,,,,,43,,,1.688599877525121e-05,2.3486718419007957e-05,nan,0.00019957452605012804,101,RIDGE,nan,0.0,0.0,0,2.7765913009643555,6.5,grid
250.0,nan,1313,,,,,,,,,0.04348167032003403,,,nan,,,,nan,nan,1.4536000490188599,,,,1.0,111,1,0,-1,,,,,,,43,,,1.4904648196534254e-05,2.117605799867306e-05,nan,0.00014089544129092246,101,RIDGE,nan,0.0,0.0,0,3.104656219482422,7.26800012588501,grid
250.0,nan,1314,,,,,,,,,0.0438273660838604,,,nan,,,,nan,nan,1.7860000133514404,,,,1.0,111,1,0,-1,,,,,,,43,,,1.3913737348048016e-05,2.0899873561575077e-05,nan,8.71256270329468e-05,101,RIDGE,nan,0.0,0.0,0,3.8146090507507324,8.930000305175781,grid
250.0,nan,1315,,,,,,,,,nan,,,nan,,,,nan,nan,2.1942999362945557,,,,1.0,91,0,0,-1,,,,,,,43,,,1.6373847756767645e-05,nan,nan,6.792408385081217e-05,-1,RIDGE,nan,0.0,0.0,0,4.686672210693359,10.971500396728516,grid
250.0,nan,1316,,,,,,,,,nan,,,nan,,,,nan,nan,2.6958999633789062,,,,1.0,81,0,0,-1,,,,,,,43,,,1.688611155259423e-05,nan,nan,4.640739280148409e-05,-1,RIDGE,nan,0.0,0.0,0,5.758009433746338,13.479499816894531,grid
250.0,nan,1317,,,,,,,,,nan,,,nan,,,,nan,nan,3.312299966812134,,,,1.0,81,0,0,-1,,,,,,,43,,,1.2543570846901275e-05,nan,nan,2.283636058564298e-05,-1,RIDGE,nan,0.0,0.0,0,7.074540615081787,16.561500549316406,grid
250.0,nan,1318,,,,,,,,,nan,,,nan,,,,nan,nan,4.0696001052856445,,,,1.0,71,0,0,-1,,,,,,,43,,,1.8215348973171785e-05,nan,nan,2.196843342971988e-05,-1,RIDGE,nan,0.0,0.0,0,8.692011833190918,20.347999572753906,grid
250.0,nan,1319,,,,,,,,,nan,,,nan,,,,nan,nan,5.0,,,,1.0,81,0,0,-1,,,,,,,43,,,1.7035194105119444e-05,nan,nan,1.361043905490078e-05,-1,RIDGE,nan,0.0,0.0,0,10.679197311401367,25.0,grid
250.0,0.03664981499688091,1320,,,,,,,,,6.761020660400391,,,6.459182262420654,,,,nan,1.1312450126055202,0.10000000149011612,,,,3.0,1001,19,0,-1,,,,,,,44,,,0.006709028966724873,0.006709028966724873,0.005998936481773853,13.400614738464355,-1,RIDGE,0.0002984003587203437,1.0540000200271606,2.1080000400543213,1,0.21358393132686615,0.5,grid
250.0,0.14758142727293827,1321,,,,,,,,,5.008286476135254,,,4.4697113037109375,,,,90209.19551683955,0.6655505198734527,0.12290000170469284,,,,3.0,1001,19,0,-1,,,,,,,44,,,0.007105765864253044,0.007105765864253044,0.0066003575921058655,9.396631240844727,-1,RIDGE,-0.0028591329401188386,0.7745000123977661,1.2603743365770095,1,0.26249465346336365,0.6144999861717224,grid
250.0,0.12375937791650254,1322,,,,,,,,,5.258408069610596,,,3.6884002685546875,,,,nan,0.5767918918371521,0.1509999930858612,,,,3.0,1001,19,0,-1,,,,,,,44,,,0.007281040772795677,0.007281040772795677,0.006369082722812891,6.378295421600342,-1,RIDGE,0.0077665719118987404,0.8474000096321106,1.1223841258066956,1,0.3225117325782776,0.7549999952316284,grid
250.0,0.5860859405338908,1323,,,,,,,,,1.5623501539230347,,,2.0673153400421143,,,,nan,0.35987372992025424,0.18549999594688416,,,,3.0,1001,19,0,-1,,,,,,,44,,,0.00846676342189312,0.00846676342189312,0.008322011679410934,4.914673328399658,-1,RIDGE,0.0002672108736906662,0.5300999879837036,0.5715363693079332,1,0.39619821310043335,0.9275000095367432,grid
250.0,-0.05645252229565384,1324,,,,,,,,,1.449588656425476,,,1.3924096822738647,,,,4786152.138299373,0.27347443244468317,0.22789999842643738,,,,3.0,1001,19,0,-1,,,,,,,44,,,0.009030843153595924,0.009030843153595924,0.009000969119369984,3.472999095916748,-1,RIDGE,-5.5477835915224604e-05,0.4327000081539154,0.3797279507018597,1,0.4867577850818634,1.1395000219345093,grid
250.0,-0.1674871015006678,1325,,,,,,,,,1.2594667673110962,,,1.3390413522720337,,,,191388.56691662065,0.24743634870264963,0.30000001192092896,,,,3.0,1001,19,0,-1,,,,,,,44,,,0.008761458098888397,0.008761458098888397,0.008234787732362747,1.9444596767425537,-1,RIDGE,-0.0013874574141068267,0.5077999830245972,0.33853332201639813,1,0.640751838684082,1.5,grid
250.0,0.9123871686882619,1326,,,,,,,,,0.49939727783203125,,,0.49939727783203125,,,,nan,0.21926190562818976,0.3499999940395355,,,,3.0,1001,19,0,-1,,,,,,,44,,,0.00923125445842743,0.00923125445842743,0.009077266789972782,1.5051844120025635,-1,RIDGE,0.0010103399103339069,0.5418000221252441,0.30960001264299664,1,0.7475438117980957,1.75,grid
250.0,-0.057083343430926616,1327,,,,,,,,,1.2174283266067505,,,1.3514248132705688,,,,15060.387693005283,0.24801850010810272,0.4000000059604645,,,,3.0,1001,19,0,-1,,,,,,,44,,,0.007140841335058212,0.007140841335058212,0.0069992076605558395,0.8914448022842407,-1,RIDGE,-0.01815668886358079,0.6985999941825867,0.34929999709129333,1,0.8543357253074646,2.0,grid
250.0,-0.3740394860759293,1328,,,,,,,,,0.9905886054039001,,,1.1832807064056396,,,,25128.49753654118,0.2033597307137796,0.44999998807907104,,,,3.0,1001,19,0,-1,,,,,,,44,,,0.0060746194794774055,0.0060746194794774055,0.0060746194794774055,0.5991824865341187,-1,RIDGE,-0.010289044813676138,0.5659999847412109,0.25155554877387154,1,0.9611276984214783,2.25,grid
250.0,0.9229110152376878,1329,,,,,,,,,0.34437498450279236,,,0.33938509225845337,,,,nan,0.13595644478949562,0.5,,,,3.0,1001,19,0,-1,,,,,,,44,,,0.005582970101386309,0.005582970101386309,0.003535338444635272,0.44605696201324463,-1,RIDGE,0.03398104580965925,0.48179998993873596,0.19271999597549438,1,1.0679197311401367,2.5,grid
250.0,0.5870176359677918,1330,,,,,,,,,0.2784422039985657,,,0.2513723373413086,,,,nan,0.06345171282685422,0.550000011920929,,,,3.0,1001,19,0,-1,,,,,,,44,,,0.002781915944069624,0.002781915944069624,0.0009277421631850302,0.18368922173976898,-1,RIDGE,0.09588273655284534,0.22990000247955322,0.08360000090165572,1,1.1747117042541504,2.75,grid
250.0,0.00639766213976774,1331,,,,,,,,,0.1466446965932846,,,0.18977248668670654,,,,41950.56054625198,0.009354306123573368,0.6000000238418579,,,,3.0,1001,19,1,-1,,,,,,,44,,,0.00019308822811581194,0.00019308822811581194,0.00019308822811581194,0.010713178664445877,-1,RIDGE,-0.002404728802767552,0.02792000025510788,0.009306666751702627,1,1.281503677368164,3.0,grid
250.0,nan,1332,,,,,,,,,0.013739347457885742,,,nan,,,,nan,nan,0.800000011920929,,,,3.0,231,3,0,-1,,,,,,,44,,,1.959757173608523e-05,2.6901272576651536e-05,nan,0.0006116279400885105,-1,RIDGE,nan,0.0,0.0,0,1.7086714506149292,4.0,grid
250.0,nan,1333,,,,,,,,,0.010531313717365265,,,nan,,,,nan,nan,0.8500000238418579,,,,3.0,201,3,0,-1,,,,,,,44,,,1.7599057173356414e-05,1.7599057173356414e-05,nan,0.0004865378141403198,-1,RIDGE,nan,0.0,0.0,0,1.8154634237289429,4.25,grid
250.0,nan,1334,,,,,,,,,0.01874934323132038,,,nan,,,,nan,nan,0.8999999761581421,,,,3.0,171,2,0,-1,,,,,,,44,,,1.855441223597154e-05,2.483125172147993e-05,nan,0.0004575380589812994,-1,RIDGE,nan,0.0,0.0,0,1.9222553968429565,4.5,grid
250.0,nan,1335,,,,,,,,,0.012248892337083817,,,nan,,,,nan,nan,0.949999988079071,,,,3.0,151,2,0,-1,,,,,,,44,,,1.9070026610279456e-05,1.9070026610279456e-05,nan,0.00042205507634207606,-1,RIDGE,nan,0.0,0.0,0,2.0290474891662598,4.75,grid
250.0,nan,1336,,,,,,,,,0.04566187784075737,,,nan,,,,nan,nan,1.0,,,,3.0,141,1,0,-1,,,,,,,44,,,1.8282808014191687e-05,4.10882021242287e-05,nan,0.0003651808074209839,-1,RIDGE,nan,0.0,0.0,0,2.1358394622802734,5.0,grid
250.0,nan,1337,,,,,,,,,0.041888874024152756,,,nan,,,,nan,nan,1.0499999523162842,,,,3.0,131,1,0,-1,,,,,,,44,,,1.8566515791462734e-05,3.70048001059331e-05,nan,0.00033636970329098403,-1,RIDGE,nan,0.0,0.0,0,2.242631435394287,5.25,grid
250.0,nan,1338,,,,,,,,,0.04291785880923271,,,nan,,,,nan,nan,1.100000023841858,,,,3.0,131,1,0,-1,,,,,,,44,,,1.564036210766062e-05,3.376093809492886e-05,nan,0.0002581822918727994,-1,RIDGE,nan,0.0,0.0,0,2.349423408508301,5.5,grid
250.0,nan,1339,,,,,,,,,0.03652920946478844,,,nan,,,,nan,nan,1.149999976158142,,,,3.0,121,1,0,-1,,,,,,,44,,,1.8067130440613255e-05,3.139330874546431e-05,nan,0.0002728717227000743,-1,RIDGE,nan,0.0,0.0,0,2.4562153816223145,5.75,grid
250.0,nan,1340,,,,,,,,,0.03043365478515625,,,nan,,,,nan,nan,1.2000000476837158,,,,3.0,121,1,0,-1,,,,,,,44,,,1.6626350770820864e-05,3.005151120305527e-05,nan,0.00023062134278006852,-1,RIDGE,nan,0.0,0.0,0,2.563007354736328,6.0,grid
250.0,nan,1341,,,,,,,,,0.024036331102252007,,,nan,,,,nan,nan,1.25,,,,3.0,121,1,0,-1,,,,,,,44,,,1.5401907148770988e-05,2.8959419068996795e-05,nan,0.0001968881260836497,101,RIDGE,nan,0.0,0.0,0,2.669799327850342,6.25,grid
250.0,nan,1342,,,,,,,,,0.024653729051351547,,,nan,,,,nan,nan,1.2999999523162842,,,,3.0,121,1,0,-1,,,,,,,44,,,1.426873313903343e-05,2.7612306439550593e-05,nan,0.00016864122881088406,101,RIDGE,nan,0.0,0.0,0,2.7765913009643555,6.5,grid
250.0,nan,1343,,,,,,,,,0.04295995831489563,,,nan,,,,nan,nan,1.4536000490188599,,,,3.0,111,1,0,-1,,,,,,,44,,,1.7616524928598665e-05,2.483985008439049e-05,nan,0.00016653114289510995,101,RIDGE,nan,0.0,0.0,0,3.104656219482422,7.26800012588501,grid
250.0,nan,1344,,,,,,,,,0.04692152142524719,,,nan,,,,nan,nan,1.7860000133514404,,,,3.0,111,1,0,-1,,,,,,,44,,,1.5550251191598363e-05,2.3528391466243193e-05,nan,9.73732239799574e-05,101,RIDGE,nan,0.0,0.0,0,3.8146090507507324,8.930000305175781,grid
250.0,nan,1345,,,,,,,,,nan,,,nan,,,,nan,nan,2.1942999362945557,,,,3.0,91,0,0,-1,,,,,,,44,,,1.914328458951786e-05,nan,nan,7.94126171967946e-05,-1,RIDGE,nan,0.0,0.0,0,4.686672210693359,10.971500396728516,grid
250.0,nan,1346,,,,,,,,,nan,,,nan,,,,nan,nan,2.6958999633789062,,,,3.0,81,0,0,-1,,,,,,,44,,,1.7974249203689396e-05,nan,nan,4.9397869588574395e-05,-1,RIDGE,nan,0.0,0.0,0,5.758009433746338,13.479499816894531,grid
250.0,nan,1347,,,,,,,,,nan,,,nan,,,,nan,nan,3.312299966812134,,,,3.0,81,0,0,-1,,,,,,,44,,,1.3330944966583047e-05,nan,nan,2.4269826099043712e-05,-1,RIDGE,nan,0.0,0.0,0,7.074540615081787,16.561500549316406,grid
250.0,nan,1348,,,,,,,,,nan,,,nan,,,,nan,nan,4.0696001052856445,,,,3.0,71,0,0,-1,,,,,,,44,,,1.890425664896611e-05,nan,nan,2.27992823056411e-05,-1,RIDGE,nan,0.0,0.0,0,8.692011833190918,20.347999572753906,grid
250.0,nan,1349,,,,,,,,,nan,,,nan,,,,nan,nan,5.0,,,,3.0,81,0,0,-1,,,,,,,44,,,1.5132658518268727e-05,nan,nan,1.2090388736396562e-05,-1,RIDGE,nan,0.0,0.0,0,10.679197311401367,25.0,grid
0.0,0.2966551197643114,1890,,,,,,,,,1.190626621246338,,,1.1451160907745361,,,,nan,0.2442260375931415,0.10000000149011612,,,,0.3,1001,19,0,-1,,,,,,,63,,,0.0036758040077984333,0.0036758040077984333,0.002578535582870245,7.35087251663208,-1,STEP_UP,0.008757552233609484,0.17730000615119934,0.3546000123023987,1,0.21358393132686615,0.5,grid
0.0,0.6668890930602915,1891,,,,,,,,,0.7234808802604675,,,0.706769585609436,,,,nan,0.22876824863011436,0.12290000170469284,,,,0.3,1001,19,0,-1,,,,,,,63,,,0.003482227446511388,0.003482227446511388,0.002805534517392516,4.610414028167725,-1,STEP_UP,0.005620848048817136,0.2167000025510788,0.3526444384500309,1,0.26249465346336365,0.6144999861717224,grid
0.0,0.13411287543628903,1892,,,,,,,,,1.192039966583252,,,1.1139583587646484,,,,126827.0062256228,0.19313058190757829,0.1509999930858612,,,,0.3,1001,19,0,-1,,,,,,,63,,,0.002940651960670948,0.002940651960670948,0.002872134791687131,2.579148054122925,-1,STEP_UP,-0.0017225482247091367,0.22579999268054962,0.2990728398763444,1,0.3225117325782776,0.7549999952316284,grid
0.0,0.5588622964445129,1893,,,,,,,,,0.9463955163955688,,,0.9928761720657349,,,,nan,0.23072353741795112,0.18549999594688416,,,,0.3,1001,19,0,-1,,,,,,,63,,,0.0028840028680860996,0.0028840028680860996,0.0010390280513092875,1.6760786771774292,-1,STEP_UP,0.07985477447509785,0.335999995470047,0.36226414233447646,1,0.39619821310043335,0.9275000095367432,grid
0.0,0.20716745414482346,1894,,,,,,,,,1.0830600261688232,,,1.0550719499588013,,,,nan,0.10473033777073197,0.22789999842643738,,,,0.3,1001,19,0,-1,,,,,,,63,,,0.0003934744745492935,0.0003934744745492935,0.00014917795488145202,0.1515006422996521,-1,STEP_UP,0.08455040671608673,0.2143000066280365,0.18806494296000373,1,0.4867577850818634,1.1395000219345093,grid
0.0,nan,1895,,,,,,,,,0.7030746340751648,,,nan,,,,nan,nan,0.30000001192092896,,,,0.3,491,8,0,-1,,,,,,,63,,,1.9884761059074663e-05,2.3682023311266676e-05,nan,0.004418394062668085,-1,STEP_UP,nan,0.0,0.0,0,0.640751838684082,1.5,grid
0.0,nan,1896,,,,,,,,,0.6424271464347839,,,nan,,,,nan,nan,0.3499999940395355,,,,0.3,461,8,0,-1,,,,,,,63,,,1.988306757993996e-05,2.1573438061750494e-05,nan,0.0032458906061947346,-1,STEP_UP,nan,0.0,0.0,0,0.7475438117980957,1.75,grid
0.0,nan,1897,,,,,,,,,0.6335148811340332,,,nan,,,,nan,nan,0.4000000059604645,,,,0.3,461,8,0,-1,,,,,,,63,,,1.7514297724119388e-05,2.2390206140698865e-05,nan,0.002189068356528878,-1,STEP_UP,nan,0.0,0.0,0,0.8543357253074646,2.0,grid
0.0,nan,1898,,,,,,,,,0.5492294430732727,,,nan,,,,nan,nan,0.44999998807907104,,,,0.3,131,1,0,-1,,,,,,,63,,,1.902084841276519e-05,2.7278674679109827e-05,nan,0.0018784144194796681,-1,STEP_UP,nan,0.0,0.0,0,0.9611276984214783,2.25,grid
0.0,nan,1899,,,,,,,,,0.5102999806404114,,,nan,,,,nan,nan,0.5,,,,0.3,111,1,0,-1,,,,,,,63,,,1.9825693016173318e-05,2.2523154257214628e-05,nan,0.0015858968254178762,-1,STEP_UP,nan,0.0,0.0,0,1.0679197311401367,2.5,grid
0.0,nan,1900,,,,,,,,,0.4766348600387573,,,nan,,,,nan,nan,0.550000011920929,,,,0.3,101,1,0,-1,,,,,,,63,,,1.9891253032255918e-05,1.9891253032255918e-05,nan,0.0013149926671758294,-1,STEP_UP,nan,0.0,0.0,0,1.1747117042541504,2.75,grid
0.0,nan,1901,,,,,,,,,0.4449932873249054,,,nan,,,,nan,nan,0.6000000238418579,,,,0.3,111,1,0,-1,,,,,,,63,,,1.6351768863387406e-05,2.1615538571495563e-05,nan,0.0009083407348953187,-1,STEP_UP,nan,0.0,0.0,0,1.281503677368164,3.0,grid
0.0,nan,1902,,,,,,,,,nan,,,nan,,,,nan,nan,0.800000011920929,,,,0.3,91,0,0,-1,,,,,,,63,,,1.6016369045246392e-05,nan,nan,0.0005004614940844476,-1,STEP_UP,nan,0.0,0.0,0,1.7086714506149292,4.0,grid
0.0,nan,1903,,,,,,,,,nan,,,nan,,,,nan,nan,0.8500000238418579,,,,0.3,81,0,0,-1,,,,,,,63,,,1.948499084392097e-05,nan,nan,0.0005393229657784104,-1,STEP_UP,nan,0.0,0.0,0,1.8154634237289429,4.25,grid
0.0,nan,1904,,,,,,,,,nan,,,nan,,,,nan,nan,0.8999999761581421,,,,0.3,81,0,0,-1,,,,,,,63,,,1.8939352230518125e-05,nan,nan,0.0004675915406551212,-1,STEP_UP,nan,0.0,0.0,0,1.9222553968429565,4.5,grid
0.0,nan,1905,,,,,,,,,nan,,,nan,,,,nan,nan,0.949999988079071,,,,0.3,81,0,0,-1,,,,,,,63,,,1.8122947949450463e-05,nan,nan,0.00040157639887183905,-1,STEP_UP,nan,0.0,0.0,0,2.0290474891662598,4.75,grid
0.0,nan,1906,,,,,,,,,nan,,,nan,,,,nan,nan,1.0,,,,0.3,81,0,0,-1,,,,,,,63,,,1.7242202375200577e-05,nan,nan,0.0003448095521889627,-1,STEP_UP,nan,0.0,0.0,0,2.1358394622802734,5.0,grid
0.0,nan,1907,,,,,,,,,nan,,,nan,,,,nan,nan,1.0499999523162842,,,,0.3,81,0,0,-1,,,,,,,63,,,1.6521402358193882e-05,nan,nan,0.0002996780094690621,-1,STEP_UP,nan,0.0,0.0,0,2.242631435394287,5.25,grid
0.0,nan,1908,,,,,,,,,nan,,,nan,,,,nan,nan,1.100000023841858,,,,0.3,81,0,0,-1,,,,,,,63,,,1.6057305401773192e-05,nan,nan,0.000265383452642709,-1,STEP_UP,nan,0.0,0.0,0,2.349423408508301,5.5,grid
0.0,nan,1909,,,,,,,,,nan,,,nan,,,,nan,nan,1.149999976158142,,,,0.3,81,0,0,-1,,,,,,,63,,,1.571790562593378e-05,nan,nan,0.000237676125834696,-1,STEP_UP,nan,0.0,0.0,0,2.4562153816223145,5.75,grid
0.0,nan,1910,,,,,,,,,nan,,,nan,,,,nan,nan,1.2000000476837158,,,,0.3,81,0,0,-1,,,,,,,63,,,1.527602034911979e-05,nan,nan,0.0002121457364410162,-1,STEP_UP,nan,0.0,0.0,0,2.563007354736328,6.0,grid
0.0,nan,1911,,,,,,,,,nan,,,nan,,,,nan,nan,1.25,,,,0.3,81,0,0,-1,,,,,,,63,,,1.458626957173692e-05,nan,nan,0.0001866855745902285,-1,STEP_UP,nan,0.0,0.0,0,2.669799327850342,6.25,grid
0.0,nan,1912,,,,,,,,,nan,,,nan,,,,nan,nan,1.2999999523162842,,,,0.3,81,0,0,-1,,,,,,,63,,,1.3646334082295652e-05,nan,nan,0.00016147892165463418,-1,STEP_UP,nan,0.0,0.0,0,2.7765913009643555,6.5,grid
0.0,nan,1913,,,,,,,,,nan,,,nan,,,,nan,nan,1.4536000490188599,,,,0.3,71,0,0,-1,,,,,,,63,,,1.5177970453805756e-05,nan,nan,0.00014365158858709037,-1,STEP_UP,nan,0.0,0.0,0,3.104656219482422,7.26800012588501,grid
0.0,nan,1914,,,,,,,,,nan,,,nan,,,,nan,nan,1.7860000133514404,,,,0.3,61,0,0,-1,,,,,,,63,,,1.4205442312231753e-05,nan,nan,8.905912545742467e-05,-1,STEP_UP,nan,0.0,0.0,0,3.8146090507507324,8.930000305175781,grid
0.0,nan,1915,,,,,,,,,nan,,,nan,,,,nan,nan,2.1942999362945557,,,,0.3,51,0,0,-1,,,,,,,63,,,1.791967406461481e-05,nan,nan,7.44259959901683e-05,-1,STEP_UP,nan,0.0,0.0,0,4.686672210693359,10.971500396728516,grid
0.0,nan,1916,,,,,,,,,nan,,,nan,,,,nan,nan,2.6958999633789062,,,,0.3,51,0,0,-1,,,,,,,63,,,1.2727696230285801e-05,nan,nan,3.502102117636241e-05,-1,STEP_UP,nan,0.0,0.0,0,5.758009433746338,13.479499816894531,grid
0.0,nan,1917,,,,,,,,,nan,,,nan,,,,nan,nan,3.312299966812134,,,,0.3,61,0,0,-1,,,,,,,63,,,1.1838217687909491e-05,nan,nan,2.1578118321485817e-05,-1,STEP_UP,nan,0.0,0.0,0,7.074540615081787,16.561500549316406,grid
0.0,nan,1918,,,,,,,,,nan,,,nan,,,,nan,nan,4.0696001052856445,,,,0.3,81,0,0,-1,,,,,,,63,,,1.3031207345193252e-05,nan,nan,1.5735036868136376e-05,-1,STEP_UP,nan,0.0,0.0,0,8.692011833190918,20.347999572753906,grid
0.0,nan,1919,,,,,,,,,0.00045921324635855854,,,nan,,,,nan,nan,5.0,,,,0.3,101,1,0,-1,,,,,,,63,,,1.9504483134369366e-05,1.9504483134369366e-05,nan,1.560202508699149e-05,101,STEP_UP,nan,0.0,0.0,0,10.679197311401367,25.0,grid
0.0,0.2432077766720618,1920,,,,,,,,,2.6995785236358643,,,2.0744330883026123,,,,nan,0.574658893491634,0.10000000149011612,,,,1.0,1001,19,0,-1,,,,,,,64,,,0.010635321028530598,0.010635321028530598,0.009725378826260567,21.26851463317871,-1,STEP_UP,0.002279741113836235,0.34700000286102295,0.6940000057220459,1,0.21358393132686615,0.5,grid
0.0,-0.09902499920331884,1921,,,,,,,,,1.9703980684280396,,,2.3412904739379883,,,,35950.46159522937,0.6153324825412797,0.12290000170469284,,,,1.0,1001,19,0,-1,,,,,,,64,,,0.010866574943065643,0.010866574943065643,0.010533565655350685,14.387173652648926,-1,STEP_UP,-0.007825764742764389,0.4943999946117401,0.8045565593773337,1,0.26249465346336365,0.6144999861717224,grid
0.0,-0.4102300612641491,1922,,,,,,,,,2.2823879718780518,,,2.417938470840454,,,,47302.88450738889,0.5822945329340614,0.1509999930858612,,,,1.0,1001,19,0,-1,,,,,,,64,,,0.010772462002933025,0.010772462002933025,0.010772462002933025,9.448168754577637,-1,STEP_UP,-0.005898863619023984,0.5759000182151794,0.7627814858972252,1,0.3225117325782776,0.7549999952316284,grid
0.0,0.7972353423229777,1923,,,,,,,,,0.6892843246459961,,,0.9895918369293213,,,,nan,0.5480546768661326,0.18549999594688416,,,,1.0,1001,19,0,-1,,,,,,,64,,,0.012695481069386005,0.012695481069386005,0.011852597817778587,7.378157138824463,-1,STEP_UP,0.0036407167261298316,0.6577000021934509,0.7091105072030687,1,0.39619821310043335,0.9275000095367432,grid
0.0,-0.16792399453381768,1924,,,,,,,,,1.875951886177063,,,2.1361496448516846,,,,nan,0.5543288459566535,0.22789999842643738,,,,1.0,1001,19,0,-1,,,,,,,64,,,0.012637009844183922,0.012637009844183922,0.011509392410516739,4.865665435791016,-1,STEP_UP,0.0023317358710550915,0.8489999771118164,0.7450635899685935,1,0.4867577850818634,1.1395000219345093,grid
0.0,-0.3564450830565724,1925,,,,,,,,,1.6805497407913208,,,1.8398603200912476,,,,664853.712202731,0.4891942900022804,0.30000001192092896,,,,1.0,1001,19,0,-1,,,,,,,64,,,0.012291422113776207,0.012291422113776207,0.012178619392216206,2.731153964996338,-1,STEP_UP,-0.00042005885731088337,1.0329999923706055,0.6886666615804037,1,0.640751838684082,1.5,grid
0.0,0.3415999833064896,1926,,,,,,,,,0.27106890082359314,,,0.952240526676178,,,,nan,0.40372038803610705,0.3499999940395355,,,,1.0,1001,19,0,-1,,,,,,,64,,,0.011480377055704594,0.011480377055704594,0.010341512970626354,1.8741599321365356,-1,STEP_UP,0.0043693824247880856,0.9984999895095825,0.5705714225769043,1,0.7475438117980957,1.75,grid
0.0,-0.7878973661142441,1927,,,,,,,,,1.8385668992996216,,,2.208588123321533,,,,49460.38475916179,0.5010874501317988,0.4000000059604645,,,,1.0,1001,19,0,-1,,,,,,,64,,,0.009714639745652676,0.009714639745652676,0.009714639745652676,1.2142084836959839,-1,STEP_UP,-0.005543604764071268,1.4730000495910645,0.7365000247955322,1,0.8543357253074646,2.0,grid
0.0,0.4249871021433931,1928,,,,,,,,,1.004784345626831,,,1.1089788675308228,,,,604440.8888834227,0.46008782154652295,0.44999998807907104,,,,1.0,1001,19,0,-1,,,,,,,64,,,0.009106527082622051,0.009106527082622051,0.008970609866082668,0.899320125579834,-1,STEP_UP,-0.00044052817604742174,1.559999942779541,0.6933333079020182,1,0.9611276984214783,2.25,grid
0.0,0.9316247012717993,1929,,,,,,,,,0.12819452583789825,,,0.13819555938243866,,,,1366777.96668909,0.17674803824675248,0.5,,,,1.0,1001,19,0,-1,,,,,,,64,,,0.007744470611214638,0.007744470611214638,0.007744470611214638,0.619495689868927,-1,STEP_UP,-0.00018948641690325893,0.7634000182151794,0.30536000728607177,1,1.0679197311401367,2.5,grid
0.0,0.2845352064841665,1930,,,,,,,,,0.7548622488975525,,,0.9570751190185547,,,,nan,0.3392949588205156,0.550000011920929,,,,1.0,1001,19,0,-1,,,,,,,64,,,0.006517484318464994,0.006517484318464994,0.006288697011768818,0.43086495995521545,-1,STEP_UP,0.002026583931662967,1.4609999656677246,0.5312727147882635,1,1.1747117042541504,2.75,grid
0.0,-0.6260032048585417,1931,,,,,,,,,1.2130277156829834,,,1.1330803632736206,,,,nan,0.2792305373444074,0.6000000238418579,,,,1.0,1001,19,0,-1,,,,,,,64,,,0.005262767430394888,0.005262767430394888,0.004096790682524443,0.292346715927124,-1,STEP_UP,0.017135854200883496,1.274999976158142,0.42499999205271405,1,1.281503677368164,3.0,grid
0.0,0.6887721076054139,1932,,,,,,,,,0.005929611623287201,,,0.008897095918655396,,,,1749.0828791185736,0.005286334095821166,0.800000011920929,,,,1.0,1001,19,1,-1,,,,,,,64,,,6.10992283327505e-05,6.10992283327505e-05,6.10992283327505e-05,0.0019091599388048053,-1,STEP_UP,-0.06483312953602169,0.03180000185966492,0.00795000046491623,1,1.7086714506149292,4.0,grid
0.0,0.5640694464814426,1933,,,,,,,,,0.04205533489584923,,,0.08744845539331436,,,,743.3732989311864,0.01377022834990146,0.8500000238418579,,,,1.0,751,14,0,-1,,,,,,,64,,,1.952515412995126e-05,1.952515412995126e-05,1.952515412995126e-05,0.0005404346156865358,-1,STEP_UP,-0.13682741437639542,0.0,0.0,0,1.8154634237289429,4.25,grid
0.0,nan,1934,,,,,,,,,0.13280779123306274,,,nan,,,,nan,nan,0.8999999761581421,,,,1.0,381,6,0,-1,,,,,,,64,,,1.8746028217719868e-05,2.3480546587961726e-05,nan,0.00046281859977170825,-1,STEP_UP,nan,0.0,0.0,0,1.9222553968429565,4.5,grid
0.0,nan,1935,,,,,,,,,0.07122910022735596,,,nan,,,,nan,nan,0.949999988079071,,,,1.0,281,4,0,-1,,,,,,,64,,,1.9404829799896106e-05,2.6814816010301e-05,nan,0.0004299809515941888,-1,STEP_UP,nan,0.0,0.0,0,2.0290474891662598,4.75,grid
0.0,nan,1936,,,,,,,,,0.03544812276959419,,,nan,,,,nan,nan,1.0,,,,1.0,231,3,0,-1,,,,,,,64,,,1.9159026123816147e-05,2.9600631023640744e-05,nan,0.00038314220728352666,-1,STEP_UP,nan,0.0,0.0,0,2.1358394622802734,5.0,grid
0.0,nan,1937,,,,,,,,,0.015591394156217575,,,nan,,,,nan,nan,1.0499999523162842,,,,1.0,201,3,0,-1,,,,,,,64,,,1.9231660189689137e-05,1.9231660189689137e-05,nan,0.0003488387737888843,201,STEP_UP,nan,0.0,0.0,0,2.242631435394287,5.25,grid
0.0,nan,1938,,,,,,,,,0.038136329501867294,,,nan,,,,nan,nan,1.100000023841858,,,,1.0,191,2,0,-1,,,,,,,64,,,1.6780270016170107e-05,3.808681503869593e-05,nan,0.0002773321175482124,-1,STEP_UP,nan,0.0,0.0,0,2.349423408508301,5.5,grid
0.0,nan,1939,,,,,,,,,0.027884814888238907,,,nan,,,,nan,nan,1.149999976158142,,,,1.0,171,2,0,-1,,,,,,,64,,,1.988022995647043e-05,3.026603917533066e-05,nan,0.000300616113236174,-1,STEP_UP,nan,0.0,0.0,0,2.4562153816223145,5.75,grid
0.0,nan,1940,,,,,,,,,0.025177160277962685,,,nan,,,,nan,nan,1.2000000476837158,,,,1.0,161,2,0,-1,,,,,,,64,,,1.913649248308502e-05,2.50280700129224e-05,nan,0.00026575804804451764,151,STEP_UP,nan,0.0,0.0,0,2.563007354736328,6.0,grid
0.0,nan,1941,,,,,,,,,0.0202803798019886,,,nan,,,,nan,nan,1.25,,,,1.0,161,2,0,-1,,,,,,,64,,,1.5695344700361602e-05,2.1048399503342807e-05,nan,0.00020088031305931509,151,STEP_UP,nan,0.0,0.0,0,2.669799327850342,6.25,grid
0.0,nan,1942,,,,,,,,,0.019155355170369148,,,nan,,,,nan,nan,1.2999999523162842,,,,1.0,151,2,0,-1,,,,,,,64,,,1.7028449292411096e-05,1.7028449292411096e-05,nan,0.00020149994816165417,151,STEP_UP,nan,0.0,0.0,0,2.7765913009643555,6.5,grid
0.0,nan,1943,,,,,,,,,0.076492540538311,,,nan,,,,nan,nan,1.4536000490188599,,,,1.0,141,1,0,-1,,,,,,,64,,,1.6749072528909892e-05,5.8873254602076486e-05,nan,0.00015852125943638384,-1,STEP_UP,nan,0.0,0.0,0,3.104656219482422,7.26800012588501,grid
0.0,nan,1944,,,,,,,,,0.12638212740421295,,,nan,,,,nan,nan,1.7860000133514404,,,,1.0,141,1,0,-1,,,,,,,64,,,1.4706167348776944e-05,5.485961810336448e-05,nan,9.219835192197934e-05,101,STEP_UP,nan,0.0,0.0,0,3.8146090507507324,8.930000305175781,grid
0.0,nan,1945,,,,,,,,,0.04463319852948189,,,nan,,,,nan,nan,2.1942999362945557,,,,1.0,101,1,0,-1,,,,,,,64,,,1.9759834685828537e-05,1.9759834685828537e-05,nan,8.206876373151317e-05,101,STEP_UP,nan,0.0,0.0,0,4.686672210693359,10.971500396728516,grid
0.0,nan,1946,,,,,,,,,nan,,,nan,,,,nan,nan,2.6958999633789062,,,,1.0,71,0,0,-1,,,,,,,64,,,1.428667746949941e-05,nan,nan,3.931064929929562e-05,-1,STEP_UP,nan,0.0,0.0,0,5.758009433746338,13.479499816894531,grid
0.0,nan,1947,,,,,,,,,nan,,,nan,,,,nan,nan,3.312299966812134,,,,1.0,61,0,0,-1,,,,,,,64,,,1.9111039364361204e-05,nan,nan,3.483465843601152e-05,-1,STEP_UP,nan,0.0,0.0,0,7.074540615081787,16.561500549316406,grid
0.0,nan,1948,,,,,,,,,nan,,,nan,,,,nan,nan,4.0696001052856445,,,,1.0,71,0,0,-1,,,,,,,64,,,9.734142622619402e-06,nan,nan,1.1753868420782965e-05,-1,STEP_UP,nan,0.0,0.0,0,8.692011833190918,20.347999572753906,grid
0.0,nan,1949,,,,,,,,,nan,,,nan,,,,nan,nan,5.0,,,,1.0,81,0,0,-1,,,,,,,64,,,1.5569677998428233e-05,nan,nan,1.2454496754799038e-05,-1,STEP_UP,nan,0.0,0.0,0,10.679197311401367,25.0,grid
0.0,0.1648718585954523,1950,,,,,,,,,3.518005847930908,,,2.587249994277954,,,,nan,0.7435920989843084,0.10000000149011612,,,,3.0,1001,19,0,-1,,,,,,,65,,,0.011720280162990093,0.011720280162990093,0.009853154420852661,23.438217163085938,-1,STEP_UP,0.008620387857610604,0.498199999332428,0.996399998664856,1,0.21358393132686615,0.5,grid
0.0,0.05423054433722722,1951,,,,,,,,,1.9749027490615845,,,2.4728565216064453,,,,nan,0.6888532141108251,0.12290000170469284,,,,3.0,1001,19,0,-1,,,,,,,65,,,0.011522401124238968,0.011522401124238968,0.011294457130134106,15.255476951599121,-1,STEP_UP,0.0008545767177236219,0.5745000243186951,0.934906488603485,1,0.26249465346336365,0.6144999861717224,grid
0.0,-0.5517651671957536,1952,,,,,,,,,2.7995500564575195,,,2.869821071624756,,,,53101.780218457076,0.6560510158978845,0.1509999930858612,,,,3.0,1001,19,0,-1,,,,,,,65,,,0.01195089053362608,0.01195089053362608,0.011370345018804073,10.481729507446289,-1,STEP_UP,-0.005328845977783055,0.6514999866485596,0.8629138950506671,1,0.3225117325782776,0.7549999952316284,grid
0.0,0.6654609058917406,1953,,,,,,,,,1.7932817935943604,,,1.199873447418213,,,,91382.87240326368,0.6205861517084916,0.18549999594688416,,,,3.0,1001,19,0,-1,,,,,,,65,,,0.013055572286248207,0.013055572286248207,0.013055572286248207,7.587429046630859,-1,STEP_UP,-0.00311430367556476,0.7815999984741211,0.8426954074798398,1,0.39619821310043335,0.9275000095367432,grid
0.0,-0.04474207717276191,1954,,,,,,,,,1.6290380954742432,,,2.0451459884643555,,,,127672.53846930487,0.6588757552078321,0.22789999842643738,,,,3.0,1001,19,0,-1,,,,,,,65,,,0.01396174170076847,0.01396174170076847,0.013423328287899494,5.375730991363525,-1,STEP_UP,-0.0022451053966174635,1.0670000314712524,0.9363756129287519,1,0.4867577850818634,1.1395000219345093,grid
0.0,-0.5512111006941016,1955,,,,,,,,,2.4490959644317627,,,2.2346086502075195,,,,nan,0.5668834444409029,0.30000001192092896,,,,3.0,1001,19,0,-1,,,,,,,65,,,0.013647716492414474,0.013647716492414474,0.013304049149155617,3.032522439956665,-1,STEP_UP,0.0007894234223801048,1.2319999933242798,0.8213333288828532,1,0.640751838684082,1.5,grid
0.0,0.8223346590968376,1956,,,,,,,,,0.6544402837753296,,,0.7409486770629883,,,,nan,0.5152002517287172,0.3499999940395355,,,,3.0,1001,19,0,-1,,,,,,,65,,,0.012795435264706612,0.012795435264706612,0.011356527917087078,2.088841676712036,-1,STEP_UP,0.005794334411621245,1.343999981880188,0.7679999896458217,1,0.7475438117980957,1.75,grid
0.0,0.2209870081110995,1957,,,,,,,,,0.9262580871582031,,,1.148160457611084,,,,nan,0.48300118243291906,0.4000000059604645,,,,3.0,1001,19,0,-1,,,,,,,65,,,0.011165364645421505,0.011165364645421505,0.010109858587384224,1.3955309391021729,-1,STEP_UP,0.006572445956143571,1.4129999876022339,0.7064999938011169,1,0.8543357253074646,2.0,grid
0.0,0.05807591561823151,1958,,,,,,,,,1.976196050643921,,,1.6029458045959473,,,,142843.4140261572,0.5102743213689973,0.44999998807907104,,,,3.0,1001,19,0,-1,,,,,,,65,,,0.010244116187095642,0.010244116187095642,0.009752743877470493,1.0116634368896484,-1,STEP_UP,-0.001910179311578861,1.7869999408721924,0.7942221959431967,1,0.9611276984214783,2.25,grid
0.0,0.9168496718003456,1959,,,,,,,,,0.20022940635681152,,,0.23890343308448792,,,,368756.5406650736,0.28361984060855633,0.5,,,,3.0,1001,19,0,-1,,,,,,,65,,,0.008962923660874367,0.008962923660874367,0.008945388719439507,0.7169621586799622,-1,STEP_UP,-0.0007209734483197721,1.187000036239624,0.47480001449584963,1,1.0679197311401367,2.5,grid
0.0,0.6280813961763577,1960,,,,,,,,,0.8877596259117126,,,0.7713243365287781,,,,nan,0.3926169018055219,0.550000011920929,,,,3.0,1001,19,0,-1,,,,,,,65,,,0.007731669116765261,0.007731669116765261,0.007607870735228062,0.51113361120224,-1,STEP_UP,0.0005068475549871984,1.6480000019073486,0.5992727279663086,1,1.1747117042541504,2.75,grid
0.0,-0.22823266660208508,1961,,,,,,,,,1.030514121055603,,,1.1451318264007568,,,,nan,0.33610889671041805,0.6000000238418579,,,,3.0,1001,19,0,-1,,,,,,,65,,,0.006466998718678951,0.006466998718678951,0.0051606204360723495,0.359241783618927,-1,STEP_UP,0.013992621681907109,1.5420000553131104,0.5140000184377035,1,1.281503677368164,3.0,grid
0.0,nan,1962,,,,,,,,,0.030725181102752686,,,nan,,,,nan,nan,0.800000011920929,,,,3.0,311,5,0,-1,,,,,,,65,,,1.803069972083904e-05,2.038358070421964e-05,nan,0.0005634030676446855,-1,STEP_UP,nan,0.0,0.0,0,1.7086714506149292,4.0,grid
0.0,nan,1963,,,,,,,,,0.039256952702999115,,,nan,,,,nan,nan,0.8500000238418579,,,,3.0,251,4,0,-1,,,,,,,65,,,1.7161366486107e-05,1.7161366486107e-05,nan,0.00047500760410912335,-1,STEP_UP,nan,0.0,0.0,0,1.8154634237289429,4.25,grid
0.0,nan,1964,,,,,,,,,0.07132285088300705,,,nan,,,,nan,nan,0.8999999761581421,,,,3.0,221,3,0,-1,,,,,,,65,,,1.666511525399983e-05,2.6374847948318347e-05,nan,0.0004114431794732809,-1,STEP_UP,nan,0.0,0.0,0,1.9222553968429565,4.5,grid
0.0,nan,1965,,,,,,,,,0.07466413080692291,,,nan,,,,nan,nan,0.949999988079071,,,,3.0,201,3,0,-1,,,,,,,65,,,1.8238217307953164e-05,1.8238217307953164e-05,nan,0.0004041306092403829,-1,STEP_UP,nan,0.0,0.0,0,2.0290474891662598,4.75,grid
0.0,nan,1966,,,,,,,,,0.07613011449575424,,,nan,,,,nan,nan,1.0,,,,3.0,201,3,0,-1,,,,,,,65,,,1.5269790310412645e-05,1.5269790310412645e-05,nan,0.0003053652762901038,201,STEP_UP,nan,0.0,0.0,0,2.1358394622802734,5.0,grid
0.0,nan,1967,,,,,,,,,0.15059669315814972,,,nan,,,,nan,nan,1.0499999523162842,,,,3.0,191,2,0,-1,,,,,,,65,,,1.8469279893906787e-05,6.506581848952919e-05,nan,0.0003350101178511977,-1,STEP_UP,nan,0.0,0.0,0,2.242631435394287,5.25,grid
0.0,nan,1968,,,,,,,,,0.15101386606693268,,,nan,,,,nan,nan,1.100000023841858,,,,3.0,191,2,0,-1,,,,,,,65,,,1.8239848941448145e-05,6.233595195226371e-05,nan,0.00030145494383759797,-1,STEP_UP,nan,0.0,0.0,0,2.349423408508301,5.5,grid
0.0,nan,1969,,,,,,,,,0.07014457136392593,,,nan,,,,nan,nan,1.149999976158142,,,,3.0,201,3,0,-1,,,,,,,65,,,1.3890056834497955e-05,1.3890056834497955e-05,nan,0.00021003656729590148,201,STEP_UP,nan,0.0,0.0,0,2.4562153816223145,5.75,grid
0.0,nan,1970,,,,,,,,,0.06576499342918396,,,nan,,,,nan,nan,1.2000000476837158,,,,3.0,201,3,0,-1,,,,,,,65,,,1.598566450411454e-05,1.598566450411454e-05,nan,0.00022200091916602105,201,STEP_UP,nan,0.0,0.0,0,2.563007354736328,6.0,grid
0.0,nan,1971,,,,,,,,,0.06828465312719345,,,nan,,,,nan,nan,1.25,,,,3.0,201,3,0,-1,,,,,,,65,,,1.8128408555639908e-05,1.8128408555639908e-05,nan,0.00023202042211778462,201,STEP_UP,nan,0.0,0.0,0,2.669799327850342,6.25,grid
0.0,nan,1972,,,,,,,,,0.07243786752223969,,,nan,,,,nan,nan,1.2999999523162842,,,,3.0,201,3,0,-1,,,,,,,65,,,1.874518784461543e-05,1.874518784461543e-05,nan,0.00022181436361279339,201,STEP_UP,nan,0.0,0.0,0,2.7765913009643555,6.5,grid
0.0,nan,1973,,,,,,,,,0.10021980851888657,,,nan,,,,nan,nan,1.4536000490188599,,,,3.0,191,2,0,-1,,,,,,,65,,,1.6353280443581752e-05,3.768776878132485e-05,nan,0.00015477529086638242,151,STEP_UP,nan,0.0,0.0,0,3.104656219482422,7.26800012588501,grid
0.0,nan,1974,,,,,,,,,0.0450030155479908,,,nan,,,,nan,nan,1.7860000133514404,,,,3.0,171,2,0,-1,,,,,,,65,,,1.7330594346276484e-05,3.29814174619969e-05,nan,0.00010865183867281303,151,STEP_UP,nan,0.0,0.0,0,3.8146090507507324,8.930000305175781,grid
0.0,nan,1975,,,,,,,,,0.0606335774064064,,,nan,,,,nan,nan,2.1942999362945557,,,,3.0,171,2,0,-1,,,,,,,65,,,1.9827937649097294e-05,3.3330183214275166e-05,nan,8.235160930780694e-05,101,STEP_UP,nan,0.0,0.0,0,4.686672210693359,10.971500396728516,grid
0.0,nan,1976,,,,,,,,,nan,,,nan,,,,nan,nan,2.6958999633789062,,,,3.0,71,0,0,-1,,,,,,,65,,,1.6657799278618768e-05,nan,nan,4.583493500831537e-05,-1,STEP_UP,nan,0.0,0.0,0,5.758009433746338,13.479499816894531,grid
0.0,nan,1977,,,,,,,,,nan,,,nan,,,,nan,nan,3.312299966812134,,,,3.0,71,0,0,-1,,,,,,,65,,,1.0551470040809363e-05,nan,nan,1.9232697013649158e-05,-1,STEP_UP,nan,0.0,0.0,0,7.074540615081787,16.561500549316406,grid
0.0,nan,1978,,,,,,,,,nan,,,nan,,,,nan,nan,4.0696001052856445,,,,3.0,71,0,0,-1,,,,,,,65,,,1.0226257472822908e-05,nan,nan,1.2348091331659816e-05,-1,STEP_UP,nan,0.0,0.0,0,8.692011833190918,20.347999572753906,grid
0.0,nan,1979,,,,,,,,,nan,,,nan,,,,nan,nan,5.0,,,,3.0,81,0,0,-1,,,,,,,65,,,1.297478775086347e-05,nan,nan,1.0378791557741351e-05,-1,STEP_UP,nan,0.0,0.0,0,10.679197311401367,25.0,grid
100.0,0.03198029396261492,1980,,,,,,,,,3.1278765201568604,,,3.0023751258850098,,,,nan,0.45283982056798155,0.10000000149011612,,,,0.3,1001,19,0,-1,,,,,,,66,,,5.10699646838475e-05,5.10699646838475e-05,4.110175359528512e-05,0.10212971270084381,-1,STEP_UP,0.008332148465243496,0.3522999882698059,0.7045999765396118,1,0.21358393132686615,0.5,grid
100.0,0.07971976293712842,1981,,,,,,,,,1.5967713594436646,,,1.5967713594436646,,,,901.5589379946931,0.1629438739283851,0.12290000170469284,,,,0.3,821,15,0,-1,,,,,,,66,,,1.9929895643144846e-05,2.1577552615781315e-05,2.0154711819486693e-05,0.026386868208646774,-1,STEP_UP,-0.03278875350952128,0.0,0.0,0,0.26249465346336365,0.6144999861717224,grid
100.0,0.3061452055160012,1982,,,,,,,,,1.7817128896713257,,,1.796759009361267,,,,761.1948022145954,0.22003560656671245,0.1509999930858612,,,,0.3,761,14,0,-1,,,,,,,66,,,1.4643100257671904e-05,2.0421730368980207e-05,2.0421730368980207e-05,0.012842976488173008,-1,STEP_UP,-0.08889288221086766,0.0,0.0,0,0.3225117325782776,0.7549999952316284,grid
100.0,0.42711806313153367,1983,,,,,,,,,1.5072969198226929,,,1.4969643354415894,,,,657.6823973068629,0.1897451768286284,0.18549999594688416,,,,0.3,801,15,0,-1,,,,,,,66,,,1.5852510841796175e-05,1.5852510841796175e-05,1.5852510841796175e-05,0.009212909266352654,-1,STEP_UP,-0.07042537416730588,0.0,0.0,0,0.39619821310043335,0.9275000095367432,grid
100.0,nan,1984,,,,,,,,,0.7130022048950195,,,nan,,,,nan,nan,0.22789999842643738,,,,0.3,261,4,0,-1,,,,,,,66,,,1.926153345266357e-05,2.559626955189742e-05,nan,0.007416325155645609,-1,STEP_UP,nan,0.0,0.0,0,0.4867577850818634,1.1395000219345093,grid
100.0,nan,1985,,,,,,,,,0.771290123462677,,,nan,,,,nan,nan,0.30000001192092896,,,,0.3,171,2,0,-1,,,,,,,66,,,1.5399489711853676e-05,2.112758556904737e-05,nan,0.003421766683459282,-1,STEP_UP,nan,0.0,0.0,0,0.640751838684082,1.5,grid
100.0,nan,1986,,,,,,,,,0.46407586336135864,,,nan,,,,nan,nan,0.3499999940395355,,,,0.3,141,1,0,-1,,,,,,,66,,,1.9513494407874532e-05,3.6740566429216415e-05,nan,0.003185558132827282,-1,STEP_UP,nan,0.0,0.0,0,0.7475438117980957,1.75,grid
100.0,nan,1987,,,,,,,,,0.25343286991119385,,,nan,,,,nan,nan,0.4000000059604645,,,,0.3,161,2,0,-1,,,,,,,66,,,1.800330755941104e-05,2.0031928215757944e-05,nan,0.0022501882631331682,-1,STEP_UP,nan,0.0,0.0,0,0.8543357253074646,2.0,grid
100.0,nan,1988,,,,,,,,,0.25586146116256714,,,nan,,,,nan,nan,0.44999998807907104,,,,0.3,131,1,0,-1,,,,,,,66,,,1.8964730770676397e-05,2.853670775948558e-05,nan,0.001872872468084097,-1,STEP_UP,nan,0.0,0.0,0,0.9611276984214783,2.25,grid
100.0,nan,1989,,,,,,,,,0.22171230614185333,,,nan,,,,nan,nan,0.5,,,,0.3,111,1,0,-1,,,,,,,66,,,1.825041908887215e-05,2.1885476598981768e-05,nan,0.00145988748408854,-1,STEP_UP,nan,0.0,0.0,0,1.0679197311401367,2.5,grid
100.0,nan,1990,,,,,,,,,0.20057366788387299,,,nan,,,,nan,nan,0.550000011920929,,,,0.3,101,1,0,-1,,,,,,,66,,,1.7075848518288694e-05,1.7075848518288694e-05,nan,0.0011288688983768225,-1,STEP_UP,nan,0.0,0.0,0,1.1747117042541504,2.75,grid
100.0,nan,1991,,,,,,,,,nan,,,nan,,,,nan,nan,0.6000000238418579,,,,0.3,91,0,0,-1,,,,,,,66,,,1.7355388990836218e-05,nan,nan,0.0009640918578952551,-1,STEP_UP,nan,0.0,0.0,0,1.281503677368164,3.0,grid
100.0,nan,1992,,,,,,,,,nan,,,nan,,,,nan,nan,0.800000011920929,,,,0.3,81,0,0,-1,,,,,,,66,,,1.429326493962435e-05,nan,nan,0.0004466198442969471,-1,STEP_UP,nan,0.0,0.0,0,1.7086714506149292,4.0,grid
100.0,nan,1993,,,,,,,,,nan,,,nan,,,,nan,nan,0.8500000238418579,,,,0.3,81,0,0,-1,,,,,,,66,,,1.3681782547791954e-05,nan,nan,0.0003786965971812606,-1,STEP_UP,nan,0.0,0.0,0,1.8154634237289429,4.25,grid
100.0,nan,1994,,,,,,,,,nan,,,nan,,,,nan,nan,0.8999999761581421,,,,0.3,71,0,0,-1,,,,,,,66,,,1.8899825590779074e-05,nan,nan,0.0004666157183237374,-1,STEP_UP,nan,0.0,0.0,0,1.9222553968429565,4.5,grid
100.0,nan,1995,,,,,,,,,nan,,,nan,,,,nan,nan,0.949999988079071,,,,0.3,71,0,0,-1,,,,,,,66,,,1.7499218301963992e-05,nan,nan,0.0003877555427607149,-1,STEP_UP,nan,0.0,0.0,0,2.0290474891662598,4.75,grid
100.0,nan,1996,,,,,,,,,nan,,,nan,,,,nan,nan,1.0,,,,0.3,71,0,0,-1,,,,,,,66,,,1.676401006989181e-05,nan,nan,0.0003352467028889805,-1,STEP_UP,nan,0.0,0.0,0,2.1358394622802734,5.0,grid
100.0,nan,1997,,,,,,,,,nan,,,nan,,,,nan,nan,1.0499999523162842,,,,0.3,71,0,0,-1,,,,,,,66,,,1.668819459155202e-05,nan,nan,0.00030270343995653093,-1,STEP_UP,nan,0.0,0.0,0,2.242631435394287,5.25,grid
100.0,nan,1998,,,,,,,,,nan,,,nan,,,,nan,nan,1.100000023841858,,,,0.3,71,0,0,-1,,,,,,,66,,,1.690986755420454e-05,nan,nan,0.0002794740139506757,-1,STEP_UP,nan,0.0,0.0,0,2.349423408508301,5.5,grid
100.0,nan,1999,,,,,,,,,nan,,,nan,,,,nan,nan,1.149999976158142,,,,0.3,71,0,0,-1,,,,,,,66,,,1.696866274869535e-05,nan,nan,0.0002565892646089196,-1,STEP_UP,nan,0.0,0.0,0,2.4562153816223145,5.75,grid
100.0,nan,2000,,,,,,,,,nan,,,nan,,,,nan,nan,1.2000000476837158,,,,0.3,71,0,0,-1,,,,,,,66,,,1.660484485910274e-05,nan,nan,0.00023059977684170008,-1,STEP_UP,nan,0.0,0.0,0,2.563007354736328,6.0,grid
100.0,nan,2001,,,,,,,,,nan,,,nan,,,,nan,nan,1.25,,,,0.3,71,0,0,-1,,,,,,,66,,,1.5775563952047378e-05,nan,nan,0.0002019070234382525,-1,STEP_UP,nan,0.0,0.0,0,2.669799327850342,6.25,grid
100.0,nan,2002,,,,,,,,,nan,,,nan,,,,nan,nan,1.2999999523162842,,,,0.3,71,0,0,-1,,,,,,,66,,,1.4565198398486245e-05,nan,nan,0.00017235198174603283,-1,STEP_UP,nan,0.0,0.0,0,2.7765913009643555,6.5,grid
100.0,nan,2003,,,,,,,,,nan,,,nan,,,,nan,nan,1.4536000490188599,,,,0.3,61,0,0,-1,,,,,,,66,,,1.5528681615251116e-05,nan,nan,0.00014697089500259608,-1,STEP_UP,nan,0.0,0.0,0,3.104656219482422,7.26800012588501,grid
100.0,nan,2004,,,,,,,,,nan,,,nan,,,,nan,nan,1.7860000133514404,,,,0.3,61,0,0,-1,,,,,,,66,,,1.1350569366186392e-05,nan,nan,7.116088090697303e-05,-1,STEP_UP,nan,0.0,0.0,0,3.8146090507507324,8.930000305175781,grid
100.0,nan,2005,,,,,,,,,nan,,,nan,,,,nan,nan,2.1942999362945557,,,,0.3,51,0,0,-1,,,,,,,66,,,1.6664298527757637e-05,nan,nan,6.921203748788685e-05,-1,STEP_UP,nan,0.0,0.0,0,4.686672210693359,10.971500396728516,grid
100.0,nan,2006,,,,,,,,,nan,,,nan,,,,nan,nan,2.6958999633789062,,,,0.3,51,0,0,-1,,,,,,,66,,,1.5440713468706235e-05,nan,nan,4.2486051825108007e-05,-1,STEP_UP,nan,0.0,0.0,0,5.758009433746338,13.479499816894531,grid
100.0,nan,2007,,,,,,,,,nan,,,nan,,,,nan,nan,3.312299966812134,,,,0.3,61,0,0,-1,,,,,,,66,,,1.6730231436667964e-05,nan,nan,3.0495039027300663e-05,-1,STEP_UP,nan,0.0,0.0,0,7.074540615081787,16.561500549316406,grid
100.0,nan,2008,,,,,,,,,nan,,,nan,,,,nan,nan,4.0696001052856445,,,,0.3,81,0,0,-1,,,,,,,66,,,1.74267370312009e-05,nan,nan,2.1042589651187882e-05,-1,STEP_UP,nan,0.0,0.0,0,8.692011833190918,20.347999572753906,grid
100.0,nan,2009,,,,,,,,,0.0004653167852666229,,,nan,,,,nan,nan,5.0,,,,0.3,111,1,0,-1,,,,,,,66,,,1.56338355736807e-05,2.4106471755658276e-05,nan,1.2505817721830681e-05,101,STEP_UP,nan,0.0,0.0,0,10.679197311401367,25.0,grid
100.0,0.6853683298406446,2010,,,,,,,,,2.616554021835327,,,2.758453369140625,,,,13525.020695542771,0.33997749284065787,0.10000000149011612,,,,1.0,1001,19,0,-1,,,,,,,67,,,0.006319690495729446,0.006319690495729446,0.006319690495729446,12.638117790222168,-1,STEP_UP,-0.019958972930908023,0.2354000061750412,0.4708000123500824,1,0.21358393132686615,0.5,grid
100.0,0.20243885152711308,2011,,,,,,,,,1.1630192995071411,,,1.693331241607666,,,,21449.538356258574,0.42132292441541574,0.12290000170469284,,,,1.0,1001,19,0,-1,,,,,,,67,,,0.007049001287668943,0.007049001287668943,0.006642848718911409,9.33276653289795,-1,STEP_UP,-0.012456135316328497,0.39430001378059387,0.6416599229514165,1,0.26249465346336365,0.6144999861717224,grid
100.0,-0.26037079121429485,2012,,,,,,,,,1.7707648277282715,,,1.7707648277282715,,,,63841.502293942634,0.3516122478696794,0.1509999930858612,,,,1.0,1001,19,0,-1,,,,,,,67,,,0.007313034031540155,0.007313034031540155,0.006982394959777594,6.414019584655762,-1,STEP_UP,-0.004078687321055872,0.3564999997615814,0.4721854331299828,1,0.3225117325782776,0.7549999952316284,grid
100.0,0.4669109964043903,2013,,,,,,,,,1.3410248756408691,,,1.3100448846817017,,,,nan,0.3758642416907279,0.18549999594688416,,,,1.0,1001,19,0,-1,,,,,,,67,,,0.010338975116610527,0.010338975116610527,0.0064525059424340725,6.008640766143799,-1,STEP_UP,0.027345349571921737,0.4530999958515167,0.488517510719839,1,0.39619821310043335,0.9275000095367432,grid
100.0,0.28947205119847386,2014,,,,,,,,,1.0263315439224243,,,1.160082221031189,,,,nan,0.36021576528217253,0.22789999842643738,,,,1.0,1001,19,0,-1,,,,,,,67,,,0.010182475671172142,0.010182475671172142,0.008869812823832035,3.920588731765747,-1,STEP_UP,0.010003005374561696,0.5379999876022339,0.4721368821817842,1,0.4867577850818634,1.1395000219345093,grid
100.0,-0.40526409574257677,2015,,,,,,,,,1.509027123451233,,,1.5005265474319458,,,,nan,0.3181282898957564,0.30000001192092896,,,,1.0,1001,19,0,-1,,,,,,,67,,,0.00973452813923359,0.00973452813923359,0.007855885662138462,2.1630122661590576,-1,STEP_UP,0.007258566943082098,0.6708999872207642,0.4472666581471761,1,0.640751838684082,1.5,grid
100.0,0.3853086163096757,2016,,,,,,,,,0.3080503046512604,,,0.6189212799072266,,,,41702.823600116964,0.29440378688297403,0.3499999940395355,,,,1.0,1001,19,0,-1,,,,,,,67,,,0.009098721668124199,0.009098721668124199,0.008185975253582,1.4853569269180298,-1,STEP_UP,-0.0065302978862414795,0.7106000185012817,0.4060571534293039,1,0.7475438117980957,1.75,grid
100.0,-0.9464694746911029,2017,,,,,,,,,1.6639732122421265,,,1.8560367822647095,,,,100745.66809329,0.3519624370043666,0.4000000059604645,,,,1.0,1001,19,0,-1,,,,,,,67,,,0.009070463478565216,0.009070463478565216,0.008845924399793148,1.1336945295333862,-1,STEP_UP,-0.002663399956443084,1.027999997138977,0.5139999985694885,1,0.8543357253074646,2.0,grid
100.0,0.2132832365280084,2018,,,,,,,,,1.0190016031265259,,,0.9970518946647644,,,,nan,0.29977450544947326,0.44999998807907104,,,,1.0,1001,19,0,-1,,,,,,,67,,,0.007609792985022068,0.007609792985022068,0.00755889480933547,0.7515093684196472,-1,STEP_UP,0.0006632978265936375,0.9771999716758728,0.43431109852261013,1,0.9611276984214783,2.25,grid
100.0,0.5791651649552285,2019,,,,,,,,,0.002044200897216797,,,0.00250415806658566,,,,nan,0.005422133770799174,0.5,,,,1.0,1001,19,1,-1,,,,,,,67,,,0.006329089403152466,0.006329089403152466,0.0061186570674180984,0.506276547908783,-1,STEP_UP,0.002051756598732895,0.020819999277591705,0.008327999711036682,1,1.0679197311401367,2.5,grid
100.0,0.3526383296615699,2020,,,,,,,,,0.6113576889038086,,,0.5721407532691956,,,,nan,0.17980931535908215,0.550000011920929,,,,1.0,1001,19,0,-1,,,,,,,67,,,0.004902247805148363,0.004902247805148363,0.0038981337565928698,0.324083149433136,-1,STEP_UP,0.016124786030162527,0.7189000248908997,0.26141819086941803,1,1.1747117042541504,2.75,grid
100.0,-0.7031196858188068,2021,,,,,,,,,0.573517382144928,,,0.4833158552646637,,,,nan,0.09098211257367483,0.6000000238418579,,,,1.0,1001,19,0,-1,,,,,,,67,,,0.003052331041544676,0.003052331041544676,0.0014844642719253898,0.16955699026584625,-1,STEP_UP,0.061627765135331844,0.4041999876499176,0.1347333292166392,1,1.281503677368164,3.0,grid
100.0,nan,2022,,,,,,,,,0.002109318971633911,,,nan,,,,nan,nan,0.800000011920929,,,,1.0,351,6,0,-1,,,,,,,67,,,1.9075827367487364e-05,1.9075827367487364e-05,nan,0.0005960600101388991,-1,STEP_UP,nan,0.0,0.0,0,1.7086714506149292,4.0,grid
100.0,nan,2023,,,,,,,,,0.004769830033183098,,,nan,,,,nan,nan,0.8500000238418579,,,,1.0,271,4,0,-1,,,,,,,67,,,1.9124563550576568e-05,2.3924332708702423e-05,nan,0.0005293467547744513,-1,STEP_UP,nan,0.0,0.0,0,1.8154634237289429,4.25,grid
100.0,nan,2024,,,,,,,,,0.012570911087095737,,,nan,,,,nan,nan,0.8999999761581421,,,,1.0,221,3,0,-1,,,,,,,67,,,1.9293265722808428e-05,2.5939953047782183e-05,nan,0.000476329296361655,-1,STEP_UP,nan,0.0,0.0,0,1.9222553968429565,4.5,grid
100.0,nan,2025,,,,,,,,,0.008975079283118248,,,nan,,,,nan,nan,0.949999988079071,,,,1.0,201,3,0,-1,,,,,,,67,,,1.6688221876393072e-05,1.6688221876393072e-05,nan,0.0003697850916069001,201,STEP_UP,nan,0.0,0.0,0,2.0290474891662598,4.75,grid
100.0,nan,2026,,,,,,,,,0.02774963341653347,,,nan,,,,nan,nan,1.0,,,,1.0,181,2,0,-1,,,,,,,67,,,1.7497146473033354e-05,3.374484003870748e-05,nan,0.00034990793210454285,-1,STEP_UP,nan,0.0,0.0,0,2.1358394622802734,5.0,grid
100.0,nan,2027,,,,,,,,,0.021550633013248444,,,nan,,,,nan,nan,1.0499999523162842,,,,1.0,171,2,0,-1,,,,,,,67,,,1.612989217392169e-05,2.6117033485206775e-05,nan,0.0002925765002146363,-1,STEP_UP,nan,0.0,0.0,0,2.242631435394287,5.25,grid
100.0,nan,2028,,,,,,,,,0.015710918232798576,,,nan,,,,nan,nan,1.100000023841858,,,,1.0,161,2,0,-1,,,,,,,67,,,1.5947643987601623e-05,2.0476136342040263e-05,nan,0.00026357106980867684,151,STEP_UP,nan,0.0,0.0,0,2.349423408508301,5.5,grid
100.0,nan,2029,,,,,,,,,0.015512963756918907,,,nan,,,,nan,nan,1.149999976158142,,,,1.0,151,2,0,-1,,,,,,,67,,,1.7093176211346872e-05,1.7093176211346872e-05,nan,0.0002584720787126571,151,STEP_UP,nan,0.0,0.0,0,2.4562153816223145,5.75,grid
100.0,nan,2030,,,,,,,,,0.07956552505493164,,,nan,,,,nan,nan,1.2000000476837158,,,,1.0,141,1,0,-1,,,,,,,67,,,1.907732803374529e-05,5.9044039517175406e-05,nan,0.00026493638870306313,-1,STEP_UP,nan,0.0,0.0,0,2.563007354736328,6.0,grid
100.0,nan,2031,,,,,,,,,0.07201781868934631,,,nan,,,,nan,nan,1.25,,,,1.0,141,1,0,-1,,,,,,,67,,,1.5979374438757077e-05,5.3537201893050224e-05,nan,0.0002045155270025134,-1,STEP_UP,nan,0.0,0.0,0,2.669799327850342,6.25,grid
100.0,nan,2032,,,,,,,,,0.06691433489322662,,,nan,,,,nan,nan,1.2999999523162842,,,,1.0,141,1,0,-1,,,,,,,67,,,1.4485822248389013e-05,4.897596954833716e-05,nan,0.00017141269927378744,-1,STEP_UP,nan,0.0,0.0,0,2.7765913009643555,6.5,grid
100.0,nan,2033,,,,,,,,,0.06289001554250717,,,nan,,,,nan,nan,1.4536000490188599,,,,1.0,131,1,0,-1,,,,,,,67,,,1.5209949197014794e-05,4.320237349020317e-05,nan,0.00014395425387192518,-1,STEP_UP,nan,0.0,0.0,0,3.104656219482422,7.26800012588501,grid
100.0,nan,2034,,,,,,,,,0.08647241443395615,,,nan,,,,nan,nan,1.7860000133514404,,,,1.0,131,1,0,-1,,,,,,,67,,,1.411367702530697e-05,4.0015711419982836e-05,nan,8.848381548887119e-05,101,STEP_UP,nan,0.0,0.0,0,3.8146090507507324,8.930000305175781,grid
100.0,nan,2035,,,,,,,,,nan,,,nan,,,,nan,nan,2.1942999362945557,,,,1.0,91,0,0,-1,,,,,,,67,,,1.498503206676105e-05,nan,nan,6.223751552170143e-05,-1,STEP_UP,nan,0.0,0.0,0,4.686672210693359,10.971500396728516,grid
100.0,nan,2036,,,,,,,,,nan,,,nan,,,,nan,nan,2.6958999633789062,,,,1.0,71,0,0,-1,,,,,,,67,,,1.305541445617564e-05,nan,nan,3.592275606933981e-05,-1,STEP_UP,nan,0.0,0.0,0,5.758009433746338,13.479499816894531,grid
100.0,nan,2037,,,,,,,,,nan,,,nan,,,,nan,nan,3.312299966812134,,,,1.0,71,0,0,-1,,,,,,,67,,,9.680205039330758e-06,nan,nan,1.764459921105299e-05,-1,STEP_UP,nan,0.0,0.0,0,7.074540615081787,16.561500549316406,grid
100.0,nan,2038,,,,,,,,,nan,,,nan,,,,nan,nan,4.0696001052856445,,,,1.0,71,0,0,-1,,,,,,,67,,,1.1409280887164641e-05,nan,nan,1.3776578271063045e-05,-1,STEP_UP,nan,0.0,0.0,0,8.692011833190918,20.347999572753906,grid
100.0,nan,2039,,,,,,,,,nan,,,nan,,,,nan,nan,5.0,,,,1.0,81,0,0,-1,,,,,,,67,,,1.8561053366283886e-05,nan,nan,1.4847357306280173e-05,-1,STEP_UP,nan,0.0,0.0,0,10.679197311401367,25.0,grid
100.0,0.17001478403199233,2040,,,,,,,,,2.0853757858276367,,,2.0853757858276367,,,,nan,0.5565818951901352,0.10000000149011612,,,,3.0,1001,19,0,-1,,,,,,,68,,,0.010011667385697365,0.010011667385697365,0.009007532149553299,20.021333694458008,-1,STEP_UP,0.005793653834949878,0.3391000032424927,0.6782000064849854,1,0.21358393132686615,0.5,grid
100.0,-0.09903575837743815,2041,,,,,,,,,1.797370195388794,,,2.380120277404785,,,,nan,0.540408722413235,0.12290000170469284,,,,3.0,1001,19,0,-1,,,,,,,68,,,0.011321707628667355,0.011321707628667355,0.010204706341028214,14.989762306213379,-1,STEP_UP,0.0021626299077815735,0.4058000147342682,0.6603743268773111,1,0.26249465346336365,0.6144999861717224,grid
100.0,-0.3986544359858512,2042,,,,,,,,,2.2140543460845947,,,2.2140543460845947,,,,56845.09235477971,0.501272543524187,0.1509999930858612,,,,3.0,1001,19,0,-1,,,,,,,68,,,0.011360696516931057,0.011360696516931057,0.010538206435739994,9.964089393615723,-1,STEP_UP,-0.004932258345863845,0.46149998903274536,0.6112582674800687,1,0.3225117325782776,0.7549999952316284,grid
100.0,0.7726925903077009,2043,,,,,,,,,0.8103535771369934,,,0.8263112306594849,,,,nan,0.4761603748410235,0.18549999594688416,,,,3.0,1001,19,0,-1,,,,,,,68,,,0.012798815034329891,0.012798815034329891,0.011215219274163246,7.438210964202881,-1,STEP_UP,0.007214611226862213,0.5645999908447266,0.6087331375087817,1,0.39619821310043335,0.9275000095367432,grid
100.0,-0.3435595697435909,2044,,,,,,,,,3.1909544467926025,,,2.1975393295288086,,,,nan,0.4520016318128529,0.22789999842643738,,,,3.0,1001,19,0,-1,,,,,,,68,,,0.013725108467042446,0.013725108467042446,0.010912012308835983,5.284618854522705,-1,STEP_UP,0.006377094442194247,0.6690000295639038,0.5870996197333582,1,0.4867577850818634,1.1395000219345093,grid
100.0,-0.38009926146068557,2045,,,,,,,,,1.8693571090698242,,,1.8012231588363647,,,,nan,0.4145867031928914,0.30000001192092896,,,,3.0,1001,19,0,-1,,,,,,,68,,,0.012044673785567284,0.012044673785567284,0.011695222929120064,2.6763265132904053,-1,STEP_UP,0.0013880317861384955,0.8532000184059143,0.5688000122706095,1,0.640751838684082,1.5,grid
100.0,0.7825190922118986,2046,,,,,,,,,0.3103979527950287,,,0.3103979527950287,,,,nan,0.3115519197444177,0.3499999940395355,,,,3.0,1001,19,0,-1,,,,,,,68,,,0.011191507801413536,0.011191507801413536,0.010401894338428974,1.8270022869110107,-1,STEP_UP,0.0031179016286678285,0.7961000204086304,0.4549142973763602,1,0.7475438117980957,1.75,grid
100.0,-0.23162922964320096,2047,,,,,,,,,0.9284799098968506,,,1.7165093421936035,,,,17423.241682893808,0.39175140813862636,0.4000000059604645,,,,3.0,1001,19,0,-1,,,,,,,68,,,0.009434451349079609,0.009434451349079609,0.00903283804655075,1.1791884899139404,-1,STEP_UP,-0.016280887343666697,1.1230000257492065,0.5615000128746033,1,0.8543357253074646,2.0,grid
100.0,0.38703546336730377,2048,,,,,,,,,1.1902598142623901,,,1.0916141271591187,,,,1127183.146243235,0.41096096435811164,0.44999998807907104,,,,3.0,1001,19,0,-1,,,,,,,68,,,0.009525354020297527,0.009525354020297527,0.0093142781406641,0.9406815767288208,-1,STEP_UP,-0.00023778135126281902,1.3769999742507935,0.6119999885559082,1,0.9611276984214783,2.25,grid
100.0,0.9509412993456671,2049,,,,,,,,,0.07908253371715546,,,0.07091569900512695,,,,nan,0.09435781307231056,0.5,,,,3.0,1001,19,0,-1,,,,,,,68,,,0.008084653876721859,0.008084653876721859,0.007983907125890255,0.6467076539993286,-1,STEP_UP,0.0007958715612240038,0.39660000801086426,0.1586400032043457,1,1.0679197311401367,2.5,grid
100.0,0.3539861905961244,2050,,,,,,,,,1.0266140699386597,,,0.7836563587188721,,,,nan,0.2759177603772386,0.550000011920929,,,,3.0,1001,19,0,-1,,,,,,,68,,,0.006551316473633051,0.006551316473633051,0.006095236632972956,0.4331015944480896,-1,STEP_UP,0.004507541656494241,1.093999981880188,0.39781817522915924,1,1.1747117042541504,2.75,grid
100.0,-0.5508990398898131,2051,,,,,,,,,1.1305590867996216,,,0.8685288429260254,,,,nan,0.19926947698592753,0.6000000238418579,,,,3.0,1001,19,0,-1,,,,,,,68,,,0.005099470727145672,0.005099470727145672,0.003403388662263751,0.2832756042480469,-1,STEP_UP,0.03170798908580451,0.853600025177002,0.2845333417256673,1,1.281503677368164,3.0,grid
100.0,0.7326259275986517,2052,,,,,,,,,0.03732329607009888,,,0.03033965826034546,,,,nan,0.014911943286468483,0.800000011920929,,,,3.0,1001,19,0,-1,,,,,,,68,,,0.00036926541361026466,0.00036926541361026466,0.00021863463916815817,0.011538391001522541,-1,STEP_UP,0.04637840010903113,0.10199999809265137,0.025499999523162842,1,1.7086714506149292,4.0,grid
100.0,0.8779370720929874,2053,,,,,,,,,0.002639518119394779,,,0.0038453359156847,,,,1736.7714163546366,0.0026004458985671667,0.8500000238418579,,,,3.0,1001,19,1,-1,,,,,,,68,,,5.1870461902581155e-05,5.1870461902581155e-05,5.1870461902581155e-05,0.0014357169857248664,-1,STEP_UP,-0.05625253157182165,0.01648000068962574,0.0038776472210884094,1,1.8154634237289429,4.25,grid
100.0,nan,2054,,,,,,,,,0.008298899978399277,,,nan,,,,nan,nan,0.8999999761581421,,,,3.0,541,9,0,-1,,,,,,,68,,,1.980796514544636e-05,2.388337998127099e-05,nan,0.000489036669023335,-1,STEP_UP,nan,0.0,0.0,0,1.9222553968429565,4.5,grid
100.0,nan,2055,,,,,,,,,0.04385732486844063,,,nan,,,,nan,nan,0.949999988079071,,,,3.0,341,5,0,-1,,,,,,,68,,,1.8737777281785384e-05,2.7720219804905355e-05,nan,0.00041520007653161883,-1,STEP_UP,nan,0.0,0.0,0,2.0290474891662598,4.75,grid
100.0,nan,2056,,,,,,,,,0.04246578365564346,,,nan,,,,nan,nan,1.0,,,,3.0,271,4,0,-1,,,,,,,68,,,1.837256240833085e-05,2.2955227905185893e-05,nan,0.00036741449730470777,-1,STEP_UP,nan,0.0,0.0,0,2.1358394622802734,5.0,grid
100.0,nan,2057,,,,,,,,,0.061752624809741974,,,nan,,,,nan,nan,1.0499999523162842,,,,3.0,231,3,0,-1,,,,,,,68,,,1.6898666217457503e-05,2.6448933567735367e-05,nan,0.0003065211058128625,-1,STEP_UP,nan,0.0,0.0,0,2.242631435394287,5.25,grid
100.0,nan,2058,,,,,,,,,0.045037683099508286,,,nan,,,,nan,nan,1.100000023841858,,,,3.0,211,3,0,-1,,,,,,,68,,,1.706258990452625e-05,2.181976924475748e-05,nan,0.0002819980727508664,201,STEP_UP,nan,0.0,0.0,0,2.349423408508301,5.5,grid
100.0,nan,2059,,,,,,,,,0.09429293125867844,,,nan,,,,nan,nan,1.149999976158142,,,,3.0,191,2,0,-1,,,,,,,68,,,1.681429239397403e-05,3.893068787874654e-05,nan,0.0002542549918871373,-1,STEP_UP,nan,0.0,0.0,0,2.4562153816223145,5.75,grid
100.0,nan,2060,,,,,,,,,0.0997643992304802,,,nan,,,,nan,nan,1.2000000476837158,,,,3.0,181,2,0,-1,,,,,,,68,,,1.7277890947298147e-05,3.360742630320601e-05,nan,0.000239946719375439,-1,STEP_UP,nan,0.0,0.0,0,2.563007354736328,6.0,grid
100.0,nan,2061,,,,,,,,,0.10531236976385117,,,nan,,,,nan,nan,1.25,,,,3.0,171,2,0,-1,,,,,,,68,,,1.6122692613862455e-05,3.087249933741987e-05,nan,0.0002063498250208795,151,STEP_UP,nan,0.0,0.0,0,2.669799327850342,6.25,grid
100.0,nan,2062,,,,,,,,,0.07196249812841415,,,nan,,,,nan,nan,1.2999999523162842,,,,3.0,171,2,0,-1,,,,,,,68,,,1.446655278414255e-05,2.4109600417432375e-05,nan,0.00017118468531407416,151,STEP_UP,nan,0.0,0.0,0,2.7765913009643555,6.5,grid
100.0,nan,2063,,,,,,,,,0.031725481152534485,,,nan,,,,nan,nan,1.4536000490188599,,,,3.0,151,2,0,-1,,,,,,,68,,,1.6058655091910623e-05,1.6058655091910623e-05,nan,0.00015198680921457708,151,STEP_UP,nan,0.0,0.0,0,3.104656219482422,7.26800012588501,grid
100.0,nan,2064,,,,,,,,,0.1372455358505249,,,nan,,,,nan,nan,1.7860000133514404,,,,3.0,141,1,0,-1,,,,,,,68,,,1.8055519831250422e-05,6.37693447060883e-05,nan,0.00011319667100906372,101,STEP_UP,nan,0.0,0.0,0,3.8146090507507324,8.930000305175781,grid
100.0,nan,2065,,,,,,,,,0.045943647623062134,,,nan,,,,nan,nan,2.1942999362945557,,,,3.0,111,1,0,-1,,,,,,,68,,,1.7364791347063147e-05,2.3568385586258955e-05,nan,7.212139462353662e-05,101,STEP_UP,nan,0.0,0.0,0,4.686672210693359,10.971500396728516,grid
100.0,nan,2066,,,,,,,,,nan,,,nan,,,,nan,nan,2.6958999633789062,,,,3.0,71,0,0,-1,,,,,,,68,,,1.4771303540328518e-05,nan,nan,4.064413224114105e-05,-1,STEP_UP,nan,0.0,0.0,0,5.758009433746338,13.479499816894531,grid
100.0,nan,2067,,,,,,,,,nan,,,nan,,,,nan,nan,3.312299966812134,,,,3.0,71,0,0,-1,,,,,,,68,,,1.1089212421211414e-05,nan,nan,2.021286854869686e-05,-1,STEP_UP,nan,0.0,0.0,0,7.074540615081787,16.561500549316406,grid
100.0,nan,2068,,,,,,,,,nan,,,nan,,,,nan,nan,4.0696001052856445,,,,3.0,71,0,0,-1,,,,,,,68,,,1.135876118496526e-05,nan,nan,1.371557664242573e-05,-1,STEP_UP,nan,0.0,0.0,0,8.692011833190918,20.347999572753906,grid
100.0,nan,2069,,,,,,,,,nan,,,nan,,,,nan,nan,5.0,,,,3.0,81,0,0,-1,,,,,,,68,,,1.3996647794556338e-05,nan,nan,1.1196198101970367e-05,-1,STEP_UP,nan,0.0,0.0,0,10.679197311401367,25.0,grid
250.0,-0.09859235300912995,2070,,,,,,,,,6.705333232879639,,,6.20748233795166,,,,14794.516343470053,1.2335221438663515,0.10000000149011612,,,,0.3,1001,19,0,-1,,,,,,,69,,,0.0002634423435665667,0.0002634423435665667,0.00025805606856010854,0.5268319845199585,-1,STEP_UP,-0.0081172596324572,0.9200000166893005,1.840000033378601,1,0.21358393132686615,0.5,grid
250.0,-0.18790608462649572,2071,,,,,,,,,5.1450886726379395,,,4.983798980712891,,,,nan,0.9472924122105689,0.12290000170469284,,,,0.3,1001,19,0,-1,,,,,,,69,,,0.0002622167521622032,0.0002622167521622032,0.0002508732140995562,0.3471708297729492,-1,STEP_UP,0.003098886663263719,0.9108999967575073,1.4823433966733333,1,0.26249465346336365,0.6144999861717224,grid
250.0,-0.22965924293189627,2072,,,,,,,,,4.623727798461914,,,4.2118048667907715,,,,nan,0.6771946909236035,0.1509999930858612,,,,0.3,1001,19,0,-1,,,,,,,69,,,0.0002442951372358948,0.0002442951372358948,0.00023270052042789757,0.21426314115524292,-1,STEP_UP,0.006310471621426861,0.8611999750137329,1.1406622257653434,1,0.3225117325782776,0.7549999952316284,grid
250.0,-0.39580283521672277,2073,,,,,,,,,2.9837777614593506,,,3.247751474380493,,,,13517.888020440252,0.4486932569125193,0.18549999594688416,,,,0.3,1001,19,0,-1,,,,,,,69,,,0.0002383031096542254,0.0002383031096542254,0.0002214728738181293,0.13849319517612457,-1,STEP_UP,-0.008597183227539043,0.7739999890327454,0.8345013273038496,1,0.39619821310043335,0.9275000095367432,grid
250.0,-0.2221482640486274,2074,,,,,,,,,2.6204521656036377,,,2.5872020721435547,,,,nan,0.2869989925366258,0.22789999842643738,,,,0.3,1001,19,0,-1,,,,,,,69,,,0.00020665308693423867,0.00020665308693423867,0.00020509927708189934,0.07956825196743011,-1,STEP_UP,0.0019912893121894204,0.652999997138977,0.5730583453876468,1,0.4867577850818634,1.1395000219345093,grid
250.0,0.5808351857363533,2075,,,,,,,,,1.739851951599121,,,1.492761254310608,,,,nan,0.09306768481622162,0.30000001192092896,,,,0.3,1001,19,0,-1,,,,,,,69,,,0.00010699172707973048,0.00010699172707973048,5.703214628738351e-05,0.023773562163114548,-1,STEP_UP,0.02188395153392477,0.11940000206232071,0.07960000137488048,1,0.640751838684082,1.5,grid
250.0,0.7300990401176313,2076,,,,,,,,,1.007312297821045,,,1.061279058456421,,,,nan,0.04248377739964404,0.3499999940395355,,,,0.3,1001,19,1,-1,,,,,,,69,,,4.4000731577398255e-05,4.4000731577398255e-05,3.1216699426295236e-05,0.007183074485510588,-1,STEP_UP,0.020875037800182183,0.03392999991774559,0.01938857138156891,1,0.7475438117980957,1.75,grid
250.0,nan,2077,,,,,,,,,0.7903410196304321,,,nan,,,,nan,nan,0.4000000059604645,,,,0.3,221,3,0,-1,,,,,,,69,,,1.9771658116951585e-05,2.0530309484456666e-05,nan,0.0024712099693715572,-1,STEP_UP,nan,0.0,0.0,0,0.8543357253074646,2.0,grid
250.0,nan,2078,,,,,,,,,0.4936104416847229,,,nan,,,,nan,nan,0.44999998807907104,,,,0.3,201,3,0,-1,,,,,,,69,,,1.8596325389808044e-05,1.8596325389808044e-05,nan,0.0018364903517067432,-1,STEP_UP,nan,0.0,0.0,0,0.9611276984214783,2.25,grid
250.0,nan,2079,,,,,,,,,0.4699283242225647,,,nan,,,,nan,nan,0.5,,,,0.3,161,2,0,-1,,,,,,,69,,,1.7276783182751387e-05,2.1414289221866056e-05,nan,0.0013820044696331024,-1,STEP_UP,nan,0.0,0.0,0,1.0679197311401367,2.5,grid
250.0,nan,2080,,,,,,,,,0.4986265301704407,,,nan,,,,nan,nan,0.550000011920929,,,,0.3,141,1,0,-1,,,,,,,69,,,1.936543958436232e-05,4.1843377402983606e-05,nan,0.0012802316341549158,-1,STEP_UP,nan,0.0,0.0,0,1.1747117042541504,2.75,grid
250.0,nan,2081,,,,,,,,,0.37378349900245667,,,nan,,,,nan,nan,0.6000000238418579,,,,0.3,141,1,0,-1,,,,,,,69,,,1.9428791347309016e-05,3.718876905622892e-05,nan,0.001079269335605204,-1,STEP_UP,nan,0.0,0.0,0,1.281503677368164,3.0,grid
250.0,nan,2082,,,,,,,,,nan,,,nan,,,,nan,nan,0.800000011920929,,,,0.3,91,0,0,-1,,,,,,,69,,,1.7521066183689982e-05,nan,nan,0.0005474785575643182,-1,STEP_UP,nan,0.0,0.0,0,1.7086714506149292,4.0,grid
250.0,nan,2083,,,,,,,,,nan,,,nan,,,,nan,nan,0.8500000238418579,,,,0.3,81,0,0,-1,,,,,,,69,,,1.946865268109832e-05,nan,nan,0.0005388707504607737,-1,STEP_UP,nan,0.0,0.0,0,1.8154634237289429,4.25,grid
250.0,nan,2084,,,,,,,,,nan,,,nan,,,,nan,nan,0.8999999761581421,,,,0.3,81,0,0,-1,,,,,,,69,,,1.5849958799663e-05,nan,nan,0.0003913178516086191,-1,STEP_UP,nan,0.0,0.0,0,1.9222553968429565,4.5,grid
250.0,nan,2085,,,,,,,,,nan,,,nan,,,,nan,nan,0.949999988079071,,,,0.3,71,0,0,-1,,,,,,,69,,,1.9989760403404944e-05,nan,nan,0.00044294208055362105,-1,STEP_UP,nan,0.0,0.0,0,2.0290474891662598,4.75,grid
250.0,nan,2086,,,,,,,,,nan,,,nan,,,,nan,nan,1.0,,,,0.3,71,0,0,-1,,,,,,,69,,,1.6592295651207678e-05,nan,nan,0.00033181271282956004,-1,STEP_UP,nan,0.0,0.0,0,2.1358394622802734,5.0,grid
250.0,nan,2087,,,,,,,,,nan,,,nan,,,,nan,nan,1.0499999523162842,,,,0.3,71,0,0,-1,,,,,,,69,,,1.34271576825995e-05,nan,nan,0.00024355220375582576,-1,STEP_UP,nan,0.0,0.0,0,2.242631435394287,5.25,grid
250.0,nan,2088,,,,,,,,,nan,,,nan,,,,nan,nan,1.100000023841858,,,,0.3,71,0,0,-1,,,,,,,69,,,1.0971726624120492e-05,nan,nan,0.00018133271078113467,-1,STEP_UP,nan,0.0,0.0,0,2.349423408508301,5.5,grid
250.0,nan,2089,,,,,,,,,nan,,,nan,,,,nan,nan,1.149999976158142,,,,0.3,61,0,0,-1,,,,,,,69,,,1.8019580238615163e-05,nan,nan,0.00027248059632256627,-1,STEP_UP,nan,0.0,0.0,0,2.4562153816223145,5.75,grid
250.0,nan,2090,,,,,,,,,nan,,,nan,,,,nan,nan,1.2000000476837158,,,,0.3,61,0,0,-1,,,,,,,69,,,1.5707215425209142e-05,nan,nan,0.00021813396597281098,-1,STEP_UP,nan,0.0,0.0,0,2.563007354736328,6.0,grid
250.0,nan,2091,,,,,,,,,nan,,,nan,,,,nan,nan,1.25,,,,0.3,61,0,0,-1,,,,,,,69,,,1.346841781924013e-05,nan,nan,0.00017237850988749415,-1,STEP_UP,nan,0.0,0.0,0,2.669799327850342,6.25,grid
250.0,nan,2092,,,,,,,,,nan,,,nan,,,,nan,nan,1.2999999523162842,,,,0.3,61,0,0,-1,,,,,,,69,,,1.1301585800538305e-05,nan,nan,0.00013373320689424872,-1,STEP_UP,nan,0.0,0.0,0,2.7765913009643555,6.5,grid
250.0,nan,2093,,,,,,,,,nan,,,nan,,,,nan,nan,1.4536000490188599,,,,0.3,51,0,0,-1,,,,,,,69,,,1.4493226444756147e-05,nan,nan,0.00013717083493247628,-1,STEP_UP,nan,0.0,0.0,0,3.104656219482422,7.26800012588501,grid
250.0,nan,2094,,,,,,,,,nan,,,nan,,,,nan,nan,1.7860000133514404,,,,0.3,51,0,0,-1,,,,,,,69,,,1.5911797163425945e-05,nan,nan,9.97568859020248e-05,-1,STEP_UP,nan,0.0,0.0,0,3.8146090507507324,8.930000305175781,grid
250.0,nan,2095,,,,,,,,,nan,,,nan,,,,nan,nan,2.1942999362945557,,,,0.3,51,0,0,-1,,,,,,,69,,,1.4569702216249425e-05,nan,nan,6.05125205765944e-05,-1,STEP_UP,nan,0.0,0.0,0,4.686672210693359,10.971500396728516,grid
250.0,nan,2096,,,,,,,,,nan,,,nan,,,,nan,nan,2.6958999633789062,,,,0.3,51,0,0,-1,,,,,,,69,,,1.8055894543067552e-05,nan,nan,4.968187931808643e-05,-1,STEP_UP,nan,0.0,0.0,0,5.758009433746338,13.479499816894531,grid
250.0,nan,2097,,,,,,,,,nan,,,nan,,,,nan,nan,3.312299966812134,,,,0.3,71,0,0,-1,,,,,,,69,,,1.1140369679196738e-05,nan,nan,2.0306115402490832e-05,-1,STEP_UP,nan,0.0,0.0,0,7.074540615081787,16.561500549316406,grid
250.0,nan,2098,,,,,,,,,nan,,,nan,,,,nan,nan,4.0696001052856445,,,,0.3,91,0,0,-1,,,,,,,69,,,1.2899909961561207e-05,nan,nan,1.5576497389702126e-05,-1,STEP_UP,nan,0.0,0.0,0,8.692011833190918,20.347999572753906,grid
250.0,nan,2099,,,,,,,,,0.00047157288645394146,,,nan,,,,nan,nan,5.0,,,,0.3,111,1,0,-1,,,,,,,69,,,1.872783832368441e-05,2.8380716685205698e-05,nan,1.4980771993577946e-05,101,STEP_UP,nan,0.0,0.0,0,10.679197311401367,25.0,grid
250.0,0.02951581422758487,2100,,,,,,,,,5.723252296447754,,,5.896423816680908,,,,nan,0.8288992849993768,0.10000000149011612,,,,1.0,1001,19,0,-1,,,,,,,70,,,0.005147721618413925,0.005147721618413925,0.003985612187534571,10.294413566589355,-1,STEP_UP,0.013469735058871299,0.6133000254631042,1.2266000509262085,1,0.21358393132686615,0.5,grid
250.0,0.09348855181502404,2101,,,,,,,,,4.776918888092041,,,3.592491626739502,,,,14755.180152809417,0.6272809842862986,0.12290000170469284,,,,1.0,1001,19,0,-1,,,,,,,70,,,0.0051416452042758465,0.0051416452042758465,0.004941141698509455,6.807456970214844,-1,STEP_UP,-0.017522469433871125,0.5598999857902527,0.9111472715864118,1,0.26249465346336365,0.6144999861717224,grid
250.0,0.5857950893115084,2102,,,,,,,,,2.6155776977539062,,,2.3752541542053223,,,,44839.290567661876,0.3815355129386663,0.1509999930858612,,,,1.0,1001,19,0,-1,,,,,,,70,,,0.005915519315749407,0.005915519315749407,0.005678905174136162,5.188305854797363,-1,STEP_UP,-0.005636540326205132,0.44179999828338623,0.5851655643359909,1,0.3225117325782776,0.7549999952316284,grid
250.0,0.2799629900091558,2103,,,,,,,,,1.6557037830352783,,,1.3509341478347778,,,,44016.46576347168,0.28608035106536045,0.18549999594688416,,,,1.0,1001,19,0,-1,,,,,,,70,,,0.005401184782385826,0.005401184782385826,0.005401184782385826,3.13897442817688,-1,STEP_UP,-0.0056525230407712965,0.3440000116825104,0.37088949665275744,1,0.39619821310043335,0.9275000095367432,grid
250.0,0.7109332189985116,2104,,,,,,,,,0.5425554513931274,,,1.170832872390747,,,,nan,0.16553235067107983,0.22789999842643738,,,,1.0,1001,19,0,-1,,,,,,,70,,,0.002762202639132738,0.002762202639132738,0.00033245887607336044,1.0635390281677246,-1,STEP_UP,0.18786199743097487,0.31220000982284546,0.2739798190550527,1,0.4867577850818634,1.1395000219345093,grid
250.0,nan,2105,,,,,,,,,0.5374358296394348,,,nan,,,,nan,nan,0.30000001192092896,,,,1.0,341,5,0,-1,,,,,,,70,,,1.9048933609155938e-05,2.607219539640937e-05,nan,0.0042326729744672775,-1,STEP_UP,nan,0.0,0.0,0,0.640751838684082,1.5,grid
250.0,-0.518759176042377,2106,,,,,,,,,0.6140562295913696,,,0.5854343771934509,,,,nan,0.07330738414887958,0.3499999940395355,,,,1.0,1001,19,0,-1,,,,,,,70,,,0.002160073723644018,0.002160073723644018,0.0010155636118724942,0.35262981057167053,-1,STEP_UP,0.05842865163629719,0.2198999971151352,0.12565714120864868,1,0.7475438117980957,1.75,grid
250.0,-0.45781923848668266,2107,,,,,,,,,0.016141504049301147,,,0.04084716737270355,,,,733.3727845863125,0.0016959289955653573,0.4000000059604645,,,,1.0,731,13,0,-1,,,,,,,70,,,1.9537874322850257e-05,2.34833551076008e-05,2.34833551076008e-05,0.0024419899564236403,-1,STEP_UP,-0.21539688110351501,0.0,0.0,0,0.8543357253074646,2.0,grid
250.0,nan,2108,,,,,,,,,0.2049407958984375,,,nan,,,,nan,nan,0.44999998807907104,,,,1.0,371,6,0,-1,,,,,,,70,,,1.8899199858424254e-05,2.1608060706057586e-05,nan,0.0018664009403437376,-1,STEP_UP,nan,0.0,0.0,0,0.9611276984214783,2.25,grid
250.0,nan,2109,,,,,,,,,0.22764024138450623,,,nan,,,,nan,nan,0.5,,,,1.0,341,5,0,-1,,,,,,,70,,,1.9421531760599464e-05,3.865646795020439e-05,nan,0.0015535671263933182,-1,STEP_UP,nan,0.0,0.0,0,1.0679197311401367,2.5,grid
250.0,nan,2110,,,,,,,,,0.07483898848295212,,,nan,,,,nan,nan,0.550000011920929,,,,1.0,461,8,0,-1,,,,,,,70,,,1.8009224731940776e-05,2.0454910554690287e-05,nan,0.0011905735591426492,-1,STEP_UP,nan,0.0,0.0,0,1.1747117042541504,2.75,grid
250.0,nan,2111,,,,,,,,,0.05642709136009216,,,nan,,,,nan,nan,0.6000000238418579,,,,1.0,581,10,0,-1,,,,,,,70,,,1.9726590835489333e-05,2.4994478735607117e-05,nan,0.0010958121856674552,-1,STEP_UP,nan,0.0,0.0,0,1.281503677368164,3.0,grid
250.0,nan,2112,,,,,,,,,0.047622501850128174,,,nan,,,,nan,nan,0.800000011920929,,,,1.0,231,3,0,-1,,,,,,,70,,,1.9171191524947062e-05,2.73177502094768e-05,nan,0.0005990398349240422,-1,STEP_UP,nan,0.0,0.0,0,1.7086714506149292,4.0,grid
250.0,nan,2113,,,,,,,,,0.03799629211425781,,,nan,,,,nan,nan,0.8500000238418579,,,,1.0,201,3,0,-1,,,,,,,70,,,1.700963548501022e-05,1.700963548501022e-05,nan,0.0004708078922703862,-1,STEP_UP,nan,0.0,0.0,0,1.8154634237289429,4.25,grid
250.0,nan,2114,,,,,,,,,0.034710247069597244,,,nan,,,,nan,nan,0.8999999761581421,,,,1.0,171,2,0,-1,,,,,,,70,,,1.9863098714267835e-05,2.9992161216796376e-05,nan,0.0004903978551737964,-1,STEP_UP,nan,0.0,0.0,0,1.9222553968429565,4.5,grid
250.0,nan,2115,,,,,,,,,0.0430867038667202,,,nan,,,,nan,nan,0.949999988079071,,,,1.0,161,2,0,-1,,,,,,,70,,,1.7943521015695296e-05,2.2758789782528765e-05,nan,0.000397600611904636,-1,STEP_UP,nan,0.0,0.0,0,2.0290474891662598,4.75,grid
250.0,nan,2116,,,,,,,,,0.08136363327503204,,,nan,,,,nan,nan,1.0,,,,1.0,151,2,0,-1,,,,,,,70,,,1.8543591068009846e-05,1.8543591068009846e-05,nan,0.00037083475035615265,151,STEP_UP,nan,0.0,0.0,0,2.1358394622802734,5.0,grid
250.0,nan,2117,,,,,,,,,0.08469980955123901,,,nan,,,,nan,nan,1.0499999523162842,,,,1.0,151,2,0,-1,,,,,,,70,,,1.61738607857842e-05,1.61738607857842e-05,nan,0.0002933740324806422,151,STEP_UP,nan,0.0,0.0,0,2.242631435394287,5.25,grid
250.0,nan,2118,,,,,,,,,0.08345257490873337,,,nan,,,,nan,nan,1.100000023841858,,,,1.0,141,1,0,-1,,,,,,,70,,,1.5601457562297583e-05,4.855868246522732e-05,nan,0.00025784954777918756,-1,STEP_UP,nan,0.0,0.0,0,2.349423408508301,5.5,grid
250.0,nan,2119,,,,,,,,,0.07262910157442093,,,nan,,,,nan,nan,1.149999976158142,,,,1.0,131,1,0,-1,,,,,,,70,,,1.7998867406276986e-05,4.4121006794739515e-05,nan,0.00027216735179536045,-1,STEP_UP,nan,0.0,0.0,0,2.4562153816223145,5.75,grid
250.0,nan,2120,,,,,,,,,0.06477244943380356,,,nan,,,,nan,nan,1.2000000476837158,,,,1.0,131,1,0,-1,,,,,,,70,,,1.6218324162764475e-05,4.059404454892501e-05,nan,0.00022523198276758194,-1,STEP_UP,nan,0.0,0.0,0,2.563007354736328,6.0,grid
250.0,nan,2121,,,,,,,,,0.05845962464809418,,,nan,,,,nan,nan,1.25,,,,1.0,131,1,0,-1,,,,,,,70,,,1.520166279078694e-05,3.7739358958788216e-05,nan,0.0001945618278114125,-1,STEP_UP,nan,0.0,0.0,0,2.669799327850342,6.25,grid
250.0,nan,2122,,,,,,,,,0.055619753897190094,,,nan,,,,nan,nan,1.2999999523162842,,,,1.0,121,1,0,-1,,,,,,,70,,,1.8425880625727586e-05,3.547324376995675e-05,nan,0.0002180359442718327,-1,STEP_UP,nan,0.0,0.0,0,2.7765913009643555,6.5,grid
250.0,nan,2123,,,,,,,,,0.05048844590783119,,,nan,,,,nan,nan,1.4536000490188599,,,,1.0,121,1,0,-1,,,,,,,70,,,1.5602381608914584e-05,3.089473830186762e-05,nan,0.00014766842650715262,101,STEP_UP,nan,0.0,0.0,0,3.104656219482422,7.26800012588501,grid
250.0,nan,2124,,,,,,,,,0.057347383350133896,,,nan,,,,nan,nan,1.7860000133514404,,,,1.0,111,1,0,-1,,,,,,,70,,,1.9538170818123035e-05,2.7467274776427075e-05,nan,0.00012249195424374193,101,STEP_UP,nan,0.0,0.0,0,3.8146090507507324,8.930000305175781,grid
250.0,nan,2125,,,,,,,,,nan,,,nan,,,,nan,nan,2.1942999362945557,,,,1.0,81,0,0,-1,,,,,,,70,,,1.533646172902081e-05,nan,nan,6.369710899889469e-05,-1,STEP_UP,nan,0.0,0.0,0,4.686672210693359,10.971500396728516,grid
250.0,nan,2126,,,,,,,,,nan,,,nan,,,,nan,nan,2.6958999633789062,,,,1.0,71,0,0,-1,,,,,,,70,,,1.2525420970632695e-05,nan,nan,3.446444679866545e-05,-1,STEP_UP,nan,0.0,0.0,0,5.758009433746338,13.479499816894531,grid
250.0,nan,2127,,,,,,,,,nan,,,nan,,,,nan,nan,3.312299966812134,,,,1.0,71,0,0,-1,,,,,,,70,,,1.0114416909345891e-05,nan,nan,1.8436057871440426e-05,-1,STEP_UP,nan,0.0,0.0,0,7.074540615081787,16.561500549316406,grid
250.0,nan,2128,,,,,,,,,nan,,,nan,,,,nan,nan,4.0696001052856445,,,,1.0,71,0,0,-1,,,,,,,70,,,1.3073899026494473e-05,nan,nan,1.5786587027832866e-05,-1,STEP_UP,nan,0.0,0.0,0,8.692011833190918,20.347999572753906,grid
250.0,nan,2129,,,,,,,,,nan,,,nan,,,,nan,nan,5.0,,,,1.0,91,0,0,-1,,,,,,,70,,,1.1539504157553893e-05,nan,nan,9.230680007021874e-06,-1,STEP_UP,nan,0.0,0.0,0,10.679197311401367,25.0,grid
250.0,0.3038740412615637,2130,,,,,,,,,5.271739482879639,,,6.0604753494262695,,,,nan,0.7862279268918851,0.10000000149011612,,,,3.0,1001,19,0,-1,,,,,,,71,,,0.005860274191945791,0.005860274191945791,0.005070220213383436,11.719375610351562,-1,STEP_UP,0.008741183714433196,0.560699999332428,1.121399998664856,1,0.21358393132686615,0.5,grid
250.0,0.4825175103885982,2131,,,,,,,,,3.9546942710876465,,,4.600607395172119,,,,15880.963765902432,0.7628444246824031,0.12290000170469284,,,,3.0,1001,19,0,-1,,,,,,,71,,,0.005893099587410688,0.005893099587410688,0.005377863068133593,7.802370548248291,-1,STEP_UP,-0.016594891114668244,0.6693999767303467,1.0893409142295447,1,0.26249465346336365,0.6144999861717224,grid
250.0,0.05269332169070484,2132,,,,,,,,,2.6750810146331787,,,1.836942434310913,,,,44756.314771232,0.3794470179931201,0.1509999930858612,,,,3.0,1001,19,0,-1,,,,,,,71,,,0.0072170160710811615,0.0072170160710811615,0.00672219367697835,6.32980489730835,-1,STEP_UP,-0.005844610387628545,0.41760000586509705,0.5531125940431039,1,0.3225117325782776,0.7549999952316284,grid
250.0,0.4875508250715036,2133,,,,,,,,,0.9769139885902405,,,0.8823558688163757,,,,106135.48208844643,0.28046471746040263,0.18549999594688416,,,,3.0,1001,19,0,-1,,,,,,,71,,,0.006934786215424538,0.006934786215424538,0.006839107256382704,4.030248165130615,-1,STEP_UP,-0.002415956150401493,0.3528999984264374,0.38048516959336715,1,0.39619821310043335,0.9275000095367432,grid
250.0,-0.08198055166679788,2134,,,,,,,,,1.3779308795928955,,,1.3457551002502441,,,,nan,0.23047702811738502,0.22789999842643738,,,,3.0,1001,19,0,-1,,,,,,,71,,,0.005030049942433834,0.005030049942433834,0.003174157114699483,1.9367350339889526,-1,STEP_UP,0.03505677309903232,0.4406000077724457,0.3866608155254326,1,0.4867577850818634,1.1395000219345093,grid
250.0,0.8364755665668542,2135,,,,,,,,,0.46205607056617737,,,0.40133216977119446,,,,nan,0.12650062296993173,0.30000001192092896,,,,3.0,1001,19,0,-1,,,,,,,71,,,0.0029862229712307453,0.0029862229712307453,0.0008943062857724726,0.6635387539863586,-1,STEP_UP,0.08369820334694617,0.32670000195503235,0.2178000013033549,1,0.640751838684082,1.5,grid
250.0,-0.7885052288463283,2136,,,,,,,,,0.4517342448234558,,,0.37511810660362244,,,,nan,0.05064709044958871,0.3499999940395355,,,,3.0,1001,19,0,-1,,,,,,,71,,,0.0015998854069039226,0.0015998854069039226,0.0010116416960954666,0.261179655790329,-1,STEP_UP,0.03819290507923473,0.14030000567436218,0.08017143181392125,1,0.7475438117980957,1.75,grid
250.0,0.2542140267422284,2137,,,,,,,,,0.013306230306625366,,,0.02390163205564022,,,,1045.989706916664,0.004002547951592569,0.4000000059604645,,,,3.0,1001,19,1,-1,,,,,,,71,,,2.3351594791165553e-05,2.3351594791165553e-05,2.3351594791165553e-05,0.0029186573810875416,-1,STEP_UP,-0.14956010905179085,0.013740000315010548,0.006870000157505274,1,0.8543357253074646,2.0,grid
250.0,nan,2138,,,,,,,,,0.01911996863782406,,,nan,,,,nan,nan,0.44999998807907104,,,,3.0,641,11,0,-1,,,,,,,71,,,1.9657853044918738e-05,3.052299871342257e-05,nan,0.0019413221161812544,-1,STEP_UP,nan,0.0,0.0,0,0.9611276984214783,2.25,grid
250.0,0.5625151865951594,2139,,,,,,,,,0.018065303564071655,,,0.03729674965143204,,,,2130.4179731581144,0.00815388061393972,0.5,,,,3.0,1001,19,1,-1,,,,,,,71,,,0.00015416355745401233,0.00015416355745401233,0.00015416355745401233,0.012331850826740265,-1,STEP_UP,-0.07853174209594717,0.032519999891519547,0.013007999956607818,1,1.0679197311401367,2.5,grid
250.0,0.8317990644751573,2140,,,,,,,,,0.029220765456557274,,,0.029220765456557274,,,,41686.09279168536,0.01162658434580809,0.550000011920929,,,,3.0,1001,19,1,-1,,,,,,,71,,,0.00038718979340046644,0.00038718979340046644,0.00038718979340046644,0.02559676580131054,-1,STEP_UP,-0.0031630602749911636,0.04992999881505966,0.018156363205476242,1,1.1747117042541504,2.75,grid
250.0,0.06901193868207388,2141,,,,,,,,,0.015407443046569824,,,0.029919972643256187,,,,1788.569813573591,0.005170050172125104,0.6000000238418579,,,,3.0,1001,19,1,-1,,,,,,,71,,,8.399945363635197e-05,8.399945363635197e-05,8.399945363635197e-05,0.004666169639676809,-1,STEP_UP,-0.07913537892428289,0.02353000082075596,0.007843333606918653,1,1.281503677368164,3.0,grid
250.0,nan,2142,,,,,,,,,0.008470654487609863,,,nan,,,,nan,nan,0.800000011920929,,,,3.0,271,4,0,-1,,,,,,,71,,,1.985670496651437e-05,2.493484498700127e-05,nan,0.0006204600213095546,-1,STEP_UP,nan,0.0,0.0,0,1.7086714506149292,4.0,grid
250.0,nan,2143,,,,,,,,,0.016980452463030815,,,nan,,,,nan,nan,0.8500000238418579,,,,3.0,221,3,0,-1,,,,,,,71,,,1.90015653060982e-05,2.5568278942955658e-05,nan,0.0005259423051029444,-1,STEP_UP,nan,0.0,0.0,0,1.8154634237289429,4.25,grid
250.0,nan,2144,,,,,,,,,0.04432487487792969,,,nan,,,,nan,nan,0.8999999761581421,,,,3.0,191,2,0,-1,,,,,,,71,,,1.9559907741495408e-05,4.254221130395308e-05,nan,0.00048291237908415496,-1,STEP_UP,nan,0.0,0.0,0,1.9222553968429565,4.5,grid
250.0,nan,2145,,,,,,,,,0.032416194677352905,,,nan,,,,nan,nan,0.949999988079071,,,,3.0,181,2,0,-1,,,,,,,71,,,1.629008875170257e-05,3.207383997505531e-05,nan,0.0003609631094150245,-1,STEP_UP,nan,0.0,0.0,0,2.0290474891662598,4.75,grid
250.0,nan,2146,,,,,,,,,0.02356548234820366,,,nan,,,,nan,nan,1.0,,,,3.0,161,2,0,-1,,,,,,,71,,,1.9467774109216407e-05,2.469118408043869e-05,nan,0.0003893165267072618,-1,STEP_UP,nan,0.0,0.0,0,2.1358394622802734,5.0,grid
250.0,nan,2147,,,,,,,,,0.017515728250145912,,,nan,,,,nan,nan,1.0499999523162842,,,,3.0,151,2,0,-1,,,,,,,71,,,1.9582173990784213e-05,1.9582173990784213e-05,nan,0.0003551966801751405,151,STEP_UP,nan,0.0,0.0,0,2.242631435394287,5.25,grid
250.0,nan,2148,,,,,,,,,0.013935522176325321,,,nan,,,,nan,nan,1.100000023841858,,,,3.0,151,2,0,-1,,,,,,,71,,,1.611626794328913e-05,1.611626794328913e-05,nan,0.0002663579653017223,151,STEP_UP,nan,0.0,0.0,0,2.349423408508301,5.5,grid
250.0,nan,2149,,,,,,,,,0.09590554982423782,,,nan,,,,nan,nan,1.149999976158142,,,,3.0,141,1,0,-1,,,,,,,71,,,1.8127089788322337e-05,5.609787694993429e-05,nan,0.0002741062780842185,-1,STEP_UP,nan,0.0,0.0,0,2.4562153816223145,5.75,grid
250.0,nan,2150,,,,,,,,,0.08568596839904785,,,nan,,,,nan,nan,1.2000000476837158,,,,3.0,141,1,0,-1,,,,,,,71,,,1.5620347767253406e-05,5.109576159156859e-05,nan,0.00021692759764846414,-1,STEP_UP,nan,0.0,0.0,0,2.563007354736328,6.0,grid
250.0,nan,2151,,,,,,,,,0.07562912255525589,,,nan,,,,nan,nan,1.25,,,,3.0,131,1,0,-1,,,,,,,71,,,1.9902810890926048e-05,4.7312179958680645e-05,nan,0.0002547304902691394,-1,STEP_UP,nan,0.0,0.0,0,2.669799327850342,6.25,grid
250.0,nan,2152,,,,,,,,,0.06936880201101303,,,nan,,,,nan,nan,1.2999999523162842,,,,3.0,131,1,0,-1,,,,,,,71,,,1.7345944797853008e-05,4.4651002099271864e-05,nan,0.00020525691797956824,-1,STEP_UP,nan,0.0,0.0,0,2.7765913009643555,6.5,grid
250.0,nan,2153,,,,,,,,,0.05638619139790535,,,nan,,,,nan,nan,1.4536000490188599,,,,3.0,131,1,0,-1,,,,,,,71,,,1.4274352906795684e-05,3.923176336684264e-05,nan,0.00013509932614397258,101,STEP_UP,nan,0.0,0.0,0,3.104656219482422,7.26800012588501,grid
250.0,nan,2154,,,,,,,,,0.08256213366985321,,,nan,,,,nan,nan,1.7860000133514404,,,,3.0,121,1,0,-1,,,,,,,71,,,1.934383726620581e-05,3.871332955895923e-05,nan,0.00012127360969316214,101,STEP_UP,nan,0.0,0.0,0,3.8146090507507324,8.930000305175781,grid
250.0,nan,2155,,,,,,,,,nan,,,nan,,,,nan,nan,2.1942999362945557,,,,3.0,91,0,0,-1,,,,,,,71,,,1.341439929092303e-05,nan,nan,5.571418296312913e-05,-1,STEP_UP,nan,0.0,0.0,0,4.686672210693359,10.971500396728516,grid
250.0,nan,2156,,,,,,,,,nan,,,nan,,,,nan,nan,2.6958999633789062,,,,3.0,71,0,0,-1,,,,,,,71,,,1.4085282600717619e-05,nan,nan,3.875650145346299e-05,-1,STEP_UP,nan,0.0,0.0,0,5.758009433746338,13.479499816894531,grid
250.0,nan,2157,,,,,,,,,nan,,,nan,,,,nan,nan,3.312299966812134,,,,3.0,71,0,0,-1,,,,,,,71,,,1.1505920156196225e-05,nan,nan,2.09724221349461e-05,-1,STEP_UP,nan,0.0,0.0,0,7.074540615081787,16.561500549316406,grid
250.0,nan,2158,,,,,,,,,nan,,,nan,,,,nan,nan,4.0696001052856445,,,,3.0,71,0,0,-1,,,,,,,71,,,1.2165773114247713e-05,nan,nan,1.4690034731756896e-05,-1,STEP_UP,nan,0.0,0.0,0,8.692011833190918,20.347999572753906,grid
250.0,nan,2159,,,,,,,,,nan,,,nan,,,,nan,nan,5.0,,,,3.0,81,0,0,-1,,,,,,,71,,,1.4951970115362201e-05,nan,nan,1.196038010675693e-05,-1,STEP_UP,nan,0.0,0.0,0,10.679197311401367,25.0,grid
0.0,nan,5346,,,,-0.0012168739922344685,-0.43418169021606445,-0.0017577068647369742,0.008284717798233032,-0.0008734036237001419,nan,0.7294801972529223,0.18043880106792495,nan,0.41649959544273524,0.12290096282958984,0.007553519140133154,nan,nan,0.20000000298023224,,,,0.3,11,0,0,5370,0.0012168739922344685,3.186100721359253,0.0017577068647369742,0.14366719126701355,0.010251246392726898,rel,9,0.21930000185966492,1,1.4332948012452107e-05,nan,nan,0.007148557808250189,,HILL,nan,0.0,0.0,0,0.4271678626537323,1.0,omega
0.0,nan,5347,,,,-0.0005408328725025058,0.035947561264038086,-0.002163331490010023,0.028336375951766968,0.0022750776261091232,nan,0.5775673473376959,0.09661309632719538,nan,0.19851016656759884,0.0917724609375,0.003933529824163541,nan,nan,0.25,,,,0.3,11,0,0,5371,0.0005408328725025058,2.703681230545044,0.002163331490010023,0.1596093475818634,0.009178061038255692,rel,9,0.1804800033569336,1,1.5721780073363334e-05,nan,nan,0.005018392112106085,,HILL,nan,0.0,0.0,0,0.5339598655700684,1.25,omega
0.0,nan,5348,,,,0.0,0.33917975425720215,-0.0013520822394639254,0.02981334924697876,0.0041950903832912445,nan,0.48991059127264136,0.08494528448161288,nan,0.1348099996391593,0.07804361979166667,0.0014964810669776745,nan,nan,0.30000001192092896,,,,0.3,11,0,0,275,0.0,2.389070749282837,0.0013520822394639254,0.19379515945911407,0.009259174577891827,grid,9,0.05355333288510641,1,1.795619937183801e-05,nan,nan,0.003980291076004505,,HILL,nan,0.0,0.0,0,0.640751838684082,1.5,omega
0.0,nan,5349,,,,0.0,0.17627859115600586,-0.0010816657450050116,0.014396727085113525,0.002317199483513832,nan,0.3538400001923743,0.04249094379929709,nan,0.05081955399503931,0.04541015625,0.0007330016053497519,nan,nan,0.3499999940395355,,,,0.3,21,0,0,276,0.0,2.5005202293395996,0.0010816657450050116,0.2380148470401764,0.011532653123140335,grid,9,0.0,0,1.866314050857909e-05,nan,nan,0.003039425704628229,,HILL,nan,0.0,0.0,0,0.7475438117980957,1.75,omega
0.0,nan,5350,,,,0.0,0.11542153358459473,-0.0010816657450050116,0.009810298681259155,0.0013364916667342186,nan,0.2473661369622291,0.028971726273481796,nan,0.03370931398232899,0.02239990234375,0.0005500336606287196,nan,nan,0.4000000059604645,,,,0.3,31,0,0,277,0.0,2.507286548614502,0.0010816657450050116,0.2733938992023468,0.013271689414978027,grid,9,0.0,0,1.7539068721816875e-05,nan,nan,0.0021869027987122536,,HILL,nan,0.0,0.0,0,0.8543357253074646,2.0,omega
0.0,nan,5351,,,,0.0,0.08143830299377441,-0.0002704164362512529,0.0076878368854522705,0.0010935794562101364,nan,0.1818967947829105,0.020575109578235894,nan,0.0238744151772631,0.017469618055555556,0.00040786452293682543,nan,nan,0.44999998807907104,,,,0.3,31,0,0,278,0.0,2.5229578018188477,0.0010816657450050116,0.3099559247493744,0.015106234699487686,grid,9,0.0,0,1.84632335731294e-05,nan,nan,0.0018189705442637205,,HILL,nan,0.0,0.0,0,0.9611276984214783,2.25,omega
0.0,nan,5352,,,,0.0,0.08382749557495117,-0.0002704164362512529,0.009683996438980103,0.00115174800157547,nan,0.1824626219598094,0.021624008278328714,nan,0.025013082564006306,0.0150146484375,0.0004223372885960383,nan,nan,0.5,,,,0.3,31,0,0,279,0.0,2.5071096420288086,0.0010816657450050116,0.34222811460494995,0.016635380685329437,grid,9,0.0,0,1.936930675583426e-05,nan,nan,0.0015456706751137972,,HILL,nan,0.0,0.0,0,1.0679197311401367,2.5,omega
0.0,nan,5353,,,,0.0,0.14065837860107422,-0.0005408328725025058,0.032648295164108276,0.0020070038735866547,nan,0.27199322279736854,0.0401151784787508,nan,0.05617797271281306,0.010707007693624884,0.0006098441540603823,nan,nan,0.7023000121116638,,,,0.3,41,0,0,5377,0.0,2.3832180500030518,0.0016224986175075173,0.4482991397380829,0.02155679650604725,rel,9,0.0,0,1.9550112483557314e-05,nan,nan,0.0007907639374025166,,HILL,nan,0.0,0.0,0,1.5,3.5114998817443848,omega
0.0,nan,5354,,,,0.0,0.04135870933532715,0.0,0.012477874755859375,0.0006762426346540451,nan,0.08900944642857538,0.011691068659203187,nan,0.017353689879543548,0.003225915433348227,0.00019944091578208382,nan,nan,0.8779000043869019,,,,0.3,61,0,0,5378,0.0,2.413321018218994,0.0013520822394639254,0.5639949440956116,0.02729666605591774,rel,9,0.0,0,1.7146374375442974e-05,nan,nan,0.00044383862405084074,,HILL,nan,0.0,0.0,0,1.8750534057617188,4.389500141143799,omega
0.0,nan,5355,,,,0.0,0.01974940299987793,0.0,0.007435321807861328,0.00041170045733451843,nan,0.04747196945285689,0.007880673230152808,nan,0.011867472854332185,0.001483151421576739,9.704716758097012e-05,nan,nan,1.0535000562667847,,,,0.3,71,0,0,287,0.0,2.4313805103302,0.0013520822394639254,0.6666752696037292,0.03238531947135925,grid,9,0.0,0,1.799768506316468e-05,nan,nan,0.0003235120384488255,,HILL,nan,0.0,0.0,0,2.2501068115234375,5.267499923706055,omega
0.0,nan,5356,,,,0.0,-0.029536724090576172,0.0,-0.006814479827880859,-0.0005043260753154755,nan,0.05435161620964881,0.008699153285386469,nan,0.016687530598138094,0.0016289285038355323,0.00015401070382916948,nan,nan,1.2289999723434448,,,,0.3,81,0,0,5380,0.0,2.492523431777954,0.0010816657450050116,0.783765435218811,0.03857500106096268,rel,9,0.0,0,1.7836306142271496e-05,nan,nan,0.00023558306565973908,,HILL,nan,0.0,0.0,0,2.6249465942382812,6.144999980926514,omega
0.0,nan,5357,,,,0.0,-0.02556467056274414,0.0,-0.005678296089172363,-0.0004475004971027374,nan,0.04395452612277883,0.007550765832362582,nan,0.015049076374554512,0.0012167054197301005,0.00013383682549537466,nan,nan,1.4046000242233276,,,,0.3,81,0,0,5381,0.0,2.513075113296509,0.0010816657450050116,0.8921002745628357,0.04442812129855156,rel,9,0.0,0,1.9703731595654972e-05,nan,nan,0.00019924437219742686,,HILL,nan,0.0,0.0,0,3.0,7.0229997634887695,omega
0.0,nan,5358,,,,-0.0012168739922344685,-0.15820050239562988,-0.0017577068647369742,0.0002136528491973877,-0.0018305415287613869,nan,0.6992974103870799,0.1686376111540527,nan,0.3814771475636155,0.10367488861083984,0.0074689125872870405,nan,nan,0.20000000298023224,,,,0.3,11,0,0,5370,0.0012168739922344685,3.186100721359253,0.0017577068647369742,0.14366719126701355,0.010251246392726898,rel,9,0.21930000185966492,1,1.422350851498777e-05,nan,nan,0.007093974854797125,,HILL,nan,0.0,0.0,0,0.4271678626537323,1.0,kfloor
0.0,nan,5359,,,,-0.0005408328725025058,0.30553245544433594,-0.002163331490010023,0.019499048590660095,0.0010549472644925117,nan,0.552509896117743,0.1151657898940891,nan,0.20547369497569754,0.0675537109375,0.003816292071871141,nan,nan,0.25,,,,0.3,11,0,0,5371,0.0005408328725025058,2.703681230545044,0.002163331490010023,0.1596093475818634,0.009178061038255692,rel,9,0.1804800033569336,1,1.603979035280645e-05,nan,nan,0.005119901150465012,,HILL,nan,0.0,0.0,0,0.5339598655700684,1.25,kfloor
0.0,nan,5360,,,,0.0,0.6016912460327148,-0.0013520822394639254,0.020413324236869812,0.0027340734377503395,nan,0.5079762212470242,0.12569229694390663,nan,0.20553785979486017,0.050537109375,0.0014056306240342426,nan,nan,0.30000001192092896,,,,0.3,11,0,0,275,0.0,2.389070749282837,0.0013520822394639254,0.19379515945911407,0.009259174577891827,grid,9,0.05355333288510641,1,1.739143226586748e-05,nan,nan,0.0038551006000488997,,HILL,nan,0.0,0.0,0,0.640751838684082,1.5,kfloor
0.0,nan,5361,,,,0.0,0.4720430374145508,-0.0010816657450050116,0.011150971055030823,0.00218749325722456,nan,0.4079439108266384,0.09052653942097434,nan,0.13058748687183347,0.04206194196428571,0.0007257372990537259,nan,nan,0.3499999940395355,,,,0.3,11,0,0,276,0.0,2.5005202293395996,0.0010816657450050116,0.2380148470401764,0.011532653123140335,grid,9,0.0,0,1.8382655980531126e-05,nan,nan,0.00299374689348042,,HILL,nan,0.0,0.0,0,0.7475438117980957,1.75,kfloor
0.0,nan,5362,,,,0.0,0.44734883308410645,-0.0010816657450050116,0.010566920042037964,0.002154129557311535,nan,0.3691461512050494,0.08553643843739799,nan,0.12353901612052899,0.036865234375,0.0006539859663415046,nan,nan,0.4000000059604645,,,,0.3,11,0,0,277,0.0,2.507286548614502,0.0010816657450050116,0.2733938992023468,0.013271689414978027,grid,9,0.0,0,1.9558550775400363e-05,nan,nan,0.002438706811517477,,HILL,nan,0.0,0.0,0,0.8543357253074646,2.0,kfloor
0.0,nan,5363,,,,0.0,0.44112133979797363,-0.0010816657450050116,0.003141731023788452,0.001195935532450676,nan,0.18972088428105138,0.08411564927623502,nan,0.12283133945566044,0.016004774305555556,0.000432998932337046,nan,nan,0.44999998807907104,,,,0.3,21,0,0,278,0.0,2.5229578018188477,0.0010816657450050116,0.3099559247493744,0.015106234699487686,grid,9,0.0,0,1.7885602574096993e-05,nan,nan,0.0017620631260797381,,HILL,nan,0.0,0.0,0,0.9611276984214783,2.25,kfloor
0.0,nan,5364,,,,0.0,0.43126893043518066,-0.0010816657450050116,0.0043860673904418945,0.001321651041507721,nan,0.18676463475744143,0.08237086729483004,nan,0.12070601828854392,0.01455078125,0.00044847214589446475,nan,nan,0.5,,,,0.3,21,0,0,279,0.0,2.5071096420288086,0.0010816657450050116,0.34222811460494995,0.016635380685329437,grid,9,0.0,0,1.867259015853051e-05,nan,nan,0.001490072812885046,,HILL,nan,0.0,0.0,0,1.0679197311401367,2.5,kfloor
0.0,nan,5365,,,,0.0,0.4358329772949219,-0.0010816657450050116,0.023107141256332397,0.0024085361510515213,nan,0.24334837379397523,0.08659367091256012,nan,0.13460239001268667,0.01772913611606718,0.0006570416664853002,nan,nan,0.7023000121116638,,,,0.3,31,0,0,5377,0.0,2.3832180500030518,0.0016224986175075173,0.4482991397380829,0.02155679650604725,rel,9,0.0,0,1.5936542695271783e-05,nan,nan,0.0006446020561270416,,HILL,nan,0.0,0.0,0,1.5,3.5114998817443848,kfloor
0.0,nan,5366,,,,0.0,0.3206605911254883,-0.0005408329307101667,0.01713252067565918,0.0019185226410627365,nan,0.13482124492674863,0.06284412197921228,nan,0.09700025863964983,0.013126138659830715,0.00042700878563359604,nan,nan,0.8779000043869019,,,,0.3,31,0,0,5378,0.0,2.413321018218994,0.0013520822394639254,0.5639949440956116,0.02729666605591774,rel,9,0.0,0,1.7649028450250626e-05,nan,nan,0.00045684995711781085,,HILL,nan,0.0,0.0,0,1.8750534057617188,4.389500141143799,kfloor
0.0,nan,5367,,,,0.0,0.2026667594909668,-0.0002704164944589138,0.01583021879196167,0.0015711039304733276,nan,0.07045378053487603,0.04170356224171052,nan,0.06340601099839459,0.009223347902930347,0.00026724552385847276,nan,nan,1.0535000562667847,,,,0.3,41,0,0,287,0.0,2.4313805103302,0.0013520822394639254,0.6666752696037292,0.03238531947135925,grid,9,0.0,0,1.4185437976266257e-05,nan,nan,0.00025498613831587136,,HILL,nan,0.0,0.0,0,2.2501068115234375,5.267499923706055,kfloor
0.0,nan,5368,,,,0.0,0.07550692558288574,0.0,0.0036356449127197266,0.0005051270127296448,nan,0.041958594492093146,0.014589073841539145,nan,0.026062879246002493,0.004290836058883841,0.00019148402653644002,nan,nan,1.2289999723434448,,,,0.3,41,0,0,5380,0.0,2.492523431777954,0.0010816657450050116,0.783765435218811,0.03857500106096268,rel,9,0.0,0,1.6437479644082487e-05,nan,nan,0.0002171072701457888,,HILL,nan,0.0,0.0,0,2.6249465942382812,6.144999980926514,kfloor
0.0,nan,5369,,,,0.0,0.0062444210052490234,0.0,-0.0017051100730895996,-1.8093734979629517e-05,nan,0.04004893131643409,0.004754642815075319,nan,0.008930642925318675,0.0015643355396529864,0.00011567582930842352,nan,nan,1.4046000242233276,,,,0.3,41,0,0,5381,0.0,2.513075113296509,0.0010816657450050116,0.8921002745628357,0.04442812129855156,rel,9,0.0,0,1.8396813175058924e-05,nan,nan,0.00018602880300022662,,HILL,nan,0.0,0.0,0,3.0,7.0229997634887695,kfloor
0.0,0.27593765045706814,5370,,,,,,,,,0.48330414295196533,,,0.7772201299667358,,,,nan,0.16771759137902087,0.20000000298023224,,,,0.3,1001,19,0,-1,,,,,,,9,,,0.003734441939741373,0.003734441939741373,0.0028833176475018263,1.8625530004501343,,HILL,0.02357905561273765,0.21930000185966492,0.21930000185966492,1,0.4271678626537323,1.0,rel
0.0,0.3432287339551115,5371,,,,,,,,,0.7040999531745911,,,0.6564406156539917,,,,nan,0.13038457388568808,0.25,,,,0.3,1001,19,0,-1,,,,,,,9,,,0.0034731861669570208,0.0034731861669570208,0.0010385054629296064,1.1086410284042358,,HILL,0.09437282302162885,0.225600004196167,0.1804800033569336,1,0.5339598655700684,1.25,rel
0.0,0.08075852683529877,5372,,,,0.0,0.0,0.0,0.0,0.0,0.3212486207485199,0.0,0.0,0.11505881696939468,0.0,0.0,0.0,nan,0.03941180744889527,0.30000001192092896,,,,0.3,1001,19,0,275,0.0,2.389070749282837,0.0013520822394639254,0.19379515945911407,0.009259174577891827,grid,9,0.05355333288510641,1,0.002110476838424802,0.002110476838424802,0.00016058508481364697,0.4678223431110382,,HILL,0.22752344825051077,0.0803299993276596,0.05355333288510641,1,0.640751838684082,1.5,rel
0.0,-0.8201558132103723,5373,,,,0.0002704164362512529,-0.16530871391296387,0.0005408328725025058,-0.013238117098808289,-0.000892256386578083,0.014490059576928616,0.2765072334455357,0.046381699241545955,0.011097090318799019,0.08261334011449668,0.008998325892857142,0.0008291008206632529,nan,0.0013540791903238062,0.3499999940395355,,,,0.3,1001,19,1,276,0.0,2.5005202293395996,0.0010816657450050116,0.2380148470401764,0.011532653123140335,grid,9,0.0,0,4.922534208162688e-05,4.922534208162688e-05,2.112940273946151e-05,0.008016698062419891,,HILL,0.07102233713323435,0.003435000078752637,0.00196285718785865,1,0.7475438117980957,1.75,rel
0.0,nan,5374,,,,0.0002704164362512529,-0.17634081840515137,0.0005408328725025058,-0.017145872116088867,-0.001141764223575592,0.0006862878799438477,0.28662137797072773,0.04973812631193451,nan,0.08643497439288353,0.0101318359375,0.0008642727810347512,nan,nan,0.4000000059604645,41,0.0,0,0.3,571,10,0,277,0.0,2.507286548614502,0.0010816657450050116,0.2733938992023468,0.013271689414978027,grid,9,0.0,0,3.1083527574082837e-06,3.421350356802577e-06,nan,0.00038757274160161614,,HILL,nan,0.0,0.0,0,0.8543357253074646,2.0,rel
0.0,nan,5375,,,,0.0002704164362512529,-0.1901557445526123,0.0005408328725025058,-0.021927595138549805,-0.0014493344351649284,0.06564082205295563,0.3020834221020522,0.053865708317643875,nan,0.08899076022165081,0.011501736111111112,0.0009012334113668043,nan,nan,0.44999998807907104,31,0.0,0,0.3,181,2,0,278,0.0,2.5229578018188477,0.0010816657450050116,0.3099559247493744,0.015106234699487686,grid,9,0.0,0,4.051792075188132e-06,5.226392659096746e-06,nan,0.0003991765552200377,,HILL,nan,0.0,0.0,0,0.9611276984214783,2.25,rel
0.0,nan,5376,,,,0.0002704164362512529,-0.16260623931884766,0.0005408328725025058,-0.02230563759803772,-0.0014249952509999275,0.19062605500221252,0.28789062737796856,0.04639606215955973,nan,0.07354548254654969,0.01044921875,0.000747874300179448,nan,nan,0.5,31,0.0,0,0.3,121,1,0,279,0.0,2.5071096420288086,0.0010816657450050116,0.34222811460494995,0.016635380685329437,grid,9,0.0,0,4.477255515666911e-06,6.3635234255343676e-06,nan,0.00035728499642573297,,HILL,nan,0.0,0.0,0,1.0679197311401367,2.5,rel
0.0,nan,5377,,,,,,,,,nan,,,nan,,,,nan,nan,0.7023000121116638,,,,0.3,61,0,0,-1,,,,,,,9,,,8.305821211251896e-06,nan,nan,0.00033595424611121416,,HILL,nan,0.0,0.0,0,1.5,3.5114998817443848,rel
0.0,nan,5378,,,,,,,,,nan,,,nan,,,,nan,nan,0.8779000043869019,,,,0.3,41,0,0,-1,,,,,,,9,,,1.4318447938421741e-05,nan,nan,0.0003706369607243687,,HILL,nan,0.0,0.0,0,1.8750534057617188,4.389500141143799,rel
0.0,nan,5379,,,,0.0,0.0005536079406738281,0.0,0.0021102428436279297,0.00010598823428153992,nan,0.0037104847401346432,0.002403936953186408,nan,0.002966306025649462,0.000463484819242731,6.542910791077255e-06,nan,nan,1.0535000562667847,41,0.0,0,0.3,41,0,0,287,0.0,2.4313805103302,0.0013520822394639254,0.6666752696037292,0.03238531947135925,grid,9,0.0,0,1.6330131984432228e-05,nan,nan,0.00029353745048865676,,HILL,nan,0.0,0.0,0,2.2501068115234375,5.267499923706055,rel
0.0,nan,5380,,,,,,,,,nan,,,nan,,,,nan,nan,1.2289999723434448,,,,0.3,31,0,0,-1,,,,,,,9,,,2.637283796502743e-05,nan,nan,0.0003483341133687645,,HILL,nan,0.0,0.0,0,2.6249465942382812,6.144999980926514,rel
0.0,nan,5381,,,,,,,,,nan,,,nan,,,,nan,nan,1.4046000242233276,,,,0.3,31,0,0,-1,,,,,,,9,,,2.8996293622185476e-05,nan,nan,0.0002932108473032713,,HILL,nan,0.0,0.0,0,3.0,7.0229997634887695,rel
0.0,0.41426558925048296,5382,,,,0.0005408328725025058,1.2038419246673584,0.0008112493087537587,0.001857757568359375,0.00041888700798153877,0.5537475943565369,0.9095755214933744,0.35518334291133813,0.5060056447982788,0.6119362203154611,0.13255691528320312,0.006697425041539144,55562.56824508129,0.12053563079092001,0.10000000149011612,,,,0.3,1001,19,0,270,0.0,2.7814695835113525,0.0,0.07543309032917023,0.004682839382439852,grid,9,0.0,0,0.0029311999678611755,0.0029311999678611755,0.002423531375825405,5.847743511199951,,HILL,-0.003969855742020919,0.07387000322341919,0.14774000644683838,1,0.21358393132686615,0.5,calm
0.0,-0.06097199065741821,5383,,,,0.0012168739922344685,0.7691733837127686,0.0014872903702780604,-0.007148444652557373,0.0007322486490011215,0.572793185710907,0.8176753116370744,0.2481472274460795,0.84358149766922,0.5083050975657122,0.12212626139322917,0.0064600937663488005,10563.11696178518,0.14991158835433468,0.15000000596046448,,,,0.3,1001,19,0,272,0.0,2.757157325744629,0.0,0.11199073493480682,0.006739506963640451,grid,9,0.0,0,0.0027109782677143812,0.0027109782677143812,0.0027109782677143812,2.403733968734741,,HILL,-0.022297321666370565,0.14499999582767487,0.19333332777023315,1,0.320375919342041,0.75,calm
0.0,0.27593765045706814,5384,,,,0.0,0.0,0.0,0.0,0.0,0.48330414295196533,0.0,0.0,0.7772201299667358,0.0,0.0,0.0,nan,0.16771759137902087,0.20000000298023224,,,,0.3,1001,19,0,5370,0.0012168739922344685,3.186100721359253,0.0017577068647369742,0.14366719126701355,0.010251246392726898,rel,9,0.21930000185966492,1,0.003734441939741373,0.003734441939741373,0.0028833176475018263,1.8625530004501343,,HILL,0.02357905561273765,0.21930000185966492,0.21930000185966492,1,0.4271678626537323,1.0,calm
0.0,0.44406505199380125,5385,,,,-0.0005408328725025058,-2.7293901443481445,-0.00013520821812562644,-0.0703505128622055,-0.02606815192848444,1.0533002614974976,1.7403988401915418,0.7512047418953571,0.9073116183280945,1.2734860969702089,0.10145378112792969,0.0302958445267912,nan,0.3619632187214974,0.20000000298023224,,,,1.0,1001,19,0,5409,0.0018929151119664311,6.339934349060059,0.00040562465437687933,0.13482417166233063,0.03685048595070839,rel,10,0.5382000207901001,1,0.007817292585968971,0.007817292585968971,0.0012858897680416703,3.8988747596740723,,HILL,0.15842221866954476,0.4693000018596649,0.4693000018596649,1,0.4271678626537323,1.0,omega
0.0,0.7363749066521075,5386,,,,-0.0014872904866933823,-2.477883815765381,0.001216873963130638,-0.031605906784534454,-0.007194671779870987,0.33769816160202026,1.2644728702939707,0.676571831632534,0.37847286462783813,0.9893387845944244,0.091015625,0.01600964011986105,nan,0.24334986503112677,0.25,,,,1.0,1001,19,0,5410,0.0036506219767034054,5.541441440582275,0.00040562465437687933,0.13721708953380585,0.020697951316833496,rel,10,0.582480001449585,1,0.007432129234075546,0.007432129234075546,0.0006283012917265296,2.37233567237854,,HILL,0.219522116400979,0.44620001316070557,0.35696001052856446,1,0.5339598655700684,1.25,omega
0.0,-0.9546786636387208,5387,,,,-0.0012168739922344685,-2.1348464488983154,0.0005408328725025058,-0.06566750258207321,-0.021381746511906385,0.8286568522453308,1.1728181209666009,0.5804881132914917,0.2807657718658447,0.9095861553764375,0.053141276041666664,0.013756461598668118,nan,0.10430848575813477,0.30000001192092896,,,,1.0,1001,19,0,305,0.002568956231698394,4.84551477432251,0.0,0.13739104568958282,0.02769632078707218,grid,10,0.6000666618347168,1,0.004088151268661022,0.004088151268661022,0.00028397157439030707,0.9062068462371826,,HILL,0.23209604783491689,0.2386000007390976,0.1590666671593984,1,0.640751838684082,1.5,omega
0.0,-0.23594609271314648,5388,,,,0.0,-1.5623581409454346,0.0013520822394639254,-0.06164789944887161,-0.0172763061709702,0.15241718292236328,0.7961197453821179,0.43241611932427115,0.04348094016313553,0.6579363096643741,0.04926409040178571,0.01010663446922865,nan,0.02239898436658851,0.3499999940395355,,,,1.0,1001,19,0,306,0.0013520822394639254,4.177858352661133,0.0,0.14578838646411896,0.02391180582344532,grid,10,0.5977142878941127,1,0.000869827636051923,0.000869827636051923,0.00011266276123933494,0.14165763556957245,,HILL,0.17891642397100302,0.05276000127196312,0.030148572155407498,1,0.7475438117980957,1.75,omega
0.0,0.9150534072699524,5389,,,,-0.0002704164944589138,-1.0928304195404053,0.0010816658032126725,-0.09634856134653091,-0.01488308422267437,0.010723710060119629,0.6617984351062185,0.32459989344031215,0.005699098110198975,0.48285104603890605,0.053436279296875,0.0072396371318173445,nan,0.005070291689733119,0.4000000059604645,,,,1.0,1001,19,1,307,0.0013520822394639254,3.685042142868042,0.0002704164362512529,0.20028090476989746,0.02280024252831936,grid,10,0.5360000133514404,1,0.00016506722022313625,0.00016506722022313625,4.9099893658421934e-05,0.020581819117069244,,HILL,0.10503318960016451,0.01358999963849783,0.006794999819248915,1,0.8543357253074646,2.0,omega
0.0,nan,5390,,,,0.0,-0.7786753177642822,0.000946457585087046,-0.08094193041324615,-0.015050436370074749,0.3036092221736908,0.5163960327875716,0.24510579997041926,nan,0.3754373586090822,0.06742689344618055,0.005865648112168973,nan,nan,0.44999998807907104,,,,1.0,141,1,0,308,0.0010816657450050116,3.35550856590271,0.00040562465437687933,0.2069278210401535,0.024791985750198364,grid,10,0.48133330874972874,1,1.94533549802145e-05,2.6842617444344796e-05,nan,0.001916515757329762,,HILL,nan,0.0,0.0,0,0.9611276984214783,2.25,omega
0.0,nan,5391,,,,0.0002704164362512529,-0.6647853851318359,0.0008112493669614196,-0.06872826814651489,-0.022818811237812042,0.29954999685287476,0.5291356924687745,0.23098046117166882,nan,0.3997180589565803,0.058831787109375,0.010136363550158305,nan,nan,0.5,,,,1.0,121,1,0,309,0.0008112493087537587,3.2255570888519287,0.0005408328725025058,0.22128744423389435,0.03421316295862198,grid,10,0.5239999771118165,1,1.8652312064659782e-05,2.2178643121151254e-05,nan,0.0014884545234963298,,HILL,nan,0.0,0.0,0,1.0679197311401367,2.5,omega
0.0,nan,5392,,,,0.0,0.04965353012084961,-0.0002704164944589138,0.0109785795211792,0.0008936189115047455,0.2732498049736023,0.1535550102119691,0.01896391867646693,nan,0.03514353807465115,0.006088958819274298,0.00032651888231063756,nan,nan,0.7023000121116638,,,,1.0,101,1,0,5416,0.0010816657450050116,2.45568585395813,0.0018929151119664311,0.25252097845077515,0.017353937029838562,rel,10,0.0024402678563062753,1,1.86429333552951e-05,1.86429333552951e-05,nan,0.0007540702354162931,,HILL,nan,0.0,0.0,0,1.5,3.5114998817443848,omega
0.0,nan,5393,,,,0.0,0.030308008193969727,0.000270416378043592,0.011551350355148315,0.0007366538047790527,0.25744280219078064,0.07923054012170955,0.01048812606440656,nan,0.01735353848695474,0.003510963995346669,0.00024171916551966028,nan,nan,0.8779000043869019,,,,1.0,101,1,0,5417,0.0008112493087537587,2.444368839263916,0.0018929151119664311,0.37433865666389465,0.023600853979587555,rel,10,0.0,0,1.9798020730377175e-05,1.9798020730377175e-05,nan,0.0005124772433191538,,HILL,nan,0.0,0.0,0,1.8750534057617188,4.389500141143799,omega
0.0,nan,5394,,,,0.0,0.01598334312438965,0.0,0.007033348083496094,0.00047328509390354156,0.2210473120212555,0.02744789276029519,0.007075205776532339,nan,0.009825987479795224,0.0015772967754854189,0.00014477071800088893,nan,nan,1.0535000562667847,,,,1.0,111,1,0,317,0.0002704164362512529,2.4355053901672363,0.0016224986175075173,0.49025627970695496,0.0304669551551342,grid,10,0.0,0,1.951027115865145e-05,2.2583042664336972e-05,nan,0.0003507010987959802,,HILL,nan,0.0,0.0,0,2.2501068115234375,5.267499923706055,omega
0.0,nan,5395,,,,0.0,-0.000438690185546875,0.0,-0.0004990100860595703,-1.6305595636367798e-05,0.17647188901901245,0.0022280682554933684,0.0003588175854028459,nan,0.0006635440591110022,0.00018623420394461116,2.8742572755285105e-05,nan,nan,1.2289999723434448,,,,1.0,121,1,0,5419,0.0,2.4542691707611084,0.0013520822394639254,0.5750206112861633,0.037213850766420364,rel,10,0.0,0,1.9998296920675784e-05,2.702098026929889e-05,nan,0.0002641387691255659,,HILL,nan,0.0,0.0,0,2.6249465942382812,6.144999980926514,omega
0.0,nan,5396,,,,0.0,-0.019677162170410156,0.0,-0.007664620876312256,-0.0004231296479701996,0.12860630452632904,0.023808832948914928,0.005788039577704613,nan,0.011214108056213909,0.0021950940970911913,0.0002174349698912635,nan,nan,1.4046000242233276,,,,1.0,141,1,0,5420,0.0,2.4773924350738525,0.0010816657450050116,0.6757317781448364,0.04380679130554199,rel,10,0.0,0,1.725639231153764e-05,3.3002186683006585e-05,nan,0.0001744968321872875,,HILL,nan,0.0,0.0,0,3.0,7.0229997634887695,omega
0.0,0.5947946531018093,5397,,,,-0.0018929151119664311,-0.8322415351867676,-0.00013520821812562644,-0.00941912829875946,-0.0009879246354103088,0.4626849591732025,0.7317610238844325,0.2953718400555514,0.8020545244216919,0.4785364017538166,0.0630645751953125,0.019387280001325696,nan,0.34699637171606657,0.20000000298023224,,,,1.0,1001,19,0,5409,0.0018929151119664311,6.339934349060059,0.00040562465437687933,0.13482417166233063,0.03685048595070839,rel,10,0.5382000207901001,1,0.01064738817512989,0.01064738817512989,0.010020263493061066,5.310384750366211,,HILL,0.0003661003979771137,0.45179998874664307,0.45179998874664307,1,0.4271678626537323,1.0,kfloor
0.0,-0.571333054127984,5398,,,,-0.0006760412361472845,-0.6778883934020996,-0.00013520821812562644,0.0024855881929397583,-0.007357408292591572,1.5068165063858032,0.6441282179767066,0.2684001139635491,1.7932078838348389,0.4299681989300269,0.058428955078125,0.010337904725866489,71480.08417230418,0.39206350612785995,0.25,,,,1.0,1001,19,0,5410,0.0036506219767034054,5.541441440582275,0.00040562465437687933,0.13721708953380585,0.020697951316833496,rel,10,0.582480001449585,1,0.00983426719903946,0.00983426719903946,0.008649474941194057,3.1390979290008545,,HILL,-0.0038191643628206475,0.6207000017166138,0.49656000137329104,1,0.5339598655700684,1.25,kfloor
0.0,-0.07389652280635652,5399,,,,-0.0012168739922344685,-0.4716506004333496,0.0002704164362512529,0.019543856382369995,-0.007960515096783638,1.3558464050292969,0.6666698964855317,0.20981896159713817,1.3558464050292969,0.41098142816867606,0.05108642578125,0.015232083054733897,24159.11639502407,0.36655945695139863,0.30000001192092896,,,,1.0,1001,19,0,305,0.002568956231698394,4.84551477432251,0.0,0.13739104568958282,0.02769632078707218,grid,10,0.6000666618347168,1,0.00879118125885725,0.00879118125885725,0.00879118125885725,1.94871187210083,,HILL,-0.011412919651378148,0.708299994468689,0.4721999963124593,1,0.640751838684082,1.5,kfloor
0.0,0.4764920461940842,5400,,,,0.0005408328725025058,-0.15224313735961914,0.0010816657450050116,0.0494714230298996,-0.004843823611736298,0.45157310366630554,0.4692178742943055,0.1487500831665492,0.9034839272499084,0.27174459689344327,0.058933803013392856,0.011723017716512773,23493.53593075155,0.32788183365963847,0.3499999940395355,,,,1.0,1001,19,0,306,0.0013520822394639254,4.177858352661133,0.0,0.14578838646411896,0.02391180582344532,grid,10,0.5977142878941127,1,0.007143003400415182,0.007143003400415182,0.007143003400415182,1.1632890701293945,,HILL,-0.011349769072099036,0.741100013256073,0.4234857218606131,1,0.7475438117980957,1.75,kfloor
0.0,-0.8626242798939624,5401,,,,-0.0005408329307101667,0.01078486442565918,0.0,-0.010799869894981384,-0.007311873137950897,1.4164295196533203,0.3858968738455109,0.11481900439505444,1.334503412246704,0.22261315496964768,0.0334625244140625,0.006359211500107501,nan,0.29023430491986174,0.4000000059604645,,,,1.0,1001,19,0,307,0.0013520822394639254,3.685042142868042,0.0002704164362512529,0.20028090476989746,0.02280024252831936,grid,10,0.5360000133514404,1,0.006872846744954586,0.006872846744954586,0.004105298314243555,0.8569580912590027,,HILL,0.03411463390697147,0.7544999718666077,0.37724998593330383,1,0.8543357253074646,2.0,kfloor
0.0,-0.4321571351284174,5402,,,,-0.0002704164362512529,-0.0603184700012207,0.00013520821812562644,-0.025168463587760925,-0.011199254542589188,1.0390489101409912,0.4279947680308578,0.1407542716823937,0.8248162865638733,0.2630210062930256,0.04686143663194445,0.005949092197143131,nan,0.19998152766403088,0.44999998807907104,,,,1.0,1001,19,0,308,0.0010816657450050116,3.35550856590271,0.00040562465437687933,0.2069278210401535,0.024791985750198364,grid,10,0.48133330874972874,1,0.005244927480816841,0.005244927480816841,0.0015900824218988419,0.5167225003242493,,HILL,0.09399865757335324,0.579800009727478,0.25768889321221244,1,0.9611276984214783,2.25,kfloor
0.0,0.8168292222220669,5403,,,,-0.0008112493087537587,-0.19953346252441406,0.0002704164362512529,-0.05478328466415405,-0.02014766912907362,0.23748168349266052,0.500177100014608,0.18649598072790596,0.1556471884250641,0.33126294886035723,0.046502685546875,0.008944090541599246,nan,0.09764522099125648,0.5,,,,1.0,1001,19,0,309,0.0008112493087537587,3.2255570888519287,0.0005408328725025058,0.22128744423389435,0.03421316295862198,grid,10,0.5239999771118165,1,0.0032190601341426373,0.0032190601341426373,0.00047766751958988607,0.2568809986114502,,HILL,0.16711098931052498,0.3522000014781952,0.1408800005912781,1,1.0679197311401367,2.5,kfloor
0.0,nan,5404,,,,-0.0008112493087537587,0.3527083396911621,-0.0008112493669614196,0.010831594467163086,0.0014477241784334183,nan,0.13212945270487825,0.06913264740313455,nan,0.11014963568793992,0.012844932931150632,0.0006002436397257625,nan,nan,0.7023000121116638,,,,1.0,81,0,0,5416,0.0010816657450050116,2.45568585395813,0.0018929151119664311,0.25252097845077515,0.017353937029838562,rel,10,0.0024402678563062753,1,1.7560692867846228e-05,nan,nan,0.0007102957461029291,,HILL,nan,0.0,0.0,0,1.5,3.5114998817443848,kfloor
0.0,nan,5405,,,,-0.0008112493087537587,0.2621288299560547,-0.0005408328725025058,0.010828077793121338,0.0014392491430044174,nan,0.09981062209581182,0.050417590249902194,nan,0.08022144387437491,0.009733365531654133,0.0004692862734391422,nan,nan,0.8779000043869019,,,,1.0,71,0,0,5417,0.0008112493087537587,2.444368839263916,0.0018929151119664311,0.37433865666389465,0.023600853979587555,rel,10,0.0,0,1.557850009703543e-05,nan,nan,0.00040325376903638244,,HILL,nan,0.0,0.0,0,1.8750534057617188,4.389500141143799,kfloor
0.0,nan,5406,,,,-0.0002704164362512529,0.19405174255371094,-0.000270416378043592,0.012639135122299194,0.0016233362257480621,nan,0.08380095126058272,0.03950346363285521,nan,0.06340617270466338,0.00725353742114874,0.0003765336519688784,nan,nan,1.0535000562667847,,,,1.0,61,0,0,317,0.0002704164362512529,2.4355053901672363,0.0016224986175075173,0.49025627970695496,0.0304669551551342,grid,10,0.0,0,1.9591527234297246e-05,nan,nan,0.0003521616745274514,,HILL,nan,0.0,0.0,0,2.2501068115234375,5.267499923706055,kfloor
0.0,nan,5407,,,,0.0,0.09356212615966797,-0.0002704164944589138,0.005517542362213135,0.0008830688893795013,nan,0.05530421227652457,0.018243693763367992,nan,0.029877066289863006,0.003655156642752902,0.00021564642964181556,nan,nan,1.2289999723434448,,,,1.0,71,0,0,5419,0.0,2.4542691707611084,0.0013520822394639254,0.5750206112861633,0.037213850766420364,rel,10,0.0,0,1.4547330465575214e-05,nan,nan,0.00019214206258766353,,HILL,nan,0.0,0.0,0,2.6249465942382812,6.144999980926514,kfloor
0.0,nan,5408,,,,0.0,0.01510763168334961,0.0,0.003553450107574463,0.000154152512550354,nan,0.03143496207224874,0.003870896738038994,nan,0.006313948196008853,0.002098273676972044,0.00020586758548151108,nan,nan,1.4046000242233276,,,,1.0,71,0,0,5420,0.0,2.4773924350738525,0.0010816657450050116,0.6757317781448364,0.04380679130554199,rel,10,0.0,0,1.631902159715537e-05,nan,nan,0.00016501813661307096,,HILL,nan,0.0,0.0,0,3.0,7.0229997634887695,kfloor
0.0,0.13669480006634072,5409,,,,,,,,,2.148444414138794,,,1.6882864236831665,,,,nan,0.42473097320945097,0.20000000298023224,,,,1.0,1001,19,0,-1,,,,,,,10,,,0.012457598932087421,0.012457598932087421,0.011313742026686668,6.213227272033691,,HILL,0.0028359651565553084,0.5382000207901001,0.5382000207901001,1,0.4271678626537323,1.0,rel
0.0,-0.376370916994361,5410,,,,,,,,,2.1983137130737305,,,1.7851593494415283,,,,119366.69990006683,0.4660841742961236,0.25,,,,1.0,1001,19,0,-1,,,,,,,10,,,0.011546828784048557,0.011546828784048557,0.01117229275405407,3.6857476234436035,,HILL,-0.0023329669778996763,0.7281000018119812,0.582480001449585,1,0.5339598655700684,1.25,rel
0.0,-0.37050861177760813,5411,,,,0.0,0.0,0.0,0.0,0.0,1.7966517210006714,0.0,0.0,1.7396527528762817,0.0,0.0,0.0,82534.7833272518,0.45348383027423234,0.30000001192092896,,,,1.0,1001,19,0,305,0.002568956231698394,4.84551477432251,0.0,0.13739104568958282,0.02769632078707218,grid,10,0.6000666618347168,1,0.011638298630714417,0.011638298630714417,0.011056800372898579,2.5798227787017822,,HILL,-0.0033910599621858727,0.9000999927520752,0.6000666618347168,1,0.640751838684082,1.5,rel
0.0,0.7958896127340677,5412,,,,0.0,0.0,0.0,0.0,0.0,0.6001119613647461,0.0,0.0,0.6472636461257935,0.0,0.0,0.0,nan,0.4325179543373962,0.3499999940395355,,,,1.0,1001,19,0,306,0.0013520822394639254,4.177858352661133,0.0,0.14578838646411896,0.02391180582344532,grid,10,0.5977142878941127,1,0.011490200646221638,0.011490200646221638,0.01120679546147585,1.8712612390518188,,HILL,0.0019901839169589796,1.0460000038146973,0.5977142878941127,1,0.7475438117980957,1.75,rel
0.0,0.6720696357513989,5413,,,,0.0,0.0,0.0,0.0,0.0,0.6700530648231506,0.0,0.0,0.7493603825569153,0.0,0.0,0.0,nan,0.3972702238180784,0.4000000059604645,,,,1.0,1001,19,0,307,0.0013520822394639254,3.685042142868042,0.0002704164362512529,0.20028090476989746,0.02280024252831936,grid,10,0.5360000133514404,1,0.010643824003636837,0.010643824003636837,0.010172443464398384,1.3271517753601074,,HILL,0.0020110282030972853,1.0720000267028809,0.5360000133514404,1,0.8543357253074646,2.0,rel
0.0,-0.33036865413789646,5414,,,,0.0,0.0,0.0,0.0,0.0,1.5134761333465576,0.0,0.0,1.5837242603302002,0.0,0.0,0.0,19350.477273038923,0.3812308816503286,0.44999998807907104,,,,1.0,1001,19,0,308,0.0010816657450050116,3.35550856590271,0.00040562465437687933,0.2069278210401535,0.024791985750198364,grid,10,0.48133330874972874,1,0.008308582939207554,0.008308582939207554,0.008308582939207554,0.8185492157936096,,HILL,-0.014270145242864282,1.0829999446868896,0.48133330874972874,1,0.9611276984214783,2.25,rel
0.0,0.8682281645270584,5415,,,,0.0,0.0,0.0,0.0,0.0,1.1073620319366455,0.0,0.0,0.5487014055252075,0.0,0.0,0.0,nan,0.37364636112658667,0.5,,,,1.0,1001,19,0,309,0.0008112493087537587,3.2255570888519287,0.0005408328725025058,0.22128744423389435,0.03421316295862198,grid,10,0.5239999771118165,1,0.008350790478289127,0.008350790478289127,0.005821047816425562,0.6663930416107178,,HILL,0.019020405682650624,1.309999942779541,0.5239999771118165,1,1.0679197311401367,2.5,rel
0.0,-0.7091509970063298,5416,,,,,,,,,0.01048213429749012,,,0.008167542517185211,,,,nan,0.0018206245751803698,0.7023000121116638,,,,1.0,1001,19,1,-1,,,,,,,10,,,4.1205745219485834e-05,4.1205745219485834e-05,2.7502523153088987e-05,0.0016666918527334929,,HILL,0.03498637459494859,0.008569000288844109,0.0024402678563062753,1,1.5,3.5114998817443848,rel
0.0,nan,5417,,,,,,,,,nan,,,nan,,,,nan,nan,0.8779000043869019,,,,1.0,91,0,0,-1,,,,,,,10,,,1.3208036762080155e-05,nan,nan,0.000341893668519333,,HILL,nan,0.0,0.0,0,1.8750534057617188,4.389500141143799,rel
0.0,nan,5418,,,,0.0,7.605552673339844e-05,0.0,0.0018908381462097168,0.00013266876339912415,nan,0.0029793098363985336,0.0023029687908686647,nan,0.0029663028652541566,0.0005098333011670041,1.3948951827794653e-05,nan,nan,1.0535000562667847,71,0.0,0,1.0,71,0,0,317,0.0002704164362512529,2.4355053901672363,0.0016224986175075173,0.49025627970695496,0.0304669551551342,grid,10,0.0,0,1.730826625134796e-05,nan,nan,0.00031111962744034827,,HILL,nan,0.0,0.0,0,2.2501068115234375,5.267499923706055,rel
0.0,nan,5419,,,,,,,,,nan,,,nan,,,,nan,nan,1.2289999723434448,,,,1.0,61,0,0,-1,,,,,,,10,,,2.3782222342561e-05,nan,nan,0.0003141170891467482,,HILL,nan,0.0,0.0,0,2.6249465942382812,6.144999980926514,rel
0.0,nan,5420,,,,,,,,,nan,,,nan,,,,nan,nan,1.4046000242233276,,,,1.0,51,0,0,-1,,,,,,,10,,,3.645315518951975e-05,nan,nan,0.00036861473927274346,,HILL,nan,0.0,0.0,0,3.0,7.0229997634887695,rel
0.0,0.18016126540419045,5421,,,,0.0,0.0,0.0,0.0,0.0,1.5230674743652344,0.0,0.0,2.0525388717651367,0.0,0.0,0.0,nan,0.5494897010010377,0.10000000149011612,,,,1.0,1001,19,0,300,0.00459707947447896,8.259387969970703,0.00040562465437687933,0.08838128298521042,0.018203021958470345,grid,10,0.6830000281333923,1,0.00911866407841444,0.00911866407841444,0.00860429834574461,18.191734313964844,,HILL,0.0021775635805997666,0.34150001406669617,0.6830000281333923,1,0.21358393132686615,0.5,calm
0.0,-0.4837388160670977,5422,,,,-0.0009464576141908765,-0.030826568603515625,0.00040562465437687933,0.0010960102081298828,-0.0005036434158682823,2.1503427028656006,0.35032035002891576,0.0776225487765617,2.131268262863159,0.14023151211781223,0.06776936848958333,0.00859765253648127,61935.39722520511,0.5418976761868549,0.15000000596046448,,,,1.0,1001,19,0,302,0.0027041644789278507,7.095117568969727,0.0,0.06944634020328522,0.01418347004801035,grid,10,0.7041333516438802,1,0.010533156804740429,0.010533156804740429,0.010294616222381592,9.339399337768555,,HILL,-0.0044663255864922525,0.5178999900817871,0.6905333201090494,1,0.320375919342041,0.75,calm
0.0,0.13669480006634072,5423,,,,0.0,0.0,0.0,0.0,0.0,2.148444414138794,0.0,0.0,1.6882864236831665,0.0,0.0,0.0,nan,0.42473097320945097,0.20000000298023224,,,,1.0,1001,19,0,5409,0.0018929151119664311,6.339934349060059,0.00040562465437687933,0.13482417166233063,0.03685048595070839,rel,10,0.5382000207901001,1,0.012457598932087421,0.012457598932087421,0.011313742026686668,6.213227272033691,,HILL,0.0028359651565553084,0.5382000207901001,0.5382000207901001,1,0.4271678626537323,1.0,calm
0.0,0.3460865965318703,5424,,,,-0.00040562497451901436,-2.1974735260009766,0.0013520822394639254,-0.05792674794793129,-0.028726935386657715,1.269248366355896,1.6799368764620062,0.6518056860058599,1.1620322465896606,1.1847738615491414,0.1076202392578125,0.03692604484527159,nan,0.38819699342951336,0.20000000298023224,,,,3.0,1001,19,0,5448,0.007977285422384739,5.788788318634033,0.0005408328725025058,0.1019393727183342,0.0386674702167511,rel,11,0.5882999897003174,1,0.007736002095043659,0.007736002095043659,0.0016595780616626143,3.8583312034606934,,HILL,0.13038827289234528,0.49970000982284546,0.49970000982284546,1,0.4271678626537323,1.0,omega
0.0,0.7295807313188016,5425,,,,0.0009464574977755547,-1.8467333316802979,0.0004056246252730489,-0.02309679239988327,0.005116138607263565,0.38124513626098633,1.10569530767037,0.5192999999903455,0.47163039445877075,0.7798324402411225,0.06771240234375,0.01596528246571658,nan,0.274368171806407,0.25,,,,3.0,1001,19,0,5449,0.007977285422384739,4.9961724281311035,0.0012168739922344685,0.07639838010072708,0.01260753720998764,rel,11,0.6716000080108643,1,0.008236001245677471,0.008236001245677471,0.0008174233371391892,2.628931760787964,,HILL,0.20242495103315888,0.5160999894142151,0.41287999153137206,1,0.5339598655700684,1.25,omega
0.0,-0.8929341350296338,5426,,,,-0.0032449972350150347,-1.8420426845550537,0.002433747926261276,-0.032404232770204544,-0.015427973819896579,1.1129738092422485,0.9833206055383075,0.4964497096831237,0.36220109462738037,0.7609816070944335,0.037409464518229164,0.01065516885022806,nan,0.15738644372374475,0.30000001192092896,,,,3.0,1001,19,0,335,0.007030827458947897,4.574061393737793,0.0008112493087537587,0.07749966531991959,0.0189384613186121,grid,11,0.6498666604359945,1,0.00580602278932929,0.00580602278932929,0.0003721497196238488,1.2870017290115356,,HILL,0.24172775095159396,0.3637999892234802,0.24253332614898682,1,0.640751838684082,1.5,omega
0.0,-0.2845600338370153,5427,,,,0.0005408329889178276,-1.5693421363830566,0.0017577067483216524,-0.0733601413667202,-0.014662350062280893,0.2799447476863861,0.7433041460467866,0.41548256841394154,0.08572877943515778,0.6121757213370446,0.045283726283482144,0.00830327754391683,nan,0.03724830091600657,0.3499999940395355,,,,3.0,1001,19,0,336,0.004326662980020046,4.092349529266357,0.0012168739922344685,0.1242404580116272,0.01777976006269455,grid,11,0.6428571428571429,1,0.001358819310553372,0.001358819310553372,0.00014775738236494362,0.22129343450069427,,HILL,0.19389874284917683,0.08567000180482864,0.04895428674561637,1,0.7475438117980957,1.75,omega
0.0,0.891931884688144,5428,,,,-0.0027041644789278507,-1.2208454608917236,0.0014872903702780604,-0.08013357222080231,-0.01652547111734748,0.018307030200958252,0.6020288463411382,0.33034467849020555,0.008808255195617676,0.49264291950493533,0.0654449462890625,0.00804092472730423,nan,0.008266288215418329,0.4000000059604645,,,,3.0,1001,19,1,337,0.007301243953406811,3.6568238735198975,0.0014872903702780604,0.1483844667673111,0.020889481529593468,grid,11,0.593999981880188,1,0.000258833693806082,0.000258833693806082,6.4791580371093e-05,0.03227332606911659,,HILL,0.12010387073863665,0.022690000012516975,0.011345000006258488,1,0.8543357253074646,2.0,omega
0.0,0.908678721429086,5429,,,,-0.0008112494833767414,-0.9935064315795898,0.002163331606425345,-0.07347122579813004,-0.012354779988527298,0.0024006101302802563,0.5973485004870095,0.2678616170018735,0.002291944343596697,0.3757243106082947,0.05664401584201389,0.005225213522034536,nan,0.0023199895778648542,0.44999998807907104,,,,3.0,1001,19,1,338,0.0054083289578557014,3.369724750518799,0.0016224986175075173,0.15828454494476318,0.01802261546254158,grid,11,0.5257777637905545,1,5.2589140977943316e-05,5.2589140977943316e-05,3.0642135243397206e-05,0.0051810042932629585,,HILL,0.047028697620738906,0.009103000164031982,0.004045777850680881,1,0.9611276984214783,2.25,omega
0.0,nan,5430,,,,-0.000540832756087184,-0.8620247840881348,0.0013520822394639254,-0.06112236529588699,-0.022166917100548744,0.29018133878707886,0.5663757887656846,0.23664203782111382,nan,0.4531486614226804,0.04837493896484375,0.009537734177513597,nan,nan,0.5,,,,3.0,141,1,0,339,0.004056246485561132,3.2970893383026123,0.002163331490010023,0.17015309631824493,0.029517887160182,grid,11,0.552400016784668,1,1.9472408894216642e-05,2.608745126053691e-05,nan,0.001553898211568594,,HILL,nan,0.0,0.0,0,1.0679197311401367,2.5,omega
0.0,nan,5431,,,,-0.0005408329889178276,0.15201544761657715,-0.0008112492505460978,0.012931838631629944,0.0011900998651981354,0.262529194355011,0.1279283216943462,0.045770690716038294,nan,0.0652177473691158,0.008295323736659864,0.0005983544418877054,nan,nan,0.7023000121116638,,,,3.0,111,1,0,5455,0.0027041644789278507,2.23408842086792,0.004326662980020046,0.20978805422782898,0.013479338027536869,rel,11,0.005060515563305413,1,1.8804752471623942e-05,2.203435724368319e-05,nan,0.0007606155122630298,,HILL,nan,0.0,0.0,0,1.5,3.5114998817443848,omega
0.0,nan,5432,,,,-0.000270416378043592,0.060903072357177734,-0.0008112494833767414,0.010246813297271729,0.0006514955312013626,0.24441774189472198,0.053845147765675914,0.01838023622656421,nan,0.025807374832488267,0.0026419135014489788,0.00022205859086951894,nan,nan,0.8779000043869019,,,,3.0,121,1,0,5456,0.002163331490010023,2.312621593475342,0.0037858302239328623,0.3372526168823242,0.02029634267091751,rel,11,0.0,0,1.7497732187621295e-05,2.3549251636723056e-05,nan,0.0004529336001724005,,HILL,nan,0.0,0.0,0,1.8750534057617188,4.389500141143799,omega
0.0,nan,5433,,,,-0.0002704164944589138,0.034948110580444336,-0.000540832756087184,0.011726677417755127,0.0008090939372777939,0.20844152569770813,0.02873835977223151,0.012438831770837499,nan,0.017660170527664425,0.002734560433532113,0.00022087907108250796,nan,nan,1.0535000562667847,,,,3.0,121,1,0,347,0.0013520822394639254,2.3624298572540283,0.0032449972350150347,0.4766187369823456,0.02837504632771015,grid,11,0.0,0,1.94813655980397e-05,2.6332489142077975e-05,nan,0.00035018150811083615,,HILL,nan,0.0,0.0,0,2.2501068115234375,5.267499923706055,omega
0.0,nan,5434,,,,0.0,-0.008862733840942383,0.0,-0.003556489944458008,-0.0001970045268535614,0.16437053680419922,0.006366842865917652,0.0025936040048623776,nan,0.004466909502406143,0.0008929930079144105,9.338222792862935e-05,nan,nan,1.2289999723434448,,,,3.0,131,1,0,5458,0.0002704164362512529,2.4271080493927,0.0018929151119664311,0.6013458967208862,0.037109509110450745,rel,11,0.0,0,1.9474096916383132e-05,3.046860729227774e-05,nan,0.0002572151133790612,,HILL,nan,0.0,0.0,0,2.6249465942382812,6.144999980926514,omega
0.0,nan,5435,,,,0.0,-0.01148366928100586,0.0,-0.0031885504722595215,-0.00023127347230911255,0.11984650045633316,0.009485117904543481,0.0033455517969701296,nan,0.006692186939913532,0.0012710226259680514,0.00013990437703963334,nan,nan,1.4046000242233276,,,,3.0,141,1,0,5459,0.0,2.4484825134277344,0.0013520822394639254,0.6970681548118591,0.044403377920389175,rel,11,0.0,0,1.9012053598999046e-05,3.63106228178367e-05,nan,0.00019225012511014938,,HILL,nan,0.0,0.0,0,3.0,7.0229997634887695,omega
0.0,0.5173549504095036,5436,,,,-0.006219578557647765,-0.6134943962097168,0.0009464574977755547,-0.004635974764823914,-0.0036383233964443207,0.5101150870323181,1.0927761775141618,0.3440439394566398,0.9907570481300354,0.5976139395057778,0.1001434326171875,0.027999646353231628,459594.6886252082,0.36336362325316246,0.20000000298023224,,,,3.0,1001,19,0,5448,0.007977285422384739,5.788788318634033,0.0005408328725025058,0.1019393727183342,0.0386674702167511,rel,11,0.5882999897003174,1,0.010921897366642952,0.010921897366642952,0.010687261819839478,5.447296142578125,,HILL,-0.0005968830802223464,0.49070000648498535,0.49070000648498535,1,0.4271678626537323,1.0,kfloor
0.0,-0.5538487295936723,5437,,,,-0.0022985399700701237,-0.37615251541137695,0.0009464574977755547,-0.011972561478614807,-0.0019732648506760597,1.828892707824707,0.3934869339814505,0.16094268925772706,1.9609359502792358,0.2604059184081299,0.05560302734375,0.007299981541476294,105765.61422004241,0.4398743523137938,0.25,,,,3.0,1001,19,0,5449,0.007977285422384739,4.9961724281311035,0.0012168739922344685,0.07639838010072708,0.01260753720998764,rel,11,0.6716000080108643,1,0.010211726650595665,0.010211726650595665,0.010211726650595665,3.259582996368408,,HILL,-0.0025849082253195208,0.723800003528595,0.5790400028228759,1,0.5339598655700684,1.25,kfloor
0.0,-0.3347986766110039,5438,,,,-0.0018929149955511093,-0.4067215919494629,0.0002704164362512529,0.0024112313985824585,-0.005690186284482479,1.864380955696106,0.48122696476069476,0.16492209229902202,1.5151424407958984,0.28412886078921157,0.037470499674479164,0.008943018202784257,36735.698750380776,0.3929735333404348,0.30000001192092896,,,,3.0,1001,19,0,335,0.007030827458947897,4.574061393737793,0.0008112493087537587,0.07749966531991959,0.0189384613186121,grid,11,0.6498666604359945,1,0.009794727899134159,0.009794727899134159,0.009308322332799435,2.1711647510528564,,HILL,-0.007527591965415181,0.7835999727249146,0.5223999818166097,1,0.640751838684082,1.5,kfloor
0.0,0.5357667909132041,5439,,,,0.0002704164944589138,-0.2315995693206787,0.0001352082472294569,-0.026059165596961975,-0.004889451898634434,0.452585369348526,0.41625593597917027,0.13248310544531788,0.8104996085166931,0.24409199132947035,0.035762241908482144,0.009678375405063496,23027.127598152034,0.35441845437300584,0.3499999940395355,,,,3.0,1001,19,0,336,0.004326662980020046,4.092349529266357,0.0012168739922344685,0.1242404580116272,0.01777976006269455,grid,11,0.6428571428571429,1,0.00809159129858017,0.00809159129858017,0.007922184653580189,1.317773461341858,,HILL,-0.011835960908369483,0.8093000054359436,0.4624571459633963,1,0.7475438117980957,1.75,kfloor
0.0,-0.8229912135109906,5440,,,,-0.0033802054822444916,-0.00516819953918457,0.0002704164944589138,-0.04273279756307602,-0.010210540145635605,1.2896243333816528,0.3088878304735572,0.09765121801885246,1.386403203010559,0.18186047271037553,0.025421142578125,0.007103798351879698,nan,0.32636402689566063,0.4000000059604645,,,,3.0,1001,19,0,337,0.007301243953406811,3.6568238735198975,0.0014872903702780604,0.1483844667673111,0.020889481529593468,grid,11,0.593999981880188,1,0.006782678421586752,0.006782678421586752,0.005078532267361879,0.8457152247428894,,HILL,0.018776460127397098,0.8464000225067139,0.42320001125335693,1,0.8543357253074646,2.0,kfloor
0.0,-0.4864188746655238,5441,,,,-0.0032449974678456783,-0.048308610916137695,0.0002704164944589138,-0.0346260592341423,-0.008341287262737751,1.1047121286392212,0.36914745004055605,0.1017013474256226,1.054911494255066,0.20486220905715552,0.03502061631944445,0.005491842133130215,nan,0.2396093248528262,0.44999998807907104,,,,3.0,1001,19,0,338,0.0054083289578557014,3.369724750518799,0.0016224986175075173,0.15828454494476318,0.01802261546254158,grid,11,0.5257777637905545,1,0.005811683367937803,0.005811683367937803,0.0021603333298116922,0.5725584626197815,,HILL,0.07508497671647511,0.6945000290870667,0.30866667959425187,1,0.9611276984214783,2.25,kfloor
0.0,0.7581549129767694,5442,,,,-0.0021633313735947013,-0.2486591339111328,0.0004056247416883707,-0.031273066997528076,-0.019459346309304237,0.34740006923675537,0.4539105843962446,0.15673715109804828,0.2250046730041504,0.29375469706300816,0.03275146484375,0.007865716983589887,nan,0.1303975592080654,0.5,,,,3.0,1001,19,0,339,0.004056246485561132,3.2970893383026123,0.002163331490010023,0.17015309631824493,0.029517887160182,grid,11,0.552400016784668,1,0.0038354943972080946,0.0038354943972080946,0.0006855022511444986,0.3060724437236786,,HILL,0.14831554672934807,0.44279998540878296,0.17711999416351318,1,1.0679197311401367,2.5,kfloor
0.0,nan,5443,,,,-0.0016224987339228392,0.575505256652832,-0.0018929149955511093,0.022219344973564148,0.0026333006098866463,nan,0.2142297063366169,0.12406173328068769,nan,0.1835489834847507,0.01874595421684162,0.0010004204492346975,nan,nan,0.7023000121116638,,,,3.0,91,0,0,5455,0.0027041644789278507,2.23408842086792,0.004326662980020046,0.20978805422782898,0.013479338027536869,rel,11,0.005060515563305413,1,1.7500815374660306e-05,nan,nan,0.0007078738417476416,,HILL,nan,0.0,0.0,0,1.5,3.5114998817443848,kfloor
0.0,nan,5444,,,,-0.0010816657450050116,0.3926737308502197,-0.0016224987339228392,0.028282105922698975,0.0029230881482362747,nan,0.13381992344592958,0.08472962869189603,nan,0.1210299528664935,0.015086716574063906,0.0006574531600374196,nan,nan,0.8779000043869019,,,,3.0,71,0,0,5456,0.002163331490010023,2.312621593475342,0.0037858302239328623,0.3372526168823242,0.02029634267091751,rel,11,0.0,0,1.7899437807500362e-05,nan,nan,0.00046333190402947366,,HILL,nan,0.0,0.0,0,1.8750534057617188,4.389500141143799,kfloor
0.0,nan,5445,,,,-0.0010816658032126725,0.24988150596618652,-0.0013520821230486035,0.02779969573020935,0.0028443392366170883,nan,0.12310210909097423,0.05706991795154719,nan,0.08083601108114583,0.012166476505121688,0.0005395485771953606,nan,nan,1.0535000562667847,,,,3.0,71,0,0,347,0.0013520822394639254,2.3624298572540283,0.0032449972350150347,0.4766187369823456,0.02837504632771015,grid,11,0.0,0,1.5772428014315665e-05,nan,nan,0.0002835126069840044,,HILL,nan,0.0,0.0,0,2.2501068115234375,5.267499923706055,kfloor
0.0,nan,5446,,,,-0.0002704164362512529,0.10989785194396973,-0.0005408328725025058,0.008843660354614258,0.001313522458076477,nan,0.07564804408673426,0.023388511680471832,nan,0.03435647302198537,0.005204625219572066,0.0002590430587127714,nan,nan,1.2289999723434448,,,,3.0,71,0,0,5458,0.0002704164362512529,2.4271080493927,0.0018929151119664311,0.6013458967208862,0.037109509110450745,rel,11,0.0,0,1.6457239325973205e-05,nan,nan,0.00021736824419349432,,HILL,nan,0.0,0.0,0,2.6249465942382812,6.144999980926514,kfloor
0.0,nan,5447,,,,0.0,0.030971765518188477,-0.0002704164944589138,0.006722986698150635,0.0004398226737976074,nan,0.03837919278075382,0.006782973732300554,nan,0.010025773346011051,0.0018076766235990064,0.00013848460240032813,nan,nan,1.4046000242233276,,,,3.0,71,0,0,5459,0.0,2.4484825134277344,0.0013520822394639254,0.6970681548118591,0.044403377920389175,rel,11,0.0,0,1.822419471864123e-05,nan,nan,0.00018428327166475356,,HILL,nan,0.0,0.0,0,3.0,7.0229997634887695,kfloor
0.0,0.08546885126414808,5448,,,,,,,,,1.7158477306365967,,,1.6644670963287354,,,,nan,0.4470711052511793,0.20000000298023224,,,,3.0,1001,19,0,-1,,,,,,,11,,,0.01239590160548687,0.01239590160548687,0.01131497137248516,6.182455539703369,,HILL,0.0009175062179565929,0.5882999897003174,0.5882999897003174,1,0.4271678626537323,1.0,rel
0.0,-0.5170019195920978,5449,,,,,,,,,1.7259197235107422,,,1.9887869358062744,,,,434419.555294262,0.5206812250142049,0.25,,,,3.0,1001,19,0,-1,,,,,,,11,,,0.012539257295429707,0.012539257295429707,0.011852053925395012,4.002531051635742,,HILL,-0.0006453904238613227,0.8395000100135803,0.6716000080108643,1,0.5339598655700684,1.25,rel
0.0,-0.46386463223820656,5450,,,,0.0,0.0,0.0,0.0,0.0,1.9243440628051758,0.0,0.0,1.9301414489746094,0.0,0.0,0.0,6288382.604497993,0.503553533358884,0.30000001192092896,,,,3.0,1001,19,0,335,0.007030827458947897,4.574061393737793,0.0008112493087537587,0.07749966531991959,0.0189384613186121,grid,11,0.6498666604359945,1,0.012299982830882072,0.012299982830882072,0.011560832150280476,2.7264962196350098,,HILL,-4.435669292092162e-05,0.9747999906539917,0.6498666604359945,1,0.640751838684082,1.5,rel
0.0,0.8019085599536083,5451,,,,0.0,0.0,0.0,0.0,0.0,0.6420860886573792,0.0,0.0,0.678796112537384,0.0,0.0,0.0,nan,0.48202078035618395,0.3499999940395355,,,,3.0,1001,19,0,336,0.004326662980020046,4.092349529266357,0.0012168739922344685,0.1242404580116272,0.01777976006269455,grid,11,0.6428571428571429,1,0.012174486182630062,0.012174486182630062,0.011969665996730328,1.9827020168304443,,HILL,0.001335755261508016,1.125,0.6428571428571429,1,0.7475438117980957,1.75,rel
0.0,0.71242398057204,5452,,,,0.0,0.0,0.0,0.0,0.0,0.8207417726516724,0.0,0.0,0.8001483678817749,0.0,0.0,0.0,nan,0.43778589648067534,0.4000000059604645,,,,3.0,1001,19,0,337,0.007301243953406811,3.6568238735198975,0.0014872903702780604,0.1483844667673111,0.020889481529593468,grid,11,0.593999981880188,1,0.011282381601631641,0.011282381601631641,0.010521100834012032,1.4067718982696533,,HILL,0.003888903964649575,1.187999963760376,0.593999981880188,1,0.8543357253074646,2.0,rel
0.0,-0.3449674207322373,5453,,,,0.0,0.0,0.0,0.0,0.0,1.7197891473770142,0.0,0.0,1.7197891473770142,0.0,0.0,0.0,26962.611204604418,0.40750981848440015,0.44999998807907104,,,,3.0,1001,19,0,338,0.0054083289578557014,3.369724750518799,0.0016224986175075173,0.15828454494476318,0.01802261546254158,grid,11,0.5257777637905545,1,0.009106205776333809,0.009106205776333809,0.009106205776333809,0.8971298933029175,,HILL,-0.010239377888766027,1.1829999685287476,0.5257777637905545,1,0.9611276984214783,2.25,rel
0.0,0.7310761068750162,5454,,,,0.0,0.0,0.0,0.0,0.0,1.3568096160888672,0.0,0.0,0.6889625787734985,0.0,0.0,0.0,nan,0.4090927775033969,0.5,,,,3.0,1001,19,0,339,0.004056246485561132,3.2970893383026123,0.002163331490010023,0.17015309631824493,0.029517887160182,grid,11,0.552400016784668,1,0.008232618682086468,0.008232618682086468,0.007265905849635601,0.6569629907608032,,HILL,0.0008369879289108627,1.38100004196167,0.552400016784668,1,1.0679197311401367,2.5,rel
0.0,-0.8002365465884719,5455,,,,,,,,,0.029645515605807304,,,0.01848876290023327,,,,nan,0.0037986313807240255,0.7023000121116638,,,,3.0,1001,19,1,-1,,,,,,,11,,,8.821989467833191e-05,8.821989467833191e-05,4.229045953252353e-05,0.003568322630599141,,HILL,0.06409736980091471,0.01776999980211258,0.005060515563305413,1,1.5,3.5114998817443848,rel
0.0,nan,5456,,,,,,,,,0.08558469265699387,,,nan,,,,nan,nan,0.8779000043869019,,,,3.0,101,1,0,-1,,,,,,,11,,,1.4178232959238812e-05,1.4178232959238812e-05,nan,0.00036700748023577034,,HILL,nan,0.0,0.0,0,1.8750534057617188,4.389500141143799,rel
0.0,nan,5457,,,,0.0,0.016929149627685547,0.0,0.007120609283447266,0.0004664994776248932,nan,0.013363636409826324,0.007145605615238112,nan,0.010024311948608432,0.0015294999035010122,0.00014321134194352904,nan,nan,1.0535000562667847,81,0.0,0,3.0,71,0,0,347,0.0013520822394639254,2.3624298572540283,0.0032449972350150347,0.4766187369823456,0.02837504632771015,grid,11,0.0,0,2.0381181457196362e-05,nan,nan,0.000366355903679505,,HILL,nan,0.0,0.0,0,2.2501068115234375,5.267499923706055,rel
0.0,nan,5458,,,,,,,,,nan,,,nan,,,,nan,nan,1.2289999723434448,,,,3.0,61,0,0,-1,,,,,,,11,,,2.7026830139220692e-05,nan,nan,0.00035697207204066217,,HILL,nan,0.0,0.0,0,2.6249465942382812,6.144999980926514,rel
0.0,nan,5459,,,,,,,,,nan,,,nan,,,,nan,nan,1.4046000242233276,,,,3.0,61,0,0,-1,,,,,,,11,,,2.9053244361421093e-05,nan,nan,0.00029378675390034914,,HILL,nan,0.0,0.0,0,3.0,7.0229997634887695,rel
0.0,0.07366846944799904,5460,,,,0.0,0.0,0.0,0.0,0.0,2.668445587158203,0.0,0.0,2.5101146697998047,0.0,0.0,0.0,191594.30112054857,0.6298844613173309,0.10000000149011612,,,,3.0,1001,19,0,330,0.004056246485561132,6.929417133331299,0.002163331490010023,0.06475580483675003,0.013863544911146164,grid,11,0.7997999787330627,1,0.01005382277071476,0.01005382277071476,0.00913584791123867,20.057376861572266,,HILL,-0.0014173117550935984,0.39989998936653137,0.7997999787330627,1,0.21358393132686615,0.5,calm
0.0,-0.4301871864579134,5461,,,,-0.00040562450885772705,-0.0369110107421875,-0.00013520821812562644,-0.001003507524728775,0.0002101520076394081,2.1166460514068604,0.42242928236097216,0.11497339174551992,2.25028920173645,0.20584995198094194,0.06256866455078125,0.011292850635965945,42627.19968172259,0.574667119917981,0.15000000596046448,,,,3.0,1001,19,0,332,0.006084369961172342,6.222525596618652,0.00040562465437687933,0.055928535759449005,0.012781421653926373,grid,11,0.7344000339508057,1,0.011039415374398232,0.011039415374398232,0.010732049122452736,9.78828239440918,,HILL,-0.006586995991793449,0.5418999791145325,0.7225333054860433,1,0.320375919342041,0.75,calm
0.0,0.08546885126414808,5462,,,,0.0,0.0,0.0,0.0,0.0,1.7158477306365967,0.0,0.0,1.6644670963287354,0.0,0.0,0.0,nan,0.4470711052511793,0.20000000298023224,,,,3.0,1001,19,0,5448,0.007977285422384739,5.788788318634033,0.0005408328725025058,0.1019393727183342,0.0386674702167511,rel,11,0.5882999897003174,1,0.01239590160548687,0.01239590160548687,0.01131497137248516,6.182455539703369,,HILL,0.0009175062179565929,0.5882999897003174,0.5882999897003174,1,0.4271678626537323,1.0,calm
100.0,nan,5463,,,,0.0,-0.1296095848083496,0.0,-0.0322059690952301,0.010273665189743042,1.125254511833191,1.3047544724869624,0.14611919223851502,nan,0.42476672855865477,0.564208984375,0.04139145892042931,nan,nan,0.20000000298023224,,,,0.3,231,3,0,5487,0.0,6.155961990356445,0.0,0.3790704309940338,0.06944549828767776,rel,12,0.0284000001847744,1,1.9123592210235074e-05,2.5246863515349105e-05,nan,0.009537891484797001,,HILL,nan,0.0,0.0,0,0.4271678626537323,1.0,omega
100.0,nan,5464,,,,0.0,-0.1689167022705078,0.0,-0.009209662675857544,0.006967693567276001,0.8746887445449829,0.7488052261186467,0.07821241094238138,nan,0.1329806574907822,0.33662109375,0.011501094107372559,nan,nan,0.25,,,,0.3,221,3,0,5488,0.0,5.821508407592773,0.0,0.4034537374973297,0.056907959282398224,rel,12,0.0,0,1.9886087102349848e-05,2.2369244106812403e-05,nan,0.00634763902053237,,HILL,nan,0.0,0.0,0,0.5339598655700684,1.25,omega
100.0,nan,5465,,,,0.0,-0.21994256973266602,0.0,-0.017401188611984253,0.0009409524500370026,0.3537984788417816,0.32070179932671755,0.07329402296963486,nan,0.10936556881402336,0.15445963541666666,0.004546700586429346,nan,nan,0.30000001192092896,,,,0.3,171,2,0,365,0.0,5.474935054779053,0.0,0.4452667832374573,0.049393076449632645,grid,12,0.0,0,1.9979290300398134e-05,2.193384716520086e-05,nan,0.004428742453455925,,HILL,nan,0.0,0.0,0,0.640751838684082,1.5,omega
100.0,nan,5466,,,,0.0,-0.23451519012451172,0.0,-0.026699572801589966,-0.0013425126671791077,0.29889026284217834,0.13712345647394694,0.07182111828622237,nan,0.09821429925155827,0.08021763392857142,0.0028843677993499726,nan,nan,0.3499999940395355,,,,0.3,131,1,0,366,0.0,5.104372978210449,0.0,0.47858700156211853,0.04668060690164566,grid,12,0.0,0,1.969745608221274e-05,2.5838229703367688e-05,nan,0.0032078714575618505,,HILL,nan,0.0,0.0,0,0.7475438117980957,1.75,omega
100.0,nan,5467,,,,0.0,-0.1080942153930664,0.0,-0.014742642641067505,-0.0009440630674362183,0.2530444860458374,0.062886118283122,0.03234306171205793,nan,0.043683492778481686,0.0164794921875,0.0010872631862139045,nan,nan,0.4000000059604645,,,,0.3,131,1,0,367,0.0,4.765253067016602,0.0,0.5043553709983826,0.042225535959005356,grid,12,0.0,0,1.8779575839289464e-05,2.4913431843742728e-05,nan,0.002341578481718898,,HILL,nan,0.0,0.0,0,0.8543357253074646,2.0,omega
100.0,nan,5468,,,,0.0,-0.053717613220214844,0.0,-0.008797407150268555,-0.00034839287400245667,0.21770980954170227,0.03236800528288263,0.015841077031881257,nan,0.022569444444444444,0.003987630208333333,0.00045774634673427663,nan,nan,0.44999998807907104,,,,0.3,131,1,0,368,0.0,4.531678199768066,0.0,0.5345410108566284,0.03863312676548958,grid,12,0.0,0,1.833233363868203e-05,2.4377446607104503e-05,nan,0.0018060744041576982,,HILL,nan,0.0,0.0,0,0.9611276984214783,2.25,omega
100.0,nan,5469,,,,0.0,-0.07085752487182617,0.0,-0.010593771934509277,-0.00012556836009025574,0.18792514503002167,0.04199900017411129,0.020495927879899095,nan,0.029996846351168734,0.00794677734375,0.0005855775221158775,nan,nan,0.5,,,,0.3,121,1,0,369,0.0,4.372050762176514,0.0,0.5669528245925903,0.03792103752493858,grid,12,0.0,0,1.9717972463695332e-05,2.393326212768443e-05,nan,0.0015734941698610783,,HILL,nan,0.0,0.0,0,1.0679197311401367,2.5,omega
100.0,nan,5470,,,,0.0,-0.07068991661071777,0.0,-0.005706727504730225,0.00016304850578308105,0.10428021103143692,0.04534963824842757,0.01995202387954772,nan,0.03694796750302615,0.0034589196932327143,0.00044058953434705214,nan,nan,0.7023000121116638,,,,0.3,111,1,0,5494,0.0,3.9359405040740967,0.0,0.6811785101890564,0.04295657202601433,rel,12,0.0,0,1.8606579033075832e-05,2.0686407879111357e-05,nan,0.0007525997934862971,,HILL,nan,0.0,0.0,0,1.5,3.5114998817443848,omega
100.0,nan,5471,,,,0.0,-0.02295231819152832,0.0,-0.0013775229454040527,4.26173210144043e-05,0.06445536017417908,0.017092487588396297,0.006398008781964668,nan,0.014329590996716124,0.0010150509768725024,0.00014193550215373557,nan,nan,0.8779000043869019,,,,0.3,101,1,0,5495,0.0,3.654615640640259,0.0,0.7778292894363403,0.04812321811914444,rel,12,0.0,0,1.8279590221936814e-05,1.8279590221936814e-05,nan,0.00047317222924903035,,HILL,nan,0.0,0.0,0,1.8750534057617188,4.389500141143799,omega
100.0,nan,5472,,,,0.0,-0.005777835845947266,0.0,0.0020492076873779297,5.7227909564971924e-05,nan,0.005191964232356367,0.0017136837247273041,nan,0.0029663145343893165,0.00047507193972379924,3.970880300799157e-05,nan,nan,1.0535000562667847,,,,0.3,91,0,0,377,0.0,3.4764323234558105,0.0,0.8776820302009583,0.052947480231523514,grid,12,0.0,0,1.770099697750993e-05,nan,nan,0.00031817902345210314,,HILL,nan,0.0,0.0,0,2.2501068115234375,5.267499923706055,omega
100.0,nan,5473,,,,0.0,0.012040138244628906,0.0,0.0026314854621887207,8.914247155189514e-05,nan,0.007051928627077313,0.0033652582065136958,nan,0.005727052728741664,0.0010006984558623773,7.193892850271039e-05,nan,nan,1.2289999723434448,,,,0.3,71,0,0,5497,0.0,3.3338160514831543,0.0,0.9789428114891052,0.05758458003401756,rel,12,0.0,0,1.7445201592636295e-05,nan,nan,0.00023041731037665159,,HILL,nan,0.0,0.0,0,2.6249465942382812,6.144999980926514,omega
100.0,nan,5474,,,,0.0,0.01683950424194336,0.0,0.005150437355041504,0.00044176727533340454,nan,0.030077896423918796,0.005324798324520139,nan,0.008926617846817433,0.0035284457172172915,0.0001883442608383082,nan,nan,1.4046000242233276,,,,0.3,61,0,0,5498,0.0,3.239319324493408,0.0,1.079532265663147,0.06200369447469711,rel,12,0.0,0,1.6060870621004142e-05,nan,nan,0.00016240771219599992,,HILL,nan,0.0,0.0,0,3.0,7.0229997634887695,omega
100.0,nan,5475,,,,0.0,-0.43318986892700195,0.0,0.06995314359664917,0.03480906039476395,1.5426547527313232,1.5472488722150683,0.255938534141811,nan,0.6224731937514646,0.5062255859375,0.06017793197609916,nan,nan,0.20000000298023224,,,,0.3,541,9,0,5487,0.0,6.155961990356445,0.0,0.3790704309940338,0.06944549828767776,rel,12,0.0284000001847744,1,1.8801601981977e-05,3.251706948503852e-05,nan,0.00937729887664318,,HILL,nan,0.0,0.0,0,0.4271678626537323,1.0,kfloor
100.0,nan,5476,,,,0.0,-0.34795284271240234,0.0,0.08643227815628052,0.04204810410737991,1.3916442394256592,1.1541624948217322,0.15828403097269028,nan,0.39252744642183673,0.4147705078125,0.03248340411080484,nan,nan,0.25,,,,0.3,181,2,0,5488,0.0,5.821508407592773,0.0,0.4034537374973297,0.056907959282398224,rel,12,0.0,0,1.8464523236616515e-05,4.1426013922318816e-05,nan,0.00589387584477663,,HILL,nan,0.0,0.0,0,0.5339598655700684,1.25,kfloor
100.0,nan,5477,,,,0.0,-0.23164081573486328,0.0,0.04339629411697388,0.04399966076016426,1.231933832168579,0.7890980191099786,0.10194117804894785,nan,0.2702812872121721,0.3501383463541667,0.021691241096930183,nan,nan,0.30000001192092896,,,,0.3,171,2,0,365,0.0,5.474935054779053,0.0,0.4452667832374573,0.049393076449632645,grid,12,0.0,0,1.469704420742346e-05,3.945461139664985e-05,nan,0.003257844829931855,,HILL,nan,0.0,0.0,0,0.640751838684082,1.5,kfloor
100.0,nan,5478,,,,0.0,-0.22426605224609375,0.0,-0.0198400616645813,0.027366861701011658,nan,0.6244594805766466,0.08321386013871086,nan,0.14517025626981225,0.29575892857142855,0.013430085311502962,nan,nan,0.3499999940395355,,,,0.3,91,0,0,366,0.0,5.104372978210449,0.0,0.47858700156211853,0.04668060690164566,grid,12,0.0,0,1.8989878299180418e-05,nan,nan,0.003092637285590172,,HILL,nan,0.0,0.0,0,0.7475438117980957,1.75,kfloor
100.0,nan,5479,,,,0.0,-0.16387701034545898,0.0,-0.019008368253707886,0.011847633868455887,nan,0.34317380259526165,0.05478564597058091,nan,0.0773172348169836,0.18878173828125,0.0060761228058710814,nan,nan,0.4000000059604645,,,,0.3,71,0,0,367,0.0,4.765253067016602,0.0,0.5043553709983826,0.042225535959005356,grid,12,0.0,0,1.9994427930214442e-05,nan,nan,0.002493055071681738,,HILL,nan,0.0,0.0,0,0.8543357253074646,2.0,kfloor
100.0,nan,5480,,,,0.0,-0.09076738357543945,0.0,-0.012795209884643555,0.006750866770744324,nan,0.24499372465372687,0.02968655712168044,nan,0.04291007234402708,0.11265733506944445,0.002918929511713771,nan,nan,0.44999998807907104,,,,0.3,71,0,0,368,0.0,4.531678199768066,0.0,0.5345410108566284,0.03863312676548958,grid,12,0.0,0,1.6090152712422423e-05,nan,nan,0.0015851780772209167,,HILL,nan,0.0,0.0,0,0.9611276984214783,2.25,kfloor
100.0,nan,5481,,,,0.0,-0.11678886413574219,0.0,-0.017486512660980225,0.002553235739469528,nan,0.11780647333247325,0.03487136160908362,nan,0.052107474225934945,0.0520751953125,0.0018524488350582999,nan,nan,0.5,,,,0.3,61,0,0,369,0.0,4.372050762176514,0.0,0.5669528245925903,0.03792103752493858,grid,12,0.0,0,1.822547710617073e-05,nan,nan,0.001454393146559596,,HILL,nan,0.0,0.0,0,1.0679197311401367,2.5,kfloor
100.0,nan,5482,,,,0.0,-0.10463213920593262,0.0,-0.010278284549713135,0.00020400062203407288,nan,0.06586562477600569,0.029458296410835257,nan,0.05578095749553148,0.0062573421586119456,0.0006736029705494324,nan,nan,0.7023000121116638,,,,0.3,51,0,0,5494,0.0,3.9359405040740967,0.0,0.6811785101890564,0.04295657202601433,rel,12,0.0,0,1.975736813619733e-05,nan,nan,0.0007991470047272742,,HILL,nan,0.0,0.0,0,1.5,3.5114998817443848,kfloor
100.0,nan,5483,,,,0.0,-0.03177905082702637,0.0,-0.0030821561813354492,-0.00019523128867149353,nan,0.024032436192740383,0.008836654018612302,nan,0.020582206446070218,0.0020022923379402788,0.0002083839745673957,nan,nan,0.8779000043869019,,,,0.3,51,0,0,5495,0.0,3.654615640640259,0.0,0.7778292894363403,0.04812321811914444,rel,12,0.0,0,1.8165885194321163e-05,nan,nan,0.0004702289297711104,,HILL,nan,0.0,0.0,0,1.8750534057617188,4.389500141143799,kfloor
100.0,nan,5484,,,,0.0,-0.005493640899658203,0.0,0.0004207491874694824,-0.00021468102931976318,nan,0.005043260080141267,0.001848177993652302,nan,0.0029663116834116685,0.0008342726746369157,7.718533738036364e-05,nan,nan,1.0535000562667847,,,,0.3,51,0,0,377,0.0,3.4764323234558105,0.0,0.8776820302009583,0.052947480231523514,grid,12,0.0,0,1.517840883025201e-05,nan,nan,0.0002728349936660379,,HILL,nan,0.0,0.0,0,2.2501068115234375,5.267499923706055,kfloor
100.0,nan,5485,,,,0.0,0.012815237045288086,0.0,0.0011164546012878418,-7.694214582443237e-05,nan,0.014673247627526045,0.003663747386830529,nan,0.006995294738694736,0.0017803989897104827,0.00010298825891451146,nan,nan,1.2289999723434448,,,,0.3,41,0,0,5497,0.0,3.3338160514831543,0.0,0.9789428114891052,0.05758458003401756,rel,12,0.0,0,1.5325314961955883e-05,nan,nan,0.00020241772290319204,,HILL,nan,0.0,0.0,0,2.6249465942382812,6.144999980926514,kfloor
100.0,nan,5486,,,,0.0,0.012765169143676758,0.0,0.00311887264251709,0.0003009103238582611,nan,0.03620696312190398,0.004355907914322142,nan,0.007269008683832916,0.0032677231272751272,0.00018098744677984288,nan,nan,1.4046000242233276,,,,0.3,31,0,0,5498,0.0,3.239319324493408,0.0,1.079532265663147,0.06200369447469711,rel,12,0.0,0,1.6792915630503558e-05,nan,nan,0.0001698101550573483,,HILL,nan,0.0,0.0,0,3.0,7.0229997634887695,kfloor
100.0,0.5897746823047503,5487,,,,,,,,,0.34560468792915344,,,0.397232323884964,,,,-603.2440079637604,0.030369605830587336,0.20000000298023224,,,,0.3,1001,19,1,-1,,,,,,,12,,,3.4049855912599014e-06,3.4049855912599014e-06,1.9735748537641484e-06,0.001698236563242972,,HILL,-0.04793002388694053,0.0284000001847744,0.0284000001847744,1,0.4271678626537323,1.0,rel
100.0,nan,5488,,,,,,,,,0.09284631907939911,,,nan,,,,nan,nan,0.25,,,,0.3,381,6,0,-1,,,,,,,12,,,1.1880630381710944e-06,1.7229614286407013e-06,nan,0.0003792296920437366,,HILL,nan,0.0,0.0,0,0.5339598655700684,1.25,rel
100.0,nan,5489,,,,0.0,0.0533900260925293,0.0,0.0028207004070281982,-0.0005977414548397064,0.01391783356666565,0.14246697353579302,0.018431008767431357,nan,0.02763334447648054,0.0689697265625,0.0017879924860992626,nan,nan,0.30000001192092896,181,0.0,0,0.3,371,6,0,365,0.0,5.474935054779053,0.0,0.4452667832374573,0.049393076449632645,grid,12,0.0,0,1.6305851886500022e-06,2.0350280465208925e-06,nan,0.0003614463785197586,,HILL,nan,0.0,0.0,0,0.640751838684082,1.5,rel
100.0,nan,5490,,,,0.0,0.15438604354858398,0.0,0.01008838415145874,-0.0005265660583972931,0.02101874351501465,0.1327127196905921,0.04718318918753624,nan,0.061533559764165115,0.06635393415178571,0.0021549512363148835,nan,nan,0.3499999940395355,121,0.0,0,0.3,301,5,0,366,0.0,5.104372978210449,0.0,0.47858700156211853,0.04668060690164566,grid,12,0.0,0,2.328108848814736e-06,2.328108848814736e-06,nan,0.00037914913264103234,,HILL,nan,0.0,0.0,0,0.7475438117980957,1.75,rel
100.0,nan,5491,,,,0.0,0.25599002838134766,0.0,0.021996378898620605,-0.00041517242789268494,0.026890292763710022,0.12109388933926099,0.07472597296421854,nan,0.10024088405060903,0.0281982421875,0.0026504276748474643,nan,nan,0.4000000059604645,91,0.0,0,0.3,301,5,0,367,0.0,4.765253067016602,0.0,0.5043553709983826,0.042225535959005356,grid,12,0.0,0,2.8128836220275844e-06,2.8128836220275844e-06,nan,0.00035073142498731613,,HILL,nan,0.0,0.0,0,0.8543357253074646,2.0,rel
100.0,nan,5492,,,,0.0,0.23840761184692383,0.0,0.02275991439819336,0.00018583238124847412,0.07048016041517258,0.10734183500996397,0.06893805623716388,nan,0.0863857715476276,0.03404405381944445,0.0022015556156703337,nan,nan,0.44999998807907104,81,0.0,0,0.3,231,3,0,368,0.0,4.531678199768066,0.0,0.5345410108566284,0.03863312676548958,grid,12,0.0,0,3.7445029192895163e-06,5.0125818233937025e-06,nan,0.00036890286719426513,,HILL,nan,0.0,0.0,0,0.9611276984214783,2.25,rel
100.0,nan,5493,,,,0.0,0.16696596145629883,0.0,0.01627171039581299,0.0005235448479652405,0.11318530887365341,0.07863810082289306,0.04822993101703389,nan,0.061954886871855616,0.03763427734375,0.00138256052431382,nan,nan,0.5,81,0.0,0,0.3,181,2,0,369,0.0,4.372050762176514,0.0,0.5669528245925903,0.03792103752493858,grid,12,0.0,0,4.599476596922614e-06,6.7105966081726365e-06,nan,0.0003670382429845631,,HILL,nan,0.0,0.0,0,1.0679197311401367,2.5,rel
100.0,nan,5494,,,,,,,,,0.12881603837013245,,,nan,,,,nan,nan,0.7023000121116638,,,,0.3,101,1,0,-1,,,,,,,12,,,9.742797374201473e-06,9.742797374201473e-06,nan,0.0003940771275665611,,HILL,nan,0.0,0.0,0,1.5,3.5114998817443848,rel
100.0,nan,5495,,,,,,,,,nan,,,nan,,,,nan,nan,0.8779000043869019,,,,0.3,71,0,0,-1,,,,,,,12,,,1.2955243619217072e-05,nan,nan,0.00033535005059093237,,HILL,nan,0.0,0.0,0,1.8750534057617188,4.389500141143799,rel
100.0,nan,5496,,,,0.0,-0.002660989761352539,0.0,0.0020713210105895996,9.381771087646484e-05,nan,0.0037090370849977524,0.002482129080104607,nan,0.002966444284123153,0.000463484819242731,1.4741520547807174e-05,nan,nan,1.0535000562667847,51,0.0,0,0.3,51,0,0,377,0.0,3.4764323234558105,0.0,0.8776820302009583,0.052947480231523514,grid,12,0.0,0,1.791999784472864e-05,nan,nan,0.0003221156366635114,,HILL,nan,0.0,0.0,0,2.2501068115234375,5.267499923706055,rel
100.0,nan,5497,,,,,,,,,nan,,,nan,,,,nan,nan,1.2289999723434448,,,,0.3,31,0,0,-1,,,,,,,12,,,2.335814497200772e-05,nan,nan,0.0003085158532485366,,HILL,nan,0.0,0.0,0,2.6249465942382812,6.144999980926514,rel
100.0,nan,5498,,,,,,,,,nan,,,nan,,,,nan,nan,1.4046000242233276,,,,0.3,21,0,0,-1,,,,,,,12,,,2.89141753455624e-05,nan,nan,0.0002923804859165102,,HILL,nan,0.0,0.0,0,3.0,7.0229997634887695,rel
100.0,0.3454181131386702,5499,,,,0.0,0.0,0.0,0.0,0.0,1.6662722826004028,0.0,0.0,2.284799575805664,0.0,0.0,0.0,nan,0.31704470139930174,0.10000000149011612,,,,0.3,1001,19,0,360,0.02217414788901806,7.237160682678223,0.002974580740556121,0.25150471925735474,0.06761091202497482,grid,12,0.5162000060081482,1,0.001666204072535038,0.001666204072535038,0.00038174906512722373,3.3240771293640137,,HILL,0.13139686150984342,0.2581000030040741,0.5162000060081482,1,0.21358393132686615,0.5,calm
100.0,0.2753787572495896,5500,,,,0.0,0.03972005844116211,0.0,-0.18359124660491943,0.0034474432468414307,0.7179701328277588,0.9732313519880352,0.10952624599277098,1.4561952352523804,0.3191635904119055,0.8108723958333334,0.04875253569398546,nan,0.10575437053837715,0.15000000596046448,,,,0.3,1001,19,0,362,0.0,6.3541483879089355,0.0,0.5722325444221497,0.07330729812383652,grid,12,0.2579999963442485,1,0.0006203490193001926,0.0006203490193001926,5.593649984803051e-05,0.5500428080558777,,HILL,0.21111818226900994,0.1446000039577484,0.1928000052769979,1,0.320375919342041,0.75,calm
100.0,0.5897746823047503,5501,,,,0.0,0.0,0.0,0.0,0.0,0.34560468792915344,0.0,0.0,0.397232323884964,0.0,0.0,0.0,-603.2440079637604,0.030369605830587336,0.20000000298023224,,,,0.3,1001,19,1,5487,0.0,6.155961990356445,0.0,0.3790704309940338,0.06944549828767776,rel,12,0.0284000001847744,1,3.4049855912599014e-06,3.4049855912599014e-06,1.9735748537641484e-06,0.001698236563242972,,HILL,-0.04793002388694053,0.0284000001847744,0.0284000001847744,1,0.4271678626537323,1.0,calm
100.0,0.7012942790040099,5502,,,,0.022714980295859277,-1.6158742904663086,0.0005408329016063362,0.12610942125320435,0.04866497591137886,0.776606023311615,2.287366324130436,0.5530898809259114,0.9395919442176819,1.0179680662167696,0.436279296875,0.05902257862285771,nan,0.14007380253192073,0.20000000298023224,,,,1.0,1001,19,0,5526,0.0006760411197319627,7.499435901641846,0.00013520821812562644,0.3317559063434601,0.04699135199189186,rel,13,0.4871000051498413,1,0.00020219724683556706,0.00020219724683556706,9.435990796191618e-05,0.10084587335586548,,HILL,0.07264911911704336,0.22380000352859497,0.22380000352859497,1,0.4271678626537323,1.0,omega
100.0,0.6537962465769431,5503,,,,-0.00013520821812562644,-1.049461841583252,-0.00040562465437687933,0.15386900305747986,0.06995201855897903,0.802161693572998,1.375390306043168,0.35719387052524076,0.6514841914176941,0.5535706745549731,0.383526611328125,0.05322015019866052,nan,0.06330277446611923,0.25,,,,1.0,1001,19,0,5527,0.00013520821812562644,6.840161323547363,0.00040562465437687933,0.33102086186408997,0.04582192748785019,rel,13,0.48432002067565916,1,0.00015241677465382963,0.00015241677465382963,8.822056406643242e-05,0.04865143448114395,,HILL,0.03699653798883629,0.1404999941587448,0.11239999532699585,1,0.5339598655700684,1.25,omega
100.0,-0.17978796995327176,5504,,,,-0.0006760411197319627,-0.4792766571044922,-0.0002704164362512529,0.061564356088638306,0.05241647735238075,0.46229133009910583,0.850620382462886,0.18314930963405282,0.3662377893924713,0.3128363177183135,0.3357747395833333,0.03674168518067954,nan,0.06235394592363546,0.30000001192092896,,,,1.0,1001,19,0,395,0.0006760411197319627,6.172252178192139,0.0002704164362512529,0.3661503791809082,0.050957996398210526,grid,13,0.4639333486557007,1,0.0023990366607904434,0.0023990366607904434,0.0001895576569950208,0.5317864418029785,,HILL,0.21486993702975205,0.12710000574588776,0.08473333716392517,1,0.640751838684082,1.5,omega
100.0,-0.10608196197826048,5505,,,,0.0,-0.35668325424194336,-0.0002704164362512529,0.11004713177680969,0.030630767345428467,0.1321696639060974,0.710697644347638,0.1616669285714558,0.1321696639060974,0.2776958348083881,0.29408482142857145,0.02343970090945224,nan,0.02037851092248636,0.3499999940395355,,,,1.0,1001,19,1,396,0.0,5.827023983001709,0.0002704164362512529,0.33730870485305786,0.04883302003145218,grid,13,0.40594284875052317,1,0.0008303317008540034,0.0008303317008540034,0.00010252233187202364,0.13522544503211975,,HILL,0.18450626026500375,0.047120001167058945,0.026925714952605113,1,0.7475438117980957,1.75,omega
100.0,0.7697192866991143,5506,,,,-0.0002704164362512529,-0.14582014083862305,-0.0002704164362512529,0.08396348357200623,0.016991741955280304,0.01870819926261902,0.5168275537128729,0.14345644630557286,0.07078876346349716,0.21977514860449304,0.2467041015625,0.013735217454789329,nan,0.008900945605036618,0.4000000059604645,,,,1.0,1001,19,1,397,0.0002704164362512529,5.332071781158447,0.0002704164362512529,0.35380926728248596,0.04260486736893654,grid,13,0.3793500065803528,1,0.0001181739498861134,0.0001181739498861134,3.723396730492823e-05,0.014734813943505287,,HILL,0.10017049962824076,0.017340000718832016,0.008670000359416008,1,0.8543357253074646,2.0,omega
100.0,nan,5507,,,,-0.0006760411197319627,-0.33988142013549805,-0.0005408328725025058,0.023416072130203247,0.01668095588684082,0.20283828675746918,0.4824759980698692,0.1536071031718036,nan,0.26391400242416513,0.17822265625,0.011768180503344336,nan,nan,0.44999998807907104,,,,1.0,261,4,0,398,0.0006760411197319627,5.008427143096924,0.0005408328725025058,0.4076318144798279,0.042356815189123154,grid,13,0.3924444516499837,1,1.9907873138436116e-05,2.082364881061949e-05,nan,0.0019612943287938833,,HILL,nan,0.0,0.0,0,0.9611276984214783,2.25,omega
100.0,nan,5508,,,,0.0,-0.38425254821777344,-0.0002704164362512529,0.05683779716491699,0.003723934292793274,0.27277278900146484,0.45882988850004436,0.15109157778932905,nan,0.27596707830580425,0.17412109375,0.013155705159003184,nan,nan,0.5,,,,1.0,181,2,0,399,0.0,4.696186065673828,0.0002704164362512529,0.37859100103378296,0.04809744283556938,grid,13,0.3326800107955933,1,1.8985794667969458e-05,2.2733909645467065e-05,nan,0.001515066483989358,,HILL,nan,0.0,0.0,0,1.0679197311401367,2.5,omega
100.0,nan,5509,,,,0.0,-0.18167495727539062,0.0,-0.014584779739379883,0.004344765096902847,0.16187702119350433,0.16886426603668264,0.0524607415554727,nan,0.0807134384432851,0.11899379004960384,0.0029524106870496896,nan,nan,0.7023000121116638,,,,1.0,101,1,0,5533,0.0,3.787205457687378,0.0,0.5012457370758057,0.038237374275922775,rel,13,0.0,0,1.9661651094793342e-05,1.9661651094793342e-05,nan,0.0007952753803692758,,HILL,nan,0.0,0.0,0,1.5,3.5114998817443848,omega
100.0,nan,5510,,,,0.0,-0.027791500091552734,0.0,-0.005727171897888184,0.001320529729127884,nan,0.054730500792356335,0.00842363649971617,nan,0.015299333192886238,0.017763392095268792,0.00038839060584038644,nan,nan,0.8779000043869019,,,,1.0,91,0,0,5534,0.0,3.345761775970459,0.0,0.5618960857391357,0.04065443575382233,rel,13,0.0,0,1.9050332412007265e-05,nan,nan,0.000493123137857765,,HILL,nan,0.0,0.0,0,1.8750534057617188,4.389500141143799,omega
100.0,nan,5511,,,,0.0,-0.005686283111572266,0.0,0.00016677379608154297,-0.00016959384083747864,nan,0.019749080125869317,0.0020744112418293946,nan,0.0030179944885872475,0.005532850029710101,0.0001760863376922369,nan,nan,1.0535000562667847,,,,1.0,91,0,0,407,0.0,3.1411232948303223,0.0,0.6384038925170898,0.04544183611869812,grid,13,0.0,0,1.8258015188621357e-05,nan,nan,0.00032819152693264186,,HILL,nan,0.0,0.0,0,2.2501068115234375,5.267499923706055,omega
100.0,nan,5512,,,,0.0,0.0012516975402832031,0.0,0.00019091367721557617,2.1345913410186768e-05,0.1342567801475525,0.0031784009605315775,0.0004145100694897249,nan,0.0006631007083963421,0.00015891985403273485,2.0361038165274262e-05,nan,nan,1.2289999723434448,,,,1.0,101,1,0,5536,0.0,3.0370287895202637,0.0,0.7248876094818115,0.046594422310590744,rel,13,0.0,0,1.7776701497496106e-05,1.7776701497496106e-05,nan,0.0002347957924939692,,HILL,nan,0.0,0.0,0,2.6249465942382812,6.144999980926514,omega
100.0,nan,5513,,,,0.0,-0.005796194076538086,0.0,-0.0013859272003173828,-0.00026990845799446106,0.08654578030109406,0.010013181664778954,0.0019405122005718871,nan,0.003337973302109338,0.0014100746739372058,0.0001386738251296121,nan,nan,1.4046000242233276,,,,1.0,111,1,0,5537,0.0,2.9871749877929688,0.0,0.8260008692741394,0.052198562771081924,rel,13,0.0,0,1.8512209862819873e-05,2.2376576453098096e-05,nan,0.0001871956919785589,,HILL,nan,0.0,0.0,0,3.0,7.0229997634887695,omega
100.0,0.720023718960814,5514,,,,-0.0006760411197319627,-1.2170677185058594,-0.00013520821812562644,0.04399949312210083,0.03878319635987282,0.6315845847129822,1.071482888616017,0.3863478853259608,0.8097670078277588,0.7200399233262371,0.3319091796875,0.05506191880171721,nan,0.29928033565127016,0.20000000298023224,,,,1.0,1001,19,0,5526,0.0006760411197319627,7.499435901641846,0.00013520821812562644,0.3317559063434601,0.04699135199189186,rel,13,0.4871000051498413,1,0.00955097284168005,0.00955097284168005,0.008613674901425838,4.763547897338867,,HILL,0.004164409637451303,0.38999998569488525,0.38999998569488525,1,0.4271678626537323,1.0,kfloor
100.0,-0.6073308915417518,5515,,,,0.00013520821812562644,-1.1401305198669434,0.0,0.04140642285346985,0.04715343564748764,1.1732747554779053,0.9375681280376031,0.33612008211710837,1.265909194946289,0.5180857461524718,0.2763671875,0.04003421623298063,nan,0.2910557047984771,0.25,,,,1.0,1001,19,0,5527,0.00013520821812562644,6.840161323547363,0.00040562465437687933,0.33102086186408997,0.04582192748785019,rel,13,0.48432002067565916,1,0.009003015235066414,0.009003015235066414,0.008471498265862465,2.873762369155884,,HILL,0.002092274752530287,0.4837999939918518,0.3870399951934814,1,0.5339598655700684,1.25,kfloor
100.0,0.2206886612370367,5516,,,,-0.00027041646535508335,-0.6687455177307129,0.0,-0.05262914299964905,0.00316445529460907,0.8419718742370605,0.5419708251561711,0.19631556143891757,0.9629397392272949,0.3070150048761421,0.2062047322591146,0.018350198969704322,20576.735924986904,0.2772772001660154,0.30000001192092896,,,,1.0,1001,19,0,395,0.0006760411197319627,6.172252178192139,0.0002704164362512529,0.3661503791809082,0.050957996398210526,grid,13,0.4639333486557007,1,0.008811493404209614,0.008811493404209614,0.007431552745401859,1.9532142877578735,,HILL,-0.013506616245616516,0.5091999769210815,0.339466651280721,1,0.640751838684082,1.5,kfloor
100.0,0.5633915313280661,5517,,,,0.00040562465437687933,-0.700139045715332,0.0002704164362512529,0.014070868492126465,0.010412748903036118,0.572444498538971,0.459576516478584,0.2084574342753545,0.6061912178993225,0.3030699393106032,0.27427455357142855,0.018999873265540004,nan,0.26394634397202565,0.3499999940395355,,,,1.0,1001,19,0,396,0.0,5.827023983001709,0.0002704164362512529,0.33730870485305786,0.04883302003145218,grid,13,0.40594284875052317,1,0.007832189090549946,0.007832189090549946,0.0057149603962898254,1.2755279541015625,,HILL,0.019458116184581504,0.5855000019073486,0.33457142966134207,1,0.7475438117980957,1.75,kfloor
100.0,-0.8871747428964932,5518,,,,0.0002704164362512529,-0.660308837890625,0.0005408328725025058,-0.0025152862071990967,0.037544842809438705,1.0752521753311157,0.5465397156090771,0.19817772741511433,0.9758625626564026,0.2857665046600334,0.2010498046875,0.021967995825201966,nan,0.19111816283059394,0.4000000059604645,,,,1.0,1001,19,0,397,0.0002704164362512529,5.332071781158447,0.0002704164362512529,0.35380926728248596,0.04260486736893654,grid,13,0.3793500065803528,1,0.006087156943976879,0.006087156943976879,0.0021978255826979876,0.7589923739433289,,HILL,0.07600988908247534,0.47350001335144043,0.23675000667572021,1,0.8543357253074646,2.0,kfloor
100.0,-0.37024943193682835,5519,,,,-0.0006760411197319627,-0.648280143737793,0.0,0.008643925189971924,0.03278267756104469,0.6373758316040039,0.4289716346696792,0.19484444648094199,0.42412832379341125,0.3049076030389181,0.1559821234809028,0.01763306087932079,nan,0.09967365529329462,0.44999998807907104,,,,1.0,1001,19,0,398,0.0006760411197319627,5.008427143096924,0.0005408328725025058,0.4076318144798279,0.042356815189123154,grid,13,0.3924444516499837,1,0.003850798588246107,0.003850798588246107,0.0005854434566572309,0.37937498092651367,,HILL,0.1631074038418858,0.2874000072479248,0.12773333655463326,1,0.9611276984214783,2.25,kfloor
100.0,0.9693836327702411,5520,,,,0.0,-0.5222549438476562,-0.0002704164362512529,0.06591048836708069,0.014137208461761475,0.056536294519901276,0.40302479247180906,0.16666465175325101,0.021544838324189186,0.29769387117559043,0.2083984375,0.014004681276720624,nan,0.020946534424357687,0.5,,,,1.0,1001,19,0,399,0.0,4.696186065673828,0.0002704164362512529,0.37859100103378296,0.04809744283556938,grid,13,0.3326800107955933,1,0.0009866899345070124,0.0009866899345070124,0.00013941923680249602,0.07873785495758057,,HILL,0.1717254031788222,0.07227999716997147,0.028911998867988585,1,1.0679197311401367,2.5,kfloor
100.0,nan,5521,,,,0.0,-0.15645432472229004,0.0002704164362512529,-0.03220263123512268,0.0075259730219841,nan,0.10915348843116769,0.043910625090892164,nan,0.07842544943550746,0.06727077358157744,0.0022755671592100723,nan,nan,0.7023000121116638,,,,1.0,71,0,0,5533,0.0,3.787205457687378,0.0,0.5012457370758057,0.038237374275922775,rel,13,0.0,0,1.9459874238236807e-05,nan,nan,0.0007871139096096158,,HILL,nan,0.0,0.0,0,1.5,3.5114998817443848,kfloor
100.0,nan,5522,,,,0.0,-0.0019690990447998047,0.0,-0.015533864498138428,0.0021076761186122894,nan,0.10016362031755123,0.007689284045190526,nan,0.014734163266017484,0.1012548111450077,0.00186927870918945,nan,nan,0.8779000043869019,,,,1.0,61,0,0,5534,0.0,3.345761775970459,0.0,0.5618960857391357,0.04065443575382233,rel,13,0.0,0,1.6819441952975467e-05,nan,nan,0.0004353758995421231,,HILL,nan,0.0,0.0,0,1.8750534057617188,4.389500141143799,kfloor
100.0,nan,5523,,,,0.0,0.009351730346679688,0.0,-0.004931628704071045,0.0007691904902458191,nan,0.052156109606353994,0.007749115757990822,nan,0.013040205693154495,0.014886553038052466,0.0008263130958731369,nan,nan,1.0535000562667847,,,,1.0,51,0,0,407,0.0,3.1411232948303223,0.0,0.6384038925170898,0.04544183611869812,grid,13,0.0,0,1.9451315893093124e-05,nan,nan,0.00034964137012138963,,HILL,nan,0.0,0.0,0,2.2501068115234375,5.267499923706055,kfloor
100.0,nan,5524,,,,0.0,0.015501737594604492,0.0,-0.0013766884803771973,0.00023290514945983887,nan,0.022836490041791578,0.005708920202004715,nan,0.010377661161585105,0.003938543023088618,0.00028719658726672373,nan,nan,1.2289999723434448,,,,1.0,51,0,0,5536,0.0,3.0370287895202637,0.0,0.7248876094818115,0.046594422310590744,rel,13,0.0,0,1.9484763470245525e-05,nan,nan,0.00025735600502230227,,HILL,nan,0.0,0.0,0,2.6249465942382812,6.144999980926514,kfloor
100.0,nan,5525,,,,0.0,-0.0007183551788330078,0.0,-0.0047228336334228516,-0.00012512505054473877,nan,0.01112433018273273,0.001575797158981601,nan,0.0033169087405704586,0.0028788119306113985,0.00018488523969506095,nan,nan,1.4046000242233276,,,,1.0,61,0,0,5537,0.0,2.9871749877929688,0.0,0.8260008692741394,0.052198562771081924,rel,13,0.0,0,1.5144481039897073e-05,nan,nan,0.00015314118354581296,,HILL,nan,0.0,0.0,0,3.0,7.0229997634887695,kfloor
100.0,0.5054149959006587,5526,,,,,,,,,1.2908501625061035,,,1.2908501625061035,,,,76513.29871847859,0.37157597555893274,0.20000000298023224,,,,1.0,1001,19,0,-1,,,,,,,13,,,0.010064168833196163,0.010064168833196163,0.010064168833196163,5.019504070281982,,HILL,-0.0035778912630947055,0.4871000051498413,0.4871000051498413,1,0.4271678626537323,1.0,rel
100.0,-0.39798864080635526,5527,,,,,,,,,1.5935132503509521,,,1.6619971990585327,,,,120250.6200524587,0.3660413575694158,0.25,,,,1.0,1001,19,0,-1,,,,,,,13,,,0.010152137838304043,0.010152137838304043,0.009839149191975594,3.2405624389648438,,HILL,-0.002268793366172109,0.605400025844574,0.48432002067565916,1,0.5339598655700684,1.25,rel
100.0,-0.4394537393066145,5528,,,,0.0,0.0,0.0,0.0,0.0,1.5736088752746582,0.0,0.0,1.495719075202942,0.0,0.0,0.0,46468.37139097441,0.34517297069904407,0.30000001192092896,,,,1.0,1001,19,0,395,0.0006760411197319627,6.172252178192139,0.0002704164362512529,0.3661503791809082,0.050957996398210526,grid,13,0.4639333486557007,1,0.010127861984074116,0.010127861984074116,0.010127861984074116,2.245009422302246,,HILL,-0.005948194590481705,0.695900022983551,0.4639333486557007,1,0.640751838684082,1.5,rel
100.0,0.7795109412140391,5529,,,,0.0,0.0,0.0,0.0,0.0,0.3692893385887146,0.0,0.0,0.49653831124305725,0.0,0.0,0.0,82900.46126330482,0.2981213859576871,0.3499999940395355,,,,1.0,1001,19,0,396,0.0,5.827023983001709,0.0002704164362512529,0.33730870485305786,0.04883302003145218,grid,13,0.40594284875052317,1,0.00974880438297987,0.00974880438297987,0.009680164977908134,1.5876623392105103,,HILL,-0.0032819769599219577,0.7103999853134155,0.40594284875052317,1,0.7475438117980957,1.75,rel
100.0,0.24132468722210548,5530,,,,0.0,0.0,0.0,0.0,0.0,0.7416020035743713,0.0,0.0,0.8026134371757507,0.0,0.0,0.0,35551.527706343346,0.29555521786956734,0.4000000059604645,,,,1.0,1001,19,0,397,0.0002704164362512529,5.332071781158447,0.0002704164362512529,0.35380926728248596,0.04260486736893654,grid,13,0.3793500065803528,1,0.00897144339978695,0.00897144339978695,0.008768456988036633,1.1186268329620361,,HILL,-0.007675229419361322,0.7587000131607056,0.3793500065803528,1,0.8543357253074646,2.0,rel
100.0,-0.34628892282011536,5531,,,,0.0,0.0,0.0,0.0,0.0,1.2442610263824463,0.0,0.0,1.3295295238494873,0.0,0.0,0.0,22636.88942677146,0.293149376105154,0.44999998807907104,,,,1.0,1001,19,0,398,0.0006760411197319627,5.008427143096924,0.0005408328725025058,0.4076318144798279,0.042356815189123154,grid,13,0.3924444516499837,1,0.007546579465270042,0.007546579465270042,0.007546579465270042,0.7434778213500977,,HILL,-0.011909471858631407,0.8830000162124634,0.3924444516499837,1,0.9611276984214783,2.25,rel
100.0,0.9194997875539298,5532,,,,0.0,0.0,0.0,0.0,0.0,0.34387096762657166,0.0,0.0,0.3228544294834137,0.0,0.0,0.0,nan,0.24295911056696062,0.5,,,,1.0,1001,19,0,399,0.0,4.696186065673828,0.0002704164362512529,0.37859100103378296,0.04809744283556938,grid,13,0.3326800107955933,1,0.007397096138447523,0.007397096138447523,0.0032220000866800547,0.5902882814407349,,HILL,0.053883175416426385,0.8317000269889832,0.3326800107955933,1,1.0679197311401367,2.5,rel
100.0,nan,5533,,,,,,,,,0.005377878900617361,,,nan,,,,nan,nan,0.7023000121116638,,,,1.0,311,5,0,-1,,,,,,,13,,,9.79181186266942e-06,9.981924449675716e-06,nan,0.00039605965139344335,,HILL,nan,0.0,0.0,0,1.5,3.5114998817443848,rel
100.0,nan,5534,,,,,,,,,nan,,,nan,,,,nan,nan,0.8779000043869019,,,,1.0,71,0,0,-1,,,,,,,13,,,1.5166344383032992e-05,nan,nan,0.0003925850032828748,,HILL,nan,0.0,0.0,0,1.8750534057617188,4.389500141143799,rel
100.0,nan,5535,,,,0.0,-0.0060575008392333984,0.0,0.0007266402244567871,2.707168459892273e-05,nan,0.009707130497625987,0.0018318055299479834,nan,0.002966325474161838,0.004576912590021969,0.0001414742417209159,nan,nan,1.0535000562667847,61,0.0,0,1.0,51,0,0,407,0.0,3.1411232948303223,0.0,0.6384038925170898,0.04544183611869812,grid,13,0.0,0,2.1205487428233027e-05,nan,nan,0.0003811729548033327,,HILL,nan,0.0,0.0,0,2.2501068115234375,5.267499923706055,rel
100.0,nan,5536,,,,,,,,,nan,,,nan,,,,nan,nan,1.2289999723434448,,,,1.0,51,0,0,-1,,,,,,,13,,,2.1586311049759388e-05,nan,nan,0.0002851133467629552,,HILL,nan,0.0,0.0,0,2.6249465942382812,6.144999980926514,rel
100.0,nan,5537,,,,,,,,,nan,,,nan,,,,nan,nan,1.4046000242233276,,,,1.0,41,0,0,-1,,,,,,,13,,,3.502521576592699e-05,nan,nan,0.00035417539766058326,,HILL,nan,0.0,0.0,0,3.0,7.0229997634887695,rel
100.0,0.227171267216098,5538,,,,0.0,0.0,0.0,0.0,0.0,2.726209878921509,0.0,0.0,2.4952287673950195,0.0,0.0,0.0,nan,0.5280484506899249,0.10000000149011612,,,,1.0,1001,19,0,390,0.014602487906813622,8.710758209228516,0.0006760411197319627,0.38416799902915955,0.07141053676605225,grid,13,0.739799976348877,1,0.008335405960679054,0.008335405960679054,0.007272947113960981,16.629135131835938,,HILL,0.0025584827769887203,0.3698999881744385,0.739799976348877,1,0.21358393132686615,0.5,calm
100.0,-0.3476387982989507,5539,,,,0.0,-0.009506702423095703,0.0,0.0022205114364624023,0.0007896199822425842,2.2462782859802246,0.4049571487012222,0.06785816122736284,1.927329659461975,0.11328873299039692,0.3453776041666667,0.0300001615400849,nan,0.41870241417810267,0.15000000596046448,,,,1.0,1001,19,0,392,0.0,7.85960578918457,0.0,0.35243305563926697,0.0652262419462204,grid,13,0.5374666849772135,1,0.008905485272407532,0.008905485272407532,0.008178994990885258,7.896197319030762,,HILL,0.01130470145832424,0.4074000120162964,0.5432000160217285,1,0.320375919342041,0.75,calm
100.0,0.5054149959006587,5540,,,,0.0,0.0,0.0,0.0,0.0,1.2908501625061035,0.0,0.0,1.2908501625061035,0.0,0.0,0.0,76513.29871847859,0.37157597555893274,0.20000000298023224,,,,1.0,1001,19,0,5526,0.0006760411197319627,7.499435901641846,0.00013520821812562644,0.3317559063434601,0.04699135199189186,rel,13,0.4871000051498413,1,0.010064168833196163,0.010064168833196163,0.010064168833196163,5.019504070281982,,HILL,-0.0035778912630947055,0.4871000051498413,0.4871000051498413,1,0.4271678626537323,1.0,calm
100.0,0.5351278185024302,5541,,,,-0.01717144437134266,-1.7947731018066406,-0.0014872903702780604,-0.09499654173851013,-0.00371343269944191,1.1275886297225952,2.3073309851253483,0.6036856856432972,0.9784190654754639,1.1523282583456165,0.178253173828125,0.033240779944211485,nan,0.3215413250678033,0.20000000298023224,,,,3.0,1001,19,0,5565,0.01717144437134266,7.351395606994629,0.002028123242780566,0.22650566697120667,0.03735135868191719,rel,14,0.3790000081062317,1,0.0074407621286809444,0.0074407621286809444,0.0008701836923137307,3.7110800743103027,,HILL,0.204144061695446,0.4244999885559082,0.4244999885559082,1,0.4271678626537323,1.0,omega
100.0,0.9054020527890576,5542,,,,-0.0020281230099499226,-1.1766958236694336,0.002298539853654802,0.018307507038116455,0.015046820044517517,0.6680852174758911,1.6353113420753165,0.39478682509955043,0.4891882538795471,0.9369083269972333,0.1041015625,0.020432217950238092,nan,0.22424333260844748,0.25,,,,3.0,1001,19,0,5566,0.00905895046889782,6.54634952545166,0.0016224986175075173,0.3189859986305237,0.022687438875436783,rel,14,0.4999199867248535,1,0.006986971944570541,0.006986971944570541,0.00047316181007772684,2.230241298675537,,HILL,0.24403298117897762,0.39969998598098755,0.31975998878479006,1,0.5339598655700684,1.25,omega
100.0,-0.5391293814246071,5543,,,,-0.007301244069822133,-0.9011530876159668,0.006489994702860713,0.11982253193855286,0.018817774951457977,0.8279131054878235,1.1460937666421693,0.3087826801482886,0.2950197160243988,0.5650484962992984,0.10929361979166667,0.01739725509763559,nan,0.10556746934837187,0.30000001192092896,,,,3.0,1001,19,0,425,0.008788534440100193,6.014717102050781,0.0010816657450050116,0.30788129568099976,0.02133503183722496,grid,14,0.48026665051778156,1,0.0042215557768940926,0.0042215557768940926,0.00027442030841484666,0.9357782602310181,,HILL,0.2378033161163333,0.24060000479221344,0.16040000319480896,1,0.640751838684082,1.5,omega
100.0,0.2247791267425066,5544,,,,-0.0009464575559832156,-0.07224321365356445,0.0,0.1713576316833496,0.00602567195892334,0.13333606719970703,0.44581553738752594,0.16000941139962066,0.09385084360837936,0.26829028077181205,0.09905133928571429,0.011670962847578722,nan,0.02503778594394379,0.3499999940395355,,,,3.0,1001,19,0,426,0.0009464575559832156,5.553958415985107,0.0010816657450050116,0.2913741171360016,0.02372768148779869,grid,14,0.46765715735299246,1,0.0008892366313375533,0.0008892366313375533,0.00011081882257713005,0.1448185294866562,,HILL,0.18289911530234618,0.053530000150203705,0.030588571514402117,1,0.7475438117980957,1.75,omega
100.0,0.7199594137237153,5545,,,,-0.0005408328725025058,0.10699605941772461,-0.0002704164362512529,0.14538243412971497,0.0036903955042362213,0.008400559425354004,0.4678965296935985,0.16327326190708397,0.009400665760040283,0.26098290927026435,0.07421875,0.008295267723649821,nan,0.009753222573888175,0.4000000059604645,,,,3.0,1001,19,1,427,0.0005408328725025058,5.116828441619873,0.0008112493087537587,0.3024000823497772,0.02333821915090084,grid,14,0.40735000371932983,1,0.0001388124073855579,0.0001388124073855579,4.347325011622161e-05,0.017308171838521957,,HILL,0.1004421407526194,0.033229999244213104,0.016614999622106552,1,0.8543357253074646,2.0,omega
100.0,nan,5546,,,,-0.0005408328725025058,-0.23802852630615234,0.0,0.07159656286239624,-0.0006033629179000854,0.11407937109470367,0.36487057236098575,0.1363440188040691,nan,0.24876882427324032,0.06114366319444445,0.007483960501771299,nan,nan,0.44999998807907104,,,,3.0,221,3,0,428,0.0005408328725025058,4.763075828552246,0.0008112493087537587,0.3613422214984894,0.027281293645501137,grid,14,0.3975999885135227,1,1.9942572180298157e-05,2.0303068595239893e-05,nan,0.0019647127483040094,,HILL,nan,0.0,0.0,0,0.9611276984214783,2.25,omega
100.0,nan,5547,,,,0.0,-0.37003040313720703,0.0002704164362512529,0.09729325771331787,-0.012015817686915398,0.25919294357299805,0.43715732846640726,0.17697870351435646,nan,0.32445129144170237,0.058056640625,0.011483080204014135,nan,nan,0.5,,,,3.0,141,1,0,429,0.0,4.4657721519470215,0.0002704164362512529,0.3043438792228699,0.03793499991297722,grid,14,0.3701200008392334,1,1.9404702470637858e-05,2.567168849054724e-05,nan,0.0015484951436519623,,HILL,nan,0.0,0.0,0,1.0679197311401367,2.5,omega
100.0,nan,5548,,,,0.0,-0.18248939514160156,0.0,-0.02628302574157715,-0.001668773591518402,0.25111278891563416,0.11013222859992473,0.051549281001198564,nan,0.08410781583391111,0.007508810590334335,0.0006444676642500086,nan,nan,0.7023000121116638,,,,3.0,101,1,0,5572,0.0,3.6254119873046875,0.0005408328725025058,0.41066890954971313,0.027382278814911842,rel,14,0.0,0,1.9368389985174872e-05,1.9368389985174872e-05,nan,0.0007834135903976858,,HILL,nan,0.0,0.0,0,1.5,3.5114998817443848,omega
100.0,nan,5549,,,,0.0,-0.030642032623291016,0.0,-0.009068787097930908,-0.00029124878346920013,0.22278755903244019,0.056509986226790355,0.00947870336053536,nan,0.01735328939530416,0.0020579115695497307,0.00015409763196817884,nan,nan,0.8779000043869019,,,,3.0,101,1,0,5573,0.0,3.2659337520599365,0.0002704164362512529,0.42582574486732483,0.03151748701930046,rel,14,0.0,0,1.6905009033507667e-05,1.6905009033507667e-05,nan,0.00043759081745520234,,HILL,nan,0.0,0.0,0,1.8750534057617188,4.389500141143799,omega
100.0,nan,5550,,,,0.0,-0.0014827251434326172,0.0,0.003988087177276611,0.00019212067127227783,0.1868588775396347,0.024848257704927938,0.002570741100939328,nan,0.0032566199396755246,0.0008436872100277838,7.57018317925587e-05,nan,nan,1.0535000562667847,,,,3.0,101,1,0,437,0.0,3.10365891456604,0.0,0.5351402163505554,0.03814510628581047,grid,14,0.0,0,1.7145775927929208e-05,1.7145775927929208e-05,nan,0.00030819879611954093,,HILL,nan,0.0,0.0,0,2.2501068115234375,5.267499923706055,omega
100.0,nan,5551,,,,0.0,0.0003223419189453125,0.0,0.0004577040672302246,3.382936120033264e-05,0.13598060607910156,0.0027675135156408214,0.0006487447293712445,nan,0.0012760448502102198,0.0007052068522702609,6.31024497428276e-05,nan,nan,1.2289999723434448,,,,3.0,111,1,0,5575,0.0,3.030459403991699,0.0,0.6789876222610474,0.04583822190761566,rel,14,0.0,0,1.6845920981722884e-05,2.0198220227030106e-05,nan,0.0002225019852630794,,HILL,nan,0.0,0.0,0,2.6249465942382812,6.144999980926514,omega
100.0,nan,5552,,,,0.0,-0.007794380187988281,0.0,-0.007502853870391846,-0.0003214515745639801,0.08984717726707458,0.013632077022069413,0.0025358724632434703,nan,0.004454993315317689,0.0024073385804659845,0.0001991181977623589,nan,nan,1.4046000242233276,,,,3.0,121,1,0,5576,0.0,2.984445571899414,0.0,0.8111406564712524,0.05321461334824562,rel,14,0.0,0,1.6997217244352214e-05,2.4786884750938043e-05,nan,0.00017187607591040432,,HILL,nan,0.0,0.0,0,3.0,7.0229997634887695,omega
100.0,0.5364679987004005,5553,,,,-0.011492698919028044,-1.3889403343200684,-0.0013520821230486035,-0.0992608368396759,-0.007519137114286423,0.4661403298377991,1.564455913880243,0.5452481787507837,0.5902321934700012,1.0997925888612747,0.154632568359375,0.04279252512832794,nan,0.2184026780514953,0.20000000298023224,,,,3.0,1001,19,0,5565,0.01717144437134266,7.351395606994629,0.002028123242780566,0.22650566697120667,0.03735135868191719,rel,14,0.3790000081062317,1,0.010273084975779057,0.010273084975779057,0.009441579692065716,5.123701095581055,,HILL,0.00044732960787694496,0.3100999891757965,0.3100999891757965,1,0.4271678626537323,1.0,kfloor
100.0,-0.7129911224651931,5554,,,,-0.005543536739423871,-1.0954384803771973,-0.0009464574977755547,-0.1715337336063385,-0.00920848548412323,1.4317470788955688,0.7259192344807832,0.33448462721550576,1.6139055490493774,0.5728628192505022,0.1392578125,0.010665240456698196,nan,0.33625059666685814,0.25,,,,3.0,1001,19,0,5566,0.00905895046889782,6.54634952545166,0.0016224986175075173,0.3189859986305237,0.022687438875436783,rel,14,0.4999199867248535,1,0.009876432828605175,0.009876432828605175,0.009061935357749462,3.152557373046875,,HILL,0.0022379485043612845,0.5289999842643738,0.423199987411499,1,0.5339598655700684,1.25,kfloor
100.0,0.2955157597669773,5555,,,,-0.0052731207106262445,-0.8523879051208496,0.0005408328725025058,-0.10777530074119568,-0.0008279774338006973,1.2376402616500854,0.6383438327727514,0.2504833587083316,1.1319347620010376,0.4344940804390606,0.07194010416666667,0.010596176455939419,14974.079925675316,0.30971469390102063,0.30000001192092896,,,,3.0,1001,19,0,425,0.008788534440100193,6.014717102050781,0.0010816657450050116,0.30788129568099976,0.02133503183722496,grid,14,0.48026665051778156,1,0.008372744545340538,0.008372744545340538,0.008042377419769764,1.8559584617614746,,HILL,-0.018763492324135437,0.5612999796867371,0.3741999864578247,1,0.640751838684082,1.5,kfloor
100.0,0.3882358016705714,5556,,,,-0.0002704164362512529,-0.7310342788696289,0.0,-0.09637029469013214,-0.0053755491971969604,0.8488982319831848,0.4277611158149352,0.21279954931294334,0.9147772192955017,0.3106596649718302,0.05580357142857143,0.006567837106456697,3919681.917892265,0.29166249712317,0.3499999940395355,,,,3.0,1001,19,0,426,0.0009464575559832156,5.553958415985107,0.0010816657450050116,0.2913741171360016,0.02372768148779869,grid,14,0.46765715735299246,1,0.007497281301766634,0.007497281301766634,0.007087304722517729,1.220985770225525,,HILL,-6.568215110081089e-05,0.6484000086784363,0.37051429067339214,1,0.7475438117980957,1.75,kfloor
100.0,-0.9581693984152778,5557,,,,0.0004056246834807098,-0.6347208023071289,0.0006760410615243018,-0.04866775870323181,-0.0063577257096767426,1.1220996379852295,0.389489766609688,0.19278004405702068,1.1220996379852295,0.29145175094008163,0.032379150390625,0.006024702835431158,nan,0.22591748122717076,0.4000000059604645,,,,3.0,1001,19,0,427,0.0005408328725025058,5.116828441619873,0.0008112493087537587,0.3024000823497772,0.02333821915090084,grid,14,0.40735000371932983,1,0.006635439582169056,0.006635439582169056,0.003186726476997137,0.8273563385009766,,HILL,0.05111341042952106,0.583899974822998,0.291949987411499,1,0.8543357253074646,2.0,kfloor
100.0,-0.37291297715346844,5558,,,,0.0,-0.5610437393188477,0.0004056246834807098,-0.08501127362251282,-0.010063325986266136,0.8409395217895508,0.3482353011932257,0.17046925225828347,0.5678514242172241,0.26302877535528324,0.04823133680555555,0.004478232980626943,nan,0.13463406393709312,0.44999998807907104,,,,3.0,1001,19,0,428,0.0005408328725025058,4.763075828552246,0.0008112493087537587,0.3613422214984894,0.027281293645501137,grid,14,0.3975999885135227,1,0.004600561689585447,0.004600561689585447,0.0009636080940254033,0.4532405138015747,,HILL,0.1308623053810815,0.3880999982357025,0.17248888810475668,1,0.9611276984214783,2.25,kfloor
100.0,0.931262765532296,5559,,,,0.0005408328725025058,-0.4398355484008789,0.0010816658032126725,0.008262842893600464,-0.019533643499016762,0.11514649540185928,0.4565209487255754,0.1798168945012621,0.048671625554561615,0.3429760090570746,0.0589111328125,0.011202628136067986,nan,0.043437279927097935,0.5,,,,3.0,1001,19,0,429,0.0,4.4657721519470215,0.0002704164362512529,0.3043438792228699,0.03793499991297722,grid,14,0.3701200008392334,1,0.0019504223018884659,0.0019504223018884659,0.0002413745241938159,0.15564370155334473,,HILL,0.18466596169905253,0.14659999310970306,0.05863999724388123,1,1.0679197311401367,2.5,kfloor
100.0,nan,5560,,,,0.0,-0.10985064506530762,0.0,-0.05984717607498169,-0.002357158809900284,nan,0.08891522941091634,0.03426589748355164,nan,0.061369428460948276,0.0191891826197433,0.0012077572663523627,nan,nan,0.7023000121116638,,,,3.0,81,0,0,5572,0.0,3.6254119873046875,0.0005408328725025058,0.41066890954971313,0.027382278814911842,rel,14,0.0,0,1.6190144378924742e-05,nan,nan,0.0006548597593791783,,HILL,nan,0.0,0.0,0,1.5,3.5114998817443848,kfloor
100.0,nan,5561,,,,0.0,0.002633333206176758,0.0002704164362512529,-0.009952664375305176,-0.00021157041192054749,nan,0.05473552447943353,0.008785103863381402,nan,0.01346608678682025,0.0057287808557735746,0.0005305210322392517,nan,nan,0.8779000043869019,,,,3.0,61,0,0,5573,0.0,3.2659337520599365,0.0002704164362512529,0.42582574486732483,0.03151748701930046,rel,14,0.0,0,1.9211298422305845e-05,nan,nan,0.0004972897586412728,,HILL,nan,0.0,0.0,0,1.8750534057617188,4.389500141143799,kfloor
100.0,nan,5562,,,,0.0,0.022922754287719727,0.0,0.012272238731384277,0.0006155148148536682,nan,0.0385652689193287,0.010994113134197028,nan,0.015574543347523354,0.0025491665058350204,0.0002648065904283985,nan,nan,1.0535000562667847,,,,3.0,61,0,0,437,0.0,3.10365891456604,0.0,0.5351402163505554,0.03814510628581047,grid,14,0.0,0,1.61357966135256e-05,nan,nan,0.0002900442050304264,,HILL,nan,0.0,0.0,0,2.2501068115234375,5.267499923706055,kfloor
100.0,nan,5563,,,,0.0,0.01165914535522461,0.0,0.0023488402366638184,0.00021159648895263672,nan,0.019389627166212384,0.004166825924734245,nan,0.006827826339790347,0.001966633193655094,0.00016085036543517304,nan,nan,1.2289999723434448,,,,3.0,61,0,0,5575,0.0,3.030459403991699,0.0,0.6789876222610474,0.04583822190761566,rel,14,0.0,0,1.5758032532176003e-05,nan,nan,0.00020813308947253972,,HILL,nan,0.0,0.0,0,2.6249465942382812,6.144999980926514,kfloor
100.0,nan,5564,,,,0.0,-0.0012173652648925781,0.0,-0.00716632604598999,-0.0002617165446281433,nan,0.012853433443979342,0.0017293233867255139,nan,0.00400499469760521,0.0025724628874293554,0.00019883641371425467,nan,nan,1.4046000242233276,,,,3.0,61,0,0,5576,0.0,2.984445571899414,0.0,0.8111406564712524,0.05321461334824562,rel,14,0.0,0,1.708053969196044e-05,nan,nan,0.00017271861725021154,,HILL,nan,0.0,0.0,0,3.0,7.0229997634887695,kfloor
100.0,0.273610042977928,5565,,,,,,,,,0.9906126856803894,,,1.30220627784729,,,,nan,0.2851150819069555,0.20000000298023224,,,,3.0,1001,19,0,-1,,,,,,,14,,,0.011028783395886421,0.011028783395886421,0.010458790697157383,5.500606060028076,,HILL,3.680532628852802e-05,0.3790000081062317,0.3790000081062317,1,0.4271678626537323,1.0,rel
100.0,-0.5684686585827303,5566,,,,,,,,,1.8363807201385498,,,1.911045789718628,,,,51390.45806114112,0.36935545584167045,0.25,,,,3.0,1001,19,0,-1,,,,,,,14,,,0.011227743700146675,0.011227743700146675,0.010557770729064941,3.583895683288574,,HILL,-0.005456027117642314,0.6248999834060669,0.4999199867248535,1,0.5339598655700684,1.25,rel
100.0,-0.3420012389129194,5567,,,,0.0,0.0,0.0,0.0,0.0,1.606530785560608,0.0,0.0,1.560897946357727,0.0,0.0,0.0,30931.47253854242,0.3768608875790665,0.30000001192092896,,,,3.0,1001,19,0,425,0.008788534440100193,6.014717102050781,0.0010816657450050116,0.30788129568099976,0.02133503183722496,grid,14,0.48026665051778156,1,0.010959616862237453,0.010959616862237453,0.01077769324183464,2.4293816089630127,,HILL,-0.009150424870577574,0.7203999757766724,0.48026665051778156,1,0.640751838684082,1.5,rel
100.0,0.8000610302735685,5568,,,,0.0,0.0,0.0,0.0,0.0,0.47120898962020874,0.0,0.0,0.517157256603241,0.0,0.0,0.0,194369.0496417761,0.33159213344390925,0.3499999940395355,,,,3.0,1001,19,0,426,0.0009464575559832156,5.553958415985107,0.0010816657450050116,0.2913741171360016,0.02372768148779869,grid,14,0.46765715735299246,1,0.010518236085772514,0.010518236085772514,0.010400566272437572,1.7129698991775513,,HILL,-0.001407116109674554,0.8184000253677368,0.46765715735299246,1,0.7475438117980957,1.75,rel
100.0,0.5049895792617701,5569,,,,0.0,0.0,0.0,0.0,0.0,0.7941988706588745,0.0,0.0,0.8136307001113892,0.0,0.0,0.0,222443.10601266613,0.314774444209059,0.4000000059604645,,,,3.0,1001,19,0,427,0.0005408328725025058,5.116828441619873,0.0008112493087537587,0.3024000823497772,0.02333821915090084,grid,14,0.40735000371932983,1,0.00977912824600935,0.00977912824600935,0.009547458961606026,1.2193350791931152,,HILL,-0.0012144348838111342,0.8147000074386597,0.40735000371932983,1,0.8543357253074646,2.0,rel
100.0,-0.34663224944166404,5570,,,,0.0,0.0,0.0,0.0,0.0,1.6182347536087036,0.0,0.0,1.4106932878494263,0.0,0.0,0.0,15894.007778867699,0.3103452512880598,0.44999998807907104,,,,3.0,1001,19,0,428,0.0005408328725025058,4.763075828552246,0.0008112493087537587,0.3613422214984894,0.027281293645501137,grid,14,0.3975999885135227,1,0.007787682116031647,0.007787682116031647,0.007776674348860979,0.7672309279441833,,HILL,-0.017393250898881298,0.894599974155426,0.3975999885135227,1,0.9611276984214783,2.25,rel
100.0,0.9135770606323729,5571,,,,0.0,0.0,0.0,0.0,0.0,0.4496425688266754,0.0,0.0,0.34072285890579224,0.0,0.0,0.0,nan,0.2679314385109436,0.5,,,,3.0,1001,19,0,429,0.0,4.4657721519470215,0.0002704164362512529,0.3043438792228699,0.03793499991297722,grid,14,0.3701200008392334,1,0.007888924330472946,0.007888924330472946,0.00448012538254261,0.6295362114906311,,HILL,0.034124348380348925,0.9253000020980835,0.3701200008392334,1,1.0679197311401367,2.5,rel
100.0,-0.5304766744788197,5572,,,,,,,,,0.0020292908884584904,,,0.0025494799483567476,,,,78.79573968248212,0.0005451084487865091,0.7023000121116638,,,,3.0,881,16,0,-1,,,,,,,14,,,9.837976904236712e-06,1.011336462397594e-05,1.011336462397594e-05,0.0003979269531555474,,HILL,-0.03834921973092251,0.0,0.0,0,1.5,3.5114998817443848,rel
100.0,nan,5573,,,,,,,,,nan,,,nan,,,,nan,nan,0.8779000043869019,,,,3.0,81,0,0,-1,,,,,,,14,,,1.2814213732781354e-05,nan,nan,0.0003316994698252529,,HILL,nan,0.0,0.0,0,1.8750534057617188,4.389500141143799,rel
100.0,nan,5574,,,,0.0,-0.0020923614501953125,0.0,0.002781391143798828,0.00015976279973983765,nan,0.0037090370849977524,0.0022908797786253244,nan,0.0029663933661509866,0.0006488787469398233,1.8333493870738642e-05,nan,nan,1.0535000562667847,61,0.0,0,3.0,61,0,0,437,0.0,3.10365891456604,0.0,0.5351402163505554,0.03814510628581047,grid,14,0.0,0,1.826411062211264e-05,nan,nan,0.0003283011319581419,,HILL,nan,0.0,0.0,0,2.2501068115234375,5.267499923706055,rel
100.0,nan,5575,,,,,,,,,nan,,,nan,,,,nan,nan,1.2289999723434448,,,,3.0,51,0,0,-1,,,,,,,14,,,2.4630951884319074e-05,nan,nan,0.0003253271570429206,,HILL,nan,0.0,0.0,0,2.6249465942382812,6.144999980926514,rel
100.0,nan,5576,,,,,,,,,nan,,,nan,,,,nan,nan,1.4046000242233276,,,,3.0,41,0,0,-1,,,,,,,14,,,3.917314825230278e-05,nan,nan,0.0003961193433497101,,HILL,nan,0.0,0.0,0,3.0,7.0229997634887695,rel
100.0,-0.024898269385237662,5577,,,,0.0,0.0,0.0,0.0,0.0,2.038111925125122,0.0,0.0,2.596071720123291,0.0,0.0,0.0,79977.10497773577,0.5738499428105207,0.10000000149011612,,,,3.0,1001,19,0,420,0.025148728862404823,8.752898216247559,0.002568956231698394,0.10720110684633255,0.02569444663822651,grid,14,0.7383999824523926,1,0.010571052320301533,0.010571052320301533,0.00900979433208704,21.089250564575195,,HILL,-0.0034479899839920214,0.3691999912261963,0.7383999824523926,1,0.21358393132686615,0.5,calm
100.0,0.11175806551400455,5578,,,,-0.0032449974678456783,0.018552780151367188,-0.002839372493326664,-0.005099982023239136,-0.0015029162168502808,1.7310317754745483,0.43809118896517546,0.08644763603831518,1.653749942779541,0.163642167688701,0.0442047119140625,0.007018901398316448,nan,0.4438834418038859,0.15000000596046448,,,,3.0,1001,19,0,422,0.007301243953406811,7.3321709632873535,0.007030827458947897,0.1855078637599945,0.022855885326862335,grid,14,0.5714666843414307,1,0.01057107001543045,0.01057107001543045,0.010212262161076069,9.373015403747559,,HILL,0.0018831578168002833,0.4138000011444092,0.5517333348592123,1,0.320375919342041,0.75,calm
100.0,0.273610042977928,5579,,,,0.0,0.0,0.0,0.0,0.0,0.9906126856803894,0.0,0.0,1.30220627784729,0.0,0.0,0.0,nan,0.2851150819069555,0.20000000298023224,,,,3.0,1001,19,0,5565,0.01717144437134266,7.351395606994629,0.002028123242780566,0.22650566697120667,0.03735135868191719,rel,14,0.3790000081062317,1,0.011028783395886421,0.011028783395886421,0.010458790697157383,5.500606060028076,,HILL,3.680532628852802e-05,0.3790000081062317,0.3790000081062317,1,0.4271678626537323,1.0,calm
250.0,0.3180681823499466,5580,,,,0.00013520821812562644,0.05947685241699219,0.00013520821812562644,0.009657502174377441,0.015477202832698822,2.395075798034668,0.7320467077066444,0.08174205402766496,2.251368999481201,0.24499314045548143,0.268798828125,0.02626623005367989,nan,0.35567895140990274,0.20000000298023224,,,,0.3,1001,19,0,5604,0.0,8.128823280334473,0.0,0.46988052129745483,0.06420916318893433,rel,15,0.7134000062942505,1,0.00017704180208966136,0.00017704180208966136,0.00016230526671279222,0.08829960227012634,,HILL,0.007788181304931793,0.6581000089645386,0.6581000089645386,1,0.4271678626537323,1.0,omega
250.0,0.3493542589481384,5581,,,,0.0,0.009795188903808594,0.0,0.0018711090087890625,-0.0016438290476799011,1.458186388015747,0.4798464257477165,0.04023740508658909,1.5695127248764038,0.13986111756089267,0.168212890625,0.01307173214969666,40742.28355119625,0.15888332597980365,0.25,,,,0.3,1001,19,0,5605,0.0,7.741476535797119,0.0,0.5875959992408752,0.10709934681653976,rel,15,0.31528000831604003,1,0.00010173001646762714,0.00010173001646762714,0.00010173001646762714,0.032472219318151474,,HILL,-0.0017775448885827547,0.42289999127388,0.338319993019104,1,0.5339598655700684,1.25,omega
250.0,0.18462056034440105,5582,,,,0.0,0.02070140838623047,0.0,0.0003057718276977539,-0.010201521217823029,1.1497830152511597,0.3814817516550842,0.018356542896465666,1.214542031288147,0.05938916497332856,0.18379720052083334,0.0052954312356846035,2829.256621710523,0.0809868598822586,0.30000001192092896,,,,0.3,1001,19,0,455,0.0,7.358635902404785,0.0,0.630069375038147,0.09725791215896606,grid,15,0.09213333328564961,1,8.03423099569045e-05,8.03423099569045e-05,8.03423099569045e-05,0.01780921220779419,,HILL,-0.03303225690668273,0.1808999925851822,0.12059999505678813,1,0.640751838684082,1.5,omega
250.0,nan,5583,,,,0.0,0.0004100799560546875,0.0,-2.5033950805664062e-06,-4.453212022781372e-05,0.34899505972862244,0.0644827487411675,0.0014517115629535955,nan,0.0033598199159576717,0.026925223214285716,0.0003699446345263486,nan,nan,0.3499999940395355,,,,0.3,601,11,0,456,0.0,7.005701541900635,0.0,0.6689140796661377,0.08248769491910934,grid,15,0.0,0,1.9629371308838017e-05,1.9629371308838017e-05,nan,0.0031967833638191223,,HILL,nan,0.0,0.0,0,0.7475438117980957,1.75,omega
250.0,nan,5584,,,,0.0,-0.03556632995605469,0.0,0.0016112923622131348,0.005077771842479706,0.333298921585083,0.5839361502596994,0.01954347021798188,nan,0.025397052311625295,0.3311767578125,0.004144921221882669,nan,nan,0.4000000059604645,,,,0.3,361,6,0,457,0.0,6.626599311828613,0.0,0.7044529318809509,0.06253862380981445,grid,15,0.0,0,1.9957427866756916e-05,2.0815865354961716e-05,nan,0.00248844176530838,,HILL,nan,0.0,0.0,0,0.8543357253074646,2.0,omega
250.0,nan,5585,,,,0.0,0.0009942054748535156,0.0,6.681680679321289e-05,-4.297494888305664e-05,0.33746230602264404,0.009344363290074239,0.0004681718512820989,nan,0.0009270837397262945,0.005750868055555556,8.791126344404673e-05,nan,nan,0.44999998807907104,,,,0.3,501,9,0,458,0.0,6.2911834716796875,0.0,0.741474986076355,0.05968340486288071,grid,15,0.0,0,1.807132503017783e-05,1.807132503017783e-05,nan,0.0017803601222112775,,HILL,nan,0.0,0.0,0,0.9611276984214783,2.25,omega
250.0,nan,5586,,,,0.0,0.002369403839111328,0.0,0.00021958351135253906,-1.0740011930465698e-05,0.49441951513290405,0.005137869702330431,0.00075612192987523,nan,0.0015897285738378619,0.0027099609375,6.229235005417408e-05,nan,nan,0.5,,,,0.3,351,6,0,459,0.0,5.943384647369385,0.0,0.7754098176956177,0.05769053101539612,grid,15,0.0,0,1.7032347386702895e-05,1.7032347386702895e-05,nan,0.0013591813622042537,,HILL,nan,0.0,0.0,0,1.0679197311401367,2.5,omega
250.0,nan,5587,,,,0.0,-0.10516786575317383,0.0,-0.014067471027374268,-0.0011309348046779633,0.12566733360290527,0.044228388748195686,0.029970035545087207,nan,0.03464268014054073,0.0042410874630592075,0.0006168791723171962,nan,nan,0.7023000121116638,,,,0.3,211,3,0,5611,0.0,4.923996925354004,0.0,0.8720824122428894,0.05742690712213516,rel,15,0.0,0,1.9294111552881077e-05,2.085260712192394e-05,nan,0.0007804091437719762,,HILL,nan,0.0,0.0,0,1.5,3.5114998817443848,omega
250.0,nan,5588,,,,0.0,-0.02123880386352539,0.0,-0.002638876438140869,-6.016343832015991e-05,0.1135668158531189,0.011656177451392583,0.006073889539581919,nan,0.008908208266131793,0.0010567654005795915,0.00012333005097920407,nan,nan,0.8779000043869019,,,,0.3,181,2,0,5612,0.0,4.31691837310791,0.0,0.938738226890564,0.05950840190052986,rel,15,0.0,0,1.944743053172715e-05,2.7011052225134335e-05,nan,0.0005034020869061351,,HILL,nan,0.0,0.0,0,1.8750534057617188,4.389500141143799,omega
250.0,nan,5589,,,,0.0,-0.0055887699127197266,0.0,0.0019036531448364258,8.215010166168213e-05,0.0700739249587059,0.003708168220639211,0.002147761187895758,nan,0.002966308500921755,0.00037078785539418476,2.3996857998786675e-05,nan,nan,1.0535000562667847,,,,0.3,171,2,0,467,0.0,3.981754779815674,0.0,1.0241143703460693,0.06428351998329163,grid,15,0.0,0,1.789985253708437e-05,2.3926202629809268e-05,nan,0.00032175349770113826,,HILL,nan,0.0,0.0,0,2.2501068115234375,5.267499923706055,omega
250.0,nan,5590,,,,0.0,0.012429952621459961,0.0,0.003197193145751953,-5.846470594406128e-05,0.03709327429533005,0.005765637710402509,0.0036944956982695194,nan,0.004608675766949311,0.0007449368157784447,9.813125442444439e-05,nan,nan,1.2289999723434448,,,,0.3,161,2,0,5614,0.0,3.7472198009490967,0.0,1.1155881881713867,0.06968330591917038,rel,15,0.0,0,1.818024793465156e-05,2.079236764984671e-05,nan,0.00024012585345190018,,HILL,nan,0.0,0.0,0,2.6249465942382812,6.144999980926514,omega
250.0,nan,5591,,,,0.0,0.024180889129638672,0.0,0.00768589973449707,9.313970804214478e-05,0.05133077874779701,0.011124470216304682,0.006997046164172449,nan,0.008378500035212351,0.0011471793957455233,0.00013881952583937144,nan,nan,1.4046000242233276,,,,0.3,141,1,0,5615,0.0,3.5686404705047607,0.0,1.2032002210617065,0.07456666976213455,rel,15,0.0,0,1.8037244444712996e-05,3.130489130853675e-05,nan,0.00018239283235743642,,HILL,nan,0.0,0.0,0,3.0,7.0229997634887695,omega
250.0,0.7185214096052345,5592,,,,0.0,-0.7668108940124512,0.0,0.07628905773162842,0.04636788368225098,1.2749556303024292,1.8551465206426063,0.3802590746639852,1.6987637281417847,0.9665440742199412,0.4547119140625,0.06177694794131073,1231.6268612934814,0.26766149610176593,0.20000000298023224,,,,0.3,1001,19,0,5604,0.0,8.128823280334473,0.0,0.46988052129745483,0.06420916318893433,rel,15,0.7134000062942505,1,2.4995108105940744e-05,2.4995108105940744e-05,2.4995108105940744e-05,0.0124663095921278,,HILL,-0.04198331832885732,0.45980000495910645,0.45980000495910645,1,0.4271678626537323,1.0,kfloor
250.0,0.40796296214815453,5593,,,,0.0,-0.6782708168029785,0.0,-0.017656803131103516,0.053291209042072296,1.4704335927963257,1.6234342220739584,0.31871589147792145,1.7778832912445068,0.8372122255940868,0.646875,0.07154057331508143,700.5270521648598,0.18278315118711502,0.25,,,,0.3,851,16,0,5605,0.0,7.741476535797119,0.0,0.5875959992408752,0.10709934681653976,rel,15,0.31528000831604003,1,1.777986835804768e-05,1.777986835804768e-05,1.777986835804768e-05,0.005675334017723799,,HILL,-0.03396060353233665,0.0,0.0,0,0.5339598655700684,1.25,kfloor
250.0,0.14152284805797297,5594,,,,0.0,-0.4224886894226074,0.0,0.003805875778198242,0.02912968397140503,1.4937375783920288,1.1806638381266443,0.21870697303395278,1.3487248420715332,0.6357593566623246,0.509765625,0.04237230007919682,3251.779087162656,0.06160645826296412,0.30000001192092896,,,,0.3,1001,19,0,455,0.0,7.358635902404785,0.0,0.630069375038147,0.09725791215896606,grid,15,0.09213333328564961,1,5.441143366624601e-05,5.441143366624601e-05,2.91423020826187e-05,0.01206120103597641,,HILL,-0.0193115407770328,0.09728000313043594,0.06485333542029063,1,0.640751838684082,1.5,kfloor
250.0,nan,5595,,,,0.0,-0.3992342948913574,0.0,-0.0005213618278503418,0.027655646204948425,1.3699281215667725,1.077580835617606,0.16109416157806736,nan,0.4305800076001352,0.5107421875,0.026152009708126315,nan,nan,0.3499999940395355,,,,0.3,291,4,0,456,0.0,7.005701541900635,0.0,0.6689140796661377,0.08248769491910934,grid,15,0.0,0,1.7323816791758873e-05,4.965355765307322e-05,nan,0.002821307396516204,,HILL,nan,0.0,0.0,0,0.7475438117980957,1.75,kfloor
250.0,nan,5596,,,,0.0,-0.3512406349182129,0.0,-0.003745734691619873,0.037029094994068146,0.9052635431289673,0.8298673676355136,0.11691955223062639,nan,0.1989596567796727,0.277679443359375,0.013658227047416054,nan,nan,0.4000000059604645,,,,0.3,221,3,0,457,0.0,6.626599311828613,0.0,0.7044529318809509,0.06253862380981445,grid,15,0.0,0,1.276786770176841e-05,3.824165469268337e-05,nan,0.0015919934958219528,,HILL,nan,0.0,0.0,0,0.8543357253074646,2.0,kfloor
250.0,nan,5597,,,,0.0,-0.3258223533630371,0.0,-0.011148929595947266,0.023029379546642303,0.6896539926528931,0.5814723480576128,0.10060958562512001,nan,0.14066330135649494,0.2578125,0.00963046786647728,nan,nan,0.44999998807907104,,,,0.3,171,2,0,458,0.0,6.2911834716796875,0.0,0.741474986076355,0.05968340486288071,grid,15,0.0,0,1.4740732694917824e-05,2.508675243007019e-05,nan,0.0014522351557388902,,HILL,nan,0.0,0.0,0,0.9611276984214783,2.25,kfloor
250.0,nan,5598,,,,0.0,-0.29983091354370117,0.0,-0.019558370113372803,0.014635451138019562,0.5119214057922363,0.48255701558336794,0.08916378452533733,nan,0.1296878519182716,0.178857421875,0.006023456284392518,nan,nan,0.5,,,,0.3,131,1,0,459,0.0,5.943384647369385,0.0,0.7754098176956177,0.05769053101539612,grid,15,0.0,0,1.5135548892430961e-05,3.367847602930851e-05,nan,0.001207816763781011,,HILL,nan,0.0,0.0,0,1.0679197311401367,2.5,kfloor
250.0,nan,5599,,,,0.0,-0.20856809616088867,0.0,-0.018405139446258545,-0.00041594356298446655,nan,0.09847722584584204,0.06010988196691604,nan,0.07574850790776487,0.037053025407280595,0.0014638268455474284,nan,nan,0.7023000121116638,,,,0.3,91,0,0,5611,0.0,4.923996925354004,0.0,0.8720824122428894,0.05742690712213516,rel,15,0.0,0,1.572704059071839e-05,nan,nan,0.0006361280684359372,,HILL,nan,0.0,0.0,0,1.5,3.5114998817443848,kfloor
250.0,nan,5600,,,,0.0,-0.0653238296508789,0.0,-0.0030639171600341797,0.00012651458382606506,nan,0.03666771400972829,0.018880521307085663,nan,0.028789064450574827,0.004719378707111407,0.0004557529248433857,nan,nan,0.8779000043869019,,,,0.3,81,0,0,5612,0.0,4.31691837310791,0.0,0.938738226890564,0.05950840190052986,rel,15,0.0,0,1.7912047042045742e-05,nan,nan,0.0004636582743842155,,HILL,nan,0.0,0.0,0,1.8750534057617188,4.389500141143799,kfloor
250.0,nan,5601,,,,0.0,-0.0257720947265625,0.0,9.882450103759766e-05,-6.757676601409912e-05,nan,0.008332420718041578,0.0037816205996083685,nan,0.006674181397095326,0.0010432029408111781,0.00015816205171157775,nan,nan,1.0535000562667847,,,,0.3,81,0,0,467,0.0,3.981754779815674,0.0,1.0241143703460693,0.06428351998329163,grid,15,0.0,0,1.6806432540761307e-05,nan,nan,0.00030209904070943594,,HILL,nan,0.0,0.0,0,2.2501068115234375,5.267499923706055,kfloor
250.0,nan,5602,,,,0.0,0.00021004676818847656,0.0,0.0004159212112426758,-0.0003983154892921448,nan,0.004171456973766646,0.0010111078359496698,nan,0.0018120740101475541,0.0010131140694586848,0.00010804724165071034,nan,nan,1.2289999723434448,,,,0.3,81,0,0,5614,0.0,3.7472198009490967,0.0,1.1155881881713867,0.06968330591917038,rel,15,0.0,0,1.5380170225398615e-05,nan,nan,0.00020314226276241243,,HILL,nan,0.0,0.0,0,2.6249465942382812,6.144999980926514,kfloor
250.0,nan,5603,,,,0.0,0.015166044235229492,0.0,0.004478335380554199,-0.0002411976456642151,nan,0.007230706494396026,0.00448370613783487,nan,0.005649631190977904,0.001181942407737812,0.00012613575406407706,nan,nan,1.4046000242233276,,,,0.3,71,0,0,5615,0.0,3.5686404705047607,0.0,1.2032002210617065,0.07456666976213455,rel,15,0.0,0,1.6269914340227842e-05,nan,nan,0.00016452156705781817,,HILL,nan,0.0,0.0,0,3.0,7.0229997634887695,kfloor
250.0,-0.19526622859496517,5604,,,,,,,,,2.7845633029937744,,,2.649440288543701,,,,nan,0.38891038111574017,0.20000000298023224,,,,0.3,1001,19,0,-1,,,,,,,15,,,0.00021648884285241365,0.00021648884285241365,0.0001678989501670003,0.10797380656003952,,HILL,0.009636410799893637,0.7134000062942505,0.7134000062942505,1,0.4271678626537323,1.0,rel
250.0,-0.09825945990044958,5605,,,,,,,,,2.195992946624756,,,1.888883352279663,,,,nan,0.15886187495289472,0.25,,,,0.3,1001,19,0,-1,,,,,,,15,,,0.00012246194819454104,0.00012246194819454104,9.455938561586663e-05,0.03908985108137131,,HILL,0.021168643778020888,0.39410001039505005,0.31528000831604003,1,0.5339598655700684,1.25,rel
250.0,-0.9376798796276209,5606,,,,0.0,0.0,0.0,0.0,0.0,1.2642089128494263,0.0,0.0,1.2515801191329956,0.0,0.0,0.0,nan,0.06578821447542166,0.30000001192092896,,,,0.3,1001,19,0,455,0.0,7.358635902404785,0.0,0.630069375038147,0.09725791215896606,grid,15,0.09213333328564961,1,9.551171388011426e-05,9.551171388011426e-05,8.979448466561735e-05,0.02117176353931427,,HILL,0.004523528705943876,0.13819999992847443,0.09213333328564961,1,0.640751838684082,1.5,rel
250.0,0.6725791256720802,5607,,,,0.0,0.007811069488525391,0.0,-0.0008817315101623535,-0.0039495378732681274,0.1440155804157257,0.29688457141693325,0.009849007221741484,0.2253427803516388,0.017072210932613484,0.1181640625,0.002623229323182824,-718.7789942627385,0.007875322669272634,0.3499999940395355,,,,0.3,1001,19,1,456,0.0,7.005701541900635,0.0,0.6689140796661377,0.08248769491910934,grid,15,0.0,0,1.1762154827010818e-05,1.1762154827010818e-05,1.1394894499971997e-05,0.0019155510235577822,,HILL,-0.013405383716929956,0.016179999336600304,0.009245713906628745,1,0.7475438117980957,1.75,rel
250.0,0.3845739641432761,5608,,,,0.0,0.0007681846618652344,0.0,-0.0003050565719604492,-0.0015189722180366516,0.12463194131851196,0.1360987638476233,0.003114297136645346,0.14241153001785278,0.004046508718786645,0.0782470703125,0.000789737873879428,997.0439582936878,0.018349292003489222,0.4000000059604645,,,,0.3,1001,19,1,457,0.0,6.626599311828613,0.0,0.7044529318809509,0.06253862380981445,grid,15,0.0,0,1.9913939468096942e-05,1.9913939468096942e-05,1.796133983589243e-05,0.002483019372448325,,HILL,-0.04734158949418486,0.007505999878048897,0.0037529999390244484,1,0.8543357253074646,2.0,rel
250.0,nan,5609,,,,0.0,0.004908561706542969,0.0,0.0015433430671691895,0.0006015226244926453,0.18843190371990204,0.07518865773923804,0.0035708189613305233,nan,0.005533854166666667,0.030219184027777776,0.00042605130376312055,nan,nan,0.44999998807907104,261,0.0,0,0.3,411,7,0,458,0.0,6.2911834716796875,0.0,0.741474986076355,0.05968340486288071,grid,15,0.0,0,3.984799150202889e-06,4.337623067840468e-06,nan,0.00039257650496438146,,HILL,nan,0.0,0.0,0,0.9611276984214783,2.25,rel
250.0,nan,5610,,,,0.0,0.04788970947265625,0.0,0.002572774887084961,0.0012323111295700073,0.3853110373020172,0.0931143510093455,0.015040040704943691,nan,0.02033425972092143,0.0411407470703125,0.0009083874390665552,nan,nan,0.5,181,0.0,0,0.3,271,4,0,459,0.0,5.943384647369385,0.0,0.7754098176956177,0.05769053101539612,grid,15,0.0,0,4.8733295443526e-06,6.853130344097735e-06,nan,0.0003888916689902544,,HILL,nan,0.0,0.0,0,1.0679197311401367,2.5,rel
250.0,nan,5611,,,,,,,,,0.15834926068782806,,,nan,,,,nan,nan,0.7023000121116638,,,,0.3,171,2,0,-1,,,,,,,15,,,8.811785846774e-06,1.1313810318824835e-05,nan,0.0003564195358194411,,HILL,nan,0.0,0.0,0,1.5,3.5114998817443848,rel
250.0,nan,5612,,,,,,,,,0.19325891137123108,,,nan,,,,nan,nan,0.8779000043869019,,,,0.3,111,1,0,-1,,,,,,,15,,,1.4832244232820813e-05,1.8095124687533826e-05,nan,0.0003839367418549955,,HILL,nan,0.0,0.0,0,1.8750534057617188,4.389500141143799,rel
250.0,nan,5613,,,,0.0,-0.005101919174194336,0.0,0.0018436908721923828,0.00010352581739425659,nan,0.003707878553941848,0.0022764758429427547,nan,0.0029663155731169256,0.00037078785539418476,2.0445224999927704e-05,nan,nan,1.0535000562667847,91,0.0,0,0.3,91,0,0,467,0.0,3.981754779815674,0.0,1.0241143703460693,0.06428351998329163,grid,15,0.0,0,1.8486720364307985e-05,nan,nan,0.0003323025593999773,,HILL,nan,0.0,0.0,0,2.2501068115234375,5.267499923706055,rel
250.0,nan,5614,,,,,,,,,nan,,,nan,,,,nan,nan,1.2289999723434448,,,,0.3,71,0,0,-1,,,,,,,15,,,2.7854775908053853e-05,nan,nan,0.00036790763260796666,,HILL,nan,0.0,0.0,0,2.6249465942382812,6.144999980926514,rel
250.0,nan,5615,,,,,,,,,nan,,,nan,,,,nan,nan,1.4046000242233276,,,,0.3,51,0,0,-1,,,,,,,15,,,3.6234639992471784e-05,nan,nan,0.00036640508915297687,,HILL,nan,0.0,0.0,0,3.0,7.0229997634887695,rel
250.0,-0.1126104151215582,5616,,,,0.0,0.0,0.0,0.0,0.0,5.613426208496094,0.0,0.0,5.825657844543457,0.0,0.0,0.0,nan,1.057473202961098,0.10000000149011612,,,,0.3,1001,19,0,450,0.16265548765659332,10.822976112365723,0.0017577068647369742,0.30294063687324524,0.08349642157554626,grid,15,1.6823999881744385,1,0.00023273233091458678,0.00023273233091458678,0.000194140404346399,0.4643009901046753,,HILL,0.0016284899278121573,0.8411999940872192,1.6823999881744385,1,0.21358393132686615,0.5,calm
250.0,-0.09095131164335855,5617,,,,0.00027041882276535034,0.011939048767089844,-0.0018929149955511093,-0.05015727877616882,0.00023055821657180786,4.146152973175049,1.0471514280347844,0.162682983834497,3.853264570236206,0.45956326855897084,0.3440755208333333,0.0457001364465359,nan,0.6773081834448637,0.15000000596046448,,,,0.3,1001,19,0,452,0.03244997188448906,8.801976203918457,0.0031097889877855778,0.40042194724082947,0.07416043430566788,grid,15,1.1193333466847737,1,0.00022797132260166109,0.00022797132260166109,0.00018834801448974758,0.20213457942008972,,HILL,0.0026679082350298754,0.8490999937057495,1.1321333249409993,1,0.320375919342041,0.75,calm
250.0,-0.19526622859496517,5618,,,,0.0,0.0,0.0,0.0,0.0,2.7845633029937744,0.0,0.0,2.649440288543701,0.0,0.0,0.0,nan,0.38891038111574017,0.20000000298023224,,,,0.3,1001,19,0,5604,0.0,8.128823280334473,0.0,0.46988052129745483,0.06420916318893433,rel,15,0.7134000062942505,1,0.00021648884285241365,0.00021648884285241365,0.0001678989501670003,0.10797380656003952,,HILL,0.009636410799893637,0.7134000062942505,0.7134000062942505,1,0.4271678626537323,1.0,calm
250.0,0.6420242480369475,5619,,,,0.049621421843767166,-1.0611286163330078,0.0001352082472294569,0.14730310440063477,0.0696343332529068,2.282299041748047,4.4965014699545165,0.9115271790322935,2.549309730529785,2.0467377501564035,1.41943359375,0.2030226519344432,nan,0.3817129584743749,0.20000000298023224,,,,1.0,1001,19,0,5643,0.03407246991991997,9.938702583312988,0.0016224986175075173,0.9877890348434448,0.187672421336174,rel,16,0.7445999979972839,1,0.00031987333204597235,0.00031987333204597235,0.00020506336295511574,0.15953682363033295,,HILL,0.03451649492437206,0.6966000199317932,0.6966000199317932,1,0.4271678626537323,1.0,omega
250.0,0.6355092332553156,5620,,,,0.038534341380000114,-0.632965087890625,0.0020281232718843967,0.009879767894744873,-0.0003761798143386841,1.8360694646835327,2.9316841247299745,0.4225306228044515,1.872362494468689,1.0549939492764961,0.9607421875,0.10254489271108236,nan,0.3639338953659247,0.25,,,,1.0,1001,19,0,5644,0.011627906933426857,8.690840721130371,0.00013520821812562644,0.9355788230895996,0.18877582252025604,rel,16,0.5836800098419189,1,0.00024044183373916894,0.00024044183373916894,0.00019527715630829334,0.0767490342259407,,HILL,0.013937373594804452,0.7986000180244446,0.6388800144195557,1,0.5339598655700684,1.25,omega
250.0,0.6993893710371649,5621,,,,-0.0036506219184957445,-0.13558197021484375,-0.0004056246252730489,-0.014643311500549316,0.0063402652740478516,1.3300856351852417,1.0359798977312342,0.10465591173757278,1.3556617498397827,0.3372298747640848,0.6610310872395834,0.05975830583974695,nan,0.22191444162590457,0.30000001192092896,,,,1.0,1001,19,0,485,0.00459707947447896,7.92061185836792,0.0014872903702780604,1.0392987728118896,0.2064969688653946,grid,16,0.4304666519165039,1,0.00018062052549794316,0.00018062052549794316,0.00012440240243449807,0.040037550032138824,,HILL,0.04246954050931073,0.6517000198364258,0.4344666798909505,1,0.640751838684082,1.5,omega
250.0,0.8082940211985498,5622,,,,0.0,0.02008962631225586,-0.00013520821812562644,0.12028580904006958,0.046857550740242004,0.7894148230552673,1.4234364728796363,0.18167543719135998,0.8583998084068298,0.40914879863874415,0.7996651785714286,0.08769514067394237,nan,0.10703766151456284,0.3499999940395355,,,,1.0,1001,19,0,486,0.0,7.8641228675842285,0.00013520821812562644,0.8409874439239502,0.1773672252893448,grid,16,0.3677142688206264,1,9.551798575557768e-05,9.551798575557768e-05,8.241178875323385e-05,0.015555785968899727,,HILL,0.006562718478116167,0.3720000088214874,0.21257143361227854,1,0.7475438117980957,1.75,omega
250.0,0.7613418453234527,5623,,,,0.0,0.37320995330810547,0.0,0.11935007572174072,0.021316081285476685,0.5233017206192017,0.8727049360636389,0.1480333227854832,0.6754310131072998,0.2571363313474121,0.520263671875,0.03644416307987169,1386.8608100743709,0.08382401672099392,0.4000000059604645,,,,1.0,1001,19,0,487,0.0,7.4739837646484375,0.0,0.7547471523284912,0.14688998460769653,grid,16,0.30764999985694885,1,4.260647256160155e-05,4.260647256160155e-05,4.260647256160155e-05,0.005312494467943907,,HILL,-0.08512022712013914,0.2987000048160553,0.14935000240802765,1,0.8543357253074646,2.0,omega
250.0,0.5924002660608623,5624,,,,0.0,0.20418119430541992,0.0,0.02075016498565674,0.0031255632638931274,0.40265825390815735,0.35694635492152477,0.06465062324318552,0.5359017252922058,0.16262220739559125,0.2282986111111111,0.00866000311039838,896.0301292610526,0.038837301264087194,0.44999998807907104,,,,1.0,841,15,0,488,0.0,7.32799768447876,0.0,0.8291483521461487,0.12905092537403107,grid,16,0.21191110875871447,1,1.9552848243620247e-05,2.7119602236780338e-05,2.7119602236780338e-05,0.0019263176945969462,,HILL,-0.13916989735194596,0.0,0.0,0,0.9611276984214783,2.25,omega
250.0,0.3321789282742216,5625,,,,0.0,0.016342639923095703,0.0,0.0007532835006713867,-0.00033692270517349243,0.3156384527683258,0.10328639706240732,0.009558103712241011,0.4118158221244812,0.01875101722501092,0.057177734375,0.0014072594190043587,667.2531509210489,0.01486478407129992,0.5,,,,1.0,671,12,0,489,0.0,6.981677532196045,0.0,0.8378186821937561,0.11604158580303192,grid,16,0.01728399991989136,1,1.8762482795864344e-05,2.207097531936597e-05,2.207097531936597e-05,0.001497246092185378,,HILL,-0.2632814407348633,0.0,0.0,0,1.0679197311401367,2.5,omega
250.0,nan,5626,,,,0.0,-0.007302284240722656,0.0,0.00045484304428100586,0.0014529526233673096,0.15377193689346313,0.017622104222718295,0.0023381594093479898,nan,0.003343760863112605,0.03618829548397242,0.0005943889062324706,nan,nan,0.7023000121116638,,,,1.0,611,11,0,5650,0.0,5.118697166442871,0.0,0.8355602025985718,0.0966528058052063,rel,16,0.0,0,1.989347583730705e-05,2.1191199266468175e-05,nan,0.0008046522852964699,,HILL,nan,0.0,0.0,0,1.5,3.5114998817443848,omega
250.0,nan,5627,,,,0.0,-0.002318859100341797,0.0,-0.00011962652206420898,0.000447593629360199,0.09186895936727524,0.0070642993039148035,0.0007543574634709537,nan,0.0009323482170713224,0.013456377847511837,0.00025318615995708693,nan,nan,0.8779000043869019,,,,1.0,541,9,0,5651,0.0,4.27912712097168,0.0,0.8536192178726196,0.11697552353143692,rel,16,0.0,0,1.9733264707610942e-05,2.5348264898639172e-05,nan,0.0005108010373078287,,HILL,nan,0.0,0.0,0,1.8750534057617188,4.389500141143799,omega
250.0,nan,5628,,,,0.0,-0.008134603500366211,0.0,0.0003572702407836914,0.0005873143672943115,0.07405523955821991,0.014861899282350077,0.0016761769686032815,nan,0.0023203190681059262,0.0194663624081947,0.0005851569280780548,nan,nan,1.0535000562667847,,,,1.0,421,7,0,497,0.0,3.778665542602539,0.0,0.8871455192565918,0.12358170002698898,grid,16,0.0,0,1.9548046111594886e-05,2.295288140885532e-05,nan,0.00035138012026436627,,HILL,nan,0.0,0.0,0,2.2501068115234375,5.267499923706055,omega
250.0,nan,5629,,,,0.0,0.009022951126098633,0.0,0.0010265111923217773,3.52710485458374e-05,0.08768286556005478,0.010390600834515464,0.002618135211673179,nan,0.005085474127691999,0.0032963454098196175,0.0001113315979923389,nan,nan,1.2289999723434448,,,,1.0,111,1,0,5653,0.0,3.458009958267212,0.0,0.9276509284973145,0.059425149112939835,rel,16,0.0,0,1.9930885173380375e-05,2.3707201762590557e-05,nan,0.00026324839564040303,,HILL,nan,0.0,0.0,0,2.6249465942382812,6.144999980926514,omega
250.0,nan,5630,,,,0.0,0.01776862144470215,0.0,0.00410836935043335,0.00018419325351715088,0.060449618846178055,0.012857286910959768,0.005031288973838373,nan,0.009489283522892973,0.001121107136751307,0.0001329490300010433,nan,nan,1.4046000242233276,,,,1.0,111,1,0,5654,0.0,3.3111093044281006,0.0,0.9896436333656311,0.060542184859514236,rel,16,0.0,0,1.6717520338715985e-05,2.0086094082216732e-05,nan,0.00016904776566661894,,HILL,nan,0.0,0.0,0,3.0,7.0229997634887695,omega
250.0,0.4170454911530959,5631,,,,-0.010275823995471,-1.632761001586914,-0.0006760410615243018,-0.0306779146194458,0.03129646182060242,2.2392001152038574,3.6904821783301416,0.6835643606550447,2.3448524475097656,1.1520715569833582,1.375,0.15423380332485673,84821.69484464494,0.3239638840055275,0.20000000298023224,,,,1.0,1001,19,0,5643,0.03407246991991997,9.938702583312988,0.0016224986175075173,0.9877890348434448,0.187672421336174,rel,16,0.7445999979972839,1,0.00466422364115715,0.00466422364115715,0.004647393710911274,2.3262815475463867,,HILL,-0.002824778990311881,0.5569000244140625,0.5569000244140625,1,0.4271678626537323,1.0,kfloor
250.0,0.41717317928842085,5632,,,,0.008247701451182365,-1.307079792022705,0.001216874021338299,0.009204208850860596,0.02569122612476349,1.8322645425796509,2.7109774082555353,0.5803416000662249,1.8322645425796509,1.0531946020585825,0.987890625,0.11827760685966619,nan,0.23186903786425622,0.25,,,,1.0,1001,19,0,5644,0.011627906933426857,8.690840721130371,0.00013520821812562644,0.9355788230895996,0.18877582252025604,rel,16,0.5836800098419189,1,0.0015583737986162305,0.0015583737986162305,0.00037552323192358017,0.4974329173564911,,HILL,0.11727147535844308,0.5002999901771545,0.4002399921417236,1,0.5339598655700684,1.25,kfloor
250.0,0.31279548693086584,5633,,,,-0.004191454820102081,-0.8987054824829102,-0.0009464574977755547,-0.12309515476226807,-0.023235157132148743,1.7053451538085938,1.4275576135188504,0.36849570667649784,1.3470216989517212,0.512785785099816,0.702392578125,0.06823306038978402,nan,0.19001678519288287,0.30000001192092896,,,,1.0,1001,19,0,485,0.00459707947447896,7.92061185836792,0.0014872903702780604,1.0392987728118896,0.2064969688653946,grid,16,0.4304666519165039,1,0.005747438874095678,0.005747438874095678,0.0003608943079598248,1.2740156650543213,,HILL,0.2600783218037,0.47870001196861267,0.31913334131240845,1,0.640751838684082,1.5,kfloor
250.0,0.7861295408929276,5634,,,,0.0,-1.0269355773925781,-0.00013520821812562644,0.060785770416259766,0.004918769001960754,0.9234150052070618,1.3153815949532703,0.33259303021702585,0.9604663848876953,0.5430877436420632,0.6841517857142857,0.06455944874440832,nan,0.12753399427785678,0.3499999940395355,,,,1.0,1001,19,0,486,0.0,7.8641228675842285,0.00013520821812562644,0.8409874439239502,0.1773672252893448,grid,16,0.3677142688206264,1,0.005246550310403109,0.005246550310403109,0.0006124443607404828,0.8544381856918335,,HILL,0.195516074787487,0.3686999976634979,0.21068571295057023,1,0.7475438117980957,1.75,kfloor
250.0,0.18711021449925638,5635,,,,0.0,-0.921422004699707,0.0,0.2011125087738037,0.05514603853225708,0.5788697004318237,1.0837151270340837,0.3032982279046517,0.7542991638183594,0.4713208667464943,0.48614501953125,0.04791657276463676,nan,0.08715791754220474,0.4000000059604645,,,,1.0,1001,19,0,487,0.0,7.4739837646484375,0.0,0.7547471523284912,0.14688998460769653,grid,16,0.30764999985694885,1,0.0036378060467541218,0.0036378060467541218,0.0005523675354197621,0.45358893275260925,,HILL,0.16681339090520705,0.26820001006126404,0.13410000503063202,1,0.8543357253074646,2.0,kfloor
250.0,-0.019041010106347477,5636,,,,0.0,-1.0983781814575195,0.0,0.11680883169174194,0.06681306660175323,0.6826712489128113,1.1417274366624588,0.33560219145575865,0.6569416522979736,0.4846700015352934,0.4588758680555556,0.039380933299860366,nan,0.024269141908720593,0.44999998807907104,,,,1.0,1001,19,1,488,0.0,7.32799768447876,0.0,0.8291483521461487,0.12905092537403107,grid,16,0.21191110875871447,1,0.0006307688308879733,0.0006307688308879733,0.00013463485811371356,0.06214241310954094,,HILL,0.13410508415915764,0.04094000160694122,0.018195556269751653,1,0.9611276984214783,2.25,kfloor
250.0,-0.4484088035759809,5637,,,,0.0,-1.104935646057129,0.0,0.033100426197052,0.06346476078033447,0.5985295176506042,1.009720989251612,0.32639077066880084,0.5686538219451904,0.5082931613721884,0.4515625,0.031744758924192325,22465.02646001676,0.011980014344388045,0.5,,,,1.0,1001,19,1,489,0.0,6.981677532196045,0.0,0.8378186821937561,0.11604158580303192,grid,16,0.01728399991989136,1,5.01751565025188e-05,5.01751565025188e-05,3.2338182791136205e-05,0.004003977403044701,,HILL,-0.001861060749400519,0.010689999908208847,0.004275999963283539,1,1.0679197311401367,2.5,kfloor
250.0,nan,5638,,,,0.0,-0.32878589630126953,0.0,0.04642534255981445,0.03838832676410675,0.2552751302719116,0.3024382043329107,0.09772602411774635,nan,0.15243757941925867,0.17565749959703422,0.00786916404625297,nan,nan,0.7023000121116638,,,,1.0,301,5,0,5650,0.0,5.118697166442871,0.0,0.8355602025985718,0.0966528058052063,rel,16,0.0,0,1.9885568690369837e-05,1.9885568690369837e-05,nan,0.0008043324341997504,,HILL,nan,0.0,0.0,0,1.5,3.5114998817443848,kfloor
250.0,nan,5639,,,,0.0,-0.11467409133911133,0.0,-0.03571289777755737,0.011054091155529022,0.2260657250881195,0.15804422664612985,0.03434241116290343,nan,0.05606615596516611,0.1615738678254586,0.003689958140126076,nan,nan,0.8779000043869019,,,,1.0,231,3,0,5651,0.0,4.27912712097168,0.0,0.8536192178726196,0.11697552353143692,rel,16,0.0,0,1.3356215276871808e-05,3.177044345648028e-05,nan,0.00034572932054288685,,HILL,nan,0.0,0.0,0,1.8750534057617188,4.389500141143799,kfloor
250.0,nan,5640,,,,0.0,-0.03692913055419922,0.0,-0.017798960208892822,-0.00877440720796585,0.18793664872646332,0.10687442367857414,0.010642878210841629,nan,0.02262200153091786,0.12157206808736834,0.0026459916050343714,nan,nan,1.0535000562667847,,,,1.0,181,2,0,497,0.0,3.778665542602539,0.0,0.8871455192565918,0.12358170002698898,grid,16,0.0,0,1.4603780073230155e-05,3.133306381641887e-05,nan,0.0002625059278216213,,HILL,nan,0.0,0.0,0,2.2501068115234375,5.267499923706055,kfloor
250.0,nan,5641,,,,0.0,0.013367414474487305,0.0,-0.00865095853805542,0.00028675422072410583,nan,0.03750811568077361,0.005656588824385235,nan,0.011130081771751689,0.013945217191372483,0.0006966332843787992,nan,nan,1.2289999723434448,,,,1.0,61,0,0,5653,0.0,3.458009958267212,0.0,0.9276509284973145,0.059425149112939835,rel,16,0.0,0,1.8593862478155643e-05,nan,nan,0.00024558891891501844,,HILL,nan,0.0,0.0,0,2.6249465942382812,6.144999980926514,kfloor
250.0,nan,5642,,,,0.0,0.021708250045776367,0.0,-0.0017784833908081055,0.0003848336637020111,nan,0.019348452368345776,0.006673537142764056,nan,0.010013885210595923,0.004208497139316437,0.00030165961242134776,nan,nan,1.4046000242233276,,,,1.0,61,0,0,5654,0.0,3.3111093044281006,0.0,0.9896436333656311,0.060542184859514236,rel,16,0.0,0,1.5843155779293738e-05,nan,nan,0.00016020618204493076,,HILL,nan,0.0,0.0,0,3.0,7.0229997634887695,kfloor
250.0,0.4068079936638582,5643,,,,,,,,,2.2587525844573975,,,2.5301401615142822,,,,nan,0.431158361128751,0.20000000298023224,,,,1.0,1001,19,0,-1,,,,,,,16,,,0.005914691835641861,0.005914691835641861,0.005555672105401754,2.9499526023864746,,HILL,0.0062310825694692215,0.7445999979972839,0.7445999979972839,1,0.4271678626537323,1.0,rel
250.0,0.11863165663663189,5644,,,,,,,,,2.5050225257873535,,,2.259103775024414,,,,nan,0.3172330879156053,0.25,,,,1.0,1001,19,0,-1,,,,,,,16,,,0.004532505292445421,0.004532505292445421,0.003860632423311472,1.4467756748199463,,HILL,0.00863438953052879,0.7296000123023987,0.5836800098419189,1,0.5339598655700684,1.25,rel
250.0,0.4334323716459636,5645,,,,0.0,0.0,0.0,0.0,0.0,1.4312463998794556,0.0,0.0,1.6467727422714233,0.0,0.0,0.0,nan,0.2080589441706043,0.30000001192092896,,,,1.0,1001,19,0,485,0.00459707947447896,7.92061185836792,0.0014872903702780604,1.0392987728118896,0.2064969688653946,grid,16,0.4304666519165039,1,0.0016318500274792314,0.0016318500274792314,0.00016059383051469922,0.3617267608642578,,HILL,0.17237039479342423,0.6456999778747559,0.4304666519165039,1,0.640751838684082,1.5,rel
250.0,0.8200576869712115,5646,,,,0.0,0.0,0.0,0.0,0.0,0.7605966329574585,0.0,0.0,1.0881956815719604,0.0,0.0,0.0,nan,0.25000876631462793,0.3499999940395355,,,,1.0,1001,19,0,486,0.0,7.8641228675842285,0.00013520821812562644,0.8409874439239502,0.1773672252893448,grid,16,0.3677142688206264,1,0.008097058162093163,0.008097058162093163,0.004438655450940132,1.3186637163162231,,HILL,0.024574578892101084,0.6434999704360962,0.3677142688206264,1,0.7475438117980957,1.75,rel
250.0,0.39955078733895494,5647,,,,0.0,0.0,0.0,0.0,0.0,0.7306915521621704,0.0,0.0,0.9553625583648682,0.0,0.0,0.0,nan,0.23020765472377935,0.4000000059604645,,,,1.0,1001,19,0,487,0.0,7.4739837646484375,0.0,0.7547471523284912,0.14688998460769653,grid,16,0.30764999985694885,1,0.007571164984256029,0.007571164984256029,0.0033893443178385496,0.9440296292304993,,HILL,0.04266136342828932,0.6152999997138977,0.30764999985694885,1,0.8543357253074646,2.0,rel
250.0,-0.31514466689709175,5648,,,,0.0,0.0,0.0,0.0,0.0,1.2469477653503418,0.0,0.0,0.7741211652755737,0.0,0.0,0.0,nan,0.1369365341648332,0.44999998807907104,,,,1.0,1001,19,0,488,0.0,7.32799768447876,0.0,0.8291483521461487,0.12905092537403107,grid,16,0.21191110875871447,1,0.0067015462554991245,0.0067015462554991245,0.0003319495008327067,0.6602264046669006,,HILL,0.28748878565701597,0.47679999470710754,0.21191110875871447,1,0.9611276984214783,2.25,rel
250.0,0.6314886519497244,5649,,,,0.0,0.0,0.0,0.0,0.0,0.10777773708105087,0.0,0.0,0.046226076781749725,0.0,0.0,0.0,nan,0.011121327604196662,0.5,,,,1.0,1001,19,1,489,0.0,6.981677532196045,0.0,0.8378186821937561,0.11604158580303192,grid,16,0.01728399991989136,1,0.0006212927401065826,0.0006212927401065826,0.00012412086653057486,0.049579162150621414,,HILL,0.13930163383483893,0.043209999799728394,0.01728399991989136,1,1.0679197311401367,2.5,rel
250.0,nan,5650,,,,,,,,,0.22784893214702606,,,nan,,,,nan,nan,0.7023000121116638,,,,1.0,351,6,0,-1,,,,,,,16,,,9.55458017415367e-06,9.55458017415367e-06,nan,0.0003864640893880278,,HILL,nan,0.0,0.0,0,1.5,3.5114998817443848,rel
250.0,nan,5651,,,,,,,,,0.13377641141414642,,,nan,,,,nan,nan,0.8779000043869019,,,,1.0,301,5,0,-1,,,,,,,16,,,1.2456079275580123e-05,1.2456079275580123e-05,nan,0.00032242905581369996,,HILL,nan,0.0,0.0,0,1.8750534057617188,4.389500141143799,rel
250.0,nan,5652,,,,0.0,-0.007616281509399414,0.0,0.00040990114212036133,0.0005382746458053589,0.14622358977794647,0.015074661165233127,0.0017998466019160607,nan,0.002365163759203139,0.020068892673210253,0.0005247192662984199,nan,nan,1.0535000562667847,231,0.0,0,1.0,231,3,0,497,0.0,3.778665542602539,0.0,0.8871455192565918,0.12358170002698898,grid,16,0.0,0,1.8631320926942863e-05,2.8872780603705905e-05,nan,0.00033490179339423776,,HILL,nan,0.0,0.0,0,2.2501068115234375,5.267499923706055,rel
250.0,nan,5653,,,,,,,,,nan,,,nan,,,,nan,nan,1.2289999723434448,,,,1.0,51,0,0,-1,,,,,,,16,,,2.7876501917489804e-05,nan,nan,0.00036819459637627006,,HILL,nan,0.0,0.0,0,2.6249465942382812,6.144999980926514,rel
250.0,nan,5654,,,,,,,,,nan,,,nan,,,,nan,nan,1.4046000242233276,,,,1.0,41,0,0,-1,,,,,,,16,,,3.184758679708466e-05,nan,nan,0.00032204316812567413,,HILL,nan,0.0,0.0,0,3.0,7.0229997634887695,rel
250.0,-0.01955468996554764,5655,,,,0.0,0.0,0.0,0.0,0.0,6.921175956726074,0.0,0.0,6.921175956726074,0.0,0.0,0.0,109582.91207840528,1.3381855315789668,0.10000000149011612,,,,1.0,1001,19,0,480,0.1072201207280159,13.001144409179688,0.00229853973723948,0.8901799321174622,0.18135038018226624,grid,16,2.1040000915527344,1,0.004722206387668848,0.004722206387668848,0.0041555846109986305,9.420802116394043,,HILL,-0.0021855527704412276,1.0520000457763672,2.1040000915527344,1,0.21358393132686615,0.5,calm
250.0,0.23397863073532896,5656,,,,-0.0001352056860923767,-0.034804344177246094,0.0016224986757151783,0.026315808296203613,0.0042807310819625854,4.292054653167725,2.2925696472437602,0.2618304394724809,4.089410781860352,0.6709034916617808,1.3216145833333333,0.13062766394744976,nan,0.686901809182467,0.15000000596046448,,,,1.0,1001,19,0,482,0.07950243353843689,11.38192081451416,0.0009464575559832156,0.9942073822021484,0.20350611209869385,grid,16,1.1778666973114014,1,0.006702962797135115,0.006702962797135115,0.005966502241790295,5.943293571472168,,HILL,0.002303825725208729,0.9205999970436096,1.2274666627248128,1,0.320375919342041,0.75,calm
250.0,0.4068079936638582,5657,,,,0.0,0.0,0.0,0.0,0.0,2.2587525844573975,0.0,0.0,2.5301401615142822,0.0,0.0,0.0,nan,0.431158361128751,0.20000000298023224,,,,1.0,1001,19,0,5643,0.03407246991991997,9.938702583312988,0.0016224986175075173,0.9877890348434448,0.187672421336174,rel,16,0.7445999979972839,1,0.005914691835641861,0.005914691835641861,0.005555672105401754,2.9499526023864746,,HILL,0.0062310825694692215,0.7445999979972839,0.7445999979972839,1,0.4271678626537323,1.0,calm
250.0,0.6692953141862962,5658,,,,0.014872901141643524,-1.162430763244629,0.0013520822394639254,0.11489540338516235,0.048502951860427856,2.5474512577056885,4.9915260091599025,1.0358538390439977,2.4483802318573,2.6534166752154564,1.0347900390625,0.1731568482871182,nan,0.4833068970050709,0.20000000298023224,,,,3.0,1001,19,0,5682,0.08896701037883759,10.148937225341797,0.002163331490010023,0.9038588404655457,0.17400993406772614,rel,17,0.6280999779701233,1,0.0007375821587629616,0.0007375821587629616,0.0002446110302116722,0.3678690791130066,,HILL,0.08787919391285323,0.8460999727249146,0.8460999727249146,1,0.4271678626537323,1.0,omega
250.0,0.7394308636805008,5659,,,,0.0027041584253311157,0.09047412872314453,0.0004056246252730489,0.1789534091949463,0.04236416518688202,0.8577712774276733,3.643127626754173,0.5852546933087902,0.9188392758369446,1.425449803117826,0.933984375,0.10964339145007425,nan,0.13903036679456038,0.25,,,,3.0,1001,19,0,5683,0.06544078141450882,8.750761985778809,0.0016224986175075173,0.8947311639785767,0.17629876732826233,rel,17,0.44552001953125,1,0.0004889238625764847,0.0004889238625764847,0.00020198454149067402,0.1560644954442978,,HILL,0.08341761068864326,0.30169999599456787,0.24135999679565429,1,0.5339598655700684,1.25,omega
250.0,0.7409398754515257,5660,,,,0.04407787695527077,-0.12715673446655273,-0.0008112494833767414,0.17021381855010986,0.0571606308221817,0.7595679759979248,2.6793819175606512,0.2852570247028564,0.8752099871635437,0.7673737026409402,0.6100260416666666,0.06275280911427737,3271.618933594127,0.1676453497499254,0.30000001192092896,,,,3.0,1001,19,0,515,0.04948620870709419,7.805694580078125,0.004191454965621233,0.8885834217071533,0.14714758098125458,grid,17,0.5703999996185303,1,9.435068932361901e-05,9.435068932361901e-05,8.926458394853398e-05,0.02091440185904503,,HILL,-0.029670997099442542,0.47350001335144043,0.31566667556762695,1,0.640751838684082,1.5,omega
250.0,0.6377038904333544,5661,,,,-0.0010816658032126725,0.7724409103393555,0.0002704164362512529,0.13649511337280273,7.934123277664185e-05,0.5290060043334961,1.0711799992081537,0.2543583609420317,1.2077817916870117,0.4547717772105875,0.49009486607142855,0.03227941479462243,1319.2757453838888,0.09026122171040345,0.3499999940395355,,,,3.0,1001,19,0,516,0.0013520822394639254,7.907713890075684,0.0,0.7727245092391968,0.1080535501241684,grid,17,0.3130857263292585,1,3.914934859494679e-05,3.914934859494679e-05,3.914934859494679e-05,0.006375750992447138,,HILL,-0.09164830554615346,0.16249999403953552,0.09285713945116315,1,0.7475438117980957,1.75,omega
250.0,0.5754791075284205,5662,,,,-0.0005408328725025058,0.8774123191833496,-0.0002704164362512529,0.11124676465988159,0.01619323343038559,0.2646924555301666,1.0292411532149235,0.2556068850518283,0.3596828579902649,0.5034747420079838,0.431884765625,0.01783599656552737,699.2418432454018,0.03029160808825309,0.4000000059604645,,,,3.0,701,13,0,517,0.0005408328725025058,7.452442646026611,0.0002704164362512529,0.7698321342468262,0.08631950616836548,grid,17,0.29714998602867126,1,1.9864646674250253e-05,1.9864646674250253e-05,1.9864646674250253e-05,0.0024768731091171503,,HILL,-0.16773672103881834,0.0,0.0,0,0.8543357253074646,2.0,omega
250.0,nan,5663,,,,0.0,0.4765782356262207,-0.0002704164362512529,0.04992645978927612,0.0048088207840919495,0.38491296768188477,0.459841244961432,0.13992015736178812,nan,0.3481910283730015,0.2861870659722222,0.007902858818346015,nan,nan,0.44999998807907104,,,,3.0,511,9,0,518,0.0,7.151185989379883,0.0002704164362512529,0.7977785468101501,0.08840814232826233,grid,17,0.2404444482591417,1,1.9165418052580208e-05,2.0046401914441958e-05,nan,0.0018881486030295491,,HILL,nan,0.0,0.0,0,0.9611276984214783,2.25,omega
250.0,nan,5664,,,,0.0,0.14599943161010742,0.0,0.004008769989013672,-0.0001641586422920227,0.2758353054523468,0.18141174375444377,0.048678859371263955,nan,0.09890115805153218,0.11649169921875,0.00339370719995803,nan,nan,0.5,,,,3.0,431,7,0,519,0.0,6.75915002822876,0.0,0.8199859261512756,0.08632836490869522,grid,17,0.11579999923706055,1,1.9288401745143346e-05,2.220628630311694e-05,nan,0.0015392143977805972,,HILL,nan,0.0,0.0,0,1.0679197311401367,2.5,omega
250.0,nan,5665,,,,0.0,-0.08240365982055664,0.0,0.0022808313369750977,4.246830940246582e-06,0.11653383076190948,0.08412770284502506,0.025180242094440405,nan,0.03118868002141949,0.037665723493644686,0.0009768800593701987,nan,nan,0.7023000121116638,,,,3.0,231,3,0,5689,0.0,4.984112739562988,0.0,0.7514868378639221,0.05293094366788864,rel,17,0.0,0,1.961231646419037e-05,2.5394501790287904e-05,nan,0.0007932799053378403,,HILL,nan,0.0,0.0,0,1.5,3.5114998817443848,omega
250.0,nan,5666,,,,0.0,-0.0338129997253418,0.0,-0.002934098243713379,-0.0003371722996234894,0.07863537967205048,0.02414079691000483,0.009698196506892963,nan,0.016026158249364354,0.002113530801159183,0.0001788223777600565,nan,nan,0.8779000043869019,,,,3.0,171,2,0,5690,0.0,4.184803485870361,0.0,0.7210800051689148,0.04810427501797676,rel,17,0.0,0,1.9083929146290757e-05,2.3698627046542242e-05,nan,0.0004939928185194731,,HILL,nan,0.0,0.0,0,1.8750534057617188,4.389500141143799,omega
250.0,nan,5667,,,,0.0,-0.022593259811401367,0.0,-0.0009528994560241699,-0.00014525651931762695,0.14421270787715912,0.011128366063537563,0.0029759748131860083,nan,0.006705649927453976,0.0009733181204097351,0.00010377225470641547,nan,nan,1.0535000562667847,,,,3.0,131,1,0,527,0.0,3.7162530422210693,0.0,0.7478378415107727,0.05012425407767296,grid,17,0.0,0,1.9168606741004623e-05,2.852398029062897e-05,nan,0.00034455960849300027,,HILL,nan,0.0,0.0,0,2.2501068115234375,5.267499923706055,omega
250.0,nan,5668,,,,0.0,0.018291711807250977,0.0,0.003797769546508789,0.000302974134683609,0.0993657261133194,0.013361692350836412,0.00513375774006046,nan,0.009538687665415194,0.0009535191241964091,0.00010578969199490283,nan,nan,1.2289999723434448,,,,3.0,121,1,0,5692,0.0,3.454123020172119,0.0,0.7927048206329346,0.05476700887084007,rel,17,0.0,0,1.7838017811300233e-05,2.4528657377231866e-05,nan,0.00023560566478408873,,HILL,nan,0.0,0.0,0,2.6249465942382812,6.144999980926514,omega
250.0,nan,5669,,,,0.0,0.021711111068725586,0.0,0.00457388162612915,0.00037081167101860046,0.06464813649654388,0.014520050700843203,0.006095257582181403,nan,0.011126825062316673,0.0012036692902329922,0.0001419721956627555,nan,nan,1.4046000242233276,,,,3.0,111,1,0,5693,0.0,3.3097193241119385,0.0,0.8688288331031799,0.06062484160065651,rel,17,0.0,0,1.8646634998731315e-05,2.2360200091497973e-05,nan,0.00018855500093195587,,HILL,nan,0.0,0.0,0,3.0,7.0229997634887695,omega
250.0,0.4981680449756128,5670,,,,-0.005002707242965698,-1.7841472625732422,0.0005408329889178276,-0.10598814487457275,-0.001285448670387268,1.1153818368911743,4.211688935392437,0.8480621949803864,1.8974095582962036,1.4006531925457908,1.0419921875,0.13412883967209532,59650.979627484165,0.3520712950881173,0.20000000298023224,,,,3.0,1001,19,0,5682,0.08896701037883759,10.148937225341797,0.002163331490010023,0.9038588404655457,0.17400993406772614,rel,17,0.6280999779701233,1,0.006323528476059437,0.006323528476059437,0.00553095992654562,3.153859853744507,,HILL,-0.004262456026944102,0.519599974155426,0.519599974155426,1,0.4271678626537323,1.0,kfloor
250.0,0.5629792660935496,5671,,,,-0.007571663707494736,-1.4229154586791992,0.0008112493669614196,-0.09186607599258423,-0.003434985876083374,0.9305651783943176,3.2580238474985324,0.7152875464355242,1.2778477668762207,1.1867530320560544,0.8759765625,0.09936546176881517,nan,0.2572276161924929,0.25,,,,3.0,1001,19,0,5683,0.06544078141450882,8.750761985778809,0.0016224986175075173,0.8947311639785767,0.17629876732826233,rel,17,0.44552001953125,1,0.00403505889698863,0.00403505889698863,0.001672459882684052,1.2879908084869385,,HILL,0.0731565128673207,0.4230000078678131,0.3384000062942505,1,0.5339598655700684,1.25,kfloor
250.0,0.5765617457228002,5672,,,,-0.025689562782645226,-1.0803451538085938,-0.0009464577306061983,-0.12514877319335938,0.0035036206245422363,1.5615650415420532,1.8149581259342007,0.4532753673173236,0.9344075322151184,0.6094192352208605,0.6083984375,0.055666667433586205,nan,0.24942015600206066,0.30000001192092896,,,,3.0,1001,19,0,515,0.04948620870709419,7.805694580078125,0.004191454965621233,0.8885834217071533,0.14714758098125458,grid,17,0.5703999996185303,1,0.006451347842812538,0.006451347842812538,0.0007240963750518858,1.4300487041473389,,HILL,0.1962709426879884,0.5285999774932861,0.3523999849955241,1,0.640751838684082,1.5,kfloor
250.0,0.7477949613885914,5673,,,,0.0013520822394639254,-0.984065055847168,0.0002704164362512529,-0.050080955028533936,0.03880743682384491,0.5159227252006531,1.2247871493633762,0.34556928369444023,0.5159227252006531,0.5718060339361648,0.46805245535714285,0.0442126435455432,nan,0.08769094927560395,0.3499999940395355,,,,3.0,1001,19,0,516,0.0013520822394639254,7.907713890075684,0.0,0.7727245092391968,0.1080535501241684,grid,17,0.3130857263292585,1,0.00512734754011035,0.00512734754011035,0.0025007538497447968,0.8350251913070679,,HILL,0.04658554250543786,0.22779999673366547,0.1301714267049517,1,0.7475438117980957,1.75,kfloor
250.0,-0.46868102662454897,5674,,,,0.0002704164362512529,-0.8899631500244141,0.0,-0.024025917053222656,0.051082342863082886,0.871895968914032,1.0672892453574934,0.29326978732534725,0.5441080331802368,0.41252331901543515,0.4317626953125,0.03194111896292979,nan,0.09743920374283473,0.4000000059604645,,,,3.0,1001,19,0,517,0.0005408328725025058,7.452442646026611,0.0002704164362512529,0.7698321342468262,0.08631950616836548,grid,17,0.29714998602867126,1,0.004694680217653513,0.004694680217653513,0.000868063943926245,0.5853679776191711,,HILL,0.14213874990289888,0.2540000081062317,0.12700000405311584,1,0.8543357253074646,2.0,kfloor
250.0,-0.6413858392885191,5675,,,,0.0,-0.9307413101196289,0.0,-0.046480655670166016,0.039730146527290344,0.18337933719158173,0.9635633922491265,0.29510946556018824,0.0752420425415039,0.3955578527261795,0.4230685763888889,0.026013832612075197,nan,0.018592551618038692,0.44999998807907104,,,,3.0,1001,19,0,518,0.0,7.151185989379883,0.0002704164362512529,0.7977785468101501,0.08840814232826233,grid,17,0.2404444482591417,1,0.001152842422015965,0.001152842422015965,0.0001609511236893013,0.11357632279396057,,HILL,0.1718172030015427,0.05502999946475029,0.02445777753988902,1,0.9611276984214783,2.25,kfloor
250.0,0.7590075351814879,5676,,,,0.0,-0.9033913612365723,0.0,-0.07728046178817749,0.02611902356147766,0.0032220841385424137,0.8476514121765748,0.2702893642913659,0.0024784565903246403,0.40257764840225657,0.3419921875,0.017553689690652314,nan,0.0013151715634845953,0.5,,,,3.0,1001,19,1,519,0.0,6.75915002822876,0.0,0.8199859261512756,0.08632836490869522,grid,17,0.11579999923706055,1,5.429736484074965e-05,5.429736484074965e-05,2.9880140573368408e-05,0.004332929849624634,,HILL,0.05219815861095115,0.004029999952763319,0.0016119999811053276,1,1.0679197311401367,2.5,kfloor
250.0,nan,5677,,,,0.0,-0.3636131286621094,0.0,-0.058179259300231934,-0.0037180855870246887,nan,0.23750139658055433,0.10625629423633605,nan,0.17939838917606307,0.031104204980100213,0.0023038821832510304,nan,nan,0.7023000121116638,,,,3.0,91,0,0,5689,0.0,4.984112739562988,0.0,0.7514868378639221,0.05293094366788864,rel,17,0.0,0,1.941332629940007e-05,nan,nan,0.0007852311246097088,,HILL,nan,0.0,0.0,0,1.5,3.5114998817443848,kfloor
250.0,nan,5678,,,,0.0,-0.1214451789855957,0.0,-0.03998631238937378,-0.002439528703689575,nan,0.08775551971705532,0.03486485508374586,nan,0.06468930359659501,0.011012607858671532,0.0008362060679561174,nan,nan,0.8779000043869019,,,,3.0,81,0,0,5690,0.0,4.184803485870361,0.0,0.7210800051689148,0.04810427501797676,rel,17,0.0,0,1.7413201931049116e-05,nan,nan,0.0004507455159910023,,HILL,nan,0.0,0.0,0,1.8750534057617188,4.389500141143799,kfloor
250.0,nan,5679,,,,0.0,-0.03058028221130371,0.0,-0.019733667373657227,-0.0004689060151576996,nan,0.029927340752507445,0.008227219589205904,nan,0.018544084959723914,0.00463484819242731,0.00043925128179186245,nan,nan,1.0535000562667847,,,,3.0,71,0,0,527,0.0,3.7162530422210693,0.0,0.7478378415107727,0.05012425407767296,grid,17,0.0,0,1.662864269746933e-05,nan,nan,0.00029890326550230384,,HILL,nan,0.0,0.0,0,2.2501068115234375,5.267499923706055,kfloor
250.0,nan,5680,,,,0.0,0.02387261390686035,0.0,-0.006490647792816162,0.00034316256642341614,nan,0.01770245198021424,0.007283110357491473,nan,0.010142352362916884,0.0035458992431053964,0.0002796744713730234,nan,nan,1.2289999723434448,,,,3.0,71,0,0,5692,0.0,3.454123020172119,0.0,0.7927048206329346,0.05476700887084007,rel,17,0.0,0,1.4038600056665018e-05,nan,nan,0.00018542271573096514,,HILL,nan,0.0,0.0,0,2.6249465942382812,6.144999980926514,kfloor
250.0,nan,5681,,,,0.0,0.02481532096862793,0.0,0.005951821804046631,0.00035944581031799316,nan,0.015013114187994354,0.007327486415500953,nan,0.010927978276622091,0.002668061170408149,0.00021330091622365565,nan,nan,1.4046000242233276,,,,3.0,61,0,0,5693,0.0,3.3097193241119385,0.0,0.8688288331031799,0.06062484160065651,rel,17,0.0,0,1.758647158567328e-05,nan,nan,0.00017783460498321801,,HILL,nan,0.0,0.0,0,3.0,7.0229997634887695,kfloor
250.0,0.4525178601009935,5682,,,,,,,,,3.137087106704712,,,2.7521164417266846,,,,34268.881524656266,0.3977043736238563,0.20000000298023224,,,,3.0,1001,19,0,-1,,,,,,,17,,,0.00716040562838316,0.00716040562838316,0.006477732211351395,3.5712523460388184,,HILL,-0.007676796479658523,0.6280999779701233,0.6280999779701233,1,0.4271678626537323,1.0,rel
250.0,0.04499461925250129,5683,,,,,,,,,1.8339309692382812,,,2.3076343536376953,,,,39999.53581378299,0.29605089080342495,0.25,,,,3.0,1001,19,0,-1,,,,,,,17,,,0.006076809484511614,0.006076809484511614,0.005311092361807823,1.9397175312042236,,HILL,-0.0063659971410577245,0.5569000244140625,0.44552001953125,1,0.5339598655700684,1.25,rel
250.0,0.5907553554757091,5684,,,,0.0,0.0,0.0,0.0,0.0,1.5209356546401978,0.0,0.0,1.8931764364242554,0.0,0.0,0.0,nan,0.3569879652766814,0.30000001192092896,,,,3.0,1001,19,0,515,0.04948620870709419,7.805694580078125,0.004191454965621233,0.8885834217071533,0.14714758098125458,grid,17,0.5703999996185303,1,0.004767595790326595,0.004767595790326595,0.0030659500043839216,1.0568170547485352,,HILL,0.002373998815363275,0.8555999994277954,0.5703999996185303,1,0.640751838684082,1.5,rel
250.0,0.8297892710182466,5685,,,,0.0,0.0,0.0,0.0,0.0,0.6500825881958008,0.0,0.0,0.8712252974510193,0.0,0.0,0.0,nan,0.22389976527885308,0.3499999940395355,,,,3.0,1001,19,0,516,0.0013520822394639254,7.907713890075684,0.0,0.7727245092391968,0.1080535501241684,grid,17,0.3130857263292585,1,0.008144228719174862,0.008144228719174862,0.007420105393975973,1.3263459205627441,,HILL,0.0014922055331144425,0.5479000210762024,0.3130857263292585,1,0.7475438117980957,1.75,rel
250.0,0.3106563131337311,5686,,,,0.0,0.0,0.0,0.0,0.0,0.7416525483131409,0.0,0.0,0.8362026214599609,0.0,0.0,0.0,nan,0.2254689292754819,0.4000000059604645,,,,3.0,1001,19,0,517,0.0005408328725025058,7.452442646026611,0.0002704164362512529,0.7698321342468262,0.08631950616836548,grid,17,0.29714998602867126,1,0.007734090555459261,0.007734090555459261,0.005201255436986685,0.9643443822860718,,HILL,0.01759713346307936,0.5942999720573425,0.29714998602867126,1,0.8543357253074646,2.0,rel
250.0,-0.4006043259371849,5687,,,,0.0,0.0,0.0,0.0,0.0,1.0726990699768066,0.0,0.0,1.0726990699768066,0.0,0.0,0.0,nan,0.16906374469500796,0.44999998807907104,,,,3.0,1001,19,0,518,0.0,7.151185989379883,0.0002704164362512529,0.7977785468101501,0.08840814232826233,grid,17,0.2404444482591417,1,0.006015703547745943,0.006015703547745943,0.0013622319092974067,0.5926582217216492,,HILL,0.11117881861600024,0.5410000085830688,0.2404444482591417,1,0.9611276984214783,2.25,rel
250.0,0.8152220516667329,5688,,,,0.0,0.0,0.0,0.0,0.0,0.36767545342445374,0.0,0.0,0.21767553687095642,0.0,0.0,0.0,nan,0.0856782423565078,0.5,,,,3.0,1001,19,0,519,0.0,6.75915002822876,0.0,0.8199859261512756,0.08632836490869522,grid,17,0.11579999923706055,1,0.004480298608541489,0.004480298608541489,0.00036393129266798496,0.35752785205841064,,HILL,0.22809173410589068,0.28949999809265137,0.11579999923706055,1,1.0679197311401367,2.5,rel
250.0,nan,5689,,,,,,,,,0.12830159068107605,,,nan,,,,nan,nan,0.7023000121116638,,,,3.0,191,2,0,-1,,,,,,,17,,,9.159141882264521e-06,1.4441222447203472e-05,nan,0.0003704694099724293,,HILL,nan,0.0,0.0,0,1.5,3.5114998817443848,rel
250.0,nan,5690,,,,,,,,,0.12230994552373886,,,nan,,,,nan,nan,0.8779000043869019,,,,3.0,111,1,0,-1,,,,,,,17,,,1.4207385902409442e-05,1.6952293663052842e-05,nan,0.000367762113455683,,HILL,nan,0.0,0.0,0,1.8750534057617188,4.389500141143799,rel
250.0,nan,5691,,,,0.0,-0.019757509231567383,0.0,-0.0003393888473510742,-8.821114897727966e-05,nan,0.007473468150316921,0.0021777049672109224,nan,0.004474744305749643,0.0009501438794475985,8.502818516580744e-05,nan,nan,1.0535000562667847,81,0.0,0,3.0,71,0,0,527,0.0,3.7162530422210693,0.0,0.7478378415107727,0.05012425407767296,grid,17,0.0,0,2.0210527509334497e-05,nan,nan,0.00036328835994936526,,HILL,nan,0.0,0.0,0,2.2501068115234375,5.267499923706055,rel
250.0,nan,5692,,,,,,,,,nan,,,nan,,,,nan,nan,1.2289999723434448,,,,3.0,51,0,0,-1,,,,,,,17,,,2.93162065645447e-05,nan,nan,0.00038721031160093844,,HILL,nan,0.0,0.0,0,2.6249465942382812,6.144999980926514,rel
250.0,nan,5693,,,,,,,,,nan,,,nan,,,,nan,nan,1.4046000242233276,,,,3.0,41,0,0,-1,,,,,,,17,,,3.550742258084938e-05,nan,nan,0.0003590514825191349,,HILL,nan,0.0,0.0,0,3.0,7.0229997634887695,rel
250.0,0.09363162944671483,5694,,,,0.0,0.0,0.0,0.0,0.0,6.971551895141602,0.0,0.0,7.116481781005859,0.0,0.0,0.0,18517.829052099565,1.560101049744949,0.10000000149011612,,,,3.0,1001,19,0,510,0.10248783230781555,14.304642677307129,0.0009464575559832156,0.7070696949958801,0.15792854130268097,grid,17,2.4159998893737793,1,0.005590193439275026,0.005590193439275026,0.0053244358859956264,11.152435302734375,,HILL,-0.01396597948941307,1.2079999446868896,2.4159998893737793,1,0.21358393132686615,0.5,calm
250.0,0.2706058295716299,5695,,,,-0.007436446845531464,0.16691017150878906,0.0006760410033166409,-0.006482183933258057,0.004935085773468018,4.1666998863220215,1.6029318896865554,0.2223207851159422,4.442919731140137,0.56807779809477,0.8116861979166666,0.0919023745765294,nan,0.769541945422331,0.15000000596046448,,,,3.0,1001,19,0,512,0.10505678504705429,11.57567310333252,0.002433747984468937,0.8855751156806946,0.17181123793125153,grid,17,1.396000067392985,1,0.007716246880590916,0.007716246880590916,0.005791237577795982,6.841738700866699,,HILL,0.018028176914561968,1.0180000066757202,1.3573333422342937,1,0.320375919342041,0.75,calm
250.0,0.4525178601009935,5696,,,,0.0,0.0,0.0,0.0,0.0,3.137087106704712,0.0,0.0,2.7521164417266846,0.0,0.0,0.0,34268.881524656266,0.3977043736238563,0.20000000298023224,,,,3.0,1001,19,0,5682,0.08896701037883759,10.148937225341797,0.002163331490010023,0.9038588404655457,0.17400993406772614,rel,17,0.6280999779701233,1,0.00716040562838316,0.00716040562838316,0.006477732211351395,3.5712523460388184,,HILL,-0.007676796479658523,0.6280999779701233,0.6280999779701233,1,0.4271678626537323,1.0,calm
0.0,nan,5697,,,,0.0025689564645290375,-0.7417917251586914,-0.014467280358076096,0.0009770691394805908,-0.003615574911236763,0.08163493871688843,0.6692425088133869,0.2509320078571928,nan,0.45572845734245865,0.0792236328125,0.009335495398584864,nan,nan,0.20000000298023224,,,,0.3,411,7,0,5721,0.032855596393346786,2.9761788845062256,0.028799351304769516,0.26345327496528625,0.031481772661209106,rel,36,0.2029000073671341,1,1.9587159840739332e-05,2.008964838751126e-05,nan,0.009780848398804665,,RIDGE,nan,0.0,0.0,0,0.4271678626537323,1.0,omega
0.0,nan,5698,,,,0.004191454499959946,-0.3486027717590332,-0.011763115413486958,0.008804798126220703,-0.0012585632503032684,0.11087765544652939,0.40785153575994315,0.13984517088631548,nan,0.28992120014782097,0.05234375,0.006660449633796903,nan,nan,0.25,,,,0.3,281,4,0,5722,0.03123309835791588,2.5640156269073486,0.026636019349098206,0.3239990472793579,0.03627084568142891,rel,36,0.16655999422073364,1,1.952819548023399e-05,2.3094053176464513e-05,nan,0.006240899208933115,,RIDGE,nan,0.0,0.0,0,0.5339598655700684,1.25,omega
0.0,nan,5699,,,,0.00189291313290596,-0.10842418670654297,-0.006760411895811558,-0.008652567863464355,-0.0009313486516475677,0.13207197189331055,0.2254574314721077,0.06799611008280339,nan,0.1164530254278431,0.019185384114583332,0.0030047899756492614,nan,nan,0.30000001192092896,,,,0.3,231,3,0,1085,0.03434288874268532,2.3085598945617676,0.02082206681370735,0.4073055684566498,0.04287154972553253,grid,36,0.12220000227292378,1,1.864833575382363e-05,2.356860386498738e-05,nan,0.004138687625527382,,RIDGE,nan,0.0,0.0,0,0.640751838684082,1.5,omega
0.0,nan,5700,,,,-0.006489995867013931,0.07246661186218262,-0.004867495968937874,0.01036524772644043,0.001369670033454895,0.16821548342704773,0.29762269432240623,0.03465094998156332,nan,0.11262046830770281,0.012660435267857142,0.001610409271253792,nan,nan,0.3499999940395355,,,,0.3,191,2,0,1086,0.0411032997071743,2.1254827976226807,0.019199566915631294,0.4535597264766693,0.04752277210354805,grid,36,0.008251428604125977,1,1.9175968191120774e-05,2.955694253614638e-05,nan,0.003126700408756733,,RIDGE,nan,0.0,0.0,0,0.7475438117980957,1.75,omega
0.0,nan,5701,,,,-0.005949161946773529,0.07349991798400879,-0.005678744986653328,0.011735498905181885,0.0015524104237556458,0.1728822886943817,0.2898339761033316,0.034316618021104264,nan,0.1064692872722182,0.011993408203125,0.001579789703700786,nan,nan,0.4000000059604645,,,,0.3,171,2,0,1087,0.04029205068945885,2.117290496826172,0.02001081593334675,0.5155346393585205,0.05409026890993118,grid,36,0.0,0,1.8448919945512898e-05,2.4173303245333955e-05,nan,0.0023031169548630714,,RIDGE,nan,0.0,0.0,0,0.8543357253074646,2.0,omega
0.0,nan,5702,,,,-0.005408331751823425,0.07272768020629883,-0.005949162878096104,0.012855887413024902,0.0016898438334465027,0.18093961477279663,0.33904867323927596,0.03413812711660515,nan,0.10636353102829961,0.018527560763888888,0.0015501640542296647,nan,nan,0.44999998807907104,,,,0.3,151,2,0,1088,0.03948080167174339,2.116086721420288,0.02082206681370735,0.579480767250061,0.06087726354598999,grid,36,0.0,0,1.9866860384354368e-05,1.9866860384354368e-05,nan,0.001959608169272542,,RIDGE,nan,0.0,0.0,0,0.9611276984214783,2.25,omega
0.0,nan,5703,,,,-0.0035154148936271667,0.050252676010131836,-0.0027041640132665634,0.010463535785675049,0.0013494491577148438,0.1909937858581543,0.2833572959876221,0.027209482270167618,nan,0.0792767426250196,0.0131256103515625,0.0013280346078960363,nan,nan,0.5,,,,0.3,151,2,0,1089,0.037587884813547134,2.118743896484375,0.017306651920080185,0.6402615308761597,0.06745053827762604,grid,36,0.0,0,1.7277910956181586e-05,1.7277910956181586e-05,nan,0.0013804360060021281,,RIDGE,nan,0.0,0.0,0,1.0679197311401367,2.5,omega
0.0,nan,5704,,,,-0.0013520792126655579,0.02720475196838379,-0.004867495968937874,0.0006532073020935059,0.0005572140216827393,0.2675016522407532,0.1888366264979673,0.014537835890783848,nan,0.036973793129084165,0.009822723576071044,0.0008633479066916655,nan,nan,0.7023000121116638,,,,0.3,141,1,0,5728,0.033261220902204514,2.115349054336548,0.019199566915631294,0.8897514343261719,0.09435909986495972,rel,36,0.0,0,1.7966132872970775e-05,3.6086017644265667e-05,nan,0.000727569218724966,,RIDGE,nan,0.0,0.0,0,1.5,3.5114998817443848,omega
0.0,nan,5705,,,,0.0005408301949501038,0.011464595794677734,-0.004326662048697472,-0.0013734102249145508,0.000156499445438385,0.26701587438583374,0.11261728740029969,0.00764251539936046,nan,0.02387061266678419,0.009052029944438343,0.0005674006263457357,nan,nan,0.8779000043869019,,,,0.3,141,1,0,5729,0.03272039070725441,2.1200175285339355,0.01811790093779564,1.1122814416885376,0.11800098419189453,rel,36,0.0,0,1.869655170594342e-05,3.71453097613994e-05,nan,0.000484547606902197,,RIDGE,nan,0.0,0.0,0,1.8750534057617188,4.389500141143799,omega
0.0,nan,5706,,,,-0.0016224980354309082,0.004524946212768555,-0.0024337489157915115,0.0034226179122924805,0.0005387365818023682,0.2524752914905548,0.05787194487191232,0.005237471829009067,nan,0.011313938803407622,0.005127300812872711,0.0002862485688857024,nan,nan,1.0535000562667847,,,,0.3,141,1,0,1097,0.03407246991991997,2.1369988918304443,0.019469983875751495,1.308786153793335,0.13948513567447662,grid,36,0.0,0,1.878608418337535e-05,4.0035538404481485e-05,nan,0.00033808991429395974,,RIDGE,nan,0.0,0.0,0,2.2501068115234375,5.267499923706055,omega
0.0,nan,5707,,,,0.0,0.0005712509155273438,0.0,0.00017321109771728516,4.45246696472168e-05,0.22884242236614227,0.006524550363032862,0.0004340267781026632,nan,0.0012713588322618788,0.0005413207527990031,3.965576003066218e-05,nan,nan,1.2289999723434448,,,,0.3,141,1,0,5731,0.027582477778196335,2.1501781940460205,0.02244456484913826,1.4902265071868896,0.16098782420158386,rel,36,0.0,0,1.887200414785184e-05,4.276390609447844e-05,nan,0.00024956249399110675,,RIDGE,nan,0.0,0.0,0,2.6249465942382812,6.144999980926514,omega
0.0,nan,5708,,,,0.0,-0.005151033401489258,0.0005408339202404022,-0.002233147621154785,-0.0005760043859481812,0.20401909947395325,0.022887477113638328,0.002294036425607988,nan,0.004740332128156212,0.001718596405368767,0.00014938632494017294,nan,nan,1.4046000242233276,,,,0.3,141,1,0,5732,0.018929151818156242,2.1658871173858643,0.024878311902284622,1.657372236251831,0.1838885247707367,rel,36,0.0,0,1.7329390175291337e-05,4.0947921661427245e-05,nan,0.000175445806235075,,RIDGE,nan,0.0,0.0,0,3.0,7.0229997634887695,omega
0.0,-0.659262801379822,5709,,,,-0.032855596393346786,0.002607583999633789,-0.028799351304769516,0.02583983540534973,0.0016242004930973053,0.41883718967437744,0.6753263013858751,0.21254805805058402,0.24413996934890747,0.394805014959457,0.0650634765625,0.008884846334073142,nan,0.03484544403462336,0.20000000298023224,,,,0.3,1001,19,0,5721,0.032855596393346786,2.9761788845062256,0.028799351304769516,0.26345327496528625,0.031481772661209106,rel,36,0.2029000073671341,1,0.001397173386067152,0.001397173386067152,0.0003308549348730594,0.6976785063743591,,RIDGE,0.12413162318143009,0.0508899986743927,0.0508899986743927,1,0.4271678626537323,1.0,kfloor
0.0,0.9529389774212191,5710,,,,-0.03123309835791588,0.2587900161743164,-0.017441860400140285,0.02864736318588257,0.0030779801309108734,0.006646537687629461,0.42428255313774105,0.1537423546705246,0.005958080291748047,0.30548500710639304,0.049267578125,0.006358470118580926,nan,0.003300514971354757,0.25,,,,0.3,1001,19,1,5722,0.03123309835791588,2.5640156269073486,0.026636019349098206,0.3239990472793579,0.03627084568142891,rel,36,0.16655999422073364,1,0.0001487687841290608,0.0001487687841290608,9.467962081544101e-05,0.047544121742248535,,RIDGE,0.04023887460882038,0.006653000134974718,0.005322400107979774,1,0.5339598655700684,1.25,kfloor
0.0,nan,5711,,,,-0.03434288874268532,0.4435844421386719,-0.00621957890689373,0.010989576578140259,0.003438565880060196,0.005262851715087891,0.35292628172334956,0.11735432413587592,nan,0.2486770442499073,0.035888671875,0.003252500378378494,nan,nan,0.30000001192092896,,,,0.3,471,8,0,1085,0.03434288874268532,2.3085598945617676,0.02082206681370735,0.4073055684566498,0.04287154972553253,grid,36,0.12220000227292378,1,1.98915004148148e-05,2.121618490491528e-05,nan,0.004414586815983057,,RIDGE,nan,0.0,0.0,0,0.640751838684082,1.5,kfloor
0.0,nan,5712,,,,-0.0411032997071743,0.5705127716064453,-0.004326662980020046,0.030477821826934814,0.00571783259510994,0.01939678192138672,0.37134499285809924,0.13648510065567837,nan,0.24959845244689574,0.04774693080357143,0.0035589848476151433,nan,nan,0.3499999940395355,,,,0.3,201,3,0,1086,0.0411032997071743,2.1254827976226807,0.019199566915631294,0.4535597264766693,0.04752277210354805,grid,36,0.008251428604125977,1,1.9291637727292255e-05,1.9291637727292255e-05,nan,0.003145560622215271,,RIDGE,nan,0.0,0.0,0,0.7475438117980957,1.75,kfloor
0.0,nan,5713,,,,-0.04029205068945885,0.5316312313079834,-0.000540832057595253,0.03247416019439697,0.005907498300075531,0.05526292324066162,0.33759734010902304,0.12676533674985263,nan,0.22563362443243654,0.0412139892578125,0.0032660815967554143,nan,nan,0.4000000059604645,,,,0.3,151,2,0,1087,0.04029205068945885,2.117290496826172,0.02001081593334675,0.5155346393585205,0.05409026890993118,grid,36,0.0,0,1.8524075130699202e-05,1.8524075130699202e-05,nan,0.0023124990984797478,,RIDGE,nan,0.0,0.0,0,0.8543357253074646,2.0,kfloor
0.0,nan,5714,,,,-0.03948080167174339,0.493912935256958,0.002163330093026161,0.033028602600097656,0.005872465670108795,0.16740697622299194,0.33243239128137836,0.11718724473719637,nan,0.20485010549734622,0.034857855902777776,0.002939603666253162,nan,nan,0.44999998807907104,,,,0.3,121,1,0,1088,0.03948080167174339,2.116086721420288,0.02082206681370735,0.579480767250061,0.06087726354598999,grid,36,0.0,0,1.9665822037495673e-05,2.967643922602292e-05,nan,0.0019397784490138292,,RIDGE,nan,0.0,0.0,0,0.9611276984214783,2.25,kfloor
0.0,nan,5715,,,,-0.037587884813547134,0.4527890682220459,0.005949161946773529,0.03482687473297119,0.005886554718017578,0.17392787337303162,0.2922893063766461,0.10698718942230741,nan,0.1851810863569567,0.0294677734375,0.002698118822712586,nan,nan,0.5,,,,0.3,111,1,0,1089,0.037587884813547134,2.118743896484375,0.017306651920080185,0.6402615308761597,0.06745053827762604,grid,36,0.0,0,1.725872243696358e-05,2.2015614376869053e-05,nan,0.0013789028162136674,,RIDGE,nan,0.0,0.0,0,1.0679197311401367,2.5,kfloor
0.0,nan,5716,,,,-0.015143319964408875,0.342785120010376,0.007571659982204437,0.03428184986114502,0.005750231444835663,nan,0.21206926088753283,0.07785412100558248,nan,0.1378288500862066,0.016547193708329366,0.001762627290675406,nan,nan,0.7023000121116638,,,,0.3,81,0,0,5728,0.033261220902204514,2.115349054336548,0.019199566915631294,0.8897514343261719,0.09435909986495972,rel,36,0.0,0,1.8414599253446795e-05,nan,nan,0.000745730591006577,,RIDGE,nan,0.0,0.0,0,1.5,3.5114998817443848,kfloor
0.0,nan,5717,,,,-0.009194159880280495,0.2531242370605469,0.00838291086256504,0.030466675758361816,0.0050144195556640625,nan,0.12706277674509486,0.056878001992563765,nan,0.10150901762452745,0.012681184806955098,0.001207373382012849,nan,nan,0.8779000043869019,,,,0.3,81,0,0,5729,0.03272039070725441,2.1200175285339355,0.01811790093779564,1.1122814416885376,0.11800098419189453,rel,36,0.0,0,1.3985420082462952e-05,nan,nan,0.00036245197406969965,,RIDGE,nan,0.0,0.0,0,1.8750534057617188,4.389500141143799,kfloor
0.0,nan,5718,,,,-0.008382907137274742,0.16672706604003906,0.004597079008817673,0.031439781188964844,0.004900455474853516,nan,0.10350300165656794,0.03986773014599199,nan,0.07204744870499281,0.008898908529460434,0.0008602792203547704,nan,nan,1.0535000562667847,,,,0.3,71,0,0,1097,0.03407246991991997,2.1369988918304443,0.019469983875751495,1.308786153793335,0.13948513567447662,grid,36,0.0,0,1.86015349754598e-05,nan,nan,0.0003347686433698982,,RIDGE,nan,0.0,0.0,0,2.2501068115234375,5.267499923706055,kfloor
0.0,nan,5719,,,,-0.004326663911342621,0.08557748794555664,0.005678744986653328,0.020095467567443848,0.003209739923477173,nan,0.044502684708719625,0.02040775537410252,nan,0.03497483207018627,0.004608675766949311,0.0004920448305970524,nan,nan,1.2289999723434448,,,,0.3,71,0,0,5731,0.027582477778196335,2.1501781940460205,0.02244456484913826,1.4902265071868896,0.16098782420158386,rel,36,0.0,0,1.789848829503171e-05,nan,nan,0.00023668874928262085,,RIDGE,nan,0.0,0.0,0,2.6249465942382812,6.144999980926514,kfloor
0.0,nan,5720,,,,-0.0021633319556713104,0.023604393005371094,0.0010816659778356552,0.004381299018859863,0.0009932667016983032,nan,0.03592054224046036,0.006869361657333372,nan,0.012794707821526122,0.0030939080673136844,0.0002589085294678439,nan,nan,1.4046000242233276,,,,0.3,71,0,0,5732,0.018929151818156242,2.1658871173858643,0.024878311902284622,1.657372236251831,0.1838885247707367,rel,36,0.0,0,1.6541811419301666e-05,nan,nan,0.00016747222980484366,,RIDGE,nan,0.0,0.0,0,3.0,7.0229997634887695,kfloor
0.0,0.11015558479741455,5721,,,,,,,,,0.9535927772521973,,,0.8489660024642944,,,,37914.4920187701,0.15539197046762118,0.20000000298023224,,,,0.3,1001,19,0,-1,,,,,,,36,,,0.0038604927249252796,0.0038604927249252796,0.0036981196608394384,1.9277369976043701,,RIDGE,-0.006191808527166145,0.2029000073671341,0.2029000073671341,1,0.4271678626537323,1.0,rel
0.0,0.006466905886779106,5722,,,,,,,,,0.6438806653022766,,,0.6438806653022766,,,,nan,0.12771561989054225,0.25,,,,0.3,1001,19,0,-1,,,,,,,36,,,0.0036096626427024603,0.0036096626427024603,0.0033558604773133993,1.153590440750122,,RIDGE,0.0023209095001222534,0.20819999277591705,0.16655999422073364,1,0.5339598655700684,1.25,rel
0.0,0.27365695943094637,5723,,,,0.0,0.0,0.0,0.0,0.0,0.5039868950843811,0.0,0.0,0.41192030906677246,0.0,0.0,0.0,nan,0.09465283067488704,0.30000001192092896,,,,0.3,1001,19,0,1085,0.03434288874268532,2.3085598945617676,0.02082206681370735,0.4073055684566498,0.04287154972553253,grid,36,0.12220000227292378,1,0.0031139145139604807,0.0031139145139604807,0.0008456192445009947,0.6910814642906189,,RIDGE,0.1178325046192518,0.18330000340938568,0.12220000227292378,1,0.640751838684082,1.5,rel
0.0,-0.71459421351578,5724,,,,0.0,0.0,0.0,0.0,0.0,0.04691607505083084,0.0,0.0,0.045778751373291016,0.0,0.0,0.0,nan,0.006063224228922651,0.3499999940395355,,,,0.3,1001,19,1,1086,0.0411032997071743,2.1254827976226807,0.019199566915631294,0.4535597264766693,0.04752277210354805,grid,36,0.008251428604125977,1,0.000188442922080867,0.000188442922080867,0.0001189639006042853,0.030726194381713867,,RIDGE,0.03739291104403431,0.014440000057220459,0.008251428604125977,1,0.7475438117980957,1.75,rel
0.0,0.47259501438278856,5725,,,,0.0,3.814697265625e-05,0.0,0.00026297569274902344,2.8528273105621338e-05,0.0005713701248168945,0.0026856992689156135,0.0005702853083358963,0.0014823675155639648,0.0010850919615210588,0.000396728515625,5.8809523971871214e-05,500.5212539237298,0.0004420589975640039,0.4000000059604645,,,,0.3,1001,19,1,1087,0.04029205068945885,2.117290496826172,0.02001081593334675,0.5155346393585205,0.05409026890993118,grid,36,0.0,0,4.217705281917006e-06,4.217705281917006e-06,4.217705281917006e-06,0.0005265278159640729,,RIDGE,-0.1350614200938829,0.001171999960206449,0.0005859999801032245,1,0.8543357253074646,2.0,rel
0.0,nan,5726,,,,0.0,-0.004874229431152344,-0.0013520829379558563,-0.0013335347175598145,-0.00016596168279647827,0.008790016174316406,0.07835471207973788,0.0026088528534895516,nan,0.004560197176471973,0.01148223876953125,0.00018736994987883453,nan,nan,0.44999998807907104,241,0.0,0,0.3,471,8,0,1088,0.03948080167174339,2.116086721420288,0.02082206681370735,0.579480767250061,0.06087726354598999,grid,36,0.0,0,3.86187184631126e-06,4.417723175720312e-06,nan,0.0003809235931839794,,RIDGE,nan,0.0,0.0,0,0.9611276984214783,2.25,rel
0.0,nan,5727,,,,0.0008112490177154541,-0.011314630508422852,0.0021633319556713104,-0.0012541413307189941,-0.0002636909484863281,0.07633042335510254,0.06681320370088548,0.004973480902253385,nan,0.014856421553578511,0.00743560791015625,0.00035651481235394805,nan,nan,0.5,161,0.0,0,0.3,291,4,0,1089,0.037587884813547134,2.118743896484375,0.017306651920080185,0.6402615308761597,0.06745053827762604,grid,36,0.0,0,4.335244284447981e-06,7.325460501306225e-06,nan,0.0003463686734903604,,RIDGE,nan,0.0,0.0,0,1.0679197311401367,2.5,rel
0.0,nan,5728,,,,,,,,,0.2740744352340698,,,nan,,,,nan,nan,0.7023000121116638,,,,0.3,121,1,0,-1,,,,,,,36,,,8.501809134031646e-06,1.4672905308543704e-05,nan,0.0003442952875047922,,RIDGE,nan,0.0,0.0,0,1.5,3.5114998817443848,rel
0.0,nan,5729,,,,,,,,,nan,,,nan,,,,nan,nan,0.8779000043869019,,,,0.3,91,0,0,-1,,,,,,,36,,,1.3592110917670652e-05,nan,nan,0.0003522587940096855,,RIDGE,nan,0.0,0.0,0,1.8750534057617188,4.389500141143799,rel
0.0,nan,5730,,,,-0.00040562450885772705,0.0002429485321044922,0.0,0.003754734992980957,0.00042307376861572266,nan,0.0037367340751584604,0.00209613699957709,nan,0.002966444284123153,0.0007415757107883695,3.3912603595044e-05,nan,nan,1.0535000562667847,81,0.0,0,0.3,81,0,0,1097,0.03407246991991997,2.1369988918304443,0.019469983875751495,1.308786153793335,0.13948513567447662,grid,36,0.0,0,1.581680407980457e-05,nan,nan,0.0002846522838808596,,RIDGE,nan,0.0,0.0,0,2.2501068115234375,5.267499923706055,rel
0.0,nan,5731,,,,,,,,,nan,,,nan,,,,nan,nan,1.2289999723434448,,,,0.3,71,0,0,-1,,,,,,,36,,,2.143058372894302e-05,nan,nan,0.0002833970356732607,,RIDGE,nan,0.0,0.0,0,2.6249465942382812,6.144999980926514,rel
0.0,nan,5732,,,,,,,,,nan,,,nan,,,,nan,nan,1.4046000242233276,,,,0.3,61,0,0,-1,,,,,,,36,,,2.886820220737718e-05,nan,nan,0.00029226677725091577,,RIDGE,nan,0.0,0.0,0,3.0,7.0229997634887695,rel
0.0,0.156192346306179,5733,,,,0.0,0.0,0.0,0.0,0.0,0.8679121136665344,0.0,0.0,0.7619226574897766,0.0,0.0,0.0,nan,0.12614961507346167,0.10000000149011612,,,,0.3,1001,19,0,1080,0.023120606318116188,3.725205898284912,0.02149810642004013,0.17385327816009521,0.01867057941854,grid,36,0.17270000278949738,1,0.00310436706058681,0.00310436706058681,0.0025359501596540213,6.200662612915039,,RIDGE,0.003408874164928205,0.08635000139474869,0.17270000278949738,1,0.21358393132686615,0.5,calm
0.0,-0.032703640275293946,5734,,,,0.008518118411302567,0.011675119400024414,0.0032449979335069656,0.003264591097831726,-0.00010906904935836792,0.8764222264289856,0.09387742539724013,0.019753367873785652,0.8093922138214111,0.03761939126548226,0.017634073893229168,0.0029187236086665046,nan,0.15298497063299996,0.15000000596046448,,,,0.3,1001,19,0,1082,0.0305570587515831,3.3049376010894775,0.026636019349098206,0.22054219245910645,0.025109171867370605,grid,36,0.20226667324701944,1,0.003988381940871477,0.003988381940871477,0.0032519144006073475,3.5406196117401123,,RIDGE,0.0005010951649059455,0.15000000596046448,0.20000000794728598,1,0.320375919342041,0.75,calm
0.0,0.11015558479741455,5735,,,,0.0,0.0,0.0,0.0,0.0,0.9535927772521973,0.0,0.0,0.8489660024642944,0.0,0.0,0.0,37914.4920187701,0.15539197046762118,0.20000000298023224,,,,0.3,1001,19,0,5721,0.032855596393346786,2.9761788845062256,0.028799351304769516,0.26345327496528625,0.031481772661209106,rel,36,0.2029000073671341,1,0.0038604927249252796,0.0038604927249252796,0.0036981196608394384,1.9277369976043701,,RIDGE,-0.006191808527166145,0.2029000073671341,0.2029000073671341,1,0.4271678626537323,1.0,calm
0.0,0.3389862227555147,5736,,,,-0.019605189561843872,-2.351243019104004,0.011087074293754995,-0.159960076212883,-0.034844374284148216,1.0074677467346191,1.4647995830386753,0.6735099076423696,1.13432776927948,1.0472720204487058,0.1619873046875,0.03569014413154338,nan,0.3862130626932659,0.20000000298023224,,,,1.0,1001,19,0,5760,0.09437533468008041,6.599280834197998,0.0016224986175075173,0.3260609805583954,0.056668177247047424,rel,37,0.5982999801635742,1,0.007243126630783081,0.007243126630783081,0.00560338469222188,3.6168553829193115,,RIDGE,0.011878295378251611,0.5218999981880188,0.5218999981880188,1,0.4271678626537323,1.0,omega
0.0,0.6838333796737456,5737,,,,0.00027041882276535034,-1.9529392719268799,0.010546241595875472,-0.08952943980693817,-0.010593388229608536,0.3327082097530365,1.4767571149244705,0.6035388232864057,0.5976701974868774,0.8878873594643893,0.112890625,0.01874184647142855,nan,0.2965906786025193,0.25,,,,1.0,1001,19,0,5761,0.06530556827783585,5.577417850494385,0.0008112493087537587,0.306696355342865,0.044908810406923294,rel,37,0.7011199951171875,1,0.007329599466174841,0.007329599466174841,0.0029943312983959913,2.3424227237701416,,RIDGE,0.06925402121110398,0.48559999465942383,0.38847999572753905,1,0.5339598655700684,1.25,omega
0.0,-0.630591910099299,5738,,,,0.01433207094669342,-1.736415147781372,0.025689560920000076,-0.17925132811069489,-0.023934587836265564,1.3254023790359497,1.0234547501668168,0.5068272707194535,1.0237284898757935,0.740838503567448,0.14241536458333334,0.014367819853208936,nan,0.22195662865328278,0.30000001192092896,,,,1.0,1001,19,0,1115,0.02366143837571144,4.7045392990112305,0.004461871460080147,0.3876291513442993,0.05266838148236275,grid,37,0.6531333525975546,1,0.0058086528442800045,0.0058086528442800045,0.0015007004840299487,1.2891336679458618,,RIDGE,0.12078959291631539,0.4426000118255615,0.29506667455037433,1,0.640751838684082,1.5,omega
0.0,-0.013713319949918099,5739,,,,0.014872905099764466,-1.4518065452575684,0.024607894010841846,-0.149169921875,-0.027089904993772507,0.32939329743385315,0.7618713925125936,0.4224863550085199,0.22558601200580597,0.645994173048809,0.09765625,0.014165545637231977,nan,0.07173635352027187,0.3499999940395355,,,,1.0,1001,19,0,1116,0.002974580740556121,4.085474967956543,0.009464575909078121,0.372001051902771,0.05871099978685379,grid,37,0.6005714280264718,1,0.002291181357577443,0.002291181357577443,0.0006030188524164259,0.373584121465683,,RIDGE,0.1171595400029965,0.16699999570846558,0.09542856897626605,1,0.7475438117980957,1.75,omega
0.0,0.9258342170583047,5740,,,,0.017441860400140285,-1.06101393699646,0.023931856267154217,-0.07614615559577942,-0.02389546111226082,0.034812599420547485,0.6321453894698622,0.32895023481140145,0.03992319107055664,0.4808844706644298,0.089080810546875,0.011583353439622985,nan,0.016348077651296977,0.4000000059604645,,,,1.0,1001,19,1,1117,0.011492698453366756,3.5552051067352295,0.015548945404589176,0.320026159286499,0.061335910111665726,grid,37,0.5289999842643738,1,0.0004049123090226203,0.0004049123090226203,0.0002528293407522142,0.050548240542411804,,RIDGE,0.04106964198025803,0.042399998754262924,0.021199999377131462,1,0.8543357253074646,2.0,omega
0.0,0.8104182245002755,5741,,,,0.01663061138242483,-0.7934205532073975,0.03826392814517021,-0.11847224831581116,-0.020979784429073334,0.02389479987323284,0.5702120871412516,0.24850711213741633,0.03558680787682533,0.39600420678717235,0.06939019097222222,0.008587712164459861,2619.8958968525067,0.006517495221175224,0.44999998807907104,,,,1.0,1001,19,1,1118,0.012844781391322613,3.197077989578247,0.009734991937875748,0.38324129581451416,0.06532081216573715,grid,37,0.458222230275472,1,7.567970169475302e-05,7.567970169475302e-05,7.567970169475302e-05,0.007464821916073561,,RIDGE,-0.035700208490545046,0.01655000075697899,0.007355555891990662,1,0.9611276984214783,2.25,omega
0.0,0.6198770790924348,5742,,,,-0.035965388640761375,-0.8313708305358887,0.047052460722625256,-0.23262521624565125,-0.03466413915157318,0.012505149468779564,0.710480174671623,0.27301740806597485,0.026744818314909935,0.5438342149785609,0.10498046875,0.021821559029956198,908.3610717441256,0.003848536692788774,0.5,,,,1.0,911,17,0,1119,0.06503515690565109,3.1575894355773926,0.0062195779755711555,0.5274726748466492,0.08557406067848206,grid,37,0.38531999588012694,1,1.9760984287131578e-05,2.0369552657939494e-05,2.0369552657939494e-05,0.0015788235468789935,,RIDGE,-0.10801990826924594,0.0,0.0,0,1.0679197311401367,2.5,omega
0.0,nan,5743,,,,-0.002974581904709339,0.02121901512145996,-0.0028393715620040894,0.0002567768096923828,0.0007177144289016724,0.009053320623934269,0.023134516770173415,0.006147829492859603,nan,0.013362071595570056,0.0021553067435218926,0.00023956599542471056,nan,nan,0.7023000121116638,,,,1.0,351,6,0,5767,0.015954570844769478,2.1471641063690186,0.04853975027799606,0.5275639891624451,0.07774241268634796,rel,37,0.004035312774259456,1,1.9906497982447036e-05,1.9906497982447036e-05,nan,0.0008061476401053369,,RIDGE,nan,0.0,0.0,0,1.5,3.5114998817443848,omega
0.0,nan,5744,,,,0.0,0.03040933609008789,-0.0001352056860923767,0.006144165992736816,0.002135917544364929,0.016889996826648712,0.03307357283116587,0.010212736054512374,nan,0.021357947884375655,0.0044495385287561745,0.0003383997569591251,nan,nan,0.8779000043869019,,,,1.0,281,4,0,5768,0.0,2.0482919216156006,0.03704705089330673,0.673625648021698,0.09870052337646484,rel,37,0.0,0,1.9735778550966643e-05,2.5510506020509638e-05,nan,0.0005114806699566543,,RIDGE,nan,0.0,0.0,0,1.8750534057617188,4.389500141143799,omega
0.0,nan,5745,,,,0.0,0.015349149703979492,-0.0027041640132665634,0.008000850677490234,0.0016079172492027283,0.021245980635285378,0.018013765471407678,0.0064942987755129255,nan,0.01118871937346164,0.0025955149877592933,0.00021295767387626523,nan,nan,1.0535000562667847,,,,1.0,251,4,0,1127,0.0,2.068610668182373,0.027312060818076134,0.9177457690238953,0.12170092016458511,grid,37,0.0,0,1.8417918909108266e-05,1.8417918909108266e-05,nan,0.00033146413625217974,,RIDGE,nan,0.0,0.0,0,2.2501068115234375,5.267499923706055,omega
0.0,nan,5746,,,,-0.002433747984468937,0.0012004375457763672,0.0,-0.00022041797637939453,0.0002151578664779663,0.043276794254779816,0.0032266992612242583,0.000624194200547413,nan,0.001589392522450784,0.0007151393431473068,5.7152971505734405e-05,nan,nan,1.2289999723434448,,,,1.0,231,3,0,5770,0.0035154137294739485,2.088980197906494,0.04245538264513016,1.1811027526855469,0.14382091164588928,rel,37,0.0,0,1.8534563423600048e-05,3.0326131309266202e-05,nan,0.0002451001782901585,,RIDGE,nan,0.0,0.0,0,2.6249465942382812,6.144999980926514,omega
0.0,nan,5747,,,,0.0,-0.0005738735198974609,-0.0029745809733867645,-0.0035386085510253906,0.00044454634189605713,0.027910353615880013,0.013028108361304596,0.00275285214349722,nan,0.006212472186469499,0.0018772026475835837,0.00025646983902311065,nan,nan,1.4046000242233276,,,,1.0,221,3,0,5771,0.0,2.0834407806396484,0.04867495968937874,1.3552669286727905,0.16949917376041412,rel,37,0.0,0,1.979086664505303e-05,2.815225707308855e-05,nan,0.00020036622299812734,,RIDGE,nan,0.0,0.0,0,3.0,7.0229997634887695,omega
0.0,0.5994579929710522,5748,,,,-0.04529475048184395,-1.2013731002807617,0.0036506218602880836,-0.044135063886642456,-0.0010068975389003754,0.6693105101585388,1.7503660771211391,0.45280629276137274,0.8483787775039673,0.8162719031954297,0.132843017578125,0.02715746105813284,nan,0.3014113650524896,0.20000000298023224,,,,1.0,1001,19,0,5760,0.09437533468008041,6.599280834197998,0.0016224986175075173,0.3260609805583954,0.056668177247047424,rel,37,0.5982999801635742,1,0.010533327236771584,0.010533327236771584,0.010013583116233349,5.259816646575928,,RIDGE,0.0013796286149459901,0.4562999904155731,0.4562999904155731,1,0.4271678626537323,1.0,kfloor
0.0,-0.49798223449199513,5749,,,,-0.06462952715810388,-0.8834323883056641,0.0014872904284857213,-0.07023648917675018,-0.008403781801462173,2.1353440284729004,2.0366850585056753,0.3575185106176746,1.5582363605499268,0.6710492722052683,0.08984375,0.012763210887712938,nan,0.4040640544483673,0.25,,,,1.0,1001,19,0,5761,0.06530556827783585,5.577417850494385,0.0008112493087537587,0.306696355342865,0.044908810406923294,rel,37,0.7011199951171875,1,0.010031229816377163,0.010031229816377163,0.008956125937402248,3.2058205604553223,,RIDGE,0.0057036833329635415,0.6729000210762024,0.5383200168609619,1,0.5339598655700684,1.25,kfloor
0.0,-0.44007445748767554,5750,,,,-0.02325581372133456,-0.7819931507110596,-0.0022985399700701237,-0.1331055462360382,-0.013605080544948578,1.4227722883224487,1.2677129896385912,0.29107582537889615,1.4227722883224487,0.5329163471812949,0.09114583333333333,0.011819925736108726,85417.57981241142,0.3334852538353273,0.30000001192092896,,,,1.0,1001,19,0,1115,0.02366143837571144,4.7045392990112305,0.004461871460080147,0.3876291513442993,0.05266838148236275,grid,37,0.6531333525975546,1,0.008650676347315311,0.008650676347315311,0.008442195132374763,1.9198734760284424,,RIDGE,-0.0031226331537417855,0.6804999709129333,0.4536666472752889,1,0.640751838684082,1.5,kfloor
0.0,0.600568136183852,5751,,,,-0.002974580740556121,-0.4671046733856201,-0.0032449979335069656,-0.11585733294487,-0.010928265750408173,0.43178319931030273,0.5391093078347423,0.22716899799662094,0.5514549612998962,0.38470353239225397,0.06654575892857142,0.013787867176857871,70897.60071185055,0.26796438461471406,0.3499999940395355,,,,1.0,1001,19,0,1116,0.002974580740556121,4.085474967956543,0.009464575909078121,0.372001051902771,0.05871099978685379,grid,37,0.6005714280264718,1,0.006997697055339813,0.006997697055339813,0.006744880694895983,1.140995979309082,,RIDGE,-0.0036395549774169054,0.6521000266075134,0.3726285866328648,1,0.7475438117980957,1.75,kfloor
0.0,-0.8737806737873798,5752,,,,-0.011492698453366756,-0.28020191192626953,-0.010140616446733475,0.009338915348052979,-0.011448610574007034,0.9198054075241089,0.5612625312043434,0.19583891489118857,1.0946969985961914,0.3394584664120984,0.067138671875,0.009200498365014872,nan,0.24433238018684708,0.4000000059604645,,,,1.0,1001,19,0,1117,0.011492698453366756,3.5552051067352295,0.015548945404589176,0.320026159286499,0.061335910111665726,grid,37,0.5289999842643738,1,0.0050635612569749355,0.0050635612569749355,0.004698625300079584,0.6321223378181458,,RIDGE,0.005979472940618424,0.6518999934196472,0.3259499967098236,1,0.8543357253074646,2.0,kfloor
0.0,-0.2686970990689431,5753,,,,-0.012844781391322613,-0.2442178726196289,-0.003785830456763506,-0.025086045265197754,-0.012403275817632675,0.6415216326713562,0.5599045857937287,0.17025134888799542,0.6383765935897827,0.33221325666360463,0.057454427083333336,0.006363765772600657,nan,0.16391346961397218,0.44999998807907104,,,,1.0,1001,19,0,1118,0.012844781391322613,3.197077989578247,0.009734991937875748,0.38324129581451416,0.06532081216573715,grid,37,0.458222230275472,1,0.003971687983721495,0.003971687983721495,0.0023763941135257483,0.39175552129745483,,RIDGE,0.040616638010198644,0.4848000109195709,0.2154666715198093,1,0.9611276984214783,2.25,kfloor
0.0,0.9252599495858522,5754,,,,-0.06503515690565109,-0.438495397567749,-0.0008112490177154541,-0.11288410425186157,-0.026879291981458664,0.09895773231983185,0.7008955765764494,0.2620235598631451,0.0847325325012207,0.5178411864655267,0.119189453125,0.0236670214108611,nan,0.06845739813102465,0.5,,,,1.0,1001,19,0,1119,0.06503515690565109,3.1575894355773926,0.0062195779755711555,0.5274726748466492,0.08557406067848206,grid,37,0.38531999588012694,1,0.0019634938798844814,0.0019634938798844814,0.0008193185785785317,0.15687531232833862,,RIDGE,0.07523431777954122,0.24289999902248383,0.09715999960899353,1,1.0679197311401367,2.5,kfloor
0.0,nan,5755,,,,-0.015954570844769478,0.3321850299835205,-0.042049755807965994,0.012628138065338135,0.00854906439781189,0.0051564001478254795,0.23916979773436065,0.07536313684716686,nan,0.16664841187713447,0.037405000903702516,0.001816421856292255,nan,nan,0.7023000121116638,,,,1.0,351,6,0,5767,0.015954570844769478,2.1471641063690186,0.04853975027799606,0.5275639891624451,0.07774241268634796,rel,37,0.004035312774259456,1,1.8977729268954135e-05,1.8977729268954135e-05,nan,0.0007685354794375598,,RIDGE,nan,0.0,0.0,0,1.5,3.5114998817443848,kfloor
0.0,nan,5756,,,,0.0,0.2884528636932373,-0.030016223434358835,-0.010107159614562988,0.01059965044260025,0.011228024028241634,0.15528985981372753,0.06636305268902369,nan,0.11860306413470753,0.02981190814266637,0.0015239964293802004,nan,nan,0.8779000043869019,,,,1.0,191,2,0,5768,0.0,2.0482919216156006,0.03704705089330673,0.673625648021698,0.09870052337646484,rel,37,0.0,0,1.7958915123017505e-05,3.1143361411523074e-05,nan,0.00046543069765903056,,RIDGE,nan,0.0,0.0,0,1.8750534057617188,4.389500141143799,kfloor
0.0,nan,5757,,,,0.0,0.2131195068359375,-0.015954569913446903,-0.0035747289657592773,0.011586792767047882,0.047423504292964935,0.11679896129016558,0.051056066350995896,nan,0.0972843484510209,0.026047846841441482,0.0012387766736316884,nan,nan,1.0535000562667847,,,,1.0,141,1,0,1127,0.0,2.068610668182373,0.027312060818076134,0.9177457690238953,0.12170092016458511,grid,37,0.0,0,1.8257784176967107e-05,4.3567521061049774e-05,nan,0.00032858221675269306,,RIDGE,nan,0.0,0.0,0,2.2501068115234375,5.267499923706055,kfloor
0.0,nan,5758,,,,-0.0035154137294739485,0.12129998207092285,-0.015413738787174225,-0.002565741539001465,0.007350325584411621,0.05917991325259209,0.0829566989591199,0.029223369561480028,nan,0.06432618421311076,0.018434703067797244,0.0007737374791811906,nan,nan,1.2289999723434448,,,,1.0,121,1,0,5770,0.0035154137294739485,2.088980197906494,0.04245538264513016,1.1811027526855469,0.14382091164588928,rel,37,0.0,0,1.9375394913367927e-05,3.531288166414015e-05,nan,0.0002562192967161536,,RIDGE,nan,0.0,0.0,0,2.6249465942382812,6.144999980926514,kfloor
0.0,nan,5759,,,,0.0,0.046427249908447266,-0.018929151818156242,-0.006701946258544922,0.004892677068710327,0.08098872005939484,0.048129198649012495,0.01259000205240839,nan,0.028014089716496562,0.012584210341208468,0.0005652305095204945,nan,nan,1.4046000242233276,,,,1.0,121,1,0,5771,0.0,2.0834407806396484,0.04867495968937874,1.3552669286727905,0.16949917376041412,rel,37,0.0,0,1.5602534404024482e-05,3.158719846396707e-05,nan,0.00015796281513758004,,RIDGE,nan,0.0,0.0,0,3.0,7.0229997634887695,kfloor
0.0,0.11142747243509732,5760,,,,,,,,,2.110647201538086,,,1.8482482433319092,,,,nan,0.4033627438939906,0.20000000298023224,,,,1.0,1001,19,0,-1,,,,,,,37,,,0.012172580696642399,0.012172580696642399,0.0112504493445158,6.078378200531006,,RIDGE,0.0006688724864612862,0.5982999801635742,0.5982999801635742,1,0.4271678626537323,1.0,rel
0.0,-0.4722567870813564,5761,,,,,,,,,1.791008710861206,,,2.041374683380127,,,,2108738.9343333673,0.5041022322650882,0.25,,,,1.0,1001,19,0,-1,,,,,,,37,,,0.012288231402635574,0.012288231402635574,0.011903130449354649,3.927121877670288,,RIDGE,-0.0001322963021017181,0.8763999938964844,0.7011199951171875,1,0.5339598655700684,1.25,rel
0.0,-0.5451963522895507,5762,,,,0.0,0.0,0.0,0.0,0.0,1.8714908361434937,0.0,0.0,1.8956480026245117,0.0,0.0,0.0,nan,0.46323724720643283,0.30000001192092896,,,,1.0,1001,19,0,1115,0.02366143837571144,4.7045392990112305,0.004461871460080147,0.3876291513442993,0.05266838148236275,grid,37,0.6531333525975546,1,0.012025385163724422,0.012025385163724422,0.011844080872833729,2.6688337326049805,,RIDGE,9.638179432275924e-05,0.9797000288963318,0.6531333525975546,1,0.640751838684082,1.5,rel
0.0,0.8557929909405746,5763,,,,0.0,0.0,0.0,0.0,0.0,0.4688361585140228,0.0,0.0,0.4937553405761719,0.0,0.0,0.0,99977.21407764032,0.42743617148580576,0.3499999940395355,,,,1.0,1001,19,0,1116,0.002974580740556121,4.085474967956543,0.009464575909078121,0.372001051902771,0.05871099978685379,grid,37,0.6005714280264718,1,0.011179921217262745,0.011179921217262745,0.011145761236548424,1.822920322418213,,RIDGE,-0.0027758273211391823,1.0509999990463257,0.6005714280264718,1,0.7475438117980957,1.75,rel
0.0,0.5568053952666056,5764,,,,0.0,0.0,0.0,0.0,0.0,0.8177378177642822,0.0,0.0,1.1129281520843506,0.0,0.0,0.0,nan,0.4021735496237627,0.4000000059604645,,,,1.0,1001,19,0,1117,0.011492698453366756,3.5552051067352295,0.015548945404589176,0.320026159286499,0.061335910111665726,grid,37,0.5289999842643738,1,0.010543443262577057,0.010543443262577057,0.009942660108208656,1.3162171840667725,,RIDGE,0.0036814559589733327,1.0579999685287476,0.5289999842643738,1,0.8543357253074646,2.0,rel
0.0,-0.4802623698162394,5765,,,,0.0,0.0,0.0,0.0,0.0,1.5838059186935425,0.0,0.0,1.8048757314682007,0.0,0.0,0.0,77224.4526681223,0.34288858780913256,0.44999998807907104,,,,1.0,1001,19,0,1118,0.012844781391322613,3.197077989578247,0.009734991937875748,0.38324129581451416,0.06532081216573715,grid,37,0.458222230275472,1,0.00788600742816925,0.00788600742816925,0.00788600742816925,0.7778523564338684,,RIDGE,-0.0034055493094703963,1.031000018119812,0.458222230275472,1,0.9611276984214783,2.25,rel
0.0,0.6397794286521231,5766,,,,0.0,0.0,0.0,0.0,0.0,0.964799702167511,0.0,0.0,0.6296564340591431,0.0,0.0,0.0,35731.35613116905,0.2685410367648827,0.5,,,,1.0,1001,19,0,1119,0.06503515690565109,3.1575894355773926,0.0062195779755711555,0.5274726748466492,0.08557406067848206,grid,37,0.38531999588012694,1,0.0066913943737745285,0.0066913943737745285,0.0066913943737745285,0.5346156358718872,,RIDGE,-0.007268818941983223,0.9632999897003174,0.38531999588012694,1,1.0679197311401367,2.5,rel
0.0,-0.4859516846037066,5767,,,,,,,,,0.009199399501085281,,,0.013263226486742496,,,,1326.7322555049418,0.003090021389466509,0.7023000121116638,,,,1.0,1001,19,1,-1,,,,,,,37,,,3.459810250205919e-05,3.459810250205919e-05,3.459810250205919e-05,0.0014011092716827989,,RIDGE,-0.07307304902510195,0.014170000329613686,0.004035312774259456,1,1.5,3.5114998817443848,rel
0.0,nan,5768,,,,,,,,,0.005087204277515411,,,nan,,,,nan,nan,0.8779000043869019,,,,1.0,331,5,0,-1,,,,,,,37,,,1.4321005437523127e-05,1.79023809323553e-05,nan,0.0003711491299327463,,RIDGE,nan,0.0,0.0,0,1.8750534057617188,4.389500141143799,rel
0.0,nan,5769,,,,0.0,0.0002753734588623047,0.0008112490177154541,0.005606949329376221,0.00039527565240859985,0.037673939019441605,0.004450962748668,0.002188899105232268,nan,0.0029793098363985336,0.0011123635661825543,5.268413888821203e-05,nan,nan,1.0535000562667847,171,0.0,0,1.0,171,2,0,1127,0.0,2.068610668182373,0.027312060818076134,0.9177457690238953,0.12170092016458511,grid,37,0.0,0,1.960777626663912e-05,2.6656278350856155e-05,nan,0.00035287777427583933,,RIDGE,nan,0.0,0.0,0,2.2501068115234375,5.267499923706055,rel
0.0,nan,5770,,,,,,,,,0.08519745618104935,,,nan,,,,nan,nan,1.2289999723434448,,,,1.0,121,1,0,-1,,,,,,,37,,,2.6762822017190047e-05,4.502548836171627e-05,nan,0.00035391029086895287,,RIDGE,nan,0.0,0.0,0,2.6249465942382812,6.144999980926514,rel
0.0,nan,5771,,,,,,,,,0.09703938663005829,,,nan,,,,nan,nan,1.4046000242233276,,,,1.0,101,1,0,-1,,,,,,,37,,,3.757952799787745e-05,3.757952799787745e-05,nan,0.00038046177360229194,,RIDGE,nan,0.0,0.0,0,3.0,7.0229997634887695,rel
0.0,0.14228800481451664,5772,,,,0.0,0.0,0.0,0.0,0.0,2.471734046936035,0.0,0.0,2.347823143005371,0.0,0.0,0.0,nan,0.5540605476473892,0.10000000149011612,,,,1.0,1001,19,0,1110,0.12398593872785568,8.896990776062012,0.0,0.12596453726291656,0.01970606856048107,grid,37,0.7156000137329102,1,0.008790410123765469,0.008790410123765469,0.00841863639652729,17.557966232299805,,RIDGE,0.005209341916171051,0.3578000068664551,0.7156000137329102,1,0.21358393132686615,0.5,calm
0.0,-0.3904509609977236,5773,,,,0.00040562450885772705,0.08321094512939453,-0.00013520821812562644,0.005299776792526245,0.0011758338660001755,2.4417364597320557,0.38080598723257647,0.10009682386628395,2.614844560623169,0.18902992959094214,0.052022298177083336,0.011255523729522056,49411.84712597602,0.5737206260982908,0.15000000596046448,,,,1.0,1001,19,0,1112,0.112222820520401,7.296351909637451,0.0002704164362512529,0.2027808576822281,0.02534114010632038,grid,37,0.8033333619435629,1,0.011038152500987053,0.011038152500987053,0.010599050670862198,9.798935890197754,,RIDGE,-0.005663743886080536,0.5874000191688538,0.7832000255584717,1,0.320375919342041,0.75,calm
0.0,0.11142747243509732,5774,,,,0.0,0.0,0.0,0.0,0.0,2.110647201538086,0.0,0.0,1.8482482433319092,0.0,0.0,0.0,nan,0.4033627438939906,0.20000000298023224,,,,1.0,1001,19,0,5760,0.09437533468008041,6.599280834197998,0.0016224986175075173,0.3260609805583954,0.056668177247047424,rel,37,0.5982999801635742,1,0.012172580696642399,0.012172580696642399,0.0112504493445158,6.078378200531006,,RIDGE,0.0006688724864612862,0.5982999801635742,0.5982999801635742,1,0.4271678626537323,1.0,calm
0.0,0.2267413842510942,5775,,,,0.01771228015422821,-1.865201473236084,0.005678745306795463,-0.11210234463214874,-0.027305737137794495,1.2215945720672607,1.718458645750977,0.560171998878315,1.2215945720672607,0.8772227800896435,0.13226318359375,0.03154617855844142,nan,0.418807419457899,0.20000000298023224,,,,3.0,1001,19,0,5799,0.10857219994068146,6.05941915512085,0.00040562465437687933,0.2539133131504059,0.04137001931667328,rel,38,0.7172999978065491,1,0.00764437485486269,0.00764437485486269,0.00639826525002718,3.817218542098999,,RIDGE,0.004867748780684085,0.5834000110626221,0.5834000110626221,1,0.4271678626537323,1.0,omega
0.0,0.6487153330645414,5776,,,,0.0355597659945488,-1.7700614929199219,0.002568956115283072,-0.15730316936969757,0.0032945238053798676,0.2751992344856262,1.2721737018089474,0.6196858847088407,0.5880447626113892,0.8947485452660736,0.15166015625,0.02672297519371276,nan,0.2920948813612939,0.25,,,,3.0,1001,19,0,5800,0.10262303799390793,5.435401439666748,0.0017577068647369742,0.28702205419540405,0.03203117847442627,rel,38,0.7716800212860108,1,0.007741275709122419,0.007741275709122419,0.0034763740841299295,2.4739878177642822,,RIDGE,0.06027339588512085,0.5006999969482422,0.40055999755859373,1,0.5339598655700684,1.25,omega
0.0,-0.4437414608813685,5777,,,,0.02893456071615219,-1.897110939025879,0.026230394141748548,-0.1327836513519287,-0.02152031660079956,1.39620840549469,1.2256729661862116,0.5304760360880024,0.9403206706047058,0.7087102896756273,0.10148111979166667,0.011674416044799836,nan,0.2534380744842806,0.30000001192092896,,,,3.0,1001,19,0,1145,0.0611141175031662,4.8045244216918945,0.0035154137294739485,0.33392539620399475,0.04293492063879967,grid,38,0.7293333212534586,1,0.005950376857072115,0.005950376857072115,0.0017134827794507146,1.320586919784546,,RIDGE,0.11148958639665087,0.5401999950408936,0.3601333300272624,1,0.640751838684082,1.5,omega
0.0,-0.11374989570616513,5778,,,,0.02176852524280548,-1.488741159439087,0.013656027615070343,-0.12264971435070038,-0.0229404978454113,0.5890671610832214,0.8048730150372146,0.4403540283902183,0.28012195229530334,0.6770284793178482,0.08021763392857142,0.011502478992718867,nan,0.08846977322820646,0.3499999940395355,,,,3.0,1001,19,0,1146,0.06855056434869766,4.011436939239502,0.045024339109659195,0.3366341292858124,0.047163281589746475,grid,38,0.6908571379525321,1,0.002658034209161997,0.002658034209161997,0.0006911381497047842,0.43340063095092773,,RIDGE,0.11881597258827929,0.20399999618530273,0.11657142639160156,1,0.7475438117980957,1.75,omega
0.0,0.9066219982556419,5779,,,,0.04232017323374748,-1.1274220943450928,0.03366684913635254,-0.13786616921424866,-0.027307186275720596,0.028424091637134552,0.7460979466544954,0.3518200064559676,0.02573004737496376,0.5456881587297926,0.1016845703125,0.011034638426992427,nan,0.02131009871363324,0.4000000059604645,,,,3.0,1001,19,0,1147,0.024472687393426895,3.4692564010620117,0.050973497331142426,0.3719865679740906,0.055863428860902786,grid,38,0.6004999876022339,1,0.00048526489990763366,0.00048526489990763366,0.00029320231988094747,0.06057925894856453,,RIDGE,0.04340444911610024,0.05631000176072121,0.028155000880360603,1,0.8543357253074646,2.0,omega
0.0,0.8129320263505848,5780,,,,0.033261220902204514,-0.9867615699768066,0.07301243580877781,-0.1290956735610962,-0.025603827089071274,0.007868236862123013,0.717242132994452,0.3021300352445572,0.009471257217228413,0.4106855006486317,0.08485243055555555,0.009110650082246577,3069.8492474105656,0.007179516165360301,0.44999998807907104,,,,3.0,1001,19,1,1148,0.03123309835791588,3.2047810554504395,0.01933477632701397,0.38750961422920227,0.05895637720823288,grid,38,0.5119999779595269,1,9.354368376079947e-05,9.354368376079947e-05,9.354368376079947e-05,0.009226871654391289,,RIDGE,-0.03238440426913166,0.02102000080049038,0.009342222577995725,1,0.9611276984214783,2.25,omega
0.0,0.4032501101405837,5781,,,,0.03515413589775562,-1.0323550701141357,0.08423472382128239,-0.13688063621520996,-0.039208006113767624,0.0036288066767156124,0.8080109854376083,0.3415177127259863,0.006380849983543158,0.6235296429284933,0.065673828125,0.018897300246214464,1001.9360636754802,0.0032556742261322484,0.5,,,,3.0,1001,19,1,1149,0.023931855335831642,3.140979528427124,0.027312060818076134,0.4177718162536621,0.0776684507727623,grid,38,0.4576000213623047,1,2.0044763004989363e-05,2.0044763004989363e-05,2.0044763004989363e-05,0.0016014963621273637,,RIDGE,-0.10373266393488098,0.010449999943375587,0.004179999977350235,1,1.0679197311401367,2.5,omega
0.0,nan,5782,,,,0.0021633338183164597,0.02917778491973877,-0.005949161946773529,0.009875178337097168,0.0013554655015468597,0.012744514271616936,0.027799630971350377,0.008383196797703952,nan,0.019712068542001977,0.003615353247198013,0.0003401461502375187,nan,nan,0.7023000121116638,,,,3.0,391,6,0,5806,0.029745807871222496,1.8812583684921265,0.09410492330789566,0.394443541765213,0.05798733979463577,rel,38,0.009571408895990561,1,1.9625886125140823e-05,2.560248685767874e-05,nan,0.0007947837584652007,,RIDGE,nan,0.0,0.0,0,1.5,3.5114998817443848,omega
0.0,nan,5783,,,,0.0,0.033925652503967285,-0.0008112490177154541,0.012569963932037354,0.0017412826418876648,0.014801559038460255,0.026713969631433635,0.010730164057003572,nan,0.018709238101587637,0.003225915433348227,0.0003847843007576494,nan,nan,0.8779000043869019,,,,3.0,331,5,0,5807,0.019199566915631294,1.7854715585708618,0.060573283582925797,0.5187436938285828,0.0770929679274559,rel,38,0.0,0,1.8931585145764984e-05,2.3743597921566106e-05,nan,0.0004906388348899782,,RIDGE,nan,0.0,0.0,0,1.8750534057617188,4.389500141143799,omega
0.0,nan,5784,,,,-0.0005408329889178276,0.028511524200439453,-0.007030827924609184,0.028571009635925293,0.0031922832131385803,0.0281294547021389,0.025968554369928995,0.010430752301131054,nan,0.018545449309539483,0.005469120867064226,0.00033476699366785233,nan,nan,1.0535000562667847,,,,3.0,291,4,0,1157,0.008923742920160294,1.8540544509887695,0.03299080580472946,0.6189514994621277,0.09543558955192566,grid,38,0.0,0,1.869971674750559e-05,2.6209248972008936e-05,nan,0.0003365355951245874,,RIDGE,nan,0.0,0.0,0,2.2501068115234375,5.267499923706055,omega
0.0,nan,5785,,,,0.0,7.009506225585938e-05,0.0002704150974750519,-0.0003839731216430664,1.6905367374420166e-05,0.013884303160011768,0.0025578815749558994,0.0007208595347233755,nan,0.001421422386366157,0.000556219489114572,5.887586005675179e-05,nan,nan,1.2289999723434448,,,,3.0,251,4,0,5809,0.0,2.001220703125,0.023526230826973915,0.7450183629989624,0.12478252500295639,rel,38,0.0,0,1.8042675947071984e-05,1.8042675947071984e-05,nan,0.00023859548673499376,,RIDGE,nan,0.0,0.0,0,2.6249465942382812,6.144999980926514,omega
0.0,nan,5786,,,,0.0,-0.005620241165161133,0.0032449960708618164,0.006674826145172119,0.00012837350368499756,0.03136710077524185,0.010325038849013516,0.0028772000601322866,nan,0.006735417677042089,0.0009733643357840804,0.0001746897473262352,nan,nan,1.4046000242233276,,,,3.0,241,3,0,5810,0.0,2.0284199714660645,0.03731746971607208,0.9194645881652832,0.15317751467227936,rel,38,0.0,0,1.6639367458992638e-05,3.403137088753283e-05,nan,0.00016845989739522338,,RIDGE,nan,0.0,0.0,0,3.0,7.0229997634887695,omega
0.0,0.5132946849373263,5787,,,,0.008788533508777618,-0.9872303009033203,0.005273120797937736,-0.02410873770713806,0.01373438909649849,1.3101754188537598,2.5219206305291006,0.6979849513431923,1.1824760437011719,1.1761378861741985,0.20367431640625,0.06288540954845154,86416.18640309147,0.313736657937106,0.20000000298023224,,,,3.0,1001,19,0,5799,0.10857219994068146,6.05941915512085,0.00040562465437687933,0.2539133131504059,0.04137001931667328,rel,38,0.7172999978065491,1,0.010690887458622456,0.010690887458622456,0.010690887458622456,5.338494300842285,,RIDGE,-0.0031937924298372786,0.44449999928474426,0.44449999928474426,1,0.4271678626537323,1.0,kfloor
0.0,-0.48478685433311985,5788,,,,-0.06773931533098221,-1.1361069679260254,0.04732287733349949,-0.06269626319408417,-0.0066055115312337875,1.9987459182739258,2.042607799476065,0.3718491939182348,1.949777364730835,0.8135431065271641,0.06898193359375,0.009354793941607148,nan,0.44448820041621273,0.25,,,,3.0,1001,19,0,5800,0.10262303799390793,5.435401439666748,0.0017577068647369742,0.28702205419540405,0.03203117847442627,rel,38,0.7716800212860108,1,0.010777964256703854,0.010777964256703854,0.010351087898015976,3.444464921951294,,RIDGE,0.0002154068513351265,0.7782999873161316,0.6226399898529053,1,0.5339598655700684,1.25,kfloor
0.0,-0.5543893180716004,5789,,,,-0.015413738787174225,-1.0456266403198242,0.06949702766723931,-0.10744425654411316,-0.01317690871655941,2.2858965396881104,1.5516368692911102,0.34618086943109533,1.933775544166565,0.7078933845509923,0.07454427083333333,0.01119686611841579,nan,0.38046070733368303,0.30000001192092896,,,,3.0,1001,19,0,1145,0.0611141175031662,4.8045244216918945,0.0035154137294739485,0.33392539620399475,0.04293492063879967,grid,38,0.7293333212534586,1,0.009518018923699856,0.009518018923699856,0.008877210319042206,2.11236572265625,,RIDGE,0.0008725513111462258,0.8407999873161316,0.560533324877421,1,0.640751838684082,1.5,kfloor
0.0,0.7497698608881106,5790,,,,-0.06855056434869766,-0.5389266014099121,-0.03447809815406799,-0.02588251233100891,-0.0013487860560417175,0.5376721024513245,0.9898500282026191,0.2163434870862784,0.6058664321899414,0.3335626244880447,0.048248291015625,0.009239353357543627,nan,0.3216392641339776,0.3499999940395355,,,,3.0,1001,19,0,1146,0.06855056434869766,4.011436939239502,0.045024339109659195,0.3366341292858124,0.047163281589746475,grid,38,0.6908571379525321,1,0.007984756492078304,0.007984756492078304,0.007023554760962725,1.3019390106201172,,RIDGE,0.005380223014138088,0.7932000160217285,0.4532571520124163,1,0.7475438117980957,1.75,kfloor
0.0,-0.6748686915960086,5791,,,,-0.024472687393426895,-0.31836628913879395,-0.021768521517515182,-0.059715211391448975,-0.0142228864133358,0.903666615486145,0.6956469599853454,0.17471920184893214,1.1346750259399414,0.2943343822536881,0.067535400390625,0.008063171689512925,130131.51285839581,0.26664508563234135,0.4000000059604645,,,,3.0,1001,19,0,1147,0.024472687393426895,3.4692564010620117,0.050973497331142426,0.3719865679740906,0.055863428860902786,grid,38,0.6004999876022339,1,0.005178815219551325,0.005178815219551325,0.005178815219551325,0.6465103626251221,,RIDGE,-0.0018688071857797851,0.725600004196167,0.3628000020980835,1,0.8543357253074646,2.0,kfloor
0.0,-0.3544859001959477,5792,,,,-0.03123309835791588,-0.3316359519958496,-0.009329368360340595,-0.030414462089538574,-0.011829860508441925,0.9275146126747131,0.7997510373113703,0.16001929831060654,0.7465248107910156,0.3667947469550453,0.05447048611111111,0.006471130045752178,nan,0.19933298818371264,0.44999998807907104,,,,3.0,1001,19,0,1148,0.03123309835791588,3.2047810554504395,0.01933477632701397,0.38750961422920227,0.05895637720823288,grid,38,0.5119999779595269,1,0.004309509415179491,0.004309509415179491,0.0028779110871255398,0.4250772297382355,,RIDGE,0.031169665943492634,0.6116999983787537,0.27186666594611275,1,0.9611276984214783,2.25,kfloor
0.0,0.8779859863772457,5793,,,,-0.023931855335831642,-0.4823164939880371,-0.011087074875831604,-0.041202694177627563,-0.029431354254484177,0.15766897797584534,0.6262537778333064,0.23426837046418073,0.14511099457740784,0.4583156385762967,0.053076171875,0.017240722454064855,nan,0.10366514577717914,0.5,,,,3.0,1001,19,0,1149,0.023931855335831642,3.140979528427124,0.027312060818076134,0.4177718162536621,0.0776684507727623,grid,38,0.4576000213623047,1,0.002542090369388461,0.002542090369388461,0.0011624604230746627,0.20310285687446594,,RIDGE,0.066629626534202,0.3578999936580658,0.14315999746322633,1,1.0679197311401367,2.5,kfloor
0.0,nan,5794,,,,-0.024878311902284622,0.4986194372177124,-0.08031368441879749,0.1635555922985077,0.016686469316482544,0.006317294668406248,0.2548930852355962,0.13471023686781156,nan,0.2183117086557228,0.04734722233349706,0.0031106053525868146,nan,nan,0.7023000121116638,,,,3.0,451,8,0,5806,0.029745807871222496,1.8812583684921265,0.09410492330789566,0.394443541765213,0.05798733979463577,rel,38,0.009571408895990561,1,1.9951297872466967e-05,1.9951297872466967e-05,nan,0.0008079618564806879,,RIDGE,nan,0.0,0.0,0,1.5,3.5114998817443848,kfloor
0.0,nan,5795,,,,-0.019199566915631294,0.42402613162994385,-0.04732287768274546,0.15581554174423218,0.017510175704956055,0.00554095720872283,0.18688178534410096,0.11537064787097809,nan,0.1554769936627842,0.03615250054614392,0.0026250511451300076,nan,nan,0.8779000043869019,,,,3.0,241,3,0,5807,0.019199566915631294,1.7854715585708618,0.060573283582925797,0.5187436938285828,0.0770929679274559,rel,38,0.0,0,1.8597977032186463e-05,2.7977090212516487e-05,nan,0.0004819929017685354,,RIDGE,nan,0.0,0.0,0,1.8750534057617188,4.389500141143799,kfloor
0.0,nan,5796,,,,-0.008923742920160294,0.3046431541442871,-0.022714980877935886,0.1686941385269165,0.02036891132593155,0.0222700834274292,0.14942877960196868,0.08409567720000248,nan,0.12154717730566515,0.03207314949159698,0.0022923577292763625,nan,nan,1.0535000562667847,,,,3.0,161,2,0,1157,0.008923742920160294,1.8540544509887695,0.03299080580472946,0.6189514994621277,0.09543558955192566,grid,38,0.0,0,1.9929206246160902e-05,2.3781418349244632e-05,nan,0.0003586624807212502,,RIDGE,nan,0.0,0.0,0,2.2501068115234375,5.267499923706055,kfloor
0.0,nan,5797,,,,0.0,0.15140318870544434,-0.011898323893547058,0.058905839920043945,0.01137242466211319,0.07103007286787033,0.0870890090519815,0.03897420050040412,nan,0.0706219206126381,0.016209825111338956,0.0010220070873864613,nan,nan,1.2289999723434448,,,,3.0,131,1,0,5809,0.0,2.001220703125,0.023526230826973915,0.7450183629989624,0.12478252500295639,rel,38,0.0,0,1.9557541236281395e-05,4.444185469765216e-05,nan,0.0002586279879324138,,RIDGE,nan,0.0,0.0,0,2.6249465942382812,6.144999980926514,kfloor
0.0,nan,5798,,,,0.0,0.05011296272277832,-0.018929151818156242,0.02934551239013672,0.005221948027610779,0.08121104538440704,0.0482783023478884,0.013730712464176977,nan,0.028460611882963553,0.009316487213933342,0.00040042361023942324,nan,nan,1.4046000242233276,,,,3.0,121,1,0,5810,0.0,2.0284199714660645,0.03731746971607208,0.9194645881652832,0.15317751467227936,rel,38,0.0,0,1.9301574866403826e-05,3.790432310779579e-05,nan,0.0001954125618794933,,RIDGE,nan,0.0,0.0,0,3.0,7.0229997634887695,kfloor
0.0,-0.02786599529916121,5799,,,,,,,,,2.449953556060791,,,2.089643955230713,,,,nan,0.5414366734214091,0.20000000298023224,,,,3.0,1001,19,0,-1,,,,,,,38,,,0.013179050758481026,0.013179050758481026,0.0119466008618474,6.580958843231201,,RIDGE,0.0034913973374801235,0.7172999978065491,0.7172999978065491,1,0.4271678626537323,1.0,rel
0.0,-0.48052445951070505,5800,,,,,,,,,2.089700222015381,,,2.422154664993286,,,,nan,0.5485389269203562,0.25,,,,3.0,1001,19,0,-1,,,,,,,38,,,0.012913141399621964,0.012913141399621964,0.012480962090194225,4.126833438873291,,RIDGE,0.0014577367089013017,0.9646000266075134,0.7716800212860108,1,0.5339598655700684,1.25,rel
0.0,-0.5973297948499593,5801,,,,0.0,0.0,0.0,0.0,0.0,2.4038774967193604,0.0,0.0,2.1752617359161377,0.0,0.0,0.0,nan,0.506736884428865,0.30000001192092896,,,,3.0,1001,19,0,1145,0.0611141175031662,4.8045244216918945,0.0035154137294739485,0.33392539620399475,0.04293492063879967,grid,38,0.7293333212534586,1,0.01277171541005373,0.01277171541005373,0.012278081849217415,2.8344693183898926,,RIDGE,0.0023508722131904735,1.093999981880188,0.7293333212534586,1,0.640751838684082,1.5,rel
0.0,0.8361291530329805,5802,,,,0.0,0.0,0.0,0.0,0.0,0.6776171922683716,0.0,0.0,0.6211950182914734,0.0,0.0,0.0,165917.47657510533,0.47812934975379223,0.3499999940395355,,,,3.0,1001,19,0,1146,0.06855056434869766,4.011436939239502,0.045024339109659195,0.3366341292858124,0.047163281589746475,grid,38,0.6908571379525321,1,0.01198501419275999,0.01198501419275999,0.011806504800915718,1.9541932344436646,,RIDGE,-0.0016842516985805483,1.2089999914169312,0.6908571379525321,1,0.7475438117980957,1.75,rel
0.0,0.6058027078306357,5803,,,,0.0,0.0,0.0,0.0,0.0,1.3059179782867432,0.0,0.0,1.0698755979537964,0.0,0.0,0.0,nan,0.4471736747064156,0.4000000059604645,,,,3.0,1001,19,0,1147,0.024472687393426895,3.4692564010620117,0.050973497331142426,0.3719865679740906,0.055863428860902786,grid,38,0.6004999876022339,1,0.011162888258695602,0.011162888258695602,0.010991971008479595,1.3935470581054688,,RIDGE,0.0012681896036322473,1.2009999752044678,0.6004999876022339,1,0.8543357253074646,2.0,rel
0.0,-0.4844774317584001,5804,,,,0.0,0.0,0.0,0.0,0.0,2.1344480514526367,0.0,0.0,1.986217975616455,0.0,0.0,0.0,551069.7505006368,0.3757386192804031,0.44999998807907104,,,,3.0,1001,19,0,1148,0.03123309835791588,3.2047810554504395,0.01933477632701397,0.38750961422920227,0.05895637720823288,grid,38,0.5119999779595269,1,0.008681662380695343,0.008681662380695343,0.008681662380695343,0.8563334345817566,,RIDGE,-0.00047949877652246116,1.1519999504089355,0.5119999779595269,1,0.9611276984214783,2.25,rel
0.0,0.4246106512581248,5805,,,,0.0,0.0,0.0,0.0,0.0,1.3981127738952637,0.0,0.0,1.217442274093628,0.0,0.0,0.0,11769.538468208206,0.3238992733656866,0.5,,,,3.0,1001,19,0,1149,0.023931855335831642,3.140979528427124,0.027312060818076134,0.4177718162536621,0.0776684507727623,grid,38,0.4576000213623047,1,0.0060861967504024506,0.0060861967504024506,0.0060861967504024506,0.4862627685070038,,RIDGE,-0.023060846328735216,1.1440000534057617,0.4576000213623047,1,1.0679197311401367,2.5,rel
0.0,-0.6189180532934131,5806,,,,,,,,,0.02124791033565998,,,0.0313788466155529,,,,2329.0420214096985,0.0067620400810931335,0.7023000121116638,,,,3.0,1001,19,1,-1,,,,,,,38,,,8.143865125020966e-05,8.143865125020966e-05,8.143865125020966e-05,0.003297997172921896,,RIDGE,-0.04591725956309901,0.03361000120639801,0.009571408895990561,1,1.5,3.5114998817443848,rel
0.0,nan,5807,,,,,,,,,0.001217376790009439,,,nan,,,,nan,nan,0.8779000043869019,,,,3.0,501,9,0,-1,,,,,,,38,,,1.491714829171542e-05,1.491714829171542e-05,nan,0.0003865990147460252,,RIDGE,nan,0.0,0.0,0,1.8750534057617188,4.389500141143799,rel
0.0,nan,5808,,,,-0.0008112499490380287,0.003415226936340332,-0.0024337470531463623,0.007819771766662598,0.0009473860263824463,0.01938117854297161,0.009694258938485238,0.0032266298426221174,nan,0.006697315544094955,0.0015758483854252854,0.00019281195746136438,nan,nan,1.0535000562667847,221,0.0,0,3.0,211,3,0,1157,0.008923742920160294,1.8540544509887695,0.03299080580472946,0.6189514994621277,0.09543558955192566,grid,38,0.0,0,2.182153366447892e-05,2.405417399131693e-05,nan,0.00039271838613785803,,RIDGE,nan,0.0,0.0,0,2.2501068115234375,5.267499923706055,rel
0.0,nan,5809,,,,,,,,,0.1059340089559555,,,nan,,,,nan,nan,1.2289999723434448,,,,3.0,131,1,0,-1,,,,,,,38,,,2.876301914511714e-05,5.807547495351173e-05,nan,0.0003803607833106071,,RIDGE,nan,0.0,0.0,0,2.6249465942382812,6.144999980926514,rel
0.0,nan,5810,,,,,,,,,0.09268742054700851,,,nan,,,,nan,nan,1.4046000242233276,,,,3.0,111,1,0,-1,,,,,,,38,,,3.3928179618669674e-05,4.547951175482012e-05,nan,0.0003434948739595711,,RIDGE,nan,0.0,0.0,0,3.0,7.0229997634887695,rel
0.0,0.20493345163973511,5811,,,,0.0,0.0,0.0,0.0,0.0,1.7508107423782349,0.0,0.0,2.074955463409424,0.0,0.0,0.0,nan,0.5860180168772939,0.10000000149011612,,,,3.0,1001,19,0,1140,0.1327744722366333,7.563916206359863,0.0014872903702780604,0.0820818543434143,0.014367335475981236,grid,38,0.7621999979019165,1,0.010114074684679508,0.010114074684679508,0.008870042860507965,20.201852798461914,,RIDGE,0.009431652589277884,0.38109999895095825,0.7621999979019165,1,0.21358393132686615,0.5,calm
0.0,-0.3733776016347736,5812,,,,0.0028393715620040894,0.003001689910888672,-0.00013520821812562644,0.021932318806648254,4.855915904045105e-05,3.4047515392303467,0.25592786860609157,0.07314586750518888,2.785367250442505,0.1389168785067482,0.07474772135416667,0.010623190324328409,108405.2814599794,0.6211719784433541,0.15000000596046448,,,,3.0,1001,19,0,1142,0.1304759383201599,7.077568054199219,0.00040562465437687933,0.15819403529167175,0.018100840970873833,grid,38,0.8821333249409994,1,0.01189278345555067,0.01189278345555067,0.010671848431229591,10.55762004852295,,RIDGE,-0.00258300087668667,0.6292999982833862,0.8390666643778483,1,0.320375919342041,0.75,calm
0.0,-0.02786599529916121,5813,,,,0.0,0.0,0.0,0.0,0.0,2.449953556060791,0.0,0.0,2.089643955230713,0.0,0.0,0.0,nan,0.5414366734214091,0.20000000298023224,,,,3.0,1001,19,0,5799,0.10857219994068146,6.05941915512085,0.00040562465437687933,0.2539133131504059,0.04137001931667328,rel,38,0.7172999978065491,1,0.013179050758481026,0.013179050758481026,0.0119466008618474,6.580958843231201,,RIDGE,0.0034913973374801235,0.7172999978065491,0.7172999978065491,1,0.4271678626537323,1.0,calm
100.0,nan,5814,,,,0.0,-0.13687849044799805,0.0,-0.027059078216552734,-0.0010972321033477783,0.6738953590393066,0.7918040173156222,0.1319820801245829,nan,0.33098482278101055,0.3809814453125,0.03922084837007549,nan,nan,0.20000000298023224,,,,0.3,181,2,0,5838,0.0,5.777070045471191,0.0,0.5785790681838989,0.10268978774547577,rel,39,0.09611000120639801,1,1.9723458535736427e-05,2.6135177904507145e-05,nan,0.009848909452557564,,RIDGE,nan,0.0,0.0,0,0.4271678626537323,1.0,omega
100.0,nan,5815,,,,0.0,-0.15208148956298828,0.0,-0.018984079360961914,-0.0029280483722686768,0.48042982816696167,0.5879053219196981,0.09012168470671478,nan,0.2067061671587033,0.3287109375,0.023196467223716724,nan,nan,0.25,,,,0.3,191,2,0,5839,0.0,5.424900531768799,0.0,0.6586439609527588,0.10796058923006058,rel,39,0.01602399945259094,1,1.9173654436599463e-05,2.560699977038894e-05,nan,0.006127593107521534,,RIDGE,nan,0.0,0.0,0,0.5339598655700684,1.25,omega
100.0,nan,5816,,,,0.0,-0.17598676681518555,0.0,-0.020801007747650146,0.0003297477960586548,0.3766047954559326,0.4608455357881888,0.07187642025547719,nan,0.12662049104378856,0.23152669270833334,0.012801601706441726,nan,nan,0.30000001192092896,,,,0.3,191,2,0,1175,0.0,5.152492523193359,0.0,0.7392650246620178,0.10458427667617798,grid,39,0.0,0,1.9448578314040788e-05,2.558455707912799e-05,nan,0.0043162875808775425,,RIDGE,nan,0.0,0.0,0,0.640751838684082,1.5,omega
100.0,nan,5817,,,,0.0,-0.17456865310668945,0.0,-0.023083806037902832,-0.0013638660311698914,0.23506414890289307,0.2933766990764627,0.058989325846254125,nan,0.0857853548020271,0.12595912388392858,0.006463139616042194,nan,nan,0.3499999940395355,,,,0.3,181,2,0,1176,0.0,4.875069618225098,0.0,0.8126070499420166,0.10642185807228088,grid,39,0.0,0,1.8541250028647482e-05,2.4378885427722707e-05,nan,0.003023207653313875,,RIDGE,nan,0.0,0.0,0,0.7475438117980957,1.75,omega
100.0,nan,5818,,,,0.0,-0.19276666641235352,0.0,-0.028279900550842285,-0.003231622278690338,0.15228858590126038,0.18707848893253412,0.05898118084563778,nan,0.08976037053120252,0.083770751953125,0.004068734433568446,nan,nan,0.4000000059604645,,,,0.3,161,2,0,1177,0.0,4.628657817840576,0.0,0.8826839923858643,0.11094654351472855,grid,39,0.0,0,1.9220269678044133e-05,2.1639609258272685e-05,nan,0.002399410353973508,,RIDGE,nan,0.0,0.0,0,0.8543357253074646,2.0,omega
100.0,nan,5819,,,,0.0,-0.1329498291015625,0.0,-0.022493720054626465,-0.003070347011089325,0.12683524191379547,0.08474058914516813,0.04016880568656126,nan,0.055556853597099796,0.029595269097222224,0.002083386654793933,nan,nan,0.44999998807907104,,,,0.3,151,2,0,1178,0.0,4.359175682067871,0.0,0.9437589645385742,0.11687851697206497,grid,39,0.0,0,1.8683000234887004e-05,1.8683000234887004e-05,nan,0.0018428356852382421,,RIDGE,nan,0.0,0.0,0,0.9611276984214783,2.25,omega
100.0,nan,5820,,,,0.0,-0.10225152969360352,0.0,-0.019097089767456055,-0.00272301584482193,0.1884196251630783,0.06962007142845464,0.030595417553454324,nan,0.0450164860090585,0.0144012451171875,0.0013143506837961414,nan,nan,0.5,,,,0.3,141,1,0,1179,0.0,4.152318954467773,0.0,1.0049656629562378,0.12369219958782196,grid,39,0.0,0,1.8964810806210153e-05,3.49863876181189e-05,nan,0.0015152125852182508,,RIDGE,nan,0.0,0.0,0,1.0679197311401367,2.5,omega
100.0,nan,5821,,,,0.0,-0.03767251968383789,0.0,-0.0025374889373779297,-0.0009002238512039185,0.08753108978271484,0.029530232357216097,0.010911778283083616,nan,0.02009879388968279,0.0034067751752442817,0.00039137742531144523,nan,nan,0.7023000121116638,,,,0.3,131,1,0,5845,0.0,3.636482000350952,0.0,1.2352805137634277,0.15076158940792084,rel,39,0.0,0,1.707772389636375e-05,2.956339631055016e-05,nan,0.0006915915873833001,,RIDGE,nan,0.0,0.0,0,1.5,3.5114998817443848,omega
100.0,nan,5822,,,,0.0,-0.009787559509277344,0.0,-0.00041747093200683594,-0.00024150311946868896,0.07403567433357239,0.009244344638659632,0.002936027454100899,nan,0.006241508788773141,0.0007786692425323305,0.00012558805399292346,nan,nan,0.8779000043869019,,,,0.3,121,1,0,5846,0.0,3.367666006088257,0.0,1.449773907661438,0.17385008931159973,rel,39,0.0,0,1.8863287550630048e-05,2.861621578631457e-05,nan,0.0004888687981292605,,RIDGE,nan,0.0,0.0,0,1.8750534057617188,4.389500141143799,omega
100.0,nan,5823,,,,0.0,-0.00444340705871582,0.0,0.0028862953186035156,0.0002982616424560547,0.0612846314907074,0.004464877029396637,0.001873940525837849,nan,0.002966506516013372,0.0005561817830912771,6.60405054768666e-05,nan,nan,1.0535000562667847,,,,0.3,121,1,0,1187,0.0,3.192959785461426,0.0,1.6492315530776978,0.19615989923477173,grid,39,0.0,0,1.9314695236971602e-05,2.924514228652697e-05,nan,0.00034760322887450457,,RIDGE,nan,0.0,0.0,0,2.2501068115234375,5.267499923706055,omega
100.0,nan,5824,,,,0.0,0.0012390613555908203,0.0,0.0005801916122436523,8.45491886138916e-05,0.049912773072719574,0.0012769336358533056,0.00041170305217240385,nan,0.0006406264122669455,0.00015891985403273485,1.7472596327147138e-05,nan,nan,1.2289999723434448,,,,0.3,121,1,0,5848,0.0,3.057337999343872,0.0,1.8332165479660034,0.21893072128295898,rel,39,0.0,0,1.827471533033531e-05,2.8696784283965826e-05,nan,0.00024166397633962333,,RIDGE,nan,0.0,0.0,0,2.6249465942382812,6.144999980926514,omega
100.0,nan,5825,,,,0.0,-0.0011513233184814453,0.0,0.0010939836502075195,-5.771219730377197e-05,0.0354611761868,0.005008890440470079,0.0010254815022916284,nan,0.0020580760055765386,0.0004888548561415582,8.904238217603627e-05,nan,nan,1.4046000242233276,,,,0.3,121,1,0,5849,0.0,2.964460849761963,0.0,1.9937225580215454,0.24219194054603577,rel,39,0.0,0,1.8432245269650593e-05,2.981203761009965e-05,nan,0.00018661130161490291,,RIDGE,nan,0.0,0.0,0,3.0,7.0229997634887695,omega
100.0,-0.11294668579553178,5826,,,,0.0,-0.248931884765625,0.0,0.012653648853302002,-0.002474360167980194,1.3736367225646973,1.263242975998705,0.2165366848858723,1.4750924110412598,0.5340263006472651,0.4840087890625,0.05184133373414458,4317.185909823884,0.13392062316257433,0.20000000298023224,,,,0.3,1001,19,0,5838,0.0,5.777070045471191,0.0,0.5785790681838989,0.10268978774547577,rel,39,0.09611000120639801,1,3.634326276369393e-05,3.634326276369393e-05,3.0152750696288422e-05,0.018148008733987808,,RIDGE,-0.007822054082697018,0.24629999697208405,0.24629999697208405,1,0.4271678626537323,1.0,kfloor
100.0,nan,5827,,,,0.0,-0.25488805770874023,0.0,-0.021657109260559082,0.01883133500814438,1.0625441074371338,0.8703550208506563,0.1390484184294964,nan,0.34534536989307246,0.4208984375,0.03145269460456316,nan,nan,0.25,,,,0.3,141,1,0,5839,0.0,5.424900531768799,0.0,0.6586439609527588,0.10796058923006058,rel,39,0.01602399945259094,1,1.8756994904833846e-05,3.5113080230075866e-05,nan,0.005994435865432024,,RIDGE,nan,0.0,0.0,0,0.5339598655700684,1.25,kfloor
100.0,nan,5828,,,,0.0,-0.2501211166381836,0.0,-0.020114123821258545,0.023103564977645874,0.7134089469909668,0.7419002579436245,0.10775548721538604,nan,0.23251658891916127,0.3076171875,0.020611264484517958,nan,nan,0.30000001192092896,,,,0.3,151,2,0,1175,0.0,5.152492523193359,0.0,0.7392650246620178,0.10458427667617798,grid,39,0.0,0,1.9242974303779192e-05,1.9242974303779192e-05,nan,0.004270657431334257,,RIDGE,nan,0.0,0.0,0,0.640751838684082,1.5,kfloor
100.0,nan,5829,,,,0.0,-0.20830965042114258,0.0,-0.01930081844329834,0.015678204596042633,0.539076030254364,0.6003419336444707,0.07799817593535678,nan,0.12165199471949216,0.23563058035714285,0.012782058041255808,nan,nan,0.3499999940395355,,,,0.3,141,1,0,1176,0.0,4.875069618225098,0.0,0.8126070499420166,0.10642185807228088,grid,39,0.0,0,1.804005296435207e-05,3.132332130917348e-05,nan,0.002941485960036516,,RIDGE,nan,0.0,0.0,0,0.7475438117980957,1.75,kfloor
100.0,nan,5830,,,,0.0,-0.1912975311279297,0.0,-0.021562814712524414,0.0054620131850242615,0.3781083822250366,0.4485193696203763,0.06335338046782377,nan,0.09750140311380845,0.183380126953125,0.007686879536214553,nan,nan,0.4000000059604645,,,,0.3,121,1,0,1177,0.0,4.628657817840576,0.0,0.8826839923858643,0.11094654351472855,grid,39,0.0,0,1.6710711861378513e-05,2.5527146135573275e-05,nan,0.002086123451590538,,RIDGE,nan,0.0,0.0,0,0.8543357253074646,2.0,kfloor
100.0,nan,5831,,,,0.0,-0.13299560546875,0.0,-0.019459009170532227,-0.0010838881134986877,0.26912498474121094,0.24529837372460062,0.04235011756981374,nan,0.05701159727793438,0.10099283854166667,0.0035188783533935198,nan,nan,0.44999998807907104,,,,0.3,101,1,0,1178,0.0,4.359175682067871,0.0,0.9437589645385742,0.11687851697206497,grid,39,0.0,0,1.8948905562865548e-05,1.8948905562865548e-05,nan,0.001869063824415207,,RIDGE,nan,0.0,0.0,0,0.9611276984214783,2.25,kfloor
100.0,nan,5832,,,,0.0,-0.09886789321899414,0.0,-0.01762068271636963,-0.0022077932953834534,nan,0.10541742276811403,0.030575198060141123,nan,0.04550665989017818,0.0314453125,0.0018587196369697235,nan,nan,0.5,,,,0.3,91,0,0,1179,0.0,4.152318954467773,0.0,1.0049656629562378,0.12369219958782196,grid,39,0.0,0,1.9227851225878112e-05,nan,nan,0.0015362283447757363,,RIDGE,nan,0.0,0.0,0,1.0679197311401367,2.5,kfloor
100.0,nan,5833,,,,0.0,-0.046494483947753906,0.0,-0.004661440849304199,-0.00135001540184021,nan,0.033330187807854905,0.013436882083522927,nan,0.025586426994558032,0.00493634770290498,0.0005158091661412263,nan,nan,0.7023000121116638,,,,0.3,71,0,0,5845,0.0,3.636482000350952,0.0,1.2352805137634277,0.15076158940792084,rel,39,0.0,0,1.9725730453501455e-05,nan,nan,0.0007988271536305547,,RIDGE,nan,0.0,0.0,0,1.5,3.5114998817443848,kfloor
100.0,nan,5834,,,,0.0,-0.011512517929077148,0.0,-0.005074620246887207,-0.0006599277257919312,nan,0.008959973810860262,0.0033621089621159147,nan,0.0062363413190831074,0.0016685769482835656,0.00016759713792992284,nan,nan,0.8779000043869019,,,,0.3,71,0,0,5846,0.0,3.367666006088257,0.0,1.449773907661438,0.17385008931159973,rel,39,0.0,0,1.5362569683929905e-05,nan,nan,0.0003981427289545536,,RIDGE,nan,0.0,0.0,0,1.8750534057617188,4.389500141143799,kfloor
100.0,nan,5835,,,,0.0,-0.00687861442565918,0.0,-0.002949357032775879,-9.247660636901855e-05,nan,0.00553258006141618,0.001351954577930083,nan,0.002575574756515963,0.000926969638485462,0.00010519470437914623,nan,nan,1.0535000562667847,,,,0.3,71,0,0,1187,0.0,3.192959785461426,0.0,1.6492315530776978,0.19615989923477173,grid,39,0.0,0,1.3437739653454628e-05,nan,nan,0.00024183669302146882,,RIDGE,nan,0.0,0.0,0,2.2501068115234375,5.267499923706055,kfloor
100.0,nan,5836,,,,0.0,-0.0010914802551269531,0.0,-0.006822347640991211,-0.0003467947244644165,nan,0.006622044629874211,0.001036044777087444,nan,0.0019083052547245306,0.001112438978229144,0.00010695816988001318,nan,nan,1.2289999723434448,,,,0.3,61,0,0,5848,0.0,3.057337999343872,0.0,1.8332165479660034,0.21893072128295898,rel,39,0.0,0,1.8631115381140262e-05,nan,nan,0.0002463769924361259,,RIDGE,nan,0.0,0.0,0,2.6249465942382812,6.144999980926514,kfloor
100.0,nan,5837,,,,0.0,-0.0006549358367919922,0.0,-0.004264712333679199,-0.000230446457862854,nan,0.006968228194565652,0.0009128502166343321,nan,0.0018731504663015144,0.0009733643357840804,9.468916654890797e-05,nan,nan,1.4046000242233276,,,,0.3,61,0,0,5849,0.0,2.964460849761963,0.0,1.9937225580215454,0.24219194054603577,rel,39,0.0,0,1.7954713257495314e-05,nan,nan,0.00018177668971475214,,RIDGE,nan,0.0,0.0,0,3.0,7.0229997634887695,kfloor
100.0,0.7995436573713454,5838,,,,,,,,,0.4983036518096924,,,0.40261057019233704,,,,nan,0.06319643362924818,0.20000000298023224,,,,0.3,1001,19,0,-1,,,,,,,39,,,0.00042556249536573887,0.00042556249536573887,0.0003377899993211031,0.21250464022159576,,RIDGE,0.019941811128096405,0.09611000120639801,0.09611000120639801,1,0.4271678626537323,1.0,rel
100.0,0.6089611589542371,5839,,,,,,,,,0.07769045978784561,,,0.06814012676477432,,,,nan,0.009964249782006683,0.25,,,,0.3,1001,19,1,-1,,,,,,,39,,,0.00035646656760945916,0.00035646656760945916,0.00018805265426635742,0.11392100900411606,,RIDGE,0.055449594150890104,0.020029999315738678,0.01602399945259094,1,0.5339598655700684,1.25,rel
100.0,0.4259515351525001,5840,,,,0.0,0.0004181861877441406,0.0,-0.000249326229095459,-5.218386650085449e-05,0.0011109510669484735,0.002526721141969405,0.0005881237959384124,0.0017543634166941047,0.0013373680362585283,0.0013834635416666667,6.623636264295562e-05,518.3404002917822,0.0004737811803615672,0.30000001192092896,,,,0.3,1001,19,1,1175,0.0,5.152492523193359,0.0,0.7392650246620178,0.10458427667617798,grid,39,0.0,0,6.740647677361267e-06,6.740647677361267e-06,6.740647677361267e-06,0.0014959744876250625,,RIDGE,-0.09785954735495792,0.000958200020249933,0.0006388000134999553,1,0.640751838684082,1.5,rel
100.0,nan,5841,,,,0.0,0.021770477294921875,0.0,0.0019612908363342285,-0.0001673474907875061,0.01498874556273222,0.02575593270288861,0.00680063753557185,nan,0.010079459747873014,0.012276785714285714,0.0005777684713657052,nan,nan,0.3499999940395355,221,0.0,0,0.3,361,6,0,1176,0.0,4.875069618225098,0.0,0.8126070499420166,0.10642185807228088,grid,39,0.0,0,2.322741465832223e-06,2.659395704540657e-06,nan,0.0003787300956901163,,RIDGE,nan,0.0,0.0,0,0.7475438117980957,1.75,rel
100.0,nan,5842,,,,0.0,0.028448104858398438,0.0,0.0032960176467895508,0.0002963840961456299,0.02135443687438965,0.032136516771183746,0.008401340061333553,nan,0.012696832470731457,0.009979248046875,0.0005282294539066828,nan,nan,0.4000000059604645,211,0.0,0,0.3,321,5,0,1177,0.0,4.628657817840576,0.0,0.8826839923858643,0.11094654351472855,grid,39,0.0,0,2.925826947830501e-06,4.382670795166632e-06,nan,0.00036525289760902524,,RIDGE,nan,0.0,0.0,0,0.8543357253074646,2.0,rel
100.0,nan,5843,,,,0.0,0.07212638854980469,0.0,0.009777724742889404,0.0014108344912528992,0.01905086264014244,0.043142803214605424,0.02089463611711056,nan,0.03038194482478069,0.016194661458333332,0.001033569544913727,nan,nan,0.44999998807907104,151,0.0,0,0.3,331,5,0,1178,0.0,4.359175682067871,0.0,0.9437589645385742,0.11687851697206497,grid,39,0.0,0,3.548486574800336e-06,5.097521807329031e-06,nan,0.00035001218202523887,,RIDGE,nan,0.0,0.0,0,0.9611276984214783,2.25,rel
100.0,nan,5844,,,,0.0,0.05949974060058594,0.0,0.009401321411132812,0.0013830959796905518,0.05550394207239151,0.027583353125189593,0.017410849795998086,nan,0.022361415468702246,0.00667266845703125,0.0007203742289556047,nan,nan,0.5,131,0.0,0,0.3,231,3,0,1179,0.0,4.152318954467773,0.0,1.0049656629562378,0.12369219958782196,grid,39,0.0,0,4.615084435499739e-06,6.548958936036797e-06,nan,0.0003687267890200019,,RIDGE,nan,0.0,0.0,0,1.0679197311401367,2.5,rel
100.0,nan,5845,,,,,,,,,0.11532004922628403,,,nan,,,,nan,nan,0.7023000121116638,,,,0.3,111,1,0,-1,,,,,,,39,,,8.885349416232202e-06,1.1053472007915843e-05,nan,0.0003598273906391114,,RIDGE,nan,0.0,0.0,0,1.5,3.5114998817443848,rel
100.0,nan,5846,,,,,,,,,nan,,,nan,,,,nan,nan,0.8779000043869019,,,,0.3,81,0,0,-1,,,,,,,39,,,1.3777316780760884e-05,nan,nan,0.00035705865593627095,,RIDGE,nan,0.0,0.0,0,1.8750534057617188,4.389500141143799,rel
100.0,nan,5847,,,,0.0,-0.0029740333557128906,0.0,0.0037976503372192383,0.00044587254524230957,nan,0.003731268697734505,0.0021751113784598103,nan,0.0029677508797753133,0.0007415757107883695,4.015561260265365e-05,nan,nan,1.0535000562667847,71,0.0,0,0.3,71,0,0,1187,0.0,3.192959785461426,0.0,1.6492315530776978,0.19615989923477173,grid,39,0.0,0,1.5892479495960288e-05,nan,nan,0.0002860142267309129,,RIDGE,nan,0.0,0.0,0,2.2501068115234375,5.267499923706055,rel
100.0,nan,5848,,,,,,,,,nan,,,nan,,,,nan,nan,1.2289999723434448,,,,0.3,61,0,0,-1,,,,,,,39,,,2.0739829778904095e-05,nan,nan,0.0002742625365499407,,RIDGE,nan,0.0,0.0,0,2.6249465942382812,6.144999980926514,rel
100.0,nan,5849,,,,,,,,,nan,,,nan,,,,nan,nan,1.4046000242233276,,,,0.3,51,0,0,-1,,,,,,,39,,,3.16087607643567e-05,nan,nan,0.0003200126811861992,,RIDGE,nan,0.0,0.0,0,3.0,7.0229997634887695,rel
100.0,0.4098841015613527,5850,,,,0.0,0.0,0.0,0.0,0.0,2.077298879623413,0.0,0.0,2.255618095397949,0.0,0.0,0.0,nan,0.24940216390973086,0.10000000149011612,,,,0.3,1001,19,0,1170,0.0655759871006012,7.385708808898926,0.0031097889877855778,0.42515498399734497,0.07206079363822937,grid,39,0.43959999084472656,1,0.0015769806923344731,0.0015769806923344731,0.001233847695402801,3.1498613357543945,,RIDGE,0.00376192439686185,0.21979999542236328,0.43959999084472656,1,0.21358393132686615,0.5,calm
100.0,0.470548134599741,5851,,,,0.0031097885221242905,-0.007353305816650391,-0.0008112492505460978,-0.009027302265167236,-0.0011265799403190613,1.0632561445236206,1.0057429603277404,0.09445776501450408,1.3664398193359375,0.2436150076508733,0.5108235677083334,0.03864069715241645,nan,0.1287964428778474,0.15000000596046448,,,,0.3,1001,19,0,1172,0.010411033406853676,6.356027603149414,0.002163331490010023,0.616523027420044,0.08356017619371414,grid,39,0.17919999361038208,1,0.0017406806582584977,0.0017406806582584977,0.001596168614923954,1.5452601909637451,,RIDGE,0.0025273062966087406,0.16449999809265137,0.2193333307902018,1,0.320375919342041,0.75,calm
100.0,0.7995436573713454,5852,,,,0.0,0.0,0.0,0.0,0.0,0.4983036518096924,0.0,0.0,0.40261057019233704,0.0,0.0,0.0,nan,0.06319643362924818,0.20000000298023224,,,,0.3,1001,19,0,5838,0.0,5.777070045471191,0.0,0.5785790681838989,0.10268978774547577,rel,39,0.09611000120639801,1,0.00042556249536573887,0.00042556249536573887,0.0003377899993211031,0.21250464022159576,,RIDGE,0.019941811128096405,0.09611000120639801,0.09611000120639801,1,0.4271678626537323,1.0,calm
100.0,0.784661273043738,5853,,,,-0.011627905070781708,-1.1808629035949707,-0.0037858303112443537,0.03670346736907959,0.03960324823856354,0.7010746598243713,2.3725266310683493,0.5470326287794421,0.8272649049758911,1.1010747871482043,0.518310546875,0.07372691012060661,nan,0.12325497708434155,0.20000000298023224,,,,1.0,1001,19,0,5877,0.049756623804569244,7.0143537521362305,0.004191454965621233,0.5497725605964661,0.07745672762393951,rel,40,0.3982999920845032,1,0.0020462137181311846,0.0020462137181311846,0.0005367920966818929,1.021776795387268,,RIDGE,0.12671879855069274,0.1940000057220459,0.1940000057220459,1,0.4271678626537323,1.0,omega
100.0,0.6091021312407164,5854,,,,0.024202272295951843,-1.0737195014953613,0.0008112494833767414,0.04978036880493164,0.049930594861507416,0.4922678470611572,1.5585516520003835,0.44411914671576475,0.7321236729621887,0.93312232241339,0.3719970703125,0.05361787951785594,nan,0.07472624011568366,0.25,,,,1.0,1001,19,0,5878,0.010140616446733475,6.471168041229248,0.0058139534667134285,0.5666086077690125,0.0705646276473999,rel,40,0.4703199863433838,1,0.0011453282786533237,0.0011453282786533237,0.0005255462601780891,0.3660286068916321,,RIDGE,0.06932619268243966,0.12349999696016312,0.09879999756813049,1,0.5339598655700684,1.25,omega
100.0,-0.5602359687969679,5855,,,,0.010005408897995949,-0.8678607940673828,0.0024337470531463623,0.014199018478393555,0.03162882477045059,1.1971503496170044,1.1051677538211029,0.3137602918584544,0.5628002285957336,0.5731127873788087,0.2784830729166667,0.03523214288997461,nan,0.14599024475477526,0.30000001192092896,,,,1.0,1001,19,0,1205,0.011627906933426857,5.825891494750977,0.009464575909078121,0.6085999608039856,0.07506657391786575,grid,40,0.4582666556040446,1,0.00485984655097127,0.00485984655097127,0.0010728663764894009,1.0785620212554932,,RIDGE,0.13600006537003956,0.34119999408721924,0.22746666272481283,1,0.640751838684082,1.5,omega
100.0,0.014863135781783521,5856,,,,0.005543536972254515,-0.5107965469360352,0.005678745452314615,0.10844570398330688,0.045915387570858,0.4021550714969635,0.802891619494589,0.23458624436105063,0.26911240816116333,0.3594994758719148,0.23165457589285715,0.04941509126520853,nan,0.06701703073833233,0.3499999940395355,,,,1.0,1001,19,0,1206,0.0,5.234286308288574,0.004191454965621233,0.5703954696655273,0.08607418090105057,grid,40,0.4298285756792341,1,0.0024239704944193363,0.0024239704944193363,0.0006062441971153021,0.3952358365058899,,RIDGE,0.12195118557323126,0.17139999568462372,0.09794285467692784,1,0.7475438117980957,1.75,omega
100.0,0.9094739007458448,5857,,,,-0.005002703983336687,-0.17374897003173828,-0.008788534440100193,0.05572307109832764,0.024590902030467987,0.21887098252773285,0.6408376602433751,0.1501544425238944,0.13938099145889282,0.23416363432154216,0.23529052734375,0.03246061035254119,nan,0.022192034402022245,0.4000000059604645,,,,1.0,1001,19,0,1207,0.005002703983336687,4.695492744445801,0.01311519742012024,0.6635710000991821,0.09439331293106079,grid,40,0.3876500129699707,1,0.0004405394138302654,0.0004405394138302654,0.00025209534214809537,0.054995838552713394,,RIDGE,0.04892798337069446,0.051989998668432236,0.025994999334216118,1,0.8543357253074646,2.0,omega
100.0,0.6863521334722971,5858,,,,-0.004326662980020046,-0.14163589477539062,-0.009329366963356733,0.02507650852203369,0.008921332657337189,0.21985052525997162,0.47461519226624027,0.1183892489040432,0.19185413420200348,0.20262267917905905,0.11695014105902778,0.014124019953588633,3109.9420866094283,0.013985925863355234,0.44999998807907104,,,,1.0,1001,19,0,1208,0.004326662980020046,4.379466533660889,0.01433207094669342,0.737609326839447,0.09434324502944946,grid,40,0.3394666777716743,1,7.729359640507028e-05,7.729359640507028e-05,7.729359640507028e-05,0.0076240114867687225,,RIDGE,-0.027839244495738585,0.05790000036358833,0.025733333494928148,1,0.9611276984214783,2.25,omega
100.0,0.6444296707377276,5859,,,,-0.007842076942324638,0.028563261032104492,-0.01811790093779564,-0.17898130416870117,-0.025431208312511444,0.1779848337173462,0.636743942417646,0.21429495314556185,0.16804632544517517,0.4051546751452202,0.194189453125,0.023123255057744943,903.0849532477623,0.012689709859617485,0.5,,,,1.0,911,17,0,1209,0.007842076942324638,3.9525585174560547,0.022579772397875786,0.9772447347640991,0.13179832696914673,grid,40,0.21496000289916992,1,1.9516923202900216e-05,2.0096134903724305e-05,2.0096134903724305e-05,0.0015593240968883038,,RIDGE,-0.09988287289937298,0.0,0.0,0,1.0679197311401367,2.5,omega
100.0,nan,5860,,,,0.0,-0.0052242279052734375,0.0,-0.0008391141891479492,-0.00029221922159194946,0.07036752998828888,0.008562050285129536,0.0018482512924513706,nan,0.003903376995756342,0.014582132979655897,0.00012099781022775531,nan,nan,0.7023000121116638,,,,1.0,321,5,0,5884,0.0,3.2891318798065186,0.004867495968937874,0.951470136642456,0.12192137539386749,rel,40,0.0,0,1.8689930584514514e-05,2.1831723643117584e-05,nan,0.0007568806177005172,,RIDGE,nan,0.0,0.0,0,1.5,3.5114998817443848,omega
100.0,nan,5861,,,,0.0,0.011219024658203125,0.0,0.0012699365615844727,0.0007494837045669556,0.02176949754357338,0.011866627340268401,0.0039659101507831815,nan,0.008907589680876592,0.00241943657501117,0.00021238742800003683,nan,nan,0.8779000043869019,,,,1.0,241,3,0,5885,0.0,2.9275665283203125,0.004326662980020046,1.0605117082595825,0.13998280465602875,rel,40,0.0,0,1.9631836039479822e-05,2.9271170205902308e-05,nan,0.000508786819409579,,RIDGE,nan,0.0,0.0,0,1.8750534057617188,4.389500141143799,omega
100.0,nan,5862,,,,0.0,0.004073619842529297,-0.0002704164944589138,0.0063811540603637695,0.0012041181325912476,0.018731122836470604,0.01118382242113424,0.00385294746387648,nan,0.007126820675263061,0.0019466362408194701,0.00017418447202340924,nan,nan,1.0535000562667847,,,,1.0,221,3,0,1217,0.0,2.7627413272857666,0.005678745452314615,1.2396482229232788,0.1596650630235672,grid,40,0.0,0,1.774160045897588e-05,2.3605773094459437e-05,nan,0.00031929253600537777,,RIDGE,nan,0.0,0.0,0,2.2501068115234375,5.267499923706055,omega
100.0,nan,5863,,,,0.0,0.001547098159790039,0.0,-0.0006142854690551758,-2.053380012512207e-05,0.02616039663553238,0.002562505649067782,0.0005780668268670681,nan,0.001286784764589373,0.0001638860994712578,3.788408577514985e-05,nan,nan,1.2289999723434448,,,,1.0,211,3,0,5887,0.0,2.6580810546875,0.010546240955591202,1.4324736595153809,0.17932681739330292,rel,40,0.0,0,1.978984619199764e-05,2.340908395126462e-05,nan,0.00026169998454861343,,RIDGE,nan,0.0,0.0,0,2.6249465942382812,6.144999980926514,omega
100.0,nan,5864,,,,0.0,0.0013577938079833984,0.0,-0.0037441253662109375,-0.00015075504779815674,0.015133248642086983,0.00391574122373043,0.0012654860279033085,nan,0.0027818021660081,0.0005562081918766173,9.955395339813179e-05,nan,nan,1.4046000242233276,,,,1.0,211,3,0,5888,0.0,2.583235502243042,0.010005407966673374,1.5692979097366333,0.20345538854599,rel,40,0.0,0,1.895685272756964e-05,2.3199718270916492e-05,nan,0.0001919225323945284,,RIDGE,nan,0.0,0.0,0,3.0,7.0229997634887695,omega
100.0,0.6504135714280123,5865,,,,-0.022714979946613312,-0.8764543533325195,0.005137912463396788,-0.052718907594680786,-0.00806870311498642,0.6424499154090881,0.9540063604165542,0.35054989325809516,0.8734030723571777,0.6349266546717768,0.369873046875,0.04345799851991345,85585.77332149397,0.2887788032737783,0.20000000298023224,,,,1.0,1001,19,0,5877,0.049756623804569244,7.0143537521362305,0.004191454965621233,0.5497725605964661,0.07745672762393951,rel,40,0.3982999920845032,1,0.01031388621777296,0.01031388621777296,0.009336503222584724,5.150238990783691,,RIDGE,-0.003206714716824498,0.3968999981880188,0.3968999981880188,1,0.4271678626537323,1.0,kfloor
100.0,-0.6363553254666088,5866,,,,0.007977284491062164,-0.948035717010498,0.007301243953406811,-0.09773141145706177,-0.0028270334005355835,1.8720506429672241,0.9028361244583388,0.2946330598538346,1.5064328908920288,0.5148443427538318,0.197607421875,0.02287650119297694,nan,0.30698044520897805,0.25,,,,1.0,1001,19,0,5878,0.010140616446733475,6.471168041229248,0.0058139534667134285,0.5666086077690125,0.0705646276473999,rel,40,0.4703199863433838,1,0.008806010708212852,0.008806010708212852,0.008466427214443684,2.8142600059509277,,RIDGE,0.00487214868718939,0.5170999765396118,0.4136799812316895,1,0.5339598655700684,1.25,kfloor
100.0,0.05892341187264613,5867,,,,-0.008247701451182365,-0.6969962120056152,-0.0018929154612123966,-0.0768396258354187,-0.003281526267528534,1.2053966522216797,0.49371670853504174,0.21147506037132946,1.0914530754089355,0.3480394706314278,0.15858968098958334,0.016906228068929247,11111.880540704276,0.2748423974599883,0.30000001192092896,,,,1.0,1001,19,0,1205,0.011627906933426857,5.825891494750977,0.009464575909078121,0.6085999608039856,0.07506657391786575,grid,40,0.4582666556040446,1,0.008425187319517136,0.008425187319517136,0.0067324512638151646,1.8698300123214722,,RIDGE,-0.025957675413651807,0.529699981212616,0.35313332080841064,1,0.640751838684082,1.5,kfloor
100.0,0.32918603911144917,5868,,,,0.0018929151119664311,-0.5827121734619141,0.006489994470030069,0.0047158002853393555,-0.006172545254230499,0.6760064363479614,0.5263787526464869,0.17977934549976318,0.8218212127685547,0.29634931098879774,0.15337262834821427,0.018703092409139952,50253.73255869848,0.24780533508871944,0.3499999940395355,,,,1.0,1001,19,0,1206,0.0,5.234286308288574,0.004191454965621233,0.5703954696655273,0.08607418090105057,grid,40,0.4298285756792341,1,0.006498994305729866,0.006498994305729866,0.006498994305729866,1.0596809387207031,,RIDGE,-0.005099851434880976,0.5460000038146973,0.312000002179827,1,0.7475438117980957,1.75,kfloor
100.0,-0.9795252539665374,5869,,,,-0.004191454674582928,-0.44902944564819336,-0.005273120477795601,-0.06859040260314941,0.002724006772041321,1.0796597003936768,0.4367495640237747,0.1620019782161081,0.997268557548523,0.26001823483137254,0.1861724853515625,0.017728056317409868,nan,0.18188031158410423,0.4000000059604645,,,,1.0,1001,19,0,1207,0.005002703983336687,4.695492744445801,0.01311519742012024,0.6635710000991821,0.09439331293106079,grid,40,0.3876500129699707,1,0.005138714332133532,0.005138714332133532,0.003726437920704484,0.6415042281150818,,RIDGE,0.023321268775246515,0.550599992275238,0.275299996137619,1,0.8543357253074646,2.0,kfloor
100.0,-0.14677333626269945,5870,,,,-0.004326662980020046,-0.42911267280578613,-0.008923741988837719,-0.09320014715194702,0.018151231110095978,0.41785112023353577,0.3487659807762482,0.15961784344128374,0.3716229200363159,0.23091618974131972,0.12143113878038195,0.0179068994353034,nan,0.09575571562589165,0.44999998807907104,,,,1.0,1001,19,0,1208,0.004326662980020046,4.379466533660889,0.01433207094669342,0.737609326839447,0.09434324502944946,grid,40,0.3394666777716743,1,0.0030112566892057657,0.0030112566892057657,0.0013603799743577838,0.29702141880989075,,RIDGE,0.06642666296525444,0.2703999876976013,0.12017777231004503,1,0.9611276984214783,2.25,kfloor
100.0,0.9753900177964966,5871,,,,-0.007842076942324638,-0.18335628509521484,-0.017982692923396826,-0.27639591693878174,-0.02543986588716507,0.021320248022675514,0.6258051454551369,0.2143378899418067,0.019962215796113014,0.4290093258806368,0.12132568359375,0.021162832901889146,nan,0.01904235252313283,0.5,,,,1.0,1001,19,0,1209,0.007842076942324638,3.9525585174560547,0.022579772397875786,0.9772447347640991,0.13179832696914673,grid,40,0.21496000289916992,1,0.0007549640140496194,0.0007549640140496194,0.00037281951517798007,0.060318607836961746,,RIDGE,0.06133213910189556,0.06689000129699707,0.02675600051879883,1,1.0679197311401367,2.5,kfloor
100.0,nan,5872,,,,0.0,-0.021155118942260742,-0.0005408329889178276,-0.06509649753570557,-0.002570897340774536,0.003774163080379367,0.06818046774921951,0.01795001250402166,nan,0.037265559925230694,0.02102293150233652,0.0024922985474082095,nan,nan,0.7023000121116638,,,,1.0,251,4,0,5884,0.0,3.2891318798065186,0.004867495968937874,0.951470136642456,0.12192137539386749,rel,40,0.0,0,1.9724144294741563e-05,1.9724144294741563e-05,nan,0.0007987628923729062,,RIDGE,nan,0.0,0.0,0,1.5,3.5114998817443848,kfloor
100.0,nan,5873,,,,0.0,0.03710436820983887,-0.0010816657450050116,-0.04144608974456787,0.001529589295387268,0.009701551869511604,0.07109210499700554,0.017299906821542636,nan,0.030867339600208505,0.021246546474810734,0.0019377039197028068,nan,nan,0.8779000043869019,,,,1.0,151,2,0,5885,0.0,2.9275665283203125,0.004326662980020046,1.0605117082595825,0.13998280465602875,rel,40,0.0,0,1.9833621990983374e-05,1.9833621990983374e-05,nan,0.0005140163702890277,,RIDGE,nan,0.0,0.0,0,1.8750534057617188,4.389500141143799,kfloor
100.0,nan,5874,,,,0.0,0.03468132019042969,-0.004597079707309604,-0.01506650447845459,0.003745347261428833,0.030902216210961342,0.05642832026191735,0.0155236651675056,nan,0.03115112489351726,0.014049383583295282,0.001217204610748615,nan,nan,1.0535000562667847,,,,1.0,121,1,0,1217,0.0,2.7627413272857666,0.005678745452314615,1.2396482229232788,0.1596650630235672,grid,40,0.0,0,1.9307890397612937e-05,3.242566162953153e-05,nan,0.0003474807890597731,,RIDGE,nan,0.0,0.0,0,2.2501068115234375,5.267499923706055,kfloor
100.0,nan,5875,,,,0.0,0.02799224853515625,-0.0002704160287976265,-0.014171838760375977,0.0020602792501449585,0.03769589960575104,0.04266874154046594,0.010133147454264437,nan,0.022566934032488047,0.007469233139538538,0.0006162240800646836,nan,nan,1.2289999723434448,,,,1.0,111,1,0,5887,0.0,2.6580810546875,0.010546240955591202,1.4324736595153809,0.17932681739330292,rel,40,0.0,0,1.9911914932890795e-05,2.7671296265907586e-05,nan,0.00026331422850489616,,RIDGE,nan,0.0,0.0,0,2.6249465942382812,6.144999980926514,kfloor
100.0,nan,5876,,,,0.0,0.01361393928527832,-0.0048674955032765865,-0.016025900840759277,0.0010068714618682861,0.05633651465177536,0.02014770727818608,0.005921864442753406,nan,0.012236753819079804,0.0050058737268895565,0.00044412257746386587,nan,nan,1.4046000242233276,,,,1.0,111,1,0,5888,0.0,2.583235502243042,0.010005407966673374,1.5692979097366333,0.20345538854599,rel,40,0.0,0,1.728995266603306e-05,2.5775212634471245e-05,nan,0.00017504653078503907,,RIDGE,nan,0.0,0.0,0,3.0,7.0229997634887695,kfloor
100.0,0.5591064491217709,5877,,,,,,,,,1.181504726409912,,,1.1495741605758667,,,,25651.390186754557,0.28365607309295543,0.20000000298023224,,,,1.0,1001,19,0,-1,,,,,,,40,,,0.010576531291007996,0.010576531291007996,0.00977613590657711,5.28139066696167,,RIDGE,-0.011047749085859699,0.3982999920845032,0.3982999920845032,1,0.4271678626537323,1.0,rel
100.0,-0.2597257719814832,5878,,,,,,,,,2.1152260303497314,,,1.7155853509902954,,,,63763.22738846932,0.362733122400072,0.25,,,,1.0,1001,19,0,-1,,,,,,,40,,,0.009940116666257381,0.009940116666257381,0.009940116666257381,3.1767022609710693,,RIDGE,-0.004296153241937752,0.5878999829292297,0.4703199863433838,1,0.5339598655700684,1.25,rel
100.0,-0.1651298450756874,5879,,,,0.0,0.0,0.0,0.0,0.0,1.3600691556930542,0.0,0.0,1.5652433633804321,0.0,0.0,0.0,267132.3335150813,0.3684152333090531,0.30000001192092896,,,,1.0,1001,19,0,1205,0.011627906933426857,5.825891494750977,0.009464575909078121,0.6085999608039856,0.07506657391786575,grid,40,0.4582666556040446,1,0.011060698889195919,0.011060698889195919,0.010302183218300343,2.454737663269043,,RIDGE,-0.001030601154674015,0.6873999834060669,0.4582666556040446,1,0.640751838684082,1.5,rel
100.0,0.8348910784601624,5880,,,,0.0,0.0,0.0,0.0,0.0,0.36963462829589844,0.0,0.0,0.4521039128303528,0.0,0.0,0.0,69067.62702130184,0.3192694417475705,0.3499999940395355,,,,1.0,1001,19,0,1206,0.0,5.234286308288574,0.004191454965621233,0.5703954696655273,0.08607418090105057,grid,40,0.4298285756792341,1,0.009776114486157894,0.009776114486157894,0.009776114486157894,1.5940253734588623,,RIDGE,-0.003950741074301824,0.7522000074386597,0.4298285756792341,1,0.7475438117980957,1.75,rel
100.0,0.45712243396426855,5881,,,,0.0,0.0,0.0,0.0,0.0,0.8389616012573242,0.0,0.0,0.891493558883667,0.0,0.0,0.0,nan,0.29765937820103744,0.4000000059604645,,,,1.0,1001,19,0,1207,0.005002703983336687,4.695492744445801,0.01311519742012024,0.6635710000991821,0.09439331293106079,grid,40,0.3876500129699707,1,0.009179176762700081,0.009179176762700081,0.008548361249268055,1.1459054946899414,,RIDGE,0.0029799461364747658,0.7753000259399414,0.3876500129699707,1,0.8543357253074646,2.0,rel
100.0,-0.47066260216703487,5882,,,,0.0,0.0,0.0,0.0,0.0,1.155532956123352,0.0,0.0,1.2557451725006104,0.0,0.0,0.0,31163.665843837283,0.26054565018812864,0.44999998807907104,,,,1.0,1001,19,0,1208,0.004326662980020046,4.379466533660889,0.01433207094669342,0.737609326839447,0.09434324502944946,grid,40,0.3394666777716743,1,0.007434696424752474,0.007434696424752474,0.007126550655812025,0.7333363890647888,,RIDGE,-0.00852124040777019,0.7638000249862671,0.3394666777716743,1,0.9611276984214783,2.25,rel
100.0,0.8994328086686175,5883,,,,0.0,0.0,0.0,0.0,0.0,0.25107860565185547,0.0,0.0,0.20846399664878845,0.0,0.0,0.0,nan,0.1385167728939138,0.5,,,,1.0,1001,19,0,1209,0.007842076942324638,3.9525585174560547,0.022579772397875786,0.9772447347640991,0.13179832696914673,grid,40,0.21496000289916992,1,0.006808827165514231,0.006808827165514231,0.005974709056317806,0.5439980626106262,,RIDGE,0.008026040684093237,0.5374000072479248,0.21496000289916992,1,1.0679197311401367,2.5,rel
100.0,-0.28060560401563317,5884,,,,,,,,,0.0019070431590080261,,,0.0039198012091219425,,,,655.5374442163832,0.0009394663342100741,0.7023000121116638,,,,1.0,871,16,0,-1,,,,,,,40,,,9.675750334281474e-06,1.0321108675270807e-05,1.0321108675270807e-05,0.0003918360162060708,,RIDGE,-0.14698659806024456,0.0,0.0,0,1.5,3.5114998817443848,rel
100.0,nan,5885,,,,,,,,,0.006696577183902264,,,nan,,,,nan,nan,0.8779000043869019,,,,1.0,241,3,0,-1,,,,,,,40,,,1.4191199625201989e-05,2.2026028091204353e-05,nan,0.0003677850472740829,,RIDGE,nan,0.0,0.0,0,1.8750534057617188,4.389500141143799,rel
100.0,nan,5886,,,,0.0,-0.0022878646850585938,0.0005408325232565403,0.004601597785949707,0.00035649538040161133,0.04699518904089928,0.004450419753352784,0.001997765523435798,nan,0.0029666649185705303,0.000926969638485462,6.691502011782753e-05,nan,nan,1.0535000562667847,141,0.0,0,1.0,141,1,0,1217,0.0,2.7627413272857666,0.005678745452314615,1.2396482229232788,0.1596650630235672,grid,40,0.0,0,1.961945599759929e-05,4.429389809956774e-05,nan,0.0003530879912432283,,RIDGE,nan,0.0,0.0,0,2.2501068115234375,5.267499923706055,rel
100.0,nan,5887,,,,,,,,,0.04742873087525368,,,nan,,,,nan,nan,1.2289999723434448,,,,1.0,111,1,0,-1,,,,,,,40,,,2.622649844852276e-05,3.499923332128674e-05,nan,0.000346817949321121,,RIDGE,nan,0.0,0.0,0,2.6249465942382812,6.144999980926514,rel
100.0,nan,5888,,,,,,,,,0.06261008232831955,,,nan,,,,nan,nan,1.4046000242233276,,,,1.0,101,1,0,-1,,,,,,,40,,,3.0100267395027913e-05,3.0100267395027913e-05,nan,0.0003047404170501977,,RIDGE,nan,0.0,0.0,0,3.0,7.0229997634887695,rel
100.0,0.23488454325226707,5889,,,,0.0,0.0,0.0,0.0,0.0,2.3537323474884033,0.0,0.0,2.4784746170043945,0.0,0.0,0.0,40365.83221238691,0.5193830559879294,0.10000000149011612,,,,1.0,1001,19,0,1200,0.04637641832232475,9.319997787475586,0.0027041644789278507,0.5025118589401245,0.08432350307703018,grid,40,0.7057999968528748,1,0.008687096647918224,0.008687096647918224,0.0077690607868134975,17.351606369018555,,RIDGE,-0.006701018593527929,0.3528999984264374,0.7057999968528748,1,0.21358393132686615,0.5,calm
100.0,-0.44309444392085523,5890,,,,0.0025689564645290375,0.05300283432006836,0.00040562450885772705,0.007022291421890259,0.0006156265735626221,2.2222511768341064,0.2801174862684389,0.061005625179245286,2.221067190170288,0.11629616170642765,0.2598063151041667,0.01428277797262282,574261.6893115592,0.44180706403821896,0.15000000596046448,,,,1.0,1001,19,0,1202,0.033802054822444916,7.726339817047119,0.00662520295009017,0.4950684607028961,0.07294788956642151,grid,40,0.5809333324432373,1,0.009405755437910557,0.009405755437910557,0.009102137759327888,8.34980297088623,,RIDGE,-0.00046616901050907186,0.4239000082015991,0.5652000109354655,1,0.320375919342041,0.75,calm
100.0,0.5591064491217709,5891,,,,0.0,0.0,0.0,0.0,0.0,1.181504726409912,0.0,0.0,1.1495741605758667,0.0,0.0,0.0,25651.390186754557,0.28365607309295543,0.20000000298023224,,,,1.0,1001,19,0,5877,0.049756623804569244,7.0143537521362305,0.004191454965621233,0.5497725605964661,0.07745672762393951,rel,40,0.3982999920845032,1,0.010576531291007996,0.010576531291007996,0.00977613590657711,5.28139066696167,,RIDGE,-0.011047749085859699,0.3982999920845032,0.3982999920845032,1,0.4271678626537323,1.0,calm
100.0,0.4853040407115269,5892,,,,-0.08044888824224472,-2.1168651580810547,0.07138994021806866,-0.1063709706068039,-0.021030720323324203,1.1774450540542603,1.846274538185213,0.6974713547899011,1.0342234373092651,1.1298026581525638,0.27007293701171875,0.03662820309481149,nan,0.32870672637349163,0.20000000298023224,,,,3.0,1001,19,0,5916,0.09315846115350723,7.9344868659973145,0.0017577068647369742,0.2691202759742737,0.05591600015759468,rel,41,0.3849000036716461,1,0.007046073209494352,0.007046073209494352,0.006237332243472338,3.51845645904541,,RIDGE,0.00984200130809445,0.4226999878883362,0.4226999878883362,1,0.4271678626537323,1.0,omega
100.0,0.5788153962851568,5893,,,,-0.07071390002965927,-1.6966872215270996,0.004597079736413434,-0.09180441498756409,-0.015140298753976822,0.20992593467235565,2.189436311444559,0.5500452919049822,0.5224811434745789,1.0270305286534824,0.2189849853515625,0.025109402097967137,nan,0.27059367041959026,0.25,,,,3.0,1001,19,0,5917,0.07071390002965927,6.964486122131348,0.00013520821812562644,0.32127776741981506,0.05494680628180504,rel,41,0.5511199951171875,1,0.007147619966417551,0.007147619966417551,0.0034667528234422207,2.2842650413513184,,RIDGE,0.04930744171142582,0.47510001063346863,0.3800800085067749,1,0.5339598655700684,1.25,omega
100.0,-0.37278226225340383,5894,,,,-0.017306651920080185,-0.7782363891601562,0.004597079358063638,-0.05303466320037842,-0.009073961526155472,1.1534295082092285,1.2109048724478917,0.3656692153333612,1.0159823894500732,0.740347328839244,0.13590494791666666,0.01643848158076623,nan,0.23287659735722963,0.30000001192092896,,,,3.0,1001,19,0,1235,0.017306651920080185,5.8032684326171875,0.0018929151119664311,0.3844347894191742,0.061429399996995926,grid,41,0.4843999942143758,1,0.005932241212576628,0.005932241212576628,0.0018548164516687393,1.3165620565414429,,RIDGE,0.1043486118316652,0.4478999972343445,0.2985999981562297,1,0.640751838684082,1.5,omega
100.0,0.04089878879471042,5895,,,,-0.013926446437835693,-0.28207921981811523,-0.013250405434519053,0.054510653018951416,0.0034818127751350403,0.4154760539531708,0.8408776117509831,0.2907524616817626,0.24553190171718597,0.5665308708526466,0.10867745535714286,0.021328251130483457,nan,0.08302398258907853,0.3499999940395355,,,,3.0,1001,19,0,1236,0.013926446437835693,4.999418258666992,0.019199566915631294,0.37747523188591003,0.06686484813690186,grid,41,0.47605715479169575,1,0.0031012985855340958,0.0031012985855340958,0.0007323363097384572,0.5056762099266052,,RIDGE,0.12728297493674562,0.20630000531673431,0.11788571732384819,1,0.7475438117980957,1.75,omega
100.0,0.9227279237160877,5896,,,,0.0,-0.1731719970703125,-0.012303948402404785,0.09666413068771362,0.012136541306972504,0.027564525604248047,0.6272599844869592,0.21558848774125888,0.023242950439453125,0.4059773008999973,0.0933837890625,0.014130383399514135,nan,0.01752356731312884,0.4000000059604645,,,,3.0,1001,19,0,1237,0.0,4.530196189880371,0.014737696386873722,0.3685777187347412,0.06730836629867554,grid,41,0.43869999051094055,1,0.0005247872322797775,0.0005247872322797775,0.00030034210067242384,0.06551312655210495,,RIDGE,0.04881325635043078,0.05152000114321709,0.025760000571608543,1,0.8543357253074646,2.0,omega
100.0,0.7949227130849109,5897,,,,0.0,-0.2142481803894043,-0.0037858302239328623,0.04836833477020264,0.0036929473280906677,0.006652323994785547,0.4551563033077531,0.1597551988519125,0.014346948824822903,0.30327290760855113,0.055121527777777776,0.009869657688348327,3780.781994778488,0.005603299557123704,0.44999998807907104,,,,3.0,1001,19,1,1238,0.0,4.244235515594482,0.004867495968937874,0.41550910472869873,0.08162299543619156,grid,41,0.3815111054314507,1,0.00010103605745825917,0.00010103605745825917,0.00010103605745825917,0.009965897537767887,,RIDGE,-0.025305808674205257,0.016370000317692757,0.007275555696752336,1,0.9611276984214783,2.25,omega
100.0,0.20963153117773417,5898,,,,-0.07504056394100189,-0.10931158065795898,-0.04150892258621752,-0.17249524593353271,-0.012630768120288849,0.0030863762367516756,0.7117188571967537,0.22339252862823006,0.006599617190659046,0.41934532061735,0.07060546875,0.017858612888758087,1058.033886070727,0.0023108165873165073,0.5,,,,3.0,1001,19,1,1239,0.07504056394100189,3.8717517852783203,0.042590588331222534,0.6610918641090393,0.10141485184431076,grid,41,0.24895999431610108,1,2.2589149011764675e-05,2.2589149011764675e-05,2.2589149011764675e-05,0.0018047826597467065,,RIDGE,-0.09269920695911728,0.007880999706685543,0.0031523998826742173,1,1.0679197311401367,2.5,omega
100.0,nan,5899,,,,0.0,0.0,0.0,-0.00026601552963256836,-7.51689076423645e-05,0.004866278730332851,0.0028022812606349513,0.0010510334552605556,nan,0.0022254437521821895,0.00027810409593830867,6.060794483068282e-05,nan,nan,0.7023000121116638,,,,3.0,361,6,0,5923,0.0,3.091421365737915,0.0,0.5633812546730042,0.10416939109563828,rel,41,0.0024411221322891484,1,1.8688086129259318e-05,2.0212140952935442e-05,nan,0.0007568059372715652,,RIDGE,nan,0.0,0.0,0,1.5,3.5114998817443848,omega
100.0,nan,5900,,,,0.0,0.014379739761352539,0.0,0.010042548179626465,0.001167483627796173,0.011459517292678356,0.01613286124393414,0.00515734473844666,nan,0.0116102585640076,0.0023360077275969915,0.00017718908006403872,nan,nan,0.8779000043869019,,,,3.0,281,4,0,5924,0.0,2.7629997730255127,0.0,0.7087822556495667,0.11768060177564621,rel,41,0.0,0,1.8804072169587016e-05,2.4528559151804075e-05,nan,0.00048733415314927697,,RIDGE,nan,0.0,0.0,0,1.8750534057617188,4.389500141143799,omega
100.0,nan,5901,,,,0.0,0.009210824966430664,0.0,0.006474554538726807,0.0013610124588012695,0.02233082614839077,0.011125180503949766,0.005210492383955364,nan,0.008158945639073024,0.0022247271323651086,0.0001577708972907612,nan,nan,1.0535000562667847,,,,3.0,241,3,0,1247,0.0,2.670693874359131,0.0,0.8011462688446045,0.14108261466026306,grid,41,0.0,0,1.8480186554370448e-05,3.007517079822719e-05,nan,0.0003325847501400858,,RIDGE,nan,0.0,0.0,0,2.2501068115234375,5.267499923706055,omega
100.0,nan,5902,,,,0.0,0.0011305809020996094,-0.0006760410033166409,-0.0013041496276855469,7.012486457824707e-05,0.02677822858095169,0.002573569529178746,0.0005921617186063177,nan,0.0012773828630971004,0.0003178397080654697,4.591084957846388e-05,nan,nan,1.2289999723434448,,,,3.0,231,3,0,5926,0.0,2.629479169845581,0.0033802054822444916,0.9953612089157104,0.16450312733650208,rel,41,0.0,0,1.68776314239949e-05,2.801251866912935e-05,nan,0.0002231889811810106,,RIDGE,nan,0.0,0.0,0,2.6249465942382812,6.144999980926514,omega
100.0,nan,5903,,,,0.0,0.0019736289978027344,0.0,-0.007718086242675781,-1.792609691619873e-05,0.016705799847841263,0.007122940308927738,0.002327031463285533,nan,0.004876858058714121,0.0012514684317223891,0.00019879513739283982,nan,nan,1.4046000242233276,,,,3.0,221,3,0,5927,0.0,2.5624752044677734,0.0054083289578557014,1.188130259513855,0.19112639129161835,rel,41,0.0,0,1.8642722352524288e-05,2.692724774533417e-05,nan,0.00018874222587328404,,RIDGE,nan,0.0,0.0,0,3.0,7.0229997634887695,omega
100.0,0.47971512634137625,5904,,,,-0.012709572911262512,-1.5517873764038086,0.0006760411197319627,-0.06948377192020416,-0.012233927845954895,1.2556722164154053,1.6426482548214045,0.5799418483730431,1.0836377143859863,1.0830216815359708,0.2694377899169922,0.036903243650933615,nan,0.2827339851863223,0.20000000298023224,,,,3.0,1001,19,0,5916,0.09315846115350723,7.9344868659973145,0.0017577068647369742,0.2691202759742737,0.05591600015759468,rel,41,0.3849000036716461,1,0.010535224340856075,0.010535224340856075,0.009846502915024757,5.2607645988464355,,RIDGE,0.001777449521151622,0.3725999891757965,0.3725999891757965,1,0.4271678626537323,1.0,kfloor
100.0,-0.387154806907023,5905,,,,-0.01311519742012024,-1.4317045211791992,0.003921038267435506,-0.07506643235683441,-0.021322403103113174,1.9460875988006592,1.1570146043032141,0.41769480466317843,1.8869764804840088,0.6047046307191128,0.19412841796875,0.016322219320217813,33589.38598842216,0.33048309368018813,0.25,,,,3.0,1001,19,0,5917,0.07071390002965927,6.964486122131348,0.00013520821812562644,0.32127776741981506,0.05494680628180504,rel,41,0.5511199951171875,1,0.009530260227620602,0.009530260227620602,0.0070902882143855095,3.0457189083099365,,RIDGE,-0.008217880942604618,0.6015999913215637,0.481279993057251,1,0.5339598655700684,1.25,kfloor
100.0,-0.03316041136066879,5906,,,,-0.0018929149955511093,-0.9660711288452148,0.029475392657332122,-0.11362206935882568,-0.020419664680957794,1.1301305294036865,0.8116331937965029,0.28861815550986164,1.1301305294036865,0.45462096991647916,0.14882405598958334,0.013897762693799207,12672.93103384637,0.30367316650849124,0.30000001192092896,,,,3.0,1001,19,0,1235,0.017306651920080185,5.8032684326171875,0.0018929151119664311,0.3844347894191742,0.061429399996995926,grid,41,0.4843999942143758,1,0.008499166928231716,0.008499166928231716,0.0074005937203764915,1.8862483501434326,,RIDGE,-0.022518522089177782,0.5893999934196472,0.39293332894643146,1,0.640751838684082,1.5,kfloor
100.0,0.34103644097460767,5907,,,,-0.013926446437835693,-0.7018566131591797,-0.018388317606877536,-0.05411764979362488,-0.01745961233973503,0.17510700225830078,0.7321787212704602,0.27487854847205334,0.7275213003158569,0.5363428696906343,0.1123046875,0.01902997315063512,16010.098372816046,0.2276083222780653,0.3499999940395355,,,,3.0,1001,19,0,1236,0.013926446437835693,4.999418258666992,0.019199566915631294,0.37747523188591003,0.06686484813690186,grid,41,0.47605715479169575,1,0.006714377086609602,0.006714377086609602,0.0060319253243505955,1.0947997570037842,,RIDGE,-0.016829629377885187,0.5116999745368958,0.29239998544965473,1,0.7475438117980957,1.75,kfloor
100.0,-0.9610918282214774,5908,,,,0.0,-0.4940657615661621,-0.012844781274907291,-0.008187055587768555,-0.011173762381076813,1.0147309303283691,0.4265186647327361,0.1764069726858447,0.9925697445869446,0.3188113545938,0.08929443359375,0.008936665444486267,nan,0.20518044333816943,0.4000000059604645,,,,3.0,1001,19,0,1237,0.0,4.530196189880371,0.014737696386873722,0.3685777187347412,0.06730836629867554,grid,41,0.43869999051094055,1,0.005523859988898039,0.005523859988898039,0.004606467206031084,0.6895848512649536,,RIDGE,0.012825285304676488,0.6055999994277954,0.3027999997138977,1,0.8543357253074646,2.0,kfloor
100.0,-0.14574417754727417,5909,,,,0.0,-0.4576539993286133,-0.004326663096435368,9.351968765258789e-05,-0.017844676971435547,0.5040301084518433,0.3934586290317862,0.17207222376679965,0.5014811754226685,0.30654963230446447,0.1037326388888889,0.006660155146520704,nan,0.1262166551552167,0.44999998807907104,,,,3.0,1001,19,0,1238,0.0,4.244235515594482,0.004867495968937874,0.41550910472869873,0.08162299543619156,grid,41,0.3815111054314507,1,0.0036453858483582735,0.0036453858483582735,0.001994948135688901,0.35957005620002747,,RIDGE,0.04827329028736473,0.35830000042915344,0.1592444446351793,1,0.9611276984214783,2.25,kfloor
100.0,0.9614265513089171,5910,,,,-0.07504056394100189,-0.2308650016784668,-0.041779339022468776,-0.20894601941108704,-0.02911115437746048,0.05094442516565323,0.6488820953245763,0.24466908206444443,0.037926577031612396,0.4941058844013093,0.169873046875,0.021225488737120764,nan,0.03694186346340939,0.5,,,,3.0,1001,19,0,1239,0.07504056394100189,3.8717517852783203,0.042590588331222534,0.6610918641090393,0.10141485184431076,grid,41,0.24895999431610108,1,0.0013962675584480166,0.0013962675584480166,0.0006186728714965284,0.11155619472265244,,RIDGE,0.0706771243702283,0.13339999318122864,0.05335999727249145,1,1.0679197311401367,2.5,kfloor
100.0,nan,5911,,,,0.0,0.039127349853515625,0.0,0.07794058322906494,-0.0028277263045310974,0.004968666471540928,0.15855107014760522,0.04582962712992673,nan,0.08982998777339431,0.0456785977578672,0.0035850580613490625,nan,nan,0.7023000121116638,,,,3.0,301,5,0,5923,0.0,3.091421365737915,0.0,0.5633812546730042,0.10416939109563828,rel,41,0.0024411221322891484,1,1.997649269469548e-05,1.997649269469548e-05,nan,0.00080898217856884,,RIDGE,nan,0.0,0.0,0,1.5,3.5114998817443848,kfloor
100.0,nan,5912,,,,0.0,0.07765436172485352,0.0,0.07231533527374268,0.004009895026683807,0.009652027860283852,0.09744928084829575,0.03321033537820014,nan,0.05276972609528373,0.016463292556397845,0.0018074781488435167,nan,nan,0.8779000043869019,,,,3.0,181,2,0,5924,0.0,2.7629997730255127,0.0,0.7087822556495667,0.11768060177564621,rel,41,0.0,0,1.8104135961038992e-05,2.7961696105194278e-05,nan,0.00046919434680603445,,RIDGE,nan,0.0,0.0,0,1.8750534057617188,4.389500141143799,kfloor
100.0,nan,5913,,,,0.0,0.05946946144104004,0.0,0.06601923704147339,0.00535331666469574,0.03631331026554108,0.07230366522624432,0.02332976243927476,nan,0.04431593560005197,0.012606787083402283,0.0009208084621821291,nan,nan,1.0535000562667847,,,,3.0,141,1,0,1247,0.0,2.670693874359131,0.0,0.8011462688446045,0.14108261466026306,grid,41,0.0,0,1.644341136852745e-05,4.1236442484660074e-05,nan,0.0002959292323794216,,RIDGE,nan,0.0,0.0,0,2.2501068115234375,5.267499923706055,kfloor
100.0,nan,5914,,,,0.0,0.02832770347595215,-0.0033802054822444916,-0.01542210578918457,0.002565905451774597,0.04275044798851013,0.042760959395444914,0.010752602294100792,nan,0.023520138396844758,0.007230853358489436,0.00047424055075818706,nan,nan,1.2289999723434448,,,,3.0,121,1,0,5926,0.0,2.629479169845581,0.0033802054822444916,0.9953612089157104,0.16450312733650208,rel,41,0.0,0,1.8051438019028865e-05,3.341143747093156e-05,nan,0.00023871136363595724,,RIDGE,nan,0.0,0.0,0,2.6249465942382812,6.144999980926514,kfloor
100.0,nan,5915,,,,0.0,0.01429605484008789,-0.0008112494833767414,-0.021769404411315918,0.0014985352754592896,0.054779648780822754,0.028852064374308168,0.007299754774483412,nan,0.014247047234610937,0.005631607942750751,0.0004932110835968161,nan,nan,1.4046000242233276,,,,3.0,121,1,0,5927,0.0,2.5624752044677734,0.0054083289578557014,1.188130259513855,0.19112639129161835,rel,41,0.0,0,1.4691237993247341e-05,3.0089224310358986e-05,nan,0.00014873668260406703,,RIDGE,nan,0.0,0.0,0,3.0,7.0229997634887695,kfloor
100.0,0.4481616109189517,5916,,,,,,,,,1.3169893026351929,,,1.190538763999939,,,,291034.45308002096,0.2552661058674052,0.20000000298023224,,,,3.0,1001,19,0,-1,,,,,,,41,,,0.012119393795728683,0.012119393795728683,0.011070548556745052,6.051819324493408,,RIDGE,-0.0009593551809137551,0.3849000036716461,0.3849000036716461,1,0.4271678626537323,1.0,rel
100.0,-0.3592105493609041,5917,,,,,,,,,1.3913357257843018,,,1.7372863292694092,,,,1072353.046715858,0.392983773449755,0.25,,,,3.0,1001,19,0,-1,,,,,,,41,,,0.011818548664450645,0.011818548664450645,0.011023418046534061,3.7770190238952637,,RIDGE,-0.00025869499553325773,0.6888999938964844,0.5511199951171875,1,0.5339598655700684,1.25,rel
100.0,-0.35243149395796564,5918,,,,0.0,0.0,0.0,0.0,0.0,1.8364063501358032,0.0,0.0,1.5725663900375366,0.0,0.0,0.0,nan,0.36249607363539366,0.30000001192092896,,,,3.0,1001,19,0,1235,0.017306651920080185,5.8032684326171875,0.0018929151119664311,0.3844347894191742,0.061429399996995926,grid,41,0.4843999942143758,1,0.011680623516440392,0.011680623516440392,0.010686112567782402,2.5923197269439697,,RIDGE,0.007094025611877534,0.7265999913215637,0.4843999942143758,1,0.640751838684082,1.5,rel
100.0,0.8692267945683092,5919,,,,0.0,0.0,0.0,0.0,0.0,0.43444904685020447,0.0,0.0,0.4142143428325653,0.0,0.0,0.0,790440.9108917167,0.3308307954244381,0.3499999940395355,,,,3.0,1001,19,0,1236,0.013926446437835693,4.999418258666992,0.019199566915631294,0.37747523188591003,0.06686484813690186,grid,41,0.47605715479169575,1,0.010774219408631325,0.010774219408631325,0.010733113624155521,1.7567694187164307,,RIDGE,-0.00034598653966729886,0.8331000208854675,0.47605715479169575,1,0.7475438117980957,1.75,rel
100.0,0.46483516303940353,5920,,,,0.0,0.0,0.0,0.0,0.0,0.9923034906387329,0.0,0.0,0.9947457313537598,0.0,0.0,0.0,nan,0.33565311303948664,0.4000000059604645,,,,3.0,1001,19,0,1237,0.0,4.530196189880371,0.014737696386873722,0.3685777187347412,0.06730836629867554,grid,41,0.43869999051094055,1,0.010158405639231205,0.010158405639231205,0.009233544580638409,1.268149971961975,,RIDGE,0.006207496469671239,0.8773999810218811,0.43869999051094055,1,0.8543357253074646,2.0,rel
100.0,-0.6125374692428223,5921,,,,0.0,0.0,0.0,0.0,0.0,1.784726858139038,0.0,0.0,1.4462956190109253,0.0,0.0,0.0,78882.4664434004,0.2893853389741258,0.44999998807907104,,,,3.0,1001,19,0,1238,0.0,4.244235515594482,0.004867495968937874,0.41550910472869873,0.08162299543619156,grid,41,0.3815111054314507,1,0.007867390289902687,0.007867390289902687,0.007867390289902687,0.7760160565376282,,RIDGE,-0.0033317305824972733,0.8583999872207642,0.3815111054314507,1,0.9611276984214783,2.25,rel
100.0,0.6234257566466292,5922,,,,0.0,0.0,0.0,0.0,0.0,0.8361769914627075,0.0,0.0,0.374546617269516,0.0,0.0,0.0,117264.44111449551,0.17442718342826313,0.5,,,,3.0,1001,19,0,1239,0.07504056394100189,3.8717517852783203,0.042590588331222534,0.6610918641090393,0.10141485184431076,grid,41,0.24895999431610108,1,0.006913620512932539,0.006913620512932539,0.006913620512932539,0.5523706674575806,,RIDGE,-0.0021835543892598777,0.6223999857902527,0.24895999431610108,1,1.0679197311401367,2.5,rel
100.0,-0.37619310268410316,5923,,,,,,,,,0.004489181097596884,,,0.008206379599869251,,,,1004.3746760265724,0.0018515344517274384,0.7023000121116638,,,,3.0,1001,19,1,-1,,,,,,,41,,,2.015843529079575e-05,2.015843529079575e-05,2.015843529079575e-05,0.0008163502789102495,,RIDGE,-0.10154204802079606,0.008572000078856945,0.0024411221322891484,1,1.5,3.5114998817443848,rel
100.0,nan,5924,,,,,,,,,0.006748177111148834,,,nan,,,,nan,nan,0.8779000043869019,,,,3.0,291,4,0,-1,,,,,,,41,,,1.527647145849187e-05,2.1736883354606107e-05,nan,0.0003959113673772663,,RIDGE,nan,0.0,0.0,0,1.8750534057617188,4.389500141143799,rel
100.0,nan,5925,,,,0.0,-0.0007350444793701172,0.0,0.0010352730751037598,0.0007346570491790771,0.020550662651658058,0.007421641121284808,0.0024353933435499815,nan,0.0051943395263651625,0.0019466362408194701,0.00014471723842308508,nan,nan,1.0535000562667847,171,0.0,0,3.0,161,2,0,1247,0.0,2.670693874359131,0.0,0.8011462688446045,0.14108261466026306,grid,41,0.0,0,1.9992879970232025e-05,2.348789530515205e-05,nan,0.00035980844404548407,,RIDGE,nan,0.0,0.0,0,2.2501068115234375,5.267499923706055,rel
100.0,nan,5926,,,,,,,,,0.05482152849435806,,,nan,,,,nan,nan,1.2289999723434448,,,,3.0,121,1,0,-1,,,,,,,41,,,2.454244895488955e-05,4.213114516460337e-05,nan,0.0003245481930207461,,RIDGE,nan,0.0,0.0,0,2.6249465942382812,6.144999980926514,rel
100.0,nan,5927,,,,,,,,,0.06067299842834473,,,nan,,,,nan,nan,1.4046000242233276,,,,3.0,101,1,0,-1,,,,,,,41,,,3.5316239518579096e-05,3.5316239518579096e-05,nan,0.00035754783311858773,,RIDGE,nan,0.0,0.0,0,3.0,7.0229997634887695,rel
100.0,0.4162069809819957,5928,,,,0.0,0.0,0.0,0.0,0.0,2.2999391555786133,0.0,0.0,1.865229606628418,0.0,0.0,0.0,nan,0.5097496936676778,0.10000000149011612,,,,3.0,1001,19,0,1230,0.17347215116024017,9.621492385864258,0.002568956231698394,0.14194700121879578,0.032883770763874054,grid,41,0.6657999753952026,1,0.009738879278302193,0.009738879278302193,0.00911660399287939,19.452438354492188,,RIDGE,0.005986326391046808,0.3328999876976013,0.6657999753952026,1,0.21358393132686615,0.5,calm
100.0,-0.3273533456940091,5929,,,,0.00040562450885772705,-0.11253833770751953,0.0009464576141908765,0.00263175368309021,-0.00045593827962875366,2.0665693283081055,0.3692659034274381,0.0943337007225457,2.5674426555633545,0.17268320278877916,0.042683919270833336,0.007991976172339063,1394040.7546874837,0.506081292855559,0.15000000596046448,,,,3.0,1001,19,0,1232,0.11979448050260544,8.727714538574219,0.0016224986175075173,0.19073747098445892,0.03368806466460228,grid,41,0.6489333311716715,1,0.011379163712263107,0.011379163712263107,0.009753546677529812,10.101662635803223,,RIDGE,-0.0001977747136896445,0.49720001220703125,0.662933349609375,1,0.320375919342041,0.75,calm
100.0,0.4481616109189517,5930,,,,0.0,0.0,0.0,0.0,0.0,1.3169893026351929,0.0,0.0,1.190538763999939,0.0,0.0,0.0,291034.45308002096,0.2552661058674052,0.20000000298023224,,,,3.0,1001,19,0,5916,0.09315846115350723,7.9344868659973145,0.0017577068647369742,0.2691202759742737,0.05591600015759468,rel,41,0.3849000036716461,1,0.012119393795728683,0.012119393795728683,0.011070548556745052,6.051819324493408,,RIDGE,-0.0009593551809137551,0.3849000036716461,0.3849000036716461,1,0.4271678626537323,1.0,calm
250.0,0.5116904399866712,5931,,,,-0.004732288420200348,0.01815652847290039,-0.0002704164944589138,0.009705007076263428,0.003632098436355591,2.1993699073791504,0.9108748075789438,0.0874915627550911,2.1993699073791504,0.272431621546727,0.40283203125,0.028772467734234728,nan,0.2844084293293529,0.20000000298023224,,,,0.3,1001,19,0,5955,0.02122769132256508,7.829463481903076,0.0018929151119664311,0.8454368114471436,0.13506050407886505,rel,42,0.5871999859809875,1,0.00012762362894136459,0.00012762362894136459,9.4113071099855e-05,0.06372886151075363,,RIDGE,0.02022702043706748,0.5203999876976013,0.5203999876976013,1,0.4271678626537323,1.0,omega
250.0,0.4399417495501234,5932,,,,0.0,-0.018259048461914062,0.0,-0.001414179801940918,0.0028531700372695923,1.2585070133209229,0.7736541136457785,0.04879240822593226,1.6488256454467773,0.15081568507575122,0.33740234375,0.017109096591829805,5460.899157895832,0.1460898676698183,0.25,,,,0.3,1001,19,0,5956,0.0,7.14415168762207,0.0,0.909810483455658,0.15612652897834778,rel,42,0.33064000606536864,1,8.57321938383393e-05,8.57321938383393e-05,6.76028139423579e-05,0.02739863656461239,,RIDGE,-0.014173282276500236,0.3001999855041504,0.2401599884033203,1,0.5339598655700684,1.25,omega
250.0,0.8307779508901953,5933,,,,0.0,-0.010973930358886719,0.0,0.00015151500701904297,0.004149779677391052,0.8235849738121033,0.4331463021964545,0.02663096626009358,0.6530957818031311,0.08503185250413359,0.22430419921875,0.007503307046214589,nan,0.11858829249950083,0.30000001192092896,,,,0.3,1001,19,0,1265,0.0,6.713737964630127,0.0,0.9861288070678711,0.15404154360294342,grid,42,0.23940000931421915,1,5.441631583380513e-05,5.441631583380513e-05,4.0259314118884504e-05,0.012076795101165771,,RIDGE,0.0115571715615014,0.27869999408721924,0.18579999605814615,1,0.640751838684082,1.5,omega
250.0,0.934486342743584,5934,,,,0.0,-0.029047489166259766,0.0,0.0002884864807128906,0.0062149763107299805,0.5673496723175049,0.7375984688268548,0.03073782445768435,0.4385835528373718,0.07306999971256156,0.36767578125,0.011286158300317402,nan,0.07026648486173909,0.3499999940395355,,,,0.3,1001,19,0,1266,0.0,6.439971446990967,0.0,1.0608290433883667,0.1538488268852234,grid,42,0.08999999931880406,1,5.169784708414227e-05,5.169784708414227e-05,2.8848024157923646e-05,0.008429491892457008,,RIDGE,0.049675395271995,0.1265999972820282,0.0723428555897304,1,0.7475438117980957,1.75,omega
250.0,nan,5935,,,,0.0,-0.012962818145751953,0.0,-0.001200556755065918,-0.00029531121253967285,0.24849948287010193,0.08326483931611897,0.005203914872556126,nan,0.009898549462613412,0.046875,0.0007597058447326693,nan,nan,0.4000000059604645,,,,0.3,351,6,0,1267,0.0,6.142438888549805,0.0,1.1329131126403809,0.15502434968948364,grid,42,0.0,0,1.931210317707155e-05,1.931210317707155e-05,nan,0.0024108747020363808,,RIDGE,nan,0.0,0.0,0,0.8543357253074646,2.0,omega
250.0,nan,5936,,,,0.0,-0.03632974624633789,0.0,-0.005000948905944824,-0.000346943736076355,0.40105873346328735,0.12244893298236725,0.012074571328155564,nan,0.02080732063804593,0.052588568793402776,0.0012048088109491107,nan,nan,0.44999998807907104,,,,0.3,291,4,0,1268,0.0,5.804432392120361,0.0,1.1984645128250122,0.15566325187683105,grid,42,0.0,0,1.984246409847401e-05,2.640943966980558e-05,nan,0.0019572018645703793,,RIDGE,nan,0.0,0.0,0,0.9611276984214783,2.25,omega
250.0,nan,5937,,,,0.0,-0.0661935806274414,0.0,-0.00655210018157959,-0.0010762214660644531,0.21128836274147034,0.11381411747042318,0.020514336323556752,nan,0.030513683335111223,0.0394775390625,0.001437156522125731,nan,nan,0.5,,,,0.3,251,4,0,1269,0.0,5.496100425720215,0.0,1.2556425333023071,0.16181907057762146,grid,42,0.0,0,1.9986815459560603e-05,1.9986815459560603e-05,nan,0.0015968666411936283,,RIDGE,nan,0.0,0.0,0,1.0679197311401367,2.5,omega
250.0,nan,5938,,,,0.0,-0.07679462432861328,0.0,-0.009610533714294434,-0.002467110753059387,0.11356305330991745,0.043766066056707346,0.022347474946389865,nan,0.033476906893654255,0.007647862638303489,0.0007967607682670332,nan,nan,0.7023000121116638,,,,0.3,201,3,0,5962,0.0,4.496937274932861,0.0,1.4756572246551514,0.18687283992767334,rel,42,0.0,0,1.8799675672198646e-05,1.8799675672198646e-05,nan,0.0007613249472342432,,RIDGE,nan,0.0,0.0,0,1.5,3.5114998817443848,omega
250.0,nan,5939,,,,0.0,-0.0125579833984375,0.0,-0.0016889572143554688,-0.00046850740909576416,0.10516249388456345,0.008442405772526477,0.003618759499964819,nan,0.006240656861082676,0.0010011461689701394,0.00012652598865030596,nan,nan,0.8779000043869019,,,,0.3,171,2,0,5963,0.0,3.9478237628936768,0.0,1.6676801443099976,0.20577923953533173,rel,42,0.0,0,1.8856182578019798e-05,2.3957587472978048e-05,nan,0.0004886846872977912,,RIDGE,nan,0.0,0.0,0,1.8750534057617188,4.389500141143799,omega
250.0,nan,5940,,,,0.0,-0.011600255966186523,0.0,0.0017032623291015625,0.0001382976770401001,0.06168638914823532,0.003316427399571037,0.0008578961139472196,nan,0.0015683329156476783,0.0004055492168373896,6.391379149814434e-05,nan,nan,1.0535000562667847,,,,0.3,151,2,0,1277,0.0,3.6370086669921875,0.0,1.8565242290496826,0.2261476367712021,grid,42,0.0,0,1.996018545469269e-05,1.996018545469269e-05,nan,0.0003592200228013098,,RIDGE,nan,0.0,0.0,0,2.2501068115234375,5.267499923706055,omega
250.0,nan,5941,,,,0.0,0.010118961334228516,0.0,0.0040645599365234375,0.0005725771188735962,0.062467917799949646,0.005959494526227557,0.003030698736159167,nan,0.004464099433767725,0.0009535191241964091,0.00012347867447564114,nan,nan,1.2289999723434448,,,,0.3,141,1,0,5965,0.0,3.4031801223754883,0.0,2.018733263015747,0.246839240193367,rel,42,0.0,0,1.8024531527771614e-05,3.668550925794989e-05,nan,0.00023835555475670844,,RIDGE,nan,0.0,0.0,0,2.6249465942382812,6.144999980926514,omega
250.0,nan,5942,,,,0.0,0.009359359741210938,0.0,0.006013393402099609,0.0009828805923461914,0.048659663647413254,0.009457385267629827,0.003055275834415329,nan,0.0056350402806849735,0.0013905204796915436,0.00018011397349200524,nan,nan,1.4046000242233276,,,,0.3,131,1,0,5966,0.0,3.2517552375793457,0.0,2.1618335247039795,0.2680984437465668,rel,42,0.0,0,1.8665718016563915e-05,3.5484725231071934e-05,nan,0.00018897502741310745,,RIDGE,nan,0.0,0.0,0,3.0,7.0229997634887695,omega
250.0,0.3860018125116793,5943,,,,0.004191454499959946,-0.5456929206848145,0.0035154138458892703,-0.09103363752365112,-0.024854183197021484,2.18031907081604,1.9852156773198937,0.38554637115236307,2.3268516063690186,0.8454269516728674,0.64501953125,0.0783652906533252,6217.945480980836,0.30580164923302094,0.20000000298023224,,,,0.3,1001,19,0,5955,0.02122769132256508,7.829463481903076,0.0018929151119664311,0.8454368114471436,0.13506050407886505,rel,42,0.5871999859809875,1,9.520745516056195e-05,9.520745516056195e-05,7.349786028498784e-05,0.047541841864585876,,RIDGE,-0.012989230589432764,0.5304999947547913,0.5304999947547913,1,0.4271678626537323,1.0,kfloor
250.0,0.49211189554139595,5944,,,,0.0,-0.40518665313720703,0.0,0.11451488733291626,0.034063518047332764,1.3330259323120117,1.8823595798599757,0.3307690072585905,1.917715072631836,0.8567573519659172,0.7107421875,0.10703189010037288,916.5541729503664,0.20195865802067042,0.25,,,,0.3,871,16,0,5956,0.0,7.14415168762207,0.0,0.909810483455658,0.15612652897834778,rel,42,0.33064000606536864,1,1.996944956772495e-05,2.30259720410686e-05,2.30259720410686e-05,0.006381916347891092,,RIDGE,-0.09333945456005294,0.0,0.0,0,0.5339598655700684,1.25,kfloor
250.0,nan,5945,,,,0.0,-0.3292813301086426,0.0,0.016249537467956543,0.04129213094711304,0.707203209400177,1.0048570958142016,0.1698678331082325,nan,0.45442827527556306,0.3931884765625,0.039175690719409524,nan,nan,0.30000001192092896,,,,0.3,631,11,0,1265,0.0,6.713737964630127,0.0,0.9861288070678711,0.15404154360294342,grid,42,0.23940000931421915,1,1.9897332094842568e-05,2.186928759329021e-05,nan,0.0044158813543617725,,RIDGE,nan,0.0,0.0,0,0.640751838684082,1.5,kfloor
250.0,nan,5946,,,,0.0,-0.3376955986022949,0.0,0.006714344024658203,0.025174647569656372,0.9890136122703552,0.7688855479724853,0.13946558747109083,nan,0.34586376503076527,0.3666294642857143,0.026020104177932248,nan,nan,0.3499999940395355,,,,0.3,241,3,0,1266,0.0,6.439971446990967,0.0,1.0608290433883667,0.1538488268852234,grid,42,0.08999999931880406,1,1.821894147724379e-05,3.3851785701699555e-05,nan,0.0029706540517508984,,RIDGE,nan,0.0,0.0,0,0.7475438117980957,1.75,kfloor
250.0,nan,5947,,,,0.0,-0.3241901397705078,0.0,-0.0012195110321044922,0.017306968569755554,0.8928941488265991,0.7134355944199914,0.11011988742220924,nan,0.22696418161818072,0.3602294921875,0.01678976841702082,nan,nan,0.4000000059604645,,,,0.3,201,3,0,1267,0.0,6.142438888549805,0.0,1.1329131126403809,0.15502434968948364,grid,42,0.0,0,1.5587153029628098e-05,1.5587153029628098e-05,nan,0.0019458612659946084,,RIDGE,nan,0.0,0.0,0,0.8543357253074646,2.0,kfloor
250.0,nan,5948,,,,0.0,-0.27454471588134766,0.0,-0.006002902984619141,0.01286095380783081,0.83636474609375,0.6059684147058076,0.08949439748009257,nan,0.13281512399669165,0.3072916666666667,0.010709771359384465,nan,nan,0.44999998807907104,,,,0.3,161,2,0,1268,0.0,5.804432392120361,0.0,1.1984645128250122,0.15566325187683105,grid,42,0.0,0,1.7170188584714197e-05,2.0605724785127677e-05,nan,0.0016936165047809482,,RIDGE,nan,0.0,0.0,0,0.9611276984214783,2.25,kfloor
250.0,nan,5949,,,,0.0,-0.25792407989501953,0.0,-0.0070149898529052734,0.0052735209465026855,0.6978098154067993,0.47850976558912584,0.08094651410572112,nan,0.12656341647190084,0.231103515625,0.00768414946296139,nan,nan,0.5,,,,0.3,131,1,0,1269,0.0,5.496100425720215,0.0,1.2556425333023071,0.16181907057762146,grid,42,0.0,0,1.807686385291163e-05,5.2013401727890596e-05,nan,0.0014442690880969167,,RIDGE,nan,0.0,0.0,0,1.0679197311401367,2.5,kfloor
250.0,nan,5950,,,,0.0,-0.17362022399902344,0.0,-0.011557340621948242,-0.0046042799949646,nan,0.10296952028822791,0.05122103915665169,nan,0.07413456479843046,0.020049567166552443,0.00221498797124941,nan,nan,0.7023000121116638,,,,0.3,81,0,0,5962,0.0,4.496937274932861,0.0,1.4756572246551514,0.18687283992767334,rel,42,0.0,0,1.975310624402482e-05,nan,nan,0.0007999357767403126,,RIDGE,nan,0.0,0.0,0,1.5,3.5114998817443848,kfloor
250.0,nan,5951,,,,0.0,-0.04526829719543457,0.0,-0.0018987655639648438,-0.001249462366104126,nan,0.02950902955624581,0.013402320123153946,nan,0.023164114755074742,0.004074108715392373,0.00054507998541138,nan,nan,0.8779000043869019,,,,0.3,81,0,0,5963,0.0,3.9478237628936768,0.0,1.6676801443099976,0.20577923953533173,rel,42,0.0,0,1.6388683434342965e-05,nan,nan,0.0004247359174769372,,RIDGE,nan,0.0,0.0,0,1.8750534057617188,4.389500141143799,kfloor
250.0,nan,5952,,,,0.0,-0.02216625213623047,0.0,-0.003195524215698242,-0.0004491657018661499,nan,0.007867782792943985,0.0030922813636047068,nan,0.005947252555013373,0.001390454457728193,0.00015885776815885975,nan,nan,1.0535000562667847,,,,0.3,81,0,0,1277,0.0,3.6370086669921875,0.0,1.8565242290496826,0.2261476367712021,grid,42,0.0,0,1.449334104108857e-05,nan,nan,0.00026083417469635606,,RIDGE,nan,0.0,0.0,0,2.2501068115234375,5.267499923706055,kfloor
250.0,nan,5953,,,,0.0,0.002208709716796875,0.0,-0.0038728713989257812,-0.0001497119665145874,nan,0.004052456277834739,0.00120634229414106,nan,0.0019367083772110023,0.0006356794161309394,0.00012138265705594838,nan,nan,1.2289999723434448,,,,0.3,71,0,0,5965,0.0,3.4031801223754883,0.0,2.018733263015747,0.246839240193367,rel,42,0.0,0,1.699228960205801e-05,nan,nan,0.0002247052179882303,,RIDGE,nan,0.0,0.0,0,2.6249465942382812,6.144999980926514,kfloor
250.0,nan,5954,,,,0.0,0.007203578948974609,0.0,0.0010976791381835938,0.0006024837493896484,nan,0.006342130219444913,0.0025085153128922614,nan,0.004292633790381897,0.0012514684317223891,0.0001740259249320915,nan,nan,1.4046000242233276,,,,0.3,71,0,0,5966,0.0,3.2517552375793457,0.0,2.1618335247039795,0.2680984437465668,rel,42,0.0,0,1.5085071026987862e-05,nan,nan,0.00015272392192855477,,RIDGE,nan,0.0,0.0,0,3.0,7.0229997634887695,kfloor
250.0,-0.06697166599988039,5955,,,,,,,,,2.533432960510254,,,2.4456889629364014,,,,6717.664745940394,0.30078998807326607,0.20000000298023224,,,,0.3,1001,19,0,-1,,,,,,,42,,,0.00013787977513857186,0.00013787977513857186,0.0001089460274670273,0.06885026395320892,,RIDGE,-0.014667129516601502,0.5871999859809875,0.5871999859809875,1,0.4271678626537323,1.0,rel
250.0,-0.1590249319795687,5956,,,,,,,,,1.8186222314834595,,,1.9024264812469482,,,,nan,0.15682673653591384,0.25,,,,0.3,1001,19,0,-1,,,,,,,42,,,0.00010650207696016878,0.00010650207696016878,8.744062506593764e-05,0.034036360681056976,,RIDGE,0.009097961945967348,0.4133000075817108,0.33064000606536864,1,0.5339598655700684,1.25,rel
250.0,0.5816039213548612,5957,,,,0.0,0.0,0.0,0.0,0.0,1.146389365196228,0.0,0.0,1.232301115989685,0.0,0.0,0.0,1275722.0807962448,0.1413970632374991,0.30000001192092896,,,,0.3,1001,19,0,1265,0.0,6.713737964630127,0.0,0.9861288070678711,0.15404154360294342,grid,42,0.23940000931421915,1,4.478603295865469e-05,4.478603295865469e-05,4.478603295865469e-05,0.009939514100551605,,RIDGE,-2.7465820312300003e-05,0.35910001397132874,0.23940000931421915,1,0.640751838684082,1.5,rel
250.0,0.5933474887520234,5958,,,,0.0,0.0,0.0,0.0,0.0,0.7707663178443909,0.0,0.0,0.9148691892623901,0.0,0.0,0.0,1600.5447144485906,0.09401667240628264,0.3499999940395355,,,,0.3,1001,19,0,1266,0.0,6.439971446990967,0.0,1.0608290433883667,0.1538488268852234,grid,42,0.08999999931880406,1,4.430564513313584e-05,4.430564513313584e-05,2.791716906358488e-05,0.007224171422421932,,RIDGE,-0.05761523680253437,0.1574999988079071,0.08999999931880406,1,0.7475438117980957,1.75,rel
250.0,0.6451084976751752,5959,,,,0.0,0.043824195861816406,0.0,-0.00037610530853271484,-0.0027052760124206543,0.6075484752655029,0.5815863933413097,0.025208059290128898,0.7005312442779541,0.05279888971251447,0.2506256103515625,0.004799026349159497,5327.720151542494,0.037623681522031285,0.4000000059604645,,,,0.3,1001,19,1,1267,0.0,6.142438888549805,0.0,1.1329131126403809,0.15502434968948364,grid,42,0.0,0,3.117037704214454e-05,3.117037704214454e-05,1.607709054951556e-05,0.003891231957823038,,RIDGE,-0.0044539971785108,0.044860001653432846,0.022430000826716423,1,0.8543357253074646,2.0,rel
250.0,nan,5960,,,,0.0,0.05639457702636719,0.0,0.0029469728469848633,0.0008470863103866577,0.34270212054252625,0.15681735982164302,0.018173981102216536,nan,0.03819445949611945,0.05350070529513889,0.0018595318927206704,nan,nan,0.44999998807907104,181,0.0,0,0.3,321,5,0,1268,0.0,5.804432392120361,0.0,1.1984645128250122,0.15566325187683105,grid,42,0.0,0,3.8697080526617356e-06,6.931062216608552e-06,nan,0.0003816965327132493,,RIDGE,nan,0.0,0.0,0,0.9611276984214783,2.25,rel
250.0,nan,5961,,,,0.0,0.050241947174072266,0.0,0.00529325008392334,0.0017039477825164795,0.23969240486621857,0.07875139507692863,0.01534385149937258,nan,0.027478046324023044,0.0260498046875,0.001087687410748669,nan,nan,0.5,171,0.0,0,0.3,241,3,0,1269,0.0,5.496100425720215,0.0,1.2556425333023071,0.16181907057762146,grid,42,0.0,0,5.00293617733405e-06,9.38127595873084e-06,nan,0.0003997145686298609,,RIDGE,nan,0.0,0.0,0,1.0679197311401367,2.5,rel
250.0,nan,5962,,,,,,,,,0.13815154135227203,,,nan,,,,nan,nan,0.7023000121116638,,,,0.3,161,2,0,-1,,,,,,,42,,,9.01717157830717e-06,1.0237773494736757e-05,nan,0.0003651657607406378,,RIDGE,nan,0.0,0.0,0,1.5,3.5114998817443848,rel
250.0,nan,5963,,,,,,,,,0.17786791920661926,,,nan,,,,nan,nan,0.8779000043869019,,,,0.3,101,1,0,-1,,,,,,,42,,,1.5375413568108343e-05,1.5375413568108343e-05,nan,0.00039847558946348727,,RIDGE,nan,0.0,0.0,0,1.8750534057617188,4.389500141143799,rel
250.0,nan,5964,,,,0.0,-0.010922670364379883,0.0,0.0017293691635131836,0.00017121434211730957,nan,0.004066006265780369,0.0006356762661288116,nan,0.0011162192573491592,0.00044031057828059443,6.387872339907864e-05,nan,nan,1.0535000562667847,91,0.0,0,0.3,81,0,0,1277,0.0,3.6370086669921875,0.0,1.8565242290496826,0.2261476367712021,grid,42,0.0,0,2.0421497538336553e-05,nan,nan,0.0003675221523735672,,RIDGE,nan,0.0,0.0,0,2.2501068115234375,5.267499923706055,rel
250.0,nan,5965,,,,,,,,,nan,,,nan,,,,nan,nan,1.2289999723434448,,,,0.3,61,0,0,-1,,,,,,,42,,,2.9619073757203296e-05,nan,nan,0.0003916812129318714,,RIDGE,nan,0.0,0.0,0,2.6249465942382812,6.144999980926514,rel
250.0,nan,5966,,,,,,,,,nan,,,nan,,,,nan,nan,1.4046000242233276,,,,0.3,51,0,0,-1,,,,,,,42,,,3.887088314513676e-05,nan,nan,0.0003935357090085745,,RIDGE,nan,0.0,0.0,0,3.0,7.0229997634887695,rel
250.0,-0.21875579518983787,5967,,,,0.0,0.0,0.0,0.0,0.0,6.1445770263671875,0.0,0.0,5.979144096374512,0.0,0.0,0.0,nan,0.9729131047790772,0.10000000149011612,,,,0.3,1001,19,0,1260,0.21146565675735474,11.328346252441406,0.0013520822394639254,0.38063812255859375,0.08458463102579117,grid,42,1.5299999713897705,1,0.000237400658079423,0.000237400658079423,0.0001860307966126129,0.4741840660572052,,RIDGE,0.007795880057595179,0.7649999856948853,1.5299999713897705,1,0.21358393132686615,0.5,calm
250.0,-0.002483521658701829,5968,,,,-0.002568952739238739,0.0937509536743164,0.0,-0.03057175874710083,0.0010782256722450256,3.3043651580810547,1.414827237195804,0.19792938734475815,3.395676374435425,0.5504856684246807,0.5454915364583334,0.054004744009561574,8867.972804232671,0.5498508335926334,0.15000000596046448,,,,0.3,1001,19,0,1262,0.06922660768032074,8.944306373596191,0.0006760411197319627,0.7372790575027466,0.1125779077410698,grid,42,0.9618666966756185,1,0.00017768058751244098,0.00017768058751244098,0.00014456694771070033,0.1577329784631729,,RIDGE,-0.012058132345025957,0.7031000256538391,0.9374667008717855,1,0.320375919342041,0.75,calm
250.0,-0.06697166599988039,5969,,,,0.0,0.0,0.0,0.0,0.0,2.533432960510254,0.0,0.0,2.4456889629364014,0.0,0.0,0.0,6717.664745940394,0.30078998807326607,0.20000000298023224,,,,0.3,1001,19,0,5955,0.02122769132256508,7.829463481903076,0.0018929151119664311,0.8454368114471436,0.13506050407886505,rel,42,0.5871999859809875,1,0.00013787977513857186,0.00013787977513857186,0.0001089460274670273,0.06885026395320892,,RIDGE,-0.014667129516601502,0.5871999859809875,0.5871999859809875,1,0.4271678626537323,1.0,calm
250.0,0.6719074076315948,5970,,,,-0.01717144250869751,-0.7351264953613281,0.0010816657450050116,0.012353181838989258,-0.009659439325332642,2.2230238914489746,2.330243231910369,0.3950984322616833,2.162999391555786,0.8077060143347853,1.24609375,0.16516892204193118,nan,0.38455912364655964,0.20000000298023224,,,,1.0,1001,19,0,5994,0.0727420225739479,9.881084442138672,0.0006760411197319627,1.238898515701294,0.2838764488697052,rel,43,0.4977000057697296,1,0.00372898718342185,0.00372898718342185,0.0023047602735459805,1.8620697259902954,,RIDGE,0.04222715117714635,0.6729000210762024,0.6729000210762024,1,0.4271678626537323,1.0,omega
250.0,0.6320884026363521,5971,,,,-0.0040562450885772705,-0.5051407814025879,-0.0002704164944589138,0.061653971672058105,-0.0005504190921783447,1.957597017288208,2.9207870089729715,0.3708646403974819,1.8174140453338623,0.8793130115713573,0.984375,0.1243514087085404,nan,0.231660684656874,0.25,,,,1.0,1001,19,0,5995,0.050973497331142426,8.405981063842773,0.002568956231698394,1.1793383359909058,0.2780837118625641,rel,43,0.38024001121520995,1,0.0021915955003350973,0.0021915955003350973,0.0008877547807060182,0.700398862361908,,RIDGE,0.07635507583618184,0.529699981212616,0.42375998497009276,1,0.5339598655700684,1.25,omega
250.0,0.4103700669503378,5972,,,,-0.01122228056192398,-0.4416484832763672,-0.002568956115283072,0.03643238544464111,0.04979747533798218,1.8685272932052612,2.37895653860651,0.3099684274801276,1.6381487846374512,0.7924560200467767,0.8346354166666666,0.11004215330610796,3406.7102524469174,0.10433601427196709,0.30000001192092896,,,,1.0,1001,19,0,1295,0.05367766320705414,7.681285858154297,0.0031097889877855778,1.20469331741333,0.23278197646141052,grid,43,0.4112666845321655,1,0.00011799315689131618,0.00011799315689131618,0.00010989655856974423,0.026186615228652954,,RIDGE,-0.03204154534773377,0.2824999988079071,0.18833333253860474,1,0.640751838684082,1.5,omega
250.0,0.5853242354486158,5973,,,,0.013520820997655392,-0.30127382278442383,0.0002704164944589138,0.06559443473815918,0.010297447443008423,0.9560982584953308,1.5563259916915544,0.23650180983406519,1.2169196605682373,0.6339649213044167,0.65234375,0.08819821317367389,3528.0444464030356,0.12441718126184921,0.3499999940395355,,,,1.0,1001,19,0,1296,0.006895619444549084,7.083074569702148,0.004056246485561132,1.1980756521224976,0.24763908982276917,grid,43,0.3332000119345529,1,0.00011591814109124243,0.00011591814109124243,0.00011591814109124243,0.018900807946920395,,RIDGE,-0.03019818392666869,0.4099999964237213,0.23428571224212646,1,0.7475438117980957,1.75,omega
250.0,0.7237187086355744,5974,,,,0.002433747984468937,6.532669067382812e-05,-0.005678744986653328,0.0941230058670044,0.09979110956192017,0.5732400417327881,1.185068156388865,0.1747263939344782,0.6546249389648438,0.46155467983018494,0.4730224609375,0.0672240682578912,1199.1063628878348,0.04532337342333127,0.4000000059604645,,,,1.0,1001,19,0,1297,0.007977285422384739,6.461596488952637,0.011492698453366756,1.1946568489074707,0.21805378794670105,grid,43,0.3278000056743622,1,3.0001179766259156e-05,3.0001179766259156e-05,3.0001179766259156e-05,0.0037452722899615765,,RIDGE,-0.08889594511552283,0.1151999980211258,0.0575999990105629,1,0.8543357253074646,2.0,omega
250.0,0.1835584580352064,5975,,,,0.0005408328725025058,0.19788837432861328,0.007977285189554095,0.09025216102600098,0.09387227892875671,0.7089190483093262,0.9608344765924364,0.13995778116024912,0.7881788611412048,0.27199733592060277,0.3945041232638889,0.04726160572638385,656.7316535335481,0.012864960174737579,0.44999998807907104,,,,1.0,661,12,0,1298,0.0,5.942605495452881,0.0032449972350150347,1.21848464012146,0.22029387950897217,grid,43,0.23968889978196886,1,1.8197664758190513e-05,2.0815614334424026e-05,2.0815614334424026e-05,0.0017949638422578573,,RIDGE,-0.3028693199157725,0.0,0.0,0,0.9611276984214783,2.25,omega
250.0,nan,5976,,,,0.0,0.24046087265014648,0.0039210389368236065,0.07853806018829346,0.022519052028656006,0.26672935485839844,0.610636076387469,0.10276516036628333,nan,0.19569564157091118,0.3494140625,0.02411422472892419,nan,nan,0.5,,,,1.0,601,11,0,1299,0.0,5.510134696960449,0.004056246485561132,1.2545835971832275,0.27672234177589417,grid,43,0.1714800000190735,1,1.801822509150952e-05,1.801822509150952e-05,nan,0.0014395840698853135,,RIDGE,nan,0.0,0.0,0,1.0679197311401367,2.5,omega
250.0,0.6086055746760064,5977,,,,0.0,-0.0004830360412597656,0.0,-6.604194641113281e-05,-0.0033036470413208008,0.29127949476242065,0.12839328230728714,0.0008060238087476721,0.2414161115884781,0.0011210734511560962,0.15401372242739791,0.0009250384937451645,nan,0.007766544685030636,0.7023000121116638,,,,1.0,871,16,0,6001,0.0,4.384387969970703,0.0,1.4478260278701782,0.2281380593776703,rel,43,0.0,0,1.9898905520676635e-05,2.662514816620387e-05,2.422044417471625e-05,0.0008058401290327311,,RIDGE,0.05475301969619037,0.0,0.0,0,1.5,3.5114998817443848,omega
250.0,nan,5978,,,,0.0,-0.0027348995208740234,0.0,0.00013327598571777344,0.013049900531768799,0.16679133474826813,0.12384649791350263,0.0031558833097994968,nan,0.004629131710801898,0.12780256563259434,0.003323442228336564,nan,nan,0.8779000043869019,,,,1.0,331,5,0,6002,0.0,3.694767713546753,0.0,1.4971898794174194,0.21098637580871582,rel,43,0.0,0,1.839917058532592e-05,2.904355824284721e-05,nan,0.000476840534247458,,RIDGE,nan,0.0,0.0,0,1.8750534057617188,4.389500141143799,omega
250.0,nan,5979,,,,0.0,-0.008660316467285156,0.0,0.0033065080642700195,-0.0006055533885955811,0.11538112908601761,0.03207346972652892,0.0017012071553703493,nan,0.003707878553941848,0.018678438215482058,0.0005512432229153948,nan,nan,1.0535000562667847,,,,1.0,231,3,0,1307,0.0,3.3140017986297607,0.0,1.6195590496063232,0.21270988881587982,grid,43,0.0,0,1.955814877874218e-05,3.1438259611604735e-05,nan,0.0003519846359267831,,RIDGE,nan,0.0,0.0,0,2.2501068115234375,5.267499923706055,omega
250.0,nan,5980,,,,0.0,0.0001468658447265625,0.0,0.00225067138671875,0.0002228468656539917,0.011116009205579758,0.0019333434668615639,0.0005673351871505266,nan,0.0012727548223719688,0.00047675956209820456,5.064154291039993e-05,nan,nan,1.2289999723434448,,,,1.0,201,3,0,6004,0.0,3.0696494579315186,0.0,1.7337565422058105,0.2135888636112213,rel,43,0.0,0,1.7079861208912916e-05,1.7079861208912916e-05,nan,0.00022586325940210372,,RIDGE,nan,0.0,0.0,0,2.6249465942382812,6.144999980926514,omega
250.0,nan,5981,,,,0.0,-0.0005946159362792969,0.0,-0.0004031658172607422,-0.0003001391887664795,0.013558389618992805,0.004586610249882217,0.0015002402440885752,nan,0.002782398558174898,0.0006257342158611946,0.00013412008296012322,nan,nan,1.4046000242233276,,,,1.0,201,3,0,6005,0.0,2.9149980545043945,0.0,1.8230448961257935,0.23353104293346405,rel,43,0.0,0,1.7932266928255558e-05,1.7932266928255558e-05,nan,0.00018154943245463073,,RIDGE,nan,0.0,0.0,0,3.0,7.0229997634887695,omega
250.0,0.5704813538641537,5982,,,,-0.023796647787094116,-1.6267919540405273,0.002028123359195888,0.009040117263793945,0.008584052324295044,1.852522611618042,2.803752961968215,0.6396120622357998,2.0527286529541016,1.0275523193413203,1.22412109375,0.19470684643756253,9705.034998363064,0.22692165564485672,0.20000000298023224,,,,1.0,1001,19,0,5994,0.0727420225739479,9.881084442138672,0.0006760411197319627,1.238898515701294,0.2838764488697052,rel,43,0.4977000057697296,1,0.0038658450357615948,0.0038658450357615948,0.00368411629460752,1.9304096698760986,,RIDGE,-0.026266145706176657,0.37119999527931213,0.37119999527931213,1,0.4271678626537323,1.0,kfloor
250.0,-0.2932554755535226,5983,,,,-0.009464573115110397,-1.1269683837890625,-0.0004056247416883707,-0.00527644157409668,0.004645317792892456,1.2566009759902954,2.3698253918158847,0.4612810860861039,1.403643012046814,0.8045501731800584,1.00078125,0.13953564422977752,nan,0.15891230079312768,0.25,,,,1.0,1001,19,0,5995,0.050973497331142426,8.405981063842773,0.002568956231698394,1.1793383359909058,0.2780837118625641,rel,43,0.38024001121520995,1,0.00452427240088582,0.00452427240088582,0.003349970793351531,1.4458850622177124,,RIDGE,0.027144956588745252,0.3068999946117401,0.2455199956893921,1,0.5339598655700684,1.25,kfloor
250.0,0.3557363442150353,5984,,,,-0.01311519742012024,-1.174795150756836,-0.002163331431802362,-0.009891510009765625,0.047573596239089966,1.2043861150741577,2.1648827079890594,0.4530785752207694,1.311729073524475,0.8415617555148679,0.951171875,0.11043610772356721,nan,0.09408203191592107,0.30000001192092896,,,,1.0,1001,19,0,1295,0.05367766320705414,7.681285858154297,0.0031097889877855778,1.20469331741333,0.23278197646141052,grid,43,0.4112666845321655,1,0.00018623369396664202,0.00018623369396664202,0.0001503176463302225,0.0413314625620842,,RIDGE,0.01076019460504723,0.26669999957084656,0.1777999997138977,1,0.640751838684082,1.5,kfloor
250.0,0.4022778409945198,5985,,,,0.013791237957775593,-0.9860696792602539,0.0,-0.008401274681091309,0.024505555629730225,0.7994913458824158,1.5775683063399397,0.3579733204951014,1.2648133039474487,0.6531223395030521,0.6715959821428571,0.10343897594584385,nan,0.12167801464465862,0.3499999940395355,,,,1.0,1001,19,0,1296,0.006895619444549084,7.083074569702148,0.004056246485561132,1.1980756521224976,0.24763908982276917,grid,43,0.3332000119345529,1,0.003355267457664013,0.003355267457664013,0.0014609319623559713,0.5470865964889526,,RIDGE,0.07889675227078538,0.3206999897956848,0.1832571370261056,1,0.7475438117980957,1.75,kfloor
250.0,-0.7140654311121025,5986,,,,0.008788534440100193,-0.7617130279541016,-0.005813953001052141,-0.0035015344619750977,0.09358435869216919,0.6217530965805054,1.0099940177631892,0.28668851328226336,0.5394307971000671,0.5042782011968704,0.49481201171875,0.07475994227543722,nan,0.09179417644929325,0.4000000059604645,,,,1.0,1001,19,0,1297,0.007977285422384739,6.461596488952637,0.011492698453366756,1.1946568489074707,0.21805378794670105,grid,43,0.3278000056743622,1,0.0036792466416954994,0.0036792466416954994,0.0018395286751911044,0.4593079388141632,,RIDGE,0.0616010145707565,0.23029999434947968,0.11514999717473984,1,0.8543357253074646,2.0,kfloor
250.0,-0.3049118973160511,5987,,,,0.01122228242456913,-0.5660538673400879,0.0063547862228006124,0.009425044059753418,0.08561426401138306,0.18356207013130188,0.9468841021350963,0.21635315718508244,0.12636698782444,0.37002522081375905,0.4812825520833333,0.0567187991224511,nan,0.028095470553167277,0.44999998807907104,,,,1.0,1001,19,0,1298,0.0,5.942605495452881,0.0032449972350150347,1.21848464012146,0.22029387950897217,grid,43,0.23968889978196886,1,0.0012451311340555549,0.0012451311340555549,0.0005248249508440495,0.1228160485625267,,RIDGE,0.076442523436113,0.08282999694347382,0.03681333197487725,1,0.9611276984214783,2.25,kfloor
250.0,0.865250469220292,5988,,,,0.004191454965621233,-0.4019966125488281,0.008923742454499006,-0.0016235113143920898,0.016746819019317627,0.002258205320686102,0.9310729863437388,0.1453685989880804,0.002686119172722101,0.22730086610457007,0.43984375,0.03754326002606835,2786.296772387068,0.0024243105507760062,0.5,,,,1.0,1001,19,1,1299,0.0,5.510134696960449,0.004056246485561132,1.2545835971832275,0.27672234177589417,grid,43,0.1714800000190735,1,7.385540084214881e-05,7.385540084214881e-05,7.385540084214881e-05,0.005900750868022442,,RIDGE,-0.03177916786887401,0.008886000141501427,0.0035544000566005707,1,1.0679197311401367,2.5,kfloor
250.0,nan,5989,,,,0.0,-0.18331384658813477,0.0,-0.09087479114532471,0.004612073302268982,0.3692232370376587,0.23371771681159756,0.05659631774972282,nan,0.09487443920534894,0.13964301917302324,0.010955774994685178,nan,nan,0.7023000121116638,,,,1.0,341,5,0,6001,0.0,4.384387969970703,0.0,1.4478260278701782,0.2281380593776703,rel,43,0.0,0,1.729913492454216e-05,6.232259329408407e-05,nan,0.0007005580118857324,,RIDGE,nan,0.0,0.0,0,1.5,3.5114998817443848,kfloor
250.0,nan,5990,,,,0.0,-0.03826022148132324,0.0,-0.05527174472808838,0.013361737132072449,0.2384187877178192,0.1106898169734795,0.015880932119739708,nan,0.03619365232094647,0.12273426315218301,0.0062749907496663275,nan,nan,0.8779000043869019,,,,1.0,151,2,0,6002,0.0,3.694767713546753,0.0,1.4971898794174194,0.21098637580871582,rel,43,0.0,0,1.877763497759588e-05,1.877763497759588e-05,nan,0.00048664899077266455,,RIDGE,nan,0.0,0.0,0,1.8750534057617188,4.389500141143799,kfloor
250.0,nan,5991,,,,0.0,-0.0070343017578125,0.0,-0.030169367790222168,-0.00265522301197052,0.2787074148654938,0.04589162264545467,0.0074899935506353614,nan,0.016342176661095567,0.03457596751550773,0.0019210806478144778,nan,nan,1.0535000562667847,,,,1.0,121,1,0,1307,0.0,3.3140017986297607,0.0,1.6195590496063232,0.21270988881587982,grid,43,0.0,0,1.615328437765129e-05,3.00637875625398e-05,nan,0.00029070788878016174,,RIDGE,nan,0.0,0.0,0,2.2501068115234375,5.267499923706055,kfloor
250.0,nan,5992,,,,0.0,0.009186983108520508,0.0,-0.020772457122802734,1.9758939743041992e-05,0.021582448855042458,0.025794019055440348,0.005796370546108848,nan,0.013205656577389502,0.0053238151100966176,0.0007895063279922165,nan,nan,1.2289999723434448,,,,1.0,111,1,0,6004,0.0,3.0696494579315186,0.0,1.7337565422058105,0.2135888636112213,rel,43,0.0,0,1.4037242181075271e-05,2.008634510275442e-05,nan,0.00018562782497610897,,RIDGE,nan,0.0,0.0,0,2.6249465942382812,6.144999980926514,kfloor
250.0,nan,5993,,,,0.0,0.005728721618652344,0.0,-0.018294215202331543,4.1484832763671875e-05,0.036705803126096725,0.013961407295819347,0.003937320524244214,nan,0.007453241656058602,0.003615353247198013,0.00048123749520152814,nan,nan,1.4046000242233276,,,,1.0,101,1,0,6005,0.0,2.9149980545043945,0.0,1.8230448961257935,0.23353104293346405,rel,43,0.0,0,1.902101757877972e-05,1.902101757877972e-05,nan,0.00019257214444223791,,RIDGE,nan,0.0,0.0,0,3.0,7.0229997634887695,kfloor
250.0,0.26804730766373785,5994,,,,,,,,,2.8638598918914795,,,2.7320609092712402,,,,2343219.5436938996,0.26164539308048024,0.20000000298023224,,,,1.0,1001,19,0,-1,,,,,,,43,,,0.0070021250285208225,0.0070021250285208225,0.0069548808969557285,3.4965109825134277,,RIDGE,-0.0001086235046386431,0.4977000057697296,0.4977000057697296,1,0.4271678626537323,1.0,rel
250.0,-0.6306812382881598,5995,,,,,,,,,1.8671804666519165,,,2.0567002296447754,,,,1088992.506055934,0.26142322934320655,0.25,,,,1.0,1001,19,0,-1,,,,,,,43,,,0.008114228025078773,0.008114228025078773,0.008102765306830406,2.593177556991577,,RIDGE,-0.0002397277138448373,0.47530001401901245,0.38024001121520995,1,0.5339598655700684,1.25,rel
250.0,0.10099918606699153,5996,,,,0.0,0.0,0.0,0.0,0.0,2.0848166942596436,0.0,0.0,2.5266501903533936,0.0,0.0,0.0,nan,0.2636055554852524,0.30000001192092896,,,,1.0,1001,19,0,1295,0.05367766320705414,7.681285858154297,0.0031097889877855778,1.20469331741333,0.23278197646141052,grid,43,0.4112666845321655,1,0.00797999370843172,0.00797999370843172,0.007752377539873123,1.771026611328125,,RIDGE,0.0016714269464667406,0.6169000267982483,0.4112666845321655,1,0.640751838684082,1.5,rel
250.0,0.7009475532875256,5997,,,,0.0,0.0,0.0,0.0,0.0,1.3466392755508423,0.0,0.0,1.1378613710403442,0.0,0.0,0.0,nan,0.23222201112656274,0.3499999940395355,,,,1.0,1001,19,0,1296,0.006895619444549084,7.083074569702148,0.004056246485561132,1.1980756521224976,0.24763908982276917,grid,43,0.3332000119345529,1,0.007817240431904793,0.007817240431904793,0.003263903548941016,1.2746249437332153,,RIDGE,0.04833353215997878,0.5831000208854675,0.3332000119345529,1,0.7475438117980957,1.75,rel
250.0,-0.18603850956340068,5998,,,,0.0,0.0,0.0,0.0,0.0,1.085300326347351,0.0,0.0,1.3417394161224365,0.0,0.0,0.0,nan,0.22571786062886726,0.4000000059604645,,,,1.0,1001,19,0,1297,0.007977285422384739,6.461596488952637,0.011492698453366756,1.1946568489074707,0.21805378794670105,grid,43,0.3278000056743622,1,0.007596750743687153,0.007596750743687153,0.006665423512458801,0.9483593702316284,,RIDGE,0.018610200014981485,0.6556000113487244,0.3278000056743622,1,0.8543357253074646,2.0,rel
250.0,-0.4547763980261709,5999,,,,0.0,0.0,0.0,0.0,0.0,1.2305927276611328,0.0,0.0,1.2184978723526,0.0,0.0,0.0,nan,0.19101420650026338,0.44999998807907104,,,,1.0,1001,19,0,1298,0.0,5.942605495452881,0.0032449972350150347,1.21848464012146,0.22029387950897217,grid,43,0.23968889978196886,1,0.006444314960390329,0.006444314960390329,0.004706684034317732,0.6356481313705444,,RIDGE,0.0197021050886676,0.5393000245094299,0.23968889978196886,1,0.9611276984214783,2.25,rel
250.0,0.9046849387877788,6000,,,,0.0,0.0,0.0,0.0,0.0,0.418652206659317,0.0,0.0,0.6010684967041016,0.0,0.0,0.0,nan,0.12695448070435503,0.5,,,,1.0,1001,19,0,1299,0.0,5.510134696960449,0.004056246485561132,1.2545835971832275,0.27672234177589417,grid,43,0.1714800000190735,1,0.004960258025676012,0.004960258025676012,0.002045403467491269,0.39630475640296936,,RIDGE,0.07316793094981813,0.4287000000476837,0.1714800000190735,1,1.0679197311401367,2.5,rel
250.0,nan,6001,,,,,,,,,0.1455271989107132,,,nan,,,,nan,nan,0.7023000121116638,,,,1.0,481,8,0,-1,,,,,,,43,,,9.568700988893397e-06,1.0297241715306882e-05,nan,0.00038750088424421847,,RIDGE,nan,0.0,0.0,0,1.5,3.5114998817443848,rel
250.0,nan,6002,,,,,,,,,0.09901493042707443,,,nan,,,,nan,nan,0.8779000043869019,,,,1.0,281,4,0,-1,,,,,,,43,,,1.5123374396353029e-05,1.6592633983236738e-05,nan,0.00039194367127493024,,RIDGE,nan,0.0,0.0,0,1.8750534057617188,4.389500141143799,rel
250.0,nan,6003,,,,0.0,-0.0072040557861328125,0.0,0.005762815475463867,0.0009177327156066895,0.3042313754558563,0.014109440159301918,0.0016339224696491714,nan,0.0038267682411741895,0.01088030613172311,0.0005078980274003098,nan,nan,1.0535000562667847,141,0.0,0,1.0,131,1,0,1307,0.0,3.3140017986297607,0.0,1.6195590496063232,0.21270988881587982,grid,43,0.0,0,2.184074946853798e-05,4.6189408749341965e-05,nan,0.00039306419785134494,,RIDGE,nan,0.0,0.0,0,2.2501068115234375,5.267499923706055,rel
250.0,nan,6004,,,,,,,,,0.0261134784668684,,,nan,,,,nan,nan,1.2289999723434448,,,,1.0,101,1,0,-1,,,,,,,43,,,2.4836652301019058e-05,2.4836652301019058e-05,nan,0.0003284387057647109,,RIDGE,nan,0.0,0.0,0,2.6249465942382812,6.144999980926514,rel
250.0,nan,6005,,,,,,,,,nan,,,nan,,,,nan,nan,1.4046000242233276,,,,1.0,91,0,0,-1,,,,,,,43,,,3.111135811195709e-05,nan,nan,0.000314976874506101,,RIDGE,nan,0.0,0.0,0,3.0,7.0229997634887695,rel
250.0,0.1854139686300461,6006,,,,0.0,0.0,0.0,0.0,0.0,6.47127103805542,0.0,0.0,6.5569305419921875,0.0,0.0,0.0,43389.223391920146,1.1833861671490387,0.10000000149011612,,,,1.0,1001,19,0,1290,0.11087074130773544,13.075066566467285,0.0017577068647369742,0.9168787002563477,0.21122099459171295,grid,43,1.9886000156402588,1,0.005424031056463718,0.005424031056463718,0.004171296022832394,10.833959579467773,,RIDGE,-0.005740490826693343,0.9943000078201294,1.9886000156402588,1,0.21358393132686615,0.5,calm
250.0,-0.016235570200016456,6007,,,,0.019334785640239716,0.14652252197265625,-0.00040562450885772705,0.010529518127441406,0.004228085279464722,3.78607177734375,1.4781706147238138,0.16938749042062431,4.240223407745361,0.4326079685978454,0.9308268229166666,0.08868463811561483,nan,0.5906417614040017,0.15000000596046448,,,,1.0,1001,19,0,1292,0.10749053210020065,11.21277904510498,0.002974580740556121,1.2084770202636719,0.25302180647850037,grid,43,1.1592000325520833,1,0.00689004547894001,0.00689004547894001,0.006275850348174572,6.116523265838623,,RIDGE,0.003975053267045611,0.8382999897003174,1.117733319600423,1,0.320375919342041,0.75,calm
250.0,0.26804730766373785,6008,,,,0.0,0.0,0.0,0.0,0.0,2.8638598918914795,0.0,0.0,2.7320609092712402,0.0,0.0,0.0,2343219.5436938996,0.26164539308048024,0.20000000298023224,,,,1.0,1001,19,0,5994,0.0727420225739479,9.881084442138672,0.0006760411197319627,1.238898515701294,0.2838764488697052,rel,43,0.4977000057697296,1,0.0070021250285208225,0.0070021250285208225,0.0069548808969557285,3.4965109825134277,,RIDGE,-0.0001086235046386431,0.4977000057697296,0.4977000057697296,1,0.4271678626537323,1.0,calm
250.0,0.7243606618892525,6009,,,,-0.017847485840320587,-0.6191730499267578,0.0021633317228406668,0.025533676147460938,-0.009947389364242554,1.9434387683868408,3.3108440035148106,0.5387253935844024,2.1222827434539795,1.2281834345789058,1.033935546875,0.1265976448569058,nan,0.5158971722378816,0.20000000298023224,,,,3.0,1001,19,0,6033,0.11208761483430862,9.754150390625,0.002568956231698394,0.8679238557815552,0.21772500872612,rel,44,0.44850000739097595,1,0.004926216788589954,0.004926216788589954,0.002534684492275119,2.4599063396453857,,RIDGE,0.06098324602300491,0.9904999732971191,0.9904999732971191,1,0.4271678626537323,1.0,omega
250.0,0.8962409056299087,6010,,,,-0.025959976017475128,-0.3386821746826172,0.0008112492505460978,0.036557793617248535,0.004184320569038391,1.298647403717041,3.4065192247439255,0.4314692189991913,1.3286056518554688,1.2260321958959868,0.894140625,0.10649558381817674,nan,0.26329024474278173,0.25,,,,3.0,1001,19,0,6034,0.08396430313587189,8.573482513427734,0.0032449972350150347,0.9186923503875732,0.22520150244235992,rel,44,0.3715199947357178,1,0.003667422803118825,0.003667422803118825,0.0012160392943769693,1.172049641609192,,RIDGE,0.09461631774902372,0.5440000295639038,0.43520002365112304,1,0.5339598655700684,1.25,omega
250.0,0.7853264167106588,6011,,,,0.01311519742012024,-0.14619731903076172,-0.0012168735265731812,0.049454569816589355,0.0383065789937973,0.6269652843475342,2.8286310250204836,0.36053461292869854,0.8302344679832458,0.8622645801641049,0.5718587239583334,0.07883078979547548,nan,0.09707780767485341,0.30000001192092896,,,,3.0,1001,19,0,1325,0.04394267126917839,7.677305221557617,0.008518117479979992,0.9411865472793579,0.19737911224365234,grid,44,0.33853332201639813,1,0.0002821997331921011,0.0002821997331921011,0.00022394477855414152,0.06262952834367752,,RIDGE,0.024239427393133138,0.20170000195503235,0.13446666797002158,1,0.640751838684082,1.5,omega
250.0,0.7730041720712935,6012,,,,-0.009058952331542969,0.2436676025390625,-0.007977284491062164,0.04072260856628418,0.028423428535461426,0.46675020456314087,1.6116317306351753,0.28850791958093264,0.45400145649909973,0.6165359998318113,0.5770089285714286,0.07287880581441898,1295.7215252684282,0.04618988317140143,0.3499999940395355,,,,3.0,1001,19,0,1326,0.04826933518052101,6.771054744720459,0.01811790093779564,1.0079361200332642,0.19279538094997406,grid,44,0.30960001264299664,1,2.9954066121717915e-05,2.9954066121717915e-05,2.9954066121717915e-05,0.004884101916104555,,RIDGE,-0.05952252474698143,0.15199999511241913,0.0868571400642395,1,0.7475438117980957,1.75,omega
250.0,0.6998786836035175,6013,,,,0.0,0.33380126953125,-0.0002704164362512529,0.10393661260604858,0.052885860204696655,0.3733729124069214,0.8501614936115839,0.1762574899202769,0.39149221777915955,0.40808629914935307,0.322021484375,0.041727867922375435,1592.606951255846,0.052119051012924716,0.4000000059604645,,,,3.0,1001,19,0,1327,0.0,6.223689079284668,0.0002704164362512529,0.9852123856544495,0.16372884809970856,grid,44,0.34929999709129333,1,4.605271897162311e-05,4.605271897162311e-05,4.605271897162311e-05,0.005749106407165527,,RIDGE,-0.06122734329917179,0.17520000040531158,0.08760000020265579,1,0.8543357253074646,2.0,omega
250.0,0.7778692951467907,6014,,,,0.0,0.400726318359375,0.0,0.13611555099487305,0.04617159068584442,0.24222448468208313,0.6721941737163631,0.15366078716519965,0.2916891276836395,0.34725028708493355,0.3218315972222222,0.034542758818981084,1116.7877067279935,0.03139058950485753,0.44999998807907104,,,,3.0,1001,19,0,1328,0.0,5.734839916229248,0.0,0.9957386255264282,0.17012502253055573,grid,44,0.25155554877387154,1,2.5435900170123205e-05,2.5435900170123205e-05,2.5435900170123205e-05,0.002508921781554818,,RIDGE,-0.09017970345237021,0.10260000079870224,0.04560000035497877,1,0.9611276984214783,2.25,omega
250.0,0.6333928943037133,6015,,,,0.0,0.2592644691467285,-0.002163331490010023,0.10766899585723877,0.028006479144096375,0.1686946451663971,0.5410459434194337,0.13679424439946553,0.18811985850334167,0.2519870719591994,0.2966796875,0.03266349560573592,807.2863421868359,0.01241610357542534,0.5,,,,3.0,821,15,0,1329,0.0,5.388363838195801,0.002163331490010023,1.0634043216705322,0.18705491721630096,grid,44,0.19271999597549438,1,1.9604151020757854e-05,2.0342022253316827e-05,2.0342022253316827e-05,0.0015662933001294732,,RIDGE,-0.11714220046997047,0.0,0.0,0,1.0679197311401367,2.5,omega
250.0,nan,6016,,,,0.0,-0.04738616943359375,0.0,0.001171112060546875,-0.0015865713357925415,0.03247876837849617,0.03148845830518942,0.014355400578420812,nan,0.022688931391992254,0.007925966734241797,0.0006187932667654678,nan,nan,0.7023000121116638,,,,3.0,291,4,0,6040,0.0,4.265046119689941,0.0,1.175472617149353,0.16618292033672333,rel,44,0.0,0,1.8572722183307633e-05,2.591116754047107e-05,nan,0.0007521340739913285,,RIDGE,nan,0.0,0.0,0,1.5,3.5114998817443848,omega
250.0,nan,6017,,,,0.0,-0.016701698303222656,0.0,0.0020247697830200195,-0.0008206218481063843,0.024734970182180405,0.01373288274373175,0.004879614275825307,nan,0.009789616779583659,0.0025584846540348005,0.00020761860741699001,nan,nan,0.8779000043869019,,,,3.0,231,3,0,6041,0.0,3.62742280960083,0.0,1.0907825231552124,0.17144133150577545,rel,44,0.0,0,1.803987834136933e-05,2.5297520551248454e-05,nan,0.00046752902562730014,,RIDGE,nan,0.0,0.0,0,1.8750534057617188,4.389500141143799,omega
250.0,nan,6018,,,,0.0,-0.008699178695678711,0.0,-0.002501368522644043,-0.0003692209720611572,0.012426191009581089,0.004464877029396637,0.0017388659543332004,nan,0.002969559932597854,0.0007879241927126427,0.00010675561039152837,nan,nan,1.0535000562667847,,,,3.0,201,3,0,1337,0.0,3.273921012878418,0.0,1.228473424911499,0.18439199030399323,grid,44,0.0,0,1.995754246308934e-05,1.995754246308934e-05,nan,0.0003591724671423435,,RIDGE,nan,0.0,0.0,0,2.2501068115234375,5.267499923706055,omega
250.0,nan,6019,,,,0.0,0.0001685619354248047,0.0,0.0032786130905151367,0.00027826428413391113,0.011275860480964184,0.002562505649067782,0.0007374558705687837,nan,0.0013014216497307884,0.0006356794161309394,5.9851886278634467e-05,nan,nan,1.2289999723434448,,,,3.0,201,3,0,6043,0.0,3.064549446105957,0.0,1.353782057762146,0.19979466497898102,rel,44,0.0,0,1.9967070329585113e-05,1.9967070329585113e-05,nan,0.0002640435704961419,,RIDGE,nan,0.0,0.0,0,2.6249465942382812,6.144999980926514,omega
250.0,nan,6020,,,,0.0,0.0004410743713378906,0.0,-0.0024688243865966797,-0.0005271732807159424,0.013454168103635311,0.006177285503876737,0.002107829173014978,nan,0.004049256758179798,0.0006952602398457718,0.0001999898579674099,nan,nan,1.4046000242233276,,,,3.0,211,3,0,6044,0.0,2.9051742553710938,0.0,1.4733099937438965,0.22227537631988525,rel,44,0.0,0,1.7125066733569838e-05,2.0844863684033044e-05,nan,0.00017337720782961696,,RIDGE,nan,0.0,0.0,0,3.0,7.0229997634887695,omega
250.0,0.4928869052013053,6021,,,,-0.014872901141643524,-1.4113378524780273,0.0009464574977755547,0.012002646923065186,-7.931888103485107e-05,1.480872631072998,3.260323383047499,0.6291471150757767,1.3026981353759766,1.0545442612279252,1.0638427734375,0.127237626262263,nan,0.26488597592265634,0.20000000298023224,,,,3.0,1001,19,0,6033,0.11208761483430862,9.754150390625,0.002568956231698394,0.8679238557815552,0.21772500872612,rel,44,0.44850000739097595,1,0.006766935344785452,0.006766935344785452,0.006013947539031506,3.3790690898895264,,RIDGE,0.00675378712740821,0.38429999351501465,0.38429999351501465,1,0.4271678626537323,1.0,kfloor
250.0,-0.6527110271437008,6022,,,,-0.025689560920000076,-1.318222999572754,-0.0001352082472294569,-0.08530533313751221,0.001735985279083252,0.8808956146240234,3.2687753214137993,0.5529292553272163,1.0536620616912842,0.9006081140718823,0.8830078125,0.11802872101508843,42866.52345457449,0.16611952720162096,0.25,,,,3.0,1001,19,0,6034,0.08396430313587189,8.573482513427734,0.0032449972350150347,0.9186923503875732,0.22520150244235992,rel,44,0.3715199947357178,1,0.004850506782531738,0.004850506782531738,0.004850506782531738,1.5501444339752197,,RIDGE,-0.0056962316686456705,0.28769999742507935,0.23015999794006348,1,0.5339598655700684,1.25,kfloor
250.0,0.3241001819318966,6023,,,,-0.0035154148936271667,-0.9873471260070801,0.0017577074468135834,-0.07317560911178589,0.015743926167488098,0.8443055152893066,1.90253291058853,0.3810230893290209,0.896199643611908,0.7087473160005479,0.5345052083333334,0.09273633598335718,nan,0.13079999129123066,0.30000001192092896,,,,3.0,1001,19,0,1325,0.04394267126917839,7.677305221557617,0.008518117479979992,0.9411865472793579,0.19737911224365234,grid,44,0.33853332201639813,1,0.0051670679822564125,0.0051670679822564125,0.0035857001785188913,1.1467446088790894,,RIDGE,0.02673497633500545,0.2660999894142151,0.17739999294281006,1,0.640751838684082,1.5,kfloor
250.0,0.783993074675152,6024,,,,-0.00811249390244484,-0.581519603729248,-0.008382908999919891,-0.1133316159248352,-0.0029922127723693848,0.8144194483757019,1.3344787070194868,0.26401727715078005,0.8241540193557739,0.47278760943130616,0.44126674107142855,0.06374788292591053,nan,0.18127931949543546,0.3499999940395355,,,,3.0,1001,19,0,1326,0.04826933518052101,6.771054744720459,0.01811790093779564,1.0079361200332642,0.19279538094997406,grid,44,0.30960001264299664,1,0.0064223348163068295,0.0064223348163068295,0.0050634099170565605,1.0471813678741455,,RIDGE,0.016565370559692545,0.45089998841285706,0.2576571362359183,1,0.7475438117980957,1.75,kfloor
250.0,-0.6655584726273134,6025,,,,0.023255813866853714,-0.6383810043334961,0.018253109010402113,-0.05071943998336792,0.02559727430343628,1.0181176662445068,0.9124956640375667,0.27113070609117185,0.8862711191177368,0.43077166273857526,0.3492431640625,0.04990555781200166,nan,0.12277996901338209,0.4000000059604645,,,,3.0,1001,19,0,1327,0.0,6.223689079284668,0.0002704164362512529,0.9852123856544495,0.16372884809970856,grid,44,0.34929999709129333,1,0.004322673659771681,0.004322673659771681,0.002541659167036414,0.539631724357605,,RIDGE,0.04361878741871242,0.321399986743927,0.1606999933719635,1,0.8543357253074646,2.0,kfloor
250.0,-0.09377713549919695,6026,,,,0.0,-0.46329784393310547,0.005273120477795601,0.018828272819519043,0.014225855469703674,0.43449386954307556,0.8127255104162935,0.19388331644482304,0.4771908223628998,0.2842170227860741,0.3069661458333333,0.039851683742488125,nan,0.056704174129567936,0.44999998807907104,,,,3.0,1001,19,0,1328,0.0,5.734839916229248,0.0,0.9957386255264282,0.17012502253055573,grid,44,0.25155554877387154,1,0.0018865918973460793,0.0018865918973460793,0.0008040136890485883,0.18608783185482025,,RIDGE,0.0738965381275526,0.19179999828338623,0.085244443681505,1,0.9611276984214783,2.25,kfloor
250.0,0.4041135079661651,6027,,,,0.0,-0.38016271591186523,-0.0018929150537587702,-0.0050934553146362305,0.0020569562911987305,0.23659400641918182,0.7891984576945406,0.15428874685315824,0.3442651927471161,0.30202459400024356,0.350146484375,0.03093698189476492,51550.5936372721,0.017649314688770047,0.5,,,,3.0,1001,19,1,1329,0.0,5.388363838195801,0.002163331490010023,1.0634043216705322,0.18705491721630096,grid,44,0.19271999597549438,1,0.00017882190877571702,0.00017882190877571702,0.00017692959227133542,0.01428715605288744,,RIDGE,-0.0018820936029605214,0.04625999927520752,0.018503999710083006,1,1.0679197311401367,2.5,kfloor
250.0,nan,6028,,,,0.0,-0.18278741836547852,0.0,-0.10591113567352295,-0.012848839163780212,0.008017287589609623,0.17624083237199778,0.05470632806748233,nan,0.08855465017715267,0.030313346457275646,0.002698164750127216,nan,nan,0.7023000121116638,,,,3.0,221,3,0,6040,0.0,4.265046119689941,0.0,1.175472617149353,0.16618292033672333,rel,44,0.0,0,1.7902102626976557e-05,2.261736517539248e-05,nan,0.0007249761838465929,,RIDGE,nan,0.0,0.0,0,1.5,3.5114998817443848,kfloor
250.0,nan,6029,,,,0.0,-0.04976201057434082,0.0,-0.08229756355285645,-0.005637720227241516,0.05434922128915787,0.058760033537624844,0.01799996987066364,nan,0.03626037380834376,0.018910538747213743,0.0014060073107958627,nan,nan,0.8779000043869019,,,,3.0,141,1,0,6041,0.0,3.62742280960083,0.0,1.0907825231552124,0.17144133150577545,rel,44,0.0,0,1.8075796106131747e-05,3.8964531995588914e-05,nan,0.00046845985343679786,,RIDGE,nan,0.0,0.0,0,1.8750534057617188,4.389500141143799,kfloor
250.0,nan,6030,,,,0.0,-0.0037016868591308594,0.0,-0.0456233024597168,-0.0003519505262374878,0.036300819367170334,0.025626647880188796,0.007121565168477156,nan,0.013941439231166908,0.008713514601763343,0.0008693460290981293,nan,nan,1.0535000562667847,,,,3.0,121,1,0,1337,0.0,3.273921012878418,0.0,1.228473424911499,0.18439199030399323,grid,44,0.0,0,1.5749046724522486e-05,2.7522728487383574e-05,nan,0.0002834328915923834,,RIDGE,nan,0.0,0.0,0,2.2501068115234375,5.267499923706055,kfloor
250.0,nan,6031,,,,0.0,0.006062030792236328,0.0,-0.026926040649414062,0.00016488134860992432,0.02316156029701233,0.01652828153149299,0.004935321327214126,nan,0.009263494897562077,0.005085435329047515,0.0005034657910363192,nan,nan,1.2289999723434448,,,,3.0,111,1,0,6043,0.0,3.064549446105957,0.0,1.353782057762146,0.19979466497898102,rel,44,0.0,0,1.6753341697040014e-05,2.38131560763577e-05,nan,0.00022154540056362748,,RIDGE,nan,0.0,0.0,0,2.6249465942382812,6.144999980926514,kfloor
250.0,nan,6032,,,,0.0,0.005986452102661133,0.0,-0.025849342346191406,-0.00036272406578063965,0.03660355135798454,0.020246283790898992,0.004716558580580553,nan,0.009390968877681587,0.0037544052951671673,0.0004845467660342856,nan,nan,1.4046000242233276,,,,3.0,111,1,0,6044,0.0,2.9051742553710938,0.0,1.4733099937438965,0.22227537631988525,rel,44,0.0,0,1.531672569399234e-05,2.237127955595497e-05,nan,0.00015506923955399543,,RIDGE,nan,0.0,0.0,0,3.0,7.0229997634887695,kfloor
250.0,0.7310154759554439,6033,,,,,,,,,1.438072919845581,,,1.438072919845581,,,,nan,0.2736974882840781,0.20000000298023224,,,,3.0,1001,19,0,-1,,,,,,,44,,,0.008809784427285194,0.008809784427285194,0.008560305461287498,4.399166107177734,,RIDGE,0.0006130348552358559,0.44850000739097595,0.44850000739097595,1,0.4271678626537323,1.0,rel
250.0,-0.7730635454842277,6034,,,,,,,,,1.8582909107208252,,,1.8582909107208252,,,,nan,0.27444636113119725,0.25,,,,3.0,1001,19,0,-1,,,,,,,44,,,0.00913311168551445,0.00913311168551445,0.0090152183547616,2.9187965393066406,,RIDGE,0.0012869314713911928,0.4643999934196472,0.3715199947357178,1,0.5339598655700684,1.25,rel
250.0,-0.1674871015006678,6035,,,,0.0,0.0,0.0,0.0,0.0,1.2594667673110962,0.0,0.0,1.3390413522720337,0.0,0.0,0.0,191388.56691662065,0.24743634870264963,0.30000001192092896,,,,3.0,1001,19,0,1325,0.04394267126917839,7.677305221557617,0.008518117479979992,0.9411865472793579,0.19737911224365234,grid,44,0.33853332201639813,1,0.008761458098888397,0.008761458098888397,0.008234787732362747,1.9444596767425537,,RIDGE,-0.0013874574141068267,0.5077999830245972,0.33853332201639813,1,0.640751838684082,1.5,rel
250.0,0.9123871686882619,6036,,,,0.0,0.0,0.0,0.0,0.0,0.49939727783203125,0.0,0.0,0.49939727783203125,0.0,0.0,0.0,nan,0.21926190562818976,0.3499999940395355,,,,3.0,1001,19,0,1326,0.04826933518052101,6.771054744720459,0.01811790093779564,1.0079361200332642,0.19279538094997406,grid,44,0.30960001264299664,1,0.00923125445842743,0.00923125445842743,0.009077266789972782,1.5051844120025635,,RIDGE,0.0010103399103339069,0.5418000221252441,0.30960001264299664,1,0.7475438117980957,1.75,rel
250.0,-0.057083343430926616,6037,,,,0.0,0.0,0.0,0.0,0.0,1.2174283266067505,0.0,0.0,1.3514248132705688,0.0,0.0,0.0,15060.387693005283,0.24801850010810272,0.4000000059604645,,,,3.0,1001,19,0,1327,0.0,6.223689079284668,0.0002704164362512529,0.9852123856544495,0.16372884809970856,grid,44,0.34929999709129333,1,0.007140841335058212,0.007140841335058212,0.0069992076605558395,0.8914448022842407,,RIDGE,-0.01815668886358079,0.6985999941825867,0.34929999709129333,1,0.8543357253074646,2.0,rel
250.0,-0.3740394860759293,6038,,,,0.0,0.0,0.0,0.0,0.0,0.9905886054039001,0.0,0.0,1.1832807064056396,0.0,0.0,0.0,25128.49753654118,0.2033597307137796,0.44999998807907104,,,,3.0,1001,19,0,1328,0.0,5.734839916229248,0.0,0.9957386255264282,0.17012502253055573,grid,44,0.25155554877387154,1,0.0060746194794774055,0.0060746194794774055,0.0060746194794774055,0.5991824865341187,,RIDGE,-0.010289044813676138,0.5659999847412109,0.25155554877387154,1,0.9611276984214783,2.25,rel
250.0,0.9229110152376878,6039,,,,0.0,0.0,0.0,0.0,0.0,0.34437498450279236,0.0,0.0,0.33938509225845337,0.0,0.0,0.0,nan,0.13595644478949562,0.5,,,,3.0,1001,19,0,1329,0.0,5.388363838195801,0.002163331490010023,1.0634043216705322,0.18705491721630096,grid,44,0.19271999597549438,1,0.005582970101386309,0.005582970101386309,0.003535338444635272,0.44605696201324463,,RIDGE,0.03398104580965925,0.48179998993873596,0.19271999597549438,1,1.0679197311401367,2.5,rel
250.0,nan,6040,,,,,,,,,0.0018930904334411025,,,nan,,,,nan,nan,0.7023000121116638,,,,3.0,511,9,0,-1,,,,,,,44,,,9.527101610729005e-06,1.011380027193809e-05,nan,0.0003858162381220609,,RIDGE,nan,0.0,0.0,0,1.5,3.5114998817443848,rel
250.0,nan,6041,,,,,,,,,0.007883156649768353,,,nan,,,,nan,nan,0.8779000043869019,,,,3.0,201,3,0,-1,,,,,,,44,,,1.4188312889018562e-05,1.4188312889018562e-05,nan,0.00036771022132597864,,RIDGE,nan,0.0,0.0,0,1.8750534057617188,4.389500141143799,rel
250.0,nan,6042,,,,0.0,-0.005463600158691406,0.0,0.003863811492919922,0.0002911984920501709,0.04154426231980324,0.00445162631966297,0.0016038435447752759,nan,0.0022554144734813816,0.0008458597951179841,6.001079208877826e-05,nan,nan,1.0535000562667847,131,0.0,0,3.0,131,1,0,1337,0.0,3.273921012878418,0.0,1.228473424911499,0.18439199030399323,grid,44,0.0,0,1.8346891010878608e-05,3.677167114801705e-05,nan,0.0003301858378108591,,RIDGE,nan,0.0,0.0,0,2.2501068115234375,5.267499923706055,rel
250.0,nan,6043,,,,,,,,,0.026578104123473167,,,nan,,,,nan,nan,1.2289999723434448,,,,3.0,101,1,0,-1,,,,,,,44,,,2.9432252631522715e-05,2.9432252631522715e-05,nan,0.0003892107051797211,,RIDGE,nan,0.0,0.0,0,2.6249465942382812,6.144999980926514,rel
250.0,nan,6044,,,,,,,,,nan,,,nan,,,,nan,nan,1.4046000242233276,,,,3.0,91,0,0,-1,,,,,,,44,,,3.633287997217849e-05,nan,nan,0.00036784051917493343,,RIDGE,nan,0.0,0.0,0,3.0,7.0229997634887695,rel
250.0,0.03664981499688091,6045,,,,0.0,0.0,0.0,0.0,0.0,6.761020660400391,0.0,0.0,6.459182262420654,0.0,0.0,0.0,nan,1.1312450126055202,0.10000000149011612,,,,3.0,1001,19,0,1320,0.15575987100601196,15.036226272583008,0.0009464575559832156,0.8891736268997192,0.19676002860069275,grid,44,2.1080000400543213,1,0.006709028966724873,0.006709028966724873,0.005998936481773853,13.400614738464355,,RIDGE,0.0002984003587203437,1.0540000200271606,2.1080000400543213,1,0.21358393132686615,0.5,calm
250.0,0.15858517430665017,6046,,,,-0.0022985488176345825,0.029541015625,-0.0009464574977755547,0.01713019609451294,-0.0022200047969818115,5.057313919067383,1.2885972567393225,0.11309954062601367,3.860426902770996,0.3329691884701127,0.7926432291666666,0.045176292327539065,nan,0.6020061450603201,0.15000000596046448,,,,3.0,1001,19,0,1322,0.13818280398845673,11.657387733459473,0.00229853973723948,0.886655330657959,0.22687536478042603,grid,44,1.1298666795094807,1,0.007845789194107056,0.007845789194107056,0.00645042909309268,6.964968681335449,,RIDGE,0.012298631668090917,0.8873000144958496,1.183066685994466,1,0.320375919342041,0.75,calm
250.0,0.7310154759554439,6047,,,,0.0,0.0,0.0,0.0,0.0,1.438072919845581,0.0,0.0,1.438072919845581,0.0,0.0,0.0,nan,0.2736974882840781,0.20000000298023224,,,,3.0,1001,19,0,6033,0.11208761483430862,9.754150390625,0.002568956231698394,0.8679238557815552,0.21772500872612,rel,44,0.44850000739097595,1,0.008809784427285194,0.008809784427285194,0.008560305461287498,4.399166107177734,,RIDGE,0.0006130348552358559,0.44850000739097595,0.44850000739097595,1,0.4271678626537323,1.0,calm
0.0,nan,6048,,,,-0.08369388990104198,0.011941194534301758,-0.015548944473266602,0.21447604894638062,0.08390023186802864,0.5660062432289124,1.1133371443687559,0.1972430811936966,nan,0.38666639692183935,0.37969970703125,0.1039090229408879,nan,nan,0.20000000298023224,,,,0.3,201,3,0,6072,0.103299081325531,2.3367624282836914,0.02677122689783573,0.22169023752212524,0.04169517382979393,rel,63,0.3319000005722046,1,1.9714057998498902e-05,1.9714057998498902e-05,nan,0.009856043383479118,,STEP_UP,nan,0.0,0.0,0,0.4271678626537323,1.0,omega
0.0,nan,6049,,,,0.0009464575559832156,-0.038973093032836914,0.008247701451182365,-0.0015411972999572754,0.05068104714155197,0.7847490310668945,0.9833039118047987,0.12252389198513527,nan,0.28242645777669023,0.44609375,0.08221008044568315,nan,nan,0.25,,,,0.3,211,3,0,6073,0.0002704164362512529,2.468064308166504,0.0,0.5030701756477356,0.08033417910337448,rel,63,0.16239999532699584,1,1.929137397382874e-05,2.1124224076629616e-05,nan,0.006172622554004192,,STEP_UP,nan,0.0,0.0,0,0.5339598655700684,1.25,omega
0.0,nan,6050,,,,0.0,-0.01963043212890625,0.00013520821812562644,-0.021100163459777832,0.007238924503326416,0.5734111666679382,0.6689759048681446,0.10812868572230738,nan,0.2833049821202543,0.5276692708333334,0.07822782348701067,nan,nan,0.30000001192092896,,,,0.3,211,3,0,1895,0.0,2.5175411701202393,0.0,0.5823530554771423,0.13826720416545868,grid,63,0.0,0,1.8940147128887475e-05,2.0081683032913134e-05,nan,0.004208500497043133,,STEP_UP,nan,0.0,0.0,0,0.640751838684082,1.5,omega
0.0,nan,6051,,,,0.0,0.02104926109313965,0.0,-0.014611124992370605,0.017425745725631714,0.36899369955062866,0.5608832378120387,0.09230464862296724,nan,0.25980696986787255,0.49874441964285715,0.071644916947415,nan,nan,0.3499999940395355,,,,0.3,191,2,0,1896,0.0,2.479564905166626,0.0,0.6091617345809937,0.14612561464309692,grid,63,0.0,0,1.878532930277288e-05,2.797441447910387e-05,nan,0.0030666859820485115,,STEP_UP,nan,0.0,0.0,0,0.7475438117980957,1.75,omega
0.0,nan,6052,,,,0.0,0.030838727951049805,0.0,-0.0045566558837890625,0.024534568190574646,0.36411404609680176,0.5647025431754574,0.08862793237285738,nan,0.2519711577064898,0.523193359375,0.06313534895750947,nan,nan,0.4000000059604645,,,,0.3,191,2,0,1897,0.0,2.4476020336151123,0.0,0.6453514099121094,0.15926769375801086,grid,63,0.0,0,1.9391010937397368e-05,2.7739630240830593e-05,nan,0.0024236340541392565,,STEP_UP,nan,0.0,0.0,0,0.8543357253074646,2.0,omega
0.0,nan,6053,,,,0.0,-0.012090682983398438,0.0,-0.0029655098915100098,-0.013325631618499756,0.4687711000442505,0.44793100606456615,0.06272436761955591,nan,0.27227207510848395,0.4242621527777778,0.06490521297798113,nan,nan,0.44999998807907104,,,,0.3,241,3,0,1898,0.0,2.4361050128936768,0.0,0.6504674553871155,0.1911424696445465,grid,63,0.0,0,1.934469946718309e-05,3.094691419391893e-05,nan,0.001910396502353251,,STEP_UP,nan,0.0,0.0,0,0.9611276984214783,2.25,omega
0.0,nan,6054,,,,0.0,-0.007961750030517578,0.0,-0.00039058923721313477,-0.014404281973838806,0.4567888379096985,0.44029911216007206,0.03803539912732178,nan,0.1606624956568651,0.40595703125,0.042472867143031647,nan,nan,0.5,,,,0.3,211,3,0,1899,0.0,2.400747776031494,0.0,0.6610821485519409,0.18448734283447266,grid,63,0.0,0,1.8894075765274465e-05,2.2257367163547315e-05,nan,0.0015113749541342258,,STEP_UP,nan,0.0,0.0,0,1.0679197311401367,2.5,omega
0.0,nan,6055,,,,0.0,0.01642322540283203,0.0,-0.18078559637069702,-0.0067289844155311584,0.20853787660598755,0.15170509926886122,0.009780330640095829,nan,0.015584710836220884,0.07779962083874185,0.001797448612787138,nan,nan,0.7023000121116638,,,,0.3,161,2,0,6079,0.0,2.3477940559387207,0.0,0.800896167755127,0.11483123153448105,rel,63,0.0,0,1.8860786440200172e-05,2.1441483113449067e-05,nan,0.0007647175225429237,,STEP_UP,nan,0.0,0.0,0,1.5,3.5114998817443848,omega
0.0,nan,6056,,,,0.0,0.009038925170898438,0.0,0.001981079578399658,8.083879947662354e-05,0.10803603380918503,0.03930537023714773,0.0027294420928614736,nan,0.0062297760801445475,0.018187488736290863,0.000182921223246915,nan,nan,0.8779000043869019,,,,0.3,151,2,0,6080,0.0,2.3902270793914795,0.0,0.6657941937446594,0.11500467360019684,rel,63,0.0,0,1.878409238997847e-05,1.878409238997847e-05,nan,0.00048740129568614066,,STEP_UP,nan,0.0,0.0,0,1.8750534057617188,4.389500141143799,omega
0.0,nan,6057,,,,0.0,0.0027093887329101562,0.0,0.002719283103942871,0.00048616528511047363,0.047083448618650436,0.007438353775247217,0.0031404034676059066,nan,0.004449997377855796,0.0005561817830912771,5.230087138553534e-05,nan,nan,1.0535000562667847,,,,0.3,151,2,0,1907,0.0,2.45292592048645,0.0,0.7897759675979614,0.13510848581790924,grid,63,0.0,0,1.68229980772594e-05,1.68229980772594e-05,nan,0.0003031243977602571,,STEP_UP,nan,0.0,0.0,0,2.2501068115234375,5.267499923706055,omega
0.0,nan,6058,,,,0.0,-0.0012493133544921875,0.0,-0.00035065412521362305,-4.684925079345703e-05,0.07463615387678146,0.0019091322335579532,0.0004243158258372244,nan,0.0006406264122669455,0.0003178397080654697,2.404578508797197e-05,nan,nan,1.2289999723434448,,,,0.3,141,1,0,6082,0.0,2.5153565406799316,0.0,0.918381929397583,0.1585438996553421,rel,63,0.0,0,1.9399889424676076e-05,4.318082574172877e-05,nan,0.00025685146101750433,,STEP_UP,nan,0.0,0.0,0,2.6249465942382812,6.144999980926514,omega
0.0,nan,6059,,,,0.0,-0.017392873764038086,0.0,-0.002535223960876465,-0.0007400214672088623,0.060395028442144394,0.013914337951605663,0.005237109045731073,nan,0.00945734736749957,0.0008430030408129982,0.00016184810653113743,nan,nan,1.4046000242233276,,,,0.3,131,1,0,6083,0.0,2.58994460105896,0.0,1.0596741437911987,0.1861112117767334,rel,63,0.0,0,1.809477726055775e-05,3.27540110447444e-05,nan,0.00018341484246775508,,STEP_UP,nan,0.0,0.0,0,3.0,7.0229997634887695,omega
0.0,nan,6060,,,,0.1427798867225647,0.15396690368652344,-0.020551648922264576,0.2853524088859558,0.0387113057076931,1.6092214584350586,0.9994607007638512,0.2404251991580804,nan,0.5857861386937393,0.5152740478515625,0.05232233259566994,nan,nan,0.20000000298023224,,,,0.3,371,6,0,6072,0.103299081325531,2.3367624282836914,0.02677122689783573,0.22169023752212524,0.04169517382979393,rel,63,0.3319000005722046,1,1.917604822665453e-05,2.0605395548045635e-05,nan,0.009587065316736698,,STEP_UP,nan,0.0,0.0,0,0.4271678626537323,1.0,kfloor
0.0,0.05303762616406184,6061,,,,0.1083017835044302,0.11414313316345215,0.0027041644789278507,0.14723658561706543,0.027841396629810333,1.251568078994751,0.9490266293889876,0.2128351794628907,1.2619402408599854,0.5165445792097747,0.57734375,0.07177852661046161,nan,0.1052483338031948,0.25,,,,0.3,781,14,0,6073,0.0002704164362512529,2.468064308166504,0.0,0.5030701756477356,0.08033417910337448,rel,63,0.16239999532699584,1,1.82997428055387e-05,3.0041588615858927e-05,2.1990639652358368e-05,0.005855331663042307,,STEP_UP,0.02275431496756428,0.0,0.0,0,0.5339598655700684,1.25,kfloor
0.0,0.13520579965035084,6062,,,,0.004191454965621233,0.12043142318725586,0.006895619444549084,-0.041900038719177246,-0.0453362762928009,0.9982204437255859,0.5388591647006983,0.12304114237058482,0.9472221732139587,0.24629886972683201,0.4381510416666667,0.055879695573024156,3230.1651547403353,0.09841165621608207,0.30000001192092896,,,,0.3,1001,19,0,1895,0.0,2.5175411701202393,0.0,0.5823530554771423,0.13826720416545868,grid,63,0.0,0,3.257851130911149e-05,3.257851130911149e-05,2.4723869501031004e-05,0.007238945458084345,,STEP_UP,-0.009505861455743628,0.2858999967575073,0.19059999783833823,1,0.640751838684082,1.5,kfloor
0.0,0.011339691166858347,6063,,,,0.0,0.23621797561645508,0.0,0.03854018449783325,-0.02728821337223053,0.8882538676261902,0.4545505991491546,0.1046684177793954,0.8039482831954956,0.1928104648731954,0.3718959263392857,0.0455805061129305,nan,0.07717317695231399,0.3499999940395355,,,,0.3,1001,19,0,1896,0.0,2.479564905166626,0.0,0.6091617345809937,0.14612561464309692,grid,63,0.0,0,2.990106077049859e-05,2.990106077049859e-05,2.8094102162867785e-05,0.004881317727267742,,STEP_UP,0.004568672180175986,0.25769999623298645,0.1472571407045637,1,0.7475438117980957,1.75,kfloor
0.0,0.08266990255220369,6064,,,,0.0,0.26206517219543457,0.0,0.07429802417755127,-0.03748253732919693,0.683271050453186,0.3284261522824677,0.09820258192134623,0.7058501243591309,0.17540538792070764,0.379150390625,0.04079154561328656,nan,0.06750745029230514,0.4000000059604645,,,,0.3,1001,19,0,1897,0.0,2.4476020336151123,0.0,0.6453514099121094,0.15926769375801086,grid,63,0.0,0,4.11011787946336e-05,4.11011787946336e-05,3.0255303499870934e-05,0.005137133412063122,,STEP_UP,0.004528539830988336,0.266400009393692,0.133200004696846,1,0.8543357253074646,2.0,kfloor
0.0,nan,6065,,,,0.0,0.2722043991088867,0.0,0.12647908926010132,0.03001067042350769,0.49804508686065674,0.4566108107366167,0.14182484169456247,nan,0.3309599898852709,0.4088541666666667,0.08967701779213615,nan,nan,0.44999998807907104,,,,0.3,141,1,0,1898,0.0,2.4361050128936768,0.0,0.6504674553871155,0.1911424696445465,grid,63,0.0,0,1.7892134565045126e-05,7.037369505269453e-05,nan,0.0017669477965682745,,STEP_UP,nan,0.0,0.0,0,0.9611276984214783,2.25,kfloor
0.0,nan,6066,,,,0.0,0.30875277519226074,0.0,0.153420090675354,0.049846574664115906,0.46279335021972656,0.443750192868307,0.1214498045517058,nan,0.3051267089313594,0.35380859375,0.07639267871094885,nan,nan,0.5,,,,0.3,131,1,0,1899,0.0,2.400747776031494,0.0,0.6610821485519409,0.18448734283447266,grid,63,0.0,0,1.834227987274062e-05,7.362863107118756e-05,nan,0.001467235735617578,,STEP_UP,nan,0.0,0.0,0,1.0679197311401367,2.5,kfloor
0.0,nan,6067,,,,0.0,0.31977224349975586,0.0,0.2054058313369751,0.08000998944044113,0.39478784799575806,0.2972869880610685,0.06565041399027229,nan,0.11351785761472412,0.2244300054222151,0.017753202701572067,nan,nan,0.7023000121116638,,,,0.3,101,1,0,6079,0.0,2.3477940559387207,0.0,0.800896167755127,0.11483123153448105,rel,63,0.0,0,1.6953994418145157e-05,1.6953994418145157e-05,nan,0.0006874058744870126,,STEP_UP,nan,0.0,0.0,0,1.5,3.5114998817443848,kfloor
0.0,nan,6068,,,,0.0,0.2568237781524658,0.0,0.04177284240722656,0.023007094860076904,nan,0.28415283819481363,0.04815287236664702,nan,0.09166134191353335,0.12163925952987192,0.0033106284116306414,nan,nan,0.8779000043869019,,,,0.3,81,0,0,6080,0.0,2.3902270793914795,0.0,0.6657941937446594,0.11500467360019684,rel,63,0.0,0,1.746353882481344e-05,nan,nan,0.0004531361919362098,,STEP_UP,nan,0.0,0.0,0,1.8750534057617188,4.389500141143799,kfloor
0.0,nan,6069,,,,0.0,0.18618106842041016,0.0,0.03423339128494263,0.010521769523620605,nan,0.12090274915812697,0.03574524687563396,nan,0.06488872876687961,0.07510192139804402,0.0013396278907809585,nan,nan,1.0535000562667847,,,,0.3,71,0,0,1907,0.0,2.45292592048645,0.0,0.7897759675979614,0.13510848581790924,grid,63,0.0,0,1.7792854123399593e-05,nan,nan,0.0003205997054465115,,STEP_UP,nan,0.0,0.0,0,2.2501068115234375,5.267499923706055,kfloor
0.0,nan,6070,,,,0.0,0.11307311058044434,0.0,0.022169888019561768,0.005799248814582825,nan,0.07150263245427572,0.02004719475352278,nan,0.03436409029317132,0.020917825787058725,0.000672774993563722,nan,nan,1.2289999723434448,,,,0.3,71,0,0,6082,0.0,2.5153565406799316,0.0,0.918381929397583,0.1585438996553421,rel,63,0.0,0,1.722768683976028e-05,nan,nan,0.00022809185611549765,,STEP_UP,nan,0.0,0.0,0,2.6249465942382812,6.144999980926514,kfloor
0.0,nan,6071,,,,0.0,0.039270877838134766,0.0,0.006829977035522461,0.0016165822744369507,nan,0.03759146808468792,0.0082077093054327,nan,0.020175915441128702,0.008960166341012384,0.0002136880644795995,nan,nan,1.4046000242233276,,,,0.3,71,0,0,6083,0.0,2.58994460105896,0.0,1.0596741437911987,0.1861112117767334,rel,63,0.0,0,1.3354255315789487e-05,nan,nan,0.00013536329788621515,,STEP_UP,nan,0.0,0.0,0,3.0,7.0229997634887695,kfloor
0.0,0.6684322136536022,6072,,,,,,,,,0.6755974292755127,,,0.964755654335022,,,,nan,0.20535902784930748,0.20000000298023224,,,,0.3,1001,19,0,-1,,,,,,,63,,,0.0028097224421799183,0.0028097224421799183,0.0005599534488283098,1.4047207832336426,,STEP_UP,0.14545227397571928,0.3319000005722046,0.3319000005722046,1,0.4271678626537323,1.0,rel
0.0,0.13388031923795557,6073,,,,,,,,,0.8723182678222656,,,0.8162862658500671,,,,2200.543669580461,0.08757704856486727,0.25,,,,0.3,1001,19,0,-1,,,,,,,63,,,3.777284291572869e-05,3.777284291572869e-05,3.777284291572869e-05,0.01208610087633133,,STEP_UP,-0.023021247170187914,0.2029999941587448,0.16239999532699584,1,0.5339598655700684,1.25,rel
0.0,0.11289383266008422,6074,,,,0.0,-0.004311561584472656,0.0,-0.015783190727233887,-0.04852748662233353,0.7110480666160583,0.3061656965892505,0.04143412873092377,0.7068875432014465,0.14401912812742632,0.4095255533854167,0.03562622926074878,991.7763070093569,0.07096571490728674,0.30000001192092896,,,,0.3,1001,19,0,1895,0.0,2.5175411701202393,0.0,0.5823530554771423,0.13826720416545868,grid,63,0.0,0,1.9943889128626324e-05,1.9943889128626324e-05,1.4936694242351223e-05,0.004431532230228186,,STEP_UP,-0.013227488777853926,0.21299999952316284,0.14199999968210855,1,0.640751838684082,1.5,rel
0.0,0.03062303263956837,6075,,,,0.0,0.009569406509399414,0.0,-4.965066909790039e-05,-0.044763557612895966,0.6509003043174744,0.33796267840489147,0.029992919664663973,0.6503971815109253,0.1148415148685756,0.37451171875,0.027618318430047254,1351.3893040473117,0.05699454299548907,0.3499999940395355,,,,0.3,1001,19,0,1896,0.0,2.479564905166626,0.0,0.6091617345809937,0.14612561464309692,grid,63,0.0,0,2.2648435333394445e-05,2.2648435333394445e-05,1.8321328752790578e-05,0.0036973338574171066,,STEP_UP,-0.01541376113891559,0.21199999749660492,0.12114285571234566,1,0.7475438117980957,1.75,rel
0.0,0.012548065639956156,6076,,,,0.0,-0.008718252182006836,0.0,-0.009780049324035645,-0.04499156028032303,0.5974633097648621,0.3031504697920315,0.02682211214598636,0.590186595916748,0.10784833248320282,0.340728759765625,0.023750307895706563,nan,0.050122298055367984,0.4000000059604645,,,,0.3,1001,19,0,1897,0.0,2.4476020336151123,0.0,0.6453514099121094,0.15926769375801086,grid,63,0.0,0,2.7058802515966818e-05,2.7058802515966818e-05,2.1555140847340226e-05,0.0033820122480392456,,STEP_UP,0.0032564856789330456,0.22540000081062317,0.11270000040531158,1,0.8543357253074646,2.0,rel
0.0,-0.022427679871470593,6077,,,,0.0,-0.05660271644592285,0.0,0.023874521255493164,-0.05823539197444916,0.4810858964920044,0.4242722726111183,0.05764268522767465,0.5455187559127808,0.1918629550957454,0.3665364583333333,0.04320160437214798,nan,0.04147099992467166,0.44999998807907104,,,,0.3,1001,19,0,1898,0.0,2.4361050128936768,0.0,0.6504674553871155,0.1911424696445465,grid,63,0.0,0,2.19797802856192e-05,2.19797802856192e-05,2.19797802856192e-05,0.002170625375583768,,STEP_UP,0.008689732985063233,0.2152000069618225,0.09564444753858778,1,0.9611276984214783,2.25,rel
0.0,-0.023120961530040368,6078,,,,0.0,-0.06475162506103516,0.0,-0.015731751918792725,-0.05539931356906891,0.501246988773346,0.38602279858745614,0.04421730439716322,0.47841519117355347,0.14283951631195388,0.3734375,0.03373212722780383,nan,0.02787071354675035,0.5,,,,0.3,1001,19,0,1899,0.0,2.400747776031494,0.0,0.6610821485519409,0.18448734283447266,grid,63,0.0,0,1.9422050172579475e-05,1.9422050172579475e-05,1.4248500519897789e-05,0.0015536085702478886,,STEP_UP,0.003438177975741545,0.11299999803304672,0.04519999921321869,1,1.0679197311401367,2.5,rel
0.0,nan,6079,,,,,,,,,0.32887351512908936,,,nan,,,,nan,nan,0.7023000121116638,,,,0.3,121,1,0,-1,,,,,,,63,,,8.308254109579138e-06,1.4882782124914229e-05,nan,0.0003368611796759069,,STEP_UP,nan,0.0,0.0,0,1.5,3.5114998817443848,rel
0.0,nan,6080,,,,,,,,,nan,,,nan,,,,nan,nan,0.8779000043869019,,,,0.3,91,0,0,-1,,,,,,,63,,,1.3587259672931395e-05,nan,nan,0.0003525562060531229,,STEP_UP,nan,0.0,0.0,0,1.8750534057617188,4.389500141143799,rel
0.0,nan,6081,,,,0.0,0.0011417865753173828,0.0,0.0024584531784057617,0.00043401122093200684,nan,0.004450962748668,0.0026912310729368884,nan,0.0029685650899727105,0.000463484819242731,3.8807792605954756e-05,nan,nan,1.0535000562667847,81,0.0,0,0.3,81,0,0,1907,0.0,2.45292592048645,0.0,0.7897759675979614,0.13510848581790924,grid,63,0.0,0,1.6481040802318603e-05,nan,nan,0.00029696282581426203,,STEP_UP,nan,0.0,0.0,0,2.2501068115234375,5.267499923706055,rel
0.0,nan,6082,,,,,,,,,nan,,,nan,,,,nan,nan,1.2289999723434448,,,,0.3,71,0,0,-1,,,,,,,63,,,2.2548048946191557e-05,nan,nan,0.0002985325991176069,,STEP_UP,nan,0.0,0.0,0,2.6249465942382812,6.144999980926514,rel
0.0,nan,6083,,,,,,,,,nan,,,nan,,,,nan,nan,1.4046000242233276,,,,0.3,51,0,0,-1,,,,,,,63,,,3.662538074422628e-05,nan,nan,0.0003712473844643682,,STEP_UP,nan,0.0,0.0,0,3.0,7.0229997634887695,rel
0.0,0.2966551197643114,6084,,,,0.0,0.0,0.0,0.0,0.0,1.190626621246338,0.0,0.0,1.1451160907745361,0.0,0.0,0.0,nan,0.2442260375931415,0.10000000149011612,,,,0.3,1001,19,0,1890,0.0,2.88850736618042,0.0,0.078501395881176,0.010671843774616718,grid,63,0.3546000123023987,1,0.0036758040077984333,0.0036758040077984333,0.002578535582870245,7.35087251663208,,STEP_UP,0.008757552233609484,0.17730000615119934,0.3546000123023987,1,0.21358393132686615,0.5,calm
0.0,0.17258714816960635,6085,,,,0.0002704164362512529,0.011754035949707031,0.0033802050165832043,-0.002870135009288788,-0.0005897916853427887,1.0656542778015137,0.2070474208458377,0.0331354745188797,1.065961480140686,0.07113251716198771,0.030598958333333332,0.0034801371789137604,104111.8637924511,0.19062656526220925,0.15000000596046448,,,,0.3,1001,19,0,1892,0.0,2.0791285037994385,0.005678745452314615,0.11021841317415237,0.012789599597454071,grid,63,0.3010666569073995,1,0.0028967452235519886,0.0028967452235519886,0.0028967452235519886,2.574627161026001,,STEP_UP,-0.0020956863056528427,0.21969999372959137,0.2929333249727885,1,0.320375919342041,0.75,calm
0.0,0.6684322136536022,6086,,,,0.0,0.0,0.0,0.0,0.0,0.6755974292755127,0.0,0.0,0.964755654335022,0.0,0.0,0.0,nan,0.20535902784930748,0.20000000298023224,,,,0.3,1001,19,0,6072,0.103299081325531,2.3367624282836914,0.02677122689783573,0.22169023752212524,0.04169517382979393,rel,63,0.3319000005722046,1,0.0028097224421799183,0.0028097224421799183,0.0005599534488283098,1.4047207832336426,,STEP_UP,0.14545227397571928,0.3319000005722046,0.3319000005722046,1,0.4271678626537323,1.0,calm
0.0,0.662549130572606,6087,,,,0.058815574273467064,-1.6634750366210938,0.020010817795991898,-0.0496131107211113,-0.020809069275856018,0.9521065354347229,1.9886252512249785,0.5788056246707834,0.8726227879524231,1.2590527642997518,0.13942337036132812,0.04274276784621683,29295.452836951616,0.4412357873979081,0.20000000298023224,,,,1.0,1001,19,0,6111,0.018793942406773567,3.88954758644104,0.010951865464448929,0.15045100450515747,0.0478537380695343,rel,64,0.6586999893188477,1,0.0069716270081698895,0.0069716270081698895,0.005900352727621794,3.4854650497436523,,STEP_UP,-0.008985168283635797,0.6516000032424927,0.6516000032424927,1,0.4271678626537323,1.0,omega
0.0,-0.21131206221120927,6088,,,,-0.0025689564645290375,-1.6341047286987305,0.025689563248306513,-0.04710540920495987,-0.013898086734116077,1.5359119176864624,1.1929803774004109,0.4320592670802025,1.5359119176864624,0.9965688208340386,0.05205078125,0.015530870907238332,nan,0.4813428641503261,0.25,,,,1.0,1001,19,0,6112,0.027041643857955933,3.476365327835083,0.007030827458947897,0.0851166844367981,0.024015717208385468,rel,64,0.7294400215148926,1,0.00779971806332469,0.00779971806332469,0.0034894903656095266,2.4956600666046143,,STEP_UP,0.06408688371831746,0.862500011920929,0.6900000095367431,1,0.5339598655700684,1.25,omega
0.0,-0.37620393373325356,6089,,,,0.4199567437171936,-1.448269009590149,0.10505679063498974,-0.06602970138192177,-0.02041499689221382,1.3163198232650757,1.6312174593658588,0.5411960976689166,0.9342145919799805,1.396411679053724,0.061757405598958336,0.016476016947658767,nan,0.29328626065104113,0.30000001192092896,,,,1.0,1001,19,0,1925,0.025419145822525024,3.153505802154541,0.010816657915711403,0.10972240567207336,0.028770793229341507,grid,64,0.6886666615804037,1,0.0065369149670004845,0.0065369149670004845,0.0016786981141194701,1.4525024890899658,,STEP_UP,0.12038762352683328,0.666100025177002,0.44406668345133465,1,0.640751838684082,1.5,omega
0.0,0.6458407131716464,6090,,,,0.46592751890420914,-0.8962801694869995,0.007436452433466911,-0.13327274098992348,-0.04424410127103329,0.26087939739227295,1.7761796379330304,0.5905320274335825,0.14831332862377167,1.3353847334810574,0.10112217494419642,0.02457587704963923,nan,0.0801855014444167,0.3499999940395355,,,,1.0,1001,19,0,1926,0.03136830776929855,2.8647701740264893,0.003921038471162319,0.19310814142227173,0.051837511360645294,grid,64,0.5705714225769043,1,0.0018513365648686886,0.0018513365648686886,0.0007415865547955036,0.30222880840301514,,STEP_UP,0.07935244386846395,0.23360000550746918,0.13348571743283952,1,0.7475438117980957,1.75,omega
0.0,0.9334429326956192,6091,,,,0.49634936451911926,-0.7944656610488892,0.01095186558086425,-0.03985137492418289,-0.022698418237268925,0.010718435049057007,1.537461557964131,0.5599160158905098,0.023671478033065796,1.4204193009048416,0.0586395263671875,0.01586402984101299,nan,0.01048957749256672,0.4000000059604645,,,,1.0,1001,19,1,1927,0.0,2.693491220474243,0.0005408328725025058,0.1120099201798439,0.032817304134368896,grid,64,0.7365000247955322,1,0.0003494052798487246,0.0003494052798487246,0.0003393117222003639,0.043671295046806335,,STEP_UP,0.002271509170532388,0.03523999825119972,0.01761999912559986,1,0.8543357253074646,2.0,omega
0.0,0.38630984657228296,6092,,,,0.49648457765579224,-0.6649223566055298,0.013115197682054713,-0.03208749741315842,-0.020246454514563084,0.015718169510364532,1.2882833957272262,0.4645824975101786,0.02822323702275753,1.1947912432204246,0.0645412868923611,0.011262127484318785,1831.5407913245913,0.007702824486971224,0.44999998807907104,,,,1.0,1001,19,1,1928,0.0,2.4557955265045166,0.00013520821812562644,0.12030971050262451,0.029894927516579628,grid,64,0.6933333079020182,1,7.54614666220732e-05,7.54614666220732e-05,7.54614666220732e-05,0.007452239282429218,,STEP_UP,-0.06943609931252204,0.0243500005453825,0.010822222464614444,1,0.9611276984214783,2.25,omega
0.0,-0.17469120451667394,6093,,,,0.36479176580905914,-0.4625927209854126,-0.006895618513226509,-0.3250407427549362,-0.10246691759675741,0.005365705583244562,1.1649095217726968,0.39267743819250145,0.02643788419663906,0.9273827024994595,0.162890625,0.03668625575584486,1010.8982301490529,0.0035552991115201,0.5,,,,1.0,1001,19,1,1929,0.13074634969234467,2.2022323608398438,0.024878311902284622,0.43373578786849976,0.11418047547340393,grid,64,0.30536000728607177,1,2.060639781120699e-05,2.060639781120699e-05,2.060639781120699e-05,0.0016483470099046826,,STEP_UP,-0.13105414997447612,0.012690000236034393,0.005076000094413757,1,1.0679197311401367,2.5,omega
0.0,nan,6094,,,,0.008653312921524048,-0.062409400939941406,0.0025689564645290375,0.002710208296775818,0.0004918146878480911,0.21658331155776978,0.1231389128208836,0.02033174343169171,nan,0.03588297725243129,0.021043572040706945,0.0011842366253199896,nan,nan,0.7023000121116638,,,,1.0,591,10,0,6118,0.48526230454444885,1.5620561838150024,0.02460789680480957,0.1714145988225937,0.01742755062878132,rel,64,0.08466467917745825,1,1.935217915161047e-05,2.6529687602305785e-05,nan,0.0007846411899663508,,STEP_UP,nan,0.0,0.0,0,1.5,3.5114998817443848,omega
0.0,nan,6095,,,,-0.1672525703907013,0.056430816650390625,0.017577070742845535,-0.005722716450691223,-0.002553410828113556,0.11597707122564316,0.3011252677324887,0.05425412236176447,nan,0.17348678266654832,0.031193698427963698,0.003184127950457323,nan,nan,0.8779000043869019,,,,1.0,391,6,0,6119,0.2639264464378357,1.1681840419769287,0.05462412163615227,0.20034292340278625,0.032839372754096985,rel,64,0.0,0,1.95010125025874e-05,2.2856766008771956e-05,nan,0.0005060036201030016,,STEP_UP,nan,0.0,0.0,0,1.8750534057617188,4.389500141143799,omega
0.0,nan,6096,,,,0.0,0.021892666816711426,-0.0008112493087537587,0.008535951375961304,0.0017945840954780579,0.014143710024654865,0.014125954527600015,0.007332235696149299,nan,0.010752855707802033,0.0030242384455588197,0.00021921240845916565,nan,nan,1.0535000562667847,,,,1.0,301,5,0,1937,0.0,1.4703717231750488,0.0008112493087537587,0.31391260027885437,0.05452955514192581,grid,64,0.0,0,1.8656459360499866e-05,1.8656459360499866e-05,nan,0.00033616050495766103,,STEP_UP,nan,0.0,0.0,0,2.2501068115234375,5.267499923706055,omega
0.0,nan,6097,,,,0.0,7.510185241699219e-05,0.0,0.0014975666999816895,0.00026357918977737427,0.017342129722237587,0.001274497659765258,0.0004401312933505006,nan,0.0007947052080488697,0.000278109744557286,5.379636579018111e-05,nan,nan,1.2289999723434448,,,,1.0,271,4,0,6121,0.0,1.6250759363174438,0.0,0.41642439365386963,0.07777082920074463,rel,64,0.0,0,1.9379922377993353e-05,2.4971517632366158e-05,nan,0.0002565871109254658,,STEP_UP,nan,0.0,0.0,0,2.6249465942382812,6.144999980926514,omega
0.0,nan,6098,,,,0.0,-0.00618743896484375,0.0,0.001127392053604126,0.00021560490131378174,0.013290368020534515,0.005038628475197283,0.001940341011760688,nan,0.0033374475746730326,0.0005475174388785452,0.00016407318254550265,nan,nan,1.4046000242233276,,,,1.0,261,4,0,6122,0.0,1.7007875442504883,0.0,0.4965037703514099,0.09622912108898163,rel,64,0.0,0,1.8846600141841918e-05,2.2456484657595865e-05,nan,0.0001910355786094442,,STEP_UP,nan,0.0,0.0,0,3.0,7.0229997634887695,omega
0.0,0.4582991553527829,6099,,,,0.010816657915711403,-0.5191140174865723,-0.0051379119977355,-0.05706551671028137,-0.019582552835345268,0.4764150381088257,1.228529749608678,0.30895545555867343,1.2840721607208252,0.6491350893947687,0.1433258056640625,0.030972408282879303,nan,0.4833566910700837,0.20000000298023224,,,,1.0,1001,19,0,6111,0.018793942406773567,3.88954758644104,0.010951865464448929,0.15045100450515747,0.0478537380695343,rel,64,0.6586999893188477,1,0.01092979684472084,0.01092979684472084,0.010045292787253857,5.464352130889893,,STEP_UP,0.0034248590469361097,0.6207000017166138,0.6207000017166138,1,0.4271678626537323,1.0,kfloor
0.0,-0.6354100396197839,6100,,,,-0.015819361433386803,-0.4156370162963867,0.010951865930110216,-0.0286845900118351,-0.006075115874409676,2.037198305130005,0.5608484925445624,0.20281964341825726,1.9823925495147705,0.38492920060803926,0.045831298828125,0.011667491340069851,76119.66260033337,0.45624527517786245,0.25,,,,1.0,1001,19,0,6112,0.027041643857955933,3.476365327835083,0.007030827458947897,0.0851166844367981,0.024015717208385468,rel,64,0.7294400215148926,1,0.010333200916647911,0.010333200916647911,0.009722569957375526,3.3062937259674072,,STEP_UP,-0.003611891919916218,0.7973999977111816,0.6379199981689453,1,0.5339598655700684,1.25,kfloor
0.0,0.2276807858949726,6101,,,,-0.018253110349178314,-0.4252922534942627,-0.005002704448997974,0.02564118802547455,0.02397087961435318,1.4578052759170532,1.094720450469412,0.3343812026237056,1.0864676237106323,0.6812014370472825,0.12972005208333334,0.027710644951033467,20801.021617264192,0.3150264249045624,0.30000001192092896,,,,1.0,1001,19,0,1925,0.025419145822525024,3.153505802154541,0.010816657915711403,0.10972240567207336,0.028770793229341507,grid,64,0.6886666615804037,1,0.008712026290595531,0.008712026290595531,0.0082502830773592,1.93581223487854,,STEP_UP,-0.013328719139098983,0.7218000292778015,0.48120001951853436,1,0.640751838684082,1.5,kfloor
0.0,-0.360353688247864,6102,,,,-0.030016225529834628,-0.20477628707885742,-0.001757706981152296,-0.09530481696128845,-0.029500199481844902,1.4866315126419067,0.6114260713265296,0.21958009185724675,1.6880439519882202,0.42363722745539084,0.07146344866071429,0.020871516026715945,520471.70613813185,0.40699372512658444,0.3499999940395355,,,,1.0,1001,19,0,1926,0.03136830776929855,2.8647701740264893,0.003921038471162319,0.19310814142227173,0.051837511360645294,grid,64,0.5705714225769043,1,0.008522693999111652,0.008522693999111652,0.008184357546269894,1.391321063041687,,STEP_UP,-0.0005061973224986527,1.093000054359436,0.6245714596339634,1,0.7475438117980957,1.75,kfloor
0.0,-0.896462393033954,6103,,,,0.0,-0.35791540145874023,0.0,-0.01256822794675827,-0.013074051588773727,1.474184513092041,0.6626096905688603,0.2165072878553075,1.5434215068817139,0.49305061210689966,0.033043861389160156,0.0101465111313284,nan,0.34644963380041516,0.4000000059604645,,,,1.0,1001,19,0,1927,0.0,2.693491220474243,0.0005408328725025058,0.1120099201798439,0.032817304134368896,grid,64,0.7365000247955322,1,0.0067368377931416035,0.0067368377931416035,0.006606217008084059,0.8420205116271973,,STEP_UP,0.000873873450539478,1.0750000476837158,0.5375000238418579,1,0.8543357253074646,2.0,kfloor
0.0,0.27210431255183076,6104,,,,0.004732287954539061,-0.4010274410247803,0.04853975147125311,-0.02443724125623703,-0.009616300463676453,0.7168490290641785,0.7034739529763183,0.20231190668063453,0.8086206912994385,0.5635858048280321,0.03379991319444445,0.0072256367794417626,nan,0.2806953617967276,0.44999998807907104,,,,1.0,1001,19,0,1928,0.0,2.4557955265045166,0.00013520821812562644,0.12030971050262451,0.029894927516579628,grid,64,0.6933333079020182,1,0.005190106108784676,0.005190106108784676,0.005033488385379314,0.5125517845153809,,STEP_UP,0.0021549571644177328,0.9915000200271606,0.44066667556762695,1,0.9611276984214783,2.25,kfloor
0.0,0.8524619804783277,6105,,,,0.02744726836681366,-0.09221291542053223,0.06043807789683342,-0.205545112490654,-0.03981146961450577,0.024481844156980515,1.1408231159927567,0.47273064639572804,0.023992110043764114,0.885359754341445,0.231884765625,0.05806097631972825,nan,0.03351670890867329,0.5,,,,1.0,1001,19,0,1929,0.13074634969234467,2.2022323608398438,0.024878311902284622,0.43373578786849976,0.11418047547340393,grid,64,0.30536000728607177,1,0.0041048964485526085,0.0041048964485526085,0.0038134658243507147,0.32835888862609863,,STEP_UP,0.005032808130437848,0.13169999420642853,0.05267999768257141,1,1.0679197311401367,2.5,kfloor
0.0,-0.6982460878875562,6106,,,,0.0017577111721038818,0.05500900745391846,-0.0035154148936271667,0.04018910229206085,0.009967207908630371,0.16319356858730316,0.1941157465913127,0.06916956442474735,0.14021074771881104,0.12626836700565328,0.050571491695781824,0.0024713697013342144,nan,0.031915858945662755,0.7023000121116638,,,,1.0,1001,19,0,6118,0.48526230454444885,1.5620561838150024,0.02460789680480957,0.1714145988225937,0.01742755062878132,rel,64,0.08466467917745825,1,0.0006137933814898133,0.0006137933814898133,0.0004437971510924399,0.0248864758759737,,STEP_UP,0.028510254079645483,0.18320000171661377,0.05217143895377457,1,1.5,3.5114998817443848,kfloor
0.0,nan,6107,,,,0.10708490014076233,0.2608027458190918,-0.0017577074468135834,0.008401960134506226,0.0019070059061050415,0.0035290210507810116,0.2674470921571247,0.09480441929400409,nan,0.18033391013136463,0.033441063005183125,0.0040943422941410006,nan,nan,0.8779000043869019,,,,1.0,541,9,0,6119,0.2639264464378357,1.1681840419769287,0.05462412163615227,0.20034292340278625,0.032839372754096985,rel,64,0.0,0,1.9252845959272236e-05,2.2967293261899613e-05,nan,0.0004995642811991274,,STEP_UP,nan,0.0,0.0,0,1.8750534057617188,4.389500141143799,kfloor
0.0,nan,6108,,,,0.020416440442204475,0.06468212604522705,0.044213089800905436,-0.050168752670288086,-0.012019537389278412,0.10966702550649643,0.20990994133571497,0.05702992126592771,nan,0.0944297582675889,0.03030032005799354,0.0023762833033968023,nan,nan,1.0535000562667847,,,,1.0,191,2,0,1937,0.0,1.4703717231750488,0.0008112493087537587,0.31391260027885437,0.05452955514192581,grid,64,0.0,0,1.7812240912462585e-05,3.946218203054741e-05,nan,0.0003209490096196532,,STEP_UP,nan,0.0,0.0,0,2.2501068115234375,5.267499923706055,kfloor
0.0,nan,6109,,,,0.0,0.0563654899597168,0.00013520821812562644,-0.04359835386276245,-0.007493600249290466,0.02330916002392769,0.06875808043562157,0.025301035024962348,nan,0.0459489197307339,0.016835572036592847,0.0010727914201876727,nan,nan,1.2289999723434448,,,,1.0,151,2,0,6121,0.0,1.6250759363174438,0.0,0.41642439365386963,0.07777082920074463,rel,64,0.0,0,1.8469710994395427e-05,1.8469710994395427e-05,nan,0.00024453605874441564,,STEP_UP,nan,0.0,0.0,0,2.6249465942382812,6.144999980926514,kfloor
0.0,nan,6110,,,,0.0,0.033640265464782715,0.0,-0.030097365379333496,-0.005160607397556305,0.07326250523328781,0.04484531706404183,0.016647280170554224,nan,0.031150972682104622,0.011888950101362697,0.0006845588400034357,nan,nan,1.4046000242233276,,,,1.0,141,1,0,6122,0.0,1.7007875442504883,0.0,0.4965037703514099,0.09622912108898163,rel,64,0.0,0,1.6064384908531792e-05,5.373341264203191e-05,nan,0.00016283408331219107,,STEP_UP,nan,0.0,0.0,0,3.0,7.0229997634887695,kfloor
0.0,0.6949259022797286,6111,,,,,,,,,0.4753509759902954,,,0.983909547328949,,,,nan,0.46388071630176697,0.20000000298023224,,,,1.0,1001,19,0,-1,,,,,,,64,,,0.012254210188984871,0.012254210188984871,0.011686637066304684,6.126492023468018,,STEP_UP,0.0004542112350464763,0.6586999893188477,0.6586999893188477,1,0.4271678626537323,1.0,rel
0.0,-0.7201787029322737,6112,,,,,,,,,2.4652411937713623,,,2.2813918590545654,,,,nan,0.5267754892826324,0.25,,,,1.0,1001,19,0,-1,,,,,,,64,,,0.012738835997879505,0.012738835997879505,0.012487448751926422,4.076019763946533,,STEP_UP,2.6496973904692347e-05,0.9118000268936157,0.7294400215148926,1,0.5339598655700684,1.25,rel
0.0,-0.3564450830565724,6113,,,,0.0,0.0,0.0,0.0,0.0,1.6805497407913208,0.0,0.0,1.8398603200912476,0.0,0.0,0.0,664853.712202731,0.4891942900022804,0.30000001192092896,,,,1.0,1001,19,0,1925,0.025419145822525024,3.153505802154541,0.010816657915711403,0.10972240567207336,0.028770793229341507,grid,64,0.6886666615804037,1,0.012291422113776207,0.012291422113776207,0.012178619392216206,2.731153964996338,,STEP_UP,-0.00042005885731088337,1.0329999923706055,0.6886666615804037,1,0.640751838684082,1.5,rel
0.0,0.3415999833064896,6114,,,,0.0,0.0,0.0,0.0,0.0,0.27106890082359314,0.0,0.0,0.952240526676178,0.0,0.0,0.0,nan,0.40372038803610705,0.3499999940395355,,,,1.0,1001,19,0,1926,0.03136830776929855,2.8647701740264893,0.003921038471162319,0.19310814142227173,0.051837511360645294,grid,64,0.5705714225769043,1,0.011480377055704594,0.011480377055704594,0.010341512970626354,1.8741599321365356,,STEP_UP,0.0043693824247880856,0.9984999895095825,0.5705714225769043,1,0.7475438117980957,1.75,rel
0.0,-0.7878973661142441,6115,,,,0.0,0.0,0.0,0.0,0.0,1.8385668992996216,0.0,0.0,2.208588123321533,0.0,0.0,0.0,49460.38475916179,0.5010874501317988,0.4000000059604645,,,,1.0,1001,19,0,1927,0.0,2.693491220474243,0.0005408328725025058,0.1120099201798439,0.032817304134368896,grid,64,0.7365000247955322,1,0.009714639745652676,0.009714639745652676,0.009714639745652676,1.2142084836959839,,STEP_UP,-0.005543604764071268,1.4730000495910645,0.7365000247955322,1,0.8543357253074646,2.0,rel
0.0,0.4249871021433931,6116,,,,0.0,0.0,0.0,0.0,0.0,1.004784345626831,0.0,0.0,1.1089788675308228,0.0,0.0,0.0,604440.8888834227,0.46008782154652295,0.44999998807907104,,,,1.0,1001,19,0,1928,0.0,2.4557955265045166,0.00013520821812562644,0.12030971050262451,0.029894927516579628,grid,64,0.6933333079020182,1,0.009106527082622051,0.009106527082622051,0.008970609866082668,0.899320125579834,,STEP_UP,-0.00044052817604742174,1.559999942779541,0.6933333079020182,1,0.9611276984214783,2.25,rel
0.0,0.9316247012717993,6117,,,,0.0,0.0,0.0,0.0,0.0,0.12819452583789825,0.0,0.0,0.13819555938243866,0.0,0.0,0.0,1366777.96668909,0.17674803824675248,0.5,,,,1.0,1001,19,0,1929,0.13074634969234467,2.2022323608398438,0.024878311902284622,0.43373578786849976,0.11418047547340393,grid,64,0.30536000728607177,1,0.007744470611214638,0.007744470611214638,0.007744470611214638,0.619495689868927,,STEP_UP,-0.00018948641690325893,0.7634000182151794,0.30536000728607177,1,1.0679197311401367,2.5,rel
0.0,-0.5587586844118217,6118,,,,,,,,,0.2705893814563751,,,0.22574248909950256,,,,nan,0.05648704293951489,0.7023000121116638,,,,1.0,1001,19,0,-1,,,,,,,64,,,0.001296016969718039,0.001296016969718039,0.0007228549802675843,0.052547480911016464,,STEP_UP,0.05036993460221735,0.2973000109195709,0.08466467917745825,1,1.5,3.5114998817443848,rel
0.0,nan,6119,,,,,,,,,0.1288842409849167,,,nan,,,,nan,nan,0.8779000043869019,,,,1.0,531,9,0,-1,,,,,,,64,,,1.5396715753013268e-05,1.8227938198833726e-05,nan,0.0003995071165263653,,STEP_UP,nan,0.0,0.0,0,1.8750534057617188,4.389500141143799,rel
0.0,nan,6120,0.004081035813936977,0.0022606041096149727,1,0.0,0.0037505626678466797,0.0,0.002454131841659546,0.0005543194711208344,0.015207055024802685,0.004081035813936977,0.0024571251117511653,nan,0.003337090698547663,0.0006720529879019599,6.919401051991746e-05,nan,nan,1.0535000562667847,201,0.0,0,1.0,201,3,0,1937,0.0,1.4703717231750488,0.0008112493087537587,0.31391260027885437,0.05452955514192581,grid,64,0.0,0,1.8712175005930476e-05,1.8712175005930476e-05,nan,0.00033716444158926606,,STEP_UP,nan,0.0,0.0,0,2.2501068115234375,5.267499923706055,rel
0.0,nan,6121,,,,,,,,,0.10182149708271027,,,nan,,,,nan,nan,1.2289999723434448,,,,1.0,141,1,0,-1,,,,,,,64,,,2.904263965319842e-05,8.043130947044119e-05,nan,0.000384519953513518,,STEP_UP,nan,0.0,0.0,0,2.6249465942382812,6.144999980926514,rel
0.0,nan,6122,,,,,,,,,0.08085951209068298,,,nan,,,,nan,nan,1.4046000242233276,,,,1.0,121,1,0,-1,,,,,,,64,,,3.3592386898817495e-05,6.0545571614056826e-05,nan,0.00034050390240736306,,STEP_UP,nan,0.0,0.0,0,3.0,7.0229997634887695,rel
0.0,0.2432077766720618,6123,,,,0.0,0.0,0.0,0.0,0.0,2.6995785236358643,0.0,0.0,2.0744330883026123,0.0,0.0,0.0,nan,0.574658893491634,0.10000000149011612,,,,1.0,1001,19,0,1920,0.012979988940060139,5.121570110321045,0.0027041644789278507,0.11265558749437332,0.026009459048509598,grid,64,0.6940000057220459,1,0.010635321028530598,0.010635321028530598,0.009725378826260567,21.26851463317871,,STEP_UP,0.002279741113836235,0.34700000286102295,0.6940000057220459,1,0.21358393132686615,0.5,calm
0.0,-0.44269871576487807,6124,,,,-0.00040562450885772705,-0.02864551544189453,-0.004326662980020046,-0.010329723358154297,-0.0010352525860071182,2.2292211055755615,0.26026851254418354,0.06340078907357206,2.487450361251831,0.10986620337089041,0.0625,0.011256344580147445,61634.45545445818,0.5917505792733259,0.15000000596046448,,,,1.0,1001,19,0,1922,0.005543536972254515,4.257785797119141,0.008788534440100193,0.07166288048028946,0.016853734850883484,grid,64,0.7678666909535726,1,0.01099684089422226,0.01099684089422226,0.010992297902703285,9.773991584777832,,STEP_UP,-0.004519349878484481,0.5759999752044678,0.7679999669392904,1,0.320375919342041,0.75,calm
0.0,0.6949259022797286,6125,,,,0.0,0.0,0.0,0.0,0.0,0.4753509759902954,0.0,0.0,0.983909547328949,0.0,0.0,0.0,nan,0.46388071630176697,0.20000000298023224,,,,1.0,1001,19,0,6111,0.018793942406773567,3.88954758644104,0.010951865464448929,0.15045100450515747,0.0478537380695343,rel,64,0.6586999893188477,1,0.012254210188984871,0.012254210188984871,0.011686637066304684,6.126492023468018,,STEP_UP,0.0004542112350464763,0.6586999893188477,0.6586999893188477,1,0.4271678626537323,1.0,calm
0.0,0.5685351148023542,6126,,,,0.028799347579479218,-1.408212423324585,0.02136289980262518,-0.1766553372144699,-0.04913734272122383,1.0535080432891846,1.629419812997144,0.583137614848397,1.0535080432891846,1.0421759131500945,0.263580322265625,0.06745011392898209,35942.336397552586,0.4827853566176585,0.20000000298023224,,,,3.0,1001,19,0,6150,0.08856138586997986,4.233743667602539,0.0062195779755711555,0.2717173099517822,0.08281254023313522,rel,65,0.43650001287460327,1,0.006727652624249458,0.006727652624249458,0.00558171421289444,3.363489866256714,,STEP_UP,-0.007231645150618029,0.8043000102043152,0.8043000102043152,1,0.4271678626537323,1.0,omega
0.0,-0.0770932017456114,6127,,,,0.04745808709412813,-1.293069839477539,0.011492699384689331,-0.036449190229177475,-0.009807831607758999,1.6107523441314697,1.0425226158895313,0.3729957019907637,1.6843998432159424,0.6992595138632194,0.055316162109375,0.01220041091794127,nan,0.4718149150704066,0.25,,,,3.0,1001,19,0,6151,0.004326662980020046,3.517775297164917,0.004461871460080147,0.08761053532361984,0.022759366780519485,rel,65,0.8472000122070312,1,0.0072093261405825615,0.0072093261405825615,0.002527464646846056,2.306753635406494,,STEP_UP,0.09857848340814775,0.8998000025749207,0.7198400020599365,1,0.5339598655700684,1.25,omega
0.0,-0.8129662113540208,6128,,,,0.45862627401947975,-1.5139274597167969,0.03434288688004017,-0.09457575716078281,-0.0260088499635458,0.7314500212669373,1.446516742138708,0.5879262650167599,0.49285292625427246,1.1850141670538306,0.0672607421875,0.015530248558239743,nan,0.11037202824646063,0.30000001192092896,,,,3.0,1001,19,0,1955,0.0033802054822444916,3.258784770965576,0.00905895046889782,0.11281190812587738,0.028590355068445206,grid,65,0.8213333288828532,1,0.0022898244205862284,0.0022898244205862284,0.0007698761182837188,0.5087989568710327,,STEP_UP,0.0941055818037555,0.27079999446868896,0.18053332964579263,1,0.640751838684082,1.5,omega
0.0,0.6272755481816412,6129,,,,0.48323418595828116,-1.240579605102539,0.04313142388127744,-0.16322865709662437,-0.037464072462171316,0.03365016728639603,1.1651760798591844,0.5403507015346651,0.04611141234636307,1.0375412227675518,0.0999755859375,0.016290901000685958,1741.6351600963512,0.022507499649655673,0.3499999940395355,,,,3.0,1001,19,0,1956,0.002974580740556121,2.9580330848693848,0.00229853973723948,0.18251828849315643,0.03965015709400177,grid,65,0.7679999896458217,1,7.855291914893314e-05,7.855291914893314e-05,7.855291914893314e-05,0.012823683209717274,,STEP_UP,-0.08021926879882793,0.06573999673128128,0.03756571241787502,1,0.7475438117980957,1.75,omega
0.0,0.5853258220930934,6130,,,,0.48093563551083207,-0.998098611831665,0.043672255240380764,-0.11109132878482342,-0.03223571111448109,0.016570046544075012,1.1324186981687234,0.4527890867719825,0.02417615056037903,0.8731092141657362,0.06735563278198242,0.013756264833226728,709.2405012125525,0.011009439257024118,0.4000000059604645,,,,3.0,711,13,0,1957,0.00662520295009017,2.636977195739746,0.0054083289578557014,0.13772448897361755,0.03541784733533859,grid,65,0.7064999938011169,1,1.9980279830633663e-05,2.081475940940436e-05,2.081475940940436e-05,0.002497285371646285,,STEP_UP,-0.21043987274169887,0.0,0.0,0,0.8543357253074646,2.0,omega
0.0,nan,6131,,,,0.4839102327823639,-1.1191898584365845,0.04069767449982464,-0.10944468155503273,-0.03587009012699127,0.03908763825893402,1.1250766105364245,0.4830705301728315,nan,0.9684431933031755,0.06536314222547743,0.011417547643245552,nan,nan,0.44999998807907104,,,,3.0,491,8,0,1958,0.0,2.739487648010254,0.002028123242780566,0.1452716737985611,0.04010910540819168,grid,65,0.7942221959431967,1,1.8790922695188783e-05,2.6032241294160485e-05,nan,0.0018557080766186118,,STEP_UP,nan,0.0,0.0,0,0.9611276984214783,2.25,omega
0.0,nan,6132,,,,0.47863709228113294,-0.9079935550689697,0.018793944269418716,-0.22631139308214188,-0.10427067102864385,0.06107797101140022,1.7087478269955283,0.5111888246799977,nan,1.2860176581154694,0.11065826416015626,0.034328720371680624,nan,nan,0.5,,,,3.0,391,6,0,1959,0.004732287954539061,2.533127546310425,0.018523525446653366,0.27218303084373474,0.1097860261797905,grid,65,0.47480001449584963,1,1.9348337445990182e-05,2.8296613891143352e-05,nan,0.0015477121341973543,,STEP_UP,nan,0.0,0.0,0,1.0679197311401367,2.5,omega
0.0,nan,6133,,,,0.0022985339164733887,-0.006002902984619141,-0.03366684541106224,-0.0010504722595214844,0.00025405362248420715,0.08899616450071335,0.16423003850336249,0.037258067948039465,nan,0.0886456721878252,0.0029602877399683247,0.0003030189402575713,nan,nan,0.7023000121116638,,,,3.0,291,4,0,6157,0.47904273867607117,1.5084514617919922,0.07869118452072144,0.07336889207363129,0.009951801039278507,rel,65,0.0,0,1.8669043129193597e-05,3.419167114770971e-05,nan,0.0007569431909359992,,STEP_UP,nan,0.0,0.0,0,1.5,3.5114998817443848,omega
0.0,nan,6134,,,,0.011087089776992798,0.011571526527404785,-0.004867494106292725,0.00024959444999694824,-8.481182157993317e-05,0.08117746561765671,0.09980695605674765,0.023031133084675415,nan,0.043066765195583966,0.0038916081116738576,0.0002980476769021814,nan,nan,0.8779000043869019,,,,3.0,291,4,0,6158,0.46795564889907837,1.2550225257873535,0.06963223218917847,0.09692445397377014,0.016578309237957,rel,65,0.0,0,1.840858385548927e-05,3.186081085004844e-05,nan,0.00047765776980668306,,STEP_UP,nan,0.0,0.0,0,1.8750534057617188,4.389500141143799,omega
0.0,nan,6135,,,,0.004461884498596191,-4.76837158203125e-07,0.036911845207214355,0.0009612739086151123,0.00040838494896888733,0.09270551800727844,0.060499208912747765,0.008432823485501265,nan,0.01642025393643542,0.0007415757107883695,0.0001787161972694517,nan,nan,1.0535000562667847,,,,3.0,291,4,0,1967,0.47187668085098267,1.153483510017395,0.12628448009490967,0.14594389498233795,0.021720752120018005,grid,65,0.0,0,1.698433879937511e-05,3.184751039952971e-05,nan,0.0003060314920730889,,STEP_UP,nan,0.0,0.0,0,2.2501068115234375,5.267499923706055,omega
0.0,nan,6136,,,,-0.0008112490177154541,0.0021930932998657227,0.009058952331542969,0.0005641281604766846,0.0012855306267738342,0.06438088417053223,0.030767676123723848,0.003682917912463504,nan,0.006773842965757848,0.003893536423802004,0.0002969531681642108,nan,nan,1.2289999723434448,,,,3.0,311,5,0,6160,0.4206327795982361,1.1044750213623047,0.2982693314552307,0.1857585459947586,0.03576153144240379,rel,65,0.0,0,1.952729326148983e-05,2.31457051995676e-05,nan,0.00025853828992694616,,STEP_UP,nan,0.0,0.0,0,2.6249465942382812,6.144999980926514,omega
0.0,nan,6137,,,,0.021903738379478455,-0.001529693603515625,0.007166028022766113,0.00145721435546875,0.00021880865097045898,0.03194357454776764,0.010837426886757534,0.0021463260352368816,nan,0.0052874358397025185,0.0017731851976379076,0.00029796029699027076,nan,nan,1.4046000242233276,,,,3.0,321,5,0,6161,0.11844240128993988,1.166658878326416,0.27406707406044006,0.38925960659980774,0.07023314386606216,rel,65,0.0,0,1.8229255147161894e-05,2.1209114493103698e-05,nan,0.0001847779640229419,,STEP_UP,nan,0.0,0.0,0,3.0,7.0229997634887695,omega
0.0,0.7159211664413649,6138,,,,0.0027041658759117126,-0.526477575302124,0.006625203415751457,-0.07013782858848572,-0.011935919523239136,0.33536896109580994,1.3098126911816297,0.344333320907365,0.37790560722351074,0.6920119638871337,0.24652099609375,0.04087202203409165,nan,0.30999701605289953,0.20000000298023224,,,,3.0,1001,19,0,6150,0.08856138586997986,4.233743667602539,0.0062195779755711555,0.2717173099517822,0.08281254023313522,rel,65,0.43650001287460327,1,0.012032709084451199,0.012032709084451199,0.01072637364268303,6.015752792358398,,STEP_UP,0.008521151542663585,0.4702000021934509,0.4702000021934509,1,0.4271678626537323,1.0,kfloor
0.0,-0.5538002767019311,6139,,,,0.004461871460080147,-0.3454461097717285,0.002163331490010023,-0.009610317647457123,-0.0019365567713975906,2.184391498565674,0.5615729289344908,0.1836864523187296,2.2340874671936035,0.3281960930328615,0.030548095703125,0.007613291683681853,389549.5663747666,0.5237388300119831,0.25,,,,3.0,1001,19,0,6151,0.004326662980020046,3.517775297164917,0.004461871460080147,0.08761053532361984,0.022759366780519485,rel,65,0.8472000122070312,1,0.011357571929693222,0.011357571929693222,0.011117191053926945,3.6340596675872803,,STEP_UP,-0.0007088574496182401,0.9595000147819519,0.7676000118255615,1,0.5339598655700684,1.25,kfloor
0.0,-0.36360894282876705,6140,,,,0.0033802054822444916,-0.3512434959411621,-0.006489994237199426,0.014399707317352295,-0.001549823209643364,1.9454370737075806,0.6597860239922096,0.19420798326793975,1.9885317087173462,0.38436657165063864,0.06760660807291667,0.012003325139464012,nan,0.46769844912878833,0.30000001192092896,,,,3.0,1001,19,0,1955,0.0033802054822444916,3.258784770965576,0.00905895046889782,0.11281190812587738,0.028590355068445206,grid,65,0.8213333288828532,1,0.010522495955228806,0.010522495955228806,0.00928807258605957,2.3380985260009766,,STEP_UP,0.003923309933055572,1.055999994277954,0.7039999961853027,1,0.640751838684082,1.5,kfloor
0.0,0.05168878697249852,6141,,,,0.0,-0.14288568496704102,-0.0008112493669614196,-0.07265419512987137,-0.013696679845452309,1.6233177185058594,0.3467046971522932,0.14999855571320997,1.7572643756866455,0.23916421775577948,0.06883893694196429,0.013392538110872586,28019.8926601539,0.4584306836423651,0.3499999940395355,,,,3.0,1001,19,0,1956,0.002974580740556121,2.9580330848693848,0.00229853973723948,0.18251828849315643,0.03965015709400177,grid,65,0.7679999896458217,1,0.008261947892606258,0.008261947892606258,0.008261947892606258,1.3487545251846313,,STEP_UP,-0.009682308543812088,1.253999948501587,0.716571399143764,1,0.7475438117980957,1.75,kfloor
0.0,-0.9810109545063006,6142,,,,0.010951865930110216,-0.012708902359008789,0.00703082699328661,-0.0390915647149086,-0.008312344551086426,1.9414615631103516,0.36195157915509335,0.12276568517241128,2.0057733058929443,0.22410673309872176,0.04295825958251953,0.011096648863839613,5451060.241506711,0.42713208278857456,0.4000000059604645,,,,3.0,1001,19,0,1957,0.00662520295009017,2.636977195739746,0.0054083289578557014,0.13772448897361755,0.03541784733533859,grid,65,0.7064999938011169,1,0.007875478826463223,0.007875478826463223,0.007848895154893398,0.9843364357948303,,STEP_UP,-4.7618692571399e-05,1.4500000476837158,0.7250000238418579,1,0.8543357253074646,2.0,kfloor
0.0,-0.20110480823638505,6143,,,,0.027176853269338608,-0.41485071182250977,0.021362898172810674,-0.04877663403749466,-0.013523416593670845,1.2626023292541504,0.5389280010756392,0.20094642515490724,1.3498293161392212,0.41756272122363014,0.047186957465277776,0.007678877740702615,nan,0.3525846085574706,0.44999998807907104,,,,3.0,1001,19,0,1958,0.0,2.739487648010254,0.002028123242780566,0.1452716737985611,0.04010910540819168,grid,65,0.7942221959431967,1,0.006256354972720146,0.006256354972720146,0.006031332071870565,0.6178498268127441,,STEP_UP,0.001824157888239183,1.2920000553131104,0.5742222468058268,1,0.9611276984214783,2.25,kfloor
0.0,0.7977794110251571,6144,,,,0.024472687859088182,-0.49321985244750977,0.005137912929058075,-0.18439624458551407,-0.08756700716912746,0.439424991607666,1.182802580501455,0.35301796435826577,0.4562104344367981,0.9437144749796043,0.0901123046875,0.031958918390305,nan,0.2874724268519989,0.5,,,,3.0,1001,19,0,1959,0.004732287954539061,2.533127546310425,0.018523525446653366,0.27218303084373474,0.1097860261797905,grid,65,0.47480001449584963,1,0.004994176793843508,0.004994176793843508,0.004521532915532589,0.3994942009449005,,STEP_UP,0.007959998737682234,1.184999942779541,0.4739999771118164,1,1.0679197311401367,2.5,kfloor
0.0,-0.5391819367381814,6145,,,,0.018388301134109497,0.09419739246368408,-0.04515954479575157,0.00809381902217865,0.0027525685727596283,0.013608980923891068,0.26789511348849687,0.07842757707039638,0.02225426770746708,0.1411229642530803,0.00793465748723987,0.0008416271611374617,733.5332425043366,0.0038071595366543916,0.7023000121116638,,,,3.0,741,13,0,6157,0.47904273867607117,1.5084514617919922,0.07869118452072144,0.07336889207363129,0.009951801039278507,rel,65,0.0,0,1.9220055037294514e-05,2.3667511413805187e-05,2.3667511413805187e-05,0.0007792841643095016,,STEP_UP,-0.22476291656494057,0.0,0.0,0,1.5,3.5114998817443848,kfloor
0.0,nan,6146,,,,0.026500821113586426,0.15125751495361328,0.01338561624288559,0.0033865049481391907,0.0019157491624355316,0.010964062996208668,0.23176359792351206,0.08220233016298137,nan,0.1397461070694762,0.009076363358267479,0.0014979194543563825,nan,nan,0.8779000043869019,,,,3.0,301,5,0,6158,0.46795564889907837,1.2550225257873535,0.06963223218917847,0.09692445397377014,0.016578309237957,rel,65,0.0,0,1.7104704966186546e-05,1.7104704966186546e-05,nan,0.00044382529449649155,,STEP_UP,nan,0.0,0.0,0,1.8750534057617188,4.389500141143799,kfloor
0.0,nan,6147,,,,-0.012439161539077759,0.10637617111206055,0.14926987886428833,0.0071540772914886475,0.004373595118522644,0.020030997693538666,0.19564225666825688,0.06118848837281254,nan,0.10670255283461486,0.007525834752453844,0.001462134652809093,nan,nan,1.0535000562667847,,,,3.0,241,3,0,1967,0.47187668085098267,1.153483510017395,0.12628448009490967,0.14594389498233795,0.021720752120018005,grid,65,0.0,0,1.9062228602706455e-05,3.7280755350366235e-05,nan,0.00034347185282967985,,STEP_UP,nan,0.0,0.0,0,2.2501068115234375,5.267499923706055,kfloor
0.0,nan,6148,,,,-0.14588966965675354,0.10977399349212646,0.01649540662765503,0.044291362166404724,0.013358548283576965,0.040565505623817444,0.13042159370437328,0.04490230813825215,nan,0.08022063201742767,0.01541522584117528,0.001863438096153558,nan,nan,1.2289999723434448,,,,3.0,211,3,0,6160,0.4206327795982361,1.1044750213623047,0.2982693314552307,0.1857585459947586,0.03576153144240379,rel,65,0.0,0,1.9353976313141175e-05,2.3499420422012918e-05,nan,0.000256243598414585,,STEP_UP,nan,0.0,0.0,0,2.6249465942382812,6.144999980926514,kfloor
0.0,nan,6149,,,,0.033531635999679565,0.0942310094833374,-0.0014873147010803223,-0.00693395733833313,0.001422196626663208,0.0953303650021553,0.07261872765081052,0.022831093846075255,nan,0.0511904943768511,0.007952038993236014,0.0008369740689163894,nan,nan,1.4046000242233276,,,,3.0,191,2,0,6161,0.11844240128993988,1.166658878326416,0.27406707406044006,0.38925960659980774,0.07023314386606216,rel,65,0.0,0,1.656623680901248e-05,3.571217894204892e-05,nan,0.00016792103997431695,,STEP_UP,nan,0.0,0.0,0,3.0,7.0229997634887695,kfloor
0.0,0.5627379808087728,6150,,,,,,,,,0.26282232999801636,,,0.722061812877655,,,,nan,0.31167190468153827,0.20000000298023224,,,,3.0,1001,19,0,-1,,,,,,,65,,,0.01367163471877575,0.01367163471877575,0.012108663097023964,6.835134029388428,,STEP_UP,0.006451199271462284,0.43650001287460327,0.43650001287460327,1,0.4271678626537323,1.0,rel
0.0,-0.6399674145930228,6151,,,,,,,,,2.671268939971924,,,2.6004180908203125,,,,108168.19850476248,0.6047556106194601,0.25,,,,3.0,1001,19,0,-1,,,,,,,65,,,0.013644122518599033,0.013644122518599033,0.013429437763988972,4.365682601928711,,STEP_UP,-0.0026443871584804954,1.059000015258789,0.8472000122070312,1,0.5339598655700684,1.25,rel
0.0,-0.5512111006941016,6152,,,,0.0,0.0,0.0,0.0,0.0,2.4490959644317627,0.0,0.0,2.2346086502075195,0.0,0.0,0.0,nan,0.5668834444409029,0.30000001192092896,,,,3.0,1001,19,0,1955,0.0033802054822444916,3.258784770965576,0.00905895046889782,0.11281190812587738,0.028590355068445206,grid,65,0.8213333288828532,1,0.013647716492414474,0.013647716492414474,0.013304049149155617,3.032522439956665,,STEP_UP,0.0007894234223801048,1.2319999933242798,0.8213333288828532,1,0.640751838684082,1.5,rel
0.0,0.8223346590968376,6153,,,,0.0,0.0,0.0,0.0,0.0,0.6544402837753296,0.0,0.0,0.7409486770629883,0.0,0.0,0.0,nan,0.5152002517287172,0.3499999940395355,,,,3.0,1001,19,0,1956,0.002974580740556121,2.9580330848693848,0.00229853973723948,0.18251828849315643,0.03965015709400177,grid,65,0.7679999896458217,1,0.012795435264706612,0.012795435264706612,0.011356527917087078,2.088841676712036,,STEP_UP,0.005794334411621245,1.343999981880188,0.7679999896458217,1,0.7475438117980957,1.75,rel
0.0,0.2209870081110995,6154,,,,0.0,0.0,0.0,0.0,0.0,0.9262580871582031,0.0,0.0,1.148160457611084,0.0,0.0,0.0,nan,0.48300118243291906,0.4000000059604645,,,,3.0,1001,19,0,1957,0.00662520295009017,2.636977195739746,0.0054083289578557014,0.13772448897361755,0.03541784733533859,grid,65,0.7064999938011169,1,0.011165364645421505,0.011165364645421505,0.010109858587384224,1.3955309391021729,,STEP_UP,0.006572445956143571,1.4129999876022339,0.7064999938011169,1,0.8543357253074646,2.0,rel
0.0,0.05807591561823151,6155,,,,0.0,0.0,0.0,0.0,0.0,1.976196050643921,0.0,0.0,1.6029458045959473,0.0,0.0,0.0,142843.4140261572,0.5102743213689973,0.44999998807907104,,,,3.0,1001,19,0,1958,0.0,2.739487648010254,0.002028123242780566,0.1452716737985611,0.04010910540819168,grid,65,0.7942221959431967,1,0.010244116187095642,0.010244116187095642,0.009752743877470493,1.0116634368896484,,STEP_UP,-0.001910179311578861,1.7869999408721924,0.7942221959431967,1,0.9611276984214783,2.25,rel
0.0,0.9168496718003456,6156,,,,0.0,0.0,0.0,0.0,0.0,0.20022940635681152,0.0,0.0,0.23890343308448792,0.0,0.0,0.0,368756.5406650736,0.28361984060855633,0.5,,,,3.0,1001,19,0,1959,0.004732287954539061,2.533127546310425,0.018523525446653366,0.27218303084373474,0.1097860261797905,grid,65,0.47480001449584963,1,0.008962923660874367,0.008962923660874367,0.008945388719439507,0.7169621586799622,,STEP_UP,-0.0007209734483197721,1.187000036239624,0.47480001449584963,1,1.0679197311401367,2.5,rel
0.0,-0.4654355358490903,6157,,,,,,,,,0.007471717894077301,,,0.014505688101053238,,,,727.7040688129148,0.002613992208046244,0.7023000121116638,,,,3.0,891,16,0,-1,,,,,,,65,,,9.524341294309124e-06,1.1341069694026373e-05,1.1341069694026373e-05,0.0003861678997054696,,STEP_UP,-0.19982482138134208,0.0,0.0,0,1.5,3.5114998817443848,rel
0.0,nan,6158,,,,,,,,,0.06878645718097687,,,nan,,,,nan,nan,0.8779000043869019,,,,3.0,241,3,0,-1,,,,,,,65,,,1.3892358765588142e-05,3.2955038477666676e-05,nan,0.00036047276807948947,,STEP_UP,nan,0.0,0.0,0,1.8750534057617188,4.389500141143799,rel
0.0,nan,6159,,,,0.00013521313667297363,-0.001181483268737793,0.005273118615150452,0.0009759664535522461,0.0001369267702102661,0.15064144134521484,0.0037367340751584604,0.0014537472247107277,nan,0.0025981001111942174,0.00028967801202670686,4.0247861240722106e-05,nan,nan,1.0535000562667847,191,0.0,0,3.0,191,2,0,1967,0.47187668085098267,1.153483510017395,0.12628448009490967,0.14594389498233795,0.021720752120018005,grid,65,0.0,0,1.8563752746558748e-05,6.482669414253905e-05,nan,0.0003344900906085968,,STEP_UP,nan,0.0,0.0,0,2.2501068115234375,5.267499923706055,rel
0.0,nan,6160,,,,,,,,,0.1842651069164276,,,nan,,,,nan,nan,1.2289999723434448,,,,3.0,191,2,0,-1,,,,,,,65,,,2.380714977334719e-05,6.24549575150013e-05,nan,0.000315202894853428,,STEP_UP,nan,0.0,0.0,0,2.6249465942382812,6.144999980926514,rel
0.0,nan,6161,,,,,,,,,0.1144884005188942,,,nan,,,,nan,nan,1.4046000242233276,,,,3.0,161,2,0,-1,,,,,,,65,,,3.528212255332619e-05,4.089313370059244e-05,nan,0.0003576316521503031,,STEP_UP,nan,0.0,0.0,0,3.0,7.0229997634887695,rel
0.0,0.1648718585954523,6162,,,,0.0,0.0,0.0,0.0,0.0,3.518005847930908,0.0,0.0,2.587249994277954,0.0,0.0,0.0,nan,0.7435920989843084,0.10000000149011612,,,,3.0,1001,19,0,1950,0.01108707394450903,4.176812171936035,0.005543536972254515,0.05658719688653946,0.014262033626437187,grid,65,0.996399998664856,1,0.011720280162990093,0.011720280162990093,0.009853154420852661,23.438217163085938,,STEP_UP,0.008620387857610604,0.498199999332428,0.996399998664856,1,0.21358393132686615,0.5,calm
0.0,-0.5180612233597093,6163,,,,0.002028123242780566,0.014992713928222656,0.002568956231698394,-0.0013102814555168152,-0.00011594966053962708,2.5628342628479004,0.3190956053879079,0.07577434137948814,2.9149386882781982,0.13763664053254968,0.07158406575520833,0.012090444618546255,101950.21603077874,0.665710577355724,0.15000000596046448,,,,3.0,1001,19,0,1952,0.0,3.7920703887939453,0.0032449972350150347,0.10887444019317627,0.015594429336488247,grid,65,0.8686666488647461,1,0.011911524459719658,0.011911524459719658,0.011808200739324093,10.586963653564453,,STEP_UP,-0.002748844840309696,0.6563000082969666,0.8750666777292887,1,0.320375919342041,0.75,calm
0.0,0.5627379808087728,6164,,,,0.0,0.0,0.0,0.0,0.0,0.26282232999801636,0.0,0.0,0.722061812877655,0.0,0.0,0.0,nan,0.31167190468153827,0.20000000298023224,,,,3.0,1001,19,0,6150,0.08856138586997986,4.233743667602539,0.0062195779755711555,0.2717173099517822,0.08281254023313522,rel,65,0.43650001287460327,1,0.01367163471877575,0.01367163471877575,0.012108663097023964,6.835134029388428,,STEP_UP,0.006451199271462284,0.43650001287460327,0.43650001287460327,1,0.4271678626537323,1.0,calm
100.0,0.4147503235233866,6165,,,,0.0,0.11605167388916016,0.0,-0.008328676223754883,-0.012270033359527588,1.1045119762420654,0.8750021798242937,0.05505520426392449,1.2379918098449707,0.20784573772684614,0.766357421875,0.026709808287522546,2501.024049424751,0.08455948013632125,0.20000000298023224,,,,0.3,1001,19,0,6189,0.0,6.556836128234863,0.0,0.5660402774810791,0.11921461671590805,rel,66,0.24369999766349792,1,3.563309655874036e-05,3.563309655874036e-05,2.9399037885013968e-05,0.017814766615629196,,STEP_UP,-0.016721309315074435,0.12229999899864197,0.12229999899864197,1,0.4271678626537323,1.0,omega
100.0,nan,6166,,,,0.0,-0.04491996765136719,0.0,-0.0019802451133728027,0.00033202022314071655,1.021242380142212,0.454743940907567,0.018205620727401443,nan,0.027446792454048706,0.34071044921875,0.0046554869029765645,nan,nan,0.25,,,,0.3,391,6,0,6190,0.0,6.147537708282471,0.0,0.5057836174964905,0.09177414327859879,rel,66,0.009576000273227692,1,1.896400863188319e-05,2.833010694303084e-05,nan,0.006067875772714615,,STEP_UP,nan,0.0,0.0,0,0.5339598655700684,1.25,omega
100.0,nan,6167,,,,0.0,-0.014740943908691406,0.0,-0.00012570619583129883,-0.00020597875118255615,0.5197790265083313,0.10115874355397024,0.005284083495603869,nan,0.009114673059168856,0.08353678385416667,0.0007457663255574275,nan,nan,0.30000001192092896,,,,0.3,311,5,0,1985,0.0,5.63283109664917,0.0,0.5421561598777771,0.09524191170930862,grid,66,0.0,0,1.9294473531772383e-05,2.0182405933155678e-05,nan,0.004287232179194689,,STEP_UP,nan,0.0,0.0,0,0.640751838684082,1.5,omega
100.0,nan,6168,,,,0.0,-0.09253501892089844,0.0,0.0008658170700073242,0.0006735920906066895,0.46921655535697937,0.23556677467344736,0.03052724603686782,nan,0.04210678995299377,0.1982421875,0.0031972669849603536,nan,nan,0.3499999940395355,,,,0.3,211,3,0,1986,0.0,5.225888252258301,0.0,0.580400824546814,0.10389890521764755,grid,66,0.0,0,1.9533605154720135e-05,2.157068593078293e-05,nan,0.0031888410449028015,,STEP_UP,nan,0.0,0.0,0,0.7475438117980957,1.75,omega
100.0,nan,6169,,,,0.0,-0.14408540725708008,0.0,0.004827618598937988,-0.000934503972530365,0.28911447525024414,0.157026846031644,0.0445854767215364,nan,0.06347656643531349,0.105621337890625,0.003133396596409554,nan,nan,0.4000000059604645,,,,0.3,201,3,0,1987,0.0,4.947258949279785,0.0,0.6188157200813293,0.11266336590051651,grid,66,0.0,0,1.8465949324308895e-05,1.8465949324308895e-05,nan,0.0023080126848071814,,STEP_UP,nan,0.0,0.0,0,0.8543357253074646,2.0,omega
100.0,nan,6170,,,,0.0,-0.09311628341674805,0.0,0.005184292793273926,-0.0007174983620643616,0.2196713536977768,0.09250627585031693,0.02827556626074815,nan,0.039931145262855655,0.05673556857638889,0.001784448346856136,nan,nan,0.44999998807907104,,,,0.3,181,2,0,1988,0.0,4.5993852615356445,0.0,0.6674407720565796,0.1198122426867485,grid,66,0.0,0,1.8813947463058867e-05,2.543992559367325e-05,nan,0.0018579819006845355,,STEP_UP,nan,0.0,0.0,0,0.9611276984214783,2.25,omega
100.0,nan,6171,,,,0.0,-0.06101036071777344,0.0,0.0016183257102966309,-0.0010198205709457397,0.16443943977355957,0.05861403177830164,0.01820848045501756,nan,0.028125316545448514,0.03316650390625,0.0010259424176584909,nan,nan,0.5,,,,0.3,161,2,0,1989,0.0,4.331067085266113,0.0,0.7198922634124756,0.12738506495952606,grid,66,0.0,0,1.9925641026929952e-05,2.239836067019496e-05,nan,0.0015938918804749846,,STEP_UP,nan,0.0,0.0,0,1.0679197311401367,2.5,omega
100.0,nan,6172,,,,0.0,-0.018560409545898438,0.0,-0.0016399621963500977,-0.0008599609136581421,0.13633069396018982,0.01780066523241414,0.005584005238283992,nan,0.01334902206620496,0.004501810053001372,0.0002759182089051122,nan,nan,0.7023000121116638,,,,0.3,141,1,0,6196,0.0,3.7597832679748535,0.0,0.9207680821418762,0.15658341348171234,rel,66,0.0,0,1.767698813637253e-05,3.652819577837363e-05,nan,0.0007167200092226267,,STEP_UP,nan,0.0,0.0,0,1.5,3.5114998817443848,omega
100.0,nan,6173,,,,0.0,-0.0018987655639648438,0.0,-0.0017734766006469727,-0.00031603872776031494,0.10446711629629135,0.00602025193852052,0.0011725054441969372,nan,0.003559633746978866,0.001501719253455209,0.00010364761530572483,nan,nan,0.8779000043869019,,,,0.3,131,1,0,6197,0.0,3.507899284362793,0.0,1.0661239624023438,0.17844589054584503,rel,66,0.0,0,1.919365968205966e-05,3.2766205549705774e-05,nan,0.0004980285884812474,,STEP_UP,nan,0.0,0.0,0,1.8750534057617188,4.389500141143799,omega
100.0,nan,6174,,,,0.0,-0.0025148391723632812,0.0,0.0021305084228515625,0.0003926306962966919,0.07515723258256912,0.0044689647545978,0.002520662468958739,nan,0.0029938584790482267,0.0008226855541558475,6.254221435985946e-05,nan,nan,1.0535000562667847,,,,0.3,131,1,0,1997,0.0,3.3654587268829346,0.0,1.189182996749878,0.19882498681545258,grid,66,0.0,0,1.7820608263718896e-05,3.636173278209753e-05,nan,0.00032109979656524956,,STEP_UP,nan,0.0,0.0,0,2.2501068115234375,5.267499923706055,omega
100.0,nan,6175,,,,0.0,-0.0033333301544189453,0.0,0.0010309219360351562,2.9832124710083008e-05,0.06113649904727936,0.003204379192094358,0.0010232055019587427,nan,0.0019161101376361513,0.0007350043249013987,5.697976579571688e-05,nan,nan,1.2289999723434448,,,,0.3,131,1,0,6199,0.0,3.2741432189941406,0.0,1.3083752393722534,0.22026455402374268,rel,66,0.0,0,1.721053740766365e-05,3.252846363466233e-05,nan,0.0002278647880302742,,STEP_UP,nan,0.0,0.0,0,2.6249465942382812,6.144999980926514,omega
100.0,nan,6176,,,,0.0,-0.004439830780029297,0.0,0.0006562471389770508,-8.74251127243042e-05,0.05193132162094116,0.002827915472580087,0.0013007324691571046,nan,0.002225278558897848,0.000590971203868906,5.589906588829882e-05,nan,nan,1.4046000242233276,,,,0.3,111,1,0,6200,0.0,3.221400022506714,0.0,1.4244465827941895,0.24507009983062744,rel,66,0.0,0,1.8863638615584932e-05,2.3599088308401406e-05,nan,0.0001912082952912897,,STEP_UP,nan,0.0,0.0,0,3.0,7.0229997634887695,omega
100.0,0.5389549452151009,6177,,,,0.0,-1.2518086433410645,0.0,0.09303408861160278,0.019123561680316925,1.724191665649414,1.723180505123568,0.44481706506261093,1.724191665649414,0.8325758644800111,0.781005859375,0.09788011680138053,1369.917325083275,0.27109063271044054,0.20000000298023224,,,,0.3,1001,19,0,6189,0.0,6.556836128234863,0.0,0.5660402774810791,0.11921461671590805,rel,66,0.24369999766349792,1,2.6081570467795245e-05,2.6081570467795245e-05,2.2867583538754843e-05,0.013039481826126575,,STEP_UP,-0.03125461231578455,0.4447999894618988,0.4447999894618988,1,0.4271678626537323,1.0,kfloor
100.0,nan,6178,,,,0.0,-0.8710336685180664,0.0,0.2617996335029602,0.12011333554983139,0.8369867205619812,1.0958549951846692,0.2991300760118044,nan,0.5769309559903634,0.6810546875,0.09313318682980576,nan,nan,0.25,,,,0.3,601,11,0,6190,0.0,6.147537708282471,0.0,0.5057836174964905,0.09177414327859879,rel,66,0.009576000273227692,1,1.97987519641174e-05,1.97987519641174e-05,nan,0.006334966979920864,,STEP_UP,nan,0.0,0.0,0,0.5339598655700684,1.25,kfloor
100.0,nan,6179,,,,0.0,-0.5419149398803711,0.0,0.13023215532302856,0.1109883263707161,0.8131491541862488,0.9404853477745023,0.19645992158203426,nan,0.43557068619016764,0.4561971028645833,0.0627432242371659,nan,nan,0.30000001192092896,,,,0.3,471,8,0,1985,0.0,5.63283109664917,0.0,0.5421561598777771,0.09524191170930862,grid,66,0.0,0,1.990532473428175e-05,2.3921420506667346e-05,nan,0.004422963131219149,,STEP_UP,nan,0.0,0.0,0,0.640751838684082,1.5,kfloor
100.0,nan,6180,,,,0.0,-0.36321210861206055,0.0,0.12045460939407349,0.08018053323030472,0.857131838798523,0.864551868464902,0.13389188178573322,nan,0.2729971193776951,0.4099818638392857,0.039539990060012416,nan,nan,0.3499999940395355,,,,0.3,241,3,0,1986,0.0,5.225888252258301,0.0,0.580400824546814,0.10389890521764755,grid,66,0.0,0,1.636183151276782e-05,4.361114770290442e-05,nan,0.002671052236109972,,STEP_UP,nan,0.0,0.0,0,0.7475438117980957,1.75,kfloor
100.0,nan,6181,,,,0.0,-0.3564934730529785,0.0,0.09123075008392334,0.05276184529066086,0.5395010113716125,0.704136481193015,0.11973000259359329,nan,0.17331809242392293,0.3807525634765625,0.02605971705275268,nan,nan,0.4000000059604645,,,,0.3,141,1,0,1987,0.0,4.947258949279785,0.0,0.6188157200813293,0.11266336590051651,grid,66,0.0,0,1.892461114039179e-05,3.490795643301681e-05,nan,0.00236533978022635,,STEP_UP,nan,0.0,0.0,0,0.8543357253074646,2.0,kfloor
100.0,nan,6182,,,,0.0,-0.2229595184326172,0.0,0.05989980697631836,0.03501785546541214,0.439485102891922,0.6538426796729375,0.07773738511307755,nan,0.11649427744775293,0.3675944010416667,0.016803592352130425,nan,nan,0.44999998807907104,,,,0.3,121,1,0,1988,0.0,4.5993852615356445,0.0,0.6674407720565796,0.1198122426867485,grid,66,0.0,0,1.7530650438857265e-05,4.7198383981594816e-05,nan,0.0017312491545453668,,STEP_UP,nan,0.0,0.0,0,0.9611276984214783,2.25,kfloor
100.0,nan,6183,,,,0.0,-0.1334552764892578,0.0,0.04527515172958374,0.023487448692321777,0.3815387189388275,0.5929947717960433,0.050154884806748276,nan,0.07845972647067817,0.3529296875,0.011331684773776775,nan,nan,0.5,,,,0.3,111,1,0,1989,0.0,4.331067085266113,0.0,0.7198922634124756,0.12738506495952606,grid,66,0.0,0,1.251429694093531e-05,2.296593265782576e-05,nan,0.0010010437108576298,,STEP_UP,nan,0.0,0.0,0,1.0679197311401367,2.5,kfloor
100.0,nan,6184,,,,0.0,-0.038155555725097656,0.0,0.01725715398788452,0.005166411399841309,nan,0.3076153140698078,0.018797226843627998,nan,0.040747177567771874,0.24681738514524895,0.004365225300874232,nan,nan,0.7023000121116638,,,,0.3,71,0,0,6196,0.0,3.7597832679748535,0.0,0.9207680821418762,0.15658341348171234,rel,66,0.0,0,1.4731227565789595e-05,nan,nan,0.000597283011302352,,STEP_UP,nan,0.0,0.0,0,1.5,3.5114998817443848,kfloor
100.0,nan,6185,,,,0.0,0.002518177032470703,0.0,0.005218386650085449,0.0010026991367340088,nan,0.14989382918747363,0.008986253227576704,nan,0.016999132733197427,0.1076510227800947,0.0020989387893168418,nan,nan,0.8779000043869019,,,,0.3,61,0,0,6197,0.0,3.507899284362793,0.0,1.0661239624023438,0.17844589054584503,rel,66,0.0,0,1.7564658264745958e-05,nan,nan,0.00045575996045954525,,STEP_UP,nan,0.0,0.0,0,1.8750534057617188,4.389500141143799,kfloor
100.0,nan,6186,,,,0.0,0.011850833892822266,0.0,0.00871884822845459,0.0010459870100021362,nan,0.08102274422125136,0.007256054194706012,nan,0.013005218524350881,0.04600086830984105,0.0011224526250837358,nan,nan,1.0535000562667847,,,,0.3,61,0,0,1997,0.0,3.3654587268829346,0.0,1.189182996749878,0.19882498681545258,grid,66,0.0,0,1.83915690286085e-05,nan,nan,0.00033138759317807853,,STEP_UP,nan,0.0,0.0,0,2.2501068115234375,5.267499923706055,kfloor
100.0,nan,6187,,,,0.0,0.013900279998779297,0.0,0.0040236711502075195,0.00032626092433929443,nan,0.04358235246319715,0.00385503913130514,nan,0.007628618817453247,0.019696129409182077,0.0006059370124998216,nan,nan,1.2289999723434448,,,,0.3,61,0,0,6199,0.0,3.2741432189941406,0.0,1.3083752393722534,0.22026455402374268,rel,66,0.0,0,1.822070225898642e-05,nan,nan,0.00024123922048602253,,STEP_UP,nan,0.0,0.0,0,2.6249465942382812,6.144999980926514,kfloor
100.0,nan,6188,,,,0.0,0.007013082504272461,0.0,0.002903461456298828,0.0002792179584503174,nan,0.024397502845101966,0.0015657384577144047,nan,0.0044500030454331,0.008795042034049013,0.0002900482963271626,nan,nan,1.4046000242233276,,,,0.3,61,0,0,6200,0.0,3.221400022506714,0.0,1.4244465827941895,0.24507009983062744,rel,66,0.0,0,1.3240490261523519e-05,nan,nan,0.00013421013136394322,,STEP_UP,nan,0.0,0.0,0,3.0,7.0229997634887695,kfloor
100.0,0.2515902184789182,6189,,,,,,,,,1.1959006786346436,,,1.363856554031372,,,,2468.557545335736,0.1256818808974288,0.20000000298023224,,,,0.3,1001,19,0,-1,,,,,,,66,,,3.0774830520385876e-05,3.0774830520385876e-05,3.0395323847187683e-05,0.015385876409709454,,STEP_UP,-0.01275356466119917,0.24369999766349792,0.24369999766349792,1,0.4271678626537323,1.0,rel
100.0,-0.7203429971943083,6190,,,,,,,,,0.20892508327960968,,,0.20346441864967346,,,,nan,0.005193210823578609,0.25,,,,0.3,1001,19,1,-1,,,,,,,66,,,6.8854369601467624e-06,6.8854369601467624e-06,6.3410575421585236e-06,0.0022031194530427456,,STEP_UP,0.0024134809320627572,0.011970000341534615,0.009576000273227692,1,0.5339598655700684,1.25,rel
100.0,-0.03975181432817689,6191,,,,0.0,0.07624578475952148,0.0,0.0006019473075866699,0.001307956874370575,0.10430216789245605,0.26386200756777395,0.025828079477358015,0.10430216789245605,0.042224409495690916,0.08746337890625,0.0024717773900325177,nan,0.0032524835018497363,0.30000001192092896,,,,0.3,1001,19,1,1985,0.0,5.63283109664917,0.0,0.5421561598777771,0.09524191170930862,grid,66,0.0,0,3.5170069168088958e-06,3.5170069168088958e-06,2.8856138669652864e-06,0.0007814789423719049,,STEP_UP,0.006924845955589067,0.009468999691307545,0.0063126664608716965,1,0.640751838684082,1.5,rel
100.0,nan,6192,,,,0.0,0.11283540725708008,0.0,-0.0007524490356445312,0.0010576993227005005,0.08758444339036942,0.21924417356988513,0.03685481060914344,nan,0.05619142649596486,0.0726318359375,0.0026962439998964765,nan,nan,0.3499999940395355,141,0.0,0,0.3,251,4,0,1986,0.0,5.225888252258301,0.0,0.580400824546814,0.10389890521764755,grid,66,0.0,0,2.2425217593990965e-06,2.2425217593990965e-06,nan,0.0003660893708001822,,STEP_UP,nan,0.0,0.0,0,0.7475438117980957,1.75,rel
100.0,nan,6193,,,,0.0,0.08395862579345703,0.0,-0.002418816089630127,0.000942036509513855,0.07330331206321716,0.09023333131921449,0.026110683120529915,nan,0.038755129051327525,0.021087646484375,0.0014633028619414473,nan,nan,0.4000000059604645,161,0.0,0,0.3,251,4,0,1987,0.0,4.947258949279785,0.0,0.6188157200813293,0.11266336590051651,grid,66,0.0,0,2.745388201219612e-06,2.745388201219612e-06,nan,0.0003431391960475594,,STEP_UP,nan,0.0,0.0,0,0.8543357253074646,2.0,rel
100.0,nan,6194,,,,0.0,0.12015008926391602,0.0,-0.0076985955238342285,0.001196928322315216,0.11023601144552231,0.0831752266231288,0.036141817633236296,nan,0.056117385244892404,0.023600260416666668,0.0019733816175734175,nan,nan,0.44999998807907104,131,0.0,0,0.3,231,3,0,1988,0.0,4.5993852615356445,0.0,0.6674407720565796,0.1198122426867485,grid,66,0.0,0,3.916992227459559e-06,6.344864686980145e-06,nan,0.00038682474405504763,,STEP_UP,nan,0.0,0.0,0,0.9611276984214783,2.25,rel
100.0,nan,6195,,,,0.0,0.08263015747070312,0.0,-0.008191168308258057,0.0007814615964889526,0.15008196234703064,0.058742081128752274,0.02478612463749367,nan,0.045465100753806414,0.021051025390625,0.0013356552922190556,nan,nan,0.5,111,0.0,0,0.3,191,2,0,1989,0.0,4.331067085266113,0.0,0.7198922634124756,0.12738506495952606,grid,66,0.0,0,4.4382272790244315e-06,9.062321623787284e-06,nan,0.0003550226683728397,,STEP_UP,nan,0.0,0.0,0,1.0679197311401367,2.5,rel
100.0,nan,6196,,,,,,,,,0.14096252620220184,,,nan,,,,nan,nan,0.7023000121116638,,,,0.3,101,1,0,-1,,,,,,,66,,,9.17158649826888e-06,9.17158649826888e-06,nan,0.0003718653169926256,,STEP_UP,nan,0.0,0.0,0,1.5,3.5114998817443848,rel
100.0,nan,6197,,,,,,,,,nan,,,nan,,,,nan,nan,0.8779000043869019,,,,0.3,81,0,0,-1,,,,,,,66,,,1.3333529750525486e-05,nan,nan,0.0003459725412540138,,STEP_UP,nan,0.0,0.0,0,1.8750534057617188,4.389500141143799,rel
100.0,nan,6198,,,,0.0,-0.0023124217987060547,0.0,0.0021477937698364258,0.0004146844148635864,nan,0.004535761995002503,0.002562468346194804,nan,0.0029720907566437747,0.0007415757107883695,5.2153917675690185e-05,nan,nan,1.0535000562667847,71,0.0,0,0.3,71,0,0,1997,0.0,3.3654587268829346,0.0,1.189182996749878,0.19882498681545258,grid,66,0.0,0,1.6699879779480398e-05,nan,nan,0.00030090598738752306,,STEP_UP,nan,0.0,0.0,0,2.2501068115234375,5.267499923706055,rel
100.0,nan,6199,,,,,,,,,nan,,,nan,,,,nan,nan,1.2289999723434448,,,,0.3,61,0,0,-1,,,,,,,66,,,2.4014290829654783e-05,nan,nan,0.00031794540700502694,,STEP_UP,nan,0.0,0.0,0,2.6249465942382812,6.144999980926514,rel
100.0,nan,6200,,,,,,,,,nan,,,nan,,,,nan,nan,1.4046000242233276,,,,0.3,51,0,0,-1,,,,,,,66,,,2.585028050816618e-05,nan,nan,0.00026202728622592986,,STEP_UP,nan,0.0,0.0,0,3.0,7.0229997634887695,rel
100.0,0.03198029396261492,6201,,,,0.0,0.0,0.0,0.0,0.0,3.1278765201568604,0.0,0.0,3.0023751258850098,0.0,0.0,0.0,nan,0.45283982056798155,0.10000000149011612,,,,0.3,1001,19,0,1980,0.024067062884569168,7.412765026092529,0.0005408328725025058,0.5246063470840454,0.10508911311626434,grid,66,0.7045999765396118,1,5.10699646838475e-05,5.10699646838475e-05,4.110175359528512e-05,0.10212971270084381,,STEP_UP,0.008332148465243496,0.3522999882698059,0.7045999765396118,1,0.21358393132686615,0.5,calm
100.0,0.5057953724391375,6202,,,,0.0,-0.0914297103881836,0.0,-0.005932152271270752,-0.018173500895500183,0.6820511817932129,1.6173049138804363,0.17935150047455808,1.4931353330612183,0.4969507512854921,1.052734375,0.10229612926932224,640.3590992808848,0.19823895543932954,0.15000000596046448,,,,0.3,1001,19,0,1982,0.0,6.78302001953125,0.0,0.5636460185050964,0.15660083293914795,grid,66,0.0,0,3.341345973240095e-06,3.341345973240095e-06,3.341345973240095e-06,0.0029697883874177933,,STEP_UP,-0.2154798594388093,0.26350000500679016,0.35133334000905353,1,0.320375919342041,0.75,calm
100.0,0.2515902184789182,6203,,,,0.0,0.0,0.0,0.0,0.0,1.1959006786346436,0.0,0.0,1.363856554031372,0.0,0.0,0.0,2468.557545335736,0.1256818808974288,0.20000000298023224,,,,0.3,1001,19,0,6189,0.0,6.556836128234863,0.0,0.5660402774810791,0.11921461671590805,rel,66,0.24369999766349792,1,3.0774830520385876e-05,3.0774830520385876e-05,3.0395323847187683e-05,0.015385876409709454,,STEP_UP,-0.01275356466119917,0.24369999766349792,0.24369999766349792,1,0.4271678626537323,1.0,calm
100.0,0.5859145032949422,6204,,,,0.006760410964488983,-1.0678324699401855,0.00932936742901802,0.0943031907081604,-0.0020365864038467407,0.8028072118759155,1.7199052970151383,0.32662038745244776,0.7654922008514404,0.6109942215253533,0.654296875,0.030114040955328953,nan,0.06163262546313596,0.20000000298023224,,,,1.0,1001,19,0,6228,0.0,6.506955623626709,0.0,0.4953535199165344,0.061318203806877136,rel,67,0.4007999897003174,1,4.332113894633949e-05,4.332113894633949e-05,3.925397322745994e-05,0.021658403798937798,,STEP_UP,0.003968013416637333,0.10209999978542328,0.10209999978542328,1,0.4271678626537323,1.0,omega
100.0,nan,6205,,,,0.0,-0.3591938018798828,0.0,-0.10571056604385376,0.009599275887012482,0.30998164415359497,1.3563800248430988,0.17287661874210994,nan,0.3057803542758023,0.5388427734375,0.01800872906921618,nan,nan,0.25,,,,1.0,531,9,0,6229,0.0,6.018383979797363,0.0,0.7031951546669006,0.06385264545679092,rel,67,0.47119998931884766,1,1.8862161596189253e-05,2.419612974335905e-05,nan,0.006035288330167532,,STEP_UP,nan,0.0,0.0,0,0.5339598655700684,1.25,omega
100.0,nan,6206,,,,0.0,0.0512847900390625,0.0,-0.049870848655700684,0.014851346611976624,0.07972939312458038,0.481201171875,0.10304960423768718,nan,0.19011334938063196,0.2164306640625,0.012278504864426373,nan,nan,0.30000001192092896,,,,1.0,411,7,0,2015,0.0,5.524569034576416,0.0,0.628507137298584,0.06360872089862823,grid,67,0.4472666581471761,1,1.9545961549738422e-05,2.1459220079123043e-05,nan,0.004343112464994192,,STEP_UP,nan,0.0,0.0,0,0.640751838684082,1.5,omega
100.0,nan,6207,,,,0.0,0.13437128067016602,0.0,-0.05066883563995361,0.015094481408596039,0.05826309695839882,0.48440960504326236,0.14801921525073117,nan,0.3127130668456591,0.18645368303571427,0.015963209363396104,nan,nan,0.3499999940395355,,,,1.0,421,7,0,2016,0.0,5.110870838165283,0.0,0.6099351048469543,0.06904057413339615,grid,67,0.4060571534293039,1,1.563516525493469e-05,2.712800596782472e-05,nan,0.0025524250231683254,,STEP_UP,nan,0.0,0.0,0,0.7475438117980957,1.75,omega
100.0,nan,6208,,,,0.0,0.2732276916503906,0.0,-0.11102074384689331,0.02168940007686615,0.022788166999816895,0.32061492785124585,0.14527214327826654,nan,0.24773608078950582,0.1356201171875,0.010792690464746249,nan,nan,0.4000000059604645,,,,1.0,541,9,0,2017,0.0,4.659106731414795,0.0,0.657173752784729,0.0687781572341919,grid,67,0.5139999985694885,1,1.7942287740879692e-05,3.364739313838072e-05,nan,0.002242561662569642,,STEP_UP,nan,0.0,0.0,0,0.8543357253074646,2.0,omega
100.0,0.5401304608706801,6209,,,,0.0,0.2720017433166504,0.0,-0.10377258062362671,0.024384215474128723,0.008638935163617134,0.36992202793199586,0.143034847710688,0.013505829498171806,0.288242827372701,0.1276584201388889,0.011162361941954514,708.2135123358868,0.0028408243818448904,0.44999998807907104,,,,1.0,711,13,0,2018,0.0,4.369747638702393,0.0,0.629304051399231,0.07188879698514938,grid,67,0.43431109852261013,1,1.9506551325321198e-05,2.11357582884375e-05,2.11357582884375e-05,0.0019263802096247673,,STEP_UP,-0.33254165649413997,0.0,0.0,0,0.9611276984214783,2.25,omega
100.0,0.2973414791030493,6210,,,,0.0,0.11553764343261719,0.0,0.1203758716583252,0.004094965755939484,0.008501516655087471,0.7112657263011093,0.23133696723868208,0.012582081370055676,0.49375606767499997,0.156396484375,0.027916767121392884,785.6730830509222,0.0029785748982610327,0.5,,,,1.0,791,14,0,2019,0.0,4.238959789276123,0.0,0.4147629737854004,0.09731260687112808,grid,67,0.008327999711036682,1,1.9218050510971807e-05,2.3471631720894948e-05,2.3471631720894948e-05,0.0015372902853414416,,STEP_UP,-0.20048255920410177,0.0,0.0,0,1.0679197311401367,2.5,omega
100.0,nan,6211,,,,0.0,0.009332656860351562,0.0,0.0005018711090087891,-0.0006969273090362549,0.012853148393332958,0.014464987559287028,0.004774098033907096,nan,0.009582583331582973,0.0022248327675064693,0.0002846763557968928,nan,nan,0.7023000121116638,,,,1.0,401,7,0,6235,0.0,3.2889983654022217,0.0,0.6867443323135376,0.12622080743312836,rel,67,0.0031809768515004247,1,1.8417671526549384e-05,1.8417671526549384e-05,nan,0.0007467512041330338,,STEP_UP,nan,0.0,0.0,0,1.5,3.5114998817443848,omega
100.0,nan,6212,,,,0.0,0.0034508705139160156,0.0,-0.002769172191619873,-0.00014568865299224854,0.018414311110973358,0.006247531891629076,0.0013895527929031924,nan,0.003560608370583275,0.0025862942698395264,0.0001502524180483826,nan,nan,0.8779000043869019,,,,1.0,301,5,0,6236,0.0,2.75814151763916,0.0,0.8224194645881653,0.13030238449573517,rel,67,0.0,0,1.7794338418752886e-05,1.7794338418752886e-05,nan,0.00046171961002983153,,STEP_UP,nan,0.0,0.0,0,1.8750534057617188,4.389500141143799,omega
100.0,nan,6213,,,,0.0,0.0002448558807373047,0.0,-0.0032519102096557617,0.0001182854175567627,0.013779439963400364,0.005956501260737564,0.0026507756938850715,nan,0.0044496136225016135,0.004287234577995262,0.00012666503902283304,nan,nan,1.0535000562667847,,,,1.0,261,4,0,2027,0.0,2.533346652984619,0.0,0.8656589388847351,0.1384280025959015,grid,67,0.0,0,1.9480976334307343e-05,2.310557829332538e-05,nan,0.0003510170499794185,,STEP_UP,nan,0.0,0.0,0,2.2501068115234375,5.267499923706055,omega
100.0,nan,6214,,,,0.0,-1.621246337890625e-05,0.0,-0.0003999471664428711,-0.00010298192501068115,0.011531776748597622,0.0009550827268109924,0.00022080443357602337,nan,0.0006359897307289344,0.00015891985403273485,2.403570243800404e-05,nan,nan,1.2289999723434448,,,,1.0,251,4,0,6238,0.0,2.4070394039154053,0.0,0.8135035037994385,0.14388537406921387,rel,67,0.0,0,1.7592861695447937e-05,1.7592861695447937e-05,nan,0.0002329267153982073,,STEP_UP,nan,0.0,0.0,0,2.6249465942382812,6.144999980926514,omega
100.0,nan,6215,,,,0.0,-0.0038001537322998047,0.0,-0.0013573765754699707,-0.0007552504539489746,0.022616054862737656,0.003617663764771615,0.0013765467259014917,nan,0.002502989223362872,0.0006257342158611946,0.00013608066117897784,nan,nan,1.4046000242233276,,,,1.0,241,3,0,6239,0.0,2.328875780105591,0.0,0.8282519578933716,0.14876358211040497,rel,67,0.0,0,1.8333797925151885e-05,3.7584784877253696e-05,nan,0.00018583763448987156,,STEP_UP,nan,0.0,0.0,0,3.0,7.0229997634887695,omega
100.0,0.38357040544506865,6216,,,,0.00013520821812562644,-1.5937414169311523,0.0006760411197319627,0.0898483395576477,-0.007426705211400986,1.5136866569519043,1.7354073502090925,0.5513473824656417,1.1801154613494873,1.0025924888360112,0.4515380859375,0.048921604505289304,nan,0.26172031588697287,0.20000000298023224,,,,1.0,1001,19,0,6228,0.0,6.506955623626709,0.0,0.4953535199165344,0.061318203806877136,rel,67,0.4007999897003174,1,0.007351478096097708,0.007351478096097708,0.00683828629553318,3.6753714084625244,,STEP_UP,0.005922135439786202,0.40130001306533813,0.40130001306533813,1,0.4271678626537323,1.0,kfloor
100.0,-0.7238522080013949,6217,,,,0.002163331490010023,-1.3286328315734863,0.004326662980020046,-0.05229604244232178,-0.007788807153701782,1.866197943687439,1.3275375110279855,0.38114813141217135,1.8614130020141602,0.6569498644478264,0.6063720703125,0.027080033642978778,nan,0.2970513861750511,0.25,,,,1.0,1001,19,0,6229,0.0,6.018383979797363,0.0,0.7031951546669006,0.06385264545679092,rel,67,0.47119998931884766,1,0.007477640639990568,0.007477640639990568,0.006886616349220276,2.392605781555176,,STEP_UP,0.0010529648173939758,0.5386000275611877,0.4308800220489502,1,0.5339598655700684,1.25,kfloor
100.0,0.9206023392099347,6218,,,,0.0027041644789278507,-0.9198546409606934,0.0,0.029252588748931885,0.008850403130054474,0.7125019431114197,1.0078139268140525,0.31557192479789636,0.7125019431114197,0.6251517642576263,0.4409993489583333,0.031487502809127044,824284.087466842,0.2122720935833099,0.30000001192092896,,,,1.0,1001,19,0,2015,0.0,5.524569034576416,0.0,0.628507137298584,0.06360872089862823,grid,67,0.4472666581471761,1,0.007666227873414755,0.007666227873414755,0.007335327100008726,1.7034357786178589,,STEP_UP,-0.00031381086869655694,0.5250999927520752,0.3500666618347168,1,0.640751838684082,1.5,kfloor
100.0,-0.14868958684781056,6219,,,,0.0,-0.8492541313171387,0.0,0.1229066252708435,0.006227485835552216,0.9336138367652893,0.7144556152134861,0.23715276508116684,1.0056020021438599,0.41800479247678524,0.27437918526785715,0.021056003901391663,nan,0.25007443461835627,0.3499999940395355,,,,1.0,1001,19,0,2016,0.0,5.110870838165283,0.0,0.6099351048469543,0.06904057413339615,grid,67,0.4060571534293039,1,0.0064497943967580795,0.0064497943967580795,0.006417479831725359,1.0529223680496216,,STEP_UP,0.0009004376151344901,0.6650999784469604,0.3800571305411203,1,0.7475438117980957,1.75,kfloor
100.0,-0.9564188429043201,6220,,,,0.0,-0.6859383583068848,0.0,0.1744672656059265,0.0052843838930130005,1.093450665473938,0.7240543836747305,0.19936268564141257,0.9390753507614136,0.38086509852383144,0.3353424072265625,0.012924551202227064,nan,0.19625411161878328,0.4000000059604645,,,,1.0,1001,19,0,2017,0.0,4.659106731414795,0.0,0.657173752784729,0.0687781572341919,grid,67,0.5139999985694885,1,0.005047936458140612,0.005047936458140612,0.004468020983040333,0.6309289932250977,,STEP_UP,0.009101937033913524,0.5972999930381775,0.29864999651908875,1,0.8543357253074646,2.0,kfloor
100.0,0.280446523163766,6221,,,,0.0,-0.6493144035339355,0.0,0.16839808225631714,-0.0032633915543556213,0.3955422043800354,0.5764797145835637,0.19411658391660094,0.41380447149276733,0.4369467978386692,0.3002658420138889,0.011589318701914458,nan,0.12931549640657525,0.44999998807907104,,,,1.0,1001,19,0,2018,0.0,4.369747638702393,0.0,0.629304051399231,0.07188879698514938,grid,67,0.43431109852261013,1,0.0034760457929223776,0.0034760457929223776,0.002442597411572933,0.34327882528305054,,STEP_UP,0.02732402194630029,0.44110000133514404,0.1960444450378418,1,0.9611276984214783,2.25,kfloor
100.0,0.9284678891785356,6222,,,,0.0,-0.743696928024292,0.0,0.29895371198654175,-0.017463967204093933,0.029177725315093994,1.0145644135329923,0.3329620038393216,0.0595148503780365,0.8121139168669652,0.187353515625,0.030064686209269637,nan,0.01902720092882456,0.5,,,,1.0,1001,19,0,2019,0.0,4.238959789276123,0.0,0.4147629737854004,0.09731260687112808,grid,67,0.008327999711036682,1,0.0017959092510864139,0.0017959092510864139,0.0009740609093569219,0.1436583697795868,,STEP_UP,0.052656412124634,0.08115000277757645,0.032460001111030576,1,1.0679197311401367,2.5,kfloor
100.0,nan,6223,,,,0.0,-0.316922664642334,0.0,0.041090965270996094,-0.03970424830913544,0.09009279310703278,0.3380356430120471,0.09195178170427173,nan,0.22609989427903834,0.1178466106538583,0.007838611200684664,nan,nan,0.7023000121116638,,,,1.0,391,6,0,6235,0.0,3.2889983654022217,0.0,0.6867443323135376,0.12622080743312836,rel,67,0.0031809768515004247,1,1.897881338663865e-05,2.529496487113647e-05,nan,0.0007695029489696026,,STEP_UP,nan,0.0,0.0,0,1.5,3.5114998817443848,kfloor
100.0,nan,6224,,,,0.0,-0.11277055740356445,0.0,-0.07383090257644653,-0.02691028267145157,0.037268463522195816,0.23872215450330872,0.03862076060899794,nan,0.10011810028424842,0.09839042071712091,0.004635224632594967,nan,nan,0.8779000043869019,,,,1.0,191,2,0,6236,0.0,2.75814151763916,0.0,0.8224194645881653,0.13030238449573517,rel,67,0.0,0,1.865312151494436e-05,4.028770490549505e-05,nan,0.00048400292871519923,,STEP_UP,nan,0.0,0.0,0,1.8750534057617188,4.389500141143799,kfloor
100.0,nan,6225,,,,0.0,-0.04139208793640137,0.0,-0.0450252890586853,-0.01705971360206604,0.014349743723869324,0.1481861866228017,0.019613374583289427,nan,0.04489608209160758,0.06547954203354689,0.0025023088074507265,nan,nan,1.0535000562667847,,,,1.0,151,2,0,2027,0.0,2.533346652984619,0.0,0.8656589388847351,0.1384280025959015,grid,67,0.0,0,1.7485344869783148e-05,1.7485344869783148e-05,nan,0.0003150588308926672,,STEP_UP,nan,0.0,0.0,0,2.2501068115234375,5.267499923706055,kfloor
100.0,nan,6226,,,,0.0,-0.006658792495727539,0.0,-0.07528209686279297,-0.01126512885093689,0.057941146194934845,0.09184041475784115,0.012749847350769847,nan,0.02416762675696995,0.022169319637566513,0.0013453662489301876,nan,nan,1.2289999723434448,,,,1.0,131,1,0,6238,0.0,2.4070394039154053,0.0,0.8135035037994385,0.14388537406921387,rel,67,0.0,0,1.858470386650879e-05,4.592234836309217e-05,nan,0.0002460585383232683,,STEP_UP,nan,0.0,0.0,0,2.6249465942382812,6.144999980926514,kfloor
100.0,nan,6227,,,,0.0,0.01070713996887207,0.0,-0.03252768516540527,-0.008031666278839111,0.05138801410794258,0.05174249836092244,0.011941961418967296,nan,0.020631985445471825,0.009525065285887072,0.0008927518269435337,nan,nan,1.4046000242233276,,,,1.0,121,1,0,6239,0.0,2.328875780105591,0.0,0.8282519578933716,0.14876358211040497,rel,67,0.0,0,1.9692350178956985e-05,3.923147960449569e-05,nan,0.00019960838835686445,,STEP_UP,nan,0.0,0.0,0,3.0,7.0229997634887695,kfloor
100.0,0.1163714774395547,6228,,,,,,,,,1.0086675882339478,,,1.316011667251587,,,,nan,0.31118683064869124,0.20000000298023224,,,,1.0,1001,19,0,-1,,,,,,,67,,,0.009609783999621868,0.009609783999621868,0.00670960359275341,4.8044114112854,,STEP_UP,0.0268227447162977,0.4007999897003174,0.4007999897003174,1,0.4271678626537323,1.0,rel
100.0,-0.5600173627478164,6229,,,,,,,,,1.4880605936050415,,,1.724922776222229,,,,nan,0.34492946173966504,0.25,,,,1.0,1001,19,0,-1,,,,,,,67,,,0.01015513576567173,0.01015513576567173,0.009472214616835117,3.2493183612823486,,STEP_UP,0.0039018240841952934,0.5889999866485596,0.47119998931884766,1,0.5339598655700684,1.25,rel
100.0,-0.40526409574257677,6230,,,,0.0,0.0,0.0,0.0,0.0,1.509027123451233,0.0,0.0,1.5005265474319458,0.0,0.0,0.0,nan,0.3181282898957564,0.30000001192092896,,,,1.0,1001,19,0,2015,0.0,5.524569034576416,0.0,0.628507137298584,0.06360872089862823,grid,67,0.4472666581471761,1,0.00973452813923359,0.00973452813923359,0.007855885662138462,2.1630122661590576,,STEP_UP,0.007258566943082098,0.6708999872207642,0.4472666581471761,1,0.640751838684082,1.5,rel
100.0,0.3853086163096757,6231,,,,0.0,0.0,0.0,0.0,0.0,0.3080503046512604,0.0,0.0,0.6189212799072266,0.0,0.0,0.0,41702.823600116964,0.29440378688297403,0.3499999940395355,,,,1.0,1001,19,0,2016,0.0,5.110870838165283,0.0,0.6099351048469543,0.06904057413339615,grid,67,0.4060571534293039,1,0.009098721668124199,0.009098721668124199,0.008185975253582,1.4853569269180298,,STEP_UP,-0.0065302978862414795,0.7106000185012817,0.4060571534293039,1,0.7475438117980957,1.75,rel
100.0,-0.9464694746911029,6232,,,,0.0,0.0,0.0,0.0,0.0,1.6639732122421265,0.0,0.0,1.8560367822647095,0.0,0.0,0.0,100745.66809329,0.3519624370043666,0.4000000059604645,,,,1.0,1001,19,0,2017,0.0,4.659106731414795,0.0,0.657173752784729,0.0687781572341919,grid,67,0.5139999985694885,1,0.009070463478565216,0.009070463478565216,0.008845924399793148,1.1336945295333862,,STEP_UP,-0.002663399956443084,1.027999997138977,0.5139999985694885,1,0.8543357253074646,2.0,rel
100.0,0.2132832365280084,6233,,,,0.0,0.0,0.0,0.0,0.0,1.0190016031265259,0.0,0.0,0.9970518946647644,0.0,0.0,0.0,nan,0.29977450544947326,0.44999998807907104,,,,1.0,1001,19,0,2018,0.0,4.369747638702393,0.0,0.629304051399231,0.07188879698514938,grid,67,0.43431109852261013,1,0.007609792985022068,0.007609792985022068,0.00755889480933547,0.7515093684196472,,STEP_UP,0.0006632978265936375,0.9771999716758728,0.43431109852261013,1,0.9611276984214783,2.25,rel
100.0,0.5791651649552285,6234,,,,0.0,0.0,0.0,0.0,0.0,0.002044200897216797,0.0,0.0,0.00250415806658566,0.0,0.0,0.0,nan,0.005422133770799174,0.5,,,,1.0,1001,19,1,2019,0.0,4.238959789276123,0.0,0.4147629737854004,0.09731260687112808,grid,67,0.008327999711036682,1,0.006329089403152466,0.006329089403152466,0.0061186570674180984,0.506276547908783,,STEP_UP,0.002051756598732895,0.020819999277591705,0.008327999711036682,1,1.0679197311401367,2.5,rel
100.0,-0.35784378789687327,6235,,,,,,,,,0.0048765987157821655,,,0.010305467993021011,,,,1064.5069217125688,0.002193082141353939,0.7023000121116638,,,,1.0,1001,19,1,-1,,,,,,,67,,,2.3954369680723175e-05,2.3954369680723175e-05,2.3954369680723175e-05,0.0009712387109175324,,STEP_UP,-0.12337949926202949,0.011169999837875366,0.0031809768515004247,1,1.5,3.5114998817443848,rel
100.0,nan,6236,,,,,,,,,0.0033302013762295246,,,nan,,,,nan,nan,0.8779000043869019,,,,1.0,261,4,0,-1,,,,,,,67,,,1.4737460332980845e-05,1.6730053175706416e-05,nan,0.00038240107824094594,,STEP_UP,nan,0.0,0.0,0,1.8750534057617188,4.389500141143799,rel
100.0,nan,6237,,,,0.0,-0.0027399063110351562,0.0,0.0009796619415283203,0.0001189112663269043,0.02151787094771862,0.006744779127951579,0.0020148079167247625,nan,0.005191495508591917,0.0016685453492738314,0.00013998780167937824,nan,nan,1.0535000562667847,171,0.0,0,1.0,161,2,0,2027,0.0,2.533346652984619,0.0,0.8656589388847351,0.1384280025959015,grid,67,0.0,0,2.0493542251642793e-05,2.564800888649188e-05,nan,0.0003692618920467794,,STEP_UP,nan,0.0,0.0,0,2.2501068115234375,5.267499923706055,rel
100.0,nan,6238,,,,,,,,,0.07501047849655151,,,nan,,,,nan,nan,1.2289999723434448,,,,1.0,131,1,0,-1,,,,,,,67,,,2.3311285985982977e-05,5.571250949287787e-05,nan,0.0003086377400904894,,STEP_UP,nan,0.0,0.0,0,2.6249465942382812,6.144999980926514,rel
100.0,nan,6239,,,,,,,,,0.05995078384876251,,,nan,,,,nan,nan,1.4046000242233276,,,,1.0,111,1,0,-1,,,,,,,67,,,3.1922259950079024e-05,4.507691483013332e-05,nan,0.0003235749318264425,,STEP_UP,nan,0.0,0.0,0,3.0,7.0229997634887695,rel
100.0,0.6853683298406446,6240,,,,0.0,0.0,0.0,0.0,0.0,2.616554021835327,0.0,0.0,2.758453369140625,0.0,0.0,0.0,13525.020695542771,0.33997749284065787,0.10000000149011612,,,,1.0,1001,19,0,2010,0.043807461857795715,9.087942123413086,0.0036506219767034054,0.3993131220340729,0.05264631658792496,grid,67,0.4708000123500824,1,0.006319690495729446,0.006319690495729446,0.006319690495729446,12.638117790222168,,STEP_UP,-0.019958972930908023,0.2354000061750412,0.4708000123500824,1,0.21358393132686615,0.5,calm
100.0,-0.40455741000426815,6241,,,,-0.0012168739922344685,0.06487321853637695,-0.0012168738758191466,0.021673262119293213,0.000562671571969986,2.273991823196411,0.22817308250860704,0.06334627585367153,1.9665651321411133,0.11333415304130179,0.23893229166666666,0.00801206672000352,40983.96189043731,0.3696652771832645,0.15000000596046448,,,,1.0,1001,19,0,2012,0.007436451967805624,7.544817924499512,0.0031097889877855778,0.46156764030456543,0.05951055511832237,grid,67,0.4753333330154419,1,0.00707939313724637,0.00707939313724637,0.00707939313724637,6.2921648025512695,,STEP_UP,-0.006375130740078951,0.39899998903274536,0.5319999853769938,1,0.320375919342041,0.75,calm
100.0,0.1163714774395547,6242,,,,0.0,0.0,0.0,0.0,0.0,1.0086675882339478,0.0,0.0,1.316011667251587,0.0,0.0,0.0,nan,0.31118683064869124,0.20000000298023224,,,,1.0,1001,19,0,6228,0.0,6.506955623626709,0.0,0.4953535199165344,0.061318203806877136,rel,67,0.4007999897003174,1,0.009609783999621868,0.009609783999621868,0.00670960359275341,4.8044114112854,,STEP_UP,0.0268227447162977,0.4007999897003174,0.4007999897003174,1,0.4271678626537323,1.0,calm
100.0,0.5605972079989054,6243,,,,-0.004732288420200348,-1.2260165214538574,0.022309357300400734,-0.09466012567281723,-0.0323496013879776,1.068113088607788,1.6437301360768533,0.4532927755406808,0.8943859338760376,0.7807124626265527,0.20456314086914062,0.0500019291257652,nan,0.34557002578309637,0.20000000298023224,,,,3.0,1001,19,0,6267,0.0761222317814827,6.003180503845215,0.008247701451182365,0.21222582459449768,0.06793738901615143,rel,68,0.323199987411499,1,0.006944224238395691,0.006944224238395691,0.003841712139546871,3.4717650413513184,,STEP_UP,0.03826471675526028,0.5425000190734863,0.5425000190734863,1,0.4271678626537323,1.0,omega
100.0,-0.16241028137136074,6244,,,,-0.013385612517595291,-0.8184561729431152,-0.03718226216733456,0.0022976696491241455,-0.0005391538143157959,1.0755281448364258,1.3343669998322205,0.27745455386331486,1.0755281448364258,0.6882755642646236,0.1133544921875,0.01849876803407932,nan,0.31430266543972407,0.25,,,,3.0,1001,19,0,6268,0.040968090295791626,5.2214741706848145,0.054353706538677216,0.1366931051015854,0.032003454864025116,rel,68,0.5975200176239014,1,0.006218655500560999,0.006218655500560999,0.0021206068340688944,1.989770770072937,,STEP_UP,0.10591428496620894,0.5673999786376953,0.45391998291015623,1,0.5339598655700684,1.25,omega
100.0,-0.6701750534692389,6245,,,,0.024472687393426895,-0.7427406311035156,0.045970793813467026,0.10516251623630524,0.011952713131904602,0.9838846325874329,1.5976117544240036,0.29835349727757177,0.5840674638748169,0.8053795925605914,0.13275146484375,0.02086981819925468,nan,0.15721510682176362,0.30000001192092896,,,,3.0,1001,19,0,2045,0.03921038284897804,4.766136646270752,0.04515954479575157,0.14906708896160126,0.03587751463055611,grid,68,0.5688000122706095,1,0.004908595699816942,0.004908595699816942,0.0010481046047061682,1.090690016746521,,STEP_UP,0.1354957277124582,0.3671000003814697,0.24473333358764648,1,0.640751838684082,1.5,omega
100.0,0.49807219696974675,6246,,,,0.18482963554561138,-0.7856974601745605,0.11844240361824632,0.14421619474887848,0.011054813861846924,0.08738609403371811,1.8328376329796132,0.38713130909500953,0.1076790913939476,1.0401816587326291,0.20457676478794642,0.033993306603358385,nan,0.029484275163702722,0.3499999940395355,,,,3.0,1001,19,0,2046,0.02001081593334675,4.520564556121826,0.007030827458947897,0.2032955437898636,0.05409923195838928,grid,68,0.4549142973763602,1,0.0006363053107634187,0.0006363053107634187,0.00044435725430957973,0.10387619584798813,,STEP_UP,0.031977809559215385,0.07665000110864639,0.04380000063351223,1,0.7475438117980957,1.75,omega
100.0,0.7247682273817365,6247,,,,0.1983504593372345,-0.5650346279144287,0.09424013295210898,0.23117251694202423,0.0266108475625515,0.10584646463394165,1.3232143779239436,0.2532680063980044,0.13494724035263062,0.7491684247011812,0.1651611328125,0.021339285326945324,1562.702461348432,0.023494021364534243,0.4000000059604645,,,,3.0,1001,19,0,2047,0.012709572911262512,4.0695719718933105,0.002974580740556121,0.16582103073596954,0.04433886334300041,grid,68,0.5615000128746033,1,6.280345405684784e-05,6.280345405684784e-05,6.280345405684784e-05,0.007849646732211113,,STEP_UP,-0.08847275647250077,0.051180001348257065,0.025590000674128532,1,0.8543357253074646,2.0,omega
100.0,0.7601158148770526,6248,,,,0.18996754748513922,-0.4156343936920166,0.04610600307933055,0.3111037313938141,0.035571083426475525,0.11062191426753998,1.0721605647590262,0.19585163256062238,0.15125295519828796,0.5895574112697068,0.1796332465277778,0.017802964927528236,865.5006557074694,0.020881003617151575,0.44999998807907104,,,,3.0,871,16,0,2048,0.0009464575559832156,3.826277256011963,0.00040562465437687933,0.16347980499267578,0.04204279184341431,grid,68,0.6119999885559082,1,1.9845514543703757e-05,2.1254127204883844e-05,2.1254127204883844e-05,0.0019598547369241714,,STEP_UP,-0.18215126083010702,0.0,0.0,0,0.9611276984214783,2.25,omega
100.0,0.5867746046983412,6249,,,,0.1454840451478958,-0.23462963104248047,0.020146027207374573,0.20469796657562256,-0.011442162096500397,0.1562104970216751,1.4696829621328706,0.33372374624330214,0.1562104970216751,0.8390212459341113,0.1760498046875,0.035303880260595444,699.3591499581166,0.014117016891320505,0.5,,,,3.0,701,13,0,2049,0.0,3.6071836948394775,0.01811790093779564,0.3069307804107666,0.09491172432899475,grid,68,0.1586400032043457,1,1.9832776160910726e-05,1.9832776160910726e-05,1.9832776160910726e-05,0.001586463418789208,,STEP_UP,-0.22224378585815385,0.0,0.0,0,1.0679197311401367,2.5,omega
100.0,0.5822693755062105,6250,,,,0.07923200726509094,-0.0756535530090332,0.023526236414909363,0.12061426043510437,0.014785382896661758,0.07862286269664764,0.4584036230361156,0.046520011391138635,0.1295933574438095,0.1315671961240851,0.06080050797451274,0.006522882504265352,703.0093886528384,0.03215466143518395,0.7023000121116638,,,,3.0,711,13,0,6274,0.0972147136926651,2.4608042240142822,0.12858301401138306,0.1965160369873047,0.054545652121305466,rel,68,0.1351559172010235,1,1.9047114619752392e-05,2.0160177882644348e-05,2.0160177882644348e-05,0.0007722722366452217,,STEP_UP,-0.17240991592407165,0.0,0.0,0,1.5,3.5114998817443848,omega
100.0,nan,6251,,,,0.00338020920753479,0.05632293224334717,-0.00419144332408905,0.018767908215522766,0.0023376308381557465,0.05622631683945656,0.13999203984003034,0.019667391099549496,nan,0.055516716729891315,0.018187488736290863,0.0017608381136293837,nan,nan,0.8779000043869019,,,,3.0,451,8,0,6275,0.1350730061531067,1.7752258777618408,0.18591129779815674,0.17397543787956238,0.04801150783896446,rel,68,0.0,0,1.764138687576633e-05,1.764138687576633e-05,nan,0.00045775086618959904,,STEP_UP,nan,0.0,0.0,0,1.8750534057617188,4.389500141143799,omega
100.0,nan,6252,,,,-0.0033802054822444916,0.01715683937072754,-0.0012168735265731812,0.010161802172660828,0.0011600852012634277,0.05965131148695946,0.04996407940754808,0.0068107489704148285,nan,0.012608498177497589,0.01181886289068964,0.0006602888914036442,nan,nan,1.0535000562667847,,,,3.0,341,5,0,2057,0.048810169100761414,1.9034637212753296,0.10424553602933884,0.22849537432193756,0.05758345127105713,grid,68,0.0,0,1.9090826754109003e-05,2.5882767658913508e-05,nan,0.0003439871652517468,,STEP_UP,nan,0.0,0.0,0,2.2501068115234375,5.267499923706055,omega
100.0,nan,6253,,,,0.0008112494833767414,0.00011277198791503906,0.0002704150974750519,0.000987917184829712,-8.440017700195312e-05,0.037492137402296066,0.0025430280359212544,0.0005944133392930479,nan,0.0012769336358533056,0.0004866920529752505,7.356813417974765e-05,nan,nan,1.2289999723434448,,,,3.0,301,5,0,6277,0.005273120477795601,1.945694923400879,0.046241212636232376,0.2581145167350769,0.06664494425058365,rel,68,0.0,0,1.776360659277998e-05,1.776360659277998e-05,nan,0.0002351873554289341,,STEP_UP,nan,0.0,0.0,0,2.6249465942382812,6.144999980926514,omega
100.0,nan,6254,,,,0.0,-0.005222439765930176,0.00013520754873752594,-0.0012800395488739014,9.788572788238525e-05,0.02693323791027069,0.006675607186699834,0.001682277272390716,nan,0.0033417248127195496,0.0010950348777570905,0.00019332091948555077,nan,nan,1.4046000242233276,,,,3.0,281,4,0,6278,0.0,1.9666236639022827,0.016089778393507004,0.3246571123600006,0.08285912871360779,rel,68,0.0,0,1.717606937745586e-05,3.0275499739218503e-05,nan,0.00017410250438842922,,STEP_UP,nan,0.0,0.0,0,3.0,7.0229997634887695,omega
100.0,0.65466158845391,6255,,,,-0.06003245338797569,-1.2043347358703613,0.006625202484428883,-0.07616084814071655,-0.029414750635623932,0.6034982204437256,1.4757322684439629,0.6231851385412626,0.7358121871948242,1.09280136386345,0.265228271484375,0.07374349112379158,nan,0.3713670998810586,0.20000000298023224,,,,3.0,1001,19,0,6267,0.0761222317814827,6.003180503845215,0.008247701451182365,0.21222582459449768,0.06793738901615143,rel,68,0.323199987411499,1,0.011233658529818058,0.011233658529818058,0.01064497884362936,5.616267681121826,,STEP_UP,5.007873881962395e-05,0.5338000059127808,0.5338000059127808,1,0.4271678626537323,1.0,kfloor
100.0,-0.6990313173341789,6256,,,,-0.034342887345701456,-0.9443235397338867,-0.03272039070725441,-0.03966699540615082,-0.01055554486811161,2.0299572944641113,0.7110736758425221,0.27676874769996107,1.956957459449768,0.5062735101851065,0.089208984375,0.01296679036819722,99312.76759910297,0.401378581012545,0.25,,,,3.0,1001,19,0,6268,0.040968090295791626,5.2214741706848145,0.054353706538677216,0.1366931051015854,0.032003454864025116,rel,68,0.5975200176239014,1,0.010313352569937706,0.010313352569937706,0.009964396245777607,3.2999427318573,,STEP_UP,-0.002758947285738775,0.7184000015258789,0.5747200012207031,1,0.5339598655700684,1.25,kfloor
100.0,0.14948948460325137,6257,,,,-0.01744185946881771,-0.8362295627593994,-0.027852892875671387,-0.01289108395576477,-0.005113294348120689,1.449549674987793,0.7342687985438979,0.26916242286052416,1.239772915840149,0.5158471293702395,0.0687255859375,0.01675511816825784,34801.31086539531,0.35089938801836934,0.30000001192092896,,,,3.0,1001,19,0,2045,0.03921038284897804,4.766136646270752,0.04515954479575157,0.14906708896160126,0.03587751463055611,grid,68,0.5688000122706095,1,0.009394037537276745,0.009394037537276745,0.00875755026936531,2.087355136871338,,STEP_UP,-0.007904726808721297,0.8129000067710876,0.5419333378473917,1,0.640751838684082,1.5,kfloor
100.0,-0.3526828968731075,6258,,,,-0.01216873899102211,-0.7775928974151611,-0.00540832884144038,-0.07564263045787811,-0.024689629673957825,1.2990443706512451,0.8810690118505918,0.2661344546858724,1.503256916999817,0.5698121851122375,0.08139474051339286,0.023065567325147588,45527.58117302389,0.3685075269013912,0.3499999940395355,,,,3.0,1001,19,0,2046,0.02001081593334675,4.520564556121826,0.007030827458947897,0.2032955437898636,0.05409923195838928,grid,68,0.4549142973763602,1,0.008726421743631363,0.008726421743631363,0.007952013984322548,1.424579381942749,,STEP_UP,-0.0059286074204877295,0.9502999782562256,0.5430285590035575,1,0.7475438117980957,1.75,kfloor
100.0,-0.8870111364879454,6259,,,,-0.010546241421252489,-0.6248135566711426,-0.0028393725224304944,-0.05198722332715988,-0.013901706784963608,1.3441282510757446,0.6445467558715112,0.20114155572388634,1.4605997800827026,0.431637933638665,0.06316375732421875,0.01161051469438459,nan,0.329213991623536,0.4000000059604645,,,,3.0,1001,19,0,2047,0.012709572911262512,4.0695719718933105,0.002974580740556121,0.16582103073596954,0.04433886334300041,grid,68,0.5615000128746033,1,0.007447442039847374,0.007447442039847374,0.007150370627641678,0.9308371543884277,,STEP_UP,0.0012791720303623286,0.9857000112533569,0.49285000562667847,1,0.8543357253074646,2.0,kfloor
100.0,0.2997920523728286,6260,,,,0.005813953408505768,-0.6646325588226318,0.028123309690272436,-0.048584744334220886,-0.009402886033058167,0.6583327651023865,0.5569733330772605,0.19187036434778557,0.8111066818237305,0.4280185813049071,0.035454644097222224,0.006024254642780222,nan,0.2660928833011505,0.44999998807907104,,,,3.0,1001,19,0,2048,0.0009464575559832156,3.826277256011963,0.00040562465437687933,0.16347980499267578,0.04204279184341431,grid,68,0.6119999885559082,1,0.005690319463610649,0.005690319463610649,0.005503763444721699,0.5619506239891052,,STEP_UP,0.002261608297174855,0.9229999780654907,0.41022221247355145,1,0.9611276984214783,2.25,kfloor
100.0,0.6230849466503411,6261,,,,0.07842076569795609,-0.5366137027740479,0.017847485840320587,-0.08671770989894867,-0.025958426296710968,0.0028258920647203922,0.8503912580082105,0.26416124735003976,0.006543874740600586,0.675415039533364,0.13544921875,0.022928513579268013,nan,0.011097258055095295,0.5,,,,3.0,1001,19,0,2049,0.0,3.6071836948394775,0.01811790093779564,0.3069307804107666,0.09491172432899475,grid,68,0.1586400032043457,1,0.004368823021650314,0.004368823021650314,0.0040505388751626015,0.3494708836078644,,STEP_UP,0.005218219757080263,0.05034000054001808,0.020136000216007234,1,1.0679197311401367,2.5,kfloor
100.0,-0.6556514987408176,6262,,,,0.0200108140707016,-0.32864904403686523,0.07706868648529053,-0.08091552555561066,-0.0187067911028862,0.2130921483039856,0.6445674553317227,0.10907402138478926,0.1863379329442978,0.35279504681193996,0.04909406368610956,0.007388577710554097,nan,0.036766517972890184,0.7023000121116638,,,,3.0,1001,19,0,6274,0.0972147136926651,2.4608042240142822,0.12858301401138306,0.1965160369873047,0.054545652121305466,rel,68,0.1351559172010235,1,0.0007585042621940374,0.0007585042621940374,0.0005397686618380249,0.030753834173083305,,STEP_UP,0.0296636971560393,0.2231999933719635,0.06356258034702991,1,1.5,3.5114998817443848,kfloor
100.0,nan,6263,,,,-0.032720379531383514,0.062485337257385254,-0.0027041584253311157,-0.04195199906826019,-0.011012740433216095,0.0012595036532729864,0.1539041180204083,0.05831844955613354,nan,0.0943342218400754,0.0219000724462218,0.003186571328780052,nan,nan,0.8779000043869019,,,,3.0,511,9,0,6275,0.1350730061531067,1.7752258777618408,0.18591129779815674,0.17397543787956238,0.04801150783896446,rel,68,0.0,0,1.9637926016002893e-05,2.070317350444384e-05,nan,0.0005095562082715333,,STEP_UP,nan,0.0,0.0,0,1.8750534057617188,4.389500141143799,kfloor
100.0,nan,6264,,,,0.006084367632865906,-0.021382689476013184,0.010816656053066254,-0.047918692231178284,-0.009573228657245636,0.03416494280099869,0.25688207114255207,0.050563477914596325,nan,0.10457395791334016,0.021273953203241353,0.002566818966236826,nan,nan,1.0535000562667847,,,,3.0,211,3,0,2057,0.048810169100761414,1.9034637212753296,0.10424553602933884,0.22849537432193756,0.05758345127105713,grid,68,0.0,0,1.845545557443984e-05,2.024077548412606e-05,nan,0.0003325387660879642,,STEP_UP,nan,0.0,0.0,0,2.2501068115234375,5.267499923706055,kfloor
100.0,nan,6265,,,,-0.002028123242780566,0.00838327407836914,0.005543537437915802,-0.009579718112945557,-0.005896080285310745,0.06898795813322067,0.09738962900905938,0.026176226259572288,nan,0.044190372913342935,0.010190735639849123,0.001177182560238344,nan,nan,1.2289999723434448,,,,3.0,161,2,0,6277,0.005273120477795601,1.945694923400879,0.046241212636232376,0.2581145167350769,0.06664494425058365,rel,68,0.0,0,1.8546490537119098e-05,2.6622519726515748e-05,nan,0.00024555259733460844,,STEP_UP,nan,0.0,0.0,0,2.6249465942382812,6.144999980926514,kfloor
100.0,nan,6266,,,,0.0,0.01912069320678711,0.0029745809733867645,-0.02220138907432556,-0.0034971535205841064,0.026632200926542282,0.0356689411541432,0.017289516157644614,nan,0.02669954408968556,0.00441490252302065,0.0007260423130117842,nan,nan,1.4046000242233276,,,,3.0,151,2,0,6278,0.0,1.9666236639022827,0.016089778393507004,0.3246571123600006,0.08285912871360779,rel,68,0.0,0,1.4788724001846276e-05,1.4788724001846276e-05,nan,0.00014990355703048408,,STEP_UP,nan,0.0,0.0,0,3.0,7.0229997634887695,kfloor
100.0,0.696624441627663,6267,,,,,,,,,0.1811612844467163,,,0.4443032145500183,,,,nan,0.240788719662173,0.20000000298023224,,,,3.0,1001,19,0,-1,,,,,,,68,,,0.012834328226745129,0.012834328226745129,0.012002306059002876,6.41652250289917,,STEP_UP,0.0039080749858510545,0.323199987411499,0.323199987411499,1,0.4271678626537323,1.0,rel
100.0,-0.6174696783077507,6268,,,,,,,,,1.844200849533081,,,2.2057087421417236,,,,nan,0.4494249468898651,0.25,,,,3.0,1001,19,0,-1,,,,,,,68,,,0.012555839493870735,0.012555839493870735,0.011035850271582603,4.017467021942139,,STEP_UP,0.0024875922636553075,0.7469000220298767,0.5975200176239014,1,0.5339598655700684,1.25,rel
100.0,-0.38009926146068557,6269,,,,0.0,0.0,0.0,0.0,0.0,1.8693571090698242,0.0,0.0,1.8012231588363647,0.0,0.0,0.0,nan,0.4145867031928914,0.30000001192092896,,,,3.0,1001,19,0,2045,0.03921038284897804,4.766136646270752,0.04515954479575157,0.14906708896160126,0.03587751463055611,grid,68,0.5688000122706095,1,0.012044673785567284,0.012044673785567284,0.011695222929120064,2.6763265132904053,,STEP_UP,0.0013880317861384955,0.8532000184059143,0.5688000122706095,1,0.640751838684082,1.5,rel
100.0,0.7825190922118986,6270,,,,0.0,0.0,0.0,0.0,0.0,0.3103979527950287,0.0,0.0,0.3103979527950287,0.0,0.0,0.0,nan,0.3115519197444177,0.3499999940395355,,,,3.0,1001,19,0,2046,0.02001081593334675,4.520564556121826,0.007030827458947897,0.2032955437898636,0.05409923195838928,grid,68,0.4549142973763602,1,0.011191507801413536,0.011191507801413536,0.010401894338428974,1.8270022869110107,,STEP_UP,0.0031179016286678285,0.7961000204086304,0.4549142973763602,1,0.7475438117980957,1.75,rel
100.0,-0.23162922964320096,6271,,,,0.0,0.0,0.0,0.0,0.0,0.9284799098968506,0.0,0.0,1.7165093421936035,0.0,0.0,0.0,17423.241682893808,0.39175140813862636,0.4000000059604645,,,,3.0,1001,19,0,2047,0.012709572911262512,4.0695719718933105,0.002974580740556121,0.16582103073596954,0.04433886334300041,grid,68,0.5615000128746033,1,0.009434451349079609,0.009434451349079609,0.00903283804655075,1.1791884899139404,,STEP_UP,-0.016280887343666697,1.1230000257492065,0.5615000128746033,1,0.8543357253074646,2.0,rel
100.0,0.38703546336730377,6272,,,,0.0,0.0,0.0,0.0,0.0,1.1902598142623901,0.0,0.0,1.0916141271591187,0.0,0.0,0.0,1127183.146243235,0.41096096435811164,0.44999998807907104,,,,3.0,1001,19,0,2048,0.0009464575559832156,3.826277256011963,0.00040562465437687933,0.16347980499267578,0.04204279184341431,grid,68,0.6119999885559082,1,0.009525354020297527,0.009525354020297527,0.0093142781406641,0.9406815767288208,,STEP_UP,-0.00023778135126281902,1.3769999742507935,0.6119999885559082,1,0.9611276984214783,2.25,rel
100.0,0.9509412993456671,6273,,,,0.0,0.0,0.0,0.0,0.0,0.07908253371715546,0.0,0.0,0.07091569900512695,0.0,0.0,0.0,nan,0.09435781307231056,0.5,,,,3.0,1001,19,0,2049,0.0,3.6071836948394775,0.01811790093779564,0.3069307804107666,0.09491172432899475,grid,68,0.1586400032043457,1,0.008084653876721859,0.008084653876721859,0.007983907125890255,0.6467076539993286,,STEP_UP,0.0007958715612240038,0.39660000801086426,0.1586400032043457,1,1.0679197311401367,2.5,rel
100.0,-0.2078508719849485,6274,,,,,,,,,0.3973192274570465,,,0.35018497705459595,,,,nan,0.08762276389057477,0.7023000121116638,,,,3.0,1001,19,0,-1,,,,,,,68,,,0.002037889091297984,0.002037889091297984,0.0010692160576581955,0.08262696117162704,,STEP_UP,0.054522111199118956,0.4745999872684479,0.1351559172010235,1,1.5,3.5114998817443848,rel
100.0,0.670547972910716,6275,,,,,,,,,0.0009657018235884607,,,0.0016270382329821587,,,,800.4870159615168,0.0010062665345031848,0.8779000043869019,,,,3.0,891,16,0,-1,,,,,,,68,,,1.5375584553112276e-05,1.724736466712784e-05,1.724736466712784e-05,0.0003989588294643909,,STEP_UP,-0.12730795996529723,0.0,0.0,0,1.8750534057617188,4.389500141143799,rel
100.0,nan,6276,,,,-0.004056248813867569,0.0032902956008911133,-0.0006760358810424805,0.0031387507915496826,3.082677721977234e-05,0.05934968218207359,0.019280980720869458,0.003329847829899639,nan,0.005948838257161183,0.0034066134214340727,0.0003133070198795764,nan,nan,1.0535000562667847,231,0.0,0,3.0,221,3,0,2057,0.048810169100761414,1.9034637212753296,0.10424553602933884,0.22849537432193756,0.05758345127105713,grid,68,0.0,0,2.0616102119674906e-05,2.5509472834528424e-05,nan,0.0003714702615980059,,STEP_UP,nan,0.0,0.0,0,2.2501068115234375,5.267499923706055,rel
100.0,nan,6277,,,,,,,,,0.11119504272937775,,,nan,,,,nan,nan,1.2289999723434448,,,,3.0,161,2,0,-1,,,,,,,68,,,2.2716709281667136e-05,3.216906407033093e-05,nan,0.0003007656487170607,,STEP_UP,nan,0.0,0.0,0,2.6249465942382812,6.144999980926514,rel
100.0,nan,6278,,,,,,,,,0.11213760823011398,,,nan,,,,nan,nan,1.4046000242233276,,,,3.0,131,1,0,-1,,,,,,,68,,,3.325393845443614e-05,6.829835911048576e-05,nan,0.00033707328839227557,,STEP_UP,nan,0.0,0.0,0,3.0,7.0229997634887695,rel
100.0,0.17001478403199233,6279,,,,0.0,0.0,0.0,0.0,0.0,2.0853757858276367,0.0,0.0,2.0853757858276367,0.0,0.0,0.0,nan,0.5565818951901352,0.10000000149011612,,,,3.0,1001,19,0,2040,0.062195781618356705,7.706311225891113,0.004732287954539061,0.15184269845485687,0.029584620147943497,grid,68,0.6782000064849854,1,0.010011667385697365,0.010011667385697365,0.009007532149553299,20.021333694458008,,STEP_UP,0.005793653834949878,0.3391000032424927,0.6782000064849854,1,0.21358393132686615,0.5,calm
100.0,-0.3650023914503719,6280,,,,-0.01311519742012024,-0.04744911193847656,0.017036234959959984,0.0018664300441741943,-0.0010247081518173218,2.226771593093872,0.3118882894434542,0.0779871263489209,2.333641767501831,0.14310080712988615,0.063690185546875,0.011403413501885297,53403.270866322644,0.5046121813160745,0.15000000596046448,,,,3.0,1001,19,0,2042,0.10532720386981964,6.5897321701049805,0.020146025344729424,0.15130077302455902,0.03278864175081253,grid,68,0.6153333187103271,1,0.011381779797375202,0.011381779797375202,0.010362439788877964,10.116125106811523,,STEP_UP,-0.005257749557495078,0.4611000120639801,0.6148000160853068,1,0.320375919342041,0.75,calm
100.0,0.696624441627663,6281,,,,0.0,0.0,0.0,0.0,0.0,0.1811612844467163,0.0,0.0,0.4443032145500183,0.0,0.0,0.0,nan,0.240788719662173,0.20000000298023224,,,,3.0,1001,19,0,6267,0.0761222317814827,6.003180503845215,0.008247701451182365,0.21222582459449768,0.06793738901615143,rel,68,0.323199987411499,1,0.012834328226745129,0.012834328226745129,0.012002306059002876,6.41652250289917,,STEP_UP,0.0039080749858510545,0.323199987411499,0.323199987411499,1,0.4271678626537323,1.0,calm
250.0,0.20815181795908055,6282,,,,0.0,0.023241043090820312,0.0,-0.00031113624572753906,0.02792099118232727,2.788996696472168,1.0903054903373064,0.09844505064226222,2.443775177001953,0.32081233674959503,0.75537109375,0.05824569863780503,nan,0.3604019205522931,0.20000000298023224,,,,0.3,1001,19,0,6306,0.0005408328725025058,8.858105659484863,0.0,0.6503514051437378,0.13925950229167938,rel,69,0.751800000667572,1,0.00020649944781325758,0.00020649944781325758,0.00018790892499964684,0.10323940217494965,,STEP_UP,0.002184859189120475,0.6901000142097473,0.6901000142097473,1,0.4271678626537323,1.0,omega
250.0,0.35724052754227853,6283,,,,0.0,0.07402515411376953,0.0,0.00015592575073242188,-0.0019010305404663086,1.9740625619888306,0.8737823733552469,0.061474752725557046,1.843597650527954,0.22214801212206195,0.5361328125,0.029334201756008517,nan,0.22763143722053986,0.25,,,,0.3,1001,19,0,6307,0.0,8.365700721740723,0.0,0.6914526224136353,0.15135355293750763,rel,69,0.48832001686096194,1,0.00018346529395785183,0.00018346529395785183,0.00014279986498877406,0.05870302394032478,,STEP_UP,0.002961930361661327,0.6137999892234802,0.4910399913787842,1,0.5339598655700684,1.25,omega
250.0,0.818131164304771,6284,,,,0.0,0.005851268768310547,0.0,0.022198975086212158,0.005397990345954895,0.842168390750885,0.9165560780270711,0.02487393797689241,1.0035914182662964,0.04730384640008645,0.55615234375,0.011711540422247016,nan,0.08155049601276375,0.30000001192092896,,,,0.3,1001,19,0,2075,0.0,7.930660247802734,0.0,0.7247848510742188,0.15685978531837463,grid,69,0.07960000137488048,1,5.4716685554012656e-05,5.4716685554012656e-05,5.0412236305419356e-05,0.012158047407865524,,STEP_UP,0.01763240640813674,0.0924300029873848,0.061620001991589866,1,0.640751838684082,1.5,omega
250.0,nan,6285,,,,0.0,0.00798177719116211,0.0,0.0007132887840270996,-0.0001166313886642456,0.531844437122345,0.496842437448807,0.011117350088788015,nan,0.01721401193551993,0.11077008928571429,0.0023248239305153295,nan,nan,0.3499999940395355,,,,0.3,421,7,0,2076,0.0,7.3335089683532715,0.0,0.756994903087616,0.1477109044790268,grid,69,0.01938857138156891,1,1.8977252693730406e-05,2.4754148398642428e-05,nan,0.003098017070442438,,STEP_UP,nan,0.0,0.0,0,0.7475438117980957,1.75,omega
250.0,nan,6286,,,,0.0,-0.013584613800048828,0.0,-0.0008244514465332031,0.00016649067401885986,0.5111047029495239,0.11616447891481985,0.00605364146406677,nan,0.014667506521792285,0.083709716796875,0.0008931686590980233,nan,nan,0.4000000059604645,,,,0.3,381,6,0,2077,0.0,6.812889099121094,0.0,0.7942022681236267,0.15217462182044983,grid,69,0.0,0,1.983760012080893e-05,2.6726285796030425e-05,nan,0.0024794519413262606,,STEP_UP,nan,0.0,0.0,0,0.8543357253074646,2.0,omega
250.0,nan,6287,,,,0.0,-0.08110809326171875,0.0,-0.001259148120880127,0.0023868829011917114,0.5568087697029114,0.21702053473813354,0.02665477672920068,nan,0.06192011318746857,0.1641845703125,0.0026226986501159725,nan,nan,0.44999998807907104,,,,0.3,291,4,0,2078,0.0,6.35635232925415,0.0,0.8313640356063843,0.15971367061138153,grid,69,0.0,0,1.9746681573451497e-05,3.213209492969327e-05,nan,0.0019500944763422012,,STEP_UP,nan,0.0,0.0,0,0.9611276984214783,2.25,omega
250.0,nan,6288,,,,0.0,-0.008444786071777344,0.0,-0.00037026405334472656,-0.00018665194511413574,0.2773420214653015,0.021673981886627072,0.0027249397357590336,nan,0.006987234590652727,0.0129638671875,0.0002530146541306623,nan,nan,0.5,,,,0.3,301,5,0,2079,0.0,5.908628940582275,0.0,0.8692132830619812,0.16844607889652252,grid,69,0.0,0,1.7933998606167734e-05,1.7933998606167734e-05,nan,0.001434576464816928,,STEP_UP,nan,0.0,0.0,0,1.0679197311401367,2.5,omega
250.0,nan,6289,,,,0.0,-0.0374598503112793,0.0,0.005166769027709961,-0.0006402581930160522,0.1049790009856224,0.030698711820609605,0.011846669756597067,nan,0.02002376932809736,0.006813550350488563,0.0007084785474422733,nan,nan,0.7023000121116638,,,,0.3,201,3,0,6313,0.0,4.670342445373535,0.0,1.0340856313705444,0.19341087341308594,rel,69,0.0,0,1.9280623746453784e-05,1.9280623746453784e-05,nan,0.0007817399455234408,,STEP_UP,nan,0.0,0.0,0,1.5,3.5114998817443848,omega
250.0,nan,6290,,,,0.0,-0.008191585540771484,0.0,0.00034308433532714844,-0.0002710968255996704,0.09890799224376678,0.010689976163500712,0.002451748151817862,nan,0.007120688137744951,0.0012792423270174002,0.00013580392115290267,nan,nan,0.8779000043869019,,,,0.3,151,2,0,6314,0.0,4.1234049797058105,0.0,1.2213351726531982,0.21491529047489166,rel,69,0.0,0,1.8622411516844295e-05,1.8622411516844295e-05,nan,0.0004832060949411243,,STEP_UP,nan,0.0,0.0,0,1.8750534057617188,4.389500141143799,omega
250.0,nan,6291,,,,0.0,-0.006093740463256836,0.0,0.0023707151412963867,0.00030869245529174805,0.09648939222097397,0.004484080890190152,0.0019373865186047147,nan,0.002966325474161838,0.0007415757107883695,7.318113144627364e-05,nan,nan,1.0535000562667847,,,,0.3,131,1,0,2087,0.0,3.8278088569641113,0.0,1.356866717338562,0.2329811006784439,grid,69,0.0,0,1.593779779796023e-05,3.1362618756247684e-05,nan,0.0002871744509320706,,STEP_UP,nan,0.0,0.0,0,2.2501068115234375,5.267499923706055,omega
250.0,nan,6292,,,,0.0,-1.52587890625e-05,0.0,0.001105189323425293,0.00010690093040466309,0.06232769787311554,0.0026007388576949667,0.0005967441095164095,nan,0.0012763691596138816,0.00039729963508183715,5.741540893026391e-05,nan,nan,1.2289999723434448,,,,0.3,111,1,0,6316,0.0,3.6332623958587646,0.0,1.4748989343643188,0.25192350149154663,rel,69,0.0,0,1.7806827599997632e-05,2.310552736162208e-05,nan,0.0002357595949433744,,STEP_UP,nan,0.0,0.0,0,2.6249465942382812,6.144999980926514,omega
250.0,nan,6293,,,,0.0,-0.0005307197570800781,0.0,3.516674041748047e-05,-6.026029586791992e-05,0.03934426233172417,0.005038598495049809,0.0010684508106383237,nan,0.0016786911835183723,0.0012514684317223891,9.707077013131856e-05,nan,nan,1.4046000242233276,,,,0.3,101,1,0,6317,0.0,3.5105345249176025,0.0,1.6011887788772583,0.2752173840999603,rel,69,0.0,0,1.473337397328578e-05,1.473337397328578e-05,nan,0.0001493425079388544,,STEP_UP,nan,0.0,0.0,0,3.0,7.0229997634887695,omega
250.0,0.05482926035462851,6294,,,,-0.0005408328725025058,-1.1040349006652832,0.0,0.21848130226135254,0.10551068186759949,2.311716079711914,2.1390500365758673,0.46116804674057293,2.4210243225097656,0.983829950237482,1.080322265625,0.1600790411040485,5004.3879250151,0.28153738249866933,0.20000000298023224,,,,0.3,1001,19,0,6306,0.0005408328725025058,8.858105659484863,0.0,0.6503514051437378,0.13925950229167938,rel,69,0.751800000667572,1,0.00011453814659034833,0.00011453814659034833,9.929377847583964e-05,0.057263344526290894,,STEP_UP,-0.0189319697293366,0.4787999987602234,0.4787999987602234,1,0.4271678626537323,1.0,kfloor
250.0,-0.19573680000416993,6295,,,,0.0,-1.073437213897705,0.0,0.15992873907089233,0.10599471628665924,2.021652936935425,1.7246082690398492,0.39635340839224464,1.8978328704833984,0.9091550821002332,0.853125,0.11550278020201662,nan,0.1165548120862778,0.25,,,,0.3,1001,19,0,6307,0.0,8.365700721740723,0.0,0.6914526224136353,0.15135355293750763,rel,69,0.48832001686096194,1,0.0001267632469534874,0.0001267632469534874,3.681079397210851e-05,0.04056018218398094,,STEP_UP,0.005227773839777404,0.193900004029274,0.15512000322341918,1,0.5339598655700684,1.25,kfloor
250.0,-0.25773381241130955,6296,,,,0.0,-0.8935236930847168,0.0,0.07023149728775024,0.02477245032787323,1.484449028968811,1.5520709077819876,0.29804448990825033,1.5363259315490723,0.794263092183218,0.7805989583333334,0.04356029813453402,6897.271143106862,0.1641396187158047,0.30000001192092896,,,,0.3,1001,19,0,2075,0.0,7.930660247802734,0.0,0.7247848510742188,0.15685978531837463,grid,69,0.07960000137488048,1,0.00016996207705233246,0.00016996207705233246,0.0001525733678136021,0.03776557371020317,,STEP_UP,-0.015761180357499315,0.503000020980835,0.33533334732055664,1,0.640751838684082,1.5,kfloor
250.0,nan,6297,,,,0.0,-0.48869800567626953,0.0,0.13254117965698242,0.05349606275558472,0.9789468050003052,1.081871547617684,0.16944477012799536,nan,0.3196321089874225,0.5701729910714286,0.0293593948014339,nan,nan,0.3499999940395355,,,,0.3,391,6,0,2076,0.0,7.3335089683532715,0.0,0.756994903087616,0.1477109044790268,grid,69,0.01938857138156891,1,1.4863884644000791e-05,4.1441802750341594e-05,nan,0.002426513936370611,,STEP_UP,nan,0.0,0.0,0,0.7475438117980957,1.75,kfloor
250.0,nan,6298,,,,0.0,-0.4492177963256836,0.0,0.014601469039916992,0.021997079253196716,0.7339563965797424,0.7734425188152201,0.14621660261164748,nan,0.2514970156176508,0.34075927734375,0.013981764560908869,nan,nan,0.4000000059604645,,,,0.3,321,5,0,2077,0.0,6.812889099121094,0.0,0.7942022681236267,0.15217462182044983,grid,69,0.0,0,1.9846431314363144e-05,2.8171903977636248e-05,nan,0.0024805557914078236,,STEP_UP,nan,0.0,0.0,0,0.8543357253074646,2.0,kfloor
250.0,nan,6299,,,,0.0,-0.41461706161499023,0.0,0.00728076696395874,0.009894296526908875,0.9956635236740112,0.5506147556017743,0.12958730869295998,nan,0.22578966006798382,0.3565673828125,0.009040456502728863,nan,nan,0.44999998807907104,,,,0.3,191,2,0,2078,0.0,6.35635232925415,0.0,0.8313640356063843,0.15971367061138153,grid,69,0.0,0,1.6625290299998596e-05,8.022852125577629e-05,nan,0.0016418397426605225,,STEP_UP,nan,0.0,0.0,0,0.9611276984214783,2.25,kfloor
250.0,nan,6300,,,,0.0,-0.3278536796569824,0.0,0.006091713905334473,-0.0007851570844650269,0.7308313250541687,0.2569062737874506,0.09980135749487162,nan,0.17200295388758635,0.1044921875,0.0051403994364245895,nan,nan,0.5,,,,0.3,161,2,0,2079,0.0,5.908628940582275,0.0,0.8692132830619812,0.16844607889652252,grid,69,0.0,0,1.6591196981607936e-05,2.6554675059742294e-05,nan,0.0013271630741655827,,STEP_UP,nan,0.0,0.0,0,1.0679197311401367,2.5,kfloor
250.0,nan,6301,,,,0.0,-0.10115623474121094,0.0,0.023748397827148438,-0.0008201450109481812,nan,0.15584012847190648,0.03776929597364567,nan,0.06453593381099236,0.07182038277606823,0.002791698179676508,nan,nan,0.7023000121116638,,,,0.3,91,0,0,6313,0.0,4.670342445373535,0.0,1.0340856313705444,0.19341087341308594,rel,69,0.0,0,1.7517384549137205e-05,nan,nan,0.000710248772520572,,STEP_UP,nan,0.0,0.0,0,1.5,3.5114998817443848,kfloor
250.0,nan,6302,,,,0.0,-0.017923355102539062,0.0,0.0020716190338134766,-0.0011225342750549316,nan,0.0902324972513021,0.010532478368559205,nan,0.027183272858698912,0.040866230425044996,0.0014208308893880596,nan,nan,0.8779000043869019,,,,0.3,71,0,0,6314,0.0,4.1234049797058105,0.0,1.2213351726531982,0.21491529047489166,rel,69,0.0,0,1.6613286788924597e-05,nan,nan,0.0004310741787776351,,STEP_UP,nan,0.0,0.0,0,1.8750534057617188,4.389500141143799,kfloor
250.0,nan,6303,,,,0.0,-0.0014548301696777344,0.0,0.0011273622512817383,-0.00015459954738616943,nan,0.061925116302506744,0.006120674360951129,nan,0.011129612776247688,0.026401254016114064,0.0009302202054050813,nan,nan,1.0535000562667847,,,,0.3,61,0,0,2087,0.0,3.8278088569641113,0.0,1.356866717338562,0.2329811006784439,grid,69,0.0,0,1.6229003449552692e-05,nan,nan,0.0002924215223174542,,STEP_UP,nan,0.0,0.0,0,2.2501068115234375,5.267499923706055,kfloor
250.0,nan,6304,,,,0.0,0.01068258285522461,0.0,-0.0005197525024414062,8.067488670349121e-05,nan,0.03951358096588667,0.0032840136678297742,nan,0.006103033727588921,0.015954063471255022,0.0005107976428136371,nan,nan,1.2289999723434448,,,,0.3,61,0,0,6316,0.0,3.6332623958587646,0.0,1.4748989343643188,0.25192350149154663,rel,69,0.0,0,1.1542289030330721e-05,nan,nan,0.0001528180728200823,,STEP_UP,nan,0.0,0.0,0,2.6249465942382812,6.144999980926514,kfloor
250.0,nan,6305,,,,0.0,0.008140325546264648,0.0,-0.0010526180267333984,0.0002461373805999756,nan,0.025540640430251404,0.0022112657513266086,nan,0.0050360705853908115,0.009399049367415027,0.0003194520777290199,nan,nan,1.4046000242233276,,,,0.3,51,0,0,6317,0.0,3.5105345249176025,0.0,1.6011887788772583,0.2752173840999603,rel,69,0.0,0,1.3442177078104578e-05,nan,nan,0.00013625450083054602,,STEP_UP,nan,0.0,0.0,0,3.0,7.0229997634887695,kfloor
250.0,-0.1832893263834816,6306,,,,,,,,,2.961625814437866,,,2.943704128265381,,,,94291.55298632475,0.39145889360757696,0.20000000298023224,,,,0.3,1001,19,0,-1,,,,,,,69,,,0.0002365071268286556,0.0002365071268286556,0.00020290070096962154,0.11824173480272293,,STEP_UP,-0.001149970834905219,0.751800000667572,0.751800000667572,1,0.4271678626537323,1.0,rel
250.0,-0.07713062995962468,6307,,,,,,,,,1.9184465408325195,,,2.0503640174865723,,,,18897.284328892227,0.22810595593807353,0.25,,,,0.3,1001,19,0,-1,,,,,,,69,,,0.0001647785829845816,0.0001647785829845816,0.0001647785829845816,0.052723873406648636,,STEP_UP,-0.005117659135298277,0.6104000210762024,0.48832001686096194,1,0.5339598655700684,1.25,rel
250.0,0.5808351857363533,6308,,,,0.0,0.0,0.0,0.0,0.0,1.739851951599121,0.0,0.0,1.492761254310608,0.0,0.0,0.0,nan,0.09306768481622162,0.30000001192092896,,,,0.3,1001,19,0,2075,0.0,7.930660247802734,0.0,0.7247848510742188,0.15685978531837463,grid,69,0.07960000137488048,1,0.00010699172707973048,0.00010699172707973048,5.703214628738351e-05,0.023773562163114548,,STEP_UP,0.02188395153392477,0.11940000206232071,0.07960000137488048,1,0.640751838684082,1.5,rel
250.0,0.7300990401176313,6309,,,,0.0,0.0,0.0,0.0,0.0,1.007312297821045,0.0,0.0,1.061279058456421,0.0,0.0,0.0,nan,0.04248377739964404,0.3499999940395355,,,,0.3,1001,19,1,2076,0.0,7.3335089683532715,0.0,0.756994903087616,0.1477109044790268,grid,69,0.01938857138156891,1,4.4000731577398255e-05,4.4000731577398255e-05,3.1216699426295236e-05,0.007183074485510588,,STEP_UP,0.020875037800182183,0.03392999991774559,0.01938857138156891,1,0.7475438117980957,1.75,rel
250.0,nan,6310,,,,0.0,0.002872467041015625,0.0,0.0012770891189575195,0.00015905499458312988,0.42098233103752136,0.03420605323772551,0.005805132302716705,nan,0.01076314788578463,0.02451324462890625,0.0006753860808115124,nan,nan,0.4000000059604645,221,0.0,0,0.3,291,4,0,2077,0.0,6.812889099121094,0.0,0.7942022681236267,0.15217462182044983,grid,69,0.0,0,2.7475184651848394e-06,7.426027877954766e-06,nan,0.00034340546699240804,,STEP_UP,nan,0.0,0.0,0,0.8543357253074646,2.0,rel
250.0,nan,6311,,,,0.0,0.031388282775878906,0.0,0.0017273426055908203,-0.00029133260250091553,0.2912023961544037,0.04869290690833558,0.011739521619002142,nan,0.03280315770091827,0.031473795572916664,0.0013426401696664469,nan,nan,0.44999998807907104,201,0.0,0,0.3,271,4,0,2078,0.0,6.35635232925415,0.0,0.8313640356063843,0.15971367061138153,grid,69,0.0,0,3.246879714424722e-06,5.164730282558594e-06,nan,0.0003206474066246301,,STEP_UP,nan,0.0,0.0,0,0.9611276984214783,2.25,rel
250.0,nan,6312,,,,0.0,0.11751270294189453,0.0,0.003047645092010498,-0.0006887167692184448,0.2180248200893402,0.1228824546314485,0.037330445038449254,nan,0.09212569685471649,0.1067626953125,0.0027023669930649422,nan,nan,0.5,161,0.0,0,0.3,291,4,0,2079,0.0,5.908628940582275,0.0,0.8692132830619812,0.16844607889652252,grid,69,0.0,0,4.7722746785439085e-06,7.41894018574385e-06,nan,0.00038174379733391106,,STEP_UP,nan,0.0,0.0,0,1.0679197311401367,2.5,rel
250.0,nan,6313,,,,,,,,,0.276661217212677,,,nan,,,,nan,nan,0.7023000121116638,,,,0.3,141,1,0,-1,,,,,,,69,,,8.93267679202836e-06,2.212653089372907e-05,nan,0.00036217865999788046,,STEP_UP,nan,0.0,0.0,0,1.5,3.5114998817443848,rel
250.0,nan,6314,,,,,,,,,nan,,,nan,,,,nan,nan,0.8779000043869019,,,,0.3,91,0,0,-1,,,,,,,69,,,1.1467271178844385e-05,nan,nan,0.0002975476672872901,,STEP_UP,nan,0.0,0.0,0,1.8750534057617188,4.389500141143799,rel
250.0,nan,6315,,,,0.0,-0.004656553268432617,0.0,0.0023294687271118164,0.00036194920539855957,nan,0.004484080890190152,0.0023437070754319654,nan,0.002969559932597854,0.0007647499517505061,5.774308204506762e-05,nan,nan,1.0535000562667847,71,0.0,0,0.3,71,0,0,2087,0.0,3.8278088569641113,0.0,1.356866717338562,0.2329811006784439,grid,69,0.0,0,1.3226235751062632e-05,nan,nan,0.0002383162936894223,,STEP_UP,nan,0.0,0.0,0,2.2501068115234375,5.267499923706055,rel
250.0,nan,6316,,,,,,,,,nan,,,nan,,,,nan,nan,1.2289999723434448,,,,0.3,51,0,0,-1,,,,,,,69,,,2.5339133571833372e-05,nan,nan,0.0003354861109983176,,STEP_UP,nan,0.0,0.0,0,2.6249465942382812,6.144999980926514,rel
250.0,nan,6317,,,,,,,,,nan,,,nan,,,,nan,nan,1.4046000242233276,,,,0.3,41,0,0,-1,,,,,,,69,,,3.057610592804849e-05,nan,nan,0.00030992983374744654,,STEP_UP,nan,0.0,0.0,0,3.0,7.0229997634887695,rel
250.0,-0.09859235300912995,6318,,,,0.0,0.0,0.0,0.0,0.0,6.705333232879639,0.0,0.0,6.20748233795166,0.0,0.0,0.0,14794.516343470053,1.2335221438663515,0.10000000149011612,,,,0.3,1001,19,0,2070,0.12641969323158264,11.344356536865234,0.0006760411197319627,0.6164303421974182,0.12918049097061157,grid,69,1.840000033378601,1,0.0002634423435665667,0.0002634423435665667,0.00025805606856010854,0.5268319845199585,,STEP_UP,-0.0081172596324572,0.9200000166893005,1.840000033378601,1,0.21358393132686615,0.5,calm
250.0,-0.28486595868970777,6319,,,,0.006489995867013931,0.03459930419921875,0.0002704164362512529,-0.053591370582580566,0.002400532364845276,4.239861965179443,1.3821994286938395,0.17838623641101045,4.00764799118042,0.5102697183708362,0.7625325520833334,0.08009778423869805,138938.97958472214,0.6876283264344977,0.15000000596046448,,,,0.3,1001,19,0,2072,0.03136830776929855,9.552765846252441,0.00013520821812562644,0.7067553400993347,0.14884422719478607,grid,69,1.1482666333516438,1,0.00025118471239693463,0.00025118471239693463,0.0002290379343321547,0.22325296700000763,,STEP_UP,-0.0007967081936919833,0.8564000129699707,1.141866683959961,1,0.320375919342041,0.75,calm
250.0,-0.1832893263834816,6320,,,,0.0,0.0,0.0,0.0,0.0,2.961625814437866,0.0,0.0,2.943704128265381,0.0,0.0,0.0,94291.55298632475,0.39145889360757696,0.20000000298023224,,,,0.3,1001,19,0,6306,0.0005408328725025058,8.858105659484863,0.0,0.6503514051437378,0.13925950229167938,rel,69,0.751800000667572,1,0.0002365071268286556,0.0002365071268286556,0.00020290070096962154,0.11824173480272293,,STEP_UP,-0.001149970834905219,0.751800000667572,0.751800000667572,1,0.4271678626537323,1.0,calm
250.0,0.649809157140241,6321,,,,-0.11316928640007973,-0.4907369613647461,-0.004461871460080147,0.1640796661376953,0.049350038170814514,1.0495309829711914,2.9160082057493124,0.5148730016075563,1.6713783740997314,1.141691776023473,1.38232421875,0.12299182352631591,1907.8569242961103,0.3432199135351822,0.20000000298023224,,,,1.0,1001,19,0,6345,0.17144402861595154,8.748859405517578,0.018253110349178314,1.2789300680160522,0.198698490858078,rel,70,0.33739998936653137,1,7.375286077149212e-05,7.375286077149212e-05,7.375286077149212e-05,0.0368727408349514,,STEP_UP,-0.06249594254927182,0.6152999997138977,0.6152999997138977,1,0.4271678626537323,1.0,omega
250.0,0.797041041262206,6322,,,,-0.025013521313667297,0.23304128646850586,-0.0016224989667534828,-0.01659572124481201,0.010244607925415039,0.6173743605613708,1.7967758423356155,0.1472088166212048,0.5447395443916321,0.4148522272483436,0.69791259765625,0.046823115049664424,1430.8555433506422,0.1276196588439039,0.25,,,,1.0,1001,19,0,6346,0.11343969404697418,7.756995677947998,0.008382909931242466,1.2550545930862427,0.21398745477199554,rel,70,0.2624000072479248,1,3.484335684333928e-05,3.484335684333928e-05,3.2746189390309155e-05,0.011148759163916111,,STEP_UP,-0.05608628012917239,0.26030001044273376,0.20824000835418702,1,0.5339598655700684,1.25,omega
250.0,nan,6323,,,,0.0,-0.03127861022949219,0.0,-0.005787849426269531,0.000799030065536499,0.3233024775981903,0.11220793311001313,0.01152562505463395,nan,0.033661143999232084,0.07631937662760417,0.00417963437546647,nan,nan,0.30000001192092896,,,,1.0,611,11,0,2105,0.0,9.063398361206055,0.0,1.1551872491836548,0.18276634812355042,grid,70,0.0,0,1.9673538190545514e-05,2.0148218027316034e-05,nan,0.004371460061520338,,STEP_UP,nan,0.0,0.0,0,0.640751838684082,1.5,omega
250.0,nan,6324,,,,0.0,-0.1287240982055664,0.0,-0.03382444381713867,0.008417755365371704,0.4943479001522064,0.46765133042401386,0.05396308410630651,nan,0.11932785925339766,0.15434047154017858,0.01610595884955317,nan,nan,0.3499999940395355,,,,1.0,431,7,0,2106,0.0,8.367578506469727,0.0,1.170915961265564,0.18014128506183624,grid,70,0.12565714120864868,1,1.988448821066413e-05,2.2907992388354614e-05,nan,0.003246122505515814,,STEP_UP,nan,0.0,0.0,0,0.7475438117980957,1.75,omega
250.0,nan,6325,,,,0.0,-0.21090126037597656,0.0,-0.012699127197265625,0.004438057541847229,0.31223613023757935,0.5019533851560296,0.06166979637722407,nan,0.1573019791753664,0.155426025390625,0.010245862133345648,nan,nan,0.4000000059604645,,,,1.0,401,7,0,2107,0.0,7.779128551483154,0.0,1.0899757146835327,0.18546143174171448,grid,70,0.0,0,1.955489642568864e-05,1.955489642568864e-05,nan,0.002444117795675993,,STEP_UP,nan,0.0,0.0,0,0.8543357253074646,2.0,omega
250.0,nan,6326,,,,0.0,-0.1527571678161621,0.0,-0.011652231216430664,0.004543811082839966,0.22561253607273102,0.44444493001329494,0.045260516886371366,nan,0.10870550860923477,0.11436631944444445,0.00946137279524596,nan,nan,0.44999998807907104,,,,1.0,351,6,0,2108,0.0,7.088242530822754,0.0,1.015607237815857,0.18967628479003906,grid,70,0.0,0,1.989377778954804e-05,1.989377778954804e-05,nan,0.00196462101303041,,STEP_UP,nan,0.0,0.0,0,0.9611276984214783,2.25,omega
250.0,nan,6327,,,,0.0,-0.10268545150756836,0.0,0.002066373825073242,0.005454555153846741,0.16769981384277344,0.3625006869501059,0.03128536172931403,nan,0.06083120964974135,0.1140625,0.009149739628163076,nan,nan,0.5,,,,1.0,321,5,0,2109,0.0,6.477747440338135,0.0,1.0207186937332153,0.19436819851398468,grid,70,0.0,0,1.9529110431903973e-05,2.269483229611069e-05,nan,0.001562172663398087,,STEP_UP,nan,0.0,0.0,0,1.0679197311401367,2.5,omega
250.0,nan,6328,,,,0.0,-0.025465965270996094,0.0,0.019918203353881836,-0.00032389163970947266,0.06253146380186081,0.043460438976140506,0.019280389686370334,nan,0.03170633731245447,0.025637721344312834,0.0025791941615334523,nan,nan,0.7023000121116638,,,,1.0,321,5,0,6352,0.0,4.728358745574951,0.0,1.1285607814788818,0.21008208394050598,rel,70,0.0,0,1.870482628874015e-05,2.2908443497726694e-05,nan,0.0007583940750919282,,STEP_UP,nan,0.0,0.0,0,1.5,3.5114998817443848,omega
250.0,nan,6329,,,,0.0,-0.0078046321868896484,0.0,0.0022879838943481445,-0.00033342838287353516,0.024200882762670517,0.009789123637534976,0.0026695360529159786,nan,0.003707300550475575,0.004894492381631792,0.0006407158615503675,nan,nan,0.8779000043869019,,,,1.0,261,4,0,6353,0.0,3.7973062992095947,0.0,1.3307613134384155,0.2085488885641098,rel,70,0.0,0,1.7879739971249364e-05,2.0895531633868814e-05,nan,0.0004639355465769768,,STEP_UP,nan,0.0,0.0,0,1.8750534057617188,4.389500141143799,omega
250.0,nan,6330,,,,0.0,-0.008096456527709961,0.0,0.01368403434753418,-0.0003119558095932007,0.0655176043510437,0.018066175120035957,0.001612005090168862,nan,0.003800575517790394,0.02505135448006961,0.0005904272528806988,nan,nan,1.0535000562667847,,,,1.0,241,3,0,2117,0.0,3.3165698051452637,0.0,1.3769105672836304,0.20846910774707794,grid,70,0.0,0,1.9791194063145667e-05,3.496616773190908e-05,nan,0.0003566066734492779,,STEP_UP,nan,0.0,0.0,0,2.2501068115234375,5.267499923706055,omega
250.0,nan,6331,,,,0.0,-0.0020775794982910156,0.0,0.004622936248779297,0.00047194957733154297,0.016470707952976227,0.0031797974085875486,0.001019157104803855,nan,0.001912101236424886,0.0007945992701636743,9.920454254629087e-05,nan,nan,1.2289999723434448,,,,1.0,231,3,0,6355,0.0,3.0197062492370605,0.0,1.2577018737792969,0.20452448725700378,rel,70,0.0,0,1.8241125872009434e-05,3.0015824449947104e-05,nan,0.00024150960962288082,,STEP_UP,nan,0.0,0.0,0,2.6249465942382812,6.144999980926514,omega
250.0,nan,6332,,,,0.0,-0.0041658878326416016,0.0,0.0008645057678222656,-0.0001357942819595337,0.019051896408200264,0.003921639095337315,0.0017299393810426343,nan,0.002783894543526165,0.0004519191558997516,0.00011668045389041809,nan,nan,1.4046000242233276,,,,1.0,221,3,0,6356,0.0,2.826118230819702,0.0,1.1075434684753418,0.20158475637435913,rel,70,0.0,0,1.9121802324661985e-05,2.7435124138719402e-05,nan,0.00019382510799914598,,STEP_UP,nan,0.0,0.0,0,3.0,7.0229997634887695,omega
250.0,0.2442672795889827,6333,,,,-0.11492699384689331,-1.343644618988037,-0.0006760414689779282,0.11702823638916016,0.04573476314544678,1.7508560419082642,3.7141574664175496,0.7641673669327635,1.3908605575561523,1.5830661283933638,1.690185546875,0.14317379936197114,nan,0.11231979344822733,0.20000000298023224,,,,1.0,1001,19,0,6345,0.17144402861595154,8.748859405517578,0.018253110349178314,1.2789300680160522,0.198698490858078,rel,70,0.33739998936653137,1,4.5313063310459256e-05,4.5313063310459256e-05,2.9080894819344394e-05,0.02265426516532898,,STEP_UP,0.023158567601984467,0.1826000064611435,0.1826000064611435,1,0.4271678626537323,1.0,kfloor
250.0,0.3511115583966783,6334,,,,-0.05489453300833702,-0.43088340759277344,-0.0043266634456813335,0.13271617889404297,0.0076219141483306885,1.1744319200515747,2.763422592297153,0.5123106727540369,1.0261677503585815,1.0444324288717959,1.104296875,0.0990807355127185,1194.3253116761318,0.04018272116977336,0.25,,,,1.0,1001,19,0,6346,0.11343969404697418,7.756995677947998,0.008382909931242466,1.2550545930862427,0.21398745477199554,rel,70,0.2624000072479248,1,2.4341929020010866e-05,2.4341929020010866e-05,2.118980228260625e-05,0.0077886381186544895,,STEP_UP,-0.04413541447032569,0.0786300003528595,0.0629040002822876,1,0.5339598655700684,1.25,kfloor
250.0,0.20518450393318163,6335,,,,0.0,-1.149538516998291,0.0,0.07737433910369873,-0.017544522881507874,0.23783676326274872,1.9268717623893197,0.3401482699105502,0.36450323462486267,0.4480415584119805,0.8805338541666666,0.03529173486056963,673.0720647246541,0.013178491528002103,0.30000001192092896,,,,1.0,671,12,0,2105,0.0,9.063398361206055,0.0,1.1551872491836548,0.18276634812355042,grid,70,0.0,0,1.97378594748443e-05,2.2443235138780437e-05,2.2443235138780437e-05,0.004385752137750387,,STEP_UP,-0.22678289413452243,0.0,0.0,0,0.640751838684082,1.5,kfloor
250.0,nan,6336,,,,0.0,-1.105905532836914,0.0,-0.003921389579772949,-0.01628786325454712,0.08290045708417892,1.4997393911252057,0.3297844922406187,nan,0.43077413775200996,0.6035853794642857,0.020721440087567246,nan,nan,0.3499999940395355,,,,1.0,531,9,0,2106,0.0,8.367578506469727,0.0,1.170915961265564,0.18014128506183624,grid,70,0.12565714120864868,1,1.956926098500844e-05,2.193700311181601e-05,nan,0.0031946618109941483,,STEP_UP,nan,0.0,0.0,0,0.7475438117980957,1.75,kfloor
250.0,-0.5179583126681266,6337,,,,0.0,-1.1484575271606445,0.0,-0.01682734489440918,-0.025721684098243713,0.15335789322853088,1.114656535831575,0.33822126404338976,0.11039334535598755,0.4345815704244847,0.3994140625,0.01514848517107925,nan,0.018487959790269515,0.4000000059604645,,,,1.0,1001,19,0,2107,0.0,7.779128551483154,0.0,1.0899757146835327,0.18546143174171448,grid,70,0.0,0,0.0009019894641824067,0.0009019894641824067,0.0003927892248611897,0.11273740977048874,,STEP_UP,0.07365558797662929,0.05730000138282776,0.02865000069141388,1,0.8543357253074646,2.0,kfloor
250.0,-0.48416906892697176,6338,,,,0.0,-0.9963383674621582,0.0,-0.06559133529663086,-0.03069472312927246,0.17560884356498718,0.8611787065343383,0.29541767749161807,0.13464206457138062,0.38873620299943673,0.283203125,0.012708642703969205,nan,0.025990770986704645,0.44999998807907104,,,,1.0,1001,19,0,2108,0.0,7.088242530822754,0.0,1.015607237815857,0.18967628479003906,grid,70,0.0,0,0.0010503713274374604,0.0010503713274374604,0.0005133288796059787,0.10373000055551529,,STEP_UP,0.06260564977472498,0.08835999667644501,0.03927110963397556,1,0.9611276984214783,2.25,kfloor
250.0,0.9276906594105739,6339,,,,0.0,-0.8272356986999512,0.0,-0.039372384548187256,-0.03150458633899689,0.005745840258896351,0.6618442961259492,0.24768432499275467,0.005501079373061657,0.35246524076627483,0.19921875,0.011346541910058038,9668.752164768353,0.004981011880742772,0.5,,,,1.0,1001,19,1,2109,0.0,6.477747440338135,0.0,1.0207186937332153,0.19436819851398468,grid,70,0.0,0,0.00017432546883355826,0.00017432546883355826,0.00017432546883355826,0.01394464261829853,,STEP_UP,-0.010848613218827585,0.020239999517798424,0.00809599980711937,1,1.0679197311401367,2.5,kfloor
250.0,nan,6340,,,,0.0,-0.3420071601867676,0.0,0.1161201000213623,-0.0362342894077301,0.01860683411359787,0.32909727594223287,0.10936386922153947,nan,0.2419970743931301,0.08635132178884485,0.0084072280232861,nan,nan,0.7023000121116638,,,,1.0,251,4,0,6352,0.0,4.728358745574951,0.0,1.1285607814788818,0.21008208394050598,rel,70,0.0,0,1.9219276509829797e-05,1.9219276509829797e-05,nan,0.0007792526157572865,,STEP_UP,nan,0.0,0.0,0,1.5,3.5114998817443848,kfloor
250.0,nan,6341,,,,0.0,-0.10976362228393555,0.0,-0.09230685234069824,-0.024072453379631042,0.028387317433953285,0.11438695038510668,0.035226870711958416,nan,0.07608740336065768,0.040379562148462285,0.0039005534837949726,nan,nan,0.8779000043869019,,,,1.0,161,2,0,6353,0.0,3.7973062992095947,0.0,1.3307613134384155,0.2085488885641098,rel,70,0.0,0,1.6534668247913942e-05,2.0966490410501137e-05,nan,0.0004290342621970922,,STEP_UP,nan,0.0,0.0,0,1.8750534057617188,4.389500141143799,kfloor
250.0,nan,6342,,,,0.0,-0.03597879409790039,0.0,-0.07067227363586426,-0.01388731598854065,0.04807523265480995,0.04969110646174451,0.015059114727615657,nan,0.02966431744309097,0.03244393734699117,0.001998036990706837,nan,nan,1.0535000562667847,,,,1.0,131,1,0,2117,0.0,3.3165698051452637,0.0,1.3769105672836304,0.20846910774707794,grid,70,0.0,0,1.851267552410718e-05,4.2537489207461476e-05,nan,0.00033356976928189397,,STEP_UP,nan,0.0,0.0,0,2.2501068115234375,5.267499923706055,kfloor
250.0,nan,6343,,,,0.0,-0.0038068294525146484,0.0,-0.06330704689025879,-0.009213939309120178,0.039242882281541824,0.039542951459371534,0.009295376867957885,nan,0.018893325032678203,0.015891985403273485,0.0011480027627049293,nan,nan,1.2289999723434448,,,,1.0,121,1,0,6355,0.0,3.0197062492370605,0.0,1.2577018737792969,0.20452448725700378,rel,70,0.0,0,1.7189264326589182e-05,3.1971092539606616e-05,nan,0.00022758313571102917,,STEP_UP,nan,0.0,0.0,0,2.6249465942382812,6.144999980926514,kfloor
250.0,nan,6344,,,,0.0,0.0075283050537109375,0.0,-0.026302218437194824,-0.006740659475326538,0.03763001039624214,0.02736889086171882,0.008213093264524194,nan,0.014005654711244323,0.007717388662288066,0.0008474207799705948,nan,nan,1.4046000242233276,,,,1.0,111,1,0,6356,0.0,2.826118230819702,0.0,1.1075434684753418,0.20158475637435913,rel,70,0.0,0,1.9337418052600697e-05,2.7207503080717288e-05,nan,0.00019601067469920963,,STEP_UP,nan,0.0,0.0,0,3.0,7.0229997634887695,kfloor
250.0,-0.17379039804152951,6345,,,,,,,,,1.1714063882827759,,,1.3082056045532227,,,,42373.806367473764,0.26879157161931777,0.20000000298023224,,,,1.0,1001,19,0,-1,,,,,,,70,,,0.004965971224009991,0.004965971224009991,0.004965971224009991,2.4827375411987305,,STEP_UP,-0.005788764086636529,0.33739998936653137,0.33739998936653137,1,0.4271678626537323,1.0,rel
250.0,0.7810954507182342,6346,,,,,,,,,0.9143370389938354,,,0.8666638135910034,,,,1244.7387920232936,0.16329480065571939,0.25,,,,1.0,1001,19,0,-1,,,,,,,70,,,2.386302367085591e-05,2.386302367085591e-05,2.386302367085591e-05,0.007635404355823994,,STEP_UP,-0.03146631067449376,0.328000009059906,0.2624000072479248,1,0.5339598655700684,1.25,rel
250.0,0.7799022190366224,6347,,,,0.0,0.23476314544677734,0.0,0.035192131996154785,-0.004245012998580933,0.38082757592201233,0.6777344632522765,0.06967089940943536,0.4214210510253906,0.1787724096498601,0.175048828125,0.014543257942495419,278.97158607565336,0.019461605448245666,0.30000001192092896,,,,1.0,1001,19,1,2105,0.0,9.063398361206055,0.0,1.1551872491836548,0.18276634812355042,grid,70,0.0,0,2.678880264284089e-06,2.678880264284089e-06,2.678880264284089e-06,0.0005952471983619034,,STEP_UP,-0.12091999920931729,0.047929998487234116,0.031953332324822746,1,0.640751838684082,1.5,rel
250.0,-0.518759176042377,6348,,,,0.0,0.0,0.0,0.0,0.0,0.6140562295913696,0.0,0.0,0.5854343771934509,0.0,0.0,0.0,nan,0.07330738414887958,0.3499999940395355,,,,1.0,1001,19,0,2106,0.0,8.367578506469727,0.0,1.170915961265564,0.18014128506183624,grid,70,0.12565714120864868,1,0.002160073723644018,0.002160073723644018,0.0010155636118724942,0.35262981057167053,,STEP_UP,0.05842865163629719,0.2198999971151352,0.12565714120864868,1,0.7475438117980957,1.75,rel
250.0,-0.08418077091070846,6349,,,,0.0,-0.0006451606750488281,0.0,0.0002636909484863281,7.495284080505371e-06,0.02225424349308014,0.003925770640507164,0.0005109981040923382,0.039633020758628845,0.001955269589799969,0.004375457763671875,6.778591013779957e-05,705.0560949798863,0.0014221818967579726,0.4000000059604645,,,,1.0,1001,19,1,2107,0.0,7.779128551483154,0.0,1.0899757146835327,0.18546143174171448,grid,70,0.0,0,3.5071138881903607e-06,3.5071138881903607e-06,3.5071138881903607e-06,0.0004383453924674541,,STEP_UP,-0.25548084432428525,0.004604999907314777,0.0023024999536573887,1,0.8543357253074646,2.0,rel
250.0,0.06635673195720933,6350,,,,0.0,0.010431766510009766,0.0,-0.000908970832824707,-9.407103061676025e-05,0.02340134046971798,0.03647715128469396,0.003641684105810565,0.020873598754405975,0.006976174345166084,0.03974745008680555,0.0008809306208785498,356.07889631511966,0.0003039036669722884,0.44999998807907104,371,0.0,0,1.0,651,12,0,2108,0.0,7.088242530822754,0.0,1.015607237815857,0.18967628479003906,grid,70,0.0,0,3.800053036684403e-06,3.800053036684403e-06,3.800053036684403e-06,0.0003752763441298157,,STEP_UP,-0.24455366134643614,0.0,0.0,0,0.9611276984214783,2.25,rel
250.0,nan,6351,,,,0.0,0.007450580596923828,0.0,-0.0002932548522949219,-0.0002171844244003296,0.15356597304344177,0.042187741239451834,0.0023794609315604164,nan,0.0035076102982251668,0.03868408203125,0.0010668126004911747,nan,nan,0.5,341,0.0,0,1.0,421,7,0,2109,0.0,6.477747440338135,0.0,1.0207186937332153,0.19436819851398468,grid,70,0.0,0,4.32776960224146e-06,6.200276402523741e-06,nan,0.00034618694917298853,,STEP_UP,nan,0.0,0.0,0,1.0679197311401367,2.5,rel
250.0,nan,6352,,,,,,,,,0.03580144792795181,,,nan,,,,nan,nan,0.7023000121116638,,,,1.0,511,9,0,-1,,,,,,,70,,,9.395821507496294e-06,1.0027078133134637e-05,nan,0.0003809570334851742,,STEP_UP,nan,0.0,0.0,0,1.5,3.5114998817443848,rel
250.0,nan,6353,,,,,,,,,0.031155569478869438,,,nan,,,,nan,nan,0.8779000043869019,,,,1.0,201,3,0,-1,,,,,,,70,,,1.335087108600419e-05,1.335087108600419e-05,nan,0.0003464224864728749,,STEP_UP,nan,0.0,0.0,0,1.8750534057617188,4.389500141143799,rel
250.0,nan,6354,0.009428242780031263,0.0010218678354943346,1,0.0,-0.008143424987792969,0.0,0.02431344985961914,0.0003167092800140381,0.08813317865133286,0.009428242780031263,0.0011330647105324582,nan,0.002236764484226848,0.012259173468970234,0.00026081963473718477,nan,nan,1.0535000562667847,151,0.0,0,1.0,141,1,0,2117,0.0,3.3165698051452637,0.0,1.3769105672836304,0.20846910774707794,grid,70,0.0,0,2.0531120753730647e-05,5.465452341013588e-05,nan,0.00036993902176618576,,STEP_UP,nan,0.0,0.0,0,2.2501068115234375,5.267499923706055,rel
250.0,nan,6355,,,,,,,,,0.060929469764232635,,,nan,,,,nan,nan,1.2289999723434448,,,,1.0,111,1,0,-1,,,,,,,70,,,2.9194647140684538e-05,3.881164957419969e-05,nan,0.00038653251249343157,,STEP_UP,nan,0.0,0.0,0,2.6249465942382812,6.144999980926514,rel
250.0,nan,6356,,,,,,,,,0.04929327219724655,,,nan,,,,nan,nan,1.4046000242233276,,,,1.0,101,1,0,-1,,,,,,,70,,,3.217616904294118e-05,3.217616904294118e-05,nan,0.00032614864176139235,,STEP_UP,nan,0.0,0.0,0,3.0,7.0229997634887695,rel
250.0,0.02951581422758487,6357,,,,0.0,0.0,0.0,0.0,0.0,5.723252296447754,0.0,0.0,5.896423816680908,0.0,0.0,0.0,nan,0.8288992849993768,0.10000000149011612,,,,1.0,1001,19,0,2100,0.07815035432577133,12.574691772460938,0.002974580740556121,1.148841142654419,0.15614311397075653,grid,70,1.2266000509262085,1,0.005147721618413925,0.005147721618413925,0.003985612187534571,10.294413566589355,,STEP_UP,0.013469735058871299,0.6133000254631042,1.2266000509262085,1,0.21358393132686615,0.5,calm
250.0,0.5512121548188641,6358,,,,-0.010005399584770203,0.032385826110839844,-0.004461870528757572,-0.020297527313232422,-0.0016732364892959595,2.7680416107177734,0.6192089996395912,0.05228970160822183,2.4857208728790283,0.11692717477390403,0.3209635416666667,0.014760257479133143,32634.644480230196,0.4031458607930863,0.15000000596046448,,,,1.0,1001,19,0,2102,0.14048133790493011,10.435476303100586,0.013926446437835693,1.3118807077407837,0.20454710721969604,grid,70,0.5890666643778483,1,0.005668733734637499,0.005668733734637499,0.00553483609110117,5.038370132446289,,STEP_UP,-0.007752682945944884,0.4729999899864197,0.6306666533152262,1,0.320375919342041,0.75,calm
250.0,-0.17379039804152951,6359,,,,0.0,0.0,0.0,0.0,0.0,1.1714063882827759,0.0,0.0,1.3082056045532227,0.0,0.0,0.0,42373.806367473764,0.26879157161931777,0.20000000298023224,,,,1.0,1001,19,0,6345,0.17144402861595154,8.748859405517578,0.018253110349178314,1.2789300680160522,0.198698490858078,rel,70,0.33739998936653137,1,0.004965971224009991,0.004965971224009991,0.004965971224009991,2.4827375411987305,,STEP_UP,-0.005788764086636529,0.33739998936653137,0.33739998936653137,1,0.4271678626537323,1.0,calm
250.0,0.707647503048829,6360,,,,-0.003244999796152115,-0.11119651794433594,-0.011763115879148245,-0.01720339059829712,0.005035698413848877,1.400862216949463,2.2913378060514304,0.3222409405737345,1.904393196105957,0.6965655469312741,0.932464599609375,0.05223540526554351,1945.058128494094,0.4434271518862303,0.20000000298023224,,,,3.0,1001,19,0,6384,0.044077880680561066,9.281268119812012,0.018253110349178314,0.9226746559143066,0.17032764852046967,rel,71,0.4244999885559082,1,8.758372132433578e-05,8.758372132433578e-05,8.139983401633799e-05,0.043787479400634766,,STEP_UP,-0.06794002706354309,0.7900999784469604,0.7900999784469604,1,0.4271678626537323,1.0,omega
250.0,0.31350244231428315,6361,,,,0.007842078804969788,-0.0869598388671875,-0.0014872904866933823,-0.006572723388671875,0.006305098533630371,0.37855663895606995,1.3373383727412929,0.10479657052975488,0.4397814869880676,0.2525410315995005,0.38021240234375,0.0247694337606559,671.4526973520885,0.052252414475308706,0.25,,,,3.0,671,12,0,6385,0.07233639806509018,8.233318328857422,0.00932936742901802,0.9660991430282593,0.19815194606781006,rel,71,0.21319999694824218,1,1.9560035070753656e-05,2.1493155145435594e-05,2.1493155145435594e-05,0.006258585024625063,,STEP_UP,-0.15289030075073246,0.0,0.0,0,0.5339598655700684,1.25,omega
250.0,nan,6362,,,,-0.0002704164362512529,0.14218711853027344,-0.00040562465437687933,-0.026723623275756836,0.001115947961807251,0.28508737683296204,0.6654379208435498,0.1403293652129493,nan,0.32644033546859114,0.212890625,0.015691337277916332,nan,nan,0.30000001192092896,,,,3.0,431,7,0,2135,0.0002704164362512529,8.693866729736328,0.00040562465437687933,1.0331929922103882,0.18255063891410828,grid,71,0.2178000013033549,1,1.8657483451534063e-05,2.358329038543161e-05,nan,0.0041456930339336395,,STEP_UP,nan,0.0,0.0,0,0.640751838684082,1.5,omega
250.0,nan,6363,,,,0.0,-0.010893821716308594,0.0,-0.0058068037033081055,-2.06679105758667e-05,0.32130342721939087,0.2667411996871904,0.03970664403528643,nan,0.07771406480857854,0.06870814732142858,0.005135518887639276,nan,nan,0.3499999940395355,,,,3.0,371,6,0,2136,0.0,8.18891716003418,0.0,1.0405439138412476,0.18855060636997223,grid,71,0.08017143181392125,1,1.832479210861493e-05,2.1885451133130118e-05,nan,0.0029915038030594587,,STEP_UP,nan,0.0,0.0,0,0.7475438117980957,1.75,omega
250.0,nan,6364,,,,0.0,-0.15644311904907227,0.0,0.0039130449295043945,0.0005704313516616821,0.4555901288986206,0.20512946403723029,0.04506174425611287,nan,0.10582180517352832,0.0498504638671875,0.0025089727326816583,nan,nan,0.4000000059604645,,,,3.0,311,5,0,2137,0.0,7.521822929382324,0.0,1.0580995082855225,0.19325469434261322,grid,71,0.006870000157505274,1,1.806600994314067e-05,2.0122046407777816e-05,nan,0.0022580253425985575,,STEP_UP,nan,0.0,0.0,0,0.8543357253074646,2.0,omega
250.0,nan,6365,,,,0.0,-0.10519933700561523,0.0,0.005271792411804199,0.0006968826055526733,0.28707948327064514,0.1111136156615326,0.03129579638878495,nan,0.06642520179232737,0.04876369900173611,0.0018000256290989394,nan,nan,0.44999998807907104,,,,3.0,301,5,0,2138,0.0,6.810919284820557,0.0,1.0800538063049316,0.19783909618854523,grid,71,0.0,0,1.9005728972842917e-05,1.9005728972842917e-05,nan,0.0018769213929772377,,STEP_UP,nan,0.0,0.0,0,0.9611276984214783,2.25,omega
250.0,nan,6366,,,,0.0,-0.033158302307128906,0.0,0.0007529258728027344,0.00012311339378356934,0.11122073978185654,0.046925829136167566,0.018894551658785255,nan,0.0344021776441573,0.016455078125,0.0010512386611373184,nan,nan,0.5,,,,3.0,321,5,0,2139,0.0,6.19378662109375,0.0,1.0993584394454956,0.20223604142665863,grid,71,0.013007999956607818,1,1.9215074644307606e-05,2.740001946222037e-05,nan,0.0015370522160083055,,STEP_UP,nan,0.0,0.0,0,1.0679197311401367,2.5,omega
250.0,nan,6367,,,,0.0,-0.006127357482910156,0.0,0.013311624526977539,0.0010479241609573364,0.033722396939992905,0.04453921968185909,0.023039275032474126,nan,0.03346883790059277,0.009751024863836949,0.001313307159114764,nan,nan,0.7023000121116638,,,,3.0,351,6,0,6391,0.0,4.499746799468994,0.0,1.0215169191360474,0.19418546557426453,rel,71,0.0,0,1.7707887309370562e-05,1.7707887309370562e-05,nan,0.0007179728127084672,,STEP_UP,nan,0.0,0.0,0,1.5,3.5114998817443848,omega
250.0,nan,6368,,,,0.0,-0.008068561553955078,0.0,-0.005498826503753662,-0.0010033845901489258,0.03342455253005028,0.00810210140548767,0.0031635752588378323,nan,0.006262105536145501,0.001557338485064661,0.00018855565002388623,nan,nan,0.8779000043869019,,,,3.0,281,4,0,6392,0.0,3.548971176147461,0.0,0.9496479034423828,0.18254156410694122,rel,71,0.0,0,1.8323855329072103e-05,2.776827386696823e-05,nan,0.00047545929555781186,,STEP_UP,nan,0.0,0.0,0,1.8750534057617188,4.389500141143799,omega
250.0,nan,6369,,,,0.0,-0.010135412216186523,0.0,-9.000301361083984e-06,-9.000301361083984e-06,0.011380724608898163,0.005329067750345396,0.0012532204204571675,nan,0.0022724940024453195,0.0008806211565611889,0.00015883955098440947,nan,nan,1.0535000562667847,,,,3.0,251,4,0,2147,0.0,3.084625720977783,0.0,0.9012803435325623,0.1758342981338501,grid,71,0.0,0,1.9156699636369012e-05,1.9156699636369012e-05,nan,0.0003451740776654333,,STEP_UP,nan,0.0,0.0,0,2.2501068115234375,5.267499923706055,omega
250.0,nan,6370,,,,0.0,-0.0006566047668457031,0.0,0.0003631711006164551,0.00014497339725494385,0.018610771745443344,0.0019218792368008366,0.0005934189259064313,nan,0.0012719794614578688,0.00023837978104910228,5.179735059762521e-05,nan,nan,1.2289999723434448,,,,3.0,241,3,0,6394,0.0,2.7717318534851074,0.0,0.8434295058250427,0.16569679975509644,rel,71,0.0,0,1.9392409740248695e-05,3.705125709529966e-05,nan,0.00025675242068246007,,STEP_UP,nan,0.0,0.0,0,2.6249465942382812,6.144999980926514,omega
250.0,nan,6371,,,,0.0,-0.003485441207885742,0.0,-0.004397988319396973,-0.0006863027811050415,0.022956080734729767,0.003912190510463165,0.001531910474075172,nan,0.002503393237251772,0.0008343122878149261,0.00013840280597367336,nan,nan,1.4046000242233276,,,,3.0,241,3,0,6395,0.0,2.579777956008911,0.0,0.7893453240394592,0.1569046676158905,rel,71,0.0,0,1.6923193470574915e-05,3.4788459743140265e-05,nan,0.00017153927183244377,,STEP_UP,nan,0.0,0.0,0,3.0,7.0229997634887695,omega
250.0,0.7112437318223734,6372,,,,-0.022309357300400734,-1.6079134941101074,-0.011087074875831604,-0.19466108083724976,-0.07051598280668259,1.4888252019882202,4.104375167746909,0.8623688537092054,2.0787172317504883,1.7080395036205513,1.064208984375,0.0931673443771943,2330.0859586216384,0.4272110716990414,0.20000000298023224,,,,3.0,1001,19,0,6384,0.044077880680561066,9.281268119812012,0.018253110349178314,0.9226746559143066,0.17032764852046967,rel,71,0.4244999885559082,1,0.0004271148063708097,0.0004271148063708097,0.0004271148063708097,0.21353603899478912,,STEP_UP,-0.10003225586631065,0.593999981880188,0.593999981880188,1,0.4271678626537323,1.0,kfloor
250.0,0.7233951503686009,6373,,,,-0.03934559226036072,-0.7509212493896484,0.010005408897995949,-0.08115345239639282,-0.04775014519691467,0.4077799916267395,2.3531210525702493,0.5445533776090882,0.4481845498085022,0.9230497000832782,0.7134765625,0.06383100118167725,2464.8358625714145,0.033534146329000376,0.25,,,,3.0,1001,19,0,6385,0.07233639806509018,8.233318328857422,0.00932936742901802,0.9660991430282593,0.19815194606781006,rel,71,0.21319999694824218,1,0.00015870486095082015,0.00015870486095082015,0.00015870486095082015,0.05078047513961792,,STEP_UP,-0.06145225438204656,0.06752999871969223,0.05402399897575379,1,0.5339598655700684,1.25,kfloor
250.0,0.24108985752808287,6374,,,,-0.0002704164362512529,-1.061929702758789,-0.00040562465437687933,-0.1473790407180786,-0.02853672206401825,0.04541122913360596,1.5215878639832734,0.36688794632318406,0.04438447952270508,0.5543006659610396,0.3399251302083333,0.022496114641949144,nan,0.012012069493601736,0.30000001192092896,,,,3.0,1001,19,1,2135,0.0002704164362512529,8.693866729736328,0.00040562465437687933,1.0331929922103882,0.18255063891410828,grid,71,0.2178000013033549,1,0.00030522665474563837,0.00030522665474563837,0.0002846290008164942,0.06782136112451553,,STEP_UP,0.004829185659235389,0.027079999446868896,0.018053332964579265,1,0.640751838684082,1.5,kfloor
250.0,0.4221077373583612,6375,,,,0.0,-1.1916003227233887,0.0,-0.1361626386642456,-0.030428603291511536,0.0009522438049316406,1.0772356247931747,0.349743661674549,0.002640077145770192,0.48470563436347636,0.23883928571428573,0.01421658599302075,1215.1788583128023,0.001516836153674406,0.3499999940395355,,,,3.0,1001,19,1,2136,0.0,8.18891716003418,0.0,1.0405439138412476,0.18855060636997223,grid,71,0.08017143181392125,1,3.7300593248801306e-05,3.7300593248801306e-05,3.7300593248801306e-05,0.0060892836190760136,,STEP_UP,-0.1263830791820178,0.004091999959200621,0.002338285690971783,1,0.7475438117980957,1.75,kfloor
250.0,-0.7693846028707482,6376,,,,0.0,-1.1545519828796387,0.0,-0.1789950132369995,-0.03819608688354492,0.36942058801651,0.7829018486641373,0.3370855959426165,0.25655874609947205,0.4616040243790278,0.18115234375,0.013200410459897787,nan,0.04347763131665242,0.4000000059604645,,,,3.0,1001,19,0,2137,0.0,7.521822929382324,0.0,1.0580995082855225,0.19325469434261322,grid,71,0.006870000157505274,1,0.0019838353618979454,0.0019838353618979454,0.0007937594782561064,0.2479546070098877,,STEP_UP,0.07948209155689598,0.13269999623298645,0.06634999811649323,1,0.8543357253074646,2.0,kfloor
250.0,-0.33704403135781585,6377,,,,0.0,-0.9504361152648926,0.0,-0.19367074966430664,-0.040312886238098145,0.2821328341960907,0.6166997127442049,0.2801834411072616,0.19823497533798218,0.41581637126187776,0.1362847222222222,0.01128030337290755,nan,0.03802929247246575,0.44999998807907104,,,,3.0,1001,19,0,2138,0.0,6.810919284820557,0.0,1.0800538063049316,0.19783909618854523,grid,71,0.0,0,0.0015194321749731898,0.0015194321749731898,0.000741500174626708,0.15005236864089966,,STEP_UP,0.062483822215687344,0.12839999794960022,0.057066665755377874,1,0.9611276984214783,2.25,kfloor
250.0,0.9479468605979657,6378,,,,0.0,-0.7514300346374512,0.0,-0.18672841787338257,-0.039595797657966614,0.012529087252914906,0.527982830346428,0.22390398467858258,0.01056051254272461,0.36096268580434915,0.1064453125,0.009917912620541338,nan,0.009355340970204172,0.5,,,,3.0,1001,19,1,2139,0.0,6.19378662109375,0.0,1.0993584394454956,0.20223604142665863,grid,71,0.013007999956607818,1,0.00036838624509982765,0.00036838624509982765,0.0003256901982240379,0.029467953369021416,,STEP_UP,0.010859840566461861,0.03776000067591667,0.01510400027036667,1,1.0679197311401367,2.5,kfloor
250.0,nan,6379,,,,0.0,-0.32399606704711914,0.0,-0.17946451902389526,-0.03917974233627319,0.0046424237079918385,0.3610233145533306,0.1153819946105932,nan,0.27506423855228135,0.0642420461617493,0.008016993250942666,nan,nan,0.7023000121116638,,,,3.0,311,5,0,6391,0.0,4.499746799468994,0.0,1.0215169191360474,0.19418546557426453,rel,71,0.0,0,1.8291219021193683e-05,2.021383807004895e-05,nan,0.0007416241569444537,,STEP_UP,nan,0.0,0.0,0,1.5,3.5114998817443848,kfloor
250.0,nan,6380,,,,0.0,-0.13861346244812012,0.0,-0.18086278438568115,-0.035231173038482666,0.023104902356863022,0.1893057150805017,0.0462411868440353,nan,0.12283420179162735,0.04238185448640257,0.004555399178397983,nan,nan,0.8779000043869019,,,,3.0,171,2,0,6392,0.0,3.548971176147461,0.0,0.9496479034423828,0.18254156410694122,rel,71,0.0,0,1.9824397895717993e-05,3.0808856536168605e-05,nan,0.0005143946618773043,,STEP_UP,nan,0.0,0.0,0,1.8750534057617188,4.389500141143799,kfloor
250.0,nan,6381,,,,0.0,-0.05581235885620117,0.0,-0.09651994705200195,-0.019033387303352356,0.06610624492168427,0.08390790714931105,0.0190855156423512,nan,0.04840980798897989,0.021134907757468534,0.0021211420370565687,nan,nan,1.0535000562667847,,,,3.0,141,1,0,2147,0.0,3.084625720977783,0.0,0.9012803435325623,0.1758342981338501,grid,71,0.0,0,1.8932385501102544e-05,5.550949936150573e-05,nan,0.0003411322832107544,,STEP_UP,nan,0.0,0.0,0,2.2501068115234375,5.267499923706055,kfloor
250.0,nan,6382,,,,0.0,-0.010752439498901367,0.0,-0.06647247076034546,-0.012863993644714355,0.05028284713625908,0.05413554151711591,0.012785921245093571,nan,0.02806465679071162,0.013110887957700625,0.0013050865187029669,nan,nan,1.2289999723434448,,,,3.0,131,1,0,6394,0.0,2.7717318534851074,0.0,0.8434295058250427,0.16569679975509644,rel,71,0.0,0,1.6659443645039573e-05,4.089560388820246e-05,nan,0.00022056839952711016,,STEP_UP,nan,0.0,0.0,0,2.6249465942382812,6.144999980926514,kfloor
250.0,nan,6383,,,,0.0,0.006638765335083008,0.0,-0.04789489507675171,-0.008697167038917542,0.044234100729227066,0.03799512926215936,0.011657665708793633,nan,0.02058921375307439,0.007925966734241797,0.0009181623508838527,nan,nan,1.4046000242233276,,,,3.0,121,1,0,6395,0.0,2.579777956008911,0.0,0.7893453240394592,0.1569046676158905,rel,71,0.0,0,1.806018190109171e-05,3.573419598978944e-05,nan,0.0001830641704145819,,STEP_UP,nan,0.0,0.0,0,3.0,7.0229997634887695,kfloor
250.0,-0.22773654005883798,6384,,,,,,,,,1.2146492004394531,,,1.4894558191299438,,,,nan,0.29852010754697367,0.20000000298023224,,,,3.0,1001,19,0,-1,,,,,,,71,,,0.006287690717726946,0.006287690717726946,0.004649040289223194,3.14353084564209,,STEP_UP,0.029289813475175532,0.4244999885559082,0.4244999885559082,1,0.4271678626537323,1.0,rel
250.0,0.8838610750656329,6385,,,,,,,,,0.3938722014427185,,,0.5117298364639282,,,,nan,0.1328949205244016,0.25,,,,3.0,1001,19,0,-1,,,,,,,71,,,0.0021299791987985373,0.0021299791987985373,0.0001546177954878658,0.6815252304077148,,STEP_UP,0.23372211889787187,0.26649999618530273,0.21319999694824218,1,0.5339598655700684,1.25,rel
250.0,0.8364755665668542,6386,,,,0.0,0.0,0.0,0.0,0.0,0.46205607056617737,0.0,0.0,0.40133216977119446,0.0,0.0,0.0,nan,0.12650062296993173,0.30000001192092896,,,,3.0,1001,19,0,2135,0.0002704164362512529,8.693866729736328,0.00040562465437687933,1.0331929922103882,0.18255063891410828,grid,71,0.2178000013033549,1,0.0029862229712307453,0.0029862229712307453,0.0008943062857724726,0.6635387539863586,,STEP_UP,0.08369820334694617,0.32670000195503235,0.2178000013033549,1,0.640751838684082,1.5,rel
250.0,-0.7885052288463283,6387,,,,0.0,0.0,0.0,0.0,0.0,0.4517342448234558,0.0,0.0,0.37511810660362244,0.0,0.0,0.0,nan,0.05064709044958871,0.3499999940395355,,,,3.0,1001,19,0,2136,0.0,8.18891716003418,0.0,1.0405439138412476,0.18855060636997223,grid,71,0.08017143181392125,1,0.0015998854069039226,0.0015998854069039226,0.0010116416960954666,0.261179655790329,,STEP_UP,0.03819290507923473,0.14030000567436218,0.08017143181392125,1,0.7475438117980957,1.75,rel
250.0,0.2542140267422284,6388,,,,0.0,0.0,0.0,0.0,0.0,0.013306230306625366,0.0,0.0,0.02390163205564022,0.0,0.0,0.0,1045.989706916664,0.004002547951592569,0.4000000059604645,,,,3.0,1001,19,1,2137,0.0,7.521822929382324,0.0,1.0580995082855225,0.19325469434261322,grid,71,0.006870000157505274,1,2.3351594791165553e-05,2.3351594791165553e-05,2.3351594791165553e-05,0.0029186573810875416,,STEP_UP,-0.14956010905179085,0.013740000315010548,0.006870000157505274,1,0.8543357253074646,2.0,rel
250.0,0.2293525631879674,6389,,,,0.0,0.0023860931396484375,0.0,-0.00011372566223144531,-2.4974346160888672e-05,0.002618352649733424,0.005236514111117038,0.0010506425595952025,0.007705101743340492,0.0017995539206332495,0.0006781684027777778,8.890263973094187e-05,641.6847433459232,0.001987000999997974,0.44999998807907104,641,0.0,0,3.0,811,15,0,2138,0.0,6.810919284820557,0.0,1.0800538063049316,0.19783909618854523,grid,71,0.0,0,3.874008143611718e-06,4.441941655386472e-06,4.441941655386472e-06,0.00038257980486378074,,STEP_UP,-0.4101659911019462,0.0,0.0,0,0.9611276984214783,2.25,rel
250.0,0.5625151865951594,6390,,,,0.0,0.0,0.0,0.0,0.0,0.018065303564071655,0.0,0.0,0.03729674965143204,0.0,0.0,0.0,2130.4179731581144,0.00815388061393972,0.5,,,,3.0,1001,19,1,2139,0.0,6.19378662109375,0.0,1.0993584394454956,0.20223604142665863,grid,71,0.013007999956607818,1,0.00015416355745401233,0.00015416355745401233,0.00015416355745401233,0.012331850826740265,,STEP_UP,-0.07853174209594717,0.032519999891519547,0.013007999956607818,1,1.0679197311401367,2.5,rel
250.0,nan,6391,,,,,,,,,0.03583414852619171,,,nan,,,,nan,nan,0.7023000121116638,,,,3.0,621,11,0,-1,,,,,,,71,,,9.72049110714579e-06,1.0925123206106946e-05,nan,0.0003941208706237376,,STEP_UP,nan,0.0,0.0,0,1.5,3.5114998817443848,rel
250.0,nan,6392,,,,,,,,,0.013418682850897312,,,nan,,,,nan,nan,0.8779000043869019,,,,3.0,221,3,0,-1,,,,,,,71,,,1.4067254596739076e-05,1.9790915757766925e-05,nan,0.00036501087015494704,,STEP_UP,nan,0.0,0.0,0,1.8750534057617188,4.389500141143799,rel
250.0,nan,6393,0.003002294245234613,0.0010706542716036223,1,0.0,-0.007550239562988281,0.0,-0.0006487369537353516,-8.049607276916504e-05,0.017146766185760498,0.0037090370849977524,0.0011666436448979722,nan,0.0022344823772989,0.000463484819242731,4.193579023887415e-05,nan,nan,1.0535000562667847,151,0.0,0,3.0,151,2,0,2147,0.0,3.084625720977783,0.0,0.9012803435325623,0.1758342981338501,grid,71,0.0,0,1.9271725250291638e-05,1.9271725250291638e-05,nan,0.0003472466778475791,,STEP_UP,nan,0.0,0.0,0,2.2501068115234375,5.267499923706055,rel
250.0,nan,6394,,,,,,,,,0.07979747653007507,,,nan,,,,nan,nan,1.2289999723434448,,,,3.0,121,1,0,-1,,,,,,,71,,,2.7978278012597002e-05,4.869175245403312e-05,nan,0.0003704279661178589,,STEP_UP,nan,0.0,0.0,0,2.6249465942382812,6.144999980926514,rel
250.0,nan,6395,,,,,,,,,0.05461486428976059,,,nan,,,,nan,nan,1.4046000242233276,,,,3.0,111,1,0,-1,,,,,,,71,,,2.977075746457558e-05,4.129909575567581e-05,nan,0.0003017665585502982,,STEP_UP,nan,0.0,0.0,0,3.0,7.0229997634887695,rel
250.0,0.3038740412615637,6396,,,,0.0,0.0,0.0,0.0,0.0,5.271739482879639,0.0,0.0,6.0604753494262695,0.0,0.0,0.0,nan,0.7862279268918851,0.10000000149011612,,,,3.0,1001,19,0,2130,0.08450514078140259,13.586127281188965,0.002433747984468937,0.722182035446167,0.11722761392593384,grid,71,1.121399998664856,1,0.005860274191945791,0.005860274191945791,0.005070220213383436,11.719375610351562,,STEP_UP,0.008741183714433196,0.560699999332428,1.121399998664856,1,0.21358393132686615,0.5,calm
250.0,-0.03182119052755547,6397,,,,-0.002568952739238739,0.055634498596191406,0.001352082472294569,0.005434215068817139,0.0001731961965560913,2.1179020404815674,0.2562737187725837,0.06250662125061866,1.9624487161636353,0.12422606446619289,0.13460286458333334,0.008124043893358484,50699.508458054275,0.38055045471042814,0.15000000596046448,,,,3.0,1001,19,0,2132,0.112222820520401,11.563618659973145,0.005273120477795601,0.8944170475006104,0.15515004098415375,grid,71,0.5568000078201294,1,0.007316371891647577,0.007316371891647577,0.0066713145934045315,6.502791404724121,,STEP_UP,-0.005157631093805364,0.4165000021457672,0.5553333361943563,1,0.320375919342041,0.75,calm
250.0,-0.22773654005883798,6398,,,,0.0,0.0,0.0,0.0,0.0,1.2146492004394531,0.0,0.0,1.4894558191299438,0.0,0.0,0.0,nan,0.29852010754697367,0.20000000298023224,,,,3.0,1001,19,0,6384,0.044077880680561066,9.281268119812012,0.018253110349178314,0.9226746559143066,0.17032764852046967,rel,71,0.4244999885559082,1,0.006287690717726946,0.006287690717726946,0.004649040289223194,3.14353084564209,,STEP_UP,0.029289813475175532,0.4244999885559082,0.4244999885559082,1,0.4271678626537323,1.0,calm
