location,start,mode,wind_set_ms,hour,offset_m,agl_m,msl_m,ground_msl_m,u_h_ms,u_along_ms,w_ms,u_profile_model_ms,u_cross_ms
altai,sinyukha_west,analytic,0.0,12.0,-3000.0,1.0,383.47,382.47,0.000,0.000,0.000,0.000,0.000
altai,sinyukha_west,analytic,0.0,12.0,-3000.0,1.5,383.97,382.47,0.000,0.000,0.000,0.000,0.000
altai,sinyukha_west,analytic,0.0,12.0,-3000.0,2.0,384.47,382.47,0.000,0.000,0.000,0.000,0.000
altai,sinyukha_west,analytic,0.0,12.0,-3000.0,3.0,385.47,382.47,0.000,0.000,0.000,0.000,0.000
altai,sinyukha_west,analytic,0.0,12.0,-3000.0,5.0,387.47,382.47,0.000,0.000,0.000,0.000,0.000
altai,sinyukha_west,analytic,0.0,12.0,-3000.0,10.0,392.47,382.47,0.000,0.000,0.000,0.000,0.000
altai,sinyukha_west,analytic,0.0,12.0,-3000.0,30.0,412.47,382.47,0.000,0.000,0.000,0.000,0.000
altai,sinyukha_west,analytic,0.0,12.0,-3000.0,50.0,432.47,382.47,0.000,0.000,0.000,0.000,0.000
altai,sinyukha_west,analytic,0.0,12.0,-3000.0,100.0,482.47,382.47,0.000,0.000,0.000,0.000,0.000
altai,sinyukha_west,analytic,0.0,12.0,-3000.0,200.0,582.47,382.47,0.000,0.000,0.000,0.000,0.000
altai,sinyukha_west,analytic,0.0,12.0,-3000.0,300.0,682.47,382.47,0.000,0.000,0.000,0.000,0.000
altai,sinyukha_west,analytic,0.0,12.0,-1000.0,1.0,717.11,716.11,0.000,0.000,0.000,0.000,0.000
altai,sinyukha_west,analytic,0.0,12.0,-1000.0,1.5,717.61,716.11,0.000,0.000,0.000,0.000,0.000
altai,sinyukha_west,analytic,0.0,12.0,-1000.0,2.0,718.11,716.11,0.000,0.000,0.000,0.000,0.000
altai,sinyukha_west,analytic,0.0,12.0,-1000.0,3.0,719.11,716.11,0.000,0.000,0.000,0.000,0.000
altai,sinyukha_west,analytic,0.0,12.0,-1000.0,5.0,721.11,716.11,0.000,0.000,0.000,0.000,0.000
altai,sinyukha_west,analytic,0.0,12.0,-1000.0,10.0,726.11,716.11,0.000,0.000,0.000,0.000,0.000
altai,sinyukha_west,analytic,0.0,12.0,-1000.0,30.0,746.11,716.11,0.000,0.000,0.000,0.000,0.000
altai,sinyukha_west,analytic,0.0,12.0,-1000.0,50.0,766.11,716.11,0.000,0.000,0.000,0.000,0.000
altai,sinyukha_west,analytic,0.0,12.0,-1000.0,100.0,816.11,716.11,0.000,0.000,0.000,0.000,0.000
altai,sinyukha_west,analytic,0.0,12.0,-1000.0,200.0,916.11,716.11,0.000,0.000,0.000,0.000,0.000
altai,sinyukha_west,analytic,0.0,12.0,-1000.0,300.0,1016.11,716.11,0.000,0.000,0.000,0.000,0.000
altai,sinyukha_west,analytic,0.0,12.0,-300.0,1.0,975.18,974.18,0.000,0.000,0.000,0.000,0.000
altai,sinyukha_west,analytic,0.0,12.0,-300.0,1.5,975.68,974.18,0.000,0.000,0.000,0.000,0.000
altai,sinyukha_west,analytic,0.0,12.0,-300.0,2.0,976.18,974.18,0.000,0.000,0.000,0.000,0.000
altai,sinyukha_west,analytic,0.0,12.0,-300.0,3.0,977.18,974.18,0.000,0.000,0.000,0.000,0.000
altai,sinyukha_west,analytic,0.0,12.0,-300.0,5.0,979.18,974.18,0.000,0.000,0.000,0.000,0.000
altai,sinyukha_west,analytic,0.0,12.0,-300.0,10.0,984.18,974.18,0.000,0.000,0.000,0.000,0.000
altai,sinyukha_west,analytic,0.0,12.0,-300.0,30.0,1004.18,974.18,0.000,0.000,0.000,0.000,0.000
altai,sinyukha_west,analytic,0.0,12.0,-300.0,50.0,1024.18,974.18,0.000,0.000,0.000,0.000,0.000
altai,sinyukha_west,analytic,0.0,12.0,-300.0,100.0,1074.18,974.18,0.000,0.000,0.000,0.000,0.000
altai,sinyukha_west,analytic,0.0,12.0,-300.0,200.0,1174.18,974.18,0.000,0.000,0.000,0.000,0.000
altai,sinyukha_west,analytic,0.0,12.0,-300.0,300.0,1274.18,974.18,0.000,0.000,0.000,0.000,0.000
altai,sinyukha_west,analytic,0.0,12.0,-150.0,1.0,1035.89,1034.89,0.000,0.000,0.000,0.000,0.000
altai,sinyukha_west,analytic,0.0,12.0,-150.0,1.5,1036.39,1034.89,0.000,0.000,0.000,0.000,0.000
altai,sinyukha_west,analytic,0.0,12.0,-150.0,2.0,1036.89,1034.89,0.000,0.000,0.000,0.000,0.000
altai,sinyukha_west,analytic,0.0,12.0,-150.0,3.0,1037.89,1034.89,0.000,0.000,0.000,0.000,0.000
altai,sinyukha_west,analytic,0.0,12.0,-150.0,5.0,1039.89,1034.89,0.000,0.000,0.000,0.000,0.000
altai,sinyukha_west,analytic,0.0,12.0,-150.0,10.0,1044.89,1034.89,0.000,0.000,0.000,0.000,0.000
altai,sinyukha_west,analytic,0.0,12.0,-150.0,30.0,1064.89,1034.89,0.000,0.000,0.000,0.000,0.000
altai,sinyukha_west,analytic,0.0,12.0,-150.0,50.0,1084.89,1034.89,0.000,0.000,0.000,0.000,0.000
altai,sinyukha_west,analytic,0.0,12.0,-150.0,100.0,1134.89,1034.89,0.000,0.000,0.000,0.000,0.000
altai,sinyukha_west,analytic,0.0,12.0,-150.0,200.0,1234.89,1034.89,0.000,0.000,0.000,0.000,0.000
altai,sinyukha_west,analytic,0.0,12.0,-150.0,300.0,1334.89,1034.89,0.000,0.000,0.000,0.000,0.000
altai,sinyukha_west,analytic,0.0,12.0,-50.0,1.0,1086.25,1085.25,0.000,0.000,0.000,0.000,0.000
altai,sinyukha_west,analytic,0.0,12.0,-50.0,1.5,1086.75,1085.25,0.000,0.000,0.000,0.000,0.000
altai,sinyukha_west,analytic,0.0,12.0,-50.0,2.0,1087.25,1085.25,0.000,0.000,0.000,0.000,0.000
altai,sinyukha_west,analytic,0.0,12.0,-50.0,3.0,1088.25,1085.25,0.000,0.000,0.000,0.000,0.000
altai,sinyukha_west,analytic,0.0,12.0,-50.0,5.0,1090.25,1085.25,0.000,0.000,0.000,0.000,0.000
altai,sinyukha_west,analytic,0.0,12.0,-50.0,10.0,1095.25,1085.25,0.000,0.000,0.000,0.000,0.000
altai,sinyukha_west,analytic,0.0,12.0,-50.0,30.0,1115.25,1085.25,0.000,0.000,0.000,0.000,0.000
altai,sinyukha_west,analytic,0.0,12.0,-50.0,50.0,1135.25,1085.25,0.000,0.000,0.000,0.000,0.000
altai,sinyukha_west,analytic,0.0,12.0,-50.0,100.0,1185.25,1085.25,0.000,0.000,0.000,0.000,0.000
altai,sinyukha_west,analytic,0.0,12.0,-50.0,200.0,1285.25,1085.25,0.000,0.000,0.000,0.000,0.000
altai,sinyukha_west,analytic,0.0,12.0,-50.0,300.0,1385.25,1085.25,0.000,0.000,0.000,0.000,0.000
altai,sinyukha_west,analytic,0.0,12.0,-30.0,1.0,1096.17,1095.17,0.000,0.000,0.000,0.000,0.000
altai,sinyukha_west,analytic,0.0,12.0,-30.0,1.5,1096.67,1095.17,0.000,0.000,0.000,0.000,0.000
altai,sinyukha_west,analytic,0.0,12.0,-30.0,2.0,1097.17,1095.17,0.000,0.000,0.000,0.000,0.000
altai,sinyukha_west,analytic,0.0,12.0,-30.0,3.0,1098.17,1095.17,0.000,0.000,0.000,0.000,0.000
altai,sinyukha_west,analytic,0.0,12.0,-30.0,5.0,1100.17,1095.17,0.000,0.000,0.000,0.000,0.000
altai,sinyukha_west,analytic,0.0,12.0,-30.0,10.0,1105.17,1095.17,0.000,0.000,0.000,0.000,0.000
altai,sinyukha_west,analytic,0.0,12.0,-30.0,30.0,1125.17,1095.17,0.000,0.000,0.000,0.000,0.000
altai,sinyukha_west,analytic,0.0,12.0,-30.0,50.0,1145.17,1095.17,0.000,0.000,0.000,0.000,0.000
altai,sinyukha_west,analytic,0.0,12.0,-30.0,100.0,1195.17,1095.17,0.000,0.000,0.000,0.000,0.000
altai,sinyukha_west,analytic,0.0,12.0,-30.0,200.0,1295.17,1095.17,0.000,0.000,0.000,0.000,0.000
altai,sinyukha_west,analytic,0.0,12.0,-30.0,300.0,1395.17,1095.17,0.000,0.000,0.000,0.000,0.000
altai,sinyukha_west,analytic,0.0,12.0,-20.0,1.0,1100.54,1099.54,0.000,0.000,0.000,0.000,0.000
altai,sinyukha_west,analytic,0.0,12.0,-20.0,1.5,1101.04,1099.54,0.000,0.000,0.000,0.000,0.000
altai,sinyukha_west,analytic,0.0,12.0,-20.0,2.0,1101.54,1099.54,0.000,0.000,0.000,0.000,0.000
altai,sinyukha_west,analytic,0.0,12.0,-20.0,3.0,1102.54,1099.54,0.000,0.000,0.000,0.000,0.000
altai,sinyukha_west,analytic,0.0,12.0,-20.0,5.0,1104.54,1099.54,0.000,0.000,0.000,0.000,0.000
altai,sinyukha_west,analytic,0.0,12.0,-20.0,10.0,1109.54,1099.54,0.000,0.000,0.000,0.000,0.000
altai,sinyukha_west,analytic,0.0,12.0,-20.0,30.0,1129.54,1099.54,0.000,0.000,0.000,0.000,0.000
altai,sinyukha_west,analytic,0.0,12.0,-20.0,50.0,1149.54,1099.54,0.000,0.000,0.000,0.000,0.000
altai,sinyukha_west,analytic,0.0,12.0,-20.0,100.0,1199.54,1099.54,0.000,0.000,0.000,0.000,0.000
altai,sinyukha_west,analytic,0.0,12.0,-20.0,200.0,1299.54,1099.54,0.000,0.000,0.000,0.000,0.000
altai,sinyukha_west,analytic,0.0,12.0,-20.0,300.0,1399.54,1099.54,0.000,0.000,0.000,0.000,0.000
altai,sinyukha_west,analytic,0.0,12.0,-10.0,1.0,1104.26,1103.26,0.000,0.000,0.000,0.000,0.000
altai,sinyukha_west,analytic,0.0,12.0,-10.0,1.5,1104.76,1103.26,0.000,0.000,0.000,0.000,0.000
altai,sinyukha_west,analytic,0.0,12.0,-10.0,2.0,1105.26,1103.26,0.000,0.000,0.000,0.000,0.000
altai,sinyukha_west,analytic,0.0,12.0,-10.0,3.0,1106.26,1103.26,0.000,0.000,0.000,0.000,0.000
altai,sinyukha_west,analytic,0.0,12.0,-10.0,5.0,1108.26,1103.26,0.000,0.000,0.000,0.000,0.000
altai,sinyukha_west,analytic,0.0,12.0,-10.0,10.0,1113.26,1103.26,0.000,0.000,0.000,0.000,0.000
altai,sinyukha_west,analytic,0.0,12.0,-10.0,30.0,1133.26,1103.26,0.000,0.000,0.000,0.000,0.000
altai,sinyukha_west,analytic,0.0,12.0,-10.0,50.0,1153.26,1103.26,0.000,0.000,0.000,0.000,0.000
altai,sinyukha_west,analytic,0.0,12.0,-10.0,100.0,1203.26,1103.26,0.000,0.000,0.000,0.000,0.000
altai,sinyukha_west,analytic,0.0,12.0,-10.0,200.0,1303.26,1103.26,0.000,0.000,0.000,0.000,0.000
altai,sinyukha_west,analytic,0.0,12.0,-10.0,300.0,1403.26,1103.26,0.000,0.000,0.000,0.000,0.000
altai,sinyukha_west,analytic,0.0,12.0,0.0,1.0,1107.89,1106.89,0.000,0.000,0.000,0.000,0.000
altai,sinyukha_west,analytic,0.0,12.0,0.0,1.5,1108.39,1106.89,0.000,0.000,0.000,0.000,0.000
altai,sinyukha_west,analytic,0.0,12.0,0.0,2.0,1108.89,1106.89,0.000,0.000,0.000,0.000,0.000
altai,sinyukha_west,analytic,0.0,12.0,0.0,3.0,1109.89,1106.89,0.000,0.000,0.000,0.000,0.000
altai,sinyukha_west,analytic,0.0,12.0,0.0,5.0,1111.89,1106.89,0.000,0.000,0.000,0.000,0.000
altai,sinyukha_west,analytic,0.0,12.0,0.0,10.0,1116.89,1106.89,0.000,0.000,0.000,0.000,0.000
altai,sinyukha_west,analytic,0.0,12.0,0.0,30.0,1136.89,1106.89,0.000,0.000,0.000,0.000,0.000
altai,sinyukha_west,analytic,0.0,12.0,0.0,50.0,1156.89,1106.89,0.000,0.000,0.000,0.000,0.000
altai,sinyukha_west,analytic,0.0,12.0,0.0,100.0,1206.89,1106.89,0.000,0.000,0.000,0.000,0.000
altai,sinyukha_west,analytic,0.0,12.0,0.0,200.0,1306.89,1106.89,0.000,0.000,0.000,0.000,0.000
altai,sinyukha_west,analytic,0.0,12.0,0.0,300.0,1406.89,1106.89,0.000,0.000,0.000,0.000,0.000
altai,sinyukha_west,analytic,0.0,12.0,100.0,1.0,1097.30,1096.30,0.000,0.000,0.000,0.000,0.000
altai,sinyukha_west,analytic,0.0,12.0,100.0,1.5,1097.80,1096.30,0.000,0.000,0.000,0.000,0.000
altai,sinyukha_west,analytic,0.0,12.0,100.0,2.0,1098.30,1096.30,0.000,0.000,0.000,0.000,0.000
altai,sinyukha_west,analytic,0.0,12.0,100.0,3.0,1099.30,1096.30,0.000,0.000,0.000,0.000,0.000
altai,sinyukha_west,analytic,0.0,12.0,100.0,5.0,1101.30,1096.30,0.000,0.000,0.000,0.000,0.000
altai,sinyukha_west,analytic,0.0,12.0,100.0,10.0,1106.30,1096.30,0.000,0.000,0.000,0.000,0.000
altai,sinyukha_west,analytic,0.0,12.0,100.0,30.0,1126.30,1096.30,0.000,0.000,0.000,0.000,0.000
altai,sinyukha_west,analytic,0.0,12.0,100.0,50.0,1146.30,1096.30,0.000,0.000,0.000,0.000,0.000
altai,sinyukha_west,analytic,0.0,12.0,100.0,100.0,1196.30,1096.30,0.000,0.000,0.000,0.000,0.000
altai,sinyukha_west,analytic,0.0,12.0,100.0,200.0,1296.30,1096.30,0.000,0.000,0.000,0.000,0.000
altai,sinyukha_west,analytic,0.0,12.0,100.0,300.0,1396.30,1096.30,0.000,0.000,0.000,0.000,0.000
altai,sinyukha_west,analytic,0.0,12.0,300.0,1.0,1057.97,1056.97,0.000,0.000,0.000,0.000,0.000
altai,sinyukha_west,analytic,0.0,12.0,300.0,1.5,1058.47,1056.97,0.000,0.000,0.000,0.000,0.000
altai,sinyukha_west,analytic,0.0,12.0,300.0,2.0,1058.97,1056.97,0.000,0.000,0.000,0.000,0.000
altai,sinyukha_west,analytic,0.0,12.0,300.0,3.0,1059.97,1056.97,0.000,0.000,0.000,0.000,0.000
altai,sinyukha_west,analytic,0.0,12.0,300.0,5.0,1061.97,1056.97,0.000,0.000,0.000,0.000,0.000
altai,sinyukha_west,analytic,0.0,12.0,300.0,10.0,1066.97,1056.97,0.000,0.000,0.000,0.000,0.000
altai,sinyukha_west,analytic,0.0,12.0,300.0,30.0,1086.97,1056.97,0.000,0.000,0.000,0.000,0.000
altai,sinyukha_west,analytic,0.0,12.0,300.0,50.0,1106.97,1056.97,0.000,0.000,0.000,0.000,0.000
altai,sinyukha_west,analytic,0.0,12.0,300.0,100.0,1156.97,1056.97,0.000,0.000,0.000,0.000,0.000
altai,sinyukha_west,analytic,0.0,12.0,300.0,200.0,1256.97,1056.97,0.000,0.000,0.000,0.000,0.000
altai,sinyukha_west,analytic,0.0,12.0,300.0,300.0,1356.97,1056.97,0.000,0.000,0.000,0.000,0.000
altai,sinyukha_west,analytic,3.0,12.0,-3000.0,1.0,383.47,382.47,1.240,1.240,-0.101,1.312,-0.000
altai,sinyukha_west,analytic,3.0,12.0,-3000.0,1.5,383.97,382.47,1.293,1.293,-0.105,1.374,-0.000
altai,sinyukha_west,analytic,3.0,12.0,-3000.0,2.0,384.47,382.47,1.334,1.334,-0.108,1.419,-0.000
altai,sinyukha_west,analytic,3.0,12.0,-3000.0,3.0,385.47,382.47,1.397,1.397,-0.113,1.487,-0.000
altai,sinyukha_west,analytic,3.0,12.0,-3000.0,5.0,387.47,382.47,1.484,1.484,-0.120,1.578,-0.000
altai,sinyukha_west,analytic,3.0,12.0,-3000.0,10.0,392.47,382.47,1.622,1.622,-0.130,1.714,-0.000
altai,sinyukha_west,analytic,3.0,12.0,-3000.0,30.0,412.47,382.47,1.928,1.928,-0.145,1.979,-0.000
altai,sinyukha_west,analytic,3.0,12.0,-3000.0,50.0,432.47,382.47,2.139,2.139,-0.124,2.139,0.000
altai,sinyukha_west,analytic,3.0,12.0,-3000.0,100.0,482.47,382.47,2.428,2.428,-0.052,2.428,0.000
altai,sinyukha_west,analytic,3.0,12.0,-3000.0,200.0,582.47,382.47,2.876,2.876,-0.002,2.876,-0.000
altai,sinyukha_west,analytic,3.0,12.0,-3000.0,300.0,682.47,382.47,3.140,3.140,0.002,3.140,-0.000
altai,sinyukha_west,analytic,3.0,12.0,-1000.0,1.0,717.11,716.11,1.824,1.824,0.579,1.776,0.000
altai,sinyukha_west,analytic,3.0,12.0,-1000.0,1.5,717.61,716.11,1.894,1.894,0.601,1.859,0.000
altai,sinyukha_west,analytic,3.0,12.0,-1000.0,2.0,718.11,716.11,1.948,1.948,0.618,1.921,-0.000
altai,sinyukha_west,analytic,3.0,12.0,-1000.0,3.0,719.11,716.11,2.031,2.031,0.643,2.012,0.000
altai,sinyukha_west,analytic,3.0,12.0,-1000.0,5.0,721.11,716.11,2.146,2.146,0.676,2.133,-0.000
altai,sinyukha_west,analytic,3.0,12.0,-1000.0,10.0,726.11,716.11,2.321,2.321,0.725,2.315,0.000
altai,sinyukha_west,analytic,3.0,12.0,-1000.0,30.0,746.11,716.11,2.661,2.661,0.807,2.658,-0.000
altai,sinyukha_west,analytic,3.0,12.0,-1000.0,50.0,766.11,716.11,2.860,2.860,0.862,2.858,-0.000
altai,sinyukha_west,analytic,3.0,12.0,-1000.0,100.0,816.11,716.11,3.206,3.206,0.882,3.205,-0.000
altai,sinyukha_west,analytic,3.0,12.0,-1000.0,200.0,916.11,716.11,3.716,3.716,0.585,3.716,-0.000
altai,sinyukha_west,analytic,3.0,12.0,-1000.0,300.0,1016.11,716.11,3.984,3.984,0.372,3.984,-0.000
altai,sinyukha_west,analytic,3.0,12.0,-300.0,1.0,975.18,974.18,2.248,2.248,0.849,2.135,-0.000
altai,sinyukha_west,analytic,3.0,12.0,-300.0,1.5,975.68,974.18,2.319,2.319,0.873,2.235,-0.000
altai,sinyukha_west,analytic,3.0,12.0,-300.0,2.0,976.18,974.18,2.376,2.376,0.891,2.309,-0.000
altai,sinyukha_west,analytic,3.0,12.0,-300.0,3.0,977.18,974.18,2.466,2.466,0.919,2.418,0.000
altai,sinyukha_west,analytic,3.0,12.0,-300.0,5.0,979.18,974.18,2.595,2.595,0.953,2.563,0.000
altai,sinyukha_west,analytic,3.0,12.0,-300.0,10.0,984.18,974.18,2.797,2.797,0.991,2.779,-0.000
altai,sinyukha_west,analytic,3.0,12.0,-300.0,30.0,1004.18,974.18,3.191,3.191,0.994,3.184,0.000
altai,sinyukha_west,analytic,3.0,12.0,-300.0,50.0,1024.18,974.18,3.419,3.419,0.937,3.414,-0.000
altai,sinyukha_west,analytic,3.0,12.0,-300.0,100.0,1074.18,974.18,3.809,3.809,0.929,3.806,0.000
altai,sinyukha_west,analytic,3.0,12.0,-300.0,200.0,1174.18,974.18,4.367,4.367,1.088,4.365,-0.000
altai,sinyukha_west,analytic,3.0,12.0,-300.0,300.0,1274.18,974.18,4.636,4.636,0.882,4.636,0.000
altai,sinyukha_west,analytic,3.0,12.0,-150.0,1.0,1035.89,1034.89,2.219,2.219,0.926,2.219,0.000
altai,sinyukha_west,analytic,3.0,12.0,-150.0,1.5,1036.39,1034.89,2.299,2.299,0.959,2.323,-0.000
altai,sinyukha_west,analytic,3.0,12.0,-150.0,2.0,1036.89,1034.89,2.382,2.382,0.993,2.400,-0.000
altai,sinyukha_west,analytic,3.0,12.0,-150.0,3.0,1037.89,1034.89,2.500,2.500,1.042,2.513,0.000
altai,sinyukha_west,analytic,3.0,12.0,-150.0,5.0,1039.89,1034.89,2.656,2.656,1.105,2.664,0.000
altai,sinyukha_west,analytic,3.0,12.0,-150.0,10.0,1044.89,1034.89,2.884,2.884,1.194,2.888,-0.000
altai,sinyukha_west,analytic,3.0,12.0,-150.0,30.0,1064.89,1034.89,3.306,3.306,1.314,3.307,0.000
altai,sinyukha_west,analytic,3.0,12.0,-150.0,50.0,1084.89,1034.89,3.544,3.544,1.331,3.545,-0.000
altai,sinyukha_west,analytic,3.0,12.0,-150.0,100.0,1134.89,1034.89,3.947,3.947,1.303,3.948,0.000
altai,sinyukha_west,analytic,3.0,12.0,-150.0,200.0,1234.89,1034.89,4.518,4.518,0.388,4.518,0.000
altai,sinyukha_west,analytic,3.0,12.0,-150.0,300.0,1334.89,1034.89,4.790,4.790,-0.382,4.790,-0.000
altai,sinyukha_west,analytic,3.0,12.0,-50.0,1.0,1086.25,1085.25,2.354,2.354,0.953,2.289,-0.000
altai,sinyukha_west,analytic,3.0,12.0,-50.0,1.5,1086.75,1085.25,2.443,2.443,0.987,2.396,-0.000
altai,sinyukha_west,analytic,3.0,12.0,-50.0,2.0,1087.25,1085.25,2.513,2.513,1.013,2.476,-0.000
altai,sinyukha_west,analytic,3.0,12.0,-50.0,3.0,1088.25,1085.25,2.619,2.619,1.052,2.592,-0.000
altai,sinyukha_west,analytic,3.0,12.0,-50.0,5.0,1090.25,1085.25,2.765,2.765,1.102,2.748,-0.000
altai,sinyukha_west,analytic,3.0,12.0,-50.0,10.0,1095.25,1085.25,2.988,2.988,1.143,2.979,-0.000
altai,sinyukha_west,analytic,3.0,12.0,-50.0,30.0,1115.25,1085.25,3.413,3.413,1.061,3.410,-0.000
altai,sinyukha_west,analytic,3.0,12.0,-50.0,50.0,1135.25,1085.25,3.656,3.656,0.848,3.654,-0.000
altai,sinyukha_west,analytic,3.0,12.0,-50.0,100.0,1185.25,1085.25,4.066,4.066,0.041,4.065,-0.000
altai,sinyukha_west,analytic,3.0,12.0,-50.0,200.0,1285.25,1085.25,4.646,4.646,-0.444,4.645,-0.000
altai,sinyukha_west,analytic,3.0,12.0,-50.0,300.0,1385.25,1085.25,4.917,4.917,-0.252,4.917,-0.000
altai,sinyukha_west,analytic,3.0,12.0,-30.0,1.0,1096.17,1095.17,2.488,2.488,0.854,2.303,0.000
altai,sinyukha_west,analytic,3.0,12.0,-30.0,1.5,1096.67,1095.17,2.552,2.552,0.872,2.411,-0.000
altai,sinyukha_west,analytic,3.0,12.0,-30.0,2.0,1097.17,1095.17,2.606,2.606,0.885,2.491,-0.000
altai,sinyukha_west,analytic,3.0,12.0,-30.0,3.0,1098.17,1095.17,2.693,2.693,0.904,2.608,0.000
altai,sinyukha_west,analytic,3.0,12.0,-30.0,5.0,1100.17,1095.17,2.821,2.821,0.927,2.765,-0.000
altai,sinyukha_west,analytic,3.0,12.0,-30.0,10.0,1105.17,1095.17,3.029,3.029,0.939,2.997,-0.000
altai,sinyukha_west,analytic,3.0,12.0,-30.0,30.0,1125.17,1095.17,3.443,3.443,0.747,3.430,0.000
altai,sinyukha_west,analytic,3.0,12.0,-30.0,50.0,1145.17,1095.17,3.683,3.683,0.435,3.675,0.000
altai,sinyukha_west,analytic,3.0,12.0,-30.0,100.0,1195.17,1095.17,4.093,4.093,-0.303,4.088,-0.000
altai,sinyukha_west,analytic,3.0,12.0,-30.0,200.0,1295.17,1095.17,4.673,4.673,-0.368,4.670,-0.000
altai,sinyukha_west,analytic,3.0,12.0,-30.0,300.0,1395.17,1095.17,4.942,4.942,-0.248,4.942,0.000
altai,sinyukha_west,analytic,3.0,12.0,-20.0,1.0,1100.54,1099.54,2.490,2.490,0.765,2.309,-0.000
altai,sinyukha_west,analytic,3.0,12.0,-20.0,1.5,1101.04,1099.54,2.555,2.555,0.780,2.417,-0.000
altai,sinyukha_west,analytic,3.0,12.0,-20.0,2.0,1101.54,1099.54,2.609,2.609,0.792,2.497,0.000
altai,sinyukha_west,analytic,3.0,12.0,-20.0,3.0,1102.54,1099.54,2.697,2.697,0.808,2.615,0.000
altai,sinyukha_west,analytic,3.0,12.0,-20.0,5.0,1104.54,1099.54,2.827,2.827,0.826,2.772,0.000
altai,sinyukha_west,analytic,3.0,12.0,-20.0,10.0,1109.54,1099.54,3.036,3.036,0.805,3.005,0.000
altai,sinyukha_west,analytic,3.0,12.0,-20.0,30.0,1129.54,1099.54,3.451,3.451,0.550,3.439,-0.000
altai,sinyukha_west,analytic,3.0,12.0,-20.0,50.0,1149.54,1099.54,3.692,3.692,0.232,3.685,-0.000
altai,sinyukha_west,analytic,3.0,12.0,-20.0,100.0,1199.54,1099.54,4.103,4.103,-0.404,4.098,-0.000
altai,sinyukha_west,analytic,3.0,12.0,-20.0,200.0,1299.54,1099.54,4.684,4.684,-0.342,4.681,0.000
altai,sinyukha_west,analytic,3.0,12.0,-20.0,300.0,1399.54,1099.54,4.953,4.953,-0.243,4.953,-0.000
altai,sinyukha_west,analytic,3.0,12.0,-10.0,1.0,1104.26,1103.26,2.519,2.519,0.640,2.314,0.000
altai,sinyukha_west,analytic,3.0,12.0,-10.0,1.5,1104.76,1103.26,2.580,2.580,0.648,2.423,-0.000
altai,sinyukha_west,analytic,3.0,12.0,-10.0,2.0,1105.26,1103.26,2.631,2.631,0.653,2.503,-0.000
altai,sinyukha_west,analytic,3.0,12.0,-10.0,3.0,1106.26,1103.26,2.716,2.716,0.659,2.621,-0.000
altai,sinyukha_west,analytic,3.0,12.0,-10.0,5.0,1108.26,1103.26,2.842,2.842,0.658,2.778,0.000
altai,sinyukha_west,analytic,3.0,12.0,-10.0,10.0,1113.26,1103.26,3.048,3.048,0.622,3.011,0.000
altai,sinyukha_west,analytic,3.0,12.0,-10.0,30.0,1133.26,1103.26,3.461,3.461,0.349,3.447,0.000
altai,sinyukha_west,analytic,3.0,12.0,-10.0,50.0,1153.26,1103.26,3.702,3.702,0.029,3.693,0.000
altai,sinyukha_west,analytic,3.0,12.0,-10.0,100.0,1203.26,1103.26,4.112,4.112,-0.499,4.107,0.000
altai,sinyukha_west,analytic,3.0,12.0,-10.0,200.0,1303.26,1103.26,4.693,4.693,-0.324,4.690,-0.000
altai,sinyukha_west,analytic,3.0,12.0,-10.0,300.0,1403.26,1103.26,4.963,4.963,-0.232,4.963,-0.000
altai,sinyukha_west,analytic,3.0,12.0,0.0,1.0,1107.89,1106.89,2.636,2.636,0.494,2.319,0.000
altai,sinyukha_west,analytic,3.0,12.0,0.0,1.5,1108.39,1106.89,2.681,2.681,0.495,2.428,-0.000
altai,sinyukha_west,analytic,3.0,12.0,0.0,2.0,1108.89,1106.89,2.721,2.721,0.494,2.508,0.000
altai,sinyukha_west,analytic,3.0,12.0,0.0,3.0,1109.89,1106.89,2.789,2.789,0.492,2.626,-0.000
altai,sinyukha_west,analytic,3.0,12.0,0.0,5.0,1111.89,1106.89,2.898,2.898,0.479,2.784,-0.000
altai,sinyukha_west,analytic,3.0,12.0,0.0,10.0,1116.89,1106.89,3.084,3.084,0.428,3.018,0.000
altai,sinyukha_west,analytic,3.0,12.0,0.0,30.0,1136.89,1106.89,3.481,3.481,0.132,3.454,-0.000
altai,sinyukha_west,analytic,3.0,12.0,0.0,50.0,1156.89,1106.89,3.718,3.718,-0.184,3.700,0.000
altai,sinyukha_west,analytic,3.0,12.0,0.0,100.0,1206.89,1106.89,4.125,4.125,-0.544,4.116,0.000
altai,sinyukha_west,analytic,3.0,12.0,0.0,200.0,1306.89,1106.89,4.705,4.705,-0.308,4.700,0.000
altai,sinyukha_west,analytic,3.0,12.0,0.0,300.0,1406.89,1106.89,4.972,4.972,-0.213,4.972,-0.000
altai,sinyukha_west,analytic,3.0,12.0,100.0,1.0,1097.30,1096.30,2.084,2.084,-0.524,2.305,0.000
altai,sinyukha_west,analytic,3.0,12.0,100.0,1.5,1097.80,1096.30,2.182,2.182,-0.546,2.413,0.000
altai,sinyukha_west,analytic,3.0,12.0,100.0,2.0,1098.30,1096.30,2.263,2.263,-0.563,2.492,0.000
altai,sinyukha_west,analytic,3.0,12.0,100.0,3.0,1099.30,1096.30,2.383,2.383,-0.587,2.610,0.000
altai,sinyukha_west,analytic,3.0,12.0,100.0,5.0,1101.30,1096.30,2.549,2.549,-0.618,2.767,-0.000
altai,sinyukha_west,analytic,3.0,12.0,100.0,10.0,1106.30,1096.30,2.802,2.802,-0.647,2.999,-0.000
altai,sinyukha_west,analytic,3.0,12.0,100.0,30.0,1126.30,1096.30,3.305,3.305,-0.605,3.432,0.000
altai,sinyukha_west,analytic,3.0,12.0,100.0,50.0,1146.30,1096.30,3.633,3.633,-0.515,3.678,-0.000
altai,sinyukha_west,analytic,3.0,12.0,100.0,100.0,1196.30,1096.30,4.091,4.091,-0.431,4.091,-0.000
altai,sinyukha_west,analytic,3.0,12.0,100.0,200.0,1296.30,1096.30,4.673,4.673,-0.276,4.673,-0.000
altai,sinyukha_west,analytic,3.0,12.0,100.0,300.0,1396.30,1096.30,4.945,4.945,-0.276,4.945,0.000
altai,sinyukha_west,analytic,3.0,12.0,300.0,1.0,1057.97,1056.97,1.501,1.501,-0.568,2.250,0.000
altai,sinyukha_west,analytic,3.0,12.0,300.0,1.5,1058.47,1056.97,1.567,1.567,-0.587,2.355,0.000
altai,sinyukha_west,analytic,3.0,12.0,300.0,2.0,1058.97,1056.97,1.623,1.623,-0.602,2.433,0.000
altai,sinyukha_west,analytic,3.0,12.0,300.0,3.0,1059.97,1056.97,1.715,1.715,-0.624,2.548,0.000
altai,sinyukha_west,analytic,3.0,12.0,300.0,5.0,1061.97,1056.97,1.861,1.861,-0.651,2.701,-0.000
altai,sinyukha_west,analytic,3.0,12.0,300.0,10.0,1066.97,1056.97,2.135,2.135,-0.685,2.928,0.000
altai,sinyukha_west,analytic,3.0,12.0,300.0,30.0,1086.97,1056.97,2.882,2.882,-0.704,3.352,-0.000
altai,sinyukha_west,analytic,3.0,12.0,300.0,50.0,1106.97,1056.97,3.467,3.467,-0.680,3.593,0.000
altai,sinyukha_west,analytic,3.0,12.0,300.0,100.0,1156.97,1056.97,4.001,4.001,-0.667,3.999,0.000
altai,sinyukha_west,analytic,3.0,12.0,300.0,200.0,1256.97,1056.97,4.575,4.575,-0.424,4.574,0.000
altai,sinyukha_west,analytic,3.0,12.0,300.0,300.0,1356.97,1056.97,4.846,4.846,-0.354,4.846,-0.000
altai,sinyukha_west,analytic,6.0,12.0,-3000.0,1.0,383.47,382.47,1.801,1.801,-0.199,1.954,-0.000
altai,sinyukha_west,analytic,6.0,12.0,-3000.0,1.5,383.97,382.47,1.976,1.976,-0.217,2.155,-0.000
altai,sinyukha_west,analytic,6.0,12.0,-3000.0,2.0,384.47,382.47,2.117,2.117,-0.231,2.310,0.000
altai,sinyukha_west,analytic,6.0,12.0,-3000.0,3.0,385.47,382.47,2.342,2.342,-0.252,2.549,0.000
altai,sinyukha_west,analytic,6.0,12.0,-3000.0,5.0,387.47,382.47,2.674,2.674,-0.282,2.887,0.000
altai,sinyukha_west,analytic,6.0,12.0,-3000.0,10.0,392.47,382.47,3.227,3.227,-0.326,3.428,-0.000
altai,sinyukha_west,analytic,6.0,12.0,-3000.0,30.0,412.47,382.47,4.441,4.441,-0.380,4.556,-0.000
altai,sinyukha_west,analytic,6.0,12.0,-3000.0,50.0,432.47,382.47,5.260,5.260,-0.305,5.256,-0.000
altai,sinyukha_west,analytic,6.0,12.0,-3000.0,100.0,482.47,382.47,6.523,6.523,-0.141,6.520,0.000
altai,sinyukha_west,analytic,6.0,12.0,-3000.0,200.0,582.47,382.47,8.441,8.441,-0.005,8.439,0.000
altai,sinyukha_west,analytic,6.0,12.0,-3000.0,300.0,682.47,382.47,10.117,10.117,0.005,10.116,0.000
altai,sinyukha_west,analytic,6.0,12.0,-1000.0,1.0,717.11,716.11,2.799,2.799,0.889,2.645,0.000
altai,sinyukha_west,analytic,6.0,12.0,-1000.0,1.5,717.61,716.11,3.033,3.033,0.963,2.917,-0.000
altai,sinyukha_west,analytic,6.0,12.0,-1000.0,2.0,718.11,716.11,3.222,3.222,1.022,3.126,-0.000
altai,sinyukha_west,analytic,6.0,12.0,-1000.0,3.0,719.11,716.11,3.520,3.520,1.114,3.449,0.000
altai,sinyukha_west,analytic,6.0,12.0,-1000.0,5.0,721.11,716.11,3.953,3.953,1.246,3.905,0.000
altai,sinyukha_west,analytic,6.0,12.0,-1000.0,10.0,726.11,716.11,4.659,4.659,1.454,4.629,0.000
altai,sinyukha_west,analytic,6.0,12.0,-1000.0,30.0,746.11,716.11,6.133,6.133,1.860,6.120,0.000
altai,sinyukha_west,analytic,6.0,12.0,-1000.0,50.0,766.11,716.11,7.033,7.033,2.120,7.024,0.000
altai,sinyukha_west,analytic,6.0,12.0,-1000.0,100.0,816.11,716.11,8.613,8.613,2.369,8.608,0.000
altai,sinyukha_west,analytic,6.0,12.0,-1000.0,200.0,916.11,716.11,10.908,10.908,1.716,10.904,0.000
altai,sinyukha_west,analytic,6.0,12.0,-1000.0,300.0,1016.11,716.11,12.836,12.836,1.197,12.833,-0.000
altai,sinyukha_west,analytic,6.0,12.0,-300.0,1.0,975.18,974.18,3.553,3.553,1.342,3.180,-0.000
altai,sinyukha_west,analytic,6.0,12.0,-300.0,1.5,975.68,974.18,3.795,3.795,1.429,3.506,-0.000
altai,sinyukha_west,analytic,6.0,12.0,-300.0,2.0,976.18,974.18,3.997,3.997,1.500,3.758,0.000
altai,sinyukha_west,analytic,6.0,12.0,-300.0,3.0,977.18,974.18,4.326,4.326,1.612,4.145,-0.000
altai,sinyukha_west,analytic,6.0,12.0,-300.0,5.0,979.18,974.18,4.818,4.818,1.770,4.691,-0.000
altai,sinyukha_west,analytic,6.0,12.0,-300.0,10.0,984.18,974.18,5.635,5.635,1.997,5.558,0.000
altai,sinyukha_west,analytic,6.0,12.0,-300.0,30.0,1004.18,974.18,7.363,7.363,2.293,7.329,0.000
altai,sinyukha_west,analytic,6.0,12.0,-300.0,50.0,1024.18,974.18,8.414,8.414,2.307,8.391,0.000
altai,sinyukha_west,analytic,6.0,12.0,-300.0,100.0,1074.18,974.18,10.237,10.237,2.496,10.222,-0.000
altai,sinyukha_west,analytic,6.0,12.0,-300.0,200.0,1174.18,974.18,12.820,12.820,3.194,12.811,0.000
altai,sinyukha_west,analytic,6.0,12.0,-300.0,300.0,1274.18,974.18,14.942,14.942,2.842,14.935,0.000
altai,sinyukha_west,analytic,6.0,12.0,-150.0,1.0,1035.89,1034.89,3.306,3.306,1.380,3.306,0.000
altai,sinyukha_west,analytic,6.0,12.0,-150.0,1.5,1036.39,1034.89,3.564,3.564,1.487,3.645,-0.000
altai,sinyukha_west,analytic,6.0,12.0,-150.0,2.0,1036.89,1034.89,3.842,3.842,1.602,3.906,-0.000
altai,sinyukha_west,analytic,6.0,12.0,-150.0,3.0,1037.89,1034.89,4.262,4.262,1.775,4.308,-0.000
altai,sinyukha_west,analytic,6.0,12.0,-150.0,5.0,1039.89,1034.89,4.845,4.845,2.015,4.876,0.000
altai,sinyukha_west,analytic,6.0,12.0,-150.0,10.0,1044.89,1034.89,5.758,5.758,2.383,5.777,-0.000
altai,sinyukha_west,analytic,6.0,12.0,-150.0,30.0,1064.89,1034.89,7.605,7.605,3.023,7.613,0.000
altai,sinyukha_west,analytic,6.0,12.0,-150.0,50.0,1084.89,1034.89,8.707,8.707,3.270,8.712,0.000
altai,sinyukha_west,analytic,6.0,12.0,-150.0,100.0,1134.89,1034.89,10.599,10.599,3.498,10.602,0.000
altai,sinyukha_west,analytic,6.0,12.0,-150.0,200.0,1234.89,1034.89,13.258,13.258,1.137,13.260,-0.000
altai,sinyukha_west,analytic,6.0,12.0,-150.0,300.0,1334.89,1034.89,15.428,15.428,-1.231,15.429,0.000
altai,sinyukha_west,analytic,6.0,12.0,-50.0,1.0,1086.25,1085.25,3.620,3.620,1.466,3.410,0.000
altai,sinyukha_west,analytic,6.0,12.0,-50.0,1.5,1086.75,1085.25,3.919,3.919,1.583,3.760,-0.000
altai,sinyukha_west,analytic,6.0,12.0,-50.0,2.0,1087.25,1085.25,4.160,4.160,1.677,4.030,-0.000
altai,sinyukha_west,analytic,6.0,12.0,-50.0,3.0,1088.25,1085.25,4.541,4.541,1.824,4.444,0.000
altai,sinyukha_west,analytic,6.0,12.0,-50.0,5.0,1090.25,1085.25,5.097,5.097,2.031,5.030,0.000
altai,sinyukha_west,analytic,6.0,12.0,-50.0,10.0,1095.25,1085.25,5.998,5.998,2.293,5.958,0.000
altai,sinyukha_west,analytic,6.0,12.0,-50.0,30.0,1115.25,1085.25,7.867,7.867,2.445,7.849,0.000
altai,sinyukha_west,analytic,6.0,12.0,-50.0,50.0,1135.25,1085.25,8.991,8.991,2.085,8.979,-0.000
altai,sinyukha_west,analytic,6.0,12.0,-50.0,100.0,1185.25,1085.25,10.924,10.924,0.109,10.917,-0.000
altai,sinyukha_west,analytic,6.0,12.0,-50.0,200.0,1285.25,1085.25,13.636,13.636,-1.303,13.632,0.000
altai,sinyukha_west,analytic,6.0,12.0,-50.0,300.0,1385.25,1085.25,15.843,15.843,-0.811,15.839,0.000
altai,sinyukha_west,analytic,6.0,12.0,-30.0,1.0,1096.17,1095.17,4.048,4.048,1.390,3.430,-0.000
altai,sinyukha_west,analytic,6.0,12.0,-30.0,1.5,1096.67,1095.17,4.272,4.272,1.459,3.782,0.000
altai,sinyukha_west,analytic,6.0,12.0,-30.0,2.0,1097.17,1095.17,4.465,4.465,1.517,4.054,0.000
altai,sinyukha_west,analytic,6.0,12.0,-30.0,3.0,1098.17,1095.17,4.788,4.788,1.608,4.471,0.000
altai,sinyukha_west,analytic,6.0,12.0,-30.0,5.0,1100.17,1095.17,5.285,5.285,1.736,5.060,-0.000
altai,sinyukha_west,analytic,6.0,12.0,-30.0,10.0,1105.17,1095.17,6.131,6.131,1.901,5.994,-0.000
altai,sinyukha_west,analytic,6.0,12.0,-30.0,30.0,1125.17,1095.17,7.958,7.958,1.727,7.896,-0.000
altai,sinyukha_west,analytic,6.0,12.0,-30.0,50.0,1145.17,1095.17,9.074,9.074,1.071,9.032,-0.000
altai,sinyukha_west,analytic,6.0,12.0,-30.0,100.0,1195.17,1095.17,11.005,11.005,-0.815,10.979,-0.000
altai,sinyukha_west,analytic,6.0,12.0,-30.0,200.0,1295.17,1095.17,13.721,13.721,-1.081,13.705,0.000
altai,sinyukha_west,analytic,6.0,12.0,-30.0,300.0,1395.17,1095.17,15.933,15.933,-0.798,15.920,-0.000
altai,sinyukha_west,analytic,6.0,12.0,-20.0,1.0,1100.54,1099.54,4.041,4.041,1.241,3.439,0.000
altai,sinyukha_west,analytic,6.0,12.0,-20.0,1.5,1101.04,1099.54,4.269,4.269,1.303,3.792,0.000
altai,sinyukha_west,analytic,6.0,12.0,-20.0,2.0,1101.54,1099.54,4.465,4.465,1.355,4.064,0.000
altai,sinyukha_west,analytic,6.0,12.0,-20.0,3.0,1102.54,1099.54,4.791,4.791,1.436,4.483,0.000
altai,sinyukha_west,analytic,6.0,12.0,-20.0,5.0,1104.54,1099.54,5.291,5.291,1.546,5.073,0.000
altai,sinyukha_west,analytic,6.0,12.0,-20.0,10.0,1109.54,1099.54,6.143,6.143,1.629,6.010,0.000
altai,sinyukha_west,analytic,6.0,12.0,-20.0,30.0,1129.54,1099.54,7.976,7.976,1.271,7.916,0.000
altai,sinyukha_west,analytic,6.0,12.0,-20.0,50.0,1149.54,1099.54,9.096,9.096,0.572,9.055,0.000
altai,sinyukha_west,analytic,6.0,12.0,-20.0,100.0,1199.54,1099.54,11.032,11.032,-1.086,11.006,-0.000
altai,sinyukha_west,analytic,6.0,12.0,-20.0,200.0,1299.54,1099.54,13.753,13.753,-1.003,13.737,0.000
altai,sinyukha_west,analytic,6.0,12.0,-20.0,300.0,1399.54,1099.54,15.968,15.968,-0.782,15.956,0.000
altai,sinyukha_west,analytic,6.0,12.0,-10.0,1.0,1104.26,1103.26,4.133,4.133,1.050,3.447,-0.000
altai,sinyukha_west,analytic,6.0,12.0,-10.0,1.5,1104.76,1103.26,4.349,4.349,1.092,3.801,-0.000
altai,sinyukha_west,analytic,6.0,12.0,-10.0,2.0,1105.26,1103.26,4.536,4.536,1.126,4.074,-0.000
altai,sinyukha_west,analytic,6.0,12.0,-10.0,3.0,1106.26,1103.26,4.851,4.851,1.177,4.493,-0.000
altai,sinyukha_west,analytic,6.0,12.0,-10.0,5.0,1108.26,1103.26,5.339,5.339,1.236,5.085,-0.000
altai,sinyukha_west,analytic,6.0,12.0,-10.0,10.0,1113.26,1103.26,6.180,6.180,1.262,6.023,0.000
altai,sinyukha_west,analytic,6.0,12.0,-10.0,30.0,1133.26,1103.26,8.004,8.004,0.807,7.934,-0.000
altai,sinyukha_west,analytic,6.0,12.0,-10.0,50.0,1153.26,1103.26,9.123,9.123,0.071,9.075,0.000
altai,sinyukha_west,analytic,6.0,12.0,-10.0,100.0,1203.26,1103.26,11.060,11.060,-1.343,11.030,-0.000
altai,sinyukha_west,analytic,6.0,12.0,-10.0,200.0,1303.26,1103.26,13.784,13.784,-0.953,13.765,-0.000
altai,sinyukha_west,analytic,6.0,12.0,-10.0,300.0,1403.26,1103.26,16.000,16.000,-0.748,15.986,0.000
altai,sinyukha_west,analytic,6.0,12.0,0.0,1.0,1107.89,1106.89,4.546,4.546,0.851,3.455,0.000
altai,sinyukha_west,analytic,6.0,12.0,0.0,1.5,1108.39,1106.89,4.712,4.712,0.869,3.809,0.000
altai,sinyukha_west,analytic,6.0,12.0,0.0,2.0,1108.89,1106.89,4.861,4.861,0.883,4.082,0.000
altai,sinyukha_west,analytic,6.0,12.0,0.0,3.0,1109.89,1106.89,5.123,5.123,0.903,4.502,-0.000
altai,sinyukha_west,analytic,6.0,12.0,0.0,5.0,1111.89,1106.89,5.550,5.550,0.918,5.096,-0.000
altai,sinyukha_west,analytic,6.0,12.0,0.0,10.0,1116.89,1106.89,6.323,6.323,0.877,6.036,0.000
altai,sinyukha_west,analytic,6.0,12.0,0.0,30.0,1136.89,1106.89,8.083,8.083,0.307,7.951,-0.000
altai,sinyukha_west,analytic,6.0,12.0,0.0,50.0,1156.89,1106.89,9.186,9.186,-0.454,9.094,0.000
altai,sinyukha_west,analytic,6.0,12.0,0.0,100.0,1206.89,1106.89,11.109,11.109,-1.464,11.052,-0.000
altai,sinyukha_west,analytic,6.0,12.0,0.0,200.0,1306.89,1106.89,13.827,13.827,-0.905,13.792,0.000
altai,sinyukha_west,analytic,6.0,12.0,0.0,300.0,1406.89,1106.89,16.043,16.043,-0.688,16.016,-0.000
altai,sinyukha_west,analytic,6.0,12.0,100.0,1.0,1097.30,1096.30,2.872,2.872,-0.921,3.433,0.000
altai,sinyukha_west,analytic,6.0,12.0,100.0,1.5,1097.80,1096.30,3.185,3.185,-1.006,3.785,-0.000
altai,sinyukha_west,analytic,6.0,12.0,100.0,2.0,1098.30,1096.30,3.455,3.455,-1.077,4.057,0.000
altai,sinyukha_west,analytic,6.0,12.0,100.0,3.0,1099.30,1096.30,3.885,3.885,-1.182,4.474,-0.000
altai,sinyukha_west,analytic,6.0,12.0,100.0,5.0,1101.30,1096.30,4.520,4.520,-1.322,5.063,-0.000
altai,sinyukha_west,analytic,6.0,12.0,100.0,10.0,1106.30,1096.30,5.546,5.546,-1.501,5.998,-0.000
altai,sinyukha_west,analytic,6.0,12.0,100.0,30.0,1126.30,1096.30,7.605,7.605,-1.551,7.901,0.000
altai,sinyukha_west,analytic,6.0,12.0,100.0,50.0,1146.30,1096.30,8.927,8.927,-1.323,9.038,0.000
altai,sinyukha_west,analytic,6.0,12.0,100.0,100.0,1196.30,1096.30,10.985,10.985,-1.157,10.986,-0.000
altai,sinyukha_west,analytic,6.0,12.0,100.0,200.0,1296.30,1096.30,13.713,13.713,-0.810,13.713,-0.000
altai,sinyukha_west,analytic,6.0,12.0,100.0,300.0,1396.30,1096.30,15.929,15.929,-0.889,15.929,-0.000
altai,sinyukha_west,analytic,6.0,12.0,300.0,1.0,1057.97,1056.97,1.258,1.258,-1.453,3.351,0.000
altai,sinyukha_west,analytic,6.0,12.0,300.0,1.5,1058.47,1056.97,1.416,1.416,-1.558,3.695,0.000
altai,sinyukha_west,analytic,6.0,12.0,300.0,2.0,1058.97,1056.97,1.562,1.562,-1.642,3.960,-0.000
altai,sinyukha_west,analytic,6.0,12.0,300.0,3.0,1059.97,1056.97,1.830,1.830,-1.770,4.368,0.000
altai,sinyukha_west,analytic,6.0,12.0,300.0,5.0,1061.97,1056.97,2.317,2.317,-1.940,4.944,0.000
altai,sinyukha_west,analytic,6.0,12.0,300.0,10.0,1066.97,1056.97,3.377,3.377,-2.155,5.856,0.000
altai,sinyukha_west,analytic,6.0,12.0,300.0,30.0,1086.97,1056.97,6.404,6.404,-2.201,7.717,-0.000
altai,sinyukha_west,analytic,6.0,12.0,300.0,50.0,1106.97,1056.97,8.502,8.502,-1.843,8.829,0.000
altai,sinyukha_west,analytic,6.0,12.0,300.0,100.0,1156.97,1056.97,10.749,10.749,-1.792,10.740,-0.000
altai,sinyukha_west,analytic,6.0,12.0,300.0,200.0,1256.97,1056.97,13.429,13.429,-1.243,13.423,-0.000
altai,sinyukha_west,analytic,6.0,12.0,300.0,300.0,1356.97,1056.97,15.614,15.614,-1.141,15.609,-0.000
altai,sinyukha_west,analytic,10.0,12.0,-3000.0,1.0,383.47,382.47,2.847,2.847,-0.426,3.257,-0.000
altai,sinyukha_west,analytic,10.0,12.0,-3000.0,1.5,383.97,382.47,3.140,3.140,-0.463,3.591,-0.000
altai,sinyukha_west,analytic,10.0,12.0,-3000.0,2.0,384.47,382.47,3.380,3.380,-0.492,3.850,-0.000
altai,sinyukha_west,analytic,10.0,12.0,-3000.0,3.0,385.47,382.47,3.769,3.769,-0.535,4.248,-0.000
altai,sinyukha_west,analytic,10.0,12.0,-3000.0,5.0,387.47,382.47,4.355,4.355,-0.593,4.812,-0.000
altai,sinyukha_west,analytic,10.0,12.0,-3000.0,10.0,392.47,382.47,5.334,5.334,-0.670,5.714,-0.000
altai,sinyukha_west,analytic,10.0,12.0,-3000.0,30.0,412.47,382.47,7.401,7.401,-0.708,7.593,0.000
altai,sinyukha_west,analytic,10.0,12.0,-3000.0,50.0,432.47,382.47,8.766,8.766,-0.508,8.760,-0.000
altai,sinyukha_west,analytic,10.0,12.0,-3000.0,100.0,482.47,382.47,10.871,10.871,-0.235,10.867,-0.000
altai,sinyukha_west,analytic,10.0,12.0,-3000.0,200.0,582.47,382.47,14.068,14.068,-0.009,14.066,-0.000
altai,sinyukha_west,analytic,10.0,12.0,-3000.0,300.0,682.47,382.47,16.862,16.862,0.008,16.860,-0.000
altai,sinyukha_west,analytic,10.0,12.0,-1000.0,1.0,717.11,716.11,4.666,4.666,1.482,4.409,0.000
altai,sinyukha_west,analytic,10.0,12.0,-1000.0,1.5,717.61,716.11,5.056,5.056,1.605,4.861,0.000
altai,sinyukha_west,analytic,10.0,12.0,-1000.0,2.0,718.11,716.11,5.369,5.369,1.703,5.211,-0.000
altai,sinyukha_west,analytic,10.0,12.0,-1000.0,3.0,719.11,716.11,5.866,5.866,1.857,5.748,0.000
altai,sinyukha_west,analytic,10.0,12.0,-1000.0,5.0,721.11,716.11,6.589,6.589,2.077,6.508,-0.000
altai,sinyukha_west,analytic,10.0,12.0,-1000.0,10.0,726.11,716.11,7.764,7.764,2.424,7.715,-0.000
altai,sinyukha_west,analytic,10.0,12.0,-1000.0,30.0,746.11,716.11,10.221,10.221,3.100,10.199,0.000
altai,sinyukha_west,analytic,10.0,12.0,-1000.0,50.0,766.11,716.11,11.721,11.721,3.534,11.706,-0.000
altai,sinyukha_west,analytic,10.0,12.0,-1000.0,100.0,816.11,716.11,14.355,14.355,3.948,14.346,-0.000
altai,sinyukha_west,analytic,10.0,12.0,-1000.0,200.0,916.11,716.11,18.180,18.180,2.860,18.174,0.000
altai,sinyukha_west,analytic,10.0,12.0,-1000.0,300.0,1016.11,716.11,21.393,21.393,1.995,21.389,-0.000
altai,sinyukha_west,analytic,10.0,12.0,-300.0,1.0,975.18,974.18,5.921,5.921,2.237,5.300,0.000
altai,sinyukha_west,analytic,10.0,12.0,-300.0,1.5,975.68,974.18,6.325,6.325,2.381,5.843,-0.000
altai,sinyukha_west,analytic,10.0,12.0,-300.0,2.0,976.18,974.18,6.662,6.662,2.499,6.263,0.000
altai,sinyukha_west,analytic,10.0,12.0,-300.0,3.0,977.18,974.18,7.210,7.210,2.686,6.908,0.000
altai,sinyukha_west,analytic,10.0,12.0,-300.0,5.0,979.18,974.18,8.030,8.030,2.949,7.819,-0.000
altai,sinyukha_west,analytic,10.0,12.0,-300.0,10.0,984.18,974.18,9.391,9.391,3.328,9.264,-0.000
altai,sinyukha_west,analytic,10.0,12.0,-300.0,30.0,1004.18,974.18,12.272,12.272,3.822,12.215,-0.000
altai,sinyukha_west,analytic,10.0,12.0,-300.0,50.0,1024.18,974.18,14.024,14.024,3.845,13.985,-0.000
altai,sinyukha_west,analytic,10.0,12.0,-300.0,100.0,1074.18,974.18,17.061,17.061,4.160,17.037,0.000
altai,sinyukha_west,analytic,10.0,12.0,-300.0,200.0,1174.18,974.18,21.367,21.367,5.324,21.352,0.000
altai,sinyukha_west,analytic,10.0,12.0,-300.0,300.0,1274.18,974.18,24.903,24.903,4.737,24.892,0.000
altai,sinyukha_west,analytic,10.0,12.0,-150.0,1.0,1035.89,1034.89,5.509,5.509,2.299,5.509,0.000
altai,sinyukha_west,analytic,10.0,12.0,-150.0,1.5,1036.39,1034.89,5.940,5.940,2.478,6.074,-0.000
altai,sinyukha_west,analytic,10.0,12.0,-150.0,2.0,1036.89,1034.89,6.404,6.404,2.670,6.510,-0.000
altai,sinyukha_west,analytic,10.0,12.0,-150.0,3.0,1037.89,1034.89,7.103,7.103,2.959,7.180,0.000
altai,sinyukha_west,analytic,10.0,12.0,-150.0,5.0,1039.89,1034.89,8.075,8.075,3.358,8.127,0.000
altai,sinyukha_west,analytic,10.0,12.0,-150.0,10.0,1044.89,1034.89,9.597,9.597,3.972,9.628,0.000
altai,sinyukha_west,analytic,10.0,12.0,-150.0,30.0,1064.89,1034.89,12.675,12.675,5.039,12.689,-0.000
altai,sinyukha_west,analytic,10.0,12.0,-150.0,50.0,1084.89,1034.89,14.511,14.511,5.450,14.521,0.000
altai,sinyukha_west,analytic,10.0,12.0,-150.0,100.0,1134.89,1034.89,17.664,17.664,5.830,17.670,-0.000
altai,sinyukha_west,analytic,10.0,12.0,-150.0,200.0,1234.89,1034.89,22.096,22.096,1.896,22.100,0.000
altai,sinyukha_west,analytic,10.0,12.0,-150.0,300.0,1334.89,1034.89,25.713,25.713,-2.051,25.715,0.000
altai,sinyukha_west,analytic,10.0,12.0,-50.0,1.0,1086.25,1085.25,6.034,6.034,2.443,5.683,0.000
altai,sinyukha_west,analytic,10.0,12.0,-50.0,1.5,1086.75,1085.25,6.532,6.532,2.639,6.266,-0.000
altai,sinyukha_west,analytic,10.0,12.0,-50.0,2.0,1087.25,1085.25,6.933,6.933,2.796,6.716,0.000
altai,sinyukha_west,analytic,10.0,12.0,-50.0,3.0,1088.25,1085.25,7.569,7.569,3.040,7.407,0.000
altai,sinyukha_west,analytic,10.0,12.0,-50.0,5.0,1090.25,1085.25,8.495,8.495,3.386,8.383,-0.000
altai,sinyukha_west,analytic,10.0,12.0,-50.0,10.0,1095.25,1085.25,9.997,9.997,3.822,9.930,0.000
altai,sinyukha_west,analytic,10.0,12.0,-50.0,30.0,1115.25,1085.25,13.112,13.112,4.076,13.082,0.000
altai,sinyukha_west,analytic,10.0,12.0,-50.0,50.0,1135.25,1085.25,14.985,14.985,3.475,14.965,0.000
altai,sinyukha_west,analytic,10.0,12.0,-50.0,100.0,1185.25,1085.25,18.207,18.207,0.182,18.195,0.000
altai,sinyukha_west,analytic,10.0,12.0,-50.0,200.0,1285.25,1085.25,22.727,22.727,-2.172,22.720,0.000
altai,sinyukha_west,analytic,10.0,12.0,-50.0,300.0,1385.25,1085.25,26.405,26.405,-1.351,26.399,0.000
altai,sinyukha_west,analytic,10.0,12.0,-30.0,1.0,1096.17,1095.17,6.746,6.746,2.316,5.717,0.000
altai,sinyukha_west,analytic,10.0,12.0,-30.0,1.5,1096.67,1095.17,7.121,7.121,2.432,6.304,-0.000
altai,sinyukha_west,analytic,10.0,12.0,-30.0,2.0,1097.17,1095.17,7.442,7.442,2.528,6.756,0.000
altai,sinyukha_west,analytic,10.0,12.0,-30.0,3.0,1098.17,1095.17,7.980,7.980,2.681,7.451,0.000
altai,sinyukha_west,analytic,10.0,12.0,-30.0,5.0,1100.17,1095.17,8.808,8.808,2.893,8.433,-0.000
altai,sinyukha_west,analytic,10.0,12.0,-30.0,10.0,1105.17,1095.17,10.219,10.219,3.168,9.990,0.000
altai,sinyukha_west,analytic,10.0,12.0,-30.0,30.0,1125.17,1095.17,13.263,13.263,2.878,13.160,0.000
altai,sinyukha_west,analytic,10.0,12.0,-30.0,50.0,1145.17,1095.17,15.124,15.124,1.786,15.053,-0.000
altai,sinyukha_west,analytic,10.0,12.0,-30.0,100.0,1195.17,1095.17,18.342,18.342,-1.359,18.299,0.000
altai,sinyukha_west,analytic,10.0,12.0,-30.0,200.0,1295.17,1095.17,22.869,22.869,-1.802,22.842,0.000
altai,sinyukha_west,analytic,10.0,12.0,-30.0,300.0,1395.17,1095.17,26.555,26.555,-1.331,26.534,-0.000
altai,sinyukha_west,analytic,10.0,12.0,-20.0,1.0,1100.54,1099.54,6.736,6.736,2.069,5.732,0.000
altai,sinyukha_west,analytic,10.0,12.0,-20.0,1.5,1101.04,1099.54,7.116,7.116,2.172,6.320,-0.000
altai,sinyukha_west,analytic,10.0,12.0,-20.0,2.0,1101.54,1099.54,7.441,7.441,2.258,6.774,0.000
altai,sinyukha_west,analytic,10.0,12.0,-20.0,3.0,1102.54,1099.54,7.985,7.985,2.393,7.471,0.000
altai,sinyukha_west,analytic,10.0,12.0,-20.0,5.0,1104.54,1099.54,8.819,8.819,2.577,8.456,-0.000
altai,sinyukha_west,analytic,10.0,12.0,-20.0,10.0,1109.54,1099.54,10.238,10.238,2.716,10.016,0.000
altai,sinyukha_west,analytic,10.0,12.0,-20.0,30.0,1129.54,1099.54,13.294,13.294,2.118,13.194,-0.000
altai,sinyukha_west,analytic,10.0,12.0,-20.0,50.0,1149.54,1099.54,15.160,15.160,0.953,15.091,-0.000
altai,sinyukha_west,analytic,10.0,12.0,-20.0,100.0,1199.54,1099.54,18.386,18.386,-1.811,18.344,-0.000
altai,sinyukha_west,analytic,10.0,12.0,-20.0,200.0,1299.54,1099.54,22.922,22.922,-1.672,22.896,-0.000
altai,sinyukha_west,analytic,10.0,12.0,-20.0,300.0,1399.54,1099.54,26.613,26.613,-1.303,26.593,0.000
altai,sinyukha_west,analytic,10.0,12.0,-10.0,1.0,1104.26,1103.26,6.888,6.888,1.749,5.745,-0.000
altai,sinyukha_west,analytic,10.0,12.0,-10.0,1.5,1104.76,1103.26,7.248,7.248,1.820,6.334,0.000
altai,sinyukha_west,analytic,10.0,12.0,-10.0,2.0,1105.26,1103.26,7.559,7.559,1.877,6.789,0.000
altai,sinyukha_west,analytic,10.0,12.0,-10.0,3.0,1106.26,1103.26,8.084,8.084,1.962,7.488,0.000
altai,sinyukha_west,analytic,10.0,12.0,-10.0,5.0,1108.26,1103.26,8.899,8.899,2.061,8.474,0.000
altai,sinyukha_west,analytic,10.0,12.0,-10.0,10.0,1113.26,1103.26,10.299,10.299,2.103,10.038,0.000
altai,sinyukha_west,analytic,10.0,12.0,-10.0,30.0,1133.26,1103.26,13.341,13.341,1.345,13.223,0.000
altai,sinyukha_west,analytic,10.0,12.0,-10.0,50.0,1153.26,1103.26,15.205,15.205,0.118,15.124,0.000
altai,sinyukha_west,analytic,10.0,12.0,-10.0,100.0,1203.26,1103.26,18.433,18.433,-2.239,18.383,0.000
altai,sinyukha_west,analytic,10.0,12.0,-10.0,200.0,1303.26,1103.26,22.973,22.973,-1.588,22.941,0.000
altai,sinyukha_west,analytic,10.0,12.0,-10.0,300.0,1403.26,1103.26,26.667,26.667,-1.246,26.643,0.000
altai,sinyukha_west,analytic,10.0,12.0,0.0,1.0,1107.89,1106.89,7.577,7.577,1.419,5.758,-0.000
altai,sinyukha_west,analytic,10.0,12.0,0.0,1.5,1108.39,1106.89,7.853,7.853,1.449,6.348,-0.000
altai,sinyukha_west,analytic,10.0,12.0,0.0,2.0,1108.89,1106.89,8.102,8.102,1.472,6.804,-0.000
altai,sinyukha_west,analytic,10.0,12.0,0.0,3.0,1109.89,1106.89,8.539,8.539,1.505,7.504,-0.000
altai,sinyukha_west,analytic,10.0,12.0,0.0,5.0,1111.89,1106.89,9.251,9.251,1.530,8.493,0.000
altai,sinyukha_west,analytic,10.0,12.0,0.0,10.0,1116.89,1106.89,10.539,10.539,1.461,10.060,0.000
altai,sinyukha_west,analytic,10.0,12.0,0.0,30.0,1136.89,1106.89,13.472,13.472,0.511,13.251,-0.000
altai,sinyukha_west,analytic,10.0,12.0,0.0,50.0,1156.89,1106.89,15.309,15.309,-0.757,15.156,-0.000
altai,sinyukha_west,analytic,10.0,12.0,0.0,100.0,1206.89,1106.89,18.514,18.514,-2.440,18.421,-0.000
altai,sinyukha_west,analytic,10.0,12.0,0.0,200.0,1306.89,1106.89,23.045,23.045,-1.509,22.986,0.000
altai,sinyukha_west,analytic,10.0,12.0,0.0,300.0,1406.89,1106.89,26.738,26.738,-1.147,26.693,-0.000
altai,sinyukha_west,analytic,10.0,12.0,100.0,1.0,1097.30,1096.30,4.786,4.786,-1.535,5.721,0.000
altai,sinyukha_west,analytic,10.0,12.0,100.0,1.5,1097.80,1096.30,5.309,5.309,-1.677,6.308,0.000
altai,sinyukha_west,analytic,10.0,12.0,100.0,2.0,1098.30,1096.30,5.759,5.759,-1.795,6.761,0.000
altai,sinyukha_west,analytic,10.0,12.0,100.0,3.0,1099.30,1096.30,6.475,6.475,-1.970,7.456,0.000
altai,sinyukha_west,analytic,10.0,12.0,100.0,5.0,1101.30,1096.30,7.533,7.533,-2.204,8.439,0.000
altai,sinyukha_west,analytic,10.0,12.0,100.0,10.0,1106.30,1096.30,9.244,9.244,-2.501,9.997,0.000
altai,sinyukha_west,analytic,10.0,12.0,100.0,30.0,1126.30,1096.30,12.676,12.676,-2.585,13.169,0.000
altai,sinyukha_west,analytic,10.0,12.0,100.0,50.0,1146.30,1096.30,14.878,14.878,-2.205,15.063,0.000
altai,sinyukha_west,analytic,10.0,12.0,100.0,100.0,1196.30,1096.30,18.309,18.309,-1.929,18.310,-0.000
altai,sinyukha_west,analytic,10.0,12.0,100.0,200.0,1296.30,1096.30,22.855,22.855,-1.349,22.856,-0.000
altai,sinyukha_west,analytic,10.0,12.0,100.0,300.0,1396.30,1096.30,26.548,26.548,-1.482,26.549,0.000
altai,sinyukha_west,analytic,10.0,12.0,300.0,1.0,1057.97,1056.97,2.096,2.096,-2.421,5.585,-0.000
altai,sinyukha_west,analytic,10.0,12.0,300.0,1.5,1058.47,1056.97,2.361,2.361,-2.597,6.158,0.000
altai,sinyukha_west,analytic,10.0,12.0,300.0,2.0,1058.97,1056.97,2.603,2.603,-2.737,6.601,0.000
altai,sinyukha_west,analytic,10.0,12.0,300.0,3.0,1059.97,1056.97,3.051,3.051,-2.950,7.280,-0.000
altai,sinyukha_west,analytic,10.0,12.0,300.0,5.0,1061.97,1056.97,3.862,3.862,-3.233,8.239,0.000
altai,sinyukha_west,analytic,10.0,12.0,300.0,10.0,1066.97,1056.97,5.628,5.628,-3.592,9.760,-0.000
altai,sinyukha_west,analytic,10.0,12.0,300.0,30.0,1086.97,1056.97,10.674,10.674,-3.669,12.861,0.000
altai,sinyukha_west,analytic,10.0,12.0,300.0,50.0,1106.97,1056.97,14.170,14.170,-3.072,14.715,0.000
altai,sinyukha_west,analytic,10.0,12.0,300.0,100.0,1156.97,1056.97,17.916,17.916,-2.986,17.900,-0.000
altai,sinyukha_west,analytic,10.0,12.0,300.0,200.0,1256.97,1056.97,22.381,22.381,-2.072,22.371,0.000
altai,sinyukha_west,analytic,10.0,12.0,300.0,300.0,1356.97,1056.97,26.023,26.023,-1.901,26.015,-0.000
altai,sinyukha_east,analytic,0.0,12.0,-3000.0,1.0,671.64,670.64,0.000,0.000,0.000,0.000,0.000
altai,sinyukha_east,analytic,0.0,12.0,-3000.0,1.5,672.14,670.64,0.000,0.000,0.000,0.000,0.000
altai,sinyukha_east,analytic,0.0,12.0,-3000.0,2.0,672.64,670.64,0.000,0.000,0.000,0.000,0.000
altai,sinyukha_east,analytic,0.0,12.0,-3000.0,3.0,673.64,670.64,0.000,0.000,0.000,0.000,0.000
altai,sinyukha_east,analytic,0.0,12.0,-3000.0,5.0,675.64,670.64,0.000,0.000,0.000,0.000,0.000
altai,sinyukha_east,analytic,0.0,12.0,-3000.0,10.0,680.64,670.64,0.000,0.000,0.000,0.000,0.000
altai,sinyukha_east,analytic,0.0,12.0,-3000.0,30.0,700.64,670.64,0.000,0.000,0.000,0.000,0.000
altai,sinyukha_east,analytic,0.0,12.0,-3000.0,50.0,720.64,670.64,0.000,0.000,0.000,0.000,0.000
altai,sinyukha_east,analytic,0.0,12.0,-3000.0,100.0,770.64,670.64,0.000,0.000,0.000,0.000,0.000
altai,sinyukha_east,analytic,0.0,12.0,-3000.0,200.0,870.64,670.64,0.000,0.000,0.000,0.000,0.000
altai,sinyukha_east,analytic,0.0,12.0,-3000.0,300.0,970.64,670.64,0.000,0.000,0.000,0.000,0.000
altai,sinyukha_east,analytic,0.0,12.0,-1000.0,1.0,800.96,799.96,0.000,0.000,0.000,0.000,0.000
altai,sinyukha_east,analytic,0.0,12.0,-1000.0,1.5,801.46,799.96,0.000,0.000,0.000,0.000,0.000
altai,sinyukha_east,analytic,0.0,12.0,-1000.0,2.0,801.96,799.96,0.000,0.000,0.000,0.000,0.000
altai,sinyukha_east,analytic,0.0,12.0,-1000.0,3.0,802.96,799.96,0.000,0.000,0.000,0.000,0.000
altai,sinyukha_east,analytic,0.0,12.0,-1000.0,5.0,804.96,799.96,0.000,0.000,0.000,0.000,0.000
altai,sinyukha_east,analytic,0.0,12.0,-1000.0,10.0,809.96,799.96,0.000,0.000,0.000,0.000,0.000
altai,sinyukha_east,analytic,0.0,12.0,-1000.0,30.0,829.96,799.96,0.000,0.000,0.000,0.000,0.000
altai,sinyukha_east,analytic,0.0,12.0,-1000.0,50.0,849.96,799.96,0.000,0.000,0.000,0.000,0.000
altai,sinyukha_east,analytic,0.0,12.0,-1000.0,100.0,899.96,799.96,0.000,0.000,0.000,0.000,0.000
altai,sinyukha_east,analytic,0.0,12.0,-1000.0,200.0,999.96,799.96,0.000,0.000,0.000,0.000,0.000
altai,sinyukha_east,analytic,0.0,12.0,-1000.0,300.0,1099.96,799.96,0.000,0.000,0.000,0.000,0.000
altai,sinyukha_east,analytic,0.0,12.0,-300.0,1.0,1050.65,1049.65,0.000,0.000,0.000,0.000,0.000
altai,sinyukha_east,analytic,0.0,12.0,-300.0,1.5,1051.15,1049.65,0.000,0.000,0.000,0.000,0.000
altai,sinyukha_east,analytic,0.0,12.0,-300.0,2.0,1051.65,1049.65,0.000,0.000,0.000,0.000,0.000
altai,sinyukha_east,analytic,0.0,12.0,-300.0,3.0,1052.65,1049.65,0.000,0.000,0.000,0.000,0.000
altai,sinyukha_east,analytic,0.0,12.0,-300.0,5.0,1054.65,1049.65,0.000,0.000,0.000,0.000,0.000
altai,sinyukha_east,analytic,0.0,12.0,-300.0,10.0,1059.65,1049.65,0.000,0.000,0.000,0.000,0.000
altai,sinyukha_east,analytic,0.0,12.0,-300.0,30.0,1079.65,1049.65,0.000,0.000,0.000,0.000,0.000
altai,sinyukha_east,analytic,0.0,12.0,-300.0,50.0,1099.65,1049.65,0.000,0.000,0.000,0.000,0.000
altai,sinyukha_east,analytic,0.0,12.0,-300.0,100.0,1149.65,1049.65,0.000,0.000,0.000,0.000,0.000
altai,sinyukha_east,analytic,0.0,12.0,-300.0,200.0,1249.65,1049.65,0.000,0.000,0.000,0.000,0.000
altai,sinyukha_east,analytic,0.0,12.0,-300.0,300.0,1349.65,1049.65,0.000,0.000,0.000,0.000,0.000
altai,sinyukha_east,analytic,0.0,12.0,-150.0,1.0,1129.84,1128.84,0.000,0.000,0.000,0.000,0.000
altai,sinyukha_east,analytic,0.0,12.0,-150.0,1.5,1130.34,1128.84,0.000,0.000,0.000,0.000,0.000
altai,sinyukha_east,analytic,0.0,12.0,-150.0,2.0,1130.84,1128.84,0.000,0.000,0.000,0.000,0.000
altai,sinyukha_east,analytic,0.0,12.0,-150.0,3.0,1131.84,1128.84,0.000,0.000,0.000,0.000,0.000
altai,sinyukha_east,analytic,0.0,12.0,-150.0,5.0,1133.84,1128.84,0.000,0.000,0.000,0.000,0.000
altai,sinyukha_east,analytic,0.0,12.0,-150.0,10.0,1138.84,1128.84,0.000,0.000,0.000,0.000,0.000
altai,sinyukha_east,analytic,0.0,12.0,-150.0,30.0,1158.84,1128.84,0.000,0.000,0.000,0.000,0.000
altai,sinyukha_east,analytic,0.0,12.0,-150.0,50.0,1178.84,1128.84,0.000,0.000,0.000,0.000,0.000
altai,sinyukha_east,analytic,0.0,12.0,-150.0,100.0,1228.84,1128.84,0.000,0.000,0.000,0.000,0.000
altai,sinyukha_east,analytic,0.0,12.0,-150.0,200.0,1328.84,1128.84,0.000,0.000,0.000,0.000,0.000
altai,sinyukha_east,analytic,0.0,12.0,-150.0,300.0,1428.84,1128.84,0.000,0.000,0.000,0.000,0.000
altai,sinyukha_east,analytic,0.0,12.0,-50.0,1.0,1185.06,1184.06,0.000,0.000,0.000,0.000,0.000
altai,sinyukha_east,analytic,0.0,12.0,-50.0,1.5,1185.56,1184.06,0.000,0.000,0.000,0.000,0.000
altai,sinyukha_east,analytic,0.0,12.0,-50.0,2.0,1186.06,1184.06,0.000,0.000,0.000,0.000,0.000
altai,sinyukha_east,analytic,0.0,12.0,-50.0,3.0,1187.06,1184.06,0.000,0.000,0.000,0.000,0.000
altai,sinyukha_east,analytic,0.0,12.0,-50.0,5.0,1189.06,1184.06,0.000,0.000,0.000,0.000,0.000
altai,sinyukha_east,analytic,0.0,12.0,-50.0,10.0,1194.06,1184.06,0.000,0.000,0.000,0.000,0.000
altai,sinyukha_east,analytic,0.0,12.0,-50.0,30.0,1214.06,1184.06,0.000,0.000,0.000,0.000,0.000
altai,sinyukha_east,analytic,0.0,12.0,-50.0,50.0,1234.06,1184.06,0.000,0.000,0.000,0.000,0.000
altai,sinyukha_east,analytic,0.0,12.0,-50.0,100.0,1284.06,1184.06,0.000,0.000,0.000,0.000,0.000
altai,sinyukha_east,analytic,0.0,12.0,-50.0,200.0,1384.06,1184.06,0.000,0.000,0.000,0.000,0.000
altai,sinyukha_east,analytic,0.0,12.0,-50.0,300.0,1484.06,1184.06,0.000,0.000,0.000,0.000,0.000
altai,sinyukha_east,analytic,0.0,12.0,-30.0,1.0,1196.24,1195.24,0.000,0.000,0.000,0.000,0.000
altai,sinyukha_east,analytic,0.0,12.0,-30.0,1.5,1196.74,1195.24,0.000,0.000,0.000,0.000,0.000
altai,sinyukha_east,analytic,0.0,12.0,-30.0,2.0,1197.24,1195.24,0.000,0.000,0.000,0.000,0.000
altai,sinyukha_east,analytic,0.0,12.0,-30.0,3.0,1198.24,1195.24,0.000,0.000,0.000,0.000,0.000
altai,sinyukha_east,analytic,0.0,12.0,-30.0,5.0,1200.24,1195.24,0.000,0.000,0.000,0.000,0.000
altai,sinyukha_east,analytic,0.0,12.0,-30.0,10.0,1205.24,1195.24,0.000,0.000,0.000,0.000,0.000
altai,sinyukha_east,analytic,0.0,12.0,-30.0,30.0,1225.24,1195.24,0.000,0.000,0.000,0.000,0.000
altai,sinyukha_east,analytic,0.0,12.0,-30.0,50.0,1245.24,1195.24,0.000,0.000,0.000,0.000,0.000
altai,sinyukha_east,analytic,0.0,12.0,-30.0,100.0,1295.24,1195.24,0.000,0.000,0.000,0.000,0.000
altai,sinyukha_east,analytic,0.0,12.0,-30.0,200.0,1395.24,1195.24,0.000,0.000,0.000,0.000,0.000
altai,sinyukha_east,analytic,0.0,12.0,-30.0,300.0,1495.24,1195.24,0.000,0.000,0.000,0.000,0.000
altai,sinyukha_east,analytic,0.0,12.0,-20.0,1.0,1201.08,1200.08,0.000,0.000,0.000,0.000,0.000
altai,sinyukha_east,analytic,0.0,12.0,-20.0,1.5,1201.58,1200.08,0.000,0.000,0.000,0.000,0.000
altai,sinyukha_east,analytic,0.0,12.0,-20.0,2.0,1202.08,1200.08,0.000,0.000,0.000,0.000,0.000
altai,sinyukha_east,analytic,0.0,12.0,-20.0,3.0,1203.08,1200.08,0.000,0.000,0.000,0.000,0.000
altai,sinyukha_east,analytic,0.0,12.0,-20.0,5.0,1205.08,1200.08,0.000,0.000,0.000,0.000,0.000
altai,sinyukha_east,analytic,0.0,12.0,-20.0,10.0,1210.08,1200.08,0.000,0.000,0.000,0.000,0.000
altai,sinyukha_east,analytic,0.0,12.0,-20.0,30.0,1230.08,1200.08,0.000,0.000,0.000,0.000,0.000
altai,sinyukha_east,analytic,0.0,12.0,-20.0,50.0,1250.08,1200.08,0.000,0.000,0.000,0.000,0.000
altai,sinyukha_east,analytic,0.0,12.0,-20.0,100.0,1300.08,1200.08,0.000,0.000,0.000,0.000,0.000
altai,sinyukha_east,analytic,0.0,12.0,-20.0,200.0,1400.08,1200.08,0.000,0.000,0.000,0.000,0.000
altai,sinyukha_east,analytic,0.0,12.0,-20.0,300.0,1500.08,1200.08,0.000,0.000,0.000,0.000,0.000
altai,sinyukha_east,analytic,0.0,12.0,-10.0,1.0,1205.69,1204.69,0.000,0.000,0.000,0.000,0.000
altai,sinyukha_east,analytic,0.0,12.0,-10.0,1.5,1206.19,1204.69,0.000,0.000,0.000,0.000,0.000
altai,sinyukha_east,analytic,0.0,12.0,-10.0,2.0,1206.69,1204.69,0.000,0.000,0.000,0.000,0.000
altai,sinyukha_east,analytic,0.0,12.0,-10.0,3.0,1207.69,1204.69,0.000,0.000,0.000,0.000,0.000
altai,sinyukha_east,analytic,0.0,12.0,-10.0,5.0,1209.69,1204.69,0.000,0.000,0.000,0.000,0.000
altai,sinyukha_east,analytic,0.0,12.0,-10.0,10.0,1214.69,1204.69,0.000,0.000,0.000,0.000,0.000
altai,sinyukha_east,analytic,0.0,12.0,-10.0,30.0,1234.69,1204.69,0.000,0.000,0.000,0.000,0.000
altai,sinyukha_east,analytic,0.0,12.0,-10.0,50.0,1254.69,1204.69,0.000,0.000,0.000,0.000,0.000
altai,sinyukha_east,analytic,0.0,12.0,-10.0,100.0,1304.69,1204.69,0.000,0.000,0.000,0.000,0.000
altai,sinyukha_east,analytic,0.0,12.0,-10.0,200.0,1404.69,1204.69,0.000,0.000,0.000,0.000,0.000
altai,sinyukha_east,analytic,0.0,12.0,-10.0,300.0,1504.69,1204.69,0.000,0.000,0.000,0.000,0.000
altai,sinyukha_east,analytic,0.0,12.0,0.0,1.0,1210.18,1209.18,0.000,0.000,0.000,0.000,0.000
altai,sinyukha_east,analytic,0.0,12.0,0.0,1.5,1210.68,1209.18,0.000,0.000,0.000,0.000,0.000
altai,sinyukha_east,analytic,0.0,12.0,0.0,2.0,1211.18,1209.18,0.000,0.000,0.000,0.000,0.000
altai,sinyukha_east,analytic,0.0,12.0,0.0,3.0,1212.18,1209.18,0.000,0.000,0.000,0.000,0.000
altai,sinyukha_east,analytic,0.0,12.0,0.0,5.0,1214.18,1209.18,0.000,0.000,0.000,0.000,0.000
altai,sinyukha_east,analytic,0.0,12.0,0.0,10.0,1219.18,1209.18,0.000,0.000,0.000,0.000,0.000
altai,sinyukha_east,analytic,0.0,12.0,0.0,30.0,1239.18,1209.18,0.000,0.000,0.000,0.000,0.000
altai,sinyukha_east,analytic,0.0,12.0,0.0,50.0,1259.18,1209.18,0.000,0.000,0.000,0.000,0.000
altai,sinyukha_east,analytic,0.0,12.0,0.0,100.0,1309.18,1209.18,0.000,0.000,0.000,0.000,0.000
altai,sinyukha_east,analytic,0.0,12.0,0.0,200.0,1409.18,1209.18,0.000,0.000,0.000,0.000,0.000
altai,sinyukha_east,analytic,0.0,12.0,0.0,300.0,1509.18,1209.18,0.000,0.000,0.000,0.000,0.000
altai,sinyukha_east,analytic,0.0,12.0,100.0,1.0,1191.10,1190.10,0.000,0.000,0.000,0.000,0.000
altai,sinyukha_east,analytic,0.0,12.0,100.0,1.5,1191.60,1190.10,0.000,0.000,0.000,0.000,0.000
altai,sinyukha_east,analytic,0.0,12.0,100.0,2.0,1192.10,1190.10,0.000,0.000,0.000,0.000,0.000
altai,sinyukha_east,analytic,0.0,12.0,100.0,3.0,1193.10,1190.10,0.000,0.000,0.000,0.000,0.000
altai,sinyukha_east,analytic,0.0,12.0,100.0,5.0,1195.10,1190.10,0.000,0.000,0.000,0.000,0.000
altai,sinyukha_east,analytic,0.0,12.0,100.0,10.0,1200.10,1190.10,0.000,0.000,0.000,0.000,0.000
altai,sinyukha_east,analytic,0.0,12.0,100.0,30.0,1220.10,1190.10,0.000,0.000,0.000,0.000,0.000
altai,sinyukha_east,analytic,0.0,12.0,100.0,50.0,1240.10,1190.10,0.000,0.000,0.000,0.000,0.000
altai,sinyukha_east,analytic,0.0,12.0,100.0,100.0,1290.10,1190.10,0.000,0.000,0.000,0.000,0.000
altai,sinyukha_east,analytic,0.0,12.0,100.0,200.0,1390.10,1190.10,0.000,0.000,0.000,0.000,0.000
altai,sinyukha_east,analytic,0.0,12.0,100.0,300.0,1490.10,1190.10,0.000,0.000,0.000,0.000,0.000
altai,sinyukha_east,analytic,0.0,12.0,300.0,1.0,1094.44,1093.44,0.000,0.000,0.000,0.000,0.000
altai,sinyukha_east,analytic,0.0,12.0,300.0,1.5,1094.94,1093.44,0.000,0.000,0.000,0.000,0.000
altai,sinyukha_east,analytic,0.0,12.0,300.0,2.0,1095.44,1093.44,0.000,0.000,0.000,0.000,0.000
altai,sinyukha_east,analytic,0.0,12.0,300.0,3.0,1096.44,1093.44,0.000,0.000,0.000,0.000,0.000
altai,sinyukha_east,analytic,0.0,12.0,300.0,5.0,1098.44,1093.44,0.000,0.000,0.000,0.000,0.000
altai,sinyukha_east,analytic,0.0,12.0,300.0,10.0,1103.44,1093.44,0.000,0.000,0.000,0.000,0.000
altai,sinyukha_east,analytic,0.0,12.0,300.0,30.0,1123.44,1093.44,0.000,0.000,0.000,0.000,0.000
altai,sinyukha_east,analytic,0.0,12.0,300.0,50.0,1143.44,1093.44,0.000,0.000,0.000,0.000,0.000
altai,sinyukha_east,analytic,0.0,12.0,300.0,100.0,1193.44,1093.44,0.000,0.000,0.000,0.000,0.000
altai,sinyukha_east,analytic,0.0,12.0,300.0,200.0,1293.44,1093.44,0.000,0.000,0.000,0.000,0.000
altai,sinyukha_east,analytic,0.0,12.0,300.0,300.0,1393.44,1093.44,0.000,0.000,0.000,0.000,0.000
altai,sinyukha_east,analytic,3.0,12.0,-3000.0,1.0,671.64,670.64,1.555,1.555,-0.255,1.570,-0.000
altai,sinyukha_east,analytic,3.0,12.0,-3000.0,1.5,672.14,670.64,1.619,1.619,-0.266,1.644,0.000
altai,sinyukha_east,analytic,3.0,12.0,-3000.0,2.0,672.64,670.64,1.668,1.668,-0.275,1.699,-0.000
altai,sinyukha_east,analytic,3.0,12.0,-3000.0,3.0,673.64,670.64,1.743,1.743,-0.289,1.779,0.000
altai,sinyukha_east,analytic,3.0,12.0,-3000.0,5.0,675.64,670.64,1.846,1.846,-0.308,1.887,-0.000
altai,sinyukha_east,analytic,3.0,12.0,-3000.0,10.0,680.64,670.64,2.006,2.006,-0.341,2.049,-0.000
altai,sinyukha_east,analytic,3.0,12.0,-3000.0,30.0,700.64,670.64,2.331,2.331,-0.393,2.358,-0.000
altai,sinyukha_east,analytic,3.0,12.0,-3000.0,50.0,720.64,670.64,2.537,2.537,-0.395,2.540,0.000
altai,sinyukha_east,analytic,3.0,12.0,-3000.0,100.0,770.64,670.64,2.862,2.862,-0.362,2.861,-0.000
altai,sinyukha_east,analytic,3.0,12.0,-3000.0,200.0,870.64,670.64,3.344,3.344,-0.128,3.344,-0.000
altai,sinyukha_east,analytic,3.0,12.0,-3000.0,300.0,970.64,670.64,3.610,3.610,-0.033,3.610,-0.000
altai,sinyukha_east,analytic,3.0,12.0,-1000.0,1.0,800.96,799.96,1.758,1.758,0.395,1.750,0.000
altai,sinyukha_east,analytic,3.0,12.0,-1000.0,1.5,801.46,799.96,1.838,1.838,0.413,1.832,0.000
altai,sinyukha_east,analytic,3.0,12.0,-1000.0,2.0,801.96,799.96,1.897,1.897,0.426,1.893,0.000
altai,sinyukha_east,analytic,3.0,12.0,-1000.0,3.0,802.96,799.96,1.986,1.986,0.445,1.983,0.000
altai,sinyukha_east,analytic,3.0,12.0,-1000.0,5.0,804.96,799.96,2.105,2.105,0.469,2.103,-0.000
altai,sinyukha_east,analytic,3.0,12.0,-1000.0,10.0,809.96,799.96,2.282,2.282,0.503,2.281,-0.000
altai,sinyukha_east,analytic,3.0,12.0,-1000.0,30.0,829.96,799.96,2.621,2.621,0.545,2.621,-0.000
altai,sinyukha_east,analytic,3.0,12.0,-1000.0,50.0,849.96,799.96,2.819,2.819,0.548,2.818,0.000
altai,sinyukha_east,analytic,3.0,12.0,-1000.0,100.0,899.96,799.96,3.162,3.162,0.526,3.162,-0.000
altai,sinyukha_east,analytic,3.0,12.0,-1000.0,200.0,999.96,799.96,3.669,3.669,0.517,3.669,-0.000
altai,sinyukha_east,analytic,3.0,12.0,-1000.0,300.0,1099.96,799.96,3.937,3.937,0.426,3.937,-0.000
altai,sinyukha_east,analytic,3.0,12.0,-300.0,1.0,1050.65,1049.65,2.098,2.098,0.836,2.098,-0.000
altai,sinyukha_east,analytic,3.0,12.0,-300.0,1.5,1051.15,1049.65,2.158,2.158,0.860,2.196,-0.000
altai,sinyukha_east,analytic,3.0,12.0,-300.0,2.0,1051.65,1049.65,2.240,2.240,0.892,2.268,0.000
altai,sinyukha_east,analytic,3.0,12.0,-300.0,3.0,1052.65,1049.65,2.356,2.356,0.938,2.375,-0.000
altai,sinyukha_east,analytic,3.0,12.0,-300.0,5.0,1054.65,1049.65,2.506,2.506,0.998,2.519,0.000
altai,sinyukha_east,analytic,3.0,12.0,-300.0,10.0,1059.65,1049.65,2.724,2.724,1.084,2.731,-0.000
altai,sinyukha_east,analytic,3.0,12.0,-300.0,30.0,1079.65,1049.65,3.127,3.127,1.237,3.129,0.000
altai,sinyukha_east,analytic,3.0,12.0,-300.0,50.0,1099.65,1049.65,3.355,3.355,1.310,3.356,0.000
altai,sinyukha_east,analytic,3.0,12.0,-300.0,100.0,1149.65,1049.65,3.743,3.743,1.357,3.744,-0.000
altai,sinyukha_east,analytic,3.0,12.0,-300.0,200.0,1249.65,1049.65,4.297,4.297,1.227,4.298,-0.000
altai,sinyukha_east,analytic,3.0,12.0,-300.0,300.0,1349.65,1049.65,4.569,4.569,1.070,4.569,0.000
altai,sinyukha_east,analytic,3.0,12.0,-150.0,1.0,1129.84,1128.84,2.208,2.208,0.992,2.208,-0.000
altai,sinyukha_east,analytic,3.0,12.0,-150.0,1.5,1130.34,1128.84,2.305,2.305,1.035,2.311,0.000
altai,sinyukha_east,analytic,3.0,12.0,-150.0,2.0,1130.84,1128.84,2.383,2.383,1.069,2.387,-0.000
altai,sinyukha_east,analytic,3.0,12.0,-150.0,3.0,1131.84,1128.84,2.497,2.497,1.118,2.500,-0.000
altai,sinyukha_east,analytic,3.0,12.0,-150.0,5.0,1133.84,1128.84,2.648,2.648,1.182,2.650,0.000
altai,sinyukha_east,analytic,3.0,12.0,-150.0,10.0,1138.84,1128.84,2.872,2.872,1.271,2.873,0.000
altai,sinyukha_east,analytic,3.0,12.0,-150.0,30.0,1158.84,1128.84,3.290,3.290,1.421,3.290,-0.000
altai,sinyukha_east,analytic,3.0,12.0,-150.0,50.0,1178.84,1128.84,3.527,3.527,1.478,3.527,-0.000
altai,sinyukha_east,analytic,3.0,12.0,-150.0,100.0,1228.84,1128.84,3.928,3.928,1.486,3.928,0.000
altai,sinyukha_east,analytic,3.0,12.0,-150.0,200.0,1328.84,1128.84,4.497,4.497,0.438,4.497,0.000
altai,sinyukha_east,analytic,3.0,12.0,-150.0,300.0,1428.84,1128.84,4.769,4.769,-0.627,4.769,0.000
altai,sinyukha_east,analytic,3.0,12.0,-50.0,1.0,1185.06,1184.06,2.284,2.284,1.040,2.284,0.000
altai,sinyukha_east,analytic,3.0,12.0,-50.0,1.5,1185.56,1184.06,2.387,2.387,1.085,2.391,-0.000
altai,sinyukha_east,analytic,3.0,12.0,-50.0,2.0,1186.06,1184.06,2.467,2.467,1.119,2.470,-0.000
altai,sinyukha_east,analytic,3.0,12.0,-50.0,3.0,1187.06,1184.06,2.585,2.585,1.168,2.587,0.000
altai,sinyukha_east,analytic,3.0,12.0,-50.0,5.0,1189.06,1184.06,2.741,2.741,1.231,2.742,0.000
altai,sinyukha_east,analytic,3.0,12.0,-50.0,10.0,1194.06,1184.06,2.972,2.972,1.312,2.973,0.000
altai,sinyukha_east,analytic,3.0,12.0,-50.0,30.0,1214.06,1184.06,3.402,3.402,1.267,3.403,0.000
altai,sinyukha_east,analytic,3.0,12.0,-50.0,50.0,1234.06,1184.06,3.646,3.646,1.065,3.646,0.000
altai,sinyukha_east,analytic,3.0,12.0,-50.0,100.0,1284.06,1184.06,4.057,4.057,-0.119,4.057,-0.000
altai,sinyukha_east,analytic,3.0,12.0,-50.0,200.0,1384.06,1184.06,4.636,4.636,-0.753,4.636,-0.000
altai,sinyukha_east,analytic,3.0,12.0,-50.0,300.0,1484.06,1184.06,4.908,4.908,-0.533,4.908,0.000
altai,sinyukha_east,analytic,3.0,12.0,-30.0,1.0,1196.24,1195.24,2.419,2.419,0.989,2.300,0.000
altai,sinyukha_east,analytic,3.0,12.0,-30.0,1.5,1196.74,1195.24,2.496,2.496,1.015,2.408,-0.000
altai,sinyukha_east,analytic,3.0,12.0,-30.0,2.0,1197.24,1195.24,2.558,2.558,1.035,2.487,-0.000
altai,sinyukha_east,analytic,3.0,12.0,-30.0,3.0,1198.24,1195.24,2.656,2.656,1.064,2.604,-0.000
altai,sinyukha_east,analytic,3.0,12.0,-30.0,5.0,1200.24,1195.24,2.795,2.795,1.096,2.761,0.000
altai,sinyukha_east,analytic,3.0,12.0,-30.0,10.0,1205.24,1195.24,3.012,3.012,1.117,2.993,-0.000
altai,sinyukha_east,analytic,3.0,12.0,-30.0,30.0,1225.24,1195.24,3.433,3.433,0.976,3.426,-0.000
altai,sinyukha_east,analytic,3.0,12.0,-30.0,50.0,1245.24,1195.24,3.675,3.675,0.485,3.670,0.000
altai,sinyukha_east,analytic,3.0,12.0,-30.0,100.0,1295.24,1195.24,4.086,4.086,-0.566,4.083,0.000
altai,sinyukha_east,analytic,3.0,12.0,-30.0,200.0,1395.24,1195.24,4.666,4.666,-0.736,4.664,0.000
altai,sinyukha_east,analytic,3.0,12.0,-30.0,300.0,1495.24,1195.24,4.937,4.937,-0.498,4.937,-0.000
altai,sinyukha_east,analytic,3.0,12.0,-20.0,1.0,1201.08,1200.08,2.409,2.409,0.885,2.307,0.000
altai,sinyukha_east,analytic,3.0,12.0,-20.0,1.5,1201.58,1200.08,2.490,2.490,0.909,2.415,-0.000
altai,sinyukha_east,analytic,3.0,12.0,-20.0,2.0,1202.08,1200.08,2.554,2.554,0.927,2.494,-0.000
altai,sinyukha_east,analytic,3.0,12.0,-20.0,3.0,1203.08,1200.08,2.655,2.655,0.952,2.612,-0.000
altai,sinyukha_east,analytic,3.0,12.0,-20.0,5.0,1205.08,1200.08,2.797,2.797,0.979,2.769,0.000
altai,sinyukha_east,analytic,3.0,12.0,-20.0,10.0,1210.08,1200.08,3.017,3.017,0.989,3.002,0.000
altai,sinyukha_east,analytic,3.0,12.0,-20.0,30.0,1230.08,1200.08,3.441,3.441,0.672,3.435,0.000
altai,sinyukha_east,analytic,3.0,12.0,-20.0,50.0,1250.08,1200.08,3.685,3.685,0.167,3.681,0.000
altai,sinyukha_east,analytic,3.0,12.0,-20.0,100.0,1300.08,1200.08,4.097,4.097,-0.746,4.094,0.000
altai,sinyukha_east,analytic,3.0,12.0,-20.0,200.0,1400.08,1200.08,4.678,4.678,-0.728,4.677,0.000
altai,sinyukha_east,analytic,3.0,12.0,-20.0,300.0,1500.08,1200.08,4.949,4.949,-0.485,4.949,0.000
altai,sinyukha_east,analytic,3.0,12.0,-10.0,1.0,1205.69,1204.69,2.349,2.349,0.760,2.313,-0.000
altai,sinyukha_east,analytic,3.0,12.0,-10.0,1.5,1206.19,1204.69,2.447,2.447,0.786,2.421,-0.000
altai,sinyukha_east,analytic,3.0,12.0,-10.0,2.0,1206.69,1204.69,2.521,2.521,0.804,2.501,-0.000
altai,sinyukha_east,analytic,3.0,12.0,-10.0,3.0,1207.69,1204.69,2.633,2.633,0.827,2.619,0.000
altai,sinyukha_east,analytic,3.0,12.0,-10.0,5.0,1209.69,1204.69,2.786,2.786,0.850,2.777,0.000
altai,sinyukha_east,analytic,3.0,12.0,-10.0,10.0,1214.69,1204.69,3.015,3.015,0.801,3.010,-0.000
altai,sinyukha_east,analytic,3.0,12.0,-10.0,30.0,1234.69,1204.69,3.447,3.447,0.362,3.445,-0.000
altai,sinyukha_east,analytic,3.0,12.0,-10.0,50.0,1254.69,1204.69,3.692,3.692,-0.125,3.691,-0.000
altai,sinyukha_east,analytic,3.0,12.0,-10.0,100.0,1304.69,1204.69,4.106,4.106,-0.796,4.105,0.000
altai,sinyukha_east,analytic,3.0,12.0,-10.0,200.0,1404.69,1204.69,4.689,4.689,-0.717,4.688,-0.000
altai,sinyukha_east,analytic,3.0,12.0,-10.0,300.0,1504.69,1204.69,4.960,4.960,-0.472,4.960,-0.000
altai,sinyukha_east,analytic,3.0,12.0,0.0,1.0,1210.18,1209.18,2.523,2.523,0.598,2.319,0.000
altai,sinyukha_east,analytic,3.0,12.0,0.0,1.5,1210.68,1209.18,2.585,2.585,0.602,2.428,-0.000
altai,sinyukha_east,analytic,3.0,12.0,0.0,2.0,1211.18,1209.18,2.636,2.636,0.603,2.508,-0.000
altai,sinyukha_east,analytic,3.0,12.0,0.0,3.0,1212.18,1209.18,2.721,2.721,0.599,2.626,-0.000
altai,sinyukha_east,analytic,3.0,12.0,0.0,5.0,1214.18,1209.18,2.848,2.848,0.578,2.784,0.000
altai,sinyukha_east,analytic,3.0,12.0,0.0,10.0,1219.18,1209.18,3.054,3.054,0.493,3.018,-0.000
altai,sinyukha_east,analytic,3.0,12.0,0.0,30.0,1239.18,1209.18,3.468,3.468,0.022,3.454,0.000
altai,sinyukha_east,analytic,3.0,12.0,0.0,50.0,1259.18,1209.18,3.710,3.710,-0.382,3.700,-0.000
altai,sinyukha_east,analytic,3.0,12.0,0.0,100.0,1309.18,1209.18,4.121,4.121,-0.837,4.116,0.000
altai,sinyukha_east,analytic,3.0,12.0,0.0,200.0,1409.18,1209.18,4.702,4.702,-0.704,4.700,-0.000
altai,sinyukha_east,analytic,3.0,12.0,0.0,300.0,1509.18,1209.18,4.972,4.972,-0.459,4.972,0.000
altai,sinyukha_east,analytic,3.0,12.0,100.0,1.0,1191.10,1190.10,1.904,1.904,-0.810,2.293,0.000
altai,sinyukha_east,analytic,3.0,12.0,100.0,1.5,1191.60,1190.10,1.998,1.998,-0.845,2.400,0.000
altai,sinyukha_east,analytic,3.0,12.0,100.0,2.0,1192.10,1190.10,2.070,2.070,-0.871,2.479,-0.000
altai,sinyukha_east,analytic,3.0,12.0,100.0,3.0,1193.10,1190.10,2.183,2.183,-0.909,2.596,-0.000
altai,sinyukha_east,analytic,3.0,12.0,100.0,5.0,1195.10,1190.10,2.345,2.345,-0.958,2.752,-0.000
altai,sinyukha_east,analytic,3.0,12.0,100.0,10.0,1200.10,1190.10,2.607,2.607,-1.025,2.984,0.000
altai,sinyukha_east,analytic,3.0,12.0,100.0,30.0,1220.10,1190.10,3.159,3.159,-1.104,3.415,0.000
altai,sinyukha_east,analytic,3.0,12.0,100.0,50.0,1240.10,1190.10,3.533,3.533,-1.097,3.659,0.000
altai,sinyukha_east,analytic,3.0,12.0,100.0,100.0,1290.10,1190.10,4.071,4.071,-0.968,4.071,-0.000
altai,sinyukha_east,analytic,3.0,12.0,100.0,200.0,1390.10,1190.10,4.652,4.652,-0.678,4.652,-0.000
altai,sinyukha_east,analytic,3.0,12.0,100.0,300.0,1490.10,1190.10,4.924,4.924,-0.392,4.924,0.000
altai,sinyukha_east,analytic,3.0,12.0,300.0,1.0,1094.44,1093.44,0.543,0.543,-0.717,2.158,-0.000
altai,sinyukha_east,analytic,3.0,12.0,300.0,1.5,1094.94,1093.44,0.569,0.569,-0.748,2.259,-0.000
altai,sinyukha_east,analytic,3.0,12.0,300.0,2.0,1095.44,1093.44,0.590,0.590,-0.771,2.334,-0.000
altai,sinyukha_east,analytic,3.0,12.0,300.0,3.0,1096.44,1093.44,0.622,0.622,-0.806,2.444,-0.000
altai,sinyukha_east,analytic,3.0,12.0,300.0,5.0,1098.44,1093.44,0.672,0.672,-0.855,2.591,-0.000
altai,sinyukha_east,analytic,3.0,12.0,300.0,10.0,1103.44,1093.44,0.762,0.762,-0.930,2.810,0.000
altai,sinyukha_east,analytic,3.0,12.0,300.0,30.0,1123.44,1093.44,1.437,1.437,-1.106,3.218,0.000
altai,sinyukha_east,analytic,3.0,12.0,300.0,50.0,1143.44,1093.44,2.074,2.074,-1.152,3.451,-0.000
altai,sinyukha_east,analytic,3.0,12.0,300.0,100.0,1193.44,1093.44,3.600,3.600,-0.992,3.846,0.000
altai,sinyukha_east,analytic,3.0,12.0,300.0,200.0,1293.44,1093.44,4.408,4.408,-0.579,4.408,-0.000
altai,sinyukha_east,analytic,3.0,12.0,300.0,300.0,1393.44,1093.44,4.679,4.679,-0.346,4.679,-0.000
altai,sinyukha_east,analytic,6.0,12.0,-3000.0,1.0,671.64,670.64,2.319,2.319,-0.427,2.339,-0.000
altai,sinyukha_east,analytic,6.0,12.0,-3000.0,1.5,672.14,670.64,2.537,2.537,-0.466,2.579,-0.000
altai,sinyukha_east,analytic,6.0,12.0,-3000.0,2.0,672.64,670.64,2.712,2.712,-0.497,2.765,0.000
altai,sinyukha_east,analytic,6.0,12.0,-3000.0,3.0,673.64,670.64,2.988,2.988,-0.546,3.050,-0.000
altai,sinyukha_east,analytic,6.0,12.0,-3000.0,5.0,675.64,670.64,3.385,3.385,-0.618,3.454,0.000
altai,sinyukha_east,analytic,6.0,12.0,-3000.0,10.0,680.64,670.64,4.020,4.020,-0.739,4.097,0.000
altai,sinyukha_east,analytic,6.0,12.0,-3000.0,30.0,700.64,670.64,5.370,5.370,-0.944,5.427,0.000
altai,sinyukha_east,analytic,6.0,12.0,-3000.0,50.0,720.64,670.64,6.239,6.239,-0.976,6.241,0.000
altai,sinyukha_east,analytic,6.0,12.0,-3000.0,100.0,770.64,670.64,7.686,7.686,-0.971,7.683,0.000
altai,sinyukha_east,analytic,6.0,12.0,-3000.0,200.0,870.64,670.64,9.815,9.815,-0.377,9.813,0.000
altai,sinyukha_east,analytic,6.0,12.0,-3000.0,300.0,970.64,670.64,11.632,11.632,-0.106,11.630,-0.000
altai,sinyukha_east,analytic,6.0,12.0,-1000.0,1.0,800.96,799.96,2.632,2.632,0.592,2.607,-0.000
altai,sinyukha_east,analytic,6.0,12.0,-1000.0,1.5,801.46,799.96,2.893,2.893,0.650,2.875,0.000
altai,sinyukha_east,analytic,6.0,12.0,-1000.0,2.0,801.96,799.96,3.096,3.096,0.695,3.081,-0.000
altai,sinyukha_east,analytic,6.0,12.0,-1000.0,3.0,802.96,799.96,3.410,3.410,0.763,3.399,0.000
altai,sinyukha_east,analytic,6.0,12.0,-1000.0,5.0,804.96,799.96,3.856,3.856,0.859,3.848,0.000
altai,sinyukha_east,analytic,6.0,12.0,-1000.0,10.0,809.96,799.96,4.567,4.567,1.006,4.563,-0.000
altai,sinyukha_east,analytic,6.0,12.0,-1000.0,30.0,829.96,799.96,6.035,6.035,1.256,6.033,-0.000
altai,sinyukha_east,analytic,6.0,12.0,-1000.0,50.0,849.96,799.96,6.927,6.927,1.346,6.926,0.000
altai,sinyukha_east,analytic,6.0,12.0,-1000.0,100.0,899.96,799.96,8.493,8.493,1.412,8.492,-0.000
altai,sinyukha_east,analytic,6.0,12.0,-1000.0,200.0,999.96,799.96,10.769,10.769,1.517,10.768,-0.000
altai,sinyukha_east,analytic,6.0,12.0,-1000.0,300.0,1099.96,799.96,12.684,12.684,1.373,12.683,-0.000
altai,sinyukha_east,analytic,6.0,12.0,-300.0,1.0,1050.65,1049.65,3.124,3.124,1.245,3.124,-0.000
altai,sinyukha_east,analytic,6.0,12.0,-300.0,1.5,1051.15,1049.65,3.320,3.320,1.322,3.445,0.000
altai,sinyukha_east,analytic,6.0,12.0,-300.0,2.0,1051.65,1049.65,3.593,3.593,1.431,3.692,0.000
altai,sinyukha_east,analytic,6.0,12.0,-300.0,3.0,1052.65,1049.65,4.000,4.000,1.593,4.072,0.000
altai,sinyukha_east,analytic,6.0,12.0,-300.0,5.0,1054.65,1049.65,4.561,4.561,1.816,4.609,-0.000
altai,sinyukha_east,analytic,6.0,12.0,-300.0,10.0,1059.65,1049.65,5.433,5.433,2.162,5.462,-0.000
altai,sinyukha_east,analytic,6.0,12.0,-300.0,30.0,1079.65,1049.65,7.191,7.191,2.844,7.203,-0.000
altai,sinyukha_east,analytic,6.0,12.0,-300.0,50.0,1099.65,1049.65,8.240,8.240,3.217,8.249,0.000
altai,sinyukha_east,analytic,6.0,12.0,-300.0,100.0,1149.65,1049.65,10.049,10.049,3.644,10.054,-0.000
altai,sinyukha_east,analytic,6.0,12.0,-300.0,200.0,1249.65,1049.65,12.610,12.610,3.599,12.613,0.000
altai,sinyukha_east,analytic,6.0,12.0,-300.0,300.0,1349.65,1049.65,14.714,14.714,3.446,14.716,-0.000
altai,sinyukha_east,analytic,6.0,12.0,-150.0,1.0,1129.84,1128.84,3.288,3.288,1.477,3.288,-0.000
altai,sinyukha_east,analytic,6.0,12.0,-150.0,1.5,1130.34,1128.84,3.605,3.605,1.618,3.626,0.000
altai,sinyukha_east,analytic,6.0,12.0,-150.0,2.0,1130.84,1128.84,3.870,3.870,1.736,3.886,0.000
altai,sinyukha_east,analytic,6.0,12.0,-150.0,3.0,1131.84,1128.84,4.274,4.274,1.914,4.286,0.000
altai,sinyukha_east,analytic,6.0,12.0,-150.0,5.0,1133.84,1128.84,4.843,4.843,2.161,4.851,-0.000
altai,sinyukha_east,analytic,6.0,12.0,-150.0,10.0,1138.84,1128.84,5.742,5.742,2.540,5.747,-0.000
altai,sinyukha_east,analytic,6.0,12.0,-150.0,30.0,1158.84,1128.84,7.572,7.572,3.271,7.574,0.000
altai,sinyukha_east,analytic,6.0,12.0,-150.0,50.0,1178.84,1128.84,8.667,8.667,3.633,8.668,-0.000
altai,sinyukha_east,analytic,6.0,12.0,-150.0,100.0,1228.84,1128.84,10.549,10.549,3.991,10.550,-0.000
altai,sinyukha_east,analytic,6.0,12.0,-150.0,200.0,1328.84,1128.84,13.198,13.198,1.286,13.198,0.000
altai,sinyukha_east,analytic,6.0,12.0,-150.0,300.0,1428.84,1128.84,15.361,15.361,-2.019,15.361,-0.000
altai,sinyukha_east,analytic,6.0,12.0,-50.0,1.0,1185.06,1184.06,3.403,3.403,1.549,3.403,0.000
altai,sinyukha_east,analytic,6.0,12.0,-50.0,1.5,1185.56,1184.06,3.738,3.738,1.698,3.752,-0.000
altai,sinyukha_east,analytic,6.0,12.0,-50.0,2.0,1186.06,1184.06,4.010,4.010,1.819,4.021,0.000
altai,sinyukha_east,analytic,6.0,12.0,-50.0,3.0,1187.06,1184.06,4.426,4.426,2.001,4.435,-0.000
altai,sinyukha_east,analytic,6.0,12.0,-50.0,5.0,1189.06,1184.06,5.014,5.014,2.251,5.019,-0.000
altai,sinyukha_east,analytic,6.0,12.0,-50.0,10.0,1194.06,1184.06,5.942,5.942,2.623,5.946,-0.000
altai,sinyukha_east,analytic,6.0,12.0,-50.0,30.0,1214.06,1184.06,7.832,7.832,2.917,7.833,-0.000
altai,sinyukha_east,analytic,6.0,12.0,-50.0,50.0,1234.06,1184.06,8.960,8.960,2.617,8.961,0.000
altai,sinyukha_east,analytic,6.0,12.0,-50.0,100.0,1284.06,1184.06,10.895,10.895,-0.320,10.895,-0.000
altai,sinyukha_east,analytic,6.0,12.0,-50.0,200.0,1384.06,1184.06,13.606,13.606,-2.211,13.606,-0.000
altai,sinyukha_east,analytic,6.0,12.0,-50.0,300.0,1484.06,1184.06,15.811,15.811,-1.716,15.811,0.000
altai,sinyukha_east,analytic,6.0,12.0,-30.0,1.0,1196.24,1195.24,3.817,3.817,1.561,3.426,-0.000
altai,sinyukha_east,analytic,6.0,12.0,-30.0,1.5,1196.74,1195.24,4.080,4.080,1.660,3.777,-0.000
altai,sinyukha_east,analytic,6.0,12.0,-30.0,2.0,1197.24,1195.24,4.299,4.299,1.740,4.048,-0.000
altai,sinyukha_east,analytic,6.0,12.0,-30.0,3.0,1198.24,1195.24,4.655,4.655,1.864,4.465,0.000
altai,sinyukha_east,analytic,6.0,12.0,-30.0,5.0,1200.24,1195.24,5.186,5.186,2.033,5.053,0.000
altai,sinyukha_east,analytic,6.0,12.0,-30.0,10.0,1205.24,1195.24,6.066,6.066,2.250,5.986,0.000
altai,sinyukha_east,analytic,6.0,12.0,-30.0,30.0,1225.24,1195.24,7.921,7.921,2.252,7.885,0.000
altai,sinyukha_east,analytic,6.0,12.0,-30.0,50.0,1245.24,1195.24,9.044,9.044,1.194,9.020,-0.000
altai,sinyukha_east,analytic,6.0,12.0,-30.0,100.0,1295.24,1195.24,10.980,10.980,-1.520,10.965,-0.000
altai,sinyukha_east,analytic,6.0,12.0,-30.0,200.0,1395.24,1195.24,13.698,13.698,-2.161,13.689,-0.000
altai,sinyukha_east,analytic,6.0,12.0,-30.0,300.0,1495.24,1195.24,15.909,15.909,-1.606,15.902,0.000
altai,sinyukha_east,analytic,6.0,12.0,-20.0,1.0,1201.08,1200.08,3.770,3.770,1.385,3.436,-0.000
altai,sinyukha_east,analytic,6.0,12.0,-20.0,1.5,1201.58,1200.08,4.045,4.045,1.478,3.788,-0.000
altai,sinyukha_east,analytic,6.0,12.0,-20.0,2.0,1202.08,1200.08,4.272,4.272,1.551,4.060,0.000
altai,sinyukha_east,analytic,6.0,12.0,-20.0,3.0,1203.08,1200.08,4.638,4.638,1.663,4.478,-0.000
altai,sinyukha_east,analytic,6.0,12.0,-20.0,5.0,1205.08,1200.08,5.179,5.179,1.812,5.068,0.000
altai,sinyukha_east,analytic,6.0,12.0,-20.0,10.0,1210.08,1200.08,6.070,6.070,1.990,6.003,0.000
altai,sinyukha_east,analytic,6.0,12.0,-20.0,30.0,1230.08,1200.08,7.938,7.938,1.549,7.908,-0.000
altai,sinyukha_east,analytic,6.0,12.0,-20.0,50.0,1250.08,1200.08,9.066,9.066,0.410,9.046,-0.000
altai,sinyukha_east,analytic,6.0,12.0,-20.0,100.0,1300.08,1200.08,11.008,11.008,-2.004,10.995,0.000
altai,sinyukha_east,analytic,6.0,12.0,-20.0,200.0,1400.08,1200.08,13.732,13.732,-2.137,13.724,0.000
altai,sinyukha_east,analytic,6.0,12.0,-20.0,300.0,1500.08,1200.08,15.948,15.948,-1.562,15.941,-0.000
altai,sinyukha_east,analytic,6.0,12.0,-10.0,1.0,1205.69,1204.69,3.561,3.561,1.152,3.445,0.000
altai,sinyukha_east,analytic,6.0,12.0,-10.0,1.5,1206.19,1204.69,3.885,3.885,1.247,3.799,-0.000
altai,sinyukha_east,analytic,6.0,12.0,-10.0,2.0,1206.69,1204.69,4.141,4.141,1.320,4.071,0.000
altai,sinyukha_east,analytic,6.0,12.0,-10.0,3.0,1207.69,1204.69,4.542,4.542,1.427,4.490,-0.000
altai,sinyukha_east,analytic,6.0,12.0,-10.0,5.0,1209.69,1204.69,5.118,5.118,1.561,5.082,0.000
altai,sinyukha_east,analytic,6.0,12.0,-10.0,10.0,1214.69,1204.69,6.041,6.041,1.604,6.020,-0.000
altai,sinyukha_east,analytic,6.0,12.0,-10.0,30.0,1234.69,1204.69,7.939,7.939,0.833,7.930,-0.000
altai,sinyukha_east,analytic,6.0,12.0,-10.0,50.0,1254.69,1204.69,9.076,9.076,-0.308,9.070,-0.000
altai,sinyukha_east,analytic,6.0,12.0,-10.0,100.0,1304.69,1204.69,11.028,11.028,-2.139,11.024,0.000
altai,sinyukha_east,analytic,6.0,12.0,-10.0,200.0,1404.69,1204.69,13.761,13.761,-2.103,13.758,-0.000
altai,sinyukha_east,analytic,6.0,12.0,-10.0,300.0,1504.69,1204.69,15.981,15.981,-1.521,15.979,-0.000
altai,sinyukha_east,analytic,6.0,12.0,0.0,1.0,1210.18,1209.18,4.138,4.138,0.981,3.455,0.000
altai,sinyukha_east,analytic,6.0,12.0,0.0,1.5,1210.68,1209.18,4.355,4.355,1.014,3.809,0.000
altai,sinyukha_east,analytic,6.0,12.0,0.0,2.0,1211.18,1209.18,4.543,4.543,1.038,4.082,-0.000
altai,sinyukha_east,analytic,6.0,12.0,0.0,3.0,1212.18,1209.18,4.859,4.859,1.069,4.502,0.000
altai,sinyukha_east,analytic,6.0,12.0,0.0,5.0,1214.18,1209.18,5.349,5.349,1.086,5.096,-0.000
altai,sinyukha_east,analytic,6.0,12.0,0.0,10.0,1219.18,1209.18,6.192,6.192,0.999,6.036,0.000
altai,sinyukha_east,analytic,6.0,12.0,0.0,30.0,1239.18,1209.18,8.021,8.021,0.052,7.951,-0.000
altai,sinyukha_east,analytic,6.0,12.0,0.0,50.0,1259.18,1209.18,9.142,9.142,-0.941,9.094,0.000
altai,sinyukha_east,analytic,6.0,12.0,0.0,100.0,1309.18,1209.18,11.082,11.082,-2.250,11.052,-0.000
altai,sinyukha_east,analytic,6.0,12.0,0.0,200.0,1409.18,1209.18,13.810,13.810,-2.067,13.792,-0.000
altai,sinyukha_east,analytic,6.0,12.0,0.0,300.0,1509.18,1209.18,16.030,16.030,-1.481,16.016,0.000
altai,sinyukha_east,analytic,6.0,12.0,100.0,1.0,1191.10,1190.10,2.401,2.401,-1.476,3.415,-0.000
altai,sinyukha_east,analytic,6.0,12.0,100.0,1.5,1191.60,1190.10,2.684,2.684,-1.616,3.765,-0.000
altai,sinyukha_east,analytic,6.0,12.0,100.0,2.0,1192.10,1190.10,2.919,2.919,-1.724,4.036,-0.000
altai,sinyukha_east,analytic,6.0,12.0,100.0,3.0,1193.10,1190.10,3.309,3.309,-1.888,4.451,0.000
altai,sinyukha_east,analytic,6.0,12.0,100.0,5.0,1195.10,1190.10,3.921,3.921,-2.112,5.038,-0.000
altai,sinyukha_east,analytic,6.0,12.0,100.0,10.0,1200.10,1190.10,4.999,4.999,-2.436,5.967,0.000
altai,sinyukha_east,analytic,6.0,12.0,100.0,30.0,1220.10,1190.10,7.258,7.258,-2.863,7.861,0.000
altai,sinyukha_east,analytic,6.0,12.0,100.0,50.0,1240.10,1190.10,8.684,8.684,-2.864,8.993,0.000
altai,sinyukha_east,analytic,6.0,12.0,100.0,100.0,1290.10,1190.10,10.935,10.935,-2.599,10.933,0.000
altai,sinyukha_east,analytic,6.0,12.0,100.0,200.0,1390.10,1190.10,13.652,13.652,-1.990,13.651,0.000
altai,sinyukha_east,analytic,6.0,12.0,100.0,300.0,1490.10,1190.10,15.861,15.861,-1.263,15.860,-0.000
altai,sinyukha_east,analytic,6.0,12.0,300.0,1.0,1094.44,1093.44,1.580,-1.580,-2.314,3.215,-0.000
altai,sinyukha_east,analytic,6.0,12.0,300.0,1.5,1094.94,1093.44,1.692,-1.692,-2.528,3.545,0.000
altai,sinyukha_east,analytic,6.0,12.0,300.0,2.0,1095.44,1093.44,1.769,-1.769,-2.698,3.799,0.000
altai,sinyukha_east,analytic,6.0,12.0,300.0,3.0,1096.44,1093.44,1.864,-1.864,-2.961,4.190,0.000
altai,sinyukha_east,analytic,6.0,12.0,300.0,5.0,1098.44,1093.44,1.930,-1.930,-3.339,4.743,-0.000
altai,sinyukha_east,analytic,6.0,12.0,300.0,10.0,1103.44,1093.44,1.809,-1.809,-3.945,5.619,0.000
altai,sinyukha_east,analytic,6.0,12.0,300.0,30.0,1123.44,1093.44,1.077,1.077,-4.707,7.408,0.000
altai,sinyukha_east,analytic,6.0,12.0,300.0,50.0,1143.44,1093.44,3.884,3.884,-4.653,8.481,-0.000
altai,sinyukha_east,analytic,6.0,12.0,300.0,100.0,1193.44,1093.44,9.591,9.591,-3.274,10.328,-0.000
altai,sinyukha_east,analytic,6.0,12.0,300.0,200.0,1293.44,1093.44,12.938,12.938,-1.700,12.937,0.000
altai,sinyukha_east,analytic,6.0,12.0,300.0,300.0,1393.44,1093.44,15.075,15.075,-1.115,15.073,0.000
altai,sinyukha_east,analytic,10.0,12.0,-3000.0,1.0,671.64,670.64,3.843,3.843,-0.731,3.898,0.000
altai,sinyukha_east,analytic,10.0,12.0,-3000.0,1.5,672.14,670.64,4.210,4.210,-0.797,4.299,0.000
altai,sinyukha_east,analytic,10.0,12.0,-3000.0,2.0,672.64,670.64,4.505,4.505,-0.850,4.608,-0.000
altai,sinyukha_east,analytic,10.0,12.0,-3000.0,3.0,673.64,670.64,4.969,4.969,-0.933,5.084,0.000
altai,sinyukha_east,analytic,10.0,12.0,-3000.0,5.0,675.64,670.64,5.637,5.637,-1.055,5.757,0.000
altai,sinyukha_east,analytic,10.0,12.0,-3000.0,10.0,680.64,670.64,6.699,6.699,-1.258,6.829,-0.000
altai,sinyukha_east,analytic,10.0,12.0,-3000.0,30.0,700.64,670.64,8.949,8.949,-1.589,9.045,-0.000
altai,sinyukha_east,analytic,10.0,12.0,-3000.0,50.0,720.64,670.64,10.398,10.398,-1.628,10.401,0.000
altai,sinyukha_east,analytic,10.0,12.0,-3000.0,100.0,770.64,670.64,12.811,12.811,-1.619,12.805,0.000
altai,sinyukha_east,analytic,10.0,12.0,-3000.0,200.0,870.64,670.64,16.358,16.358,-0.628,16.355,-0.000
altai,sinyukha_east,analytic,10.0,12.0,-3000.0,300.0,970.64,670.64,19.386,19.386,-0.176,19.383,0.000
altai,sinyukha_east,analytic,10.0,12.0,-1000.0,1.0,800.96,799.96,4.387,4.387,0.987,4.345,0.000
altai,sinyukha_east,analytic,10.0,12.0,-1000.0,1.5,801.46,799.96,4.822,4.822,1.083,4.791,0.000
altai,sinyukha_east,analytic,10.0,12.0,-1000.0,2.0,801.96,799.96,5.160,5.160,1.158,5.135,-0.000
altai,sinyukha_east,analytic,10.0,12.0,-1000.0,3.0,802.96,799.96,5.683,5.683,1.272,5.665,-0.000
altai,sinyukha_east,analytic,10.0,12.0,-1000.0,5.0,804.96,799.96,6.426,6.426,1.432,6.414,-0.000
altai,sinyukha_east,analytic,10.0,12.0,-1000.0,10.0,809.96,799.96,7.612,7.612,1.676,7.605,-0.000
altai,sinyukha_east,analytic,10.0,12.0,-1000.0,30.0,829.96,799.96,10.058,10.058,2.093,10.055,-0.000
altai,sinyukha_east,analytic,10.0,12.0,-1000.0,50.0,849.96,799.96,11.546,11.546,2.244,11.543,-0.000
altai,sinyukha_east,analytic,10.0,12.0,-1000.0,100.0,899.96,799.96,14.155,14.155,2.354,14.154,0.000
altai,sinyukha_east,analytic,10.0,12.0,-1000.0,200.0,999.96,799.96,17.948,17.948,2.529,17.947,0.000
altai,sinyukha_east,analytic,10.0,12.0,-1000.0,300.0,1099.96,799.96,21.139,21.139,2.288,21.139,-0.000
altai,sinyukha_east,analytic,10.0,12.0,-300.0,1.0,1050.65,1049.65,5.207,5.207,2.074,5.207,-0.000
altai,sinyukha_east,analytic,10.0,12.0,-300.0,1.5,1051.15,1049.65,5.533,5.533,2.204,5.741,-0.000
altai,sinyukha_east,analytic,10.0,12.0,-300.0,2.0,1051.65,1049.65,5.989,5.989,2.385,6.154,-0.000
altai,sinyukha_east,analytic,10.0,12.0,-300.0,3.0,1052.65,1049.65,6.667,6.667,2.656,6.787,0.000
altai,sinyukha_east,analytic,10.0,12.0,-300.0,5.0,1054.65,1049.65,7.602,7.602,3.027,7.682,-0.000
altai,sinyukha_east,analytic,10.0,12.0,-300.0,10.0,1059.65,1049.65,9.056,9.056,3.603,9.103,-0.000
altai,sinyukha_east,analytic,10.0,12.0,-300.0,30.0,1079.65,1049.65,11.985,11.985,4.740,12.005,0.000
altai,sinyukha_east,analytic,10.0,12.0,-300.0,50.0,1099.65,1049.65,13.734,13.734,5.362,13.748,-0.000
altai,sinyukha_east,analytic,10.0,12.0,-300.0,100.0,1149.65,1049.65,16.749,16.749,6.000,16.757,0.000
altai,sinyukha_east,analytic,10.0,12.0,-300.0,200.0,1249.65,1049.65,21.016,21.016,5.999,21.022,-0.000
altai,sinyukha_east,analytic,10.0,12.0,-300.0,300.0,1349.65,1049.65,24.523,24.523,5.743,24.527,0.000
altai,sinyukha_east,analytic,10.0,12.0,-150.0,1.0,1129.84,1128.84,5.480,5.480,2.462,5.480,0.000
altai,sinyukha_east,analytic,10.0,12.0,-150.0,1.5,1130.34,1128.84,6.009,6.009,2.697,6.043,0.000
altai,sinyukha_east,analytic,10.0,12.0,-150.0,2.0,1130.84,1128.84,6.449,6.449,2.893,6.476,-0.000
altai,sinyukha_east,analytic,10.0,12.0,-150.0,3.0,1131.84,1128.84,7.123,7.123,3.189,7.143,-0.000
altai,sinyukha_east,analytic,10.0,12.0,-150.0,5.0,1133.84,1128.84,8.071,8.071,3.602,8.085,-0.000
altai,sinyukha_east,analytic,10.0,12.0,-150.0,10.0,1138.84,1128.84,9.570,9.570,4.234,9.578,0.000
altai,sinyukha_east,analytic,10.0,12.0,-150.0,30.0,1158.84,1128.84,12.620,12.620,5.452,12.624,-0.000
altai,sinyukha_east,analytic,10.0,12.0,-150.0,50.0,1178.84,1128.84,14.445,14.445,6.000,14.447,-0.000
altai,sinyukha_east,analytic,10.0,12.0,-150.0,100.0,1228.84,1128.84,17.582,17.582,6.000,17.583,0.000
altai,sinyukha_east,analytic,10.0,12.0,-150.0,200.0,1328.84,1128.84,21.996,21.996,2.144,21.997,-0.000
altai,sinyukha_east,analytic,10.0,12.0,-150.0,300.0,1428.84,1128.84,25.602,25.602,-3.365,25.602,0.000
altai,sinyukha_east,analytic,10.0,12.0,-50.0,1.0,1185.06,1184.06,5.671,5.671,2.581,5.671,0.000
altai,sinyukha_east,analytic,10.0,12.0,-50.0,1.5,1185.56,1184.06,6.229,6.229,2.830,6.253,-0.000
altai,sinyukha_east,analytic,10.0,12.0,-50.0,2.0,1186.06,1184.06,6.683,6.683,3.031,6.702,-0.000
altai,sinyukha_east,analytic,10.0,12.0,-50.0,3.0,1187.06,1184.06,7.377,7.377,3.335,7.391,-0.000
altai,sinyukha_east,analytic,10.0,12.0,-50.0,5.0,1189.06,1184.06,8.356,8.356,3.751,8.365,-0.000
altai,sinyukha_east,analytic,10.0,12.0,-50.0,10.0,1194.06,1184.06,9.904,9.904,4.372,9.909,-0.000
altai,sinyukha_east,analytic,10.0,12.0,-50.0,30.0,1214.06,1184.06,13.053,13.053,4.862,13.055,-0.000
altai,sinyukha_east,analytic,10.0,12.0,-50.0,50.0,1234.06,1184.06,14.933,14.933,4.362,14.934,0.000
altai,sinyukha_east,analytic,10.0,12.0,-50.0,100.0,1284.06,1184.06,18.158,18.158,-0.533,18.159,-0.000
altai,sinyukha_east,analytic,10.0,12.0,-50.0,200.0,1384.06,1184.06,22.676,22.676,-3.685,22.677,0.000
altai,sinyukha_east,analytic,10.0,12.0,-50.0,300.0,1484.06,1184.06,26.351,26.351,-2.861,26.352,-0.000
altai,sinyukha_east,analytic,10.0,12.0,-30.0,1.0,1196.24,1195.24,6.362,6.362,2.601,5.710,0.000
altai,sinyukha_east,analytic,10.0,12.0,-30.0,1.5,1196.74,1195.24,6.800,6.800,2.767,6.295,-0.000
altai,sinyukha_east,analytic,10.0,12.0,-30.0,2.0,1197.24,1195.24,7.165,7.165,2.900,6.747,-0.000
altai,sinyukha_east,analytic,10.0,12.0,-30.0,3.0,1198.24,1195.24,7.758,7.758,3.107,7.441,-0.000
altai,sinyukha_east,analytic,10.0,12.0,-30.0,5.0,1200.24,1195.24,8.643,8.643,3.389,8.422,0.000
altai,sinyukha_east,analytic,10.0,12.0,-30.0,10.0,1205.24,1195.24,10.110,10.110,3.750,9.976,0.000
altai,sinyukha_east,analytic,10.0,12.0,-30.0,30.0,1225.24,1195.24,13.202,13.202,3.754,13.142,-0.000
altai,sinyukha_east,analytic,10.0,12.0,-30.0,50.0,1245.24,1195.24,15.074,15.074,1.991,15.033,0.000
altai,sinyukha_east,analytic,10.0,12.0,-30.0,100.0,1295.24,1195.24,18.300,18.300,-2.534,18.275,0.000
altai,sinyukha_east,analytic,10.0,12.0,-30.0,200.0,1395.24,1195.24,22.830,22.830,-3.602,22.814,-0.000
altai,sinyukha_east,analytic,10.0,12.0,-30.0,300.0,1495.24,1195.24,26.516,26.516,-2.677,26.503,-0.000
altai,sinyukha_east,analytic,10.0,12.0,-20.0,1.0,1201.08,1200.08,6.283,6.283,2.309,5.726,-0.000
altai,sinyukha_east,analytic,10.0,12.0,-20.0,1.5,1201.58,1200.08,6.742,6.742,2.463,6.314,0.000
altai,sinyukha_east,analytic,10.0,12.0,-20.0,2.0,1202.08,1200.08,7.120,7.120,2.585,6.767,-0.000
altai,sinyukha_east,analytic,10.0,12.0,-20.0,3.0,1203.08,1200.08,7.730,7.730,2.772,7.463,-0.000
altai,sinyukha_east,analytic,10.0,12.0,-20.0,5.0,1205.08,1200.08,8.632,8.632,3.020,8.447,0.000
altai,sinyukha_east,analytic,10.0,12.0,-20.0,10.0,1210.08,1200.08,10.117,10.117,3.316,10.005,-0.000
altai,sinyukha_east,analytic,10.0,12.0,-20.0,30.0,1230.08,1200.08,13.230,13.230,2.582,13.180,0.000
altai,sinyukha_east,analytic,10.0,12.0,-20.0,50.0,1250.08,1200.08,15.110,15.110,0.683,15.076,0.000
altai,sinyukha_east,analytic,10.0,12.0,-20.0,100.0,1300.08,1200.08,18.347,18.347,-3.339,18.326,0.000
altai,sinyukha_east,analytic,10.0,12.0,-20.0,200.0,1400.08,1200.08,22.887,22.887,-3.562,22.874,0.000
altai,sinyukha_east,analytic,10.0,12.0,-20.0,300.0,1500.08,1200.08,26.579,26.579,-2.603,26.569,0.000
altai,sinyukha_east,analytic,10.0,12.0,-10.0,1.0,1205.69,1204.69,5.935,5.935,1.919,5.742,-0.000
altai,sinyukha_east,analytic,10.0,12.0,-10.0,1.5,1206.19,1204.69,6.475,6.475,2.079,6.331,0.000
altai,sinyukha_east,analytic,10.0,12.0,-10.0,2.0,1206.69,1204.69,6.902,6.902,2.201,6.786,0.000
altai,sinyukha_east,analytic,10.0,12.0,-10.0,3.0,1207.69,1204.69,7.570,7.570,2.379,7.484,0.000
altai,sinyukha_east,analytic,10.0,12.0,-10.0,5.0,1209.69,1204.69,8.529,8.529,2.602,8.470,0.000
altai,sinyukha_east,analytic,10.0,12.0,-10.0,10.0,1214.69,1204.69,10.068,10.068,2.674,10.033,0.000
altai,sinyukha_east,analytic,10.0,12.0,-10.0,30.0,1234.69,1204.69,13.232,13.232,1.388,13.216,0.000
altai,sinyukha_east,analytic,10.0,12.0,-10.0,50.0,1254.69,1204.69,15.127,15.127,-0.513,15.117,0.000
altai,sinyukha_east,analytic,10.0,12.0,-10.0,100.0,1304.69,1204.69,18.380,18.380,-3.565,18.374,0.000
altai,sinyukha_east,analytic,10.0,12.0,-10.0,200.0,1404.69,1204.69,22.935,22.935,-3.506,22.931,0.000
altai,sinyukha_east,analytic,10.0,12.0,-10.0,300.0,1504.69,1204.69,26.635,26.635,-2.535,26.632,-0.000
altai,sinyukha_east,analytic,10.0,12.0,0.0,1.0,1210.18,1209.18,6.897,6.897,1.636,5.758,-0.000
altai,sinyukha_east,analytic,10.0,12.0,0.0,1.5,1210.68,1209.18,7.258,7.258,1.690,6.348,0.000
altai,sinyukha_east,analytic,10.0,12.0,0.0,2.0,1211.18,1209.18,7.571,7.571,1.730,6.804,-0.000
altai,sinyukha_east,analytic,10.0,12.0,0.0,3.0,1212.18,1209.18,8.098,8.098,1.782,7.504,-0.000
altai,sinyukha_east,analytic,10.0,12.0,0.0,5.0,1214.18,1209.18,8.915,8.915,1.810,8.493,0.000
altai,sinyukha_east,analytic,10.0,12.0,0.0,10.0,1219.18,1209.18,10.320,10.320,1.665,10.060,-0.000
altai,sinyukha_east,analytic,10.0,12.0,0.0,30.0,1239.18,1209.18,13.368,13.368,0.087,13.251,0.000
altai,sinyukha_east,analytic,10.0,12.0,0.0,50.0,1259.18,1209.18,15.237,15.237,-1.569,15.156,-0.000
altai,sinyukha_east,analytic,10.0,12.0,0.0,100.0,1309.18,1209.18,18.470,18.470,-3.750,18.421,-0.000
altai,sinyukha_east,analytic,10.0,12.0,0.0,200.0,1409.18,1209.18,23.017,23.017,-3.445,22.986,0.000
altai,sinyukha_east,analytic,10.0,12.0,0.0,300.0,1509.18,1209.18,26.717,26.717,-2.468,26.693,0.000
altai,sinyukha_east,analytic,10.0,12.0,100.0,1.0,1191.10,1190.10,4.002,4.002,-2.461,5.692,0.000
altai,sinyukha_east,analytic,10.0,12.0,100.0,1.5,1191.60,1190.10,4.473,4.473,-2.694,6.276,-0.000
altai,sinyukha_east,analytic,10.0,12.0,100.0,2.0,1192.10,1190.10,4.864,4.864,-2.873,6.726,-0.000
altai,sinyukha_east,analytic,10.0,12.0,100.0,3.0,1193.10,1190.10,5.514,5.514,-3.146,7.418,-0.000
altai,sinyukha_east,analytic,10.0,12.0,100.0,5.0,1195.10,1190.10,6.535,6.535,-3.520,8.396,-0.000
altai,sinyukha_east,analytic,10.0,12.0,100.0,10.0,1200.10,1190.10,8.331,8.331,-4.060,9.946,0.000
altai,sinyukha_east,analytic,10.0,12.0,100.0,30.0,1220.10,1190.10,12.097,12.097,-4.772,13.102,-0.000
altai,sinyukha_east,analytic,10.0,12.0,100.0,50.0,1240.10,1190.10,14.474,14.474,-4.773,14.988,-0.000
altai,sinyukha_east,analytic,10.0,12.0,100.0,100.0,1290.10,1190.10,18.224,18.224,-4.332,18.222,-0.000
altai,sinyukha_east,analytic,10.0,12.0,100.0,200.0,1390.10,1190.10,22.753,22.753,-3.317,22.751,0.000
altai,sinyukha_east,analytic,10.0,12.0,100.0,300.0,1490.10,1190.10,26.435,26.435,-2.106,26.434,-0.000
altai,sinyukha_east,analytic,10.0,12.0,300.0,1.0,1094.44,1093.44,2.634,-2.634,-3.856,5.358,0.000
altai,sinyukha_east,analytic,10.0,12.0,300.0,1.5,1094.94,1093.44,2.821,-2.821,-4.214,5.908,-0.000
altai,sinyukha_east,analytic,10.0,12.0,300.0,2.0,1095.44,1093.44,2.949,-2.949,-4.496,6.332,-0.000
altai,sinyukha_east,analytic,10.0,12.0,300.0,3.0,1096.44,1093.44,3.106,-3.106,-4.936,6.984,0.000
altai,sinyukha_east,analytic,10.0,12.0,300.0,5.0,1098.44,1093.44,3.216,-3.216,-5.566,7.905,0.000
altai,sinyukha_east,analytic,10.0,12.0,300.0,10.0,1103.44,1093.44,3.015,-3.015,-6.575,9.366,-0.000
altai,sinyukha_east,analytic,10.0,12.0,300.0,30.0,1123.44,1093.44,1.796,1.796,-7.846,12.347,-0.000
altai,sinyukha_east,analytic,10.0,12.0,300.0,50.0,1143.44,1093.44,6.474,6.474,-7.755,14.134,0.000
altai,sinyukha_east,analytic,10.0,12.0,300.0,100.0,1193.44,1093.44,15.984,15.984,-5.458,17.214,0.000
altai,sinyukha_east,analytic,10.0,12.0,300.0,200.0,1293.44,1093.44,21.564,21.564,-2.834,21.561,-0.000
altai,sinyukha_east,analytic,10.0,12.0,300.0,300.0,1393.44,1093.44,25.124,25.124,-1.859,25.122,-0.000
altai,tugaya_south,analytic,0.0,12.0,-3000.0,1.0,297.27,296.27,0.000,0.000,0.000,0.000,0.000
altai,tugaya_south,analytic,0.0,12.0,-3000.0,1.5,297.77,296.27,0.000,0.000,0.000,0.000,0.000
altai,tugaya_south,analytic,0.0,12.0,-3000.0,2.0,298.27,296.27,0.000,0.000,0.000,0.000,0.000
altai,tugaya_south,analytic,0.0,12.0,-3000.0,3.0,299.27,296.27,0.000,0.000,0.000,0.000,0.000
altai,tugaya_south,analytic,0.0,12.0,-3000.0,5.0,301.27,296.27,0.000,0.000,0.000,0.000,0.000
altai,tugaya_south,analytic,0.0,12.0,-3000.0,10.0,306.27,296.27,0.000,0.000,0.000,0.000,0.000
altai,tugaya_south,analytic,0.0,12.0,-3000.0,30.0,326.27,296.27,0.000,0.000,0.000,0.000,0.000
altai,tugaya_south,analytic,0.0,12.0,-3000.0,50.0,346.27,296.27,0.000,0.000,0.000,0.000,0.000
altai,tugaya_south,analytic,0.0,12.0,-3000.0,100.0,396.27,296.27,0.000,0.000,0.000,0.000,0.000
altai,tugaya_south,analytic,0.0,12.0,-3000.0,200.0,496.27,296.27,0.000,0.000,0.000,0.000,0.000
altai,tugaya_south,analytic,0.0,12.0,-3000.0,300.0,596.27,296.27,0.000,0.000,0.000,0.000,0.000
altai,tugaya_south,analytic,0.0,12.0,-1000.0,1.0,400.59,399.59,0.000,0.000,0.000,0.000,0.000
altai,tugaya_south,analytic,0.0,12.0,-1000.0,1.5,401.09,399.59,0.000,0.000,0.000,0.000,0.000
altai,tugaya_south,analytic,0.0,12.0,-1000.0,2.0,401.59,399.59,0.000,0.000,0.000,0.000,0.000
altai,tugaya_south,analytic,0.0,12.0,-1000.0,3.0,402.59,399.59,0.000,0.000,0.000,0.000,0.000
altai,tugaya_south,analytic,0.0,12.0,-1000.0,5.0,404.59,399.59,0.000,0.000,0.000,0.000,0.000
altai,tugaya_south,analytic,0.0,12.0,-1000.0,10.0,409.59,399.59,0.000,0.000,0.000,0.000,0.000
altai,tugaya_south,analytic,0.0,12.0,-1000.0,30.0,429.59,399.59,0.000,0.000,0.000,0.000,0.000
altai,tugaya_south,analytic,0.0,12.0,-1000.0,50.0,449.59,399.59,0.000,0.000,0.000,0.000,0.000
altai,tugaya_south,analytic,0.0,12.0,-1000.0,100.0,499.59,399.59,0.000,0.000,0.000,0.000,0.000
altai,tugaya_south,analytic,0.0,12.0,-1000.0,200.0,599.59,399.59,0.000,0.000,0.000,0.000,0.000
altai,tugaya_south,analytic,0.0,12.0,-1000.0,300.0,699.59,399.59,0.000,0.000,0.000,0.000,0.000
altai,tugaya_south,analytic,0.0,12.0,-300.0,1.0,600.65,599.65,0.000,0.000,0.000,0.000,0.000
altai,tugaya_south,analytic,0.0,12.0,-300.0,1.5,601.15,599.65,0.000,0.000,0.000,0.000,0.000
altai,tugaya_south,analytic,0.0,12.0,-300.0,2.0,601.65,599.65,0.000,0.000,0.000,0.000,0.000
altai,tugaya_south,analytic,0.0,12.0,-300.0,3.0,602.65,599.65,0.000,0.000,0.000,0.000,0.000
altai,tugaya_south,analytic,0.0,12.0,-300.0,5.0,604.65,599.65,0.000,0.000,0.000,0.000,0.000
altai,tugaya_south,analytic,0.0,12.0,-300.0,10.0,609.65,599.65,0.000,0.000,0.000,0.000,0.000
altai,tugaya_south,analytic,0.0,12.0,-300.0,30.0,629.65,599.65,0.000,0.000,0.000,0.000,0.000
altai,tugaya_south,analytic,0.0,12.0,-300.0,50.0,649.65,599.65,0.000,0.000,0.000,0.000,0.000
altai,tugaya_south,analytic,0.0,12.0,-300.0,100.0,699.65,599.65,0.000,0.000,0.000,0.000,0.000
altai,tugaya_south,analytic,0.0,12.0,-300.0,200.0,799.65,599.65,0.000,0.000,0.000,0.000,0.000
altai,tugaya_south,analytic,0.0,12.0,-300.0,300.0,899.65,599.65,0.000,0.000,0.000,0.000,0.000
altai,tugaya_south,analytic,0.0,12.0,-150.0,1.0,606.52,605.52,0.000,0.000,0.000,0.000,0.000
altai,tugaya_south,analytic,0.0,12.0,-150.0,1.5,607.02,605.52,0.000,0.000,0.000,0.000,0.000
altai,tugaya_south,analytic,0.0,12.0,-150.0,2.0,607.52,605.52,0.000,0.000,0.000,0.000,0.000
altai,tugaya_south,analytic,0.0,12.0,-150.0,3.0,608.52,605.52,0.000,0.000,0.000,0.000,0.000
altai,tugaya_south,analytic,0.0,12.0,-150.0,5.0,610.52,605.52,0.000,0.000,0.000,0.000,0.000
altai,tugaya_south,analytic,0.0,12.0,-150.0,10.0,615.52,605.52,0.000,0.000,0.000,0.000,0.000
altai,tugaya_south,analytic,0.0,12.0,-150.0,30.0,635.52,605.52,0.000,0.000,0.000,0.000,0.000
altai,tugaya_south,analytic,0.0,12.0,-150.0,50.0,655.52,605.52,0.000,0.000,0.000,0.000,0.000
altai,tugaya_south,analytic,0.0,12.0,-150.0,100.0,705.52,605.52,0.000,0.000,0.000,0.000,0.000
altai,tugaya_south,analytic,0.0,12.0,-150.0,200.0,805.52,605.52,0.000,0.000,0.000,0.000,0.000
altai,tugaya_south,analytic,0.0,12.0,-150.0,300.0,905.52,605.52,0.000,0.000,0.000,0.000,0.000
altai,tugaya_south,analytic,0.0,12.0,-50.0,1.0,617.38,616.38,0.000,0.000,0.000,0.000,0.000
altai,tugaya_south,analytic,0.0,12.0,-50.0,1.5,617.88,616.38,0.000,0.000,0.000,0.000,0.000
altai,tugaya_south,analytic,0.0,12.0,-50.0,2.0,618.38,616.38,0.000,0.000,0.000,0.000,0.000
altai,tugaya_south,analytic,0.0,12.0,-50.0,3.0,619.38,616.38,0.000,0.000,0.000,0.000,0.000
altai,tugaya_south,analytic,0.0,12.0,-50.0,5.0,621.38,616.38,0.000,0.000,0.000,0.000,0.000
altai,tugaya_south,analytic,0.0,12.0,-50.0,10.0,626.38,616.38,0.000,0.000,0.000,0.000,0.000
altai,tugaya_south,analytic,0.0,12.0,-50.0,30.0,646.38,616.38,0.000,0.000,0.000,0.000,0.000
altai,tugaya_south,analytic,0.0,12.0,-50.0,50.0,666.38,616.38,0.000,0.000,0.000,0.000,0.000
altai,tugaya_south,analytic,0.0,12.0,-50.0,100.0,716.38,616.38,0.000,0.000,0.000,0.000,0.000
altai,tugaya_south,analytic,0.0,12.0,-50.0,200.0,816.38,616.38,0.000,0.000,0.000,0.000,0.000
altai,tugaya_south,analytic,0.0,12.0,-50.0,300.0,916.38,616.38,0.000,0.000,0.000,0.000,0.000
altai,tugaya_south,analytic,0.0,12.0,-30.0,1.0,622.78,621.78,0.000,0.000,0.000,0.000,0.000
altai,tugaya_south,analytic,0.0,12.0,-30.0,1.5,623.28,621.78,0.000,0.000,0.000,0.000,0.000
altai,tugaya_south,analytic,0.0,12.0,-30.0,2.0,623.78,621.78,0.000,0.000,0.000,0.000,0.000
altai,tugaya_south,analytic,0.0,12.0,-30.0,3.0,624.78,621.78,0.000,0.000,0.000,0.000,0.000
altai,tugaya_south,analytic,0.0,12.0,-30.0,5.0,626.78,621.78,0.000,0.000,0.000,0.000,0.000
altai,tugaya_south,analytic,0.0,12.0,-30.0,10.0,631.78,621.78,0.000,0.000,0.000,0.000,0.000
altai,tugaya_south,analytic,0.0,12.0,-30.0,30.0,651.78,621.78,0.000,0.000,0.000,0.000,0.000
altai,tugaya_south,analytic,0.0,12.0,-30.0,50.0,671.78,621.78,0.000,0.000,0.000,0.000,0.000
altai,tugaya_south,analytic,0.0,12.0,-30.0,100.0,721.78,621.78,0.000,0.000,0.000,0.000,0.000
altai,tugaya_south,analytic,0.0,12.0,-30.0,200.0,821.78,621.78,0.000,0.000,0.000,0.000,0.000
altai,tugaya_south,analytic,0.0,12.0,-30.0,300.0,921.78,621.78,0.000,0.000,0.000,0.000,0.000
altai,tugaya_south,analytic,0.0,12.0,-20.0,1.0,625.35,624.35,0.000,0.000,0.000,0.000,0.000
altai,tugaya_south,analytic,0.0,12.0,-20.0,1.5,625.85,624.35,0.000,0.000,0.000,0.000,0.000
altai,tugaya_south,analytic,0.0,12.0,-20.0,2.0,626.35,624.35,0.000,0.000,0.000,0.000,0.000
altai,tugaya_south,analytic,0.0,12.0,-20.0,3.0,627.35,624.35,0.000,0.000,0.000,0.000,0.000
altai,tugaya_south,analytic,0.0,12.0,-20.0,5.0,629.35,624.35,0.000,0.000,0.000,0.000,0.000
altai,tugaya_south,analytic,0.0,12.0,-20.0,10.0,634.35,624.35,0.000,0.000,0.000,0.000,0.000
altai,tugaya_south,analytic,0.0,12.0,-20.0,30.0,654.35,624.35,0.000,0.000,0.000,0.000,0.000
altai,tugaya_south,analytic,0.0,12.0,-20.0,50.0,674.35,624.35,0.000,0.000,0.000,0.000,0.000
altai,tugaya_south,analytic,0.0,12.0,-20.0,100.0,724.35,624.35,0.000,0.000,0.000,0.000,0.000
altai,tugaya_south,analytic,0.0,12.0,-20.0,200.0,824.35,624.35,0.000,0.000,0.000,0.000,0.000
altai,tugaya_south,analytic,0.0,12.0,-20.0,300.0,924.35,624.35,0.000,0.000,0.000,0.000,0.000
altai,tugaya_south,analytic,0.0,12.0,-10.0,1.0,628.04,627.04,0.000,0.000,0.000,0.000,0.000
altai,tugaya_south,analytic,0.0,12.0,-10.0,1.5,628.54,627.04,0.000,0.000,0.000,0.000,0.000
altai,tugaya_south,analytic,0.0,12.0,-10.0,2.0,629.04,627.04,0.000,0.000,0.000,0.000,0.000
altai,tugaya_south,analytic,0.0,12.0,-10.0,3.0,630.04,627.04,0.000,0.000,0.000,0.000,0.000
altai,tugaya_south,analytic,0.0,12.0,-10.0,5.0,632.04,627.04,0.000,0.000,0.000,0.000,0.000
altai,tugaya_south,analytic,0.0,12.0,-10.0,10.0,637.04,627.04,0.000,0.000,0.000,0.000,0.000
altai,tugaya_south,analytic,0.0,12.0,-10.0,30.0,657.04,627.04,0.000,0.000,0.000,0.000,0.000
altai,tugaya_south,analytic,0.0,12.0,-10.0,50.0,677.04,627.04,0.000,0.000,0.000,0.000,0.000
altai,tugaya_south,analytic,0.0,12.0,-10.0,100.0,727.04,627.04,0.000,0.000,0.000,0.000,0.000
altai,tugaya_south,analytic,0.0,12.0,-10.0,200.0,827.04,627.04,0.000,0.000,0.000,0.000,0.000
altai,tugaya_south,analytic,0.0,12.0,-10.0,300.0,927.04,627.04,0.000,0.000,0.000,0.000,0.000
altai,tugaya_south,analytic,0.0,12.0,0.0,1.0,630.89,629.89,0.000,0.000,0.000,0.000,0.000
altai,tugaya_south,analytic,0.0,12.0,0.0,1.5,631.39,629.89,0.000,0.000,0.000,0.000,0.000
altai,tugaya_south,analytic,0.0,12.0,0.0,2.0,631.89,629.89,0.000,0.000,0.000,0.000,0.000
altai,tugaya_south,analytic,0.0,12.0,0.0,3.0,632.89,629.89,0.000,0.000,0.000,0.000,0.000
altai,tugaya_south,analytic,0.0,12.0,0.0,5.0,634.89,629.89,0.000,0.000,0.000,0.000,0.000
altai,tugaya_south,analytic,0.0,12.0,0.0,10.0,639.89,629.89,0.000,0.000,0.000,0.000,0.000
altai,tugaya_south,analytic,0.0,12.0,0.0,30.0,659.89,629.89,0.000,0.000,0.000,0.000,0.000
altai,tugaya_south,analytic,0.0,12.0,0.0,50.0,679.89,629.89,0.000,0.000,0.000,0.000,0.000
altai,tugaya_south,analytic,0.0,12.0,0.0,100.0,729.89,629.89,0.000,0.000,0.000,0.000,0.000
altai,tugaya_south,analytic,0.0,12.0,0.0,200.0,829.89,629.89,0.000,0.000,0.000,0.000,0.000
altai,tugaya_south,analytic,0.0,12.0,0.0,300.0,929.89,629.89,0.000,0.000,0.000,0.000,0.000
altai,tugaya_south,analytic,0.0,12.0,100.0,1.0,623.03,622.03,0.000,0.000,0.000,0.000,0.000
altai,tugaya_south,analytic,0.0,12.0,100.0,1.5,623.53,622.03,0.000,0.000,0.000,0.000,0.000
altai,tugaya_south,analytic,0.0,12.0,100.0,2.0,624.03,622.03,0.000,0.000,0.000,0.000,0.000
altai,tugaya_south,analytic,0.0,12.0,100.0,3.0,625.03,622.03,0.000,0.000,0.000,0.000,0.000
altai,tugaya_south,analytic,0.0,12.0,100.0,5.0,627.03,622.03,0.000,0.000,0.000,0.000,0.000
altai,tugaya_south,analytic,0.0,12.0,100.0,10.0,632.03,622.03,0.000,0.000,0.000,0.000,0.000
altai,tugaya_south,analytic,0.0,12.0,100.0,30.0,652.03,622.03,0.000,0.000,0.000,0.000,0.000
altai,tugaya_south,analytic,0.0,12.0,100.0,50.0,672.03,622.03,0.000,0.000,0.000,0.000,0.000
altai,tugaya_south,analytic,0.0,12.0,100.0,100.0,722.03,622.03,0.000,0.000,0.000,0.000,0.000
altai,tugaya_south,analytic,0.0,12.0,100.0,200.0,822.03,622.03,0.000,0.000,0.000,0.000,0.000
altai,tugaya_south,analytic,0.0,12.0,100.0,300.0,922.03,622.03,0.000,0.000,0.000,0.000,0.000
altai,tugaya_south,analytic,0.0,12.0,300.0,1.0,586.99,585.99,0.000,0.000,0.000,0.000,0.000
altai,tugaya_south,analytic,0.0,12.0,300.0,1.5,587.49,585.99,0.000,0.000,0.000,0.000,0.000
altai,tugaya_south,analytic,0.0,12.0,300.0,2.0,587.99,585.99,0.000,0.000,0.000,0.000,0.000
altai,tugaya_south,analytic,0.0,12.0,300.0,3.0,588.99,585.99,0.000,0.000,0.000,0.000,0.000
altai,tugaya_south,analytic,0.0,12.0,300.0,5.0,590.99,585.99,0.000,0.000,0.000,0.000,0.000
altai,tugaya_south,analytic,0.0,12.0,300.0,10.0,595.99,585.99,0.000,0.000,0.000,0.000,0.000
altai,tugaya_south,analytic,0.0,12.0,300.0,30.0,615.99,585.99,0.000,0.000,0.000,0.000,0.000
altai,tugaya_south,analytic,0.0,12.0,300.0,50.0,635.99,585.99,0.000,0.000,0.000,0.000,0.000
altai,tugaya_south,analytic,0.0,12.0,300.0,100.0,685.99,585.99,0.000,0.000,0.000,0.000,0.000
altai,tugaya_south,analytic,0.0,12.0,300.0,200.0,785.99,585.99,0.000,0.000,0.000,0.000,0.000
altai,tugaya_south,analytic,0.0,12.0,300.0,300.0,885.99,585.99,0.000,0.000,0.000,0.000,0.000
altai,tugaya_south,analytic,3.0,12.0,-3000.0,1.0,297.27,296.27,1.796,1.796,-0.015,1.855,-0.000
altai,tugaya_south,analytic,3.0,12.0,-3000.0,1.5,297.77,296.27,1.879,1.879,-0.016,1.942,0.000
altai,tugaya_south,analytic,3.0,12.0,-3000.0,2.0,298.27,296.27,1.943,1.943,-0.016,2.007,-0.000
altai,tugaya_south,analytic,3.0,12.0,-3000.0,3.0,299.27,296.27,2.038,2.038,-0.016,2.102,-0.000
altai,tugaya_south,analytic,3.0,12.0,-3000.0,5.0,301.27,296.27,2.165,2.165,-0.015,2.229,0.000
altai,tugaya_south,analytic,3.0,12.0,-3000.0,10.0,306.27,296.27,2.358,2.358,-0.013,2.417,-0.000
altai,tugaya_south,analytic,3.0,12.0,-3000.0,30.0,326.27,296.27,2.743,2.743,0.001,2.775,-0.000
altai,tugaya_south,analytic,3.0,12.0,-3000.0,50.0,346.27,296.27,2.981,2.981,0.013,2.981,-0.000
altai,tugaya_south,analytic,3.0,12.0,-3000.0,100.0,396.27,296.27,3.338,3.338,0.023,3.338,0.000
altai,tugaya_south,analytic,3.0,12.0,-3000.0,200.0,496.27,296.27,3.860,3.860,0.012,3.860,-0.000
altai,tugaya_south,analytic,3.0,12.0,-3000.0,300.0,596.27,296.27,4.128,4.128,-0.028,4.128,0.000
altai,tugaya_south,analytic,3.0,12.0,-1000.0,1.0,400.59,399.59,1.999,1.999,0.495,1.999,-0.000
altai,tugaya_south,analytic,3.0,12.0,-1000.0,1.5,401.09,399.59,2.044,2.044,0.504,2.093,-0.000
altai,tugaya_south,analytic,3.0,12.0,-1000.0,2.0,401.59,399.59,2.125,2.125,0.521,2.162,0.000
altai,tugaya_south,analytic,3.0,12.0,-1000.0,3.0,402.59,399.59,2.239,2.239,0.544,2.264,0.000
altai,tugaya_south,analytic,3.0,12.0,-1000.0,5.0,404.59,399.59,2.385,2.385,0.569,2.401,0.000
altai,tugaya_south,analytic,3.0,12.0,-1000.0,10.0,409.59,399.59,2.595,2.595,0.592,2.603,0.000
altai,tugaya_south,analytic,3.0,12.0,-1000.0,30.0,429.59,399.59,2.982,2.982,0.575,2.985,0.000
altai,tugaya_south,analytic,3.0,12.0,-1000.0,50.0,449.59,399.59,3.202,3.202,0.644,3.204,0.000
altai,tugaya_south,analytic,3.0,12.0,-1000.0,100.0,499.59,399.59,3.578,3.578,0.875,3.579,-0.000
altai,tugaya_south,analytic,3.0,12.0,-1000.0,200.0,599.59,399.59,4.119,4.119,0.895,4.120,-0.000
altai,tugaya_south,analytic,3.0,12.0,-1000.0,300.0,699.59,399.59,4.390,4.390,0.718,4.390,-0.000
altai,tugaya_south,analytic,3.0,12.0,-300.0,1.0,600.65,599.65,2.297,2.297,0.252,2.277,-0.000
altai,tugaya_south,analytic,3.0,12.0,-300.0,1.5,601.15,599.65,2.398,2.398,0.263,2.384,0.000
altai,tugaya_south,analytic,3.0,12.0,-300.0,2.0,601.65,599.65,2.474,2.474,0.271,2.463,0.000
altai,tugaya_south,analytic,3.0,12.0,-300.0,3.0,602.65,599.65,2.586,2.586,0.284,2.579,-0.000
altai,tugaya_south,analytic,3.0,12.0,-300.0,5.0,604.65,599.65,2.739,2.739,0.301,2.734,0.000
altai,tugaya_south,analytic,3.0,12.0,-300.0,10.0,609.65,599.65,2.966,2.966,0.325,2.964,0.000
altai,tugaya_south,analytic,3.0,12.0,-300.0,30.0,629.65,599.65,3.393,3.393,0.313,3.392,-0.000
altai,tugaya_south,analytic,3.0,12.0,-300.0,50.0,649.65,599.65,3.636,3.636,0.220,3.635,-0.000
altai,tugaya_south,analytic,3.0,12.0,-300.0,100.0,699.65,599.65,4.045,4.045,-0.006,4.045,0.000
altai,tugaya_south,analytic,3.0,12.0,-300.0,200.0,799.65,599.65,4.624,4.624,0.082,4.623,-0.000
altai,tugaya_south,analytic,3.0,12.0,-300.0,300.0,899.65,599.65,4.895,4.895,0.270,4.895,-0.000
altai,tugaya_south,analytic,3.0,12.0,-150.0,1.0,606.52,605.52,2.312,2.312,0.059,2.286,-0.000
altai,tugaya_south,analytic,3.0,12.0,-150.0,1.5,607.02,605.52,2.409,2.409,0.062,2.392,0.000
altai,tugaya_south,analytic,3.0,12.0,-150.0,2.0,607.52,605.52,2.482,2.482,0.065,2.472,0.000
altai,tugaya_south,analytic,3.0,12.0,-150.0,3.0,608.52,605.52,2.593,2.593,0.071,2.588,-0.000
altai,tugaya_south,analytic,3.0,12.0,-150.0,5.0,610.52,605.52,2.744,2.744,0.081,2.744,0.000
altai,tugaya_south,analytic,3.0,12.0,-150.0,10.0,615.52,605.52,2.971,2.971,0.100,2.974,0.000
altai,tugaya_south,analytic,3.0,12.0,-150.0,30.0,635.52,605.52,3.402,3.402,0.154,3.404,0.000
altai,tugaya_south,analytic,3.0,12.0,-150.0,50.0,655.52,605.52,3.649,3.649,0.217,3.648,-0.000
altai,tugaya_south,analytic,3.0,12.0,-150.0,100.0,705.52,605.52,4.059,4.059,0.414,4.059,0.000
altai,tugaya_south,analytic,3.0,12.0,-150.0,200.0,805.52,605.52,4.639,4.639,0.308,4.638,-0.000
altai,tugaya_south,analytic,3.0,12.0,-150.0,300.0,905.52,605.52,4.910,4.910,-0.299,4.910,0.000
altai,tugaya_south,analytic,3.0,12.0,-50.0,1.0,617.38,616.38,2.301,2.301,0.441,2.301,-0.000
altai,tugaya_south,analytic,3.0,12.0,-50.0,1.5,617.88,616.38,2.392,2.392,0.459,2.408,0.000
altai,tugaya_south,analytic,3.0,12.0,-50.0,2.0,618.38,616.38,2.475,2.475,0.476,2.488,-0.000
altai,tugaya_south,analytic,3.0,12.0,-50.0,3.0,619.38,616.38,2.596,2.596,0.501,2.605,-0.000
altai,tugaya_south,analytic,3.0,12.0,-50.0,5.0,621.38,616.38,2.756,2.756,0.535,2.762,-0.000
altai,tugaya_south,analytic,3.0,12.0,-50.0,10.0,626.38,616.38,2.991,2.991,0.589,2.994,-0.000
altai,tugaya_south,analytic,3.0,12.0,-50.0,30.0,646.38,616.38,3.425,3.425,0.645,3.426,-0.000
altai,tugaya_south,analytic,3.0,12.0,-50.0,50.0,666.38,616.38,3.671,3.671,0.619,3.671,0.000
altai,tugaya_south,analytic,3.0,12.0,-50.0,100.0,716.38,616.38,4.084,4.084,0.085,4.084,-0.000
altai,tugaya_south,analytic,3.0,12.0,-50.0,200.0,816.38,616.38,4.665,4.665,-0.431,4.666,-0.000
altai,tugaya_south,analytic,3.0,12.0,-50.0,300.0,916.38,616.38,4.938,4.938,-0.256,4.938,0.000
altai,tugaya_south,analytic,3.0,12.0,-30.0,1.0,622.78,621.78,2.389,2.389,0.494,2.308,-0.000
altai,tugaya_south,analytic,3.0,12.0,-30.0,1.5,623.28,621.78,2.475,2.475,0.511,2.416,0.000
altai,tugaya_south,analytic,3.0,12.0,-30.0,2.0,623.78,621.78,2.543,2.543,0.524,2.496,0.000
altai,tugaya_south,analytic,3.0,12.0,-30.0,3.0,624.78,621.78,2.647,2.647,0.543,2.614,0.000
altai,tugaya_south,analytic,3.0,12.0,-30.0,5.0,626.78,621.78,2.792,2.792,0.568,2.771,0.000
altai,tugaya_south,analytic,3.0,12.0,-30.0,10.0,631.78,621.78,3.015,3.015,0.600,3.003,0.000
altai,tugaya_south,analytic,3.0,12.0,-30.0,30.0,651.78,621.78,3.442,3.442,0.603,3.437,0.000
altai,tugaya_south,analytic,3.0,12.0,-30.0,50.0,671.78,621.78,3.686,3.686,0.416,3.683,0.000
altai,tugaya_south,analytic,3.0,12.0,-30.0,100.0,721.78,621.78,4.098,4.098,-0.215,4.097,0.000
altai,tugaya_south,analytic,3.0,12.0,-30.0,200.0,821.78,621.78,4.680,4.680,-0.412,4.679,-0.000
altai,tugaya_south,analytic,3.0,12.0,-30.0,300.0,921.78,621.78,4.951,4.951,-0.223,4.951,-0.000
altai,tugaya_south,analytic,3.0,12.0,-20.0,1.0,625.35,624.35,2.376,2.376,0.484,2.312,0.000
altai,tugaya_south,analytic,3.0,12.0,-20.0,1.5,625.85,624.35,2.466,2.466,0.501,2.420,-0.000
altai,tugaya_south,analytic,3.0,12.0,-20.0,2.0,626.35,624.35,2.536,2.536,0.514,2.500,-0.000
altai,tugaya_south,analytic,3.0,12.0,-20.0,3.0,627.35,624.35,2.644,2.644,0.532,2.618,-0.000
altai,tugaya_south,analytic,3.0,12.0,-20.0,5.0,629.35,624.35,2.792,2.792,0.556,2.775,-0.000
altai,tugaya_south,analytic,3.0,12.0,-20.0,10.0,634.35,624.35,3.017,3.017,0.582,3.008,-0.000
altai,tugaya_south,analytic,3.0,12.0,-20.0,30.0,654.35,624.35,3.446,3.446,0.507,3.443,-0.000
altai,tugaya_south,analytic,3.0,12.0,-20.0,50.0,674.35,624.35,3.691,3.691,0.255,3.688,-0.000
altai,tugaya_south,analytic,3.0,12.0,-20.0,100.0,724.35,624.35,4.104,4.104,-0.355,4.103,0.000
altai,tugaya_south,analytic,3.0,12.0,-20.0,200.0,824.35,624.35,4.686,4.686,-0.396,4.686,0.000
altai,tugaya_south,analytic,3.0,12.0,-20.0,300.0,924.35,624.35,4.958,4.958,-0.202,4.958,-0.000
altai,tugaya_south,analytic,3.0,12.0,-10.0,1.0,628.04,627.04,2.343,2.343,0.459,2.315,-0.000
altai,tugaya_south,analytic,3.0,12.0,-10.0,1.5,628.54,627.04,2.443,2.443,0.477,2.424,0.000
altai,tugaya_south,analytic,3.0,12.0,-10.0,2.0,629.04,627.04,2.519,2.519,0.490,2.504,0.000
altai,tugaya_south,analytic,3.0,12.0,-10.0,3.0,630.04,627.04,2.633,2.633,0.508,2.622,0.000
altai,tugaya_south,analytic,3.0,12.0,-10.0,5.0,632.04,627.04,2.786,2.786,0.530,2.779,0.000
altai,tugaya_south,analytic,3.0,12.0,-10.0,10.0,637.04,627.04,3.017,3.017,0.540,3.013,-0.000
altai,tugaya_south,analytic,3.0,12.0,-10.0,30.0,657.04,627.04,3.450,3.450,0.354,3.448,-0.000
altai,tugaya_south,analytic,3.0,12.0,-10.0,50.0,677.04,627.04,3.695,3.695,0.087,3.694,-0.000
altai,tugaya_south,analytic,3.0,12.0,-10.0,100.0,727.04,627.04,4.109,4.109,-0.425,4.109,0.000
altai,tugaya_south,analytic,3.0,12.0,-10.0,200.0,827.04,627.04,4.693,4.693,-0.383,4.692,-0.000
altai,tugaya_south,analytic,3.0,12.0,-10.0,300.0,927.04,627.04,4.965,4.965,-0.180,4.965,-0.000
altai,tugaya_south,analytic,3.0,12.0,0.0,1.0,630.89,629.89,2.392,2.392,0.421,2.319,0.000
altai,tugaya_south,analytic,3.0,12.0,0.0,1.5,631.39,629.89,2.481,2.481,0.431,2.428,0.000
altai,tugaya_south,analytic,3.0,12.0,0.0,2.0,631.89,629.89,2.550,2.550,0.438,2.508,0.000
altai,tugaya_south,analytic,3.0,12.0,0.0,3.0,632.89,629.89,2.656,2.656,0.444,2.626,0.000
altai,tugaya_south,analytic,3.0,12.0,0.0,5.0,634.89,629.89,2.804,2.804,0.445,2.784,0.000
altai,tugaya_south,analytic,3.0,12.0,0.0,10.0,639.89,629.89,3.029,3.029,0.417,3.018,0.000
altai,tugaya_south,analytic,3.0,12.0,0.0,30.0,659.89,629.89,3.458,3.458,0.186,3.454,0.000
altai,tugaya_south,analytic,3.0,12.0,0.0,50.0,679.89,629.89,3.703,3.703,-0.074,3.700,0.000
altai,tugaya_south,analytic,3.0,12.0,0.0,100.0,729.89,629.89,4.117,4.117,-0.470,4.116,0.000
altai,tugaya_south,analytic,3.0,12.0,0.0,200.0,829.89,629.89,4.700,4.700,-0.371,4.700,0.000
altai,tugaya_south,analytic,3.0,12.0,0.0,300.0,929.89,629.89,4.972,4.972,-0.154,4.972,0.000
altai,tugaya_south,analytic,3.0,12.0,100.0,1.0,623.03,622.03,2.252,2.252,-0.524,2.309,-0.000
altai,tugaya_south,analytic,3.0,12.0,100.0,1.5,623.53,622.03,2.327,2.327,-0.539,2.416,0.000
altai,tugaya_south,analytic,3.0,12.0,100.0,2.0,624.03,622.03,2.389,2.389,-0.551,2.496,0.000
altai,tugaya_south,analytic,3.0,12.0,100.0,3.0,625.03,622.03,2.488,2.488,-0.570,2.614,0.000
altai,tugaya_south,analytic,3.0,12.0,100.0,5.0,627.03,622.03,2.633,2.633,-0.595,2.771,-0.000
altai,tugaya_south,analytic,3.0,12.0,100.0,10.0,632.03,622.03,2.865,2.865,-0.629,3.004,0.000
altai,tugaya_south,analytic,3.0,12.0,100.0,30.0,652.03,622.03,3.344,3.344,-0.645,3.438,0.000
altai,tugaya_south,analytic,3.0,12.0,100.0,50.0,672.03,622.03,3.659,3.659,-0.585,3.683,-0.000
altai,tugaya_south,analytic,3.0,12.0,100.0,100.0,722.03,622.03,4.100,4.100,-0.482,4.097,-0.000
altai,tugaya_south,analytic,3.0,12.0,100.0,200.0,822.03,622.03,4.681,4.681,-0.148,4.680,-0.000
altai,tugaya_south,analytic,3.0,12.0,100.0,300.0,922.03,622.03,4.952,4.952,-0.117,4.952,0.000
altai,tugaya_south,analytic,3.0,12.0,300.0,1.0,586.99,585.99,1.613,1.613,-0.377,2.258,0.000
altai,tugaya_south,analytic,3.0,12.0,300.0,1.5,587.49,585.99,1.694,1.694,-0.391,2.364,0.000
altai,tugaya_south,analytic,3.0,12.0,300.0,2.0,587.99,585.99,1.759,1.759,-0.401,2.442,0.000
altai,tugaya_south,analytic,3.0,12.0,300.0,3.0,588.99,585.99,1.862,1.862,-0.415,2.557,-0.000
altai,tugaya_south,analytic,3.0,12.0,300.0,5.0,590.99,585.99,2.018,2.018,-0.429,2.711,0.000
altai,tugaya_south,analytic,3.0,12.0,300.0,10.0,595.99,585.99,2.298,2.298,-0.440,2.939,-0.000
altai,tugaya_south,analytic,3.0,12.0,300.0,30.0,615.99,585.99,3.022,3.022,-0.429,3.365,0.000
altai,tugaya_south,analytic,3.0,12.0,300.0,50.0,635.99,585.99,3.576,3.576,-0.287,3.606,-0.000
altai,tugaya_south,analytic,3.0,12.0,300.0,100.0,685.99,585.99,4.014,4.014,0.059,4.013,0.000
altai,tugaya_south,analytic,3.0,12.0,300.0,200.0,785.99,585.99,4.589,4.589,0.501,4.589,-0.000
altai,tugaya_south,analytic,3.0,12.0,300.0,300.0,885.99,585.99,4.861,4.861,0.270,4.861,0.000
altai,tugaya_south,analytic,6.0,12.0,-3000.0,1.0,297.27,296.27,2.594,2.594,-0.082,2.764,-0.000
altai,tugaya_south,analytic,6.0,12.0,-3000.0,1.5,297.77,296.27,2.870,2.870,-0.089,3.047,-0.000
altai,tugaya_south,analytic,6.0,12.0,-3000.0,2.0,298.27,296.27,3.095,3.095,-0.094,3.266,-0.000
altai,tugaya_south,analytic,6.0,12.0,-3000.0,3.0,299.27,296.27,3.443,3.443,-0.101,3.603,0.000
altai,tugaya_south,analytic,6.0,12.0,-3000.0,5.0,301.27,296.27,3.937,3.937,-0.108,4.079,0.000
altai,tugaya_south,analytic,6.0,12.0,-3000.0,10.0,306.27,296.27,4.711,4.711,-0.108,4.835,-0.000
altai,tugaya_south,analytic,6.0,12.0,-3000.0,30.0,326.27,296.27,6.314,6.314,-0.049,6.387,0.000
altai,tugaya_south,analytic,6.0,12.0,-3000.0,50.0,346.27,296.27,7.326,7.326,0.032,7.326,0.000
altai,tugaya_south,analytic,6.0,12.0,-3000.0,100.0,396.27,296.27,8.965,8.965,0.063,8.965,-0.000
altai,tugaya_south,analytic,6.0,12.0,-3000.0,200.0,496.27,296.27,11.327,11.327,0.036,11.327,0.000
altai,tugaya_south,analytic,6.0,12.0,-3000.0,300.0,596.27,296.27,13.299,13.299,-0.091,13.299,-0.000
altai,tugaya_south,analytic,6.0,12.0,-1000.0,1.0,400.59,399.59,2.978,2.978,0.737,2.978,0.000
altai,tugaya_south,analytic,6.0,12.0,-1000.0,1.5,401.09,399.59,3.121,3.121,0.769,3.283,-0.000
altai,tugaya_south,analytic,6.0,12.0,-1000.0,2.0,401.59,399.59,3.391,3.391,0.832,3.519,-0.000
altai,tugaya_south,analytic,6.0,12.0,-1000.0,3.0,402.59,399.59,3.789,3.789,0.921,3.881,0.000
altai,tugaya_south,analytic,6.0,12.0,-1000.0,5.0,404.59,399.59,4.332,4.332,1.034,4.394,0.000
altai,tugaya_south,analytic,6.0,12.0,-1000.0,10.0,409.59,399.59,5.171,5.171,1.180,5.207,0.000
altai,tugaya_south,analytic,6.0,12.0,-1000.0,30.0,429.59,399.59,6.856,6.856,1.321,6.872,-0.000
altai,tugaya_south,analytic,6.0,12.0,-1000.0,50.0,449.59,399.59,7.863,7.863,1.582,7.874,-0.000
altai,tugaya_south,analytic,6.0,12.0,-1000.0,100.0,499.59,399.59,9.605,9.605,2.348,9.612,0.000
altai,tugaya_south,analytic,6.0,12.0,-1000.0,200.0,599.59,399.59,12.086,12.086,2.626,12.090,0.000
altai,tugaya_south,analytic,6.0,12.0,-1000.0,300.0,699.59,399.59,14.137,14.137,2.312,14.140,-0.000
altai,tugaya_south,analytic,6.0,12.0,-300.0,1.0,600.65,599.65,3.456,3.456,0.379,3.392,0.000
altai,tugaya_south,analytic,6.0,12.0,-300.0,1.5,601.15,599.65,3.787,3.787,0.415,3.740,0.000
altai,tugaya_south,analytic,6.0,12.0,-300.0,2.0,601.65,599.65,4.047,4.047,0.444,4.008,-0.000
altai,tugaya_south,analytic,6.0,12.0,-300.0,3.0,602.65,599.65,4.449,4.449,0.488,4.421,0.000
altai,tugaya_south,analytic,6.0,12.0,-300.0,5.0,604.65,599.65,5.023,5.023,0.551,5.004,0.000
altai,tugaya_south,analytic,6.0,12.0,-300.0,10.0,609.65,599.65,5.939,5.939,0.650,5.927,-0.000
altai,tugaya_south,analytic,6.0,12.0,-300.0,30.0,629.65,599.65,7.814,7.814,0.721,7.809,0.000
altai,tugaya_south,analytic,6.0,12.0,-300.0,50.0,649.65,599.65,8.937,8.937,0.541,8.934,0.000
altai,tugaya_south,analytic,6.0,12.0,-300.0,100.0,699.65,599.65,10.865,10.865,-0.015,10.863,0.000
altai,tugaya_south,analytic,6.0,12.0,-300.0,200.0,799.65,599.65,13.570,13.570,0.239,13.568,-0.000
altai,tugaya_south,analytic,6.0,12.0,-300.0,300.0,899.65,599.65,15.770,15.770,0.870,15.769,-0.000
altai,tugaya_south,analytic,6.0,12.0,-150.0,1.0,606.52,605.52,3.498,3.498,0.082,3.404,-0.000
altai,tugaya_south,analytic,6.0,12.0,-150.0,1.5,607.02,605.52,3.820,3.820,0.092,3.753,0.000
altai,tugaya_south,analytic,6.0,12.0,-150.0,2.0,607.52,605.52,4.075,4.075,0.100,4.023,0.000
altai,tugaya_south,analytic,6.0,12.0,-150.0,3.0,608.52,605.52,4.472,4.472,0.115,4.437,0.000
altai,tugaya_south,analytic,6.0,12.0,-150.0,5.0,610.52,605.52,5.040,5.040,0.141,5.021,0.000
altai,tugaya_south,analytic,6.0,12.0,-150.0,10.0,615.52,605.52,5.953,5.953,0.191,5.948,0.000
altai,tugaya_south,analytic,6.0,12.0,-150.0,30.0,635.52,605.52,7.836,7.836,0.351,7.837,0.000
altai,tugaya_south,analytic,6.0,12.0,-150.0,50.0,655.52,605.52,8.971,8.971,0.532,8.965,0.000
altai,tugaya_south,analytic,6.0,12.0,-150.0,100.0,705.52,605.52,10.904,10.904,1.111,10.900,0.000
altai,tugaya_south,analytic,6.0,12.0,-150.0,200.0,805.52,605.52,13.614,13.614,0.905,13.612,0.000
altai,tugaya_south,analytic,6.0,12.0,-150.0,300.0,905.52,605.52,15.819,15.819,-0.964,15.817,-0.000
altai,tugaya_south,analytic,6.0,12.0,-50.0,1.0,617.38,616.38,3.427,3.427,0.657,3.427,-0.000
altai,tugaya_south,analytic,6.0,12.0,-50.0,1.5,617.88,616.38,3.724,3.724,0.715,3.778,0.000
altai,tugaya_south,analytic,6.0,12.0,-50.0,2.0,618.38,616.38,4.006,4.006,0.770,4.049,0.000
altai,tugaya_south,analytic,6.0,12.0,-50.0,3.0,619.38,616.38,4.434,4.434,0.856,4.466,-0.000
altai,tugaya_south,analytic,6.0,12.0,-50.0,5.0,621.38,616.38,5.033,5.033,0.977,5.055,0.000
altai,tugaya_south,analytic,6.0,12.0,-50.0,10.0,626.38,616.38,5.975,5.975,1.176,5.987,-0.000
altai,tugaya_south,analytic,6.0,12.0,-50.0,30.0,646.38,616.38,7.882,7.882,1.484,7.887,-0.000
altai,tugaya_south,analytic,6.0,12.0,-50.0,50.0,666.38,616.38,9.018,9.018,1.521,9.022,-0.000
altai,tugaya_south,analytic,6.0,12.0,-50.0,100.0,716.38,616.38,10.966,10.966,0.228,10.968,0.000
altai,tugaya_south,analytic,6.0,12.0,-50.0,200.0,816.38,616.38,13.690,13.690,-1.266,13.692,-0.000
altai,tugaya_south,analytic,6.0,12.0,-50.0,300.0,916.38,616.38,15.904,15.904,-0.826,15.906,0.000
altai,tugaya_south,analytic,6.0,12.0,-30.0,1.0,622.78,621.78,3.700,3.700,0.765,3.438,-0.000
altai,tugaya_south,analytic,6.0,12.0,-30.0,1.5,623.28,621.78,3.991,3.991,0.823,3.790,-0.000
altai,tugaya_south,analytic,6.0,12.0,-30.0,2.0,623.78,621.78,4.227,4.227,0.870,4.063,0.000
altai,tugaya_south,analytic,6.0,12.0,-30.0,3.0,624.78,621.78,4.604,4.604,0.945,4.481,-0.000
altai,tugaya_south,analytic,6.0,12.0,-30.0,5.0,626.78,621.78,5.156,5.156,1.050,5.071,0.000
altai,tugaya_south,analytic,6.0,12.0,-30.0,10.0,631.78,621.78,6.058,6.058,1.206,6.007,0.000
altai,tugaya_south,analytic,6.0,12.0,-30.0,30.0,651.78,621.78,7.935,7.935,1.391,7.913,-0.000
altai,tugaya_south,analytic,6.0,12.0,-30.0,50.0,671.78,621.78,9.066,9.066,1.022,9.051,-0.000
altai,tugaya_south,analytic,6.0,12.0,-30.0,100.0,721.78,621.78,11.011,11.011,-0.578,11.002,0.000
altai,tugaya_south,analytic,6.0,12.0,-30.0,200.0,821.78,621.78,13.738,13.738,-1.208,13.732,0.000
altai,tugaya_south,analytic,6.0,12.0,-30.0,300.0,921.78,621.78,15.954,15.954,-0.717,15.950,-0.000
altai,tugaya_south,analytic,6.0,12.0,-20.0,1.0,625.35,624.35,3.652,3.652,0.743,3.443,0.000
altai,tugaya_south,analytic,6.0,12.0,-20.0,1.5,625.85,624.35,3.954,3.954,0.803,3.796,-0.000
altai,tugaya_south,analytic,6.0,12.0,-20.0,2.0,626.35,624.35,4.198,4.198,0.850,4.069,-0.000
altai,tugaya_south,analytic,6.0,12.0,-20.0,3.0,627.35,624.35,4.584,4.584,0.923,4.487,0.000
altai,tugaya_south,analytic,6.0,12.0,-20.0,5.0,629.35,624.35,5.145,5.145,1.024,5.079,-0.000
altai,tugaya_south,analytic,6.0,12.0,-20.0,10.0,634.35,624.35,6.056,6.056,1.168,6.016,-0.000
altai,tugaya_south,analytic,6.0,12.0,-20.0,30.0,654.35,624.35,7.942,7.942,1.168,7.925,-0.000
altai,tugaya_south,analytic,6.0,12.0,-20.0,50.0,674.35,624.35,9.076,9.076,0.627,9.064,-0.000
altai,tugaya_south,analytic,6.0,12.0,-20.0,100.0,724.35,624.35,11.025,11.025,-0.954,11.018,0.000
altai,tugaya_south,analytic,6.0,12.0,-20.0,200.0,824.35,624.35,13.755,13.755,-1.164,13.751,-0.000
altai,tugaya_south,analytic,6.0,12.0,-20.0,300.0,924.35,624.35,15.974,15.974,-0.650,15.970,0.000
altai,tugaya_south,analytic,6.0,12.0,-10.0,1.0,628.04,627.04,3.538,3.538,0.693,3.449,-0.000
altai,tugaya_south,analytic,6.0,12.0,-10.0,1.5,628.54,627.04,3.869,3.869,0.755,3.802,-0.000
altai,tugaya_south,analytic,6.0,12.0,-10.0,2.0,629.04,627.04,4.129,4.129,0.803,4.075,0.000
altai,tugaya_south,analytic,6.0,12.0,-10.0,3.0,630.04,627.04,4.534,4.534,0.875,4.495,-0.000
altai,tugaya_south,analytic,6.0,12.0,-10.0,5.0,632.04,627.04,5.114,5.114,0.972,5.087,0.000
altai,tugaya_south,analytic,6.0,12.0,-10.0,10.0,637.04,627.04,6.042,6.042,1.082,6.026,0.000
altai,tugaya_south,analytic,6.0,12.0,-10.0,30.0,657.04,627.04,7.944,7.944,0.815,7.937,-0.000
altai,tugaya_south,analytic,6.0,12.0,-10.0,50.0,677.04,627.04,9.083,9.083,0.215,9.079,0.000
altai,tugaya_south,analytic,6.0,12.0,-10.0,100.0,727.04,627.04,11.038,11.038,-1.141,11.035,-0.000
altai,tugaya_south,analytic,6.0,12.0,-10.0,200.0,827.04,627.04,13.772,13.772,-1.125,13.771,-0.000
altai,tugaya_south,analytic,6.0,12.0,-10.0,300.0,927.04,627.04,15.994,15.994,-0.579,15.992,-0.000
altai,tugaya_south,analytic,6.0,12.0,0.0,1.0,630.89,629.89,3.691,3.691,0.649,3.455,0.000
altai,tugaya_south,analytic,6.0,12.0,0.0,1.5,631.39,629.89,3.989,3.989,0.693,3.809,0.000
altai,tugaya_south,analytic,6.0,12.0,0.0,2.0,631.89,629.89,4.230,4.230,0.726,4.082,-0.000
altai,tugaya_south,analytic,6.0,12.0,0.0,3.0,632.89,629.89,4.613,4.613,0.772,4.502,0.000
altai,tugaya_south,analytic,6.0,12.0,0.0,5.0,634.89,629.89,5.172,5.172,0.821,5.096,-0.000
altai,tugaya_south,analytic,6.0,12.0,0.0,10.0,639.89,629.89,6.082,6.082,0.837,6.036,-0.000
altai,tugaya_south,analytic,6.0,12.0,0.0,30.0,659.89,629.89,7.971,7.971,0.429,7.951,0.000
altai,tugaya_south,analytic,6.0,12.0,0.0,50.0,679.89,629.89,9.108,9.108,-0.181,9.094,0.000
altai,tugaya_south,analytic,6.0,12.0,0.0,100.0,729.89,629.89,11.061,11.061,-1.262,11.052,0.000
altai,tugaya_south,analytic,6.0,12.0,0.0,200.0,829.89,629.89,13.797,13.797,-1.088,13.792,-0.000
altai,tugaya_south,analytic,6.0,12.0,0.0,300.0,929.89,629.89,16.020,16.020,-0.498,16.016,-0.000
altai,tugaya_south,analytic,6.0,12.0,100.0,1.0,623.03,622.03,3.393,3.393,-0.964,3.438,-0.000
altai,tugaya_south,analytic,6.0,12.0,100.0,1.5,623.53,622.03,3.650,3.650,-1.025,3.791,-0.000
altai,tugaya_south,analytic,6.0,12.0,100.0,2.0,624.03,622.03,3.871,3.871,-1.075,4.063,0.000
altai,tugaya_south,analytic,6.0,12.0,100.0,3.0,625.03,622.03,4.239,4.239,-1.156,4.481,-0.000
altai,tugaya_south,analytic,6.0,12.0,100.0,5.0,627.03,622.03,4.804,4.804,-1.271,5.072,0.000
altai,tugaya_south,analytic,6.0,12.0,100.0,10.0,632.03,622.03,5.745,5.745,-1.441,6.008,0.000
altai,tugaya_south,analytic,6.0,12.0,100.0,30.0,652.03,622.03,7.718,7.718,-1.616,7.914,-0.000
altai,tugaya_south,analytic,6.0,12.0,100.0,50.0,672.03,622.03,9.007,9.007,-1.478,9.052,-0.000
altai,tugaya_south,analytic,6.0,12.0,100.0,100.0,722.03,622.03,11.020,11.020,-1.296,11.003,0.000
altai,tugaya_south,analytic,6.0,12.0,100.0,200.0,822.03,622.03,13.744,13.744,-0.433,13.734,0.000
altai,tugaya_south,analytic,6.0,12.0,100.0,300.0,922.03,622.03,15.960,15.960,-0.376,15.952,0.000
altai,tugaya_south,analytic,6.0,12.0,300.0,1.0,586.99,585.99,1.597,1.597,-1.013,3.364,-0.000
altai,tugaya_south,analytic,6.0,12.0,300.0,1.5,587.49,585.99,1.801,1.801,-1.100,3.709,-0.000
altai,tugaya_south,analytic,6.0,12.0,300.0,2.0,587.99,585.99,1.978,1.978,-1.166,3.975,0.000
altai,tugaya_south,analytic,6.0,12.0,300.0,3.0,588.99,585.99,2.288,2.288,-1.261,4.384,0.000
altai,tugaya_south,analytic,6.0,12.0,300.0,5.0,590.99,585.99,2.819,2.819,-1.379,4.962,-0.000
altai,tugaya_south,analytic,6.0,12.0,300.0,10.0,595.99,585.99,3.905,3.905,-1.502,5.878,0.000
altai,tugaya_south,analytic,6.0,12.0,300.0,30.0,615.99,585.99,6.811,6.811,-1.672,7.745,-0.000
altai,tugaya_south,analytic,6.0,12.0,300.0,50.0,635.99,585.99,8.785,8.785,-0.785,8.861,0.000
altai,tugaya_south,analytic,6.0,12.0,300.0,100.0,685.99,585.99,10.780,10.780,0.157,10.778,-0.000
altai,tugaya_south,analytic,6.0,12.0,300.0,200.0,785.99,585.99,13.469,13.469,1.469,13.467,-0.000
altai,tugaya_south,analytic,6.0,12.0,300.0,300.0,885.99,585.99,15.659,15.659,0.870,15.658,-0.000
altai,tugaya_south,analytic,10.0,12.0,-3000.0,1.0,297.27,296.27,4.321,4.321,-0.138,4.606,0.000
altai,tugaya_south,analytic,10.0,12.0,-3000.0,1.5,297.77,296.27,4.782,4.782,-0.150,5.079,-0.000
altai,tugaya_south,analytic,10.0,12.0,-3000.0,2.0,298.27,296.27,5.157,5.157,-0.158,5.444,-0.000
altai,tugaya_south,analytic,10.0,12.0,-3000.0,3.0,299.27,296.27,5.738,5.738,-0.170,6.005,0.000
altai,tugaya_south,analytic,10.0,12.0,-3000.0,5.0,301.27,296.27,6.561,6.561,-0.181,6.798,-0.000
altai,tugaya_south,analytic,10.0,12.0,-3000.0,10.0,306.27,296.27,7.851,7.851,-0.182,8.058,-0.000
altai,tugaya_south,analytic,10.0,12.0,-3000.0,30.0,326.27,296.27,10.524,10.524,-0.081,10.646,-0.000
altai,tugaya_south,analytic,10.0,12.0,-3000.0,50.0,346.27,296.27,12.210,12.210,0.053,12.211,0.000
altai,tugaya_south,analytic,10.0,12.0,-3000.0,100.0,396.27,296.27,14.941,14.941,0.104,14.942,0.000
altai,tugaya_south,analytic,10.0,12.0,-3000.0,200.0,496.27,296.27,18.878,18.878,0.059,18.878,-0.000
altai,tugaya_south,analytic,10.0,12.0,-3000.0,300.0,596.27,296.27,22.164,22.164,-0.152,22.165,-0.000
altai,tugaya_south,analytic,10.0,12.0,-1000.0,1.0,400.59,399.59,4.963,4.963,1.229,4.963,-0.000
altai,tugaya_south,analytic,10.0,12.0,-1000.0,1.5,401.09,399.59,5.201,5.201,1.282,5.472,-0.000
altai,tugaya_south,analytic,10.0,12.0,-1000.0,2.0,401.59,399.59,5.652,5.652,1.386,5.865,-0.000
altai,tugaya_south,analytic,10.0,12.0,-1000.0,3.0,402.59,399.59,6.315,6.315,1.535,6.469,0.000
altai,tugaya_south,analytic,10.0,12.0,-1000.0,5.0,404.59,399.59,7.220,7.220,1.723,7.323,0.000
altai,tugaya_south,analytic,10.0,12.0,-1000.0,10.0,409.59,399.59,8.618,8.618,1.967,8.678,0.000
altai,tugaya_south,analytic,10.0,12.0,-1000.0,30.0,429.59,399.59,11.426,11.426,2.202,11.453,-0.000
altai,tugaya_south,analytic,10.0,12.0,-1000.0,50.0,449.59,399.59,13.105,13.105,2.636,13.123,0.000
altai,tugaya_south,analytic,10.0,12.0,-1000.0,100.0,499.59,399.59,16.008,16.008,3.913,16.019,-0.000
altai,tugaya_south,analytic,10.0,12.0,-1000.0,200.0,599.59,399.59,20.143,20.143,4.376,20.150,-0.000
altai,tugaya_south,analytic,10.0,12.0,-1000.0,300.0,699.59,399.59,23.562,23.562,3.854,23.567,0.000
altai,tugaya_south,analytic,10.0,12.0,-300.0,1.0,600.65,599.65,5.760,5.760,0.631,5.653,0.000
altai,tugaya_south,analytic,10.0,12.0,-300.0,1.5,601.15,599.65,6.312,6.312,0.692,6.233,-0.000
altai,tugaya_south,analytic,10.0,12.0,-300.0,2.0,601.65,599.65,6.745,6.745,0.740,6.681,0.000
altai,tugaya_south,analytic,10.0,12.0,-300.0,3.0,602.65,599.65,7.415,7.415,0.814,7.368,-0.000
altai,tugaya_south,analytic,10.0,12.0,-300.0,5.0,604.65,599.65,8.372,8.372,0.919,8.339,0.000
altai,tugaya_south,analytic,10.0,12.0,-300.0,10.0,609.65,599.65,9.898,9.898,1.083,9.879,0.000
altai,tugaya_south,analytic,10.0,12.0,-300.0,30.0,629.65,599.65,13.024,13.024,1.202,13.015,-0.000
altai,tugaya_south,analytic,10.0,12.0,-300.0,50.0,649.65,599.65,14.895,14.895,0.902,14.889,0.000
altai,tugaya_south,analytic,10.0,12.0,-300.0,100.0,699.65,599.65,18.109,18.109,-0.025,18.105,-0.000
altai,tugaya_south,analytic,10.0,12.0,-300.0,200.0,799.65,599.65,22.616,22.616,0.399,22.614,0.000
altai,tugaya_south,analytic,10.0,12.0,-300.0,300.0,899.65,599.65,26.284,26.284,1.449,26.282,-0.000
altai,tugaya_south,analytic,10.0,12.0,-150.0,1.0,606.52,605.52,5.830,5.830,0.137,5.674,0.000
altai,tugaya_south,analytic,10.0,12.0,-150.0,1.5,607.02,605.52,6.367,6.367,0.153,6.255,-0.000
altai,tugaya_south,analytic,10.0,12.0,-150.0,2.0,607.52,605.52,6.791,6.791,0.167,6.705,-0.000
altai,tugaya_south,analytic,10.0,12.0,-150.0,3.0,608.52,605.52,7.453,7.453,0.192,7.394,-0.000
altai,tugaya_south,analytic,10.0,12.0,-150.0,5.0,610.52,605.52,8.401,8.401,0.235,8.369,-0.000
altai,tugaya_south,analytic,10.0,12.0,-150.0,10.0,615.52,605.52,9.922,9.922,0.318,9.914,0.000
altai,tugaya_south,analytic,10.0,12.0,-150.0,30.0,635.52,605.52,13.060,13.060,0.584,13.061,0.000
altai,tugaya_south,analytic,10.0,12.0,-150.0,50.0,655.52,605.52,14.951,14.951,0.887,14.941,-0.000
altai,tugaya_south,analytic,10.0,12.0,-150.0,100.0,705.52,605.52,18.173,18.173,1.852,18.167,-0.000
altai,tugaya_south,analytic,10.0,12.0,-150.0,200.0,805.52,605.52,22.690,22.690,1.508,22.686,0.000
altai,tugaya_south,analytic,10.0,12.0,-150.0,300.0,905.52,605.52,26.365,26.365,-1.607,26.362,-0.000
altai,tugaya_south,analytic,10.0,12.0,-50.0,1.0,617.38,616.38,5.711,5.711,1.094,5.711,0.000
altai,tugaya_south,analytic,10.0,12.0,-50.0,1.5,617.88,616.38,6.206,6.206,1.191,6.297,-0.000
altai,tugaya_south,analytic,10.0,12.0,-50.0,2.0,618.38,616.38,6.677,6.677,1.284,6.749,0.000
altai,tugaya_south,analytic,10.0,12.0,-50.0,3.0,619.38,616.38,7.390,7.390,1.426,7.443,0.000
altai,tugaya_south,analytic,10.0,12.0,-50.0,5.0,621.38,616.38,8.388,8.388,1.629,8.424,-0.000
altai,tugaya_south,analytic,10.0,12.0,-50.0,10.0,626.38,616.38,9.958,9.958,1.960,9.979,-0.000
altai,tugaya_south,analytic,10.0,12.0,-50.0,30.0,646.38,616.38,13.136,13.136,2.473,13.146,0.000
altai,tugaya_south,analytic,10.0,12.0,-50.0,50.0,666.38,616.38,15.031,15.031,2.536,15.037,-0.000
altai,tugaya_south,analytic,10.0,12.0,-50.0,100.0,716.38,616.38,18.276,18.276,0.380,18.280,0.000
altai,tugaya_south,analytic,10.0,12.0,-50.0,200.0,816.38,616.38,22.817,22.817,-2.110,22.820,-0.000
altai,tugaya_south,analytic,10.0,12.0,-50.0,300.0,916.38,616.38,26.507,26.507,-1.376,26.509,-0.000
altai,tugaya_south,analytic,10.0,12.0,-30.0,1.0,622.78,621.78,6.167,6.167,1.275,5.730,0.000
altai,tugaya_south,analytic,10.0,12.0,-30.0,1.5,623.28,621.78,6.651,6.651,1.372,6.317,0.000
altai,tugaya_south,analytic,10.0,12.0,-30.0,2.0,623.78,621.78,7.044,7.044,1.451,6.771,0.000
altai,tugaya_south,analytic,10.0,12.0,-30.0,3.0,624.78,621.78,7.673,7.673,1.574,7.468,-0.000
altai,tugaya_south,analytic,10.0,12.0,-30.0,5.0,626.78,621.78,8.593,8.593,1.749,8.452,0.000
altai,tugaya_south,analytic,10.0,12.0,-30.0,10.0,631.78,621.78,10.096,10.096,2.010,10.011,0.000
altai,tugaya_south,analytic,10.0,12.0,-30.0,30.0,651.78,621.78,13.226,13.226,2.319,13.188,-0.000
altai,tugaya_south,analytic,10.0,12.0,-30.0,50.0,671.78,621.78,15.110,15.110,1.704,15.085,0.000
altai,tugaya_south,analytic,10.0,12.0,-30.0,100.0,721.78,621.78,18.352,18.352,-0.964,18.336,0.000
altai,tugaya_south,analytic,10.0,12.0,-30.0,200.0,821.78,621.78,22.896,22.896,-2.014,22.886,-0.000
altai,tugaya_south,analytic,10.0,12.0,-30.0,300.0,921.78,621.78,26.590,26.590,-1.195,26.583,0.000
altai,tugaya_south,analytic,10.0,12.0,-20.0,1.0,625.35,624.35,6.086,6.086,1.239,5.739,-0.000
altai,tugaya_south,analytic,10.0,12.0,-20.0,1.5,625.85,624.35,6.590,6.590,1.338,6.327,0.000
altai,tugaya_south,analytic,10.0,12.0,-20.0,2.0,626.35,624.35,6.996,6.996,1.417,6.781,0.000
altai,tugaya_south,analytic,10.0,12.0,-20.0,3.0,627.35,624.35,7.639,7.639,1.539,7.479,0.000
altai,tugaya_south,analytic,10.0,12.0,-20.0,5.0,629.35,624.35,8.575,8.575,1.707,8.465,0.000
altai,tugaya_south,analytic,10.0,12.0,-20.0,10.0,634.35,624.35,10.093,10.093,1.947,10.027,-0.000
altai,tugaya_south,analytic,10.0,12.0,-20.0,30.0,654.35,624.35,13.237,13.237,1.947,13.208,0.000
altai,tugaya_south,analytic,10.0,12.0,-20.0,50.0,674.35,624.35,15.127,15.127,1.045,15.107,-0.000
altai,tugaya_south,analytic,10.0,12.0,-20.0,100.0,724.35,624.35,18.375,18.375,-1.591,18.363,-0.000
altai,tugaya_south,analytic,10.0,12.0,-20.0,200.0,824.35,624.35,22.925,22.925,-1.940,22.918,-0.000
altai,tugaya_south,analytic,10.0,12.0,-20.0,300.0,924.35,624.35,26.623,26.623,-1.083,26.617,-0.000
altai,tugaya_south,analytic,10.0,12.0,-10.0,1.0,628.04,627.04,5.896,5.896,1.155,5.748,0.000
altai,tugaya_south,analytic,10.0,12.0,-10.0,1.5,628.54,627.04,6.448,6.448,1.259,6.337,-0.000
altai,tugaya_south,analytic,10.0,12.0,-10.0,2.0,629.04,627.04,6.882,6.882,1.338,6.792,-0.000
altai,tugaya_south,analytic,10.0,12.0,-10.0,3.0,630.04,627.04,7.557,7.557,1.459,7.491,0.000
altai,tugaya_south,analytic,10.0,12.0,-10.0,5.0,632.04,627.04,8.523,8.523,1.620,8.478,-0.000
altai,tugaya_south,analytic,10.0,12.0,-10.0,10.0,637.04,627.04,10.070,10.070,1.804,10.043,-0.000
altai,tugaya_south,analytic,10.0,12.0,-10.0,30.0,657.04,627.04,13.241,13.241,1.359,13.229,-0.000
altai,tugaya_south,analytic,10.0,12.0,-10.0,50.0,677.04,627.04,15.139,15.139,0.358,15.131,-0.000
altai,tugaya_south,analytic,10.0,12.0,-10.0,100.0,727.04,627.04,18.396,18.396,-1.902,18.391,-0.000
altai,tugaya_south,analytic,10.0,12.0,-10.0,200.0,827.04,627.04,22.954,22.954,-1.875,22.951,0.000
altai,tugaya_south,analytic,10.0,12.0,-10.0,300.0,927.04,627.04,26.656,26.656,-0.966,26.654,0.000
altai,tugaya_south,analytic,10.0,12.0,0.0,1.0,630.89,629.89,6.152,6.152,1.082,5.758,-0.000
altai,tugaya_south,analytic,10.0,12.0,0.0,1.5,631.39,629.89,6.648,6.648,1.155,6.348,0.000
altai,tugaya_south,analytic,10.0,12.0,0.0,2.0,631.89,629.89,7.049,7.049,1.210,6.804,0.000
altai,tugaya_south,analytic,10.0,12.0,0.0,3.0,632.89,629.89,7.688,7.688,1.287,7.504,0.000
altai,tugaya_south,analytic,10.0,12.0,0.0,5.0,634.89,629.89,8.619,8.619,1.369,8.493,0.000
altai,tugaya_south,analytic,10.0,12.0,0.0,10.0,639.89,629.89,10.136,10.136,1.394,10.060,-0.000
altai,tugaya_south,analytic,10.0,12.0,0.0,30.0,659.89,629.89,13.285,13.285,0.715,13.251,-0.000
altai,tugaya_south,analytic,10.0,12.0,0.0,50.0,679.89,629.89,15.179,15.179,-0.301,15.156,0.000
altai,tugaya_south,analytic,10.0,12.0,0.0,100.0,729.89,629.89,18.435,18.435,-2.104,18.421,-0.000
altai,tugaya_south,analytic,10.0,12.0,0.0,200.0,829.89,629.89,22.995,22.995,-1.813,22.986,-0.000
altai,tugaya_south,analytic,10.0,12.0,0.0,300.0,929.89,629.89,26.699,26.699,-0.829,26.693,-0.000
altai,tugaya_south,analytic,10.0,12.0,100.0,1.0,623.03,622.03,5.655,5.655,-1.606,5.731,-0.000
altai,tugaya_south,analytic,10.0,12.0,100.0,1.5,623.53,622.03,6.084,6.084,-1.708,6.318,-0.000
altai,tugaya_south,analytic,10.0,12.0,100.0,2.0,624.03,622.03,6.451,6.451,-1.792,6.772,-0.000
altai,tugaya_south,analytic,10.0,12.0,100.0,3.0,625.03,622.03,7.065,7.065,-1.926,7.469,0.000
altai,tugaya_south,analytic,10.0,12.0,100.0,5.0,627.03,622.03,8.007,8.007,-2.118,8.453,0.000
altai,tugaya_south,analytic,10.0,12.0,100.0,10.0,632.03,622.03,9.575,9.575,-2.402,10.013,-0.000
altai,tugaya_south,analytic,10.0,12.0,100.0,30.0,652.03,622.03,12.863,12.863,-2.694,13.190,-0.000
altai,tugaya_south,analytic,10.0,12.0,100.0,50.0,672.03,622.03,15.012,15.012,-2.463,15.087,-0.000
altai,tugaya_south,analytic,10.0,12.0,100.0,100.0,722.03,622.03,18.367,18.367,-2.160,18.339,-0.000
altai,tugaya_south,analytic,10.0,12.0,100.0,200.0,822.03,622.03,22.907,22.907,-0.722,22.889,-0.000
altai,tugaya_south,analytic,10.0,12.0,100.0,300.0,922.03,622.03,26.600,26.600,-0.627,26.586,0.000
altai,tugaya_south,analytic,10.0,12.0,300.0,1.0,586.99,585.99,2.662,2.662,-1.688,5.606,0.000
altai,tugaya_south,analytic,10.0,12.0,300.0,1.5,587.49,585.99,3.002,3.002,-1.834,6.181,0.000
altai,tugaya_south,analytic,10.0,12.0,300.0,2.0,587.99,585.99,3.297,3.297,-1.943,6.625,-0.000
altai,tugaya_south,analytic,10.0,12.0,300.0,3.0,588.99,585.99,3.814,3.814,-2.102,7.307,0.000
altai,tugaya_south,analytic,10.0,12.0,300.0,5.0,590.99,585.99,4.698,4.698,-2.298,8.270,-0.000
altai,tugaya_south,analytic,10.0,12.0,300.0,10.0,595.99,585.99,6.509,6.509,-2.504,9.797,-0.000
altai,tugaya_south,analytic,10.0,12.0,300.0,30.0,615.99,585.99,11.351,11.351,-2.785,12.908,-0.000
altai,tugaya_south,analytic,10.0,12.0,300.0,50.0,635.99,585.99,14.642,14.642,-1.308,14.769,-0.000
altai,tugaya_south,analytic,10.0,12.0,300.0,100.0,685.99,585.99,17.967,17.967,0.262,17.963,0.000
altai,tugaya_south,analytic,10.0,12.0,300.0,200.0,785.99,585.99,22.448,22.448,2.449,22.446,0.000
altai,tugaya_south,analytic,10.0,12.0,300.0,300.0,885.99,585.99,26.099,26.099,1.450,26.097,0.000
askarovo,biyagoda_west,analytic,0.0,12.0,-3000.0,1.0,541.57,540.57,0.000,0.000,0.000,0.000,0.000
askarovo,biyagoda_west,analytic,0.0,12.0,-3000.0,1.5,542.07,540.57,0.000,0.000,0.000,0.000,0.000
askarovo,biyagoda_west,analytic,0.0,12.0,-3000.0,2.0,542.57,540.57,0.000,0.000,0.000,0.000,0.000
askarovo,biyagoda_west,analytic,0.0,12.0,-3000.0,3.0,543.57,540.57,0.000,0.000,0.000,0.000,0.000
askarovo,biyagoda_west,analytic,0.0,12.0,-3000.0,5.0,545.57,540.57,0.000,0.000,0.000,0.000,0.000
askarovo,biyagoda_west,analytic,0.0,12.0,-3000.0,10.0,550.57,540.57,0.000,0.000,0.000,0.000,0.000
askarovo,biyagoda_west,analytic,0.0,12.0,-3000.0,30.0,570.57,540.57,0.000,0.000,0.000,0.000,0.000
askarovo,biyagoda_west,analytic,0.0,12.0,-3000.0,50.0,590.57,540.57,0.000,0.000,0.000,0.000,0.000
askarovo,biyagoda_west,analytic,0.0,12.0,-3000.0,100.0,640.57,540.57,0.000,0.000,0.000,0.000,0.000
askarovo,biyagoda_west,analytic,0.0,12.0,-3000.0,200.0,740.57,540.57,0.000,0.000,0.000,0.000,0.000
askarovo,biyagoda_west,analytic,0.0,12.0,-3000.0,300.0,840.57,540.57,0.000,0.000,0.000,0.000,0.000
askarovo,biyagoda_west,analytic,0.0,12.0,-1000.0,1.0,465.68,464.68,0.000,0.000,0.000,0.000,0.000
askarovo,biyagoda_west,analytic,0.0,12.0,-1000.0,1.5,466.18,464.68,0.000,0.000,0.000,0.000,0.000
askarovo,biyagoda_west,analytic,0.0,12.0,-1000.0,2.0,466.68,464.68,0.000,0.000,0.000,0.000,0.000
askarovo,biyagoda_west,analytic,0.0,12.0,-1000.0,3.0,467.68,464.68,0.000,0.000,0.000,0.000,0.000
askarovo,biyagoda_west,analytic,0.0,12.0,-1000.0,5.0,469.68,464.68,0.000,0.000,0.000,0.000,0.000
askarovo,biyagoda_west,analytic,0.0,12.0,-1000.0,10.0,474.68,464.68,0.000,0.000,0.000,0.000,0.000
askarovo,biyagoda_west,analytic,0.0,12.0,-1000.0,30.0,494.68,464.68,0.000,0.000,0.000,0.000,0.000
askarovo,biyagoda_west,analytic,0.0,12.0,-1000.0,50.0,514.68,464.68,0.000,0.000,0.000,0.000,0.000
askarovo,biyagoda_west,analytic,0.0,12.0,-1000.0,100.0,564.68,464.68,0.000,0.000,0.000,0.000,0.000
askarovo,biyagoda_west,analytic,0.0,12.0,-1000.0,200.0,664.68,464.68,0.000,0.000,0.000,0.000,0.000
askarovo,biyagoda_west,analytic,0.0,12.0,-1000.0,300.0,764.68,464.68,0.000,0.000,0.000,0.000,0.000
askarovo,biyagoda_west,analytic,0.0,12.0,-300.0,1.0,503.94,502.94,0.000,0.000,0.000,0.000,0.000
askarovo,biyagoda_west,analytic,0.0,12.0,-300.0,1.5,504.44,502.94,0.000,0.000,0.000,0.000,0.000
askarovo,biyagoda_west,analytic,0.0,12.0,-300.0,2.0,504.94,502.94,0.000,0.000,0.000,0.000,0.000
askarovo,biyagoda_west,analytic,0.0,12.0,-300.0,3.0,505.94,502.94,0.000,0.000,0.000,0.000,0.000
askarovo,biyagoda_west,analytic,0.0,12.0,-300.0,5.0,507.94,502.94,0.000,0.000,0.000,0.000,0.000
askarovo,biyagoda_west,analytic,0.0,12.0,-300.0,10.0,512.94,502.94,0.000,0.000,0.000,0.000,0.000
askarovo,biyagoda_west,analytic,0.0,12.0,-300.0,30.0,532.94,502.94,0.000,0.000,0.000,0.000,0.000
askarovo,biyagoda_west,analytic,0.0,12.0,-300.0,50.0,552.94,502.94,0.000,0.000,0.000,0.000,0.000
askarovo,biyagoda_west,analytic,0.0,12.0,-300.0,100.0,602.94,502.94,0.000,0.000,0.000,0.000,0.000
askarovo,biyagoda_west,analytic,0.0,12.0,-300.0,200.0,702.94,502.94,0.000,0.000,0.000,0.000,0.000
askarovo,biyagoda_west,analytic,0.0,12.0,-300.0,300.0,802.94,502.94,0.000,0.000,0.000,0.000,0.000
askarovo,biyagoda_west,analytic,0.0,12.0,-150.0,1.0,560.82,559.82,0.000,0.000,0.000,0.000,0.000
askarovo,biyagoda_west,analytic,0.0,12.0,-150.0,1.5,561.32,559.82,0.000,0.000,0.000,0.000,0.000
askarovo,biyagoda_west,analytic,0.0,12.0,-150.0,2.0,561.82,559.82,0.000,0.000,0.000,0.000,0.000
askarovo,biyagoda_west,analytic,0.0,12.0,-150.0,3.0,562.82,559.82,0.000,0.000,0.000,0.000,0.000
askarovo,biyagoda_west,analytic,0.0,12.0,-150.0,5.0,564.82,559.82,0.000,0.000,0.000,0.000,0.000
askarovo,biyagoda_west,analytic,0.0,12.0,-150.0,10.0,569.82,559.82,0.000,0.000,0.000,0.000,0.000
askarovo,biyagoda_west,analytic,0.0,12.0,-150.0,30.0,589.82,559.82,0.000,0.000,0.000,0.000,0.000
askarovo,biyagoda_west,analytic,0.0,12.0,-150.0,50.0,609.82,559.82,0.000,0.000,0.000,0.000,0.000
askarovo,biyagoda_west,analytic,0.0,12.0,-150.0,100.0,659.82,559.82,0.000,0.000,0.000,0.000,0.000
askarovo,biyagoda_west,analytic,0.0,12.0,-150.0,200.0,759.82,559.82,0.000,0.000,0.000,0.000,0.000
askarovo,biyagoda_west,analytic,0.0,12.0,-150.0,300.0,859.82,559.82,0.000,0.000,0.000,0.000,0.000
askarovo,biyagoda_west,analytic,0.0,12.0,-50.0,1.0,613.83,612.83,0.000,0.000,0.000,0.000,0.000
askarovo,biyagoda_west,analytic,0.0,12.0,-50.0,1.5,614.33,612.83,0.000,0.000,0.000,0.000,0.000
askarovo,biyagoda_west,analytic,0.0,12.0,-50.0,2.0,614.83,612.83,0.000,0.000,0.000,0.000,0.000
askarovo,biyagoda_west,analytic,0.0,12.0,-50.0,3.0,615.83,612.83,0.000,0.000,0.000,0.000,0.000
askarovo,biyagoda_west,analytic,0.0,12.0,-50.0,5.0,617.83,612.83,0.000,0.000,0.000,0.000,0.000
askarovo,biyagoda_west,analytic,0.0,12.0,-50.0,10.0,622.83,612.83,0.000,0.000,0.000,0.000,0.000
askarovo,biyagoda_west,analytic,0.0,12.0,-50.0,30.0,642.83,612.83,0.000,0.000,0.000,0.000,0.000
askarovo,biyagoda_west,analytic,0.0,12.0,-50.0,50.0,662.83,612.83,0.000,0.000,0.000,0.000,0.000
askarovo,biyagoda_west,analytic,0.0,12.0,-50.0,100.0,712.83,612.83,0.000,0.000,0.000,0.000,0.000
askarovo,biyagoda_west,analytic,0.0,12.0,-50.0,200.0,812.83,612.83,0.000,0.000,0.000,0.000,0.000
askarovo,biyagoda_west,analytic,0.0,12.0,-50.0,300.0,912.83,612.83,0.000,0.000,0.000,0.000,0.000
askarovo,biyagoda_west,analytic,0.0,12.0,-30.0,1.0,623.54,622.54,0.000,0.000,0.000,0.000,0.000
askarovo,biyagoda_west,analytic,0.0,12.0,-30.0,1.5,624.04,622.54,0.000,0.000,0.000,0.000,0.000
askarovo,biyagoda_west,analytic,0.0,12.0,-30.0,2.0,624.54,622.54,0.000,0.000,0.000,0.000,0.000
askarovo,biyagoda_west,analytic,0.0,12.0,-30.0,3.0,625.54,622.54,0.000,0.000,0.000,0.000,0.000
askarovo,biyagoda_west,analytic,0.0,12.0,-30.0,5.0,627.54,622.54,0.000,0.000,0.000,0.000,0.000
askarovo,biyagoda_west,analytic,0.0,12.0,-30.0,10.0,632.54,622.54,0.000,0.000,0.000,0.000,0.000
askarovo,biyagoda_west,analytic,0.0,12.0,-30.0,30.0,652.54,622.54,0.000,0.000,0.000,0.000,0.000
askarovo,biyagoda_west,analytic,0.0,12.0,-30.0,50.0,672.54,622.54,0.000,0.000,0.000,0.000,0.000
askarovo,biyagoda_west,analytic,0.0,12.0,-30.0,100.0,722.54,622.54,0.000,0.000,0.000,0.000,0.000
askarovo,biyagoda_west,analytic,0.0,12.0,-30.0,200.0,822.54,622.54,0.000,0.000,0.000,0.000,0.000
askarovo,biyagoda_west,analytic,0.0,12.0,-30.0,300.0,922.54,622.54,0.000,0.000,0.000,0.000,0.000
askarovo,biyagoda_west,analytic,0.0,12.0,-20.0,1.0,628.01,627.01,0.000,0.000,0.000,0.000,0.000
askarovo,biyagoda_west,analytic,0.0,12.0,-20.0,1.5,628.51,627.01,0.000,0.000,0.000,0.000,0.000
askarovo,biyagoda_west,analytic,0.0,12.0,-20.0,2.0,629.01,627.01,0.000,0.000,0.000,0.000,0.000
askarovo,biyagoda_west,analytic,0.0,12.0,-20.0,3.0,630.01,627.01,0.000,0.000,0.000,0.000,0.000
askarovo,biyagoda_west,analytic,0.0,12.0,-20.0,5.0,632.01,627.01,0.000,0.000,0.000,0.000,0.000
askarovo,biyagoda_west,analytic,0.0,12.0,-20.0,10.0,637.01,627.01,0.000,0.000,0.000,0.000,0.000
askarovo,biyagoda_west,analytic,0.0,12.0,-20.0,30.0,657.01,627.01,0.000,0.000,0.000,0.000,0.000
askarovo,biyagoda_west,analytic,0.0,12.0,-20.0,50.0,677.01,627.01,0.000,0.000,0.000,0.000,0.000
askarovo,biyagoda_west,analytic,0.0,12.0,-20.0,100.0,727.01,627.01,0.000,0.000,0.000,0.000,0.000
askarovo,biyagoda_west,analytic,0.0,12.0,-20.0,200.0,827.01,627.01,0.000,0.000,0.000,0.000,0.000
askarovo,biyagoda_west,analytic,0.0,12.0,-20.0,300.0,927.01,627.01,0.000,0.000,0.000,0.000,0.000
askarovo,biyagoda_west,analytic,0.0,12.0,-10.0,1.0,632.26,631.26,0.000,0.000,0.000,0.000,0.000
askarovo,biyagoda_west,analytic,0.0,12.0,-10.0,1.5,632.76,631.26,0.000,0.000,0.000,0.000,0.000
askarovo,biyagoda_west,analytic,0.0,12.0,-10.0,2.0,633.26,631.26,0.000,0.000,0.000,0.000,0.000
askarovo,biyagoda_west,analytic,0.0,12.0,-10.0,3.0,634.26,631.26,0.000,0.000,0.000,0.000,0.000
askarovo,biyagoda_west,analytic,0.0,12.0,-10.0,5.0,636.26,631.26,0.000,0.000,0.000,0.000,0.000
askarovo,biyagoda_west,analytic,0.0,12.0,-10.0,10.0,641.26,631.26,0.000,0.000,0.000,0.000,0.000
askarovo,biyagoda_west,analytic,0.0,12.0,-10.0,30.0,661.26,631.26,0.000,0.000,0.000,0.000,0.000
askarovo,biyagoda_west,analytic,0.0,12.0,-10.0,50.0,681.26,631.26,0.000,0.000,0.000,0.000,0.000
askarovo,biyagoda_west,analytic,0.0,12.0,-10.0,100.0,731.26,631.26,0.000,0.000,0.000,0.000,0.000
askarovo,biyagoda_west,analytic,0.0,12.0,-10.0,200.0,831.26,631.26,0.000,0.000,0.000,0.000,0.000
askarovo,biyagoda_west,analytic,0.0,12.0,-10.0,300.0,931.26,631.26,0.000,0.000,0.000,0.000,0.000
askarovo,biyagoda_west,analytic,0.0,12.0,0.0,1.0,636.37,635.37,0.000,0.000,0.000,0.000,0.000
askarovo,biyagoda_west,analytic,0.0,12.0,0.0,1.5,636.87,635.37,0.000,0.000,0.000,0.000,0.000
askarovo,biyagoda_west,analytic,0.0,12.0,0.0,2.0,637.37,635.37,0.000,0.000,0.000,0.000,0.000
askarovo,biyagoda_west,analytic,0.0,12.0,0.0,3.0,638.37,635.37,0.000,0.000,0.000,0.000,0.000
askarovo,biyagoda_west,analytic,0.0,12.0,0.0,5.0,640.37,635.37,0.000,0.000,0.000,0.000,0.000
askarovo,biyagoda_west,analytic,0.0,12.0,0.0,10.0,645.37,635.37,0.000,0.000,0.000,0.000,0.000
askarovo,biyagoda_west,analytic,0.0,12.0,0.0,30.0,665.37,635.37,0.000,0.000,0.000,0.000,0.000
askarovo,biyagoda_west,analytic,0.0,12.0,0.0,50.0,685.37,635.37,0.000,0.000,0.000,0.000,0.000
askarovo,biyagoda_west,analytic,0.0,12.0,0.0,100.0,735.37,635.37,0.000,0.000,0.000,0.000,0.000
askarovo,biyagoda_west,analytic,0.0,12.0,0.0,200.0,835.37,635.37,0.000,0.000,0.000,0.000,0.000
askarovo,biyagoda_west,analytic,0.0,12.0,0.0,300.0,935.37,635.37,0.000,0.000,0.000,0.000,0.000
askarovo,biyagoda_west,analytic,0.0,12.0,100.0,1.0,637.81,636.81,0.000,0.000,0.000,0.000,0.000
askarovo,biyagoda_west,analytic,0.0,12.0,100.0,1.5,638.31,636.81,0.000,0.000,0.000,0.000,0.000
askarovo,biyagoda_west,analytic,0.0,12.0,100.0,2.0,638.81,636.81,0.000,0.000,0.000,0.000,0.000
askarovo,biyagoda_west,analytic,0.0,12.0,100.0,3.0,639.81,636.81,0.000,0.000,0.000,0.000,0.000
askarovo,biyagoda_west,analytic,0.0,12.0,100.0,5.0,641.81,636.81,0.000,0.000,0.000,0.000,0.000
askarovo,biyagoda_west,analytic,0.0,12.0,100.0,10.0,646.81,636.81,0.000,0.000,0.000,0.000,0.000
askarovo,biyagoda_west,analytic,0.0,12.0,100.0,30.0,666.81,636.81,0.000,0.000,0.000,0.000,0.000
askarovo,biyagoda_west,analytic,0.0,12.0,100.0,50.0,686.81,636.81,0.000,0.000,0.000,0.000,0.000
askarovo,biyagoda_west,analytic,0.0,12.0,100.0,100.0,736.81,636.81,0.000,0.000,0.000,0.000,0.000
askarovo,biyagoda_west,analytic,0.0,12.0,100.0,200.0,836.81,636.81,0.000,0.000,0.000,0.000,0.000
askarovo,biyagoda_west,analytic,0.0,12.0,100.0,300.0,936.81,636.81,0.000,0.000,0.000,0.000,0.000
askarovo,biyagoda_west,analytic,0.0,12.0,300.0,1.0,561.70,560.70,0.000,0.000,0.000,0.000,0.000
askarovo,biyagoda_west,analytic,0.0,12.0,300.0,1.5,562.20,560.70,0.000,0.000,0.000,0.000,0.000
askarovo,biyagoda_west,analytic,0.0,12.0,300.0,2.0,562.70,560.70,0.000,0.000,0.000,0.000,0.000
askarovo,biyagoda_west,analytic,0.0,12.0,300.0,3.0,563.70,560.70,0.000,0.000,0.000,0.000,0.000
askarovo,biyagoda_west,analytic,0.0,12.0,300.0,5.0,565.70,560.70,0.000,0.000,0.000,0.000,0.000
askarovo,biyagoda_west,analytic,0.0,12.0,300.0,10.0,570.70,560.70,0.000,0.000,0.000,0.000,0.000
askarovo,biyagoda_west,analytic,0.0,12.0,300.0,30.0,590.70,560.70,0.000,0.000,0.000,0.000,0.000
askarovo,biyagoda_west,analytic,0.0,12.0,300.0,50.0,610.70,560.70,0.000,0.000,0.000,0.000,0.000
askarovo,biyagoda_west,analytic,0.0,12.0,300.0,100.0,660.70,560.70,0.000,0.000,0.000,0.000,0.000
askarovo,biyagoda_west,analytic,0.0,12.0,300.0,200.0,760.70,560.70,0.000,0.000,0.000,0.000,0.000
askarovo,biyagoda_west,analytic,0.0,12.0,300.0,300.0,860.70,560.70,0.000,0.000,0.000,0.000,0.000
askarovo,biyagoda_west,analytic,3.0,12.0,-3000.0,1.0,541.57,540.57,1.349,1.349,-0.424,2.188,-0.000
askarovo,biyagoda_west,analytic,3.0,12.0,-3000.0,1.5,542.07,540.57,1.394,1.394,-0.432,2.290,0.000
askarovo,biyagoda_west,analytic,3.0,12.0,-3000.0,2.0,542.57,540.57,1.459,1.459,-0.446,2.366,0.000
askarovo,biyagoda_west,analytic,3.0,12.0,-3000.0,3.0,543.57,540.57,1.559,1.559,-0.462,2.477,0.000
askarovo,biyagoda_west,analytic,3.0,12.0,-3000.0,5.0,545.57,540.57,1.708,1.708,-0.478,2.626,0.000
askarovo,biyagoda_west,analytic,3.0,12.0,-3000.0,10.0,550.57,540.57,1.984,1.984,-0.479,2.847,-0.000
askarovo,biyagoda_west,analytic,3.0,12.0,-3000.0,30.0,570.57,540.57,2.789,2.789,-0.342,3.261,0.000
askarovo,biyagoda_west,analytic,3.0,12.0,-3000.0,50.0,590.57,540.57,3.469,3.469,-0.128,3.496,0.000
askarovo,biyagoda_west,analytic,3.0,12.0,-3000.0,100.0,640.57,540.57,3.894,3.894,-0.045,3.895,-0.000
askarovo,biyagoda_west,analytic,3.0,12.0,-3000.0,200.0,740.57,540.57,4.460,4.460,-0.146,4.461,-0.000
askarovo,biyagoda_west,analytic,3.0,12.0,-3000.0,300.0,840.57,540.57,4.732,4.732,-0.082,4.732,-0.000
askarovo,biyagoda_west,analytic,3.0,12.0,-1000.0,1.0,465.68,464.68,1.606,1.606,-0.296,2.082,-0.000
askarovo,biyagoda_west,analytic,3.0,12.0,-1000.0,1.5,466.18,464.68,1.689,1.689,-0.308,2.179,-0.000
askarovo,biyagoda_west,analytic,3.0,12.0,-1000.0,2.0,466.68,464.68,1.752,1.752,-0.316,2.252,0.000
askarovo,biyagoda_west,analytic,3.0,12.0,-1000.0,3.0,467.68,464.68,1.850,1.850,-0.327,2.358,-0.000
askarovo,biyagoda_west,analytic,3.0,12.0,-1000.0,5.0,469.68,464.68,1.992,1.992,-0.339,2.500,0.000
askarovo,biyagoda_west,analytic,3.0,12.0,-1000.0,10.0,474.68,464.68,2.238,2.238,-0.361,2.711,0.000
askarovo,biyagoda_west,analytic,3.0,12.0,-1000.0,30.0,494.68,464.68,2.854,2.854,-0.262,3.106,-0.000
askarovo,biyagoda_west,analytic,3.0,12.0,-1000.0,50.0,514.68,464.68,3.331,3.331,-0.079,3.332,-0.000
askarovo,biyagoda_west,analytic,3.0,12.0,-1000.0,100.0,564.68,464.68,3.718,3.718,0.055,3.718,-0.000
askarovo,biyagoda_west,analytic,3.0,12.0,-1000.0,200.0,664.68,464.68,4.270,4.270,0.005,4.270,0.000
askarovo,biyagoda_west,analytic,3.0,12.0,-1000.0,300.0,764.68,464.68,4.540,4.540,0.041,4.540,-0.000
askarovo,biyagoda_west,analytic,3.0,12.0,-300.0,1.0,503.94,502.94,2.135,2.135,0.462,2.135,-0.000
askarovo,biyagoda_west,analytic,3.0,12.0,-300.0,1.5,504.44,502.94,2.232,2.232,0.483,2.235,0.000
askarovo,biyagoda_west,analytic,3.0,12.0,-300.0,2.0,504.94,502.94,2.307,2.307,0.500,2.309,0.000
askarovo,biyagoda_west,analytic,3.0,12.0,-300.0,3.0,505.94,502.94,2.416,2.416,0.525,2.418,-0.000
askarovo,biyagoda_west,analytic,3.0,12.0,-300.0,5.0,507.94,502.94,2.563,2.563,0.560,2.564,-0.000
askarovo,biyagoda_west,analytic,3.0,12.0,-300.0,10.0,512.94,502.94,2.779,2.779,0.615,2.780,-0.000
askarovo,biyagoda_west,analytic,3.0,12.0,-300.0,30.0,532.94,502.94,3.184,3.184,0.735,3.184,0.000
askarovo,biyagoda_west,analytic,3.0,12.0,-300.0,50.0,552.94,502.94,3.415,3.415,0.805,3.415,0.000
askarovo,biyagoda_west,analytic,3.0,12.0,-300.0,100.0,602.94,502.94,3.807,3.807,0.915,3.807,0.000
askarovo,biyagoda_west,analytic,3.0,12.0,-300.0,200.0,702.94,502.94,4.366,4.366,1.105,4.366,0.000
askarovo,biyagoda_west,analytic,3.0,12.0,-300.0,300.0,802.94,502.94,4.637,4.637,0.921,4.637,0.000
askarovo,biyagoda_west,analytic,3.0,12.0,-150.0,1.0,560.82,559.82,2.214,2.214,0.946,2.214,0.000
askarovo,biyagoda_west,analytic,3.0,12.0,-150.0,1.5,561.32,559.82,2.306,2.306,0.985,2.318,-0.000
askarovo,biyagoda_west,analytic,3.0,12.0,-150.0,2.0,561.82,559.82,2.386,2.386,1.019,2.395,-0.000
askarovo,biyagoda_west,analytic,3.0,12.0,-150.0,3.0,562.82,559.82,2.501,2.501,1.068,2.507,0.000
askarovo,biyagoda_west,analytic,3.0,12.0,-150.0,5.0,564.82,559.82,2.654,2.654,1.133,2.658,0.000
askarovo,biyagoda_west,analytic,3.0,12.0,-150.0,10.0,569.82,559.82,2.880,2.880,1.229,2.882,0.000
askarovo,biyagoda_west,analytic,3.0,12.0,-150.0,30.0,589.82,559.82,3.299,3.299,1.383,3.300,-0.000
askarovo,biyagoda_west,analytic,3.0,12.0,-150.0,50.0,609.82,559.82,3.537,3.537,1.437,3.538,0.000
askarovo,biyagoda_west,analytic,3.0,12.0,-150.0,100.0,659.82,559.82,3.939,3.939,1.397,3.940,0.000
askarovo,biyagoda_west,analytic,3.0,12.0,-150.0,200.0,759.82,559.82,4.509,4.509,0.697,4.509,0.000
askarovo,biyagoda_west,analytic,3.0,12.0,-150.0,300.0,859.82,559.82,4.781,4.781,-0.440,4.781,-0.000
askarovo,biyagoda_west,analytic,3.0,12.0,-50.0,1.0,613.83,612.83,2.322,2.322,0.971,2.288,0.000
askarovo,biyagoda_west,analytic,3.0,12.0,-50.0,1.5,614.33,612.83,2.419,2.419,1.010,2.395,-0.000
askarovo,biyagoda_west,analytic,3.0,12.0,-50.0,2.0,614.83,612.83,2.493,2.493,1.038,2.474,0.000
askarovo,biyagoda_west,analytic,3.0,12.0,-50.0,3.0,615.83,612.83,2.604,2.604,1.079,2.591,0.000
askarovo,biyagoda_west,analytic,3.0,12.0,-50.0,5.0,617.83,612.83,2.755,2.755,1.130,2.747,0.000
askarovo,biyagoda_west,analytic,3.0,12.0,-50.0,10.0,622.83,612.83,2.982,2.982,1.191,2.977,0.000
askarovo,biyagoda_west,analytic,3.0,12.0,-50.0,30.0,642.83,612.83,3.410,3.410,1.189,3.408,-0.000
askarovo,biyagoda_west,analytic,3.0,12.0,-50.0,50.0,662.83,612.83,3.653,3.653,1.083,3.652,0.000
askarovo,biyagoda_west,analytic,3.0,12.0,-50.0,100.0,712.83,612.83,4.064,4.064,0.439,4.063,0.000
askarovo,biyagoda_west,analytic,3.0,12.0,-50.0,200.0,812.83,612.83,4.643,4.643,-0.656,4.643,-0.000
askarovo,biyagoda_west,analytic,3.0,12.0,-50.0,300.0,912.83,612.83,4.915,4.915,-0.478,4.915,-0.000
askarovo,biyagoda_west,analytic,3.0,12.0,-30.0,1.0,623.54,622.54,2.352,2.352,0.898,2.302,0.000
askarovo,biyagoda_west,analytic,3.0,12.0,-30.0,1.5,624.04,622.54,2.445,2.445,0.931,2.409,-0.000
askarovo,biyagoda_west,analytic,3.0,12.0,-30.0,2.0,624.54,622.54,2.517,2.517,0.955,2.489,-0.000
askarovo,biyagoda_west,analytic,3.0,12.0,-30.0,3.0,625.54,622.54,2.626,2.626,0.988,2.606,0.000
askarovo,biyagoda_west,analytic,3.0,12.0,-30.0,5.0,627.54,622.54,2.776,2.776,1.029,2.763,0.000
askarovo,biyagoda_west,analytic,3.0,12.0,-30.0,10.0,632.54,622.54,3.002,3.002,1.071,2.995,0.000
askarovo,biyagoda_west,analytic,3.0,12.0,-30.0,30.0,652.54,622.54,3.430,3.430,1.034,3.428,0.000
askarovo,biyagoda_west,analytic,3.0,12.0,-30.0,50.0,672.54,622.54,3.674,3.674,0.802,3.673,0.000
askarovo,biyagoda_west,analytic,3.0,12.0,-30.0,100.0,722.54,622.54,4.087,4.087,0.021,4.086,0.000
askarovo,biyagoda_west,analytic,3.0,12.0,-30.0,200.0,822.54,622.54,4.668,4.668,-0.714,4.667,-0.000
askarovo,biyagoda_west,analytic,3.0,12.0,-30.0,300.0,922.54,622.54,4.939,4.939,-0.440,4.939,-0.000
askarovo,biyagoda_west,analytic,3.0,12.0,-20.0,1.0,628.01,627.01,2.355,2.355,0.844,2.308,0.000
askarovo,biyagoda_west,analytic,3.0,12.0,-20.0,1.5,628.51,627.01,2.450,2.450,0.874,2.416,0.000
askarovo,biyagoda_west,analytic,3.0,12.0,-20.0,2.0,629.01,627.01,2.522,2.522,0.896,2.496,-0.000
askarovo,biyagoda_west,analytic,3.0,12.0,-20.0,3.0,630.01,627.01,2.632,2.632,0.928,2.613,-0.000
askarovo,biyagoda_west,analytic,3.0,12.0,-20.0,5.0,632.01,627.01,2.782,2.782,0.965,2.770,0.000
askarovo,biyagoda_west,analytic,3.0,12.0,-20.0,10.0,637.01,627.01,3.010,3.010,1.001,3.003,0.000
askarovo,biyagoda_west,analytic,3.0,12.0,-20.0,30.0,657.01,627.01,3.439,3.439,0.888,3.437,0.000
askarovo,biyagoda_west,analytic,3.0,12.0,-20.0,50.0,677.01,627.01,3.684,3.684,0.635,3.682,-0.000
askarovo,biyagoda_west,analytic,3.0,12.0,-20.0,100.0,727.01,627.01,4.097,4.097,-0.179,4.096,-0.000
askarovo,biyagoda_west,analytic,3.0,12.0,-20.0,200.0,827.01,627.01,4.679,4.679,-0.709,4.678,0.000
askarovo,biyagoda_west,analytic,3.0,12.0,-20.0,300.0,927.01,627.01,4.951,4.951,-0.425,4.951,0.000
askarovo,biyagoda_west,analytic,3.0,12.0,-10.0,1.0,632.26,631.26,2.332,2.332,0.778,2.314,-0.000
askarovo,biyagoda_west,analytic,3.0,12.0,-10.0,1.5,632.76,631.26,2.435,2.435,0.809,2.422,0.000
askarovo,biyagoda_west,analytic,3.0,12.0,-10.0,2.0,633.26,631.26,2.512,2.512,0.831,2.502,-0.000
askarovo,biyagoda_west,analytic,3.0,12.0,-10.0,3.0,634.26,631.26,2.627,2.627,0.861,2.620,0.000
askarovo,biyagoda_west,analytic,3.0,12.0,-10.0,5.0,636.26,631.26,2.782,2.782,0.896,2.777,0.000
askarovo,biyagoda_west,analytic,3.0,12.0,-10.0,10.0,641.26,631.26,3.013,3.013,0.908,3.011,0.000
askarovo,biyagoda_west,analytic,3.0,12.0,-10.0,30.0,661.26,631.26,3.446,3.446,0.728,3.446,-0.000
askarovo,biyagoda_west,analytic,3.0,12.0,-10.0,50.0,681.26,631.26,3.692,3.692,0.453,3.691,-0.000
askarovo,biyagoda_west,analytic,3.0,12.0,-10.0,100.0,731.26,631.26,4.106,4.106,-0.338,4.106,0.000
askarovo,biyagoda_west,analytic,3.0,12.0,-10.0,200.0,831.26,631.26,4.689,4.689,-0.698,4.689,-0.000
askarovo,biyagoda_west,analytic,3.0,12.0,-10.0,300.0,931.26,631.26,4.961,4.961,-0.406,4.961,-0.000
askarovo,biyagoda_west,analytic,3.0,12.0,0.0,1.0,636.37,635.37,2.388,2.388,0.703,2.319,0.000
askarovo,biyagoda_west,analytic,3.0,12.0,0.0,1.5,636.87,635.37,2.477,2.477,0.724,2.428,0.000
askarovo,biyagoda_west,analytic,3.0,12.0,0.0,2.0,637.37,635.37,2.547,2.547,0.738,2.508,-0.000
askarovo,biyagoda_west,analytic,3.0,12.0,0.0,3.0,638.37,635.37,2.654,2.654,0.756,2.626,-0.000
askarovo,biyagoda_west,analytic,3.0,12.0,0.0,5.0,640.37,635.37,2.802,2.802,0.772,2.784,0.000
askarovo,biyagoda_west,analytic,3.0,12.0,0.0,10.0,645.37,635.37,3.028,3.028,0.763,3.018,-0.000
askarovo,biyagoda_west,analytic,3.0,12.0,0.0,30.0,665.37,635.37,3.458,3.458,0.559,3.454,0.000
askarovo,biyagoda_west,analytic,3.0,12.0,0.0,50.0,685.37,635.37,3.703,3.703,0.233,3.700,0.000
askarovo,biyagoda_west,analytic,3.0,12.0,0.0,100.0,735.37,635.37,4.117,4.117,-0.486,4.116,0.000
askarovo,biyagoda_west,analytic,3.0,12.0,0.0,200.0,835.37,635.37,4.700,4.700,-0.678,4.700,-0.000
askarovo,biyagoda_west,analytic,3.0,12.0,0.0,300.0,935.37,635.37,4.972,4.972,-0.384,4.972,0.000
askarovo,biyagoda_west,analytic,3.0,12.0,100.0,1.0,637.81,636.81,2.284,2.284,-0.649,2.321,0.000
askarovo,biyagoda_west,analytic,3.0,12.0,100.0,1.5,638.31,636.81,2.370,2.370,-0.673,2.430,0.000
askarovo,biyagoda_west,analytic,3.0,12.0,100.0,2.0,638.81,636.81,2.438,2.438,-0.692,2.510,0.000
askarovo,biyagoda_west,analytic,3.0,12.0,100.0,3.0,639.81,636.81,2.544,2.544,-0.722,2.629,-0.000
askarovo,biyagoda_west,analytic,3.0,12.0,100.0,5.0,641.81,636.81,2.694,2.694,-0.766,2.787,0.000
askarovo,biyagoda_west,analytic,3.0,12.0,100.0,10.0,646.81,636.81,2.927,2.927,-0.838,3.021,0.000
askarovo,biyagoda_west,analytic,3.0,12.0,100.0,30.0,666.81,636.81,3.396,3.396,-0.981,3.457,0.000
askarovo,biyagoda_west,analytic,3.0,12.0,100.0,50.0,686.81,636.81,3.693,3.693,-0.987,3.703,-0.000
askarovo,biyagoda_west,analytic,3.0,12.0,100.0,100.0,736.81,636.81,4.121,4.121,-0.833,4.119,-0.000
askarovo,biyagoda_west,analytic,3.0,12.0,100.0,200.0,836.81,636.81,4.704,4.704,-0.493,4.703,0.000
askarovo,biyagoda_west,analytic,3.0,12.0,100.0,300.0,936.81,636.81,4.975,4.975,-0.241,4.975,-0.000
askarovo,biyagoda_west,analytic,3.0,12.0,300.0,1.0,561.70,560.70,0.770,0.770,-0.723,2.216,-0.000
askarovo,biyagoda_west,analytic,3.0,12.0,300.0,1.5,562.20,560.70,0.804,0.804,-0.740,2.319,-0.000
askarovo,biyagoda_west,analytic,3.0,12.0,300.0,2.0,562.70,560.70,0.849,0.849,-0.767,2.396,-0.000
askarovo,biyagoda_west,analytic,3.0,12.0,300.0,3.0,563.70,560.70,0.924,0.924,-0.805,2.509,-0.000
askarovo,biyagoda_west,analytic,3.0,12.0,300.0,5.0,565.70,560.70,1.045,1.045,-0.851,2.660,0.000
askarovo,biyagoda_west,analytic,3.0,12.0,300.0,10.0,570.70,560.70,1.292,1.292,-0.908,2.884,-0.000
askarovo,biyagoda_west,analytic,3.0,12.0,300.0,30.0,590.70,560.70,2.079,2.079,-0.931,3.302,-0.000
askarovo,biyagoda_west,analytic,3.0,12.0,300.0,50.0,610.70,560.70,2.748,2.748,-0.853,3.539,-0.000
askarovo,biyagoda_west,analytic,3.0,12.0,300.0,100.0,660.70,560.70,3.940,3.940,-0.530,3.942,0.000
askarovo,biyagoda_west,analytic,3.0,12.0,300.0,200.0,760.70,560.70,4.511,4.511,-0.262,4.512,-0.000
askarovo,biyagoda_west,analytic,3.0,12.0,300.0,300.0,860.70,560.70,4.783,4.783,-0.119,4.783,-0.000
askarovo,biyagoda_west,analytic,6.0,12.0,-3000.0,1.0,541.57,540.57,0.840,0.840,-1.229,3.258,0.000
askarovo,biyagoda_west,analytic,6.0,12.0,-3000.0,1.5,542.07,540.57,0.932,0.932,-1.285,3.592,0.000
askarovo,biyagoda_west,analytic,6.0,12.0,-3000.0,2.0,542.57,540.57,1.061,1.061,-1.382,3.851,0.000
askarovo,biyagoda_west,analytic,6.0,12.0,-3000.0,3.0,543.57,540.57,1.291,1.291,-1.514,4.247,0.000
askarovo,biyagoda_west,analytic,6.0,12.0,-3000.0,5.0,545.57,540.57,1.709,1.709,-1.666,4.807,-0.000
askarovo,biyagoda_west,analytic,6.0,12.0,-3000.0,10.0,550.57,540.57,2.669,2.669,-1.798,5.695,0.000
askarovo,biyagoda_west,analytic,6.0,12.0,-3000.0,30.0,570.57,540.57,5.922,5.922,-1.350,7.507,0.000
askarovo,biyagoda_west,analytic,6.0,12.0,-3000.0,50.0,590.57,540.57,8.503,8.503,-0.379,8.592,0.000
askarovo,biyagoda_west,analytic,6.0,12.0,-3000.0,100.0,640.57,540.57,10.453,10.453,-0.121,10.459,-0.000
askarovo,biyagoda_west,analytic,6.0,12.0,-3000.0,200.0,740.57,540.57,13.087,13.087,-0.427,13.091,0.000
askarovo,biyagoda_west,analytic,6.0,12.0,-3000.0,300.0,840.57,540.57,15.241,15.241,-0.266,15.244,-0.000
askarovo,biyagoda_west,analytic,6.0,12.0,-1000.0,1.0,465.68,464.68,1.669,1.669,-0.828,3.101,0.000
askarovo,biyagoda_west,analytic,6.0,12.0,-1000.0,1.5,466.18,464.68,1.884,1.884,-0.905,3.419,-0.000
askarovo,biyagoda_west,analytic,6.0,12.0,-1000.0,2.0,466.68,464.68,2.066,2.066,-0.962,3.665,0.000
askarovo,biyagoda_west,analytic,6.0,12.0,-1000.0,3.0,467.68,464.68,2.375,2.375,-1.044,4.042,0.000
askarovo,biyagoda_west,analytic,6.0,12.0,-1000.0,5.0,469.68,464.68,2.888,2.888,-1.142,4.575,-0.000
askarovo,biyagoda_west,analytic,6.0,12.0,-1000.0,10.0,474.68,464.68,3.897,3.897,-1.468,5.422,-0.000
askarovo,biyagoda_west,analytic,6.0,12.0,-1000.0,30.0,494.68,464.68,6.464,6.464,-1.177,7.151,0.000
askarovo,biyagoda_west,analytic,6.0,12.0,-1000.0,50.0,514.68,464.68,8.186,8.186,-0.196,8.190,0.000
askarovo,biyagoda_west,analytic,6.0,12.0,-1000.0,100.0,564.68,464.68,9.985,9.985,0.146,9.985,-0.000
askarovo,biyagoda_west,analytic,6.0,12.0,-1000.0,200.0,664.68,464.68,12.531,12.531,0.015,12.531,-0.000
askarovo,biyagoda_west,analytic,6.0,12.0,-1000.0,300.0,764.68,464.68,14.626,14.626,0.133,14.626,0.000
askarovo,biyagoda_west,analytic,6.0,12.0,-300.0,1.0,503.94,502.94,3.180,3.180,0.688,3.180,-0.000
askarovo,biyagoda_west,analytic,6.0,12.0,-300.0,1.5,504.44,502.94,3.495,3.495,0.757,3.507,0.000
askarovo,biyagoda_west,analytic,6.0,12.0,-300.0,2.0,504.94,502.94,3.749,3.749,0.813,3.758,0.000
askarovo,biyagoda_west,analytic,6.0,12.0,-300.0,3.0,505.94,502.94,4.139,4.139,0.900,4.145,-0.000
askarovo,biyagoda_west,analytic,6.0,12.0,-300.0,5.0,507.94,502.94,4.687,4.687,1.024,4.692,0.000
askarovo,biyagoda_west,analytic,6.0,12.0,-300.0,10.0,512.94,502.94,5.557,5.557,1.230,5.559,0.000
askarovo,biyagoda_west,analytic,6.0,12.0,-300.0,30.0,532.94,502.94,7.329,7.329,1.693,7.330,-0.000
askarovo,biyagoda_west,analytic,6.0,12.0,-300.0,50.0,552.94,502.94,8.391,8.391,1.978,8.392,-0.000
askarovo,biyagoda_west,analytic,6.0,12.0,-300.0,100.0,602.94,502.94,10.223,10.223,2.457,10.224,-0.000
askarovo,biyagoda_west,analytic,6.0,12.0,-300.0,200.0,702.94,502.94,12.813,12.813,3.243,12.813,-0.000
askarovo,biyagoda_west,analytic,6.0,12.0,-300.0,300.0,802.94,502.94,14.937,14.937,2.967,14.937,0.000
askarovo,biyagoda_west,analytic,6.0,12.0,-150.0,1.0,560.82,559.82,3.298,3.298,1.409,3.298,-0.000
askarovo,biyagoda_west,analytic,6.0,12.0,-150.0,1.5,561.32,559.82,3.598,3.598,1.537,3.636,0.000
askarovo,biyagoda_west,analytic,6.0,12.0,-150.0,2.0,561.82,559.82,3.867,3.867,1.652,3.898,0.000
askarovo,biyagoda_west,analytic,6.0,12.0,-150.0,3.0,562.82,559.82,4.276,4.276,1.826,4.299,0.000
askarovo,biyagoda_west,analytic,6.0,12.0,-150.0,5.0,564.82,559.82,4.850,4.850,2.071,4.865,0.000
askarovo,biyagoda_west,analytic,6.0,12.0,-150.0,10.0,569.82,559.82,5.755,5.755,2.456,5.764,-0.000
askarovo,biyagoda_west,analytic,6.0,12.0,-150.0,30.0,589.82,559.82,7.593,7.593,3.183,7.597,0.000
askarovo,biyagoda_west,analytic,6.0,12.0,-150.0,50.0,609.82,559.82,8.691,8.691,3.530,8.694,-0.000
askarovo,biyagoda_west,analytic,6.0,12.0,-150.0,100.0,659.82,559.82,10.578,10.578,3.751,10.580,0.000
askarovo,biyagoda_west,analytic,6.0,12.0,-150.0,200.0,759.82,559.82,13.232,13.232,2.045,13.233,0.000
askarovo,biyagoda_west,analytic,6.0,12.0,-150.0,300.0,859.82,559.82,15.400,15.400,-1.417,15.400,-0.000
askarovo,biyagoda_west,analytic,6.0,12.0,-50.0,1.0,613.83,612.83,3.517,3.517,1.471,3.408,-0.000
askarovo,biyagoda_west,analytic,6.0,12.0,-50.0,1.5,614.33,612.83,3.839,3.839,1.602,3.757,0.000
askarovo,biyagoda_west,analytic,6.0,12.0,-50.0,2.0,614.83,612.83,4.093,4.093,1.704,4.027,0.000
askarovo,biyagoda_west,analytic,6.0,12.0,-50.0,3.0,615.83,612.83,4.491,4.491,1.860,4.442,0.000
askarovo,biyagoda_west,analytic,6.0,12.0,-50.0,5.0,617.83,612.83,5.061,5.061,2.075,5.027,-0.000
askarovo,biyagoda_west,analytic,6.0,12.0,-50.0,10.0,622.83,612.83,5.975,5.975,2.387,5.955,0.000
askarovo,biyagoda_west,analytic,6.0,12.0,-50.0,30.0,642.83,612.83,7.854,7.854,2.740,7.845,-0.000
askarovo,biyagoda_west,analytic,6.0,12.0,-50.0,50.0,662.83,612.83,8.980,8.980,2.663,8.974,0.000
askarovo,biyagoda_west,analytic,6.0,12.0,-50.0,100.0,712.83,612.83,10.915,10.915,1.178,10.911,-0.000
askarovo,biyagoda_west,analytic,6.0,12.0,-50.0,200.0,812.83,612.83,13.627,13.627,-1.925,13.625,0.000
askarovo,biyagoda_west,analytic,6.0,12.0,-50.0,300.0,912.83,612.83,15.834,15.834,-1.539,15.832,0.000
askarovo,biyagoda_west,analytic,6.0,12.0,-30.0,1.0,623.54,622.54,3.590,3.590,1.372,3.428,0.000
askarovo,biyagoda_west,analytic,6.0,12.0,-30.0,1.5,624.04,622.54,3.902,3.902,1.485,3.780,-0.000
askarovo,biyagoda_west,analytic,6.0,12.0,-30.0,2.0,624.54,622.54,4.150,4.150,1.574,4.051,-0.000
askarovo,biyagoda_west,analytic,6.0,12.0,-30.0,3.0,625.54,622.54,4.542,4.542,1.709,4.468,0.000
askarovo,biyagoda_west,analytic,6.0,12.0,-30.0,5.0,627.54,622.54,5.107,5.107,1.893,5.057,-0.000
askarovo,biyagoda_west,analytic,6.0,12.0,-30.0,10.0,632.54,622.54,6.020,6.020,2.147,5.990,-0.000
askarovo,biyagoda_west,analytic,6.0,12.0,-30.0,30.0,652.54,622.54,7.904,7.904,2.383,7.891,-0.000
askarovo,biyagoda_west,analytic,6.0,12.0,-30.0,50.0,672.54,622.54,9.035,9.035,1.972,9.026,-0.000
askarovo,biyagoda_west,analytic,6.0,12.0,-30.0,100.0,722.54,622.54,10.978,10.978,0.057,10.972,0.000
askarovo,biyagoda_west,analytic,6.0,12.0,-30.0,200.0,822.54,622.54,13.700,13.700,-2.095,13.697,0.000
askarovo,biyagoda_west,analytic,6.0,12.0,-30.0,300.0,922.54,622.54,15.914,15.914,-1.419,15.911,-0.000
askarovo,biyagoda_west,analytic,6.0,12.0,-20.0,1.0,628.01,627.01,3.590,3.590,1.286,3.437,0.000
askarovo,biyagoda_west,analytic,6.0,12.0,-20.0,1.5,628.51,627.01,3.905,3.905,1.393,3.790,0.000
askarovo,biyagoda_west,analytic,6.0,12.0,-20.0,2.0,629.01,627.01,4.155,4.155,1.477,4.062,-0.000
askarovo,biyagoda_west,analytic,6.0,12.0,-20.0,3.0,630.01,627.01,4.549,4.549,1.604,4.480,-0.000
askarovo,biyagoda_west,analytic,6.0,12.0,-20.0,5.0,632.01,627.01,5.118,5.118,1.775,5.070,-0.000
askarovo,biyagoda_west,analytic,6.0,12.0,-20.0,10.0,637.01,627.01,6.034,6.034,2.007,6.006,-0.000
askarovo,biyagoda_west,analytic,6.0,12.0,-20.0,30.0,657.01,627.01,7.924,7.924,2.045,7.912,0.000
askarovo,biyagoda_west,analytic,6.0,12.0,-20.0,50.0,677.01,627.01,9.058,9.058,1.561,9.049,0.000
askarovo,biyagoda_west,analytic,6.0,12.0,-20.0,100.0,727.01,627.01,11.005,11.005,-0.480,11.000,0.000
askarovo,biyagoda_west,analytic,6.0,12.0,-20.0,200.0,827.01,627.01,13.733,13.733,-2.081,13.730,-0.000
askarovo,biyagoda_west,analytic,6.0,12.0,-20.0,300.0,927.01,627.01,15.950,15.950,-1.368,15.948,0.000
askarovo,biyagoda_west,analytic,6.0,12.0,-10.0,1.0,632.26,631.26,3.506,3.506,1.170,3.446,0.000
askarovo,biyagoda_west,analytic,6.0,12.0,-10.0,1.5,632.76,631.26,3.844,3.844,1.277,3.800,0.000
askarovo,biyagoda_west,analytic,6.0,12.0,-10.0,2.0,633.26,631.26,4.108,4.108,1.359,4.072,0.000
askarovo,biyagoda_west,analytic,6.0,12.0,-10.0,3.0,634.26,631.26,4.518,4.518,1.481,4.491,-0.000
askarovo,biyagoda_west,analytic,6.0,12.0,-10.0,5.0,636.26,631.26,5.101,5.101,1.643,5.083,-0.000
askarovo,biyagoda_west,analytic,6.0,12.0,-10.0,10.0,641.26,631.26,6.032,6.032,1.817,6.021,0.000
askarovo,biyagoda_west,analytic,6.0,12.0,-10.0,30.0,661.26,631.26,7.936,7.936,1.676,7.931,0.000
askarovo,biyagoda_west,analytic,6.0,12.0,-10.0,50.0,681.26,631.26,9.075,9.075,1.114,9.072,-0.000
askarovo,biyagoda_west,analytic,6.0,12.0,-10.0,100.0,731.26,631.26,11.029,11.029,-0.907,11.027,-0.000
askarovo,biyagoda_west,analytic,6.0,12.0,-10.0,200.0,831.26,631.26,13.763,13.763,-2.049,13.761,-0.000
askarovo,biyagoda_west,analytic,6.0,12.0,-10.0,300.0,931.26,631.26,15.983,15.983,-1.306,15.982,-0.000
askarovo,biyagoda_west,analytic,6.0,12.0,0.0,1.0,636.37,635.37,3.676,3.676,1.083,3.455,0.000
askarovo,biyagoda_west,analytic,6.0,12.0,0.0,1.5,636.87,635.37,3.977,3.977,1.162,3.809,0.000
askarovo,biyagoda_west,analytic,6.0,12.0,0.0,2.0,637.37,635.37,4.219,4.219,1.223,4.082,0.000
askarovo,biyagoda_west,analytic,6.0,12.0,0.0,3.0,638.37,635.37,4.605,4.605,1.312,4.502,0.000
askarovo,biyagoda_west,analytic,6.0,12.0,0.0,5.0,640.37,635.37,5.166,5.166,1.424,5.096,0.000
askarovo,biyagoda_west,analytic,6.0,12.0,0.0,10.0,645.37,635.37,6.078,6.078,1.533,6.036,0.000
askarovo,biyagoda_west,analytic,6.0,12.0,0.0,30.0,665.37,635.37,7.969,7.969,1.289,7.951,-0.000
askarovo,biyagoda_west,analytic,6.0,12.0,0.0,50.0,685.37,635.37,9.107,9.107,0.573,9.094,0.000
askarovo,biyagoda_west,analytic,6.0,12.0,0.0,100.0,735.37,635.37,11.060,11.060,-1.307,11.052,-0.000
askarovo,biyagoda_west,analytic,6.0,12.0,0.0,200.0,835.37,635.37,13.797,13.797,-1.991,13.792,0.000
askarovo,biyagoda_west,analytic,6.0,12.0,0.0,300.0,935.37,635.37,16.019,16.019,-1.237,16.016,-0.000
askarovo,biyagoda_west,analytic,6.0,12.0,100.0,1.0,637.81,636.81,3.440,3.440,-1.095,3.458,-0.000
askarovo,biyagoda_west,analytic,6.0,12.0,100.0,1.5,638.31,636.81,3.730,3.730,-1.180,3.812,0.000
askarovo,biyagoda_west,analytic,6.0,12.0,100.0,2.0,638.81,636.81,3.971,3.971,-1.249,4.086,-0.000
askarovo,biyagoda_west,analytic,6.0,12.0,100.0,3.0,639.81,636.81,4.362,4.362,-1.361,4.506,-0.000
askarovo,biyagoda_west,analytic,6.0,12.0,100.0,5.0,641.81,636.81,4.941,4.941,-1.526,5.100,0.000
askarovo,biyagoda_west,analytic,6.0,12.0,100.0,10.0,646.81,636.81,5.875,5.875,-1.800,6.041,0.000
askarovo,biyagoda_west,analytic,6.0,12.0,100.0,30.0,666.81,636.81,7.830,7.830,-2.345,7.958,0.000
askarovo,biyagoda_west,analytic,6.0,12.0,100.0,50.0,686.81,636.81,9.086,9.086,-2.445,9.101,-0.000
askarovo,biyagoda_west,analytic,6.0,12.0,100.0,100.0,736.81,636.81,11.072,11.072,-2.238,11.061,-0.000
askarovo,biyagoda_west,analytic,6.0,12.0,100.0,200.0,836.81,636.81,13.809,13.809,-1.446,13.802,-0.000
askarovo,biyagoda_west,analytic,6.0,12.0,100.0,300.0,936.81,636.81,16.032,16.032,-0.776,16.027,-0.000
askarovo,biyagoda_west,analytic,6.0,12.0,300.0,1.0,561.70,560.70,0.790,-0.790,-2.070,3.300,0.000
askarovo,biyagoda_west,analytic,6.0,12.0,300.0,1.5,562.20,560.70,0.765,-0.765,-2.176,3.638,0.000
askarovo,biyagoda_west,analytic,6.0,12.0,300.0,2.0,562.70,560.70,0.756,-0.756,-2.350,3.900,-0.000
askarovo,biyagoda_west,analytic,6.0,12.0,300.0,3.0,563.70,560.70,0.685,-0.685,-2.600,4.301,0.000
askarovo,biyagoda_west,analytic,6.0,12.0,300.0,5.0,565.70,560.70,0.440,-0.440,-2.921,4.868,-0.000
askarovo,biyagoda_west,analytic,6.0,12.0,300.0,10.0,570.70,560.70,0.380,0.380,-3.337,5.767,0.000
askarovo,biyagoda_west,analytic,6.0,12.0,300.0,30.0,590.70,560.70,3.719,3.719,-3.595,7.601,0.000
askarovo,biyagoda_west,analytic,6.0,12.0,300.0,50.0,610.70,560.70,6.363,6.363,-3.131,8.698,-0.000
askarovo,biyagoda_west,analytic,6.0,12.0,300.0,100.0,660.70,560.70,10.579,10.579,-1.423,10.585,-0.000
askarovo,biyagoda_west,analytic,6.0,12.0,300.0,200.0,760.70,560.70,13.236,13.236,-0.768,13.240,0.000
askarovo,biyagoda_west,analytic,6.0,12.0,300.0,300.0,860.70,560.70,15.404,15.404,-0.383,15.408,0.000
askarovo,biyagoda_west,analytic,10.0,12.0,-3000.0,1.0,541.57,540.57,1.400,1.400,-2.048,5.431,0.000
askarovo,biyagoda_west,analytic,10.0,12.0,-3000.0,1.5,542.07,540.57,1.554,1.554,-2.142,5.987,0.000
askarovo,biyagoda_west,analytic,10.0,12.0,-3000.0,2.0,542.57,540.57,1.768,1.768,-2.303,6.418,-0.000
askarovo,biyagoda_west,analytic,10.0,12.0,-3000.0,3.0,543.57,540.57,2.151,2.151,-2.523,7.078,0.000
askarovo,biyagoda_west,analytic,10.0,12.0,-3000.0,5.0,545.57,540.57,2.848,2.848,-2.776,8.011,0.000
askarovo,biyagoda_west,analytic,10.0,12.0,-3000.0,10.0,550.57,540.57,4.448,4.448,-2.996,9.491,0.000
askarovo,biyagoda_west,analytic,10.0,12.0,-3000.0,30.0,570.57,540.57,9.871,9.871,-2.249,12.511,-0.000
askarovo,biyagoda_west,analytic,10.0,12.0,-3000.0,50.0,590.57,540.57,14.171,14.171,-0.631,14.319,0.000
askarovo,biyagoda_west,analytic,10.0,12.0,-3000.0,100.0,640.57,540.57,17.422,17.422,-0.202,17.432,0.000
askarovo,biyagoda_west,analytic,10.0,12.0,-3000.0,200.0,740.57,540.57,21.812,21.812,-0.712,21.819,0.000
askarovo,biyagoda_west,analytic,10.0,12.0,-3000.0,300.0,840.57,540.57,25.401,25.401,-0.443,25.406,-0.000
askarovo,biyagoda_west,analytic,10.0,12.0,-1000.0,1.0,465.68,464.68,2.781,2.781,-1.380,5.169,-0.000
askarovo,biyagoda_west,analytic,10.0,12.0,-1000.0,1.5,466.18,464.68,3.140,3.140,-1.509,5.699,0.000
askarovo,biyagoda_west,analytic,10.0,12.0,-1000.0,2.0,466.68,464.68,3.443,3.443,-1.604,6.108,0.000
askarovo,biyagoda_west,analytic,10.0,12.0,-1000.0,3.0,467.68,464.68,3.959,3.959,-1.740,6.737,-0.000
askarovo,biyagoda_west,analytic,10.0,12.0,-1000.0,5.0,469.68,464.68,4.814,4.814,-1.904,7.626,0.000
askarovo,biyagoda_west,analytic,10.0,12.0,-1000.0,10.0,474.68,464.68,6.496,6.496,-2.450,9.036,-0.000
askarovo,biyagoda_west,analytic,10.0,12.0,-1000.0,30.0,494.68,464.68,10.773,10.773,-1.962,11.918,0.000
askarovo,biyagoda_west,analytic,10.0,12.0,-1000.0,50.0,514.68,464.68,13.643,13.643,-0.327,13.649,-0.000
askarovo,biyagoda_west,analytic,10.0,12.0,-1000.0,100.0,564.68,464.68,16.641,16.641,0.244,16.641,-0.000
askarovo,biyagoda_west,analytic,10.0,12.0,-1000.0,200.0,664.68,464.68,20.884,20.884,0.025,20.884,0.000
askarovo,biyagoda_west,analytic,10.0,12.0,-1000.0,300.0,764.68,464.68,24.376,24.376,0.222,24.376,-0.000
askarovo,biyagoda_west,analytic,10.0,12.0,-300.0,1.0,503.94,502.94,5.301,5.301,1.146,5.301,-0.000
askarovo,biyagoda_west,analytic,10.0,12.0,-300.0,1.5,504.44,502.94,5.825,5.825,1.261,5.844,-0.000
askarovo,biyagoda_west,analytic,10.0,12.0,-300.0,2.0,504.94,502.94,6.249,6.249,1.355,6.264,-0.000
askarovo,biyagoda_west,analytic,10.0,12.0,-300.0,3.0,505.94,502.94,6.898,6.898,1.500,6.909,-0.000
askarovo,biyagoda_west,analytic,10.0,12.0,-300.0,5.0,507.94,502.94,7.812,7.812,1.707,7.820,0.000
askarovo,biyagoda_west,analytic,10.0,12.0,-300.0,10.0,512.94,502.94,9.261,9.261,2.050,9.265,-0.000
askarovo,biyagoda_west,analytic,10.0,12.0,-300.0,30.0,532.94,502.94,12.215,12.215,2.821,12.217,-0.000
askarovo,biyagoda_west,analytic,10.0,12.0,-300.0,50.0,552.94,502.94,13.986,13.986,3.297,13.987,-0.000
askarovo,biyagoda_west,analytic,10.0,12.0,-300.0,100.0,602.94,502.94,17.039,17.039,4.094,17.040,-0.000
askarovo,biyagoda_west,analytic,10.0,12.0,-300.0,200.0,702.94,502.94,21.355,21.355,5.405,21.355,-0.000
askarovo,biyagoda_west,analytic,10.0,12.0,-300.0,300.0,802.94,502.94,24.895,24.895,4.945,24.895,-0.000
askarovo,biyagoda_west,analytic,10.0,12.0,-150.0,1.0,560.82,559.82,5.497,5.497,2.349,5.497,0.000
askarovo,biyagoda_west,analytic,10.0,12.0,-150.0,1.5,561.32,559.82,5.996,5.996,2.562,6.061,-0.000
askarovo,biyagoda_west,analytic,10.0,12.0,-150.0,2.0,561.82,559.82,6.444,6.444,2.753,6.496,0.000
askarovo,biyagoda_west,analytic,10.0,12.0,-150.0,3.0,562.82,559.82,7.127,7.127,3.043,7.164,-0.000
askarovo,biyagoda_west,analytic,10.0,12.0,-150.0,5.0,564.82,559.82,8.083,8.083,3.452,8.109,-0.000
askarovo,biyagoda_west,analytic,10.0,12.0,-150.0,10.0,569.82,559.82,9.592,9.592,4.094,9.607,-0.000
askarovo,biyagoda_west,analytic,10.0,12.0,-150.0,30.0,589.82,559.82,12.655,12.655,5.305,12.661,0.000
askarovo,biyagoda_west,analytic,10.0,12.0,-150.0,50.0,609.82,559.82,14.485,14.485,5.883,14.489,0.000
askarovo,biyagoda_west,analytic,10.0,12.0,-150.0,100.0,659.82,559.82,17.630,17.630,6.000,17.633,0.000
askarovo,biyagoda_west,analytic,10.0,12.0,-150.0,200.0,759.82,559.82,22.054,22.054,3.409,22.056,-0.000
askarovo,biyagoda_west,analytic,10.0,12.0,-150.0,300.0,859.82,559.82,25.666,25.666,-2.362,25.667,0.000
askarovo,biyagoda_west,analytic,10.0,12.0,-50.0,1.0,613.83,612.83,5.862,5.862,2.452,5.680,-0.000
askarovo,biyagoda_west,analytic,10.0,12.0,-50.0,1.5,614.33,612.83,6.398,6.398,2.670,6.262,0.000
askarovo,biyagoda_west,analytic,10.0,12.0,-50.0,2.0,614.83,612.83,6.822,6.822,2.840,6.712,0.000
askarovo,biyagoda_west,analytic,10.0,12.0,-50.0,3.0,615.83,612.83,7.484,7.484,3.100,7.403,-0.000
askarovo,biyagoda_west,analytic,10.0,12.0,-50.0,5.0,617.83,612.83,8.434,8.434,3.458,8.378,-0.000
askarovo,biyagoda_west,analytic,10.0,12.0,-50.0,10.0,622.83,612.83,9.958,9.958,3.978,9.925,0.000
askarovo,biyagoda_west,analytic,10.0,12.0,-50.0,30.0,642.83,612.83,13.090,13.090,4.566,13.075,0.000
askarovo,biyagoda_west,analytic,10.0,12.0,-50.0,50.0,662.83,612.83,14.967,14.967,4.438,14.957,0.000
askarovo,biyagoda_west,analytic,10.0,12.0,-50.0,100.0,712.83,612.83,18.192,18.192,1.963,18.186,-0.000
askarovo,biyagoda_west,analytic,10.0,12.0,-50.0,200.0,812.83,612.83,22.712,22.712,-3.208,22.709,0.000
askarovo,biyagoda_west,analytic,10.0,12.0,-50.0,300.0,912.83,612.83,26.390,26.390,-2.565,26.387,0.000
askarovo,biyagoda_west,analytic,10.0,12.0,-30.0,1.0,623.54,622.54,5.984,5.984,2.286,5.714,-0.000
askarovo,biyagoda_west,analytic,10.0,12.0,-30.0,1.5,624.04,622.54,6.503,6.503,2.475,6.299,-0.000
askarovo,biyagoda_west,analytic,10.0,12.0,-30.0,2.0,624.54,622.54,6.917,6.917,2.623,6.752,0.000
askarovo,biyagoda_west,analytic,10.0,12.0,-30.0,3.0,625.54,622.54,7.570,7.570,2.849,7.446,0.000
askarovo,biyagoda_west,analytic,10.0,12.0,-30.0,5.0,627.54,622.54,8.512,8.512,3.156,8.428,-0.000
askarovo,biyagoda_west,analytic,10.0,12.0,-30.0,10.0,632.54,622.54,10.034,10.034,3.579,9.983,-0.000
askarovo,biyagoda_west,analytic,10.0,12.0,-30.0,30.0,652.54,622.54,13.173,13.173,3.971,13.151,0.000
askarovo,biyagoda_west,analytic,10.0,12.0,-30.0,50.0,672.54,622.54,15.058,15.058,3.286,15.043,-0.000
askarovo,biyagoda_west,analytic,10.0,12.0,-30.0,100.0,722.54,622.54,18.296,18.296,0.094,18.287,0.000
askarovo,biyagoda_west,analytic,10.0,12.0,-30.0,200.0,822.54,622.54,22.834,22.834,-3.491,22.828,0.000
askarovo,biyagoda_west,analytic,10.0,12.0,-30.0,300.0,922.54,622.54,26.523,26.523,-2.364,26.519,0.000
askarovo,biyagoda_west,analytic,10.0,12.0,-20.0,1.0,628.01,627.01,5.984,5.984,2.144,5.729,0.000
askarovo,biyagoda_west,analytic,10.0,12.0,-20.0,1.5,628.51,627.01,6.508,6.508,2.322,6.316,0.000
askarovo,biyagoda_west,analytic,10.0,12.0,-20.0,2.0,629.01,627.01,6.926,6.926,2.461,6.770,-0.000
askarovo,biyagoda_west,analytic,10.0,12.0,-20.0,3.0,630.01,627.01,7.582,7.582,2.673,7.466,-0.000
askarovo,biyagoda_west,analytic,10.0,12.0,-20.0,5.0,632.01,627.01,8.530,8.530,2.958,8.450,0.000
askarovo,biyagoda_west,analytic,10.0,12.0,-20.0,10.0,637.01,627.01,10.057,10.057,3.344,10.010,-0.000
askarovo,biyagoda_west,analytic,10.0,12.0,-20.0,30.0,657.01,627.01,13.207,13.207,3.409,13.186,0.000
askarovo,biyagoda_west,analytic,10.0,12.0,-20.0,50.0,677.01,627.01,15.097,15.097,2.601,15.082,0.000
askarovo,biyagoda_west,analytic,10.0,12.0,-20.0,100.0,727.01,627.01,18.342,18.342,-0.800,18.334,0.000
askarovo,biyagoda_west,analytic,10.0,12.0,-20.0,200.0,827.01,627.01,22.889,22.889,-3.468,22.883,-0.000
askarovo,biyagoda_west,analytic,10.0,12.0,-20.0,300.0,927.01,627.01,26.583,26.583,-2.280,26.579,0.000
askarovo,biyagoda_west,analytic,10.0,12.0,-10.0,1.0,632.26,631.26,5.843,5.843,1.950,5.744,0.000
askarovo,biyagoda_west,analytic,10.0,12.0,-10.0,1.5,632.76,631.26,6.406,6.406,2.128,6.333,0.000
askarovo,biyagoda_west,analytic,10.0,12.0,-10.0,2.0,633.26,631.26,6.847,6.847,2.264,6.787,-0.000
askarovo,biyagoda_west,analytic,10.0,12.0,-10.0,3.0,634.26,631.26,7.530,7.530,2.468,7.485,-0.000
askarovo,biyagoda_west,analytic,10.0,12.0,-10.0,5.0,636.26,631.26,8.502,8.502,2.738,8.472,-0.000
askarovo,biyagoda_west,analytic,10.0,12.0,-10.0,10.0,641.26,631.26,10.053,10.053,3.028,10.035,-0.000
askarovo,biyagoda_west,analytic,10.0,12.0,-10.0,30.0,661.26,631.26,13.227,13.227,2.794,13.219,-0.000
askarovo,biyagoda_west,analytic,10.0,12.0,-10.0,50.0,681.26,631.26,15.125,15.125,1.857,15.120,0.000
askarovo,biyagoda_west,analytic,10.0,12.0,-10.0,100.0,731.26,631.26,18.381,18.381,-1.512,18.378,0.000
askarovo,biyagoda_west,analytic,10.0,12.0,-10.0,200.0,831.26,631.26,22.938,22.938,-3.415,22.935,-0.000
askarovo,biyagoda_west,analytic,10.0,12.0,-10.0,300.0,931.26,631.26,26.638,26.638,-2.177,26.637,-0.000
askarovo,biyagoda_west,analytic,10.0,12.0,0.0,1.0,636.37,635.37,6.126,6.126,1.804,5.758,0.000
askarovo,biyagoda_west,analytic,10.0,12.0,0.0,1.5,636.87,635.37,6.628,6.628,1.936,6.348,-0.000
askarovo,biyagoda_west,analytic,10.0,12.0,0.0,2.0,637.37,635.37,7.032,7.032,2.038,6.804,0.000
askarovo,biyagoda_west,analytic,10.0,12.0,0.0,3.0,638.37,635.37,7.675,7.675,2.187,7.504,0.000
askarovo,biyagoda_west,analytic,10.0,12.0,0.0,5.0,640.37,635.37,8.610,8.610,2.373,8.493,0.000
askarovo,biyagoda_west,analytic,10.0,12.0,0.0,10.0,645.37,635.37,10.130,10.130,2.554,10.060,-0.000
askarovo,biyagoda_west,analytic,10.0,12.0,0.0,30.0,665.37,635.37,13.282,13.282,2.148,13.251,-0.000
askarovo,biyagoda_west,analytic,10.0,12.0,0.0,50.0,685.37,635.37,15.178,15.178,0.955,15.156,-0.000
askarovo,biyagoda_west,analytic,10.0,12.0,0.0,100.0,735.37,635.37,18.434,18.434,-2.178,18.421,0.000
askarovo,biyagoda_west,analytic,10.0,12.0,0.0,200.0,835.37,635.37,22.994,22.994,-3.318,22.986,0.000
askarovo,biyagoda_west,analytic,10.0,12.0,0.0,300.0,935.37,635.37,26.699,26.699,-2.061,26.693,0.000
askarovo,biyagoda_west,analytic,10.0,12.0,100.0,1.0,637.81,636.81,5.734,5.734,-1.825,5.763,0.000
askarovo,biyagoda_west,analytic,10.0,12.0,100.0,1.5,638.31,636.81,6.217,6.217,-1.966,6.354,0.000
askarovo,biyagoda_west,analytic,10.0,12.0,100.0,2.0,638.81,636.81,6.619,6.619,-2.082,6.810,-0.000
askarovo,biyagoda_west,analytic,10.0,12.0,100.0,3.0,639.81,636.81,7.270,7.270,-2.268,7.510,0.000
askarovo,biyagoda_west,analytic,10.0,12.0,100.0,5.0,641.81,636.81,8.234,8.234,-2.544,8.500,-0.000
askarovo,biyagoda_west,analytic,10.0,12.0,100.0,10.0,646.81,636.81,9.791,9.791,-2.999,10.069,-0.000
askarovo,biyagoda_west,analytic,10.0,12.0,100.0,30.0,666.81,636.81,13.049,13.049,-3.908,13.263,-0.000
askarovo,biyagoda_west,analytic,10.0,12.0,100.0,50.0,686.81,636.81,15.143,15.143,-4.075,15.169,0.000
askarovo,biyagoda_west,analytic,10.0,12.0,100.0,100.0,736.81,636.81,18.453,18.453,-3.730,18.436,0.000
askarovo,biyagoda_west,analytic,10.0,12.0,100.0,200.0,836.81,636.81,23.015,23.015,-2.410,23.004,0.000
askarovo,biyagoda_west,analytic,10.0,12.0,100.0,300.0,936.81,636.81,26.721,26.721,-1.293,26.712,-0.000
askarovo,biyagoda_west,analytic,10.0,12.0,300.0,1.0,561.70,560.70,1.316,-1.316,-3.449,5.500,0.000
askarovo,biyagoda_west,analytic,10.0,12.0,300.0,1.5,562.20,560.70,1.275,-1.275,-3.626,6.064,-0.000
askarovo,biyagoda_west,analytic,10.0,12.0,300.0,2.0,562.70,560.70,1.261,-1.261,-3.917,6.500,-0.000
askarovo,biyagoda_west,analytic,10.0,12.0,300.0,3.0,563.70,560.70,1.142,-1.142,-4.334,7.168,0.000
askarovo,biyagoda_west,analytic,10.0,12.0,300.0,5.0,565.70,560.70,0.733,-0.733,-4.868,8.114,-0.000
askarovo,biyagoda_west,analytic,10.0,12.0,300.0,10.0,570.70,560.70,0.633,0.633,-5.561,9.612,-0.000
askarovo,biyagoda_west,analytic,10.0,12.0,300.0,30.0,590.70,560.70,6.198,6.198,-5.992,12.668,0.000
askarovo,biyagoda_west,analytic,10.0,12.0,300.0,50.0,610.70,560.70,10.605,10.605,-5.219,14.497,0.000
askarovo,biyagoda_west,analytic,10.0,12.0,300.0,100.0,660.70,560.70,17.632,17.632,-2.371,17.642,-0.000
askarovo,biyagoda_west,analytic,10.0,12.0,300.0,200.0,760.70,560.70,22.060,22.060,-1.280,22.067,0.000
askarovo,biyagoda_west,analytic,10.0,12.0,300.0,300.0,860.70,560.70,25.674,25.674,-0.639,25.679,-0.000
askarovo,biyagoda_east,analytic,0.0,12.0,-3000.0,1.0,506.24,505.24,0.000,0.000,0.000,0.000,0.000
askarovo,biyagoda_east,analytic,0.0,12.0,-3000.0,1.5,506.74,505.24,0.000,0.000,0.000,0.000,0.000
askarovo,biyagoda_east,analytic,0.0,12.0,-3000.0,2.0,507.24,505.24,0.000,0.000,0.000,0.000,0.000
askarovo,biyagoda_east,analytic,0.0,12.0,-3000.0,3.0,508.24,505.24,0.000,0.000,0.000,0.000,0.000
askarovo,biyagoda_east,analytic,0.0,12.0,-3000.0,5.0,510.24,505.24,0.000,0.000,0.000,0.000,0.000
askarovo,biyagoda_east,analytic,0.0,12.0,-3000.0,10.0,515.24,505.24,0.000,0.000,0.000,0.000,0.000
askarovo,biyagoda_east,analytic,0.0,12.0,-3000.0,30.0,535.24,505.24,0.000,0.000,0.000,0.000,0.000
askarovo,biyagoda_east,analytic,0.0,12.0,-3000.0,50.0,555.24,505.24,0.000,0.000,0.000,0.000,0.000
askarovo,biyagoda_east,analytic,0.0,12.0,-3000.0,100.0,605.24,505.24,0.000,0.000,0.000,0.000,0.000
askarovo,biyagoda_east,analytic,0.0,12.0,-3000.0,200.0,705.24,505.24,0.000,0.000,0.000,0.000,0.000
askarovo,biyagoda_east,analytic,0.0,12.0,-3000.0,300.0,805.24,505.24,0.000,0.000,0.000,0.000,0.000
askarovo,biyagoda_east,analytic,0.0,12.0,-1000.0,1.0,490.97,489.97,0.000,0.000,0.000,0.000,0.000
askarovo,biyagoda_east,analytic,0.0,12.0,-1000.0,1.5,491.47,489.97,0.000,0.000,0.000,0.000,0.000
askarovo,biyagoda_east,analytic,0.0,12.0,-1000.0,2.0,491.97,489.97,0.000,0.000,0.000,0.000,0.000
askarovo,biyagoda_east,analytic,0.0,12.0,-1000.0,3.0,492.97,489.97,0.000,0.000,0.000,0.000,0.000
askarovo,biyagoda_east,analytic,0.0,12.0,-1000.0,5.0,494.97,489.97,0.000,0.000,0.000,0.000,0.000
askarovo,biyagoda_east,analytic,0.0,12.0,-1000.0,10.0,499.97,489.97,0.000,0.000,0.000,0.000,0.000
askarovo,biyagoda_east,analytic,0.0,12.0,-1000.0,30.0,519.97,489.97,0.000,0.000,0.000,0.000,0.000
askarovo,biyagoda_east,analytic,0.0,12.0,-1000.0,50.0,539.97,489.97,0.000,0.000,0.000,0.000,0.000
askarovo,biyagoda_east,analytic,0.0,12.0,-1000.0,100.0,589.97,489.97,0.000,0.000,0.000,0.000,0.000
askarovo,biyagoda_east,analytic,0.0,12.0,-1000.0,200.0,689.97,489.97,0.000,0.000,0.000,0.000,0.000
askarovo,biyagoda_east,analytic,0.0,12.0,-1000.0,300.0,789.97,489.97,0.000,0.000,0.000,0.000,0.000
askarovo,biyagoda_east,analytic,0.0,12.0,-300.0,1.0,556.31,555.31,0.000,0.000,0.000,0.000,0.000
askarovo,biyagoda_east,analytic,0.0,12.0,-300.0,1.5,556.81,555.31,0.000,0.000,0.000,0.000,0.000
askarovo,biyagoda_east,analytic,0.0,12.0,-300.0,2.0,557.31,555.31,0.000,0.000,0.000,0.000,0.000
askarovo,biyagoda_east,analytic,0.0,12.0,-300.0,3.0,558.31,555.31,0.000,0.000,0.000,0.000,0.000
askarovo,biyagoda_east,analytic,0.0,12.0,-300.0,5.0,560.31,555.31,0.000,0.000,0.000,0.000,0.000
askarovo,biyagoda_east,analytic,0.0,12.0,-300.0,10.0,565.31,555.31,0.000,0.000,0.000,0.000,0.000
askarovo,biyagoda_east,analytic,0.0,12.0,-300.0,30.0,585.31,555.31,0.000,0.000,0.000,0.000,0.000
askarovo,biyagoda_east,analytic,0.0,12.0,-300.0,50.0,605.31,555.31,0.000,0.000,0.000,0.000,0.000
askarovo,biyagoda_east,analytic,0.0,12.0,-300.0,100.0,655.31,555.31,0.000,0.000,0.000,0.000,0.000
askarovo,biyagoda_east,analytic,0.0,12.0,-300.0,200.0,755.31,555.31,0.000,0.000,0.000,0.000,0.000
askarovo,biyagoda_east,analytic,0.0,12.0,-300.0,300.0,855.31,555.31,0.000,0.000,0.000,0.000,0.000
askarovo,biyagoda_east,analytic,0.0,12.0,-150.0,1.0,592.65,591.65,0.000,0.000,0.000,0.000,0.000
askarovo,biyagoda_east,analytic,0.0,12.0,-150.0,1.5,593.15,591.65,0.000,0.000,0.000,0.000,0.000
askarovo,biyagoda_east,analytic,0.0,12.0,-150.0,2.0,593.65,591.65,0.000,0.000,0.000,0.000,0.000
askarovo,biyagoda_east,analytic,0.0,12.0,-150.0,3.0,594.65,591.65,0.000,0.000,0.000,0.000,0.000
askarovo,biyagoda_east,analytic,0.0,12.0,-150.0,5.0,596.65,591.65,0.000,0.000,0.000,0.000,0.000
askarovo,biyagoda_east,analytic,0.0,12.0,-150.0,10.0,601.65,591.65,0.000,0.000,0.000,0.000,0.000
askarovo,biyagoda_east,analytic,0.0,12.0,-150.0,30.0,621.65,591.65,0.000,0.000,0.000,0.000,0.000
askarovo,biyagoda_east,analytic,0.0,12.0,-150.0,50.0,641.65,591.65,0.000,0.000,0.000,0.000,0.000
askarovo,biyagoda_east,analytic,0.0,12.0,-150.0,100.0,691.65,591.65,0.000,0.000,0.000,0.000,0.000
askarovo,biyagoda_east,analytic,0.0,12.0,-150.0,200.0,791.65,591.65,0.000,0.000,0.000,0.000,0.000
askarovo,biyagoda_east,analytic,0.0,12.0,-150.0,300.0,891.65,591.65,0.000,0.000,0.000,0.000,0.000
askarovo,biyagoda_east,analytic,0.0,12.0,-50.0,1.0,623.21,622.21,0.000,0.000,0.000,0.000,0.000
askarovo,biyagoda_east,analytic,0.0,12.0,-50.0,1.5,623.71,622.21,0.000,0.000,0.000,0.000,0.000
askarovo,biyagoda_east,analytic,0.0,12.0,-50.0,2.0,624.21,622.21,0.000,0.000,0.000,0.000,0.000
askarovo,biyagoda_east,analytic,0.0,12.0,-50.0,3.0,625.21,622.21,0.000,0.000,0.000,0.000,0.000
askarovo,biyagoda_east,analytic,0.0,12.0,-50.0,5.0,627.21,622.21,0.000,0.000,0.000,0.000,0.000
askarovo,biyagoda_east,analytic,0.0,12.0,-50.0,10.0,632.21,622.21,0.000,0.000,0.000,0.000,0.000
askarovo,biyagoda_east,analytic,0.0,12.0,-50.0,30.0,652.21,622.21,0.000,0.000,0.000,0.000,0.000
askarovo,biyagoda_east,analytic,0.0,12.0,-50.0,50.0,672.21,622.21,0.000,0.000,0.000,0.000,0.000
askarovo,biyagoda_east,analytic,0.0,12.0,-50.0,100.0,722.21,622.21,0.000,0.000,0.000,0.000,0.000
askarovo,biyagoda_east,analytic,0.0,12.0,-50.0,200.0,822.21,622.21,0.000,0.000,0.000,0.000,0.000
askarovo,biyagoda_east,analytic,0.0,12.0,-50.0,300.0,922.21,622.21,0.000,0.000,0.000,0.000,0.000
askarovo,biyagoda_east,analytic,0.0,12.0,-30.0,1.0,629.36,628.36,0.000,0.000,0.000,0.000,0.000
askarovo,biyagoda_east,analytic,0.0,12.0,-30.0,1.5,629.86,628.36,0.000,0.000,0.000,0.000,0.000
askarovo,biyagoda_east,analytic,0.0,12.0,-30.0,2.0,630.36,628.36,0.000,0.000,0.000,0.000,0.000
askarovo,biyagoda_east,analytic,0.0,12.0,-30.0,3.0,631.36,628.36,0.000,0.000,0.000,0.000,0.000
askarovo,biyagoda_east,analytic,0.0,12.0,-30.0,5.0,633.36,628.36,0.000,0.000,0.000,0.000,0.000
askarovo,biyagoda_east,analytic,0.0,12.0,-30.0,10.0,638.36,628.36,0.000,0.000,0.000,0.000,0.000
askarovo,biyagoda_east,analytic,0.0,12.0,-30.0,30.0,658.36,628.36,0.000,0.000,0.000,0.000,0.000
askarovo,biyagoda_east,analytic,0.0,12.0,-30.0,50.0,678.36,628.36,0.000,0.000,0.000,0.000,0.000
askarovo,biyagoda_east,analytic,0.0,12.0,-30.0,100.0,728.36,628.36,0.000,0.000,0.000,0.000,0.000
askarovo,biyagoda_east,analytic,0.0,12.0,-30.0,200.0,828.36,628.36,0.000,0.000,0.000,0.000,0.000
askarovo,biyagoda_east,analytic,0.0,12.0,-30.0,300.0,928.36,628.36,0.000,0.000,0.000,0.000,0.000
askarovo,biyagoda_east,analytic,0.0,12.0,-20.0,1.0,632.34,631.34,0.000,0.000,0.000,0.000,0.000
askarovo,biyagoda_east,analytic,0.0,12.0,-20.0,1.5,632.84,631.34,0.000,0.000,0.000,0.000,0.000
askarovo,biyagoda_east,analytic,0.0,12.0,-20.0,2.0,633.34,631.34,0.000,0.000,0.000,0.000,0.000
askarovo,biyagoda_east,analytic,0.0,12.0,-20.0,3.0,634.34,631.34,0.000,0.000,0.000,0.000,0.000
askarovo,biyagoda_east,analytic,0.0,12.0,-20.0,5.0,636.34,631.34,0.000,0.000,0.000,0.000,0.000
askarovo,biyagoda_east,analytic,0.0,12.0,-20.0,10.0,641.34,631.34,0.000,0.000,0.000,0.000,0.000
askarovo,biyagoda_east,analytic,0.0,12.0,-20.0,30.0,661.34,631.34,0.000,0.000,0.000,0.000,0.000
askarovo,biyagoda_east,analytic,0.0,12.0,-20.0,50.0,681.34,631.34,0.000,0.000,0.000,0.000,0.000
askarovo,biyagoda_east,analytic,0.0,12.0,-20.0,100.0,731.34,631.34,0.000,0.000,0.000,0.000,0.000
askarovo,biyagoda_east,analytic,0.0,12.0,-20.0,200.0,831.34,631.34,0.000,0.000,0.000,0.000,0.000
askarovo,biyagoda_east,analytic,0.0,12.0,-20.0,300.0,931.34,631.34,0.000,0.000,0.000,0.000,0.000
askarovo,biyagoda_east,analytic,0.0,12.0,-10.0,1.0,635.22,634.22,0.000,0.000,0.000,0.000,0.000
askarovo,biyagoda_east,analytic,0.0,12.0,-10.0,1.5,635.72,634.22,0.000,0.000,0.000,0.000,0.000
askarovo,biyagoda_east,analytic,0.0,12.0,-10.0,2.0,636.22,634.22,0.000,0.000,0.000,0.000,0.000
askarovo,biyagoda_east,analytic,0.0,12.0,-10.0,3.0,637.22,634.22,0.000,0.000,0.000,0.000,0.000
askarovo,biyagoda_east,analytic,0.0,12.0,-10.0,5.0,639.22,634.22,0.000,0.000,0.000,0.000,0.000
askarovo,biyagoda_east,analytic,0.0,12.0,-10.0,10.0,644.22,634.22,0.000,0.000,0.000,0.000,0.000
askarovo,biyagoda_east,analytic,0.0,12.0,-10.0,30.0,664.22,634.22,0.000,0.000,0.000,0.000,0.000
askarovo,biyagoda_east,analytic,0.0,12.0,-10.0,50.0,684.22,634.22,0.000,0.000,0.000,0.000,0.000
askarovo,biyagoda_east,analytic,0.0,12.0,-10.0,100.0,734.22,634.22,0.000,0.000,0.000,0.000,0.000
askarovo,biyagoda_east,analytic,0.0,12.0,-10.0,200.0,834.22,634.22,0.000,0.000,0.000,0.000,0.000
askarovo,biyagoda_east,analytic,0.0,12.0,-10.0,300.0,934.22,634.22,0.000,0.000,0.000,0.000,0.000
askarovo,biyagoda_east,analytic,0.0,12.0,0.0,1.0,638.03,637.03,0.000,0.000,0.000,0.000,0.000
askarovo,biyagoda_east,analytic,0.0,12.0,0.0,1.5,638.53,637.03,0.000,0.000,0.000,0.000,0.000
askarovo,biyagoda_east,analytic,0.0,12.0,0.0,2.0,639.03,637.03,0.000,0.000,0.000,0.000,0.000
askarovo,biyagoda_east,analytic,0.0,12.0,0.0,3.0,640.03,637.03,0.000,0.000,0.000,0.000,0.000
askarovo,biyagoda_east,analytic,0.0,12.0,0.0,5.0,642.03,637.03,0.000,0.000,0.000,0.000,0.000
askarovo,biyagoda_east,analytic,0.0,12.0,0.0,10.0,647.03,637.03,0.000,0.000,0.000,0.000,0.000
askarovo,biyagoda_east,analytic,0.0,12.0,0.0,30.0,667.03,637.03,0.000,0.000,0.000,0.000,0.000
askarovo,biyagoda_east,analytic,0.0,12.0,0.0,50.0,687.03,637.03,0.000,0.000,0.000,0.000,0.000
askarovo,biyagoda_east,analytic,0.0,12.0,0.0,100.0,737.03,637.03,0.000,0.000,0.000,0.000,0.000
askarovo,biyagoda_east,analytic,0.0,12.0,0.0,200.0,837.03,637.03,0.000,0.000,0.000,0.000,0.000
askarovo,biyagoda_east,analytic,0.0,12.0,0.0,300.0,937.03,637.03,0.000,0.000,0.000,0.000,0.000
askarovo,biyagoda_east,analytic,0.0,12.0,100.0,1.0,639.70,638.70,0.000,0.000,0.000,0.000,0.000
askarovo,biyagoda_east,analytic,0.0,12.0,100.0,1.5,640.20,638.70,0.000,0.000,0.000,0.000,0.000
askarovo,biyagoda_east,analytic,0.0,12.0,100.0,2.0,640.70,638.70,0.000,0.000,0.000,0.000,0.000
askarovo,biyagoda_east,analytic,0.0,12.0,100.0,3.0,641.70,638.70,0.000,0.000,0.000,0.000,0.000
askarovo,biyagoda_east,analytic,0.0,12.0,100.0,5.0,643.70,638.70,0.000,0.000,0.000,0.000,0.000
askarovo,biyagoda_east,analytic,0.0,12.0,100.0,10.0,648.70,638.70,0.000,0.000,0.000,0.000,0.000
askarovo,biyagoda_east,analytic,0.0,12.0,100.0,30.0,668.70,638.70,0.000,0.000,0.000,0.000,0.000
askarovo,biyagoda_east,analytic,0.0,12.0,100.0,50.0,688.70,638.70,0.000,0.000,0.000,0.000,0.000
askarovo,biyagoda_east,analytic,0.0,12.0,100.0,100.0,738.70,638.70,0.000,0.000,0.000,0.000,0.000
askarovo,biyagoda_east,analytic,0.0,12.0,100.0,200.0,838.70,638.70,0.000,0.000,0.000,0.000,0.000
askarovo,biyagoda_east,analytic,0.0,12.0,100.0,300.0,938.70,638.70,0.000,0.000,0.000,0.000,0.000
askarovo,biyagoda_east,analytic,0.0,12.0,300.0,1.0,547.26,546.26,0.000,0.000,0.000,0.000,0.000
askarovo,biyagoda_east,analytic,0.0,12.0,300.0,1.5,547.76,546.26,0.000,0.000,0.000,0.000,0.000
askarovo,biyagoda_east,analytic,0.0,12.0,300.0,2.0,548.26,546.26,0.000,0.000,0.000,0.000,0.000
askarovo,biyagoda_east,analytic,0.0,12.0,300.0,3.0,549.26,546.26,0.000,0.000,0.000,0.000,0.000
askarovo,biyagoda_east,analytic,0.0,12.0,300.0,5.0,551.26,546.26,0.000,0.000,0.000,0.000,0.000
askarovo,biyagoda_east,analytic,0.0,12.0,300.0,10.0,556.26,546.26,0.000,0.000,0.000,0.000,0.000
askarovo,biyagoda_east,analytic,0.0,12.0,300.0,30.0,576.26,546.26,0.000,0.000,0.000,0.000,0.000
askarovo,biyagoda_east,analytic,0.0,12.0,300.0,50.0,596.26,546.26,0.000,0.000,0.000,0.000,0.000
askarovo,biyagoda_east,analytic,0.0,12.0,300.0,100.0,646.26,546.26,0.000,0.000,0.000,0.000,0.000
askarovo,biyagoda_east,analytic,0.0,12.0,300.0,200.0,746.26,546.26,0.000,0.000,0.000,0.000,0.000
askarovo,biyagoda_east,analytic,0.0,12.0,300.0,300.0,846.26,546.26,0.000,0.000,0.000,0.000,0.000
askarovo,biyagoda_east,analytic,3.0,12.0,-3000.0,1.0,506.24,505.24,2.074,2.074,0.020,2.136,0.000
askarovo,biyagoda_east,analytic,3.0,12.0,-3000.0,1.5,506.74,505.24,2.173,2.173,0.021,2.236,-0.000
askarovo,biyagoda_east,analytic,3.0,12.0,-3000.0,2.0,507.24,505.24,2.247,2.247,0.022,2.310,0.000
askarovo,biyagoda_east,analytic,3.0,12.0,-3000.0,3.0,508.24,505.24,2.356,2.356,0.024,2.419,-0.000
askarovo,biyagoda_east,analytic,3.0,12.0,-3000.0,5.0,510.24,505.24,2.503,2.503,0.027,2.565,-0.000
askarovo,biyagoda_east,analytic,3.0,12.0,-3000.0,10.0,515.24,505.24,2.724,2.724,0.032,2.781,0.000
askarovo,biyagoda_east,analytic,3.0,12.0,-3000.0,30.0,535.24,505.24,3.157,3.157,0.050,3.186,-0.000
askarovo,biyagoda_east,analytic,3.0,12.0,-3000.0,50.0,555.24,505.24,3.416,3.416,0.065,3.416,-0.000
askarovo,biyagoda_east,analytic,3.0,12.0,-3000.0,100.0,605.24,505.24,3.809,3.809,0.059,3.809,-0.000
askarovo,biyagoda_east,analytic,3.0,12.0,-3000.0,200.0,705.24,505.24,4.368,4.368,0.041,4.368,0.000
askarovo,biyagoda_east,analytic,3.0,12.0,-3000.0,300.0,805.24,505.24,4.639,4.639,0.092,4.639,-0.000
askarovo,biyagoda_east,analytic,3.0,12.0,-1000.0,1.0,490.97,489.97,1.551,1.551,-0.299,2.115,0.000
askarovo,biyagoda_east,analytic,3.0,12.0,-1000.0,1.5,491.47,489.97,1.628,1.628,-0.310,2.214,-0.000
askarovo,biyagoda_east,analytic,3.0,12.0,-1000.0,2.0,491.97,489.97,1.689,1.689,-0.318,2.287,0.000
askarovo,biyagoda_east,analytic,3.0,12.0,-1000.0,3.0,492.97,489.97,1.785,1.785,-0.328,2.395,0.000
askarovo,biyagoda_east,analytic,3.0,12.0,-1000.0,5.0,494.97,489.97,1.928,1.928,-0.337,2.539,-0.000
askarovo,biyagoda_east,analytic,3.0,12.0,-1000.0,10.0,499.97,489.97,2.185,2.185,-0.339,2.753,0.000
askarovo,biyagoda_east,analytic,3.0,12.0,-1000.0,30.0,519.97,489.97,2.864,2.864,-0.263,3.155,-0.000
askarovo,biyagoda_east,analytic,3.0,12.0,-1000.0,50.0,539.97,489.97,3.384,3.384,-0.154,3.383,-0.000
askarovo,biyagoda_east,analytic,3.0,12.0,-1000.0,100.0,589.97,489.97,3.773,3.773,-0.141,3.773,-0.000
askarovo,biyagoda_east,analytic,3.0,12.0,-1000.0,200.0,689.97,489.97,4.329,4.329,0.018,4.329,0.000
askarovo,biyagoda_east,analytic,3.0,12.0,-1000.0,300.0,789.97,489.97,4.600,4.600,0.010,4.600,-0.000
askarovo,biyagoda_east,analytic,3.0,12.0,-300.0,1.0,556.31,555.31,2.228,2.228,0.447,2.206,-0.000
askarovo,biyagoda_east,analytic,3.0,12.0,-300.0,1.5,556.81,555.31,2.324,2.324,0.466,2.309,-0.000
askarovo,biyagoda_east,analytic,3.0,12.0,-300.0,2.0,557.31,555.31,2.397,2.397,0.480,2.385,0.000
askarovo,biyagoda_east,analytic,3.0,12.0,-300.0,3.0,558.31,555.31,2.506,2.506,0.500,2.498,-0.000
askarovo,biyagoda_east,analytic,3.0,12.0,-300.0,5.0,560.31,555.31,2.654,2.654,0.527,2.648,0.000
askarovo,biyagoda_east,analytic,3.0,12.0,-300.0,10.0,565.31,555.31,2.874,2.874,0.563,2.871,0.000
askarovo,biyagoda_east,analytic,3.0,12.0,-300.0,30.0,585.31,555.31,3.289,3.289,0.605,3.288,0.000
askarovo,biyagoda_east,analytic,3.0,12.0,-300.0,50.0,605.31,555.31,3.525,3.525,0.609,3.524,-0.000
askarovo,biyagoda_east,analytic,3.0,12.0,-300.0,100.0,655.31,555.31,3.926,3.926,0.584,3.925,-0.000
askarovo,biyagoda_east,analytic,3.0,12.0,-300.0,200.0,755.31,555.31,4.494,4.494,0.561,4.494,-0.000
askarovo,biyagoda_east,analytic,3.0,12.0,-300.0,300.0,855.31,555.31,4.765,4.765,0.485,4.765,-0.000
askarovo,biyagoda_east,analytic,3.0,12.0,-150.0,1.0,592.65,591.65,2.304,2.304,0.530,2.256,-0.000
askarovo,biyagoda_east,analytic,3.0,12.0,-150.0,1.5,593.15,591.65,2.396,2.396,0.551,2.362,0.000
askarovo,biyagoda_east,analytic,3.0,12.0,-150.0,2.0,593.65,591.65,2.467,2.467,0.567,2.440,-0.000
askarovo,biyagoda_east,analytic,3.0,12.0,-150.0,3.0,594.65,591.65,2.574,2.574,0.591,2.555,-0.000
askarovo,biyagoda_east,analytic,3.0,12.0,-150.0,5.0,596.65,591.65,2.721,2.721,0.624,2.709,-0.000
askarovo,biyagoda_east,analytic,3.0,12.0,-150.0,10.0,601.65,591.65,2.943,2.943,0.673,2.936,0.000
askarovo,biyagoda_east,analytic,3.0,12.0,-150.0,30.0,621.65,591.65,3.364,3.364,0.763,3.362,0.000
askarovo,biyagoda_east,analytic,3.0,12.0,-150.0,50.0,641.65,591.65,3.604,3.604,0.806,3.603,0.000
askarovo,biyagoda_east,analytic,3.0,12.0,-150.0,100.0,691.65,591.65,4.011,4.011,0.783,4.010,-0.000
askarovo,biyagoda_east,analytic,3.0,12.0,-150.0,200.0,791.65,591.65,4.586,4.586,0.465,4.585,-0.000
askarovo,biyagoda_east,analytic,3.0,12.0,-150.0,300.0,891.65,591.65,4.857,4.857,-0.344,4.857,-0.000
askarovo,biyagoda_east,analytic,3.0,12.0,-50.0,1.0,623.21,622.21,2.377,2.377,0.613,2.299,0.000
askarovo,biyagoda_east,analytic,3.0,12.0,-50.0,1.5,623.71,622.21,2.463,2.463,0.634,2.406,-0.000
askarovo,biyagoda_east,analytic,3.0,12.0,-50.0,2.0,624.21,622.21,2.531,2.531,0.650,2.486,-0.000
askarovo,biyagoda_east,analytic,3.0,12.0,-50.0,3.0,625.21,622.21,2.635,2.635,0.673,2.603,-0.000
askarovo,biyagoda_east,analytic,3.0,12.0,-50.0,5.0,627.21,622.21,2.780,2.780,0.704,2.760,-0.000
askarovo,biyagoda_east,analytic,3.0,12.0,-50.0,10.0,632.21,622.21,3.003,3.003,0.741,2.991,-0.000
askarovo,biyagoda_east,analytic,3.0,12.0,-50.0,30.0,652.21,622.21,3.428,3.428,0.764,3.424,-0.000
askarovo,biyagoda_east,analytic,3.0,12.0,-50.0,50.0,672.21,622.21,3.671,3.671,0.700,3.668,0.000
askarovo,biyagoda_east,analytic,3.0,12.0,-50.0,100.0,722.21,622.21,4.083,4.083,0.341,4.081,0.000
askarovo,biyagoda_east,analytic,3.0,12.0,-50.0,200.0,822.21,622.21,4.663,4.663,-0.623,4.662,-0.000
askarovo,biyagoda_east,analytic,3.0,12.0,-50.0,300.0,922.21,622.21,4.934,4.934,-0.556,4.934,0.000
askarovo,biyagoda_east,analytic,3.0,12.0,-30.0,1.0,629.36,628.36,2.399,2.399,0.589,2.307,0.000
askarovo,biyagoda_east,analytic,3.0,12.0,-30.0,1.5,629.86,628.36,2.482,2.482,0.608,2.415,-0.000
askarovo,biyagoda_east,analytic,3.0,12.0,-30.0,2.0,630.36,628.36,2.549,2.549,0.622,2.495,0.000
askarovo,biyagoda_east,analytic,3.0,12.0,-30.0,3.0,631.36,628.36,2.651,2.651,0.644,2.613,-0.000
askarovo,biyagoda_east,analytic,3.0,12.0,-30.0,5.0,633.36,628.36,2.795,2.795,0.672,2.770,-0.000
askarovo,biyagoda_east,analytic,3.0,12.0,-30.0,10.0,638.36,628.36,3.016,3.016,0.706,3.002,0.000
askarovo,biyagoda_east,analytic,3.0,12.0,-30.0,30.0,658.36,628.36,3.442,3.442,0.674,3.436,0.000
askarovo,biyagoda_east,analytic,3.0,12.0,-30.0,50.0,678.36,628.36,3.685,3.685,0.587,3.682,-0.000
askarovo,biyagoda_east,analytic,3.0,12.0,-30.0,100.0,728.36,628.36,4.097,4.097,0.070,4.095,0.000
askarovo,biyagoda_east,analytic,3.0,12.0,-30.0,200.0,828.36,628.36,4.679,4.679,-0.736,4.678,-0.000
askarovo,biyagoda_east,analytic,3.0,12.0,-30.0,300.0,928.36,628.36,4.950,4.950,-0.529,4.950,-0.000
askarovo,biyagoda_east,analytic,3.0,12.0,-20.0,1.0,632.34,631.34,2.396,2.396,0.569,2.312,-0.000
askarovo,biyagoda_east,analytic,3.0,12.0,-20.0,1.5,632.84,631.34,2.482,2.482,0.586,2.420,-0.000
askarovo,biyagoda_east,analytic,3.0,12.0,-20.0,2.0,633.34,631.34,2.549,2.549,0.600,2.500,-0.000
askarovo,biyagoda_east,analytic,3.0,12.0,-20.0,3.0,634.34,631.34,2.653,2.653,0.618,2.617,-0.000
askarovo,biyagoda_east,analytic,3.0,12.0,-20.0,5.0,636.34,631.34,2.798,2.798,0.640,2.775,-0.000
askarovo,biyagoda_east,analytic,3.0,12.0,-20.0,10.0,641.34,631.34,3.020,3.020,0.660,3.008,0.000
askarovo,biyagoda_east,analytic,3.0,12.0,-20.0,30.0,661.34,631.34,3.447,3.447,0.620,3.442,0.000
askarovo,biyagoda_east,analytic,3.0,12.0,-20.0,50.0,681.34,631.34,3.691,3.691,0.473,3.688,-0.000
askarovo,biyagoda_east,analytic,3.0,12.0,-20.0,100.0,731.34,631.34,4.104,4.104,-0.088,4.102,0.000
askarovo,biyagoda_east,analytic,3.0,12.0,-20.0,200.0,831.34,631.34,4.686,4.686,-0.743,4.685,-0.000
askarovo,biyagoda_east,analytic,3.0,12.0,-20.0,300.0,931.34,631.34,4.957,4.957,-0.515,4.957,0.000
askarovo,biyagoda_east,analytic,3.0,12.0,-10.0,1.0,635.22,634.22,2.435,2.435,0.535,2.316,0.000
askarovo,biyagoda_east,analytic,3.0,12.0,-10.0,1.5,635.72,634.22,2.513,2.513,0.549,2.424,-0.000
askarovo,biyagoda_east,analytic,3.0,12.0,-10.0,2.0,636.22,634.22,2.575,2.575,0.560,2.504,0.000
askarovo,biyagoda_east,analytic,3.0,12.0,-10.0,3.0,637.22,634.22,2.673,2.673,0.576,2.622,-0.000
askarovo,biyagoda_east,analytic,3.0,12.0,-10.0,5.0,639.22,634.22,2.813,2.813,0.595,2.780,0.000
askarovo,biyagoda_east,analytic,3.0,12.0,-10.0,10.0,644.22,634.22,3.032,3.032,0.610,3.013,-0.000
askarovo,biyagoda_east,analytic,3.0,12.0,-10.0,30.0,664.22,634.22,3.455,3.455,0.538,3.448,-0.000
askarovo,biyagoda_east,analytic,3.0,12.0,-10.0,50.0,684.22,634.22,3.699,3.699,0.358,3.694,0.000
askarovo,biyagoda_east,analytic,3.0,12.0,-10.0,100.0,734.22,634.22,4.112,4.112,-0.244,4.109,-0.000
askarovo,biyagoda_east,analytic,3.0,12.0,-10.0,200.0,834.22,634.22,4.694,4.694,-0.751,4.692,0.000
askarovo,biyagoda_east,analytic,3.0,12.0,-10.0,300.0,934.22,634.22,4.965,4.965,-0.500,4.965,0.000
askarovo,biyagoda_east,analytic,3.0,12.0,0.0,1.0,638.03,637.03,2.462,2.462,0.497,2.319,0.000
askarovo,biyagoda_east,analytic,3.0,12.0,0.0,1.5,638.53,637.03,2.534,2.534,0.509,2.428,-0.000
askarovo,biyagoda_east,analytic,3.0,12.0,0.0,2.0,639.03,637.03,2.594,2.594,0.518,2.508,-0.000
askarovo,biyagoda_east,analytic,3.0,12.0,0.0,3.0,640.03,637.03,2.689,2.689,0.532,2.626,-0.000
askarovo,biyagoda_east,analytic,3.0,12.0,0.0,5.0,642.03,637.03,2.825,2.825,0.548,2.784,-0.000
askarovo,biyagoda_east,analytic,3.0,12.0,0.0,10.0,647.03,637.03,3.041,3.041,0.560,3.018,0.000
askarovo,biyagoda_east,analytic,3.0,12.0,0.0,30.0,667.03,637.03,3.463,3.463,0.424,3.454,0.000
askarovo,biyagoda_east,analytic,3.0,12.0,0.0,50.0,687.03,637.03,3.706,3.706,0.240,3.700,-0.000
askarovo,biyagoda_east,analytic,3.0,12.0,0.0,100.0,737.03,637.03,4.119,4.119,-0.397,4.116,-0.000
askarovo,biyagoda_east,analytic,3.0,12.0,0.0,200.0,837.03,637.03,4.701,4.701,-0.757,4.700,0.000
askarovo,biyagoda_east,analytic,3.0,12.0,0.0,300.0,937.03,637.03,4.972,4.972,-0.485,4.972,-0.000
askarovo,biyagoda_east,analytic,3.0,12.0,100.0,1.0,639.70,638.70,2.245,2.245,-0.595,2.322,0.000
askarovo,biyagoda_east,analytic,3.0,12.0,100.0,1.5,640.20,638.70,2.350,2.350,-0.623,2.430,0.000
askarovo,biyagoda_east,analytic,3.0,12.0,100.0,2.0,640.70,638.70,2.429,2.429,-0.644,2.511,0.000
askarovo,biyagoda_east,analytic,3.0,12.0,100.0,3.0,641.70,638.70,2.548,2.548,-0.677,2.629,-0.000
askarovo,biyagoda_east,analytic,3.0,12.0,100.0,5.0,643.70,638.70,2.707,2.707,-0.724,2.787,0.000
askarovo,biyagoda_east,analytic,3.0,12.0,100.0,10.0,648.70,638.70,2.945,2.945,-0.802,3.021,0.000
askarovo,biyagoda_east,analytic,3.0,12.0,100.0,30.0,668.70,638.70,3.411,3.411,-0.984,3.457,0.000
askarovo,biyagoda_east,analytic,3.0,12.0,100.0,50.0,688.70,638.70,3.698,3.698,-1.040,3.704,-0.000
askarovo,biyagoda_east,analytic,3.0,12.0,100.0,100.0,738.70,638.70,4.120,4.120,-0.973,4.119,-0.000
askarovo,biyagoda_east,analytic,3.0,12.0,100.0,200.0,838.70,638.70,4.704,4.704,-0.646,4.704,-0.000
askarovo,biyagoda_east,analytic,3.0,12.0,100.0,300.0,938.70,638.70,4.976,4.976,-0.299,4.976,-0.000
askarovo,biyagoda_east,analytic,3.0,12.0,300.0,1.0,547.26,546.26,0.522,0.522,-0.737,2.193,0.000
askarovo,biyagoda_east,analytic,3.0,12.0,300.0,1.5,547.76,546.26,0.542,0.542,-0.747,2.296,-0.000
askarovo,biyagoda_east,analytic,3.0,12.0,300.0,2.0,548.26,546.26,0.578,0.578,-0.780,2.372,-0.000
askarovo,biyagoda_east,analytic,3.0,12.0,300.0,3.0,549.26,546.26,0.639,0.639,-0.825,2.483,0.000
askarovo,biyagoda_east,analytic,3.0,12.0,300.0,5.0,551.26,546.26,0.740,0.740,-0.882,2.633,0.000
askarovo,biyagoda_east,analytic,3.0,12.0,300.0,10.0,556.26,546.26,0.958,0.958,-0.963,2.855,-0.000
askarovo,biyagoda_east,analytic,3.0,12.0,300.0,30.0,576.26,546.26,1.700,1.700,-1.069,3.269,-0.000
askarovo,biyagoda_east,analytic,3.0,12.0,300.0,50.0,596.26,546.26,2.359,2.359,-1.246,3.505,-0.000
askarovo,biyagoda_east,analytic,3.0,12.0,300.0,100.0,646.26,546.26,3.899,3.899,-0.607,3.904,-0.000
askarovo,biyagoda_east,analytic,3.0,12.0,300.0,200.0,746.26,546.26,4.470,4.470,-0.274,4.471,0.000
askarovo,biyagoda_east,analytic,3.0,12.0,300.0,300.0,846.26,546.26,4.742,4.742,-0.130,4.742,0.000
askarovo,biyagoda_east,analytic,6.0,12.0,-3000.0,1.0,506.24,505.24,3.024,3.024,-0.022,3.182,-0.000
askarovo,biyagoda_east,analytic,6.0,12.0,-3000.0,1.5,506.74,505.24,3.351,3.351,-0.023,3.508,-0.000
askarovo,biyagoda_east,analytic,6.0,12.0,-3000.0,2.0,507.24,505.24,3.608,3.608,-0.023,3.760,0.000
askarovo,biyagoda_east,analytic,6.0,12.0,-3000.0,3.0,508.24,505.24,4.005,4.005,-0.023,4.147,-0.000
askarovo,biyagoda_east,analytic,6.0,12.0,-3000.0,5.0,510.24,505.24,4.566,4.566,-0.020,4.694,-0.000
askarovo,biyagoda_east,analytic,6.0,12.0,-3000.0,10.0,515.24,505.24,5.446,5.446,-0.008,5.562,0.000
askarovo,biyagoda_east,analytic,6.0,12.0,-3000.0,30.0,535.24,505.24,7.267,7.267,0.075,7.333,-0.000
askarovo,biyagoda_east,analytic,6.0,12.0,-3000.0,50.0,555.24,505.24,8.396,8.396,0.160,8.396,-0.000
askarovo,biyagoda_east,analytic,6.0,12.0,-3000.0,100.0,605.24,505.24,10.228,10.228,0.158,10.228,0.000
askarovo,biyagoda_east,analytic,6.0,12.0,-3000.0,200.0,705.24,505.24,12.818,12.818,0.119,12.818,-0.000
askarovo,biyagoda_east,analytic,6.0,12.0,-3000.0,300.0,805.24,505.24,14.942,14.942,0.298,14.942,-0.000
askarovo,biyagoda_east,analytic,6.0,12.0,-1000.0,1.0,490.97,489.97,1.466,1.466,-0.907,3.150,-0.000
askarovo,biyagoda_east,analytic,6.0,12.0,-1000.0,1.5,491.47,489.97,1.657,1.657,-0.986,3.473,0.000
askarovo,biyagoda_east,analytic,6.0,12.0,-1000.0,2.0,491.97,489.97,1.822,1.822,-1.044,3.723,0.000
askarovo,biyagoda_east,analytic,6.0,12.0,-1000.0,3.0,492.97,489.97,2.111,2.111,-1.128,4.106,-0.000
askarovo,biyagoda_east,analytic,6.0,12.0,-1000.0,5.0,494.97,489.97,2.607,2.607,-1.227,4.647,0.000
askarovo,biyagoda_east,analytic,6.0,12.0,-1000.0,10.0,499.97,489.97,3.630,3.630,-1.312,5.507,0.000
askarovo,biyagoda_east,analytic,6.0,12.0,-1000.0,30.0,519.97,489.97,6.433,6.433,-1.002,7.262,-0.000
askarovo,biyagoda_east,analytic,6.0,12.0,-1000.0,50.0,539.97,489.97,8.318,8.318,-0.378,8.315,-0.000
askarovo,biyagoda_east,analytic,6.0,12.0,-1000.0,100.0,589.97,489.97,10.134,10.134,-0.378,10.132,-0.000
askarovo,biyagoda_east,analytic,6.0,12.0,-1000.0,200.0,689.97,489.97,12.706,12.706,0.052,12.705,-0.000
askarovo,biyagoda_east,analytic,6.0,12.0,-1000.0,300.0,789.97,489.97,14.819,14.819,0.033,14.818,0.000
askarovo,biyagoda_east,analytic,6.0,12.0,-300.0,1.0,556.31,555.31,3.355,3.355,0.673,3.285,-0.000
askarovo,biyagoda_east,analytic,6.0,12.0,-300.0,1.5,556.81,555.31,3.674,3.674,0.736,3.622,0.000
askarovo,biyagoda_east,analytic,6.0,12.0,-300.0,2.0,557.31,555.31,3.924,3.924,0.785,3.883,-0.000
askarovo,biyagoda_east,analytic,6.0,12.0,-300.0,3.0,558.31,555.31,4.313,4.313,0.861,4.282,-0.000
askarovo,biyagoda_east,analytic,6.0,12.0,-300.0,5.0,560.31,555.31,4.868,4.868,0.966,4.847,0.000
askarovo,biyagoda_east,analytic,6.0,12.0,-300.0,10.0,565.31,555.31,5.754,5.754,1.127,5.742,0.000
askarovo,biyagoda_east,analytic,6.0,12.0,-300.0,30.0,585.31,555.31,7.573,7.573,1.394,7.568,0.000
askarovo,biyagoda_east,analytic,6.0,12.0,-300.0,50.0,605.31,555.31,8.665,8.665,1.496,8.661,0.000
askarovo,biyagoda_east,analytic,6.0,12.0,-300.0,100.0,655.31,555.31,10.543,10.543,1.569,10.541,0.000
askarovo,biyagoda_east,analytic,6.0,12.0,-300.0,200.0,755.31,555.31,13.189,13.189,1.645,13.188,0.000
askarovo,biyagoda_east,analytic,6.0,12.0,-300.0,300.0,855.31,555.31,15.351,15.351,1.564,15.350,-0.000
askarovo,biyagoda_east,analytic,6.0,12.0,-150.0,1.0,592.65,591.65,3.515,3.515,0.808,3.361,0.000
askarovo,biyagoda_east,analytic,6.0,12.0,-150.0,1.5,593.15,591.65,3.822,3.822,0.878,3.705,0.000
askarovo,biyagoda_east,analytic,6.0,12.0,-150.0,2.0,593.65,591.65,4.066,4.066,0.934,3.971,-0.000
askarovo,biyagoda_east,analytic,6.0,12.0,-150.0,3.0,594.65,591.65,4.450,4.450,1.022,4.380,0.000
askarovo,biyagoda_east,analytic,6.0,12.0,-150.0,5.0,596.65,591.65,5.006,5.006,1.148,4.957,0.000
askarovo,biyagoda_east,analytic,6.0,12.0,-150.0,10.0,601.65,591.65,5.901,5.901,1.350,5.873,-0.000
askarovo,biyagoda_east,analytic,6.0,12.0,-150.0,30.0,621.65,591.65,7.751,7.751,1.758,7.738,0.000
askarovo,biyagoda_east,analytic,6.0,12.0,-150.0,50.0,641.65,591.65,8.862,8.862,1.983,8.853,0.000
askarovo,biyagoda_east,analytic,6.0,12.0,-150.0,100.0,691.65,591.65,10.774,10.774,2.103,10.769,-0.000
askarovo,biyagoda_east,analytic,6.0,12.0,-150.0,200.0,791.65,591.65,13.460,13.460,1.366,13.456,-0.000
askarovo,biyagoda_east,analytic,6.0,12.0,-150.0,300.0,891.65,591.65,15.649,15.649,-1.107,15.646,-0.000
askarovo,biyagoda_east,analytic,6.0,12.0,-50.0,1.0,623.21,622.21,3.679,3.679,0.949,3.424,0.000
askarovo,biyagoda_east,analytic,6.0,12.0,-50.0,1.5,623.71,622.21,3.969,3.969,1.022,3.775,0.000
askarovo,biyagoda_east,analytic,6.0,12.0,-50.0,2.0,624.21,622.21,4.205,4.205,1.080,4.046,0.000
askarovo,biyagoda_east,analytic,6.0,12.0,-50.0,3.0,625.21,622.21,4.582,4.582,1.171,4.462,-0.000
askarovo,biyagoda_east,analytic,6.0,12.0,-50.0,5.0,627.21,622.21,5.133,5.133,1.299,5.051,0.000
askarovo,biyagoda_east,analytic,6.0,12.0,-50.0,10.0,632.21,622.21,6.032,6.032,1.489,5.983,-0.000
askarovo,biyagoda_east,analytic,6.0,12.0,-50.0,30.0,652.21,622.21,7.903,7.903,1.762,7.881,-0.000
askarovo,biyagoda_east,analytic,6.0,12.0,-50.0,50.0,672.21,622.21,9.030,9.030,1.722,9.015,-0.000
askarovo,biyagoda_east,analytic,6.0,12.0,-50.0,100.0,722.21,622.21,10.969,10.969,0.917,10.960,-0.000
askarovo,biyagoda_east,analytic,6.0,12.0,-50.0,200.0,822.21,622.21,13.688,13.688,-1.827,13.682,0.000
askarovo,biyagoda_east,analytic,6.0,12.0,-50.0,300.0,922.21,622.21,15.899,15.899,-1.792,15.895,0.000
askarovo,biyagoda_east,analytic,6.0,12.0,-30.0,1.0,629.36,628.36,3.736,3.736,0.917,3.437,-0.000
askarovo,biyagoda_east,analytic,6.0,12.0,-30.0,1.5,629.86,628.36,4.019,4.019,0.984,3.789,-0.000
askarovo,biyagoda_east,analytic,6.0,12.0,-30.0,2.0,630.36,628.36,4.250,4.250,1.037,4.061,0.000
askarovo,biyagoda_east,analytic,6.0,12.0,-30.0,3.0,631.36,628.36,4.621,4.621,1.122,4.479,0.000
askarovo,biyagoda_east,analytic,6.0,12.0,-30.0,5.0,633.36,628.36,5.168,5.168,1.242,5.069,-0.000
askarovo,biyagoda_east,analytic,6.0,12.0,-30.0,10.0,638.36,628.36,6.064,6.064,1.420,6.005,0.000
askarovo,biyagoda_east,analytic,6.0,12.0,-30.0,30.0,658.36,628.36,7.936,7.936,1.555,7.910,-0.000
askarovo,biyagoda_east,analytic,6.0,12.0,-30.0,50.0,678.36,628.36,9.066,9.066,1.443,9.048,0.000
askarovo,biyagoda_east,analytic,6.0,12.0,-30.0,100.0,728.36,628.36,11.009,11.009,0.188,10.998,0.000
askarovo,biyagoda_east,analytic,6.0,12.0,-30.0,200.0,828.36,628.36,13.734,13.734,-2.159,13.728,-0.000
askarovo,biyagoda_east,analytic,6.0,12.0,-30.0,300.0,928.36,628.36,15.950,15.950,-1.703,15.945,0.000
askarovo,biyagoda_east,analytic,6.0,12.0,-20.0,1.0,632.34,631.34,3.720,3.720,0.883,3.443,0.000
askarovo,biyagoda_east,analytic,6.0,12.0,-20.0,1.5,632.84,631.34,4.007,4.007,0.947,3.796,-0.000
askarovo,biyagoda_east,analytic,6.0,12.0,-20.0,2.0,633.34,631.34,4.242,4.242,0.998,4.069,-0.000
askarovo,biyagoda_east,analytic,6.0,12.0,-20.0,3.0,634.34,631.34,4.617,4.617,1.076,4.487,-0.000
askarovo,biyagoda_east,analytic,6.0,12.0,-20.0,5.0,636.34,631.34,5.168,5.168,1.183,5.078,0.000
askarovo,biyagoda_east,analytic,6.0,12.0,-20.0,10.0,641.34,631.34,6.070,6.070,1.327,6.016,0.000
askarovo,biyagoda_east,analytic,6.0,12.0,-20.0,30.0,661.34,631.34,7.948,7.948,1.429,7.924,-0.000
askarovo,biyagoda_east,analytic,6.0,12.0,-20.0,50.0,681.34,631.34,9.080,9.080,1.164,9.064,0.000
askarovo,biyagoda_east,analytic,6.0,12.0,-20.0,100.0,731.34,631.34,11.027,11.027,-0.236,11.017,-0.000
askarovo,biyagoda_east,analytic,6.0,12.0,-20.0,200.0,831.34,631.34,13.756,13.756,-2.182,13.750,0.000
askarovo,biyagoda_east,analytic,6.0,12.0,-20.0,300.0,931.34,631.34,15.974,15.974,-1.660,15.969,-0.000
askarovo,biyagoda_east,analytic,6.0,12.0,-10.0,1.0,635.22,634.22,3.842,3.842,0.844,3.449,0.000
askarovo,biyagoda_east,analytic,6.0,12.0,-10.0,1.5,635.72,634.22,4.107,4.107,0.898,3.803,0.000
askarovo,biyagoda_east,analytic,6.0,12.0,-10.0,2.0,636.22,634.22,4.328,4.328,0.941,4.076,-0.000
askarovo,biyagoda_east,analytic,6.0,12.0,-10.0,3.0,637.22,634.22,4.686,4.686,1.010,4.495,0.000
askarovo,biyagoda_east,analytic,6.0,12.0,-10.0,5.0,639.22,634.22,5.220,5.220,1.103,5.087,0.000
askarovo,biyagoda_east,analytic,6.0,12.0,-10.0,10.0,644.22,634.22,6.106,6.106,1.229,6.026,-0.000
askarovo,biyagoda_east,analytic,6.0,12.0,-10.0,30.0,664.22,634.22,7.973,7.973,1.241,7.938,-0.000
askarovo,biyagoda_east,analytic,6.0,12.0,-10.0,50.0,684.22,634.22,9.103,9.103,0.881,9.079,0.000
askarovo,biyagoda_east,analytic,6.0,12.0,-10.0,100.0,734.22,634.22,11.050,11.050,-0.657,11.035,0.000
askarovo,biyagoda_east,analytic,6.0,12.0,-10.0,200.0,834.22,634.22,13.780,13.780,-2.204,13.771,0.000
askarovo,biyagoda_east,analytic,6.0,12.0,-10.0,300.0,934.22,634.22,16.000,16.000,-1.612,15.993,0.000
askarovo,biyagoda_east,analytic,6.0,12.0,0.0,1.0,638.03,637.03,3.924,3.924,0.792,3.455,-0.000
askarovo,biyagoda_east,analytic,6.0,12.0,0.0,1.5,638.53,637.03,4.176,4.176,0.839,3.809,0.000
askarovo,biyagoda_east,analytic,6.0,12.0,0.0,2.0,639.03,637.03,4.388,4.388,0.877,4.082,0.000
askarovo,biyagoda_east,analytic,6.0,12.0,0.0,3.0,640.03,637.03,4.735,4.735,0.937,4.502,-0.000
askarovo,biyagoda_east,analytic,6.0,12.0,0.0,5.0,642.03,637.03,5.259,5.259,1.019,5.096,-0.000
askarovo,biyagoda_east,analytic,6.0,12.0,0.0,10.0,647.03,637.03,6.135,6.135,1.129,6.036,0.000
askarovo,biyagoda_east,analytic,6.0,12.0,0.0,30.0,667.03,637.03,7.995,7.995,0.978,7.951,0.000
askarovo,biyagoda_east,analytic,6.0,12.0,0.0,50.0,687.03,637.03,9.124,9.124,0.591,9.094,0.000
askarovo,biyagoda_east,analytic,6.0,12.0,0.0,100.0,737.03,637.03,11.071,11.071,-1.066,11.052,0.000
askarovo,biyagoda_east,analytic,6.0,12.0,0.0,200.0,837.03,637.03,13.803,13.803,-2.222,13.792,-0.000
askarovo,biyagoda_east,analytic,6.0,12.0,0.0,300.0,937.03,637.03,16.025,16.025,-1.564,16.016,-0.000
askarovo,biyagoda_east,analytic,6.0,12.0,100.0,1.0,639.70,638.70,3.289,3.289,-0.951,3.458,0.000
askarovo,biyagoda_east,analytic,6.0,12.0,100.0,1.5,640.20,638.70,3.635,3.635,-1.046,3.813,0.000
askarovo,biyagoda_east,analytic,6.0,12.0,100.0,2.0,640.70,638.70,3.909,3.909,-1.121,4.087,0.000
askarovo,biyagoda_east,analytic,6.0,12.0,100.0,3.0,641.70,638.70,4.336,4.336,-1.238,4.507,-0.000
askarovo,biyagoda_east,analytic,6.0,12.0,100.0,5.0,643.70,638.70,4.943,4.943,-1.408,5.101,-0.000
askarovo,biyagoda_east,analytic,6.0,12.0,100.0,10.0,648.70,638.70,5.892,5.892,-1.690,6.042,0.000
askarovo,biyagoda_east,analytic,6.0,12.0,100.0,30.0,668.70,638.70,7.853,7.853,-2.323,7.959,-0.000
askarovo,biyagoda_east,analytic,6.0,12.0,100.0,50.0,688.70,638.70,9.088,9.088,-2.566,9.103,0.000
askarovo,biyagoda_east,analytic,6.0,12.0,100.0,100.0,738.70,638.70,11.064,11.064,-2.614,11.063,0.000
askarovo,biyagoda_east,analytic,6.0,12.0,100.0,200.0,838.70,638.70,13.805,13.805,-1.894,13.804,-0.000
askarovo,biyagoda_east,analytic,6.0,12.0,100.0,300.0,938.70,638.70,16.030,16.030,-0.963,16.029,0.000
askarovo,biyagoda_east,analytic,6.0,12.0,300.0,1.0,547.26,546.26,1.541,-1.541,-2.277,3.267,-0.000
askarovo,biyagoda_east,analytic,6.0,12.0,300.0,1.5,547.76,546.26,1.518,-1.518,-2.335,3.602,-0.000
askarovo,biyagoda_east,analytic,6.0,12.0,300.0,2.0,548.26,546.26,1.589,-1.589,-2.546,3.860,0.000
askarovo,biyagoda_east,analytic,6.0,12.0,300.0,3.0,549.26,546.26,1.629,-1.629,-2.845,4.258,0.000
askarovo,biyagoda_east,analytic,6.0,12.0,300.0,5.0,551.26,546.26,1.529,-1.529,-3.231,4.819,0.000
askarovo,biyagoda_east,analytic,6.0,12.0,300.0,10.0,556.26,546.26,0.909,-0.909,-3.759,5.709,0.000
askarovo,biyagoda_east,analytic,6.0,12.0,300.0,30.0,576.26,546.26,2.278,2.278,-4.322,7.525,-0.000
askarovo,biyagoda_east,analytic,6.0,12.0,300.0,50.0,596.26,546.26,5.043,5.043,-6.347,8.613,0.000
askarovo,biyagoda_east,analytic,6.0,12.0,300.0,100.0,646.26,546.26,10.465,10.465,-1.635,10.485,-0.000
askarovo,biyagoda_east,analytic,6.0,12.0,300.0,200.0,746.26,546.26,13.115,13.115,-0.804,13.121,0.000
askarovo,biyagoda_east,analytic,6.0,12.0,300.0,300.0,846.26,546.26,15.272,15.272,-0.418,15.276,0.000
askarovo,biyagoda_east,analytic,10.0,12.0,-3000.0,1.0,506.24,505.24,5.040,5.040,-0.036,5.303,0.000
askarovo,biyagoda_east,analytic,10.0,12.0,-3000.0,1.5,506.74,505.24,5.586,5.586,-0.038,5.847,0.000
askarovo,biyagoda_east,analytic,10.0,12.0,-3000.0,2.0,507.24,505.24,6.013,6.013,-0.039,6.267,0.000
askarovo,biyagoda_east,analytic,10.0,12.0,-3000.0,3.0,508.24,505.24,6.675,6.675,-0.038,6.912,-0.000
askarovo,biyagoda_east,analytic,10.0,12.0,-3000.0,5.0,510.24,505.24,7.610,7.610,-0.034,7.823,-0.000
askarovo,biyagoda_east,analytic,10.0,12.0,-3000.0,10.0,515.24,505.24,9.076,9.076,-0.013,9.269,-0.000
askarovo,biyagoda_east,analytic,10.0,12.0,-3000.0,30.0,535.24,505.24,12.112,12.112,0.125,12.222,-0.000
askarovo,biyagoda_east,analytic,10.0,12.0,-3000.0,50.0,555.24,505.24,13.993,13.993,0.266,13.993,-0.000
askarovo,biyagoda_east,analytic,10.0,12.0,-3000.0,100.0,605.24,505.24,17.047,17.047,0.263,17.047,-0.000
askarovo,biyagoda_east,analytic,10.0,12.0,-3000.0,200.0,705.24,505.24,21.363,21.363,0.199,21.363,0.000
askarovo,biyagoda_east,analytic,10.0,12.0,-3000.0,300.0,805.24,505.24,24.904,24.904,0.496,24.904,-0.000
askarovo,biyagoda_east,analytic,10.0,12.0,-1000.0,1.0,490.97,489.97,2.444,2.444,-1.512,5.250,-0.000
askarovo,biyagoda_east,analytic,10.0,12.0,-1000.0,1.5,491.47,489.97,2.761,2.761,-1.643,5.789,-0.000
askarovo,biyagoda_east,analytic,10.0,12.0,-1000.0,2.0,491.97,489.97,3.036,3.036,-1.741,6.204,0.000
askarovo,biyagoda_east,analytic,10.0,12.0,-1000.0,3.0,492.97,489.97,3.518,3.518,-1.880,6.843,-0.000
askarovo,biyagoda_east,analytic,10.0,12.0,-1000.0,5.0,494.97,489.97,4.345,4.345,-2.045,7.746,-0.000
askarovo,biyagoda_east,analytic,10.0,12.0,-1000.0,10.0,499.97,489.97,6.050,6.050,-2.187,9.178,0.000
askarovo,biyagoda_east,analytic,10.0,12.0,-1000.0,30.0,519.97,489.97,10.722,10.722,-1.670,12.103,0.000
askarovo,biyagoda_east,analytic,10.0,12.0,-1000.0,50.0,539.97,489.97,13.863,13.863,-0.630,13.858,0.000
askarovo,biyagoda_east,analytic,10.0,12.0,-1000.0,100.0,589.97,489.97,16.890,16.890,-0.630,16.887,-0.000
askarovo,biyagoda_east,analytic,10.0,12.0,-1000.0,200.0,689.97,489.97,21.177,21.177,0.087,21.175,-0.000
askarovo,biyagoda_east,analytic,10.0,12.0,-1000.0,300.0,789.97,489.97,24.698,24.698,0.055,24.697,0.000
askarovo,biyagoda_east,analytic,10.0,12.0,-300.0,1.0,556.31,555.31,5.592,5.592,1.122,5.476,0.000
askarovo,biyagoda_east,analytic,10.0,12.0,-300.0,1.5,556.81,555.31,6.124,6.124,1.227,6.037,-0.000
askarovo,biyagoda_east,analytic,10.0,12.0,-300.0,2.0,557.31,555.31,6.541,6.541,1.309,6.471,0.000
askarovo,biyagoda_east,analytic,10.0,12.0,-300.0,3.0,558.31,555.31,7.188,7.188,1.435,7.137,-0.000
askarovo,biyagoda_east,analytic,10.0,12.0,-300.0,5.0,560.31,555.31,8.113,8.113,1.611,8.078,-0.000
askarovo,biyagoda_east,analytic,10.0,12.0,-300.0,10.0,565.31,555.31,9.591,9.591,1.878,9.570,-0.000
askarovo,biyagoda_east,analytic,10.0,12.0,-300.0,30.0,585.31,555.31,12.622,12.622,2.323,12.613,-0.000
askarovo,biyagoda_east,analytic,10.0,12.0,-300.0,50.0,605.31,555.31,14.441,14.441,2.494,14.435,0.000
askarovo,biyagoda_east,analytic,10.0,12.0,-300.0,100.0,655.31,555.31,17.572,17.572,2.614,17.569,-0.000
askarovo,biyagoda_east,analytic,10.0,12.0,-300.0,200.0,755.31,555.31,21.982,21.982,2.742,21.980,-0.000
askarovo,biyagoda_east,analytic,10.0,12.0,-300.0,300.0,855.31,555.31,25.585,25.585,2.606,25.583,0.000
askarovo,biyagoda_east,analytic,10.0,12.0,-150.0,1.0,592.65,591.65,5.859,5.859,1.347,5.601,0.000
askarovo,biyagoda_east,analytic,10.0,12.0,-150.0,1.5,593.15,591.65,6.370,6.370,1.464,6.176,0.000
askarovo,biyagoda_east,analytic,10.0,12.0,-150.0,2.0,593.65,591.65,6.777,6.777,1.557,6.619,0.000
askarovo,biyagoda_east,analytic,10.0,12.0,-150.0,3.0,594.65,591.65,7.417,7.417,1.704,7.300,-0.000
askarovo,biyagoda_east,analytic,10.0,12.0,-150.0,5.0,596.65,591.65,8.343,8.343,1.914,8.262,0.000
askarovo,biyagoda_east,analytic,10.0,12.0,-150.0,10.0,601.65,591.65,9.836,9.836,2.250,9.788,0.000
askarovo,biyagoda_east,analytic,10.0,12.0,-150.0,30.0,621.65,591.65,12.918,12.918,2.930,12.897,0.000
askarovo,biyagoda_east,analytic,10.0,12.0,-150.0,50.0,641.65,591.65,14.770,14.770,3.304,14.756,-0.000
askarovo,biyagoda_east,analytic,10.0,12.0,-150.0,100.0,691.65,591.65,17.956,17.956,3.505,17.948,0.000
askarovo,biyagoda_east,analytic,10.0,12.0,-150.0,200.0,791.65,591.65,22.433,22.433,2.277,22.427,-0.000
askarovo,biyagoda_east,analytic,10.0,12.0,-150.0,300.0,891.65,591.65,26.081,26.081,-1.846,26.077,-0.000
askarovo,biyagoda_east,analytic,10.0,12.0,-50.0,1.0,623.21,622.21,6.131,6.131,1.582,5.707,0.000
askarovo,biyagoda_east,analytic,10.0,12.0,-50.0,1.5,623.71,622.21,6.615,6.615,1.703,6.292,0.000
askarovo,biyagoda_east,analytic,10.0,12.0,-50.0,2.0,624.21,622.21,7.009,7.009,1.800,6.744,-0.000
askarovo,biyagoda_east,analytic,10.0,12.0,-50.0,3.0,625.21,622.21,7.636,7.636,1.951,7.437,-0.000
askarovo,biyagoda_east,analytic,10.0,12.0,-50.0,5.0,627.21,622.21,8.555,8.555,2.165,8.418,0.000
askarovo,biyagoda_east,analytic,10.0,12.0,-50.0,10.0,632.21,622.21,10.053,10.053,2.481,9.971,-0.000
askarovo,biyagoda_east,analytic,10.0,12.0,-50.0,30.0,652.21,622.21,13.172,13.172,2.936,13.136,0.000
askarovo,biyagoda_east,analytic,10.0,12.0,-50.0,50.0,672.21,622.21,15.050,15.050,2.869,15.025,0.000
askarovo,biyagoda_east,analytic,10.0,12.0,-50.0,100.0,722.21,622.21,18.281,18.281,1.528,18.266,-0.000
askarovo,biyagoda_east,analytic,10.0,12.0,-50.0,200.0,822.21,622.21,22.813,22.813,-3.046,22.804,-0.000
askarovo,biyagoda_east,analytic,10.0,12.0,-50.0,300.0,922.21,622.21,26.499,26.499,-2.986,26.492,-0.000
askarovo,biyagoda_east,analytic,10.0,12.0,-30.0,1.0,629.36,628.36,6.227,6.227,1.528,5.728,-0.000
askarovo,biyagoda_east,analytic,10.0,12.0,-30.0,1.5,629.86,628.36,6.698,6.698,1.639,6.315,0.000
askarovo,biyagoda_east,analytic,10.0,12.0,-30.0,2.0,630.36,628.36,7.083,7.083,1.729,6.769,0.000
askarovo,biyagoda_east,analytic,10.0,12.0,-30.0,3.0,631.36,628.36,7.701,7.701,1.870,7.465,0.000
askarovo,biyagoda_east,analytic,10.0,12.0,-30.0,5.0,633.36,628.36,8.613,8.613,2.070,8.449,0.000
askarovo,biyagoda_east,analytic,10.0,12.0,-30.0,10.0,638.36,628.36,10.106,10.106,2.366,10.008,-0.000
askarovo,biyagoda_east,analytic,10.0,12.0,-30.0,30.0,658.36,628.36,13.227,13.227,2.592,13.184,-0.000
askarovo,biyagoda_east,analytic,10.0,12.0,-30.0,50.0,678.36,628.36,15.110,15.110,2.405,15.080,-0.000
askarovo,biyagoda_east,analytic,10.0,12.0,-30.0,100.0,728.36,628.36,18.349,18.349,0.313,18.330,0.000
askarovo,biyagoda_east,analytic,10.0,12.0,-30.0,200.0,828.36,628.36,22.891,22.891,-3.599,22.879,-0.000
askarovo,biyagoda_east,analytic,10.0,12.0,-30.0,300.0,928.36,628.36,26.584,26.584,-2.839,26.575,0.000
askarovo,biyagoda_east,analytic,10.0,12.0,-20.0,1.0,632.34,631.34,6.199,6.199,1.471,5.738,-0.000
askarovo,biyagoda_east,analytic,10.0,12.0,-20.0,1.5,632.84,631.34,6.679,6.679,1.578,6.327,0.000
askarovo,biyagoda_east,analytic,10.0,12.0,-20.0,2.0,633.34,631.34,7.070,7.070,1.663,6.781,0.000
askarovo,biyagoda_east,analytic,10.0,12.0,-20.0,3.0,634.34,631.34,7.696,7.696,1.794,7.478,-0.000
askarovo,biyagoda_east,analytic,10.0,12.0,-20.0,5.0,636.34,631.34,8.614,8.614,1.972,8.464,-0.000
askarovo,biyagoda_east,analytic,10.0,12.0,-20.0,10.0,641.34,631.34,10.116,10.116,2.211,10.026,0.000
askarovo,biyagoda_east,analytic,10.0,12.0,-20.0,30.0,661.34,631.34,13.247,13.247,2.382,13.207,0.000
askarovo,biyagoda_east,analytic,10.0,12.0,-20.0,50.0,681.34,631.34,15.133,15.133,1.940,15.106,0.000
askarovo,biyagoda_east,analytic,10.0,12.0,-20.0,100.0,731.34,631.34,18.378,18.378,-0.393,18.361,-0.000
askarovo,biyagoda_east,analytic,10.0,12.0,-20.0,200.0,831.34,631.34,22.926,22.926,-3.637,22.916,0.000
askarovo,biyagoda_east,analytic,10.0,12.0,-20.0,300.0,931.34,631.34,26.623,26.623,-2.766,26.615,0.000
askarovo,biyagoda_east,analytic,10.0,12.0,-10.0,1.0,635.22,634.22,6.404,6.404,1.406,5.748,-0.000
askarovo,biyagoda_east,analytic,10.0,12.0,-10.0,1.5,635.72,634.22,6.845,6.845,1.496,6.338,0.000
askarovo,biyagoda_east,analytic,10.0,12.0,-10.0,2.0,636.22,634.22,7.213,7.213,1.569,6.793,0.000
askarovo,biyagoda_east,analytic,10.0,12.0,-10.0,3.0,637.22,634.22,7.810,7.810,1.683,7.491,-0.000
askarovo,biyagoda_east,analytic,10.0,12.0,-10.0,5.0,639.22,634.22,8.700,8.700,1.839,8.479,0.000
askarovo,biyagoda_east,analytic,10.0,12.0,-10.0,10.0,644.22,634.22,10.177,10.177,2.048,10.043,0.000
askarovo,biyagoda_east,analytic,10.0,12.0,-10.0,30.0,664.22,634.22,13.289,13.289,2.068,13.229,0.000
askarovo,biyagoda_east,analytic,10.0,12.0,-10.0,50.0,684.22,634.22,15.172,15.172,1.469,15.131,-0.000
askarovo,biyagoda_east,analytic,10.0,12.0,-10.0,100.0,734.22,634.22,18.416,18.416,-1.095,18.391,0.000
askarovo,biyagoda_east,analytic,10.0,12.0,-10.0,200.0,834.22,634.22,22.967,22.967,-3.674,22.952,-0.000
askarovo,biyagoda_east,analytic,10.0,12.0,-10.0,300.0,934.22,634.22,26.667,26.667,-2.686,26.654,-0.000
askarovo,biyagoda_east,analytic,10.0,12.0,0.0,1.0,638.03,637.03,6.540,6.540,1.320,5.758,0.000
askarovo,biyagoda_east,analytic,10.0,12.0,0.0,1.5,638.53,637.03,6.960,6.960,1.398,6.348,0.000
askarovo,biyagoda_east,analytic,10.0,12.0,0.0,2.0,639.03,637.03,7.313,7.313,1.462,6.804,-0.000
askarovo,biyagoda_east,analytic,10.0,12.0,0.0,3.0,640.03,637.03,7.892,7.892,1.561,7.504,-0.000
askarovo,biyagoda_east,analytic,10.0,12.0,0.0,5.0,642.03,637.03,8.764,8.764,1.699,8.493,0.000
askarovo,biyagoda_east,analytic,10.0,12.0,0.0,10.0,647.03,637.03,10.225,10.225,1.881,10.060,0.000
askarovo,biyagoda_east,analytic,10.0,12.0,0.0,30.0,667.03,637.03,13.325,13.325,1.630,13.251,-0.000
askarovo,biyagoda_east,analytic,10.0,12.0,0.0,50.0,687.03,637.03,15.207,15.207,0.984,15.156,-0.000
askarovo,biyagoda_east,analytic,10.0,12.0,0.0,100.0,737.03,637.03,18.452,18.452,-1.777,18.421,0.000
askarovo,biyagoda_east,analytic,10.0,12.0,0.0,200.0,837.03,637.03,23.005,23.005,-3.703,22.986,0.000
askarovo,biyagoda_east,analytic,10.0,12.0,0.0,300.0,937.03,637.03,26.708,26.708,-2.607,26.693,0.000
askarovo,biyagoda_east,analytic,10.0,12.0,100.0,1.0,639.70,638.70,5.481,5.481,-1.585,5.764,0.000
askarovo,biyagoda_east,analytic,10.0,12.0,100.0,1.5,640.20,638.70,6.059,6.059,-1.743,6.355,0.000
askarovo,biyagoda_east,analytic,10.0,12.0,100.0,2.0,640.70,638.70,6.516,6.516,-1.868,6.811,0.000
askarovo,biyagoda_east,analytic,10.0,12.0,100.0,3.0,641.70,638.70,7.227,7.227,-2.063,7.511,0.000
askarovo,biyagoda_east,analytic,10.0,12.0,100.0,5.0,643.70,638.70,8.238,8.238,-2.346,8.501,-0.000
askarovo,biyagoda_east,analytic,10.0,12.0,100.0,10.0,648.70,638.70,9.821,9.821,-2.817,10.070,0.000
askarovo,biyagoda_east,analytic,10.0,12.0,100.0,30.0,668.70,638.70,13.089,13.089,-3.872,13.264,-0.000
askarovo,biyagoda_east,analytic,10.0,12.0,100.0,50.0,688.70,638.70,15.147,15.147,-4.276,15.171,0.000
askarovo,biyagoda_east,analytic,10.0,12.0,100.0,100.0,738.70,638.70,18.440,18.440,-4.356,18.438,-0.000
askarovo,biyagoda_east,analytic,10.0,12.0,100.0,200.0,838.70,638.70,23.008,23.008,-3.157,23.007,-0.000
askarovo,biyagoda_east,analytic,10.0,12.0,100.0,300.0,938.70,638.70,26.716,26.716,-1.605,26.715,-0.000
askarovo,biyagoda_east,analytic,10.0,12.0,300.0,1.0,547.26,546.26,2.569,-2.569,-3.796,5.444,-0.000
askarovo,biyagoda_east,analytic,10.0,12.0,300.0,1.5,547.76,546.26,2.530,-2.530,-3.891,6.003,0.000
askarovo,biyagoda_east,analytic,10.0,12.0,300.0,2.0,548.26,546.26,2.648,-2.648,-4.243,6.434,0.000
askarovo,biyagoda_east,analytic,10.0,12.0,300.0,3.0,549.26,546.26,2.715,-2.715,-4.741,7.096,-0.000
askarovo,biyagoda_east,analytic,10.0,12.0,300.0,5.0,551.26,546.26,2.548,-2.548,-5.384,8.032,-0.000
askarovo,biyagoda_east,analytic,10.0,12.0,300.0,10.0,556.26,546.26,1.515,-1.515,-6.265,9.515,0.000
askarovo,biyagoda_east,analytic,10.0,12.0,300.0,30.0,576.26,546.26,3.796,3.796,-7.204,12.542,-0.000
askarovo,biyagoda_east,analytic,10.0,12.0,300.0,50.0,596.26,546.26,8.405,8.405,-10.587,14.355,0.000
askarovo,biyagoda_east,analytic,10.0,12.0,300.0,100.0,646.26,546.26,17.442,17.442,-2.724,17.474,0.000
askarovo,biyagoda_east,analytic,10.0,12.0,300.0,200.0,746.26,546.26,21.858,21.858,-1.340,21.868,-0.000
askarovo,biyagoda_east,analytic,10.0,12.0,300.0,300.0,846.26,546.26,25.453,25.453,-0.697,25.461,-0.000
askarovo,biyagoda_south_west,analytic,0.0,12.0,-3000.0,1.0,426.01,425.01,0.000,0.000,0.000,0.000,0.000
askarovo,biyagoda_south_west,analytic,0.0,12.0,-3000.0,1.5,426.51,425.01,0.000,0.000,0.000,0.000,0.000
askarovo,biyagoda_south_west,analytic,0.0,12.0,-3000.0,2.0,427.01,425.01,0.000,0.000,0.000,0.000,0.000
askarovo,biyagoda_south_west,analytic,0.0,12.0,-3000.0,3.0,428.01,425.01,0.000,0.000,0.000,0.000,0.000
askarovo,biyagoda_south_west,analytic,0.0,12.0,-3000.0,5.0,430.01,425.01,0.000,0.000,0.000,0.000,0.000
askarovo,biyagoda_south_west,analytic,0.0,12.0,-3000.0,10.0,435.01,425.01,0.000,0.000,0.000,0.000,0.000
askarovo,biyagoda_south_west,analytic,0.0,12.0,-3000.0,30.0,455.01,425.01,0.000,0.000,0.000,0.000,0.000
askarovo,biyagoda_south_west,analytic,0.0,12.0,-3000.0,50.0,475.01,425.01,0.000,0.000,0.000,0.000,0.000
askarovo,biyagoda_south_west,analytic,0.0,12.0,-3000.0,100.0,525.01,425.01,0.000,0.000,0.000,0.000,0.000
askarovo,biyagoda_south_west,analytic,0.0,12.0,-3000.0,200.0,625.01,425.01,0.000,0.000,0.000,0.000,0.000
askarovo,biyagoda_south_west,analytic,0.0,12.0,-3000.0,300.0,725.01,425.01,0.000,0.000,0.000,0.000,0.000
askarovo,biyagoda_south_west,analytic,0.0,12.0,-1000.0,1.0,437.05,436.05,0.000,0.000,0.000,0.000,0.000
askarovo,biyagoda_south_west,analytic,0.0,12.0,-1000.0,1.5,437.55,436.05,0.000,0.000,0.000,0.000,0.000
askarovo,biyagoda_south_west,analytic,0.0,12.0,-1000.0,2.0,438.05,436.05,0.000,0.000,0.000,0.000,0.000
askarovo,biyagoda_south_west,analytic,0.0,12.0,-1000.0,3.0,439.05,436.05,0.000,0.000,0.000,0.000,0.000
askarovo,biyagoda_south_west,analytic,0.0,12.0,-1000.0,5.0,441.05,436.05,0.000,0.000,0.000,0.000,0.000
askarovo,biyagoda_south_west,analytic,0.0,12.0,-1000.0,10.0,446.05,436.05,0.000,0.000,0.000,0.000,0.000
askarovo,biyagoda_south_west,analytic,0.0,12.0,-1000.0,30.0,466.05,436.05,0.000,0.000,0.000,0.000,0.000
askarovo,biyagoda_south_west,analytic,0.0,12.0,-1000.0,50.0,486.05,436.05,0.000,0.000,0.000,0.000,0.000
askarovo,biyagoda_south_west,analytic,0.0,12.0,-1000.0,100.0,536.05,436.05,0.000,0.000,0.000,0.000,0.000
askarovo,biyagoda_south_west,analytic,0.0,12.0,-1000.0,200.0,636.05,436.05,0.000,0.000,0.000,0.000,0.000
askarovo,biyagoda_south_west,analytic,0.0,12.0,-1000.0,300.0,736.05,436.05,0.000,0.000,0.000,0.000,0.000
askarovo,biyagoda_south_west,analytic,0.0,12.0,-300.0,1.0,567.86,566.86,0.000,0.000,0.000,0.000,0.000
askarovo,biyagoda_south_west,analytic,0.0,12.0,-300.0,1.5,568.36,566.86,0.000,0.000,0.000,0.000,0.000
askarovo,biyagoda_south_west,analytic,0.0,12.0,-300.0,2.0,568.86,566.86,0.000,0.000,0.000,0.000,0.000
askarovo,biyagoda_south_west,analytic,0.0,12.0,-300.0,3.0,569.86,566.86,0.000,0.000,0.000,0.000,0.000
askarovo,biyagoda_south_west,analytic,0.0,12.0,-300.0,5.0,571.86,566.86,0.000,0.000,0.000,0.000,0.000
askarovo,biyagoda_south_west,analytic,0.0,12.0,-300.0,10.0,576.86,566.86,0.000,0.000,0.000,0.000,0.000
askarovo,biyagoda_south_west,analytic,0.0,12.0,-300.0,30.0,596.86,566.86,0.000,0.000,0.000,0.000,0.000
askarovo,biyagoda_south_west,analytic,0.0,12.0,-300.0,50.0,616.86,566.86,0.000,0.000,0.000,0.000,0.000
askarovo,biyagoda_south_west,analytic,0.0,12.0,-300.0,100.0,666.86,566.86,0.000,0.000,0.000,0.000,0.000
askarovo,biyagoda_south_west,analytic,0.0,12.0,-300.0,200.0,766.86,566.86,0.000,0.000,0.000,0.000,0.000
askarovo,biyagoda_south_west,analytic,0.0,12.0,-300.0,300.0,866.86,566.86,0.000,0.000,0.000,0.000,0.000
askarovo,biyagoda_south_west,analytic,0.0,12.0,-150.0,1.0,660.69,659.69,0.000,0.000,0.000,0.000,0.000
askarovo,biyagoda_south_west,analytic,0.0,12.0,-150.0,1.5,661.19,659.69,0.000,0.000,0.000,0.000,0.000
askarovo,biyagoda_south_west,analytic,0.0,12.0,-150.0,2.0,661.69,659.69,0.000,0.000,0.000,0.000,0.000
askarovo,biyagoda_south_west,analytic,0.0,12.0,-150.0,3.0,662.69,659.69,0.000,0.000,0.000,0.000,0.000
askarovo,biyagoda_south_west,analytic,0.0,12.0,-150.0,5.0,664.69,659.69,0.000,0.000,0.000,0.000,0.000
askarovo,biyagoda_south_west,analytic,0.0,12.0,-150.0,10.0,669.69,659.69,0.000,0.000,0.000,0.000,0.000
askarovo,biyagoda_south_west,analytic,0.0,12.0,-150.0,30.0,689.69,659.69,0.000,0.000,0.000,0.000,0.000
askarovo,biyagoda_south_west,analytic,0.0,12.0,-150.0,50.0,709.69,659.69,0.000,0.000,0.000,0.000,0.000
askarovo,biyagoda_south_west,analytic,0.0,12.0,-150.0,100.0,759.69,659.69,0.000,0.000,0.000,0.000,0.000
askarovo,biyagoda_south_west,analytic,0.0,12.0,-150.0,200.0,859.69,659.69,0.000,0.000,0.000,0.000,0.000
askarovo,biyagoda_south_west,analytic,0.0,12.0,-150.0,300.0,959.69,659.69,0.000,0.000,0.000,0.000,0.000
askarovo,biyagoda_south_west,analytic,0.0,12.0,-50.0,1.0,708.98,707.98,0.000,0.000,0.000,0.000,0.000
askarovo,biyagoda_south_west,analytic,0.0,12.0,-50.0,1.5,709.48,707.98,0.000,0.000,0.000,0.000,0.000
askarovo,biyagoda_south_west,analytic,0.0,12.0,-50.0,2.0,709.98,707.98,0.000,0.000,0.000,0.000,0.000
askarovo,biyagoda_south_west,analytic,0.0,12.0,-50.0,3.0,710.98,707.98,0.000,0.000,0.000,0.000,0.000
askarovo,biyagoda_south_west,analytic,0.0,12.0,-50.0,5.0,712.98,707.98,0.000,0.000,0.000,0.000,0.000
askarovo,biyagoda_south_west,analytic,0.0,12.0,-50.0,10.0,717.98,707.98,0.000,0.000,0.000,0.000,0.000
askarovo,biyagoda_south_west,analytic,0.0,12.0,-50.0,30.0,737.98,707.98,0.000,0.000,0.000,0.000,0.000
askarovo,biyagoda_south_west,analytic,0.0,12.0,-50.0,50.0,757.98,707.98,0.000,0.000,0.000,0.000,0.000
askarovo,biyagoda_south_west,analytic,0.0,12.0,-50.0,100.0,807.98,707.98,0.000,0.000,0.000,0.000,0.000
askarovo,biyagoda_south_west,analytic,0.0,12.0,-50.0,200.0,907.98,707.98,0.000,0.000,0.000,0.000,0.000
askarovo,biyagoda_south_west,analytic,0.0,12.0,-50.0,300.0,1007.98,707.98,0.000,0.000,0.000,0.000,0.000
askarovo,biyagoda_south_west,analytic,0.0,12.0,-30.0,1.0,717.57,716.57,0.000,0.000,0.000,0.000,0.000
askarovo,biyagoda_south_west,analytic,0.0,12.0,-30.0,1.5,718.07,716.57,0.000,0.000,0.000,0.000,0.000
askarovo,biyagoda_south_west,analytic,0.0,12.0,-30.0,2.0,718.57,716.57,0.000,0.000,0.000,0.000,0.000
askarovo,biyagoda_south_west,analytic,0.0,12.0,-30.0,3.0,719.57,716.57,0.000,0.000,0.000,0.000,0.000
askarovo,biyagoda_south_west,analytic,0.0,12.0,-30.0,5.0,721.57,716.57,0.000,0.000,0.000,0.000,0.000
askarovo,biyagoda_south_west,analytic,0.0,12.0,-30.0,10.0,726.57,716.57,0.000,0.000,0.000,0.000,0.000
askarovo,biyagoda_south_west,analytic,0.0,12.0,-30.0,30.0,746.57,716.57,0.000,0.000,0.000,0.000,0.000
askarovo,biyagoda_south_west,analytic,0.0,12.0,-30.0,50.0,766.57,716.57,0.000,0.000,0.000,0.000,0.000
askarovo,biyagoda_south_west,analytic,0.0,12.0,-30.0,100.0,816.57,716.57,0.000,0.000,0.000,0.000,0.000
askarovo,biyagoda_south_west,analytic,0.0,12.0,-30.0,200.0,916.57,716.57,0.000,0.000,0.000,0.000,0.000
askarovo,biyagoda_south_west,analytic,0.0,12.0,-30.0,300.0,1016.57,716.57,0.000,0.000,0.000,0.000,0.000
askarovo,biyagoda_south_west,analytic,0.0,12.0,-20.0,1.0,721.58,720.58,0.000,0.000,0.000,0.000,0.000
askarovo,biyagoda_south_west,analytic,0.0,12.0,-20.0,1.5,722.08,720.58,0.000,0.000,0.000,0.000,0.000
askarovo,biyagoda_south_west,analytic,0.0,12.0,-20.0,2.0,722.58,720.58,0.000,0.000,0.000,0.000,0.000
askarovo,biyagoda_south_west,analytic,0.0,12.0,-20.0,3.0,723.58,720.58,0.000,0.000,0.000,0.000,0.000
askarovo,biyagoda_south_west,analytic,0.0,12.0,-20.0,5.0,725.58,720.58,0.000,0.000,0.000,0.000,0.000
askarovo,biyagoda_south_west,analytic,0.0,12.0,-20.0,10.0,730.58,720.58,0.000,0.000,0.000,0.000,0.000
askarovo,biyagoda_south_west,analytic,0.0,12.0,-20.0,30.0,750.58,720.58,0.000,0.000,0.000,0.000,0.000
askarovo,biyagoda_south_west,analytic,0.0,12.0,-20.0,50.0,770.58,720.58,0.000,0.000,0.000,0.000,0.000
askarovo,biyagoda_south_west,analytic,0.0,12.0,-20.0,100.0,820.58,720.58,0.000,0.000,0.000,0.000,0.000
askarovo,biyagoda_south_west,analytic,0.0,12.0,-20.0,200.0,920.58,720.58,0.000,0.000,0.000,0.000,0.000
askarovo,biyagoda_south_west,analytic,0.0,12.0,-20.0,300.0,1020.58,720.58,0.000,0.000,0.000,0.000,0.000
askarovo,biyagoda_south_west,analytic,0.0,12.0,-10.0,1.0,725.41,724.41,0.000,0.000,0.000,0.000,0.000
askarovo,biyagoda_south_west,analytic,0.0,12.0,-10.0,1.5,725.91,724.41,0.000,0.000,0.000,0.000,0.000
askarovo,biyagoda_south_west,analytic,0.0,12.0,-10.0,2.0,726.41,724.41,0.000,0.000,0.000,0.000,0.000
askarovo,biyagoda_south_west,analytic,0.0,12.0,-10.0,3.0,727.41,724.41,0.000,0.000,0.000,0.000,0.000
askarovo,biyagoda_south_west,analytic,0.0,12.0,-10.0,5.0,729.41,724.41,0.000,0.000,0.000,0.000,0.000
askarovo,biyagoda_south_west,analytic,0.0,12.0,-10.0,10.0,734.41,724.41,0.000,0.000,0.000,0.000,0.000
askarovo,biyagoda_south_west,analytic,0.0,12.0,-10.0,30.0,754.41,724.41,0.000,0.000,0.000,0.000,0.000
askarovo,biyagoda_south_west,analytic,0.0,12.0,-10.0,50.0,774.41,724.41,0.000,0.000,0.000,0.000,0.000
askarovo,biyagoda_south_west,analytic,0.0,12.0,-10.0,100.0,824.41,724.41,0.000,0.000,0.000,0.000,0.000
askarovo,biyagoda_south_west,analytic,0.0,12.0,-10.0,200.0,924.41,724.41,0.000,0.000,0.000,0.000,0.000
askarovo,biyagoda_south_west,analytic,0.0,12.0,-10.0,300.0,1024.41,724.41,0.000,0.000,0.000,0.000,0.000
askarovo,biyagoda_south_west,analytic,0.0,12.0,0.0,1.0,729.18,728.18,0.000,0.000,0.000,0.000,0.000
askarovo,biyagoda_south_west,analytic,0.0,12.0,0.0,1.5,729.68,728.18,0.000,0.000,0.000,0.000,0.000
askarovo,biyagoda_south_west,analytic,0.0,12.0,0.0,2.0,730.18,728.18,0.000,0.000,0.000,0.000,0.000
askarovo,biyagoda_south_west,analytic,0.0,12.0,0.0,3.0,731.18,728.18,0.000,0.000,0.000,0.000,0.000
askarovo,biyagoda_south_west,analytic,0.0,12.0,0.0,5.0,733.18,728.18,0.000,0.000,0.000,0.000,0.000
askarovo,biyagoda_south_west,analytic,0.0,12.0,0.0,10.0,738.18,728.18,0.000,0.000,0.000,0.000,0.000
askarovo,biyagoda_south_west,analytic,0.0,12.0,0.0,30.0,758.18,728.18,0.000,0.000,0.000,0.000,0.000
askarovo,biyagoda_south_west,analytic,0.0,12.0,0.0,50.0,778.18,728.18,0.000,0.000,0.000,0.000,0.000
askarovo,biyagoda_south_west,analytic,0.0,12.0,0.0,100.0,828.18,728.18,0.000,0.000,0.000,0.000,0.000
askarovo,biyagoda_south_west,analytic,0.0,12.0,0.0,200.0,928.18,728.18,0.000,0.000,0.000,0.000,0.000
askarovo,biyagoda_south_west,analytic,0.0,12.0,0.0,300.0,1028.18,728.18,0.000,0.000,0.000,0.000,0.000
askarovo,biyagoda_south_west,analytic,0.0,12.0,100.0,1.0,727.37,726.37,0.000,0.000,0.000,0.000,0.000
askarovo,biyagoda_south_west,analytic,0.0,12.0,100.0,1.5,727.87,726.37,0.000,0.000,0.000,0.000,0.000
askarovo,biyagoda_south_west,analytic,0.0,12.0,100.0,2.0,728.37,726.37,0.000,0.000,0.000,0.000,0.000
askarovo,biyagoda_south_west,analytic,0.0,12.0,100.0,3.0,729.37,726.37,0.000,0.000,0.000,0.000,0.000
askarovo,biyagoda_south_west,analytic,0.0,12.0,100.0,5.0,731.37,726.37,0.000,0.000,0.000,0.000,0.000
askarovo,biyagoda_south_west,analytic,0.0,12.0,100.0,10.0,736.37,726.37,0.000,0.000,0.000,0.000,0.000
askarovo,biyagoda_south_west,analytic,0.0,12.0,100.0,30.0,756.37,726.37,0.000,0.000,0.000,0.000,0.000
askarovo,biyagoda_south_west,analytic,0.0,12.0,100.0,50.0,776.37,726.37,0.000,0.000,0.000,0.000,0.000
askarovo,biyagoda_south_west,analytic,0.0,12.0,100.0,100.0,826.37,726.37,0.000,0.000,0.000,0.000,0.000
askarovo,biyagoda_south_west,analytic,0.0,12.0,100.0,200.0,926.37,726.37,0.000,0.000,0.000,0.000,0.000
askarovo,biyagoda_south_west,analytic,0.0,12.0,100.0,300.0,1026.37,726.37,0.000,0.000,0.000,0.000,0.000
askarovo,biyagoda_south_west,analytic,0.0,12.0,300.0,1.0,640.14,639.14,0.000,0.000,0.000,0.000,0.000
askarovo,biyagoda_south_west,analytic,0.0,12.0,300.0,1.5,640.64,639.14,0.000,0.000,0.000,0.000,0.000
askarovo,biyagoda_south_west,analytic,0.0,12.0,300.0,2.0,641.14,639.14,0.000,0.000,0.000,0.000,0.000
askarovo,biyagoda_south_west,analytic,0.0,12.0,300.0,3.0,642.14,639.14,0.000,0.000,0.000,0.000,0.000
askarovo,biyagoda_south_west,analytic,0.0,12.0,300.0,5.0,644.14,639.14,0.000,0.000,0.000,0.000,0.000
askarovo,biyagoda_south_west,analytic,0.0,12.0,300.0,10.0,649.14,639.14,0.000,0.000,0.000,0.000,0.000
askarovo,biyagoda_south_west,analytic,0.0,12.0,300.0,30.0,669.14,639.14,0.000,0.000,0.000,0.000,0.000
askarovo,biyagoda_south_west,analytic,0.0,12.0,300.0,50.0,689.14,639.14,0.000,0.000,0.000,0.000,0.000
askarovo,biyagoda_south_west,analytic,0.0,12.0,300.0,100.0,739.14,639.14,0.000,0.000,0.000,0.000,0.000
askarovo,biyagoda_south_west,analytic,0.0,12.0,300.0,200.0,839.14,639.14,0.000,0.000,0.000,0.000,0.000
askarovo,biyagoda_south_west,analytic,0.0,12.0,300.0,300.0,939.14,639.14,0.000,0.000,0.000,0.000,0.000
askarovo,biyagoda_south_west,analytic,3.0,12.0,-3000.0,1.0,426.01,425.01,1.583,1.583,-0.145,1.898,-0.000
askarovo,biyagoda_south_west,analytic,3.0,12.0,-3000.0,1.5,426.51,425.01,1.656,1.656,-0.150,1.987,-0.000
askarovo,biyagoda_south_west,analytic,3.0,12.0,-3000.0,2.0,427.01,425.01,1.717,1.717,-0.153,2.052,-0.000
askarovo,biyagoda_south_west,analytic,3.0,12.0,-3000.0,3.0,428.01,425.01,1.808,1.808,-0.158,2.149,0.000
askarovo,biyagoda_south_west,analytic,3.0,12.0,-3000.0,5.0,430.01,425.01,1.938,1.938,-0.160,2.279,-0.000
askarovo,biyagoda_south_west,analytic,3.0,12.0,-3000.0,10.0,435.01,425.01,2.152,2.152,-0.156,2.472,0.000
askarovo,biyagoda_south_west,analytic,3.0,12.0,-3000.0,30.0,455.01,425.01,2.668,2.668,-0.092,2.837,-0.000
askarovo,biyagoda_south_west,analytic,3.0,12.0,-3000.0,50.0,475.01,425.01,3.047,3.047,-0.015,3.047,0.000
askarovo,biyagoda_south_west,analytic,3.0,12.0,-3000.0,100.0,525.01,425.01,3.409,3.409,-0.016,3.409,0.000
askarovo,biyagoda_south_west,analytic,3.0,12.0,-3000.0,200.0,625.01,425.01,3.936,3.936,-0.000,3.936,-0.000
askarovo,biyagoda_south_west,analytic,3.0,12.0,-3000.0,300.0,725.01,425.01,4.205,4.205,0.011,4.205,-0.000
askarovo,biyagoda_south_west,analytic,3.0,12.0,-1000.0,1.0,437.05,436.05,1.912,1.912,-0.052,1.913,-0.000
askarovo,biyagoda_south_west,analytic,3.0,12.0,-1000.0,1.5,437.55,436.05,1.997,1.997,-0.055,2.003,-0.000
askarovo,biyagoda_south_west,analytic,3.0,12.0,-1000.0,2.0,438.05,436.05,2.061,2.061,-0.057,2.069,-0.000
askarovo,biyagoda_south_west,analytic,3.0,12.0,-1000.0,3.0,439.05,436.05,2.156,2.156,-0.061,2.167,-0.000
askarovo,biyagoda_south_west,analytic,3.0,12.0,-1000.0,5.0,441.05,436.05,2.285,2.285,-0.067,2.298,-0.000
askarovo,biyagoda_south_west,analytic,3.0,12.0,-1000.0,10.0,446.05,436.05,2.479,2.479,-0.080,2.492,-0.000
askarovo,biyagoda_south_west,analytic,3.0,12.0,-1000.0,30.0,466.05,436.05,2.852,2.852,-0.114,2.859,-0.000
askarovo,biyagoda_south_west,analytic,3.0,12.0,-1000.0,50.0,486.05,436.05,3.071,3.071,-0.133,3.071,-0.000
askarovo,biyagoda_south_west,analytic,3.0,12.0,-1000.0,100.0,536.05,436.05,3.435,3.435,-0.124,3.435,-0.000
askarovo,biyagoda_south_west,analytic,3.0,12.0,-1000.0,200.0,636.05,436.05,3.964,3.964,0.178,3.964,-0.000
askarovo,biyagoda_south_west,analytic,3.0,12.0,-1000.0,300.0,736.05,436.05,4.233,4.233,0.219,4.233,0.000
askarovo,biyagoda_south_west,analytic,3.0,12.0,-300.0,1.0,567.86,566.86,2.095,2.095,1.000,2.095,-0.000
askarovo,biyagoda_south_west,analytic,3.0,12.0,-300.0,1.5,568.36,566.86,2.193,2.193,1.047,2.193,-0.000
askarovo,biyagoda_south_west,analytic,3.0,12.0,-300.0,2.0,568.86,566.86,2.266,2.266,1.082,2.266,-0.000
askarovo,biyagoda_south_west,analytic,3.0,12.0,-300.0,3.0,569.86,566.86,2.372,2.372,1.134,2.373,-0.000
askarovo,biyagoda_south_west,analytic,3.0,12.0,-300.0,5.0,571.86,566.86,2.515,2.515,1.204,2.516,0.000
askarovo,biyagoda_south_west,analytic,3.0,12.0,-300.0,10.0,576.86,566.86,2.728,2.728,1.311,2.728,-0.000
askarovo,biyagoda_south_west,analytic,3.0,12.0,-300.0,30.0,596.86,566.86,3.125,3.125,1.523,3.125,-0.000
askarovo,biyagoda_south_west,analytic,3.0,12.0,-300.0,50.0,616.86,566.86,3.353,3.353,1.631,3.353,-0.000
askarovo,biyagoda_south_west,analytic,3.0,12.0,-300.0,100.0,666.86,566.86,3.740,3.740,1.700,3.740,0.000
askarovo,biyagoda_south_west,analytic,3.0,12.0,-300.0,200.0,766.86,566.86,4.293,4.293,1.287,4.293,0.000
askarovo,biyagoda_south_west,analytic,3.0,12.0,-300.0,300.0,866.86,566.86,4.564,4.564,0.900,4.564,-0.000
askarovo,biyagoda_south_west,analytic,3.0,12.0,-150.0,1.0,660.69,659.69,2.244,2.244,1.035,2.224,0.000
askarovo,biyagoda_south_west,analytic,3.0,12.0,-150.0,1.5,661.19,659.69,2.342,2.342,1.078,2.328,-0.000
askarovo,biyagoda_south_west,analytic,3.0,12.0,-150.0,2.0,661.69,659.69,2.416,2.416,1.109,2.405,-0.000
askarovo,biyagoda_south_west,analytic,3.0,12.0,-150.0,3.0,662.69,659.69,2.526,2.526,1.154,2.519,0.000
askarovo,biyagoda_south_west,analytic,3.0,12.0,-150.0,5.0,664.69,659.69,2.675,2.675,1.211,2.670,0.000
askarovo,biyagoda_south_west,analytic,3.0,12.0,-150.0,10.0,669.69,659.69,2.897,2.897,1.282,2.895,0.000
askarovo,biyagoda_south_west,analytic,3.0,12.0,-150.0,30.0,689.69,659.69,3.315,3.315,1.344,3.314,-0.000
askarovo,biyagoda_south_west,analytic,3.0,12.0,-150.0,50.0,709.69,659.69,3.553,3.553,1.321,3.553,-0.000
askarovo,biyagoda_south_west,analytic,3.0,12.0,-150.0,100.0,759.69,659.69,3.956,3.956,1.199,3.956,-0.000
askarovo,biyagoda_south_west,analytic,3.0,12.0,-150.0,200.0,859.69,659.69,4.527,4.527,0.603,4.527,-0.000
askarovo,biyagoda_south_west,analytic,3.0,12.0,-150.0,300.0,959.69,659.69,4.799,4.799,-0.467,4.799,0.000
askarovo,biyagoda_south_west,analytic,3.0,12.0,-50.0,1.0,708.98,707.98,2.293,2.293,0.845,2.291,0.000
askarovo,biyagoda_south_west,analytic,3.0,12.0,-50.0,1.5,709.48,707.98,2.400,2.400,0.882,2.399,-0.000
askarovo,biyagoda_south_west,analytic,3.0,12.0,-50.0,2.0,709.98,707.98,2.479,2.479,0.908,2.478,0.000
askarovo,biyagoda_south_west,analytic,3.0,12.0,-50.0,3.0,710.98,707.98,2.595,2.595,0.946,2.595,0.000
askarovo,biyagoda_south_west,analytic,3.0,12.0,-50.0,5.0,712.98,707.98,2.751,2.751,0.991,2.751,0.000
askarovo,biyagoda_south_west,analytic,3.0,12.0,-50.0,10.0,717.98,707.98,2.982,2.982,1.044,2.982,-0.000
askarovo,biyagoda_south_west,analytic,3.0,12.0,-50.0,30.0,737.98,707.98,3.413,3.413,1.059,3.413,0.000
askarovo,biyagoda_south_west,analytic,3.0,12.0,-50.0,50.0,757.98,707.98,3.657,3.657,0.933,3.657,0.000
askarovo,biyagoda_south_west,analytic,3.0,12.0,-50.0,100.0,807.98,707.98,4.069,4.069,0.320,4.068,-0.000
askarovo,biyagoda_south_west,analytic,3.0,12.0,-50.0,200.0,907.98,707.98,4.649,4.649,-0.709,4.649,-0.000
askarovo,biyagoda_south_west,analytic,3.0,12.0,-50.0,300.0,1007.98,707.98,4.921,4.921,-0.518,4.921,0.000
askarovo,biyagoda_south_west,analytic,3.0,12.0,-30.0,1.0,717.57,716.57,2.343,2.343,0.796,2.303,-0.000
askarovo,biyagoda_south_west,analytic,3.0,12.0,-30.0,1.5,718.07,716.57,2.439,2.439,0.826,2.411,-0.000
askarovo,biyagoda_south_west,analytic,3.0,12.0,-30.0,2.0,718.57,716.57,2.513,2.513,0.848,2.491,0.000
askarovo,biyagoda_south_west,analytic,3.0,12.0,-30.0,3.0,719.57,716.57,2.624,2.624,0.880,2.608,0.000
askarovo,biyagoda_south_west,analytic,3.0,12.0,-30.0,5.0,721.57,716.57,2.775,2.775,0.919,2.765,-0.000
askarovo,biyagoda_south_west,analytic,3.0,12.0,-30.0,10.0,726.57,716.57,3.003,3.003,0.963,2.997,0.000
askarovo,biyagoda_south_west,analytic,3.0,12.0,-30.0,30.0,746.57,716.57,3.432,3.432,0.878,3.430,0.000
askarovo,biyagoda_south_west,analytic,3.0,12.0,-30.0,50.0,766.57,716.57,3.677,3.677,0.709,3.675,0.000
askarovo,biyagoda_south_west,analytic,3.0,12.0,-30.0,100.0,816.57,716.57,4.089,4.089,-0.060,4.088,-0.000
askarovo,biyagoda_south_west,analytic,3.0,12.0,-30.0,200.0,916.57,716.57,4.671,4.671,-0.761,4.670,-0.000
askarovo,biyagoda_south_west,analytic,3.0,12.0,-30.0,300.0,1016.57,716.57,4.942,4.942,-0.485,4.942,-0.000
askarovo,biyagoda_south_west,analytic,3.0,12.0,-20.0,1.0,721.58,720.58,2.322,2.322,0.746,2.309,0.000
askarovo,biyagoda_south_west,analytic,3.0,12.0,-20.0,1.5,722.08,720.58,2.426,2.426,0.775,2.417,-0.000
askarovo,biyagoda_south_west,analytic,3.0,12.0,-20.0,2.0,722.58,720.58,2.504,2.504,0.796,2.497,-0.000
askarovo,biyagoda_south_west,analytic,3.0,12.0,-20.0,3.0,723.58,720.58,2.619,2.619,0.823,2.614,0.000
askarovo,biyagoda_south_west,analytic,3.0,12.0,-20.0,5.0,725.58,720.58,2.775,2.775,0.853,2.772,0.000
askarovo,biyagoda_south_west,analytic,3.0,12.0,-20.0,10.0,730.58,720.58,3.006,3.006,0.872,3.004,-0.000
askarovo,biyagoda_south_west,analytic,3.0,12.0,-20.0,30.0,750.58,720.58,3.439,3.439,0.770,3.438,0.000
askarovo,biyagoda_south_west,analytic,3.0,12.0,-20.0,50.0,770.58,720.58,3.684,3.684,0.520,3.684,-0.000
askarovo,biyagoda_south_west,analytic,3.0,12.0,-20.0,100.0,820.58,720.58,4.098,4.098,-0.244,4.098,-0.000
askarovo,biyagoda_south_west,analytic,3.0,12.0,-20.0,200.0,920.58,720.58,4.681,4.681,-0.759,4.680,0.000
askarovo,biyagoda_south_west,analytic,3.0,12.0,-20.0,300.0,1020.58,720.58,4.953,4.953,-0.469,4.953,0.000
askarovo,biyagoda_south_west,analytic,3.0,12.0,-10.0,1.0,725.41,724.41,2.399,2.399,0.690,2.314,0.000
askarovo,biyagoda_south_west,analytic,3.0,12.0,-10.0,1.5,725.91,724.41,2.485,2.485,0.710,2.422,0.000
askarovo,biyagoda_south_west,analytic,3.0,12.0,-10.0,2.0,726.41,724.41,2.552,2.552,0.724,2.503,0.000
askarovo,biyagoda_south_west,analytic,3.0,12.0,-10.0,3.0,727.41,724.41,2.656,2.656,0.745,2.620,0.000
askarovo,biyagoda_south_west,analytic,3.0,12.0,-10.0,5.0,729.41,724.41,2.801,2.801,0.766,2.778,0.000
askarovo,biyagoda_south_west,analytic,3.0,12.0,-10.0,10.0,734.41,724.41,3.024,3.024,0.775,3.011,0.000
askarovo,biyagoda_south_west,analytic,3.0,12.0,-10.0,30.0,754.41,724.41,3.451,3.451,0.624,3.446,-0.000
askarovo,biyagoda_south_west,analytic,3.0,12.0,-10.0,50.0,774.41,724.41,3.695,3.695,0.326,3.692,-0.000
askarovo,biyagoda_south_west,analytic,3.0,12.0,-10.0,100.0,824.41,724.41,4.109,4.109,-0.424,4.107,-0.000
askarovo,biyagoda_south_west,analytic,3.0,12.0,-10.0,200.0,924.41,724.41,4.691,4.691,-0.741,4.690,0.000
askarovo,biyagoda_south_west,analytic,3.0,12.0,-10.0,300.0,1024.41,724.41,4.962,4.962,-0.453,4.962,0.000
askarovo,biyagoda_south_west,analytic,3.0,12.0,0.0,1.0,729.18,728.18,2.461,2.461,0.621,2.319,0.000
askarovo,biyagoda_south_west,analytic,3.0,12.0,0.0,1.5,729.68,728.18,2.534,2.534,0.635,2.428,0.000
askarovo,biyagoda_south_west,analytic,3.0,12.0,0.0,2.0,730.18,728.18,2.594,2.594,0.645,2.508,0.000
askarovo,biyagoda_south_west,analytic,3.0,12.0,0.0,3.0,731.18,728.18,2.688,2.688,0.660,2.626,-0.000
askarovo,biyagoda_south_west,analytic,3.0,12.0,0.0,5.0,733.18,728.18,2.825,2.825,0.674,2.784,0.000
askarovo,biyagoda_south_west,analytic,3.0,12.0,0.0,10.0,738.18,728.18,3.041,3.041,0.673,3.018,-0.000
askarovo,biyagoda_south_west,analytic,3.0,12.0,0.0,30.0,758.18,728.18,3.463,3.463,0.432,3.454,0.000
askarovo,biyagoda_south_west,analytic,3.0,12.0,0.0,50.0,778.18,728.18,3.706,3.706,0.134,3.700,-0.000
askarovo,biyagoda_south_west,analytic,3.0,12.0,0.0,100.0,828.18,728.18,4.119,4.119,-0.560,4.116,-0.000
askarovo,biyagoda_south_west,analytic,3.0,12.0,0.0,200.0,928.18,728.18,4.701,4.701,-0.722,4.700,-0.000
askarovo,biyagoda_south_west,analytic,3.0,12.0,0.0,300.0,1028.18,728.18,4.972,4.972,-0.432,4.972,-0.000
askarovo,biyagoda_south_west,analytic,3.0,12.0,100.0,1.0,727.37,726.37,2.253,2.253,-0.731,2.317,0.000
askarovo,biyagoda_south_west,analytic,3.0,12.0,100.0,1.5,727.87,726.37,2.332,2.332,-0.757,2.425,-0.000
askarovo,biyagoda_south_west,analytic,3.0,12.0,100.0,2.0,728.37,726.37,2.397,2.397,-0.778,2.505,-0.000
askarovo,biyagoda_south_west,analytic,3.0,12.0,100.0,3.0,729.37,726.37,2.499,2.499,-0.813,2.623,-0.000
askarovo,biyagoda_south_west,analytic,3.0,12.0,100.0,5.0,731.37,726.37,2.647,2.647,-0.859,2.781,-0.000
askarovo,biyagoda_south_west,analytic,3.0,12.0,100.0,10.0,736.37,726.37,2.882,2.882,-0.928,3.015,-0.000
askarovo,biyagoda_south_west,analytic,3.0,12.0,100.0,30.0,756.37,726.37,3.361,3.361,-1.099,3.450,0.000
askarovo,biyagoda_south_west,analytic,3.0,12.0,100.0,50.0,776.37,726.37,3.675,3.675,-1.085,3.696,-0.000
askarovo,biyagoda_south_west,analytic,3.0,12.0,100.0,100.0,826.37,726.37,4.114,4.114,-0.913,4.111,-0.000
askarovo,biyagoda_south_west,analytic,3.0,12.0,100.0,200.0,926.37,726.37,4.696,4.696,-0.572,4.695,0.000
askarovo,biyagoda_south_west,analytic,3.0,12.0,100.0,300.0,1026.37,726.37,4.967,4.967,-0.269,4.967,-0.000
askarovo,biyagoda_south_west,analytic,3.0,12.0,300.0,1.0,640.14,639.14,0.600,0.600,-0.793,2.196,0.000
askarovo,biyagoda_south_west,analytic,3.0,12.0,300.0,1.5,640.64,639.14,0.639,0.639,-0.826,2.298,-0.000
askarovo,biyagoda_south_west,analytic,3.0,12.0,300.0,2.0,641.14,639.14,0.674,0.674,-0.855,2.374,0.000
askarovo,biyagoda_south_west,analytic,3.0,12.0,300.0,3.0,642.14,639.14,0.735,0.735,-0.897,2.486,-0.000
askarovo,biyagoda_south_west,analytic,3.0,12.0,300.0,5.0,644.14,639.14,0.838,0.838,-0.957,2.636,0.000
askarovo,biyagoda_south_west,analytic,3.0,12.0,300.0,10.0,649.14,639.14,1.060,1.060,-1.062,2.858,0.000
askarovo,biyagoda_south_west,analytic,3.0,12.0,300.0,30.0,669.14,639.14,1.808,1.808,-1.127,3.273,0.000
askarovo,biyagoda_south_west,analytic,3.0,12.0,300.0,50.0,689.14,639.14,2.469,2.469,-0.964,3.508,0.000
askarovo,biyagoda_south_west,analytic,3.0,12.0,300.0,100.0,739.14,639.14,3.908,3.908,-0.542,3.908,0.000
askarovo,biyagoda_south_west,analytic,3.0,12.0,300.0,200.0,839.14,639.14,4.475,4.475,-0.417,4.475,-0.000
askarovo,biyagoda_south_west,analytic,3.0,12.0,300.0,300.0,939.14,639.14,4.747,4.747,-0.211,4.747,-0.000
askarovo,biyagoda_south_west,analytic,6.0,12.0,-3000.0,1.0,426.01,425.01,1.796,1.796,-0.518,2.827,0.000
askarovo,biyagoda_south_west,analytic,6.0,12.0,-3000.0,1.5,426.51,425.01,2.001,2.001,-0.561,3.117,-0.000
askarovo,biyagoda_south_west,analytic,6.0,12.0,-3000.0,2.0,427.01,425.01,2.187,2.187,-0.596,3.341,-0.000
askarovo,biyagoda_south_west,analytic,6.0,12.0,-3000.0,3.0,428.01,425.01,2.495,2.495,-0.645,3.685,0.000
askarovo,biyagoda_south_west,analytic,6.0,12.0,-3000.0,5.0,430.01,425.01,2.987,2.987,-0.700,4.172,0.000
askarovo,biyagoda_south_west,analytic,6.0,12.0,-3000.0,10.0,435.01,425.01,3.906,3.906,-0.737,4.945,-0.000
askarovo,biyagoda_south_west,analytic,6.0,12.0,-3000.0,30.0,455.01,425.01,6.089,6.089,-0.477,6.530,-0.000
askarovo,biyagoda_south_west,analytic,6.0,12.0,-3000.0,50.0,475.01,425.01,7.486,7.486,-0.037,7.488,-0.000
askarovo,biyagoda_south_west,analytic,6.0,12.0,-3000.0,100.0,525.01,425.01,9.155,9.155,-0.043,9.156,0.000
askarovo,biyagoda_south_west,analytic,6.0,12.0,-3000.0,200.0,625.01,425.01,11.551,11.551,-0.000,11.552,-0.000
askarovo,biyagoda_south_west,analytic,6.0,12.0,-3000.0,300.0,725.01,425.01,13.546,13.546,0.035,13.547,0.000
askarovo,biyagoda_south_west,analytic,6.0,12.0,-1000.0,1.0,437.05,436.05,2.860,2.860,-0.093,2.850,0.000
askarovo,biyagoda_south_west,analytic,6.0,12.0,-1000.0,1.5,437.55,436.05,3.143,3.143,-0.103,3.142,-0.000
askarovo,biyagoda_south_west,analytic,6.0,12.0,-1000.0,2.0,438.05,436.05,3.364,3.364,-0.111,3.368,-0.000
askarovo,biyagoda_south_west,analytic,6.0,12.0,-1000.0,3.0,439.05,436.05,3.705,3.705,-0.124,3.715,0.000
askarovo,biyagoda_south_west,analytic,6.0,12.0,-1000.0,5.0,441.05,436.05,4.189,4.189,-0.144,4.205,0.000
askarovo,biyagoda_south_west,analytic,6.0,12.0,-1000.0,10.0,446.05,436.05,4.962,4.962,-0.180,4.984,-0.000
askarovo,biyagoda_south_west,analytic,6.0,12.0,-1000.0,30.0,466.05,436.05,6.567,6.567,-0.275,6.582,0.000
askarovo,biyagoda_south_west,analytic,6.0,12.0,-1000.0,50.0,486.05,436.05,7.549,7.549,-0.328,7.546,-0.000
askarovo,biyagoda_south_west,analytic,6.0,12.0,-1000.0,100.0,536.05,436.05,9.226,9.226,-0.334,9.225,0.000
askarovo,biyagoda_south_west,analytic,6.0,12.0,-1000.0,200.0,636.05,436.05,11.634,11.634,0.524,11.633,-0.000
askarovo,biyagoda_south_west,analytic,6.0,12.0,-1000.0,300.0,736.05,436.05,13.637,13.637,0.705,13.637,-0.000
askarovo,biyagoda_south_west,analytic,6.0,12.0,-300.0,1.0,567.86,566.86,3.121,3.121,1.489,3.121,-0.000
askarovo,biyagoda_south_west,analytic,6.0,12.0,-300.0,1.5,568.36,566.86,3.440,3.440,1.642,3.441,0.000
askarovo,biyagoda_south_west,analytic,6.0,12.0,-300.0,2.0,568.86,566.86,3.687,3.687,1.761,3.688,0.000
askarovo,biyagoda_south_west,analytic,6.0,12.0,-300.0,3.0,569.86,566.86,4.067,4.067,1.944,4.067,0.000
askarovo,biyagoda_south_west,analytic,6.0,12.0,-300.0,5.0,571.86,566.86,4.604,4.604,2.204,4.604,-0.000
askarovo,biyagoda_south_west,analytic,6.0,12.0,-300.0,10.0,576.86,566.86,5.455,5.455,2.622,5.455,-0.000
askarovo,biyagoda_south_west,analytic,6.0,12.0,-300.0,30.0,596.86,566.86,7.195,7.195,3.505,7.195,-0.000
askarovo,biyagoda_south_west,analytic,6.0,12.0,-300.0,50.0,616.86,566.86,8.239,8.239,4.009,8.239,-0.000
askarovo,biyagoda_south_west,analytic,6.0,12.0,-300.0,100.0,666.86,566.86,10.043,10.043,4.566,10.043,0.000
askarovo,biyagoda_south_west,analytic,6.0,12.0,-300.0,200.0,766.86,566.86,12.600,12.600,3.777,12.600,-0.000
askarovo,biyagoda_south_west,analytic,6.0,12.0,-300.0,300.0,866.86,566.86,14.702,14.702,2.900,14.702,0.000
askarovo,biyagoda_south_west,analytic,6.0,12.0,-150.0,1.0,660.69,659.69,3.377,3.377,1.557,3.313,-0.000
askarovo,biyagoda_south_west,analytic,6.0,12.0,-150.0,1.5,661.19,659.69,3.700,3.700,1.702,3.653,0.000
askarovo,biyagoda_south_west,analytic,6.0,12.0,-150.0,2.0,661.69,659.69,3.953,3.953,1.814,3.915,-0.000
askarovo,biyagoda_south_west,analytic,6.0,12.0,-150.0,3.0,662.69,659.69,4.346,4.346,1.985,4.318,-0.000
askarovo,biyagoda_south_west,analytic,6.0,12.0,-150.0,5.0,664.69,659.69,4.906,4.906,2.220,4.887,0.000
askarovo,biyagoda_south_west,analytic,6.0,12.0,-150.0,10.0,669.69,659.69,5.801,5.801,2.567,5.789,0.000
askarovo,biyagoda_south_west,analytic,6.0,12.0,-150.0,30.0,689.69,659.69,7.635,7.635,3.094,7.630,-0.000
askarovo,biyagoda_south_west,analytic,6.0,12.0,-150.0,50.0,709.69,659.69,8.734,8.734,3.246,8.731,0.000
askarovo,biyagoda_south_west,analytic,6.0,12.0,-150.0,100.0,759.69,659.69,10.626,10.626,3.221,10.624,-0.000
askarovo,biyagoda_south_west,analytic,6.0,12.0,-150.0,200.0,859.69,659.69,13.287,13.287,1.769,13.286,0.000
askarovo,biyagoda_south_west,analytic,6.0,12.0,-150.0,300.0,959.69,659.69,15.459,15.459,-1.504,15.458,0.000
askarovo,biyagoda_south_west,analytic,6.0,12.0,-50.0,1.0,708.98,707.98,3.418,3.418,1.260,3.413,0.000
askarovo,biyagoda_south_west,analytic,6.0,12.0,-50.0,1.5,709.48,707.98,3.767,3.767,1.384,3.763,-0.000
askarovo,biyagoda_south_west,analytic,6.0,12.0,-50.0,2.0,709.98,707.98,4.036,4.036,1.479,4.033,0.000
askarovo,biyagoda_south_west,analytic,6.0,12.0,-50.0,3.0,710.98,707.98,4.450,4.450,1.622,4.448,-0.000
askarovo,biyagoda_south_west,analytic,6.0,12.0,-50.0,5.0,712.98,707.98,5.036,5.036,1.815,5.034,0.000
askarovo,biyagoda_south_west,analytic,6.0,12.0,-50.0,10.0,717.98,707.98,5.964,5.964,2.089,5.963,0.000
askarovo,biyagoda_south_west,analytic,6.0,12.0,-50.0,30.0,737.98,707.98,7.857,7.857,2.438,7.856,-0.000
askarovo,biyagoda_south_west,analytic,6.0,12.0,-50.0,50.0,757.98,707.98,8.987,8.987,2.293,8.987,-0.000
askarovo,biyagoda_south_west,analytic,6.0,12.0,-50.0,100.0,807.98,707.98,10.926,10.926,0.858,10.926,-0.000
askarovo,biyagoda_south_west,analytic,6.0,12.0,-50.0,200.0,907.98,707.98,13.643,13.643,-2.081,13.642,-0.000
askarovo,biyagoda_south_west,analytic,6.0,12.0,-50.0,300.0,1007.98,707.98,15.851,15.851,-1.670,15.851,0.000
askarovo,biyagoda_south_west,analytic,6.0,12.0,-30.0,1.0,717.57,716.57,3.559,3.559,1.209,3.431,-0.000
askarovo,biyagoda_south_west,analytic,6.0,12.0,-30.0,1.5,718.07,716.57,3.878,3.878,1.313,3.782,-0.000
askarovo,biyagoda_south_west,analytic,6.0,12.0,-30.0,2.0,718.57,716.57,4.132,4.132,1.395,4.054,-0.000
askarovo,biyagoda_south_west,analytic,6.0,12.0,-30.0,3.0,719.57,716.57,4.529,4.529,1.519,4.471,-0.000
askarovo,biyagoda_south_west,analytic,6.0,12.0,-30.0,5.0,721.57,716.57,5.100,5.100,1.690,5.060,0.000
askarovo,biyagoda_south_west,analytic,6.0,12.0,-30.0,10.0,726.57,716.57,6.018,6.018,1.931,5.994,0.000
askarovo,biyagoda_south_west,analytic,6.0,12.0,-30.0,30.0,746.57,716.57,7.907,7.907,2.023,7.896,-0.000
askarovo,biyagoda_south_west,analytic,6.0,12.0,-30.0,50.0,766.57,716.57,9.039,9.039,1.744,9.032,-0.000
askarovo,biyagoda_south_west,analytic,6.0,12.0,-30.0,100.0,816.57,716.57,10.984,10.984,-0.161,10.980,0.000
askarovo,biyagoda_south_west,analytic,6.0,12.0,-30.0,200.0,916.57,716.57,13.709,13.709,-2.234,13.706,-0.000
askarovo,biyagoda_south_west,analytic,6.0,12.0,-30.0,300.0,1016.57,716.57,15.923,15.923,-1.562,15.921,-0.000
askarovo,biyagoda_south_west,analytic,6.0,12.0,-20.0,1.0,721.58,720.58,3.482,3.482,1.119,3.439,-0.000
askarovo,biyagoda_south_west,analytic,6.0,12.0,-20.0,1.5,722.08,720.58,3.823,3.823,1.222,3.792,-0.000
askarovo,biyagoda_south_west,analytic,6.0,12.0,-20.0,2.0,722.58,720.58,4.089,4.089,1.300,4.064,0.000
askarovo,biyagoda_south_west,analytic,6.0,12.0,-20.0,3.0,723.58,720.58,4.501,4.501,1.415,4.482,-0.000
askarovo,biyagoda_south_west,analytic,6.0,12.0,-20.0,5.0,725.58,720.58,5.085,5.085,1.563,5.073,0.000
askarovo,biyagoda_south_west,analytic,6.0,12.0,-20.0,10.0,730.58,720.58,6.016,6.016,1.746,6.009,0.000
askarovo,biyagoda_south_west,analytic,6.0,12.0,-20.0,30.0,750.58,720.58,7.918,7.918,1.773,7.915,-0.000
askarovo,biyagoda_south_west,analytic,6.0,12.0,-20.0,50.0,770.58,720.58,9.056,9.056,1.278,9.053,-0.000
askarovo,biyagoda_south_west,analytic,6.0,12.0,-20.0,100.0,820.58,720.58,11.006,11.006,-0.655,11.005,-0.000
askarovo,biyagoda_south_west,analytic,6.0,12.0,-20.0,200.0,920.58,720.58,13.736,13.736,-2.228,13.736,-0.000
askarovo,biyagoda_south_west,analytic,6.0,12.0,-20.0,300.0,1020.58,720.58,15.954,15.954,-1.512,15.954,0.000
askarovo,biyagoda_south_west,analytic,6.0,12.0,-10.0,1.0,725.41,724.41,3.724,3.724,1.070,3.447,0.000
askarovo,biyagoda_south_west,analytic,6.0,12.0,-10.0,1.5,725.91,724.41,4.012,4.012,1.146,3.800,0.000
askarovo,biyagoda_south_west,analytic,6.0,12.0,-10.0,2.0,726.41,724.41,4.247,4.247,1.206,4.073,-0.000
askarovo,biyagoda_south_west,analytic,6.0,12.0,-10.0,3.0,727.41,724.41,4.623,4.623,1.296,4.492,0.000
askarovo,biyagoda_south_west,analytic,6.0,12.0,-10.0,5.0,729.41,724.41,5.174,5.174,1.415,5.084,0.000
askarovo,biyagoda_south_west,analytic,6.0,12.0,-10.0,10.0,734.41,724.41,6.077,6.077,1.558,6.022,0.000
askarovo,biyagoda_south_west,analytic,6.0,12.0,-10.0,30.0,754.41,724.41,7.957,7.957,1.439,7.933,0.000
askarovo,biyagoda_south_west,analytic,6.0,12.0,-10.0,50.0,774.41,724.41,9.090,9.090,0.803,9.074,0.000
askarovo,biyagoda_south_west,analytic,6.0,12.0,-10.0,100.0,824.41,724.41,11.039,11.039,-1.138,11.029,-0.000
askarovo,biyagoda_south_west,analytic,6.0,12.0,-10.0,200.0,924.41,724.41,13.770,13.770,-2.174,13.764,0.000
askarovo,biyagoda_south_west,analytic,6.0,12.0,-10.0,300.0,1024.41,724.41,15.990,15.990,-1.458,15.985,0.000
askarovo,biyagoda_south_west,analytic,6.0,12.0,0.0,1.0,729.18,728.18,3.922,3.922,0.990,3.455,0.000
askarovo,biyagoda_south_west,analytic,6.0,12.0,0.0,1.5,729.68,728.18,4.174,4.174,1.046,3.809,0.000
askarovo,biyagoda_south_west,analytic,6.0,12.0,0.0,2.0,730.18,728.18,4.386,4.386,1.092,4.082,-0.000
askarovo,biyagoda_south_west,analytic,6.0,12.0,0.0,3.0,731.18,728.18,4.734,4.734,1.162,4.502,0.000
askarovo,biyagoda_south_west,analytic,6.0,12.0,0.0,5.0,733.18,728.18,5.258,5.258,1.254,5.096,0.000
askarovo,biyagoda_south_west,analytic,6.0,12.0,0.0,10.0,738.18,728.18,6.134,6.134,1.358,6.036,-0.000
askarovo,biyagoda_south_west,analytic,6.0,12.0,0.0,30.0,758.18,728.18,7.995,7.995,0.997,7.951,-0.000
askarovo,biyagoda_south_west,analytic,6.0,12.0,0.0,50.0,778.18,728.18,9.124,9.124,0.329,9.094,0.000
askarovo,biyagoda_south_west,analytic,6.0,12.0,0.0,100.0,828.18,728.18,11.071,11.071,-1.505,11.052,-0.000
askarovo,biyagoda_south_west,analytic,6.0,12.0,0.0,200.0,928.18,728.18,13.803,13.803,-2.119,13.792,0.000
askarovo,biyagoda_south_west,analytic,6.0,12.0,0.0,300.0,1028.18,728.18,16.024,16.024,-1.392,16.016,-0.000
askarovo,biyagoda_south_west,analytic,6.0,12.0,100.0,1.0,727.37,726.37,3.377,3.377,-1.272,3.451,0.000
askarovo,biyagoda_south_west,analytic,6.0,12.0,100.0,1.5,727.87,726.37,3.646,3.646,-1.365,3.805,0.000
askarovo,biyagoda_south_west,analytic,6.0,12.0,100.0,2.0,728.37,726.37,3.875,3.875,-1.441,4.078,-0.000
askarovo,biyagoda_south_west,analytic,6.0,12.0,100.0,3.0,729.37,726.37,4.253,4.253,-1.568,4.498,-0.000
askarovo,biyagoda_south_west,analytic,6.0,12.0,100.0,5.0,731.37,726.37,4.828,4.828,-1.747,5.090,0.000
askarovo,biyagoda_south_west,analytic,6.0,12.0,100.0,10.0,736.37,726.37,5.776,5.776,-2.030,6.029,-0.000
askarovo,biyagoda_south_west,analytic,6.0,12.0,100.0,30.0,756.37,726.37,7.755,7.755,-2.917,7.942,0.000
askarovo,biyagoda_south_west,analytic,6.0,12.0,100.0,50.0,776.37,726.37,9.043,9.043,-2.780,9.084,0.000
askarovo,biyagoda_south_west,analytic,6.0,12.0,100.0,100.0,826.37,726.37,11.055,11.055,-2.454,11.041,0.000
askarovo,biyagoda_south_west,analytic,6.0,12.0,100.0,200.0,926.37,726.37,13.787,13.787,-1.678,13.778,-0.000
askarovo,biyagoda_south_west,analytic,6.0,12.0,100.0,300.0,1026.37,726.37,16.008,16.008,-0.868,16.001,-0.000
askarovo,biyagoda_south_west,analytic,6.0,12.0,300.0,1.0,640.14,639.14,1.296,-1.296,-2.663,3.270,0.000
askarovo,biyagoda_south_west,analytic,6.0,12.0,300.0,1.5,640.64,639.14,1.348,-1.348,-2.899,3.606,-0.000
askarovo,biyagoda_south_west,analytic,6.0,12.0,300.0,2.0,641.14,639.14,1.376,-1.376,-3.108,3.865,0.000
askarovo,biyagoda_south_west,analytic,6.0,12.0,300.0,3.0,642.14,639.14,1.367,-1.367,-3.428,4.262,0.000
askarovo,biyagoda_south_west,analytic,6.0,12.0,300.0,5.0,644.14,639.14,1.214,-1.214,-3.900,4.824,-0.000
askarovo,biyagoda_south_west,analytic,6.0,12.0,300.0,10.0,649.14,639.14,0.541,-0.541,-4.777,5.715,0.000
askarovo,biyagoda_south_west,analytic,6.0,12.0,300.0,30.0,669.14,639.14,2.663,2.663,-5.205,7.533,-0.000
askarovo,biyagoda_south_west,analytic,6.0,12.0,300.0,50.0,689.14,639.14,5.402,5.402,-3.733,8.622,-0.000
askarovo,biyagoda_south_west,analytic,6.0,12.0,300.0,100.0,739.14,639.14,10.494,10.494,-1.454,10.495,-0.000
askarovo,biyagoda_south_west,analytic,6.0,12.0,300.0,200.0,839.14,639.14,13.133,13.133,-1.224,13.134,-0.000
askarovo,biyagoda_south_west,analytic,6.0,12.0,300.0,300.0,939.14,639.14,15.290,15.290,-0.679,15.290,0.000
askarovo,biyagoda_south_west,analytic,10.0,12.0,-3000.0,1.0,426.01,425.01,2.991,2.991,-0.865,4.711,-0.000
askarovo,biyagoda_south_west,analytic,10.0,12.0,-3000.0,1.5,426.51,425.01,3.333,3.333,-0.937,5.195,0.000
askarovo,biyagoda_south_west,analytic,10.0,12.0,-3000.0,2.0,427.01,425.01,3.642,3.642,-0.995,5.568,0.000
askarovo,biyagoda_south_west,analytic,10.0,12.0,-3000.0,3.0,428.01,425.01,4.157,4.157,-1.077,6.141,-0.000
askarovo,biyagoda_south_west,analytic,10.0,12.0,-3000.0,5.0,430.01,425.01,4.977,4.977,-1.168,6.953,0.000
askarovo,biyagoda_south_west,analytic,10.0,12.0,-3000.0,10.0,435.01,425.01,6.509,6.509,-1.229,8.241,-0.000
askarovo,biyagoda_south_west,analytic,10.0,12.0,-3000.0,30.0,455.01,425.01,10.148,10.148,-0.794,10.883,-0.000
askarovo,biyagoda_south_west,analytic,10.0,12.0,-3000.0,50.0,475.01,425.01,12.477,12.477,-0.062,12.480,0.000
askarovo,biyagoda_south_west,analytic,10.0,12.0,-3000.0,100.0,525.01,425.01,15.258,15.258,-0.072,15.260,0.000
askarovo,biyagoda_south_west,analytic,10.0,12.0,-3000.0,200.0,625.01,425.01,19.252,19.252,-0.001,19.253,-0.000
askarovo,biyagoda_south_west,analytic,10.0,12.0,-3000.0,300.0,725.01,425.01,22.577,22.577,0.058,22.578,-0.000
askarovo,biyagoda_south_west,analytic,10.0,12.0,-1000.0,1.0,437.05,436.05,4.767,4.767,-0.156,4.749,0.000
askarovo,biyagoda_south_west,analytic,10.0,12.0,-1000.0,1.5,437.55,436.05,5.239,5.239,-0.172,5.237,0.000
askarovo,biyagoda_south_west,analytic,10.0,12.0,-1000.0,2.0,438.05,436.05,5.607,5.607,-0.185,5.613,0.000
askarovo,biyagoda_south_west,analytic,10.0,12.0,-1000.0,3.0,439.05,436.05,6.176,6.176,-0.206,6.191,0.000
askarovo,biyagoda_south_west,analytic,10.0,12.0,-1000.0,5.0,441.05,436.05,6.982,6.982,-0.239,7.009,0.000
askarovo,biyagoda_south_west,analytic,10.0,12.0,-1000.0,10.0,446.05,436.05,8.270,8.270,-0.300,8.307,-0.000
askarovo,biyagoda_south_west,analytic,10.0,12.0,-1000.0,30.0,466.05,436.05,10.945,10.945,-0.459,10.970,-0.000
askarovo,biyagoda_south_west,analytic,10.0,12.0,-1000.0,50.0,486.05,436.05,12.581,12.581,-0.546,12.577,0.000
askarovo,biyagoda_south_west,analytic,10.0,12.0,-1000.0,100.0,536.05,436.05,15.377,15.377,-0.557,15.375,-0.000
askarovo,biyagoda_south_west,analytic,10.0,12.0,-1000.0,200.0,636.05,436.05,19.390,19.390,0.873,19.389,-0.000
askarovo,biyagoda_south_west,analytic,10.0,12.0,-1000.0,300.0,736.05,436.05,22.729,22.729,1.175,22.728,0.000
askarovo,biyagoda_south_west,analytic,10.0,12.0,-300.0,1.0,567.86,566.86,5.201,5.201,2.482,5.201,-0.000
askarovo,biyagoda_south_west,analytic,10.0,12.0,-300.0,1.5,568.36,566.86,5.733,5.733,2.737,5.734,0.000
askarovo,biyagoda_south_west,analytic,10.0,12.0,-300.0,2.0,568.86,566.86,6.145,6.145,2.935,6.146,-0.000
askarovo,biyagoda_south_west,analytic,10.0,12.0,-300.0,3.0,569.86,566.86,6.778,6.778,3.240,6.779,0.000
askarovo,biyagoda_south_west,analytic,10.0,12.0,-300.0,5.0,571.86,566.86,7.673,7.673,3.674,7.673,-0.000
askarovo,biyagoda_south_west,analytic,10.0,12.0,-300.0,10.0,576.86,566.86,9.092,9.092,4.370,9.092,0.000
askarovo,biyagoda_south_west,analytic,10.0,12.0,-300.0,30.0,596.86,566.86,11.991,11.991,5.842,11.991,-0.000
askarovo,biyagoda_south_west,analytic,10.0,12.0,-300.0,50.0,616.86,566.86,13.732,13.732,6.000,13.732,-0.000
askarovo,biyagoda_south_west,analytic,10.0,12.0,-300.0,100.0,666.86,566.86,16.739,16.739,6.000,16.739,-0.000
askarovo,biyagoda_south_west,analytic,10.0,12.0,-300.0,200.0,766.86,566.86,21.000,21.000,6.000,21.000,-0.000
askarovo,biyagoda_south_west,analytic,10.0,12.0,-300.0,300.0,866.86,566.86,24.503,24.503,4.834,24.503,0.000
askarovo,biyagoda_south_west,analytic,10.0,12.0,-150.0,1.0,660.69,659.69,5.628,5.628,2.595,5.521,-0.000
askarovo,biyagoda_south_west,analytic,10.0,12.0,-150.0,1.5,661.19,659.69,6.167,6.167,2.837,6.088,-0.000
askarovo,biyagoda_south_west,analytic,10.0,12.0,-150.0,2.0,661.69,659.69,6.589,6.589,3.024,6.525,0.000
askarovo,biyagoda_south_west,analytic,10.0,12.0,-150.0,3.0,662.69,659.69,7.243,7.243,3.309,7.196,0.000
askarovo,biyagoda_south_west,analytic,10.0,12.0,-150.0,5.0,664.69,659.69,8.177,8.177,3.700,8.145,-0.000
askarovo,biyagoda_south_west,analytic,10.0,12.0,-150.0,10.0,669.69,659.69,9.668,9.668,4.279,9.649,0.000
askarovo,biyagoda_south_west,analytic,10.0,12.0,-150.0,30.0,689.69,659.69,12.725,12.725,5.157,12.716,0.000
askarovo,biyagoda_south_west,analytic,10.0,12.0,-150.0,50.0,709.69,659.69,14.557,14.557,5.410,14.552,0.000
askarovo,biyagoda_south_west,analytic,10.0,12.0,-150.0,100.0,759.69,659.69,17.710,17.710,5.369,17.707,0.000
askarovo,biyagoda_south_west,analytic,10.0,12.0,-150.0,200.0,859.69,659.69,22.145,22.145,2.948,22.143,0.000
askarovo,biyagoda_south_west,analytic,10.0,12.0,-150.0,300.0,959.69,659.69,25.765,25.765,-2.507,25.763,0.000
askarovo,biyagoda_south_west,analytic,10.0,12.0,-50.0,1.0,708.98,707.98,5.697,5.697,2.099,5.688,-0.000
askarovo,biyagoda_south_west,analytic,10.0,12.0,-50.0,1.5,709.48,707.98,6.278,6.278,2.307,6.271,-0.000
askarovo,biyagoda_south_west,analytic,10.0,12.0,-50.0,2.0,709.98,707.98,6.727,6.727,2.465,6.722,0.000
askarovo,biyagoda_south_west,analytic,10.0,12.0,-50.0,3.0,710.98,707.98,7.417,7.417,2.703,7.413,-0.000
askarovo,biyagoda_south_west,analytic,10.0,12.0,-50.0,5.0,712.98,707.98,8.393,8.393,3.024,8.390,-0.000
askarovo,biyagoda_south_west,analytic,10.0,12.0,-50.0,10.0,717.98,707.98,9.940,9.940,3.481,9.939,0.000
askarovo,biyagoda_south_west,analytic,10.0,12.0,-50.0,30.0,737.98,707.98,13.094,13.094,4.064,13.094,0.000
askarovo,biyagoda_south_west,analytic,10.0,12.0,-50.0,50.0,757.98,707.98,14.978,14.978,3.821,14.978,-0.000
askarovo,biyagoda_south_west,analytic,10.0,12.0,-50.0,100.0,807.98,707.98,18.210,18.210,1.430,18.210,0.000
askarovo,biyagoda_south_west,analytic,10.0,12.0,-50.0,200.0,907.98,707.98,22.738,22.738,-3.468,22.737,-0.000
askarovo,biyagoda_south_west,analytic,10.0,12.0,-50.0,300.0,1007.98,707.98,26.419,26.419,-2.783,26.419,-0.000
askarovo,biyagoda_south_west,analytic,10.0,12.0,-30.0,1.0,717.57,716.57,5.931,5.931,2.015,5.718,0.000
askarovo,biyagoda_south_west,analytic,10.0,12.0,-30.0,1.5,718.07,716.57,6.464,6.464,2.189,6.304,0.000
askarovo,biyagoda_south_west,analytic,10.0,12.0,-30.0,2.0,718.57,716.57,6.887,6.887,2.325,6.757,0.000
askarovo,biyagoda_south_west,analytic,10.0,12.0,-30.0,3.0,719.57,716.57,7.548,7.548,2.532,7.452,-0.000
askarovo,biyagoda_south_west,analytic,10.0,12.0,-30.0,5.0,721.57,716.57,8.500,8.500,2.816,8.434,-0.000
askarovo,biyagoda_south_west,analytic,10.0,12.0,-30.0,10.0,726.57,716.57,10.030,10.030,3.218,9.990,-0.000
askarovo,biyagoda_south_west,analytic,10.0,12.0,-30.0,30.0,746.57,716.57,13.178,13.178,3.371,13.161,0.000
askarovo,biyagoda_south_west,analytic,10.0,12.0,-30.0,50.0,766.57,716.57,15.066,15.066,2.906,15.054,0.000
askarovo,biyagoda_south_west,analytic,10.0,12.0,-30.0,100.0,816.57,716.57,18.307,18.307,-0.268,18.300,0.000
askarovo,biyagoda_south_west,analytic,10.0,12.0,-30.0,200.0,916.57,716.57,22.848,22.848,-3.723,22.843,0.000
askarovo,biyagoda_south_west,analytic,10.0,12.0,-30.0,300.0,1016.57,716.57,26.538,26.538,-2.603,26.535,-0.000
askarovo,biyagoda_south_west,analytic,10.0,12.0,-20.0,1.0,721.58,720.58,5.803,5.803,1.865,5.732,0.000
askarovo,biyagoda_south_west,analytic,10.0,12.0,-20.0,1.5,722.08,720.58,6.372,6.372,2.036,6.319,-0.000
askarovo,biyagoda_south_west,analytic,10.0,12.0,-20.0,2.0,722.58,720.58,6.815,6.815,2.166,6.773,0.000
askarovo,biyagoda_south_west,analytic,10.0,12.0,-20.0,3.0,723.58,720.58,7.501,7.501,2.358,7.470,-0.000
askarovo,biyagoda_south_west,analytic,10.0,12.0,-20.0,5.0,725.58,720.58,8.476,8.476,2.605,8.454,0.000
askarovo,biyagoda_south_west,analytic,10.0,12.0,-20.0,10.0,730.58,720.58,10.027,10.027,2.910,10.014,-0.000
askarovo,biyagoda_south_west,analytic,10.0,12.0,-20.0,30.0,750.58,720.58,13.197,13.197,2.955,13.192,-0.000
askarovo,biyagoda_south_west,analytic,10.0,12.0,-20.0,50.0,770.58,720.58,15.093,15.093,2.131,15.089,0.000
askarovo,biyagoda_south_west,analytic,10.0,12.0,-20.0,100.0,820.58,720.58,18.344,18.344,-1.092,18.341,-0.000
askarovo,biyagoda_south_west,analytic,10.0,12.0,-20.0,200.0,920.58,720.58,22.894,22.894,-3.713,22.893,-0.000
askarovo,biyagoda_south_west,analytic,10.0,12.0,-20.0,300.0,1020.58,720.58,26.591,26.591,-2.520,26.590,0.000
askarovo,biyagoda_south_west,analytic,10.0,12.0,-10.0,1.0,725.41,724.41,6.207,6.207,1.784,5.745,0.000
askarovo,biyagoda_south_west,analytic,10.0,12.0,-10.0,1.5,725.91,724.41,6.687,6.687,1.910,6.334,-0.000
askarovo,biyagoda_south_west,analytic,10.0,12.0,-10.0,2.0,726.41,724.41,7.078,7.078,2.010,6.789,-0.000
askarovo,biyagoda_south_west,analytic,10.0,12.0,-10.0,3.0,727.41,724.41,7.705,7.705,2.161,7.487,0.000
askarovo,biyagoda_south_west,analytic,10.0,12.0,-10.0,5.0,729.41,724.41,8.624,8.624,2.359,8.474,-0.000
askarovo,biyagoda_south_west,analytic,10.0,12.0,-10.0,10.0,734.41,724.41,10.128,10.128,2.596,10.037,-0.000
askarovo,biyagoda_south_west,analytic,10.0,12.0,-10.0,30.0,754.41,724.41,13.262,13.262,2.398,13.222,-0.000
askarovo,biyagoda_south_west,analytic,10.0,12.0,-10.0,50.0,774.41,724.41,15.150,15.150,1.339,15.123,0.000
askarovo,biyagoda_south_west,analytic,10.0,12.0,-10.0,100.0,824.41,724.41,18.398,18.398,-1.897,18.381,-0.000
askarovo,biyagoda_south_west,analytic,10.0,12.0,-10.0,200.0,924.41,724.41,22.950,22.950,-3.623,22.940,0.000
askarovo,biyagoda_south_west,analytic,10.0,12.0,-10.0,300.0,1024.41,724.41,26.650,26.650,-2.431,26.641,-0.000
askarovo,biyagoda_south_west,analytic,10.0,12.0,0.0,1.0,729.18,728.18,6.537,6.537,1.650,5.758,0.000
askarovo,biyagoda_south_west,analytic,10.0,12.0,0.0,1.5,729.68,728.18,6.957,6.957,1.744,6.348,-0.000
askarovo,biyagoda_south_west,analytic,10.0,12.0,0.0,2.0,730.18,728.18,7.311,7.311,1.819,6.804,0.000
askarovo,biyagoda_south_west,analytic,10.0,12.0,0.0,3.0,731.18,728.18,7.890,7.890,1.936,7.504,0.000
askarovo,biyagoda_south_west,analytic,10.0,12.0,0.0,5.0,733.18,728.18,8.763,8.763,2.090,8.493,-0.000
askarovo,biyagoda_south_west,analytic,10.0,12.0,0.0,10.0,738.18,728.18,10.224,10.224,2.263,10.060,0.000
askarovo,biyagoda_south_west,analytic,10.0,12.0,0.0,30.0,758.18,728.18,13.325,13.325,1.662,13.251,0.000
askarovo,biyagoda_south_west,analytic,10.0,12.0,0.0,50.0,778.18,728.18,15.207,15.207,0.548,15.156,0.000
askarovo,biyagoda_south_west,analytic,10.0,12.0,0.0,100.0,828.18,728.18,18.451,18.451,-2.508,18.421,0.000
askarovo,biyagoda_south_west,analytic,10.0,12.0,0.0,200.0,928.18,728.18,23.005,23.005,-3.532,22.986,-0.000
askarovo,biyagoda_south_west,analytic,10.0,12.0,0.0,300.0,1028.18,728.18,26.707,26.707,-2.319,26.693,0.000
askarovo,biyagoda_south_west,analytic,10.0,12.0,100.0,1.0,727.37,726.37,5.628,5.628,-2.121,5.752,0.000
askarovo,biyagoda_south_west,analytic,10.0,12.0,100.0,1.5,727.87,726.37,6.077,6.077,-2.274,6.341,0.000
askarovo,biyagoda_south_west,analytic,10.0,12.0,100.0,2.0,728.37,726.37,6.458,6.458,-2.402,6.797,-0.000
askarovo,biyagoda_south_west,analytic,10.0,12.0,100.0,3.0,729.37,726.37,7.089,7.089,-2.613,7.496,-0.000
askarovo,biyagoda_south_west,analytic,10.0,12.0,100.0,5.0,731.37,726.37,8.047,8.047,-2.912,8.484,-0.000
askarovo,biyagoda_south_west,analytic,10.0,12.0,100.0,10.0,736.37,726.37,9.627,9.627,-3.383,10.049,0.000
askarovo,biyagoda_south_west,analytic,10.0,12.0,100.0,30.0,756.37,726.37,12.925,12.925,-4.862,13.237,0.000
askarovo,biyagoda_south_west,analytic,10.0,12.0,100.0,50.0,776.37,726.37,15.072,15.072,-4.633,15.140,-0.000
askarovo,biyagoda_south_west,analytic,10.0,12.0,100.0,100.0,826.37,726.37,18.425,18.425,-4.089,18.402,-0.000
askarovo,biyagoda_south_west,analytic,10.0,12.0,100.0,200.0,926.37,726.37,22.979,22.979,-2.797,22.964,-0.000
askarovo,biyagoda_south_west,analytic,10.0,12.0,100.0,300.0,1026.37,726.37,26.679,26.679,-1.447,26.668,0.000
askarovo,biyagoda_south_west,analytic,10.0,12.0,300.0,1.0,640.14,639.14,2.160,-2.160,-4.439,5.450,-0.000
askarovo,biyagoda_south_west,analytic,10.0,12.0,300.0,1.5,640.64,639.14,2.246,-2.246,-4.831,6.009,0.000
askarovo,biyagoda_south_west,analytic,10.0,12.0,300.0,2.0,641.14,639.14,2.294,-2.294,-5.180,6.441,-0.000
askarovo,biyagoda_south_west,analytic,10.0,12.0,300.0,3.0,642.14,639.14,2.278,-2.278,-5.713,7.104,0.000
askarovo,biyagoda_south_west,analytic,10.0,12.0,300.0,5.0,644.14,639.14,2.023,-2.023,-6.499,8.040,-0.000
askarovo,biyagoda_south_west,analytic,10.0,12.0,300.0,10.0,649.14,639.14,0.902,-0.902,-7.959,9.526,0.000
askarovo,biyagoda_south_west,analytic,10.0,12.0,300.0,30.0,669.14,639.14,4.438,4.438,-8.671,12.556,-0.000
askarovo,biyagoda_south_west,analytic,10.0,12.0,300.0,50.0,689.14,639.14,9.004,9.004,-6.222,14.370,-0.000
askarovo,biyagoda_south_west,analytic,10.0,12.0,300.0,100.0,739.14,639.14,17.490,17.490,-2.424,17.492,0.000
askarovo,biyagoda_south_west,analytic,10.0,12.0,300.0,200.0,839.14,639.14,21.888,21.888,-2.041,21.890,-0.000
askarovo,biyagoda_south_west,analytic,10.0,12.0,300.0,300.0,939.14,639.14,25.483,25.483,-1.132,25.484,0.000
aushkul,aushtau_east,analytic,0.0,12.0,-3000.0,1.0,480.66,479.66,0.000,0.000,0.000,0.000,0.000
aushkul,aushtau_east,analytic,0.0,12.0,-3000.0,1.5,481.16,479.66,0.000,0.000,0.000,0.000,0.000
aushkul,aushtau_east,analytic,0.0,12.0,-3000.0,2.0,481.66,479.66,0.000,0.000,0.000,0.000,0.000
aushkul,aushtau_east,analytic,0.0,12.0,-3000.0,3.0,482.66,479.66,0.000,0.000,0.000,0.000,0.000
aushkul,aushtau_east,analytic,0.0,12.0,-3000.0,5.0,484.66,479.66,0.000,0.000,0.000,0.000,0.000
aushkul,aushtau_east,analytic,0.0,12.0,-3000.0,10.0,489.66,479.66,0.000,0.000,0.000,0.000,0.000
aushkul,aushtau_east,analytic,0.0,12.0,-3000.0,30.0,509.66,479.66,0.000,0.000,0.000,0.000,0.000
aushkul,aushtau_east,analytic,0.0,12.0,-3000.0,50.0,529.66,479.66,0.000,0.000,0.000,0.000,0.000
aushkul,aushtau_east,analytic,0.0,12.0,-3000.0,100.0,579.66,479.66,0.000,0.000,0.000,0.000,0.000
aushkul,aushtau_east,analytic,0.0,12.0,-3000.0,200.0,679.66,479.66,0.000,0.000,0.000,0.000,0.000
aushkul,aushtau_east,analytic,0.0,12.0,-3000.0,300.0,779.66,479.66,0.000,0.000,0.000,0.000,0.000
aushkul,aushtau_east,analytic,0.0,12.0,-1000.0,1.0,413.00,412.00,0.000,0.000,0.000,0.000,0.000
aushkul,aushtau_east,analytic,0.0,12.0,-1000.0,1.5,413.50,412.00,0.000,0.000,0.000,0.000,0.000
aushkul,aushtau_east,analytic,0.0,12.0,-1000.0,2.0,414.00,412.00,0.000,0.000,0.000,0.000,0.000
aushkul,aushtau_east,analytic,0.0,12.0,-1000.0,3.0,415.00,412.00,0.000,0.000,0.000,0.000,0.000
aushkul,aushtau_east,analytic,0.0,12.0,-1000.0,5.0,417.00,412.00,0.000,0.000,0.000,0.000,0.000
aushkul,aushtau_east,analytic,0.0,12.0,-1000.0,10.0,422.00,412.00,0.000,0.000,0.000,0.000,0.000
aushkul,aushtau_east,analytic,0.0,12.0,-1000.0,30.0,442.00,412.00,0.000,0.000,0.000,0.000,0.000
aushkul,aushtau_east,analytic,0.0,12.0,-1000.0,50.0,462.00,412.00,0.000,0.000,0.000,0.000,0.000
aushkul,aushtau_east,analytic,0.0,12.0,-1000.0,100.0,512.00,412.00,0.000,0.000,0.000,0.000,0.000
aushkul,aushtau_east,analytic,0.0,12.0,-1000.0,200.0,612.00,412.00,0.000,0.000,0.000,0.000,0.000
aushkul,aushtau_east,analytic,0.0,12.0,-1000.0,300.0,712.00,412.00,0.000,0.000,0.000,0.000,0.000
aushkul,aushtau_east,analytic,0.0,12.0,-300.0,1.0,482.57,481.57,0.000,0.000,0.000,0.000,0.000
aushkul,aushtau_east,analytic,0.0,12.0,-300.0,1.5,483.07,481.57,0.000,0.000,0.000,0.000,0.000
aushkul,aushtau_east,analytic,0.0,12.0,-300.0,2.0,483.57,481.57,0.000,0.000,0.000,0.000,0.000
aushkul,aushtau_east,analytic,0.0,12.0,-300.0,3.0,484.57,481.57,0.000,0.000,0.000,0.000,0.000
aushkul,aushtau_east,analytic,0.0,12.0,-300.0,5.0,486.57,481.57,0.000,0.000,0.000,0.000,0.000
aushkul,aushtau_east,analytic,0.0,12.0,-300.0,10.0,491.57,481.57,0.000,0.000,0.000,0.000,0.000
aushkul,aushtau_east,analytic,0.0,12.0,-300.0,30.0,511.57,481.57,0.000,0.000,0.000,0.000,0.000
aushkul,aushtau_east,analytic,0.0,12.0,-300.0,50.0,531.57,481.57,0.000,0.000,0.000,0.000,0.000
aushkul,aushtau_east,analytic,0.0,12.0,-300.0,100.0,581.57,481.57,0.000,0.000,0.000,0.000,0.000
aushkul,aushtau_east,analytic,0.0,12.0,-300.0,200.0,681.57,481.57,0.000,0.000,0.000,0.000,0.000
aushkul,aushtau_east,analytic,0.0,12.0,-300.0,300.0,781.57,481.57,0.000,0.000,0.000,0.000,0.000
aushkul,aushtau_east,analytic,0.0,12.0,-150.0,1.0,551.93,550.93,0.000,0.000,0.000,0.000,0.000
aushkul,aushtau_east,analytic,0.0,12.0,-150.0,1.5,552.43,550.93,0.000,0.000,0.000,0.000,0.000
aushkul,aushtau_east,analytic,0.0,12.0,-150.0,2.0,552.93,550.93,0.000,0.000,0.000,0.000,0.000
aushkul,aushtau_east,analytic,0.0,12.0,-150.0,3.0,553.93,550.93,0.000,0.000,0.000,0.000,0.000
aushkul,aushtau_east,analytic,0.0,12.0,-150.0,5.0,555.93,550.93,0.000,0.000,0.000,0.000,0.000
aushkul,aushtau_east,analytic,0.0,12.0,-150.0,10.0,560.93,550.93,0.000,0.000,0.000,0.000,0.000
aushkul,aushtau_east,analytic,0.0,12.0,-150.0,30.0,580.93,550.93,0.000,0.000,0.000,0.000,0.000
aushkul,aushtau_east,analytic,0.0,12.0,-150.0,50.0,600.93,550.93,0.000,0.000,0.000,0.000,0.000
aushkul,aushtau_east,analytic,0.0,12.0,-150.0,100.0,650.93,550.93,0.000,0.000,0.000,0.000,0.000
aushkul,aushtau_east,analytic,0.0,12.0,-150.0,200.0,750.93,550.93,0.000,0.000,0.000,0.000,0.000
aushkul,aushtau_east,analytic,0.0,12.0,-150.0,300.0,850.93,550.93,0.000,0.000,0.000,0.000,0.000
aushkul,aushtau_east,analytic,0.0,12.0,-50.0,1.0,608.54,607.54,0.000,0.000,0.000,0.000,0.000
aushkul,aushtau_east,analytic,0.0,12.0,-50.0,1.5,609.04,607.54,0.000,0.000,0.000,0.000,0.000
aushkul,aushtau_east,analytic,0.0,12.0,-50.0,2.0,609.54,607.54,0.000,0.000,0.000,0.000,0.000
aushkul,aushtau_east,analytic,0.0,12.0,-50.0,3.0,610.54,607.54,0.000,0.000,0.000,0.000,0.000
aushkul,aushtau_east,analytic,0.0,12.0,-50.0,5.0,612.54,607.54,0.000,0.000,0.000,0.000,0.000
aushkul,aushtau_east,analytic,0.0,12.0,-50.0,10.0,617.54,607.54,0.000,0.000,0.000,0.000,0.000
aushkul,aushtau_east,analytic,0.0,12.0,-50.0,30.0,637.54,607.54,0.000,0.000,0.000,0.000,0.000
aushkul,aushtau_east,analytic,0.0,12.0,-50.0,50.0,657.54,607.54,0.000,0.000,0.000,0.000,0.000
aushkul,aushtau_east,analytic,0.0,12.0,-50.0,100.0,707.54,607.54,0.000,0.000,0.000,0.000,0.000
aushkul,aushtau_east,analytic,0.0,12.0,-50.0,200.0,807.54,607.54,0.000,0.000,0.000,0.000,0.000
aushkul,aushtau_east,analytic,0.0,12.0,-50.0,300.0,907.54,607.54,0.000,0.000,0.000,0.000,0.000
aushkul,aushtau_east,analytic,0.0,12.0,-30.0,1.0,617.29,616.29,0.000,0.000,0.000,0.000,0.000
aushkul,aushtau_east,analytic,0.0,12.0,-30.0,1.5,617.79,616.29,0.000,0.000,0.000,0.000,0.000
aushkul,aushtau_east,analytic,0.0,12.0,-30.0,2.0,618.29,616.29,0.000,0.000,0.000,0.000,0.000
aushkul,aushtau_east,analytic,0.0,12.0,-30.0,3.0,619.29,616.29,0.000,0.000,0.000,0.000,0.000
aushkul,aushtau_east,analytic,0.0,12.0,-30.0,5.0,621.29,616.29,0.000,0.000,0.000,0.000,0.000
aushkul,aushtau_east,analytic,0.0,12.0,-30.0,10.0,626.29,616.29,0.000,0.000,0.000,0.000,0.000
aushkul,aushtau_east,analytic,0.0,12.0,-30.0,30.0,646.29,616.29,0.000,0.000,0.000,0.000,0.000
aushkul,aushtau_east,analytic,0.0,12.0,-30.0,50.0,666.29,616.29,0.000,0.000,0.000,0.000,0.000
aushkul,aushtau_east,analytic,0.0,12.0,-30.0,100.0,716.29,616.29,0.000,0.000,0.000,0.000,0.000
aushkul,aushtau_east,analytic,0.0,12.0,-30.0,200.0,816.29,616.29,0.000,0.000,0.000,0.000,0.000
aushkul,aushtau_east,analytic,0.0,12.0,-30.0,300.0,916.29,616.29,0.000,0.000,0.000,0.000,0.000
aushkul,aushtau_east,analytic,0.0,12.0,-20.0,1.0,621.34,620.34,0.000,0.000,0.000,0.000,0.000
aushkul,aushtau_east,analytic,0.0,12.0,-20.0,1.5,621.84,620.34,0.000,0.000,0.000,0.000,0.000
aushkul,aushtau_east,analytic,0.0,12.0,-20.0,2.0,622.34,620.34,0.000,0.000,0.000,0.000,0.000
aushkul,aushtau_east,analytic,0.0,12.0,-20.0,3.0,623.34,620.34,0.000,0.000,0.000,0.000,0.000
aushkul,aushtau_east,analytic,0.0,12.0,-20.0,5.0,625.34,620.34,0.000,0.000,0.000,0.000,0.000
aushkul,aushtau_east,analytic,0.0,12.0,-20.0,10.0,630.34,620.34,0.000,0.000,0.000,0.000,0.000
aushkul,aushtau_east,analytic,0.0,12.0,-20.0,30.0,650.34,620.34,0.000,0.000,0.000,0.000,0.000
aushkul,aushtau_east,analytic,0.0,12.0,-20.0,50.0,670.34,620.34,0.000,0.000,0.000,0.000,0.000
aushkul,aushtau_east,analytic,0.0,12.0,-20.0,100.0,720.34,620.34,0.000,0.000,0.000,0.000,0.000
aushkul,aushtau_east,analytic,0.0,12.0,-20.0,200.0,820.34,620.34,0.000,0.000,0.000,0.000,0.000
aushkul,aushtau_east,analytic,0.0,12.0,-20.0,300.0,920.34,620.34,0.000,0.000,0.000,0.000,0.000
aushkul,aushtau_east,analytic,0.0,12.0,-10.0,1.0,625.30,624.30,0.000,0.000,0.000,0.000,0.000
aushkul,aushtau_east,analytic,0.0,12.0,-10.0,1.5,625.80,624.30,0.000,0.000,0.000,0.000,0.000
aushkul,aushtau_east,analytic,0.0,12.0,-10.0,2.0,626.30,624.30,0.000,0.000,0.000,0.000,0.000
aushkul,aushtau_east,analytic,0.0,12.0,-10.0,3.0,627.30,624.30,0.000,0.000,0.000,0.000,0.000
aushkul,aushtau_east,analytic,0.0,12.0,-10.0,5.0,629.30,624.30,0.000,0.000,0.000,0.000,0.000
aushkul,aushtau_east,analytic,0.0,12.0,-10.0,10.0,634.30,624.30,0.000,0.000,0.000,0.000,0.000
aushkul,aushtau_east,analytic,0.0,12.0,-10.0,30.0,654.30,624.30,0.000,0.000,0.000,0.000,0.000
aushkul,aushtau_east,analytic,0.0,12.0,-10.0,50.0,674.30,624.30,0.000,0.000,0.000,0.000,0.000
aushkul,aushtau_east,analytic,0.0,12.0,-10.0,100.0,724.30,624.30,0.000,0.000,0.000,0.000,0.000
aushkul,aushtau_east,analytic,0.0,12.0,-10.0,200.0,824.30,624.30,0.000,0.000,0.000,0.000,0.000
aushkul,aushtau_east,analytic,0.0,12.0,-10.0,300.0,924.30,624.30,0.000,0.000,0.000,0.000,0.000
aushkul,aushtau_east,analytic,0.0,12.0,0.0,1.0,629.19,628.19,0.000,0.000,0.000,0.000,0.000
aushkul,aushtau_east,analytic,0.0,12.0,0.0,1.5,629.69,628.19,0.000,0.000,0.000,0.000,0.000
aushkul,aushtau_east,analytic,0.0,12.0,0.0,2.0,630.19,628.19,0.000,0.000,0.000,0.000,0.000
aushkul,aushtau_east,analytic,0.0,12.0,0.0,3.0,631.19,628.19,0.000,0.000,0.000,0.000,0.000
aushkul,aushtau_east,analytic,0.0,12.0,0.0,5.0,633.19,628.19,0.000,0.000,0.000,0.000,0.000
aushkul,aushtau_east,analytic,0.0,12.0,0.0,10.0,638.19,628.19,0.000,0.000,0.000,0.000,0.000
aushkul,aushtau_east,analytic,0.0,12.0,0.0,30.0,658.19,628.19,0.000,0.000,0.000,0.000,0.000
aushkul,aushtau_east,analytic,0.0,12.0,0.0,50.0,678.19,628.19,0.000,0.000,0.000,0.000,0.000
aushkul,aushtau_east,analytic,0.0,12.0,0.0,100.0,728.19,628.19,0.000,0.000,0.000,0.000,0.000
aushkul,aushtau_east,analytic,0.0,12.0,0.0,200.0,828.19,628.19,0.000,0.000,0.000,0.000,0.000
aushkul,aushtau_east,analytic,0.0,12.0,0.0,300.0,928.19,628.19,0.000,0.000,0.000,0.000,0.000
aushkul,aushtau_east,analytic,0.0,12.0,100.0,1.0,635.13,634.13,0.000,0.000,0.000,0.000,0.000
aushkul,aushtau_east,analytic,0.0,12.0,100.0,1.5,635.63,634.13,0.000,0.000,0.000,0.000,0.000
aushkul,aushtau_east,analytic,0.0,12.0,100.0,2.0,636.13,634.13,0.000,0.000,0.000,0.000,0.000
aushkul,aushtau_east,analytic,0.0,12.0,100.0,3.0,637.13,634.13,0.000,0.000,0.000,0.000,0.000
aushkul,aushtau_east,analytic,0.0,12.0,100.0,5.0,639.13,634.13,0.000,0.000,0.000,0.000,0.000
aushkul,aushtau_east,analytic,0.0,12.0,100.0,10.0,644.13,634.13,0.000,0.000,0.000,0.000,0.000
aushkul,aushtau_east,analytic,0.0,12.0,100.0,30.0,664.13,634.13,0.000,0.000,0.000,0.000,0.000
aushkul,aushtau_east,analytic,0.0,12.0,100.0,50.0,684.13,634.13,0.000,0.000,0.000,0.000,0.000
aushkul,aushtau_east,analytic,0.0,12.0,100.0,100.0,734.13,634.13,0.000,0.000,0.000,0.000,0.000
aushkul,aushtau_east,analytic,0.0,12.0,100.0,200.0,834.13,634.13,0.000,0.000,0.000,0.000,0.000
aushkul,aushtau_east,analytic,0.0,12.0,100.0,300.0,934.13,634.13,0.000,0.000,0.000,0.000,0.000
aushkul,aushtau_east,analytic,0.0,12.0,300.0,1.0,562.94,561.94,0.000,0.000,0.000,0.000,0.000
aushkul,aushtau_east,analytic,0.0,12.0,300.0,1.5,563.44,561.94,0.000,0.000,0.000,0.000,0.000
aushkul,aushtau_east,analytic,0.0,12.0,300.0,2.0,563.94,561.94,0.000,0.000,0.000,0.000,0.000
aushkul,aushtau_east,analytic,0.0,12.0,300.0,3.0,564.94,561.94,0.000,0.000,0.000,0.000,0.000
aushkul,aushtau_east,analytic,0.0,12.0,300.0,5.0,566.94,561.94,0.000,0.000,0.000,0.000,0.000
aushkul,aushtau_east,analytic,0.0,12.0,300.0,10.0,571.94,561.94,0.000,0.000,0.000,0.000,0.000
aushkul,aushtau_east,analytic,0.0,12.0,300.0,30.0,591.94,561.94,0.000,0.000,0.000,0.000,0.000
aushkul,aushtau_east,analytic,0.0,12.0,300.0,50.0,611.94,561.94,0.000,0.000,0.000,0.000,0.000
aushkul,aushtau_east,analytic,0.0,12.0,300.0,100.0,661.94,561.94,0.000,0.000,0.000,0.000,0.000
aushkul,aushtau_east,analytic,0.0,12.0,300.0,200.0,761.94,561.94,0.000,0.000,0.000,0.000,0.000
aushkul,aushtau_east,analytic,0.0,12.0,300.0,300.0,861.94,561.94,0.000,0.000,0.000,0.000,0.000
aushkul,aushtau_east,analytic,3.0,12.0,-3000.0,1.0,480.66,479.66,1.369,1.369,-0.392,2.113,0.000
aushkul,aushtau_east,analytic,3.0,12.0,-3000.0,1.5,481.16,479.66,1.438,1.438,-0.406,2.212,-0.000
aushkul,aushtau_east,analytic,3.0,12.0,-3000.0,2.0,481.66,479.66,1.493,1.493,-0.416,2.285,0.000
aushkul,aushtau_east,analytic,3.0,12.0,-3000.0,3.0,482.66,479.66,1.582,1.582,-0.429,2.393,0.000
aushkul,aushtau_east,analytic,3.0,12.0,-3000.0,5.0,484.66,479.66,1.719,1.719,-0.443,2.537,-0.000
aushkul,aushtau_east,analytic,3.0,12.0,-3000.0,10.0,489.66,479.66,1.979,1.979,-0.451,2.751,-0.000
aushkul,aushtau_east,analytic,3.0,12.0,-3000.0,30.0,509.66,479.66,2.735,2.735,-0.389,3.152,-0.000
aushkul,aushtau_east,analytic,3.0,12.0,-3000.0,50.0,529.66,479.66,3.374,3.374,-0.297,3.380,0.000
aushkul,aushtau_east,analytic,3.0,12.0,-3000.0,100.0,579.66,479.66,3.770,3.770,-0.402,3.770,0.000
aushkul,aushtau_east,analytic,3.0,12.0,-3000.0,200.0,679.66,479.66,4.326,4.326,-0.336,4.326,-0.000
aushkul,aushtau_east,analytic,3.0,12.0,-3000.0,300.0,779.66,479.66,4.596,4.596,-0.075,4.596,-0.000
aushkul,aushtau_east,analytic,3.0,12.0,-1000.0,1.0,413.00,412.00,1.768,1.768,-0.127,2.019,-0.000
aushkul,aushtau_east,analytic,3.0,12.0,-1000.0,1.5,413.50,412.00,1.855,1.855,-0.132,2.113,-0.000
aushkul,aushtau_east,analytic,3.0,12.0,-1000.0,2.0,414.00,412.00,1.921,1.921,-0.135,2.183,-0.000
aushkul,aushtau_east,analytic,3.0,12.0,-1000.0,3.0,415.00,412.00,2.021,2.021,-0.139,2.286,0.000
aushkul,aushtau_east,analytic,3.0,12.0,-1000.0,5.0,417.00,412.00,2.161,2.161,-0.143,2.424,-0.000
aushkul,aushtau_east,analytic,3.0,12.0,-1000.0,10.0,422.00,412.00,2.386,2.386,-0.141,2.629,-0.000
aushkul,aushtau_east,analytic,3.0,12.0,-1000.0,30.0,442.00,412.00,2.891,2.891,-0.078,3.014,0.000
aushkul,aushtau_east,analytic,3.0,12.0,-1000.0,50.0,462.00,412.00,3.234,3.234,0.000,3.234,0.000
aushkul,aushtau_east,analytic,3.0,12.0,-1000.0,100.0,512.00,412.00,3.612,3.612,0.000,3.612,-0.000
aushkul,aushtau_east,analytic,3.0,12.0,-1000.0,200.0,612.00,412.00,4.155,4.155,0.000,4.155,-0.000
aushkul,aushtau_east,analytic,3.0,12.0,-1000.0,300.0,712.00,412.00,4.425,4.425,0.000,4.425,0.000
aushkul,aushtau_east,analytic,3.0,12.0,-300.0,1.0,482.57,481.57,2.116,2.116,0.663,2.116,-0.000
aushkul,aushtau_east,analytic,3.0,12.0,-300.0,1.5,483.07,481.57,2.205,2.205,0.691,2.215,-0.000
aushkul,aushtau_east,analytic,3.0,12.0,-300.0,2.0,483.57,481.57,2.280,2.280,0.715,2.288,0.000
aushkul,aushtau_east,analytic,3.0,12.0,-300.0,3.0,484.57,481.57,2.391,2.391,0.750,2.396,0.000
aushkul,aushtau_east,analytic,3.0,12.0,-300.0,5.0,486.57,481.57,2.537,2.537,0.796,2.540,0.000
aushkul,aushtau_east,analytic,3.0,12.0,-300.0,10.0,491.57,481.57,2.752,2.752,0.865,2.754,0.000
aushkul,aushtau_east,analytic,3.0,12.0,-300.0,30.0,511.57,481.57,3.155,3.155,0.980,3.155,-0.000
aushkul,aushtau_east,analytic,3.0,12.0,-300.0,50.0,531.57,481.57,3.384,3.384,1.028,3.384,0.000
aushkul,aushtau_east,analytic,3.0,12.0,-300.0,100.0,581.57,481.57,3.774,3.774,1.097,3.774,-0.000
aushkul,aushtau_east,analytic,3.0,12.0,-300.0,200.0,681.57,481.57,4.330,4.330,1.393,4.330,-0.000
aushkul,aushtau_east,analytic,3.0,12.0,-300.0,300.0,781.57,481.57,4.601,4.601,0.904,4.601,-0.000
aushkul,aushtau_east,analytic,3.0,12.0,-150.0,1.0,551.93,550.93,2.212,2.212,1.153,2.212,-0.000
aushkul,aushtau_east,analytic,3.0,12.0,-150.0,1.5,552.43,550.93,2.261,2.261,1.178,2.315,0.000
aushkul,aushtau_east,analytic,3.0,12.0,-150.0,2.0,552.93,550.93,2.351,2.351,1.225,2.392,-0.000
aushkul,aushtau_east,analytic,3.0,12.0,-150.0,3.0,553.93,550.93,2.477,2.477,1.289,2.505,-0.000
aushkul,aushtau_east,analytic,3.0,12.0,-150.0,5.0,555.93,550.93,2.638,2.638,1.371,2.656,0.000
aushkul,aushtau_east,analytic,3.0,12.0,-150.0,10.0,560.93,550.93,2.870,2.870,1.484,2.879,0.000
aushkul,aushtau_east,analytic,3.0,12.0,-150.0,30.0,580.93,550.93,3.293,3.293,1.652,3.297,0.000
aushkul,aushtau_east,analytic,3.0,12.0,-150.0,50.0,600.93,550.93,3.532,3.532,1.617,3.534,0.000
aushkul,aushtau_east,analytic,3.0,12.0,-150.0,100.0,650.93,550.93,3.934,3.934,1.338,3.936,-0.000
aushkul,aushtau_east,analytic,3.0,12.0,-150.0,200.0,750.93,550.93,4.504,4.504,0.727,4.505,-0.000
aushkul,aushtau_east,analytic,3.0,12.0,-150.0,300.0,850.93,550.93,4.777,4.777,-0.314,4.777,-0.000
aushkul,aushtau_east,analytic,3.0,12.0,-50.0,1.0,608.54,607.54,2.319,2.319,0.888,2.291,0.000
aushkul,aushtau_east,analytic,3.0,12.0,-50.0,1.5,609.04,607.54,2.418,2.418,0.923,2.398,0.000
aushkul,aushtau_east,analytic,3.0,12.0,-50.0,2.0,609.54,607.54,2.493,2.493,0.949,2.477,-0.000
aushkul,aushtau_east,analytic,3.0,12.0,-50.0,3.0,610.54,607.54,2.605,2.605,0.986,2.594,-0.000
aushkul,aushtau_east,analytic,3.0,12.0,-50.0,5.0,612.54,607.54,2.757,2.757,1.032,2.750,0.000
aushkul,aushtau_east,analytic,3.0,12.0,-50.0,10.0,617.54,607.54,2.985,2.985,1.085,2.981,0.000
aushkul,aushtau_east,analytic,3.0,12.0,-50.0,30.0,637.54,607.54,3.413,3.413,1.097,3.412,-0.000
aushkul,aushtau_east,analytic,3.0,12.0,-50.0,50.0,657.54,607.54,3.657,3.657,0.996,3.656,0.000
aushkul,aushtau_east,analytic,3.0,12.0,-50.0,100.0,707.54,607.54,4.068,4.068,0.498,4.067,0.000
aushkul,aushtau_east,analytic,3.0,12.0,-50.0,200.0,807.54,607.54,4.648,4.648,-0.506,4.648,-0.000
aushkul,aushtau_east,analytic,3.0,12.0,-50.0,300.0,907.54,607.54,4.920,4.920,-0.483,4.920,0.000
aushkul,aushtau_east,analytic,3.0,12.0,-30.0,1.0,617.29,616.29,2.335,2.335,0.821,2.303,0.000
aushkul,aushtau_east,analytic,3.0,12.0,-30.0,1.5,617.79,616.29,2.434,2.434,0.853,2.411,0.000
aushkul,aushtau_east,analytic,3.0,12.0,-30.0,2.0,618.29,616.29,2.508,2.508,0.877,2.490,-0.000
aushkul,aushtau_east,analytic,3.0,12.0,-30.0,3.0,619.29,616.29,2.620,2.620,0.910,2.608,-0.000
aushkul,aushtau_east,analytic,3.0,12.0,-30.0,5.0,621.29,616.29,2.773,2.773,0.951,2.764,0.000
aushkul,aushtau_east,analytic,3.0,12.0,-30.0,10.0,626.29,616.29,3.001,3.001,0.994,2.997,-0.000
aushkul,aushtau_east,analytic,3.0,12.0,-30.0,30.0,646.29,616.29,3.431,3.431,0.951,3.430,0.000
aushkul,aushtau_east,analytic,3.0,12.0,-30.0,50.0,666.29,616.29,3.676,3.676,0.830,3.675,0.000
aushkul,aushtau_east,analytic,3.0,12.0,-30.0,100.0,716.29,616.29,4.088,4.088,0.163,4.088,0.000
aushkul,aushtau_east,analytic,3.0,12.0,-30.0,200.0,816.29,616.29,4.670,4.670,-0.564,4.670,-0.000
aushkul,aushtau_east,analytic,3.0,12.0,-30.0,300.0,916.29,616.29,4.942,4.942,-0.465,4.942,-0.000
aushkul,aushtau_east,analytic,3.0,12.0,-20.0,1.0,621.34,620.34,2.339,2.339,0.778,2.309,0.000
aushkul,aushtau_east,analytic,3.0,12.0,-20.0,1.5,621.84,620.34,2.438,2.438,0.808,2.416,-0.000
aushkul,aushtau_east,analytic,3.0,12.0,-20.0,2.0,622.34,620.34,2.513,2.513,0.829,2.496,0.000
aushkul,aushtau_east,analytic,3.0,12.0,-20.0,3.0,623.34,620.34,2.626,2.626,0.859,2.614,0.000
aushkul,aushtau_east,analytic,3.0,12.0,-20.0,5.0,625.34,620.34,2.779,2.779,0.893,2.771,-0.000
aushkul,aushtau_east,analytic,3.0,12.0,-20.0,10.0,630.34,620.34,3.008,3.008,0.925,3.004,0.000
aushkul,aushtau_east,analytic,3.0,12.0,-20.0,30.0,650.34,620.34,3.440,3.440,0.871,3.438,0.000
aushkul,aushtau_east,analytic,3.0,12.0,-20.0,50.0,670.34,620.34,3.684,3.684,0.682,3.683,-0.000
aushkul,aushtau_east,analytic,3.0,12.0,-20.0,100.0,720.34,620.34,4.098,4.098,-0.016,4.097,0.000
aushkul,aushtau_east,analytic,3.0,12.0,-20.0,200.0,820.34,620.34,4.680,4.680,-0.584,4.680,0.000
aushkul,aushtau_east,analytic,3.0,12.0,-20.0,300.0,920.34,620.34,4.952,4.952,-0.450,4.952,0.000
aushkul,aushtau_east,analytic,3.0,12.0,-10.0,1.0,625.30,624.30,2.393,2.393,0.736,2.314,-0.000
aushkul,aushtau_east,analytic,3.0,12.0,-10.0,1.5,625.80,624.30,2.480,2.480,0.760,2.422,0.000
aushkul,aushtau_east,analytic,3.0,12.0,-10.0,2.0,626.30,624.30,2.548,2.548,0.777,2.502,0.000
aushkul,aushtau_east,analytic,3.0,12.0,-10.0,3.0,627.30,624.30,2.653,2.653,0.801,2.620,-0.000
aushkul,aushtau_east,analytic,3.0,12.0,-10.0,5.0,629.30,624.30,2.799,2.799,0.830,2.778,-0.000
aushkul,aushtau_east,analytic,3.0,12.0,-10.0,10.0,634.30,624.30,3.023,3.023,0.854,3.011,-0.000
aushkul,aushtau_east,analytic,3.0,12.0,-10.0,30.0,654.30,624.30,3.450,3.450,0.767,3.446,0.000
aushkul,aushtau_east,analytic,3.0,12.0,-10.0,50.0,674.30,624.30,3.695,3.695,0.514,3.692,0.000
aushkul,aushtau_east,analytic,3.0,12.0,-10.0,100.0,724.30,624.30,4.108,4.108,-0.190,4.106,-0.000
aushkul,aushtau_east,analytic,3.0,12.0,-10.0,200.0,824.30,624.30,4.691,4.691,-0.600,4.690,-0.000
aushkul,aushtau_east,analytic,3.0,12.0,-10.0,300.0,924.30,624.30,4.962,4.962,-0.431,4.962,-0.000
aushkul,aushtau_east,analytic,3.0,12.0,0.0,1.0,629.19,628.19,2.439,2.439,0.687,2.319,0.000
aushkul,aushtau_east,analytic,3.0,12.0,0.0,1.5,629.69,628.19,2.517,2.517,0.706,2.428,0.000
aushkul,aushtau_east,analytic,3.0,12.0,0.0,2.0,630.19,628.19,2.579,2.579,0.720,2.508,-0.000
aushkul,aushtau_east,analytic,3.0,12.0,0.0,3.0,631.19,628.19,2.678,2.678,0.739,2.626,0.000
aushkul,aushtau_east,analytic,3.0,12.0,0.0,5.0,633.19,628.19,2.818,2.818,0.762,2.784,0.000
aushkul,aushtau_east,analytic,3.0,12.0,0.0,10.0,638.19,628.19,3.037,3.037,0.779,3.018,0.000
aushkul,aushtau_east,analytic,3.0,12.0,0.0,30.0,658.19,628.19,3.461,3.461,0.605,3.454,0.000
aushkul,aushtau_east,analytic,3.0,12.0,0.0,50.0,678.19,628.19,3.705,3.705,0.343,3.700,-0.000
aushkul,aushtau_east,analytic,3.0,12.0,0.0,100.0,728.19,628.19,4.118,4.118,-0.351,4.116,0.000
aushkul,aushtau_east,analytic,3.0,12.0,0.0,200.0,828.19,628.19,4.701,4.701,-0.604,4.700,0.000
aushkul,aushtau_east,analytic,3.0,12.0,0.0,300.0,928.19,628.19,4.972,4.972,-0.412,4.972,0.000
aushkul,aushtau_east,analytic,3.0,12.0,100.0,1.0,635.13,634.13,2.353,2.353,-0.487,2.328,-0.000
aushkul,aushtau_east,analytic,3.0,12.0,100.0,1.5,635.63,634.13,2.435,2.435,-0.505,2.437,-0.000
aushkul,aushtau_east,analytic,3.0,12.0,100.0,2.0,636.13,634.13,2.501,2.501,-0.520,2.517,-0.000
aushkul,aushtau_east,analytic,3.0,12.0,100.0,3.0,637.13,634.13,2.603,2.603,-0.543,2.636,0.000
aushkul,aushtau_east,analytic,3.0,12.0,100.0,5.0,639.13,634.13,2.749,2.749,-0.580,2.794,-0.000
aushkul,aushtau_east,analytic,3.0,12.0,100.0,10.0,644.13,634.13,2.975,2.975,-0.643,3.029,0.000
aushkul,aushtau_east,analytic,3.0,12.0,100.0,30.0,664.13,634.13,3.432,3.432,-0.758,3.466,0.000
aushkul,aushtau_east,analytic,3.0,12.0,100.0,50.0,684.13,634.13,3.715,3.715,-0.801,3.713,-0.000
aushkul,aushtau_east,analytic,3.0,12.0,100.0,100.0,734.13,634.13,4.132,4.132,-0.807,4.129,0.000
aushkul,aushtau_east,analytic,3.0,12.0,100.0,200.0,834.13,634.13,4.716,4.716,-0.534,4.714,-0.000
aushkul,aushtau_east,analytic,3.0,12.0,100.0,300.0,934.13,634.13,4.987,4.987,-0.226,4.987,0.000
aushkul,aushtau_east,analytic,3.0,12.0,300.0,1.0,562.94,561.94,0.767,0.767,-0.743,2.227,-0.000
aushkul,aushtau_east,analytic,3.0,12.0,300.0,1.5,563.44,561.94,0.809,0.809,-0.769,2.332,-0.000
aushkul,aushtau_east,analytic,3.0,12.0,300.0,2.0,563.94,561.94,0.854,0.854,-0.796,2.409,-0.000
aushkul,aushtau_east,analytic,3.0,12.0,300.0,3.0,564.94,561.94,0.928,0.928,-0.833,2.522,-0.000
aushkul,aushtau_east,analytic,3.0,12.0,300.0,5.0,566.94,561.94,1.051,1.051,-0.880,2.674,0.000
aushkul,aushtau_east,analytic,3.0,12.0,300.0,10.0,571.94,561.94,1.304,1.304,-0.938,2.899,-0.000
aushkul,aushtau_east,analytic,3.0,12.0,300.0,30.0,591.94,561.94,2.102,2.102,-0.949,3.319,-0.000
aushkul,aushtau_east,analytic,3.0,12.0,300.0,50.0,611.94,561.94,2.770,2.770,-0.829,3.558,-0.000
aushkul,aushtau_east,analytic,3.0,12.0,300.0,100.0,661.94,561.94,3.961,3.961,-0.439,3.961,0.000
aushkul,aushtau_east,analytic,3.0,12.0,300.0,200.0,761.94,561.94,4.532,4.532,-0.160,4.533,0.000
aushkul,aushtau_east,analytic,3.0,12.0,300.0,300.0,861.94,561.94,4.804,4.804,-0.171,4.804,-0.000
aushkul,aushtau_east,analytic,6.0,12.0,-3000.0,1.0,480.66,479.66,0.897,0.897,-1.202,3.147,-0.000
aushkul,aushtau_east,analytic,6.0,12.0,-3000.0,1.5,481.16,479.66,1.033,1.033,-1.303,3.470,0.000
aushkul,aushtau_east,analytic,6.0,12.0,-3000.0,2.0,481.66,479.66,1.157,1.157,-1.379,3.719,0.000
aushkul,aushtau_east,analytic,6.0,12.0,-3000.0,3.0,482.66,479.66,1.387,1.387,-1.488,4.102,0.000
aushkul,aushtau_east,analytic,6.0,12.0,-3000.0,5.0,484.66,479.66,1.813,1.813,-1.621,4.643,-0.000
aushkul,aushtau_east,analytic,6.0,12.0,-3000.0,10.0,489.66,479.66,2.788,2.788,-1.749,5.501,-0.000
aushkul,aushtau_east,analytic,6.0,12.0,-3000.0,30.0,509.66,479.66,5.924,5.924,-1.449,7.255,0.000
aushkul,aushtau_east,analytic,6.0,12.0,-3000.0,50.0,529.66,479.66,8.290,8.290,-0.741,8.307,0.000
aushkul,aushtau_east,analytic,6.0,12.0,-3000.0,100.0,579.66,479.66,10.126,10.126,-1.080,10.123,-0.000
aushkul,aushtau_east,analytic,6.0,12.0,-3000.0,200.0,679.66,479.66,12.696,12.696,-0.985,12.694,0.000
aushkul,aushtau_east,analytic,6.0,12.0,-3000.0,300.0,779.66,479.66,14.807,14.807,-0.243,14.806,-0.000
aushkul,aushtau_east,analytic,6.0,12.0,-1000.0,1.0,413.00,412.00,2.241,2.241,-0.624,3.007,0.000
aushkul,aushtau_east,analytic,6.0,12.0,-1000.0,1.5,413.50,412.00,2.505,2.505,-0.685,3.315,0.000
aushkul,aushtau_east,analytic,6.0,12.0,-1000.0,2.0,414.00,412.00,2.719,2.719,-0.732,3.554,0.000
aushkul,aushtau_east,analytic,6.0,12.0,-1000.0,3.0,415.00,412.00,3.069,3.069,-0.801,3.919,-0.000
aushkul,aushtau_east,analytic,6.0,12.0,-1000.0,5.0,417.00,412.00,3.610,3.610,-0.891,4.437,0.000
aushkul,aushtau_east,analytic,6.0,12.0,-1000.0,10.0,422.00,412.00,4.561,4.561,-0.981,5.258,-0.000
aushkul,aushtau_east,analytic,6.0,12.0,-1000.0,30.0,442.00,412.00,6.640,6.640,-0.608,6.938,-0.000
aushkul,aushtau_east,analytic,6.0,12.0,-1000.0,50.0,462.00,412.00,7.949,7.949,0.000,7.949,-0.000
aushkul,aushtau_east,analytic,6.0,12.0,-1000.0,100.0,512.00,412.00,9.700,9.700,0.000,9.700,-0.000
aushkul,aushtau_east,analytic,6.0,12.0,-1000.0,200.0,612.00,412.00,12.194,12.194,0.000,12.194,0.000
aushkul,aushtau_east,analytic,6.0,12.0,-1000.0,300.0,712.00,412.00,14.255,14.255,0.000,14.255,0.000
aushkul,aushtau_east,analytic,6.0,12.0,-300.0,1.0,482.57,481.57,3.151,3.151,0.987,3.151,0.000
aushkul,aushtau_east,analytic,6.0,12.0,-300.0,1.5,483.07,481.57,3.442,3.442,1.079,3.474,-0.000
aushkul,aushtau_east,analytic,6.0,12.0,-300.0,2.0,483.57,481.57,3.698,3.698,1.159,3.724,-0.000
aushkul,aushtau_east,analytic,6.0,12.0,-300.0,3.0,484.57,481.57,4.088,4.088,1.282,4.107,-0.000
aushkul,aushtau_east,analytic,6.0,12.0,-300.0,5.0,486.57,481.57,4.636,4.636,1.455,4.649,-0.000
aushkul,aushtau_east,analytic,6.0,12.0,-300.0,10.0,491.57,481.57,5.501,5.501,1.728,5.508,-0.000
aushkul,aushtau_east,analytic,6.0,12.0,-300.0,30.0,511.57,481.57,7.260,7.260,2.255,7.264,0.000
aushkul,aushtau_east,analytic,6.0,12.0,-300.0,50.0,531.57,481.57,8.315,8.315,2.525,8.317,0.000
aushkul,aushtau_east,analytic,6.0,12.0,-300.0,100.0,581.57,481.57,10.134,10.134,2.946,10.135,0.000
aushkul,aushtau_east,analytic,6.0,12.0,-300.0,200.0,681.57,481.57,12.708,12.708,4.088,12.708,-0.000
aushkul,aushtau_east,analytic,6.0,12.0,-300.0,300.0,781.57,481.57,14.821,14.821,2.912,14.822,0.000
aushkul,aushtau_east,analytic,6.0,12.0,-150.0,1.0,551.93,550.93,3.295,3.295,1.718,3.295,0.000
aushkul,aushtau_east,analytic,6.0,12.0,-150.0,1.5,552.43,550.93,3.452,3.452,1.799,3.633,0.000
aushkul,aushtau_east,analytic,6.0,12.0,-150.0,2.0,552.93,550.93,3.751,3.751,1.954,3.893,-0.000
aushkul,aushtau_east,analytic,6.0,12.0,-150.0,3.0,553.93,550.93,4.192,4.192,2.182,4.294,-0.000
aushkul,aushtau_east,analytic,6.0,12.0,-150.0,5.0,555.93,550.93,4.792,4.792,2.490,4.860,0.000
aushkul,aushtau_east,analytic,6.0,12.0,-150.0,10.0,560.93,550.93,5.718,5.718,2.957,5.758,0.000
aushkul,aushtau_east,analytic,6.0,12.0,-150.0,30.0,580.93,550.93,7.571,7.571,3.797,7.589,-0.000
aushkul,aushtau_east,analytic,6.0,12.0,-150.0,50.0,600.93,550.93,8.672,8.672,3.971,8.684,0.000
aushkul,aushtau_east,analytic,6.0,12.0,-150.0,100.0,650.93,550.93,10.562,10.562,3.591,10.569,0.000
aushkul,aushtau_east,analytic,6.0,12.0,-150.0,200.0,750.93,550.93,13.216,13.216,2.134,13.221,-0.000
aushkul,aushtau_east,analytic,6.0,12.0,-150.0,300.0,850.93,550.93,15.383,15.383,-1.012,15.386,0.000
aushkul,aushtau_east,analytic,6.0,12.0,-50.0,1.0,608.54,607.54,3.504,3.504,1.342,3.412,-0.000
aushkul,aushtau_east,analytic,6.0,12.0,-50.0,1.5,609.04,607.54,3.830,3.830,1.463,3.762,-0.000
aushkul,aushtau_east,analytic,6.0,12.0,-50.0,2.0,609.54,607.54,4.088,4.088,1.556,4.032,-0.000
aushkul,aushtau_east,analytic,6.0,12.0,-50.0,3.0,610.54,607.54,4.488,4.488,1.699,4.447,-0.000
aushkul,aushtau_east,analytic,6.0,12.0,-50.0,5.0,612.54,607.54,5.061,5.061,1.894,5.033,0.000
aushkul,aushtau_east,analytic,6.0,12.0,-50.0,10.0,617.54,607.54,5.978,5.978,2.173,5.962,-0.000
aushkul,aushtau_east,analytic,6.0,12.0,-50.0,30.0,637.54,607.54,7.861,7.861,2.527,7.854,0.000
aushkul,aushtau_east,analytic,6.0,12.0,-50.0,50.0,657.54,607.54,8.989,8.989,2.448,8.984,0.000
aushkul,aushtau_east,analytic,6.0,12.0,-50.0,100.0,707.54,607.54,10.926,10.926,1.338,10.923,0.000
aushkul,aushtau_east,analytic,6.0,12.0,-50.0,200.0,807.54,607.54,13.641,13.641,-1.486,13.639,0.000
aushkul,aushtau_east,analytic,6.0,12.0,-50.0,300.0,907.54,607.54,15.849,15.849,-1.556,15.847,-0.000
aushkul,aushtau_east,analytic,6.0,12.0,-30.0,1.0,617.29,616.29,3.534,3.534,1.243,3.430,-0.000
aushkul,aushtau_east,analytic,6.0,12.0,-30.0,1.5,617.79,616.29,3.859,3.859,1.353,3.782,-0.000
aushkul,aushtau_east,analytic,6.0,12.0,-30.0,2.0,618.29,616.29,4.116,4.116,1.439,4.053,-0.000
aushkul,aushtau_east,analytic,6.0,12.0,-30.0,3.0,619.29,616.29,4.517,4.517,1.569,4.470,-0.000
aushkul,aushtau_east,analytic,6.0,12.0,-30.0,5.0,621.29,616.29,5.091,5.091,1.746,5.059,0.000
aushkul,aushtau_east,analytic,6.0,12.0,-30.0,10.0,626.29,616.29,6.012,6.012,1.992,5.993,-0.000
aushkul,aushtau_east,analytic,6.0,12.0,-30.0,30.0,646.29,616.29,7.903,7.903,2.191,7.895,-0.000
aushkul,aushtau_east,analytic,6.0,12.0,-30.0,50.0,666.29,616.29,9.036,9.036,2.041,9.031,-0.000
aushkul,aushtau_east,analytic,6.0,12.0,-30.0,100.0,716.29,616.29,10.981,10.981,0.437,10.978,0.000
aushkul,aushtau_east,analytic,6.0,12.0,-30.0,200.0,816.29,616.29,13.706,13.706,-1.654,13.704,0.000
aushkul,aushtau_east,analytic,6.0,12.0,-30.0,300.0,916.29,616.29,15.920,15.920,-1.497,15.919,0.000
aushkul,aushtau_east,analytic,6.0,12.0,-20.0,1.0,621.34,620.34,3.537,3.537,1.177,3.438,0.000
aushkul,aushtau_east,analytic,6.0,12.0,-20.0,1.5,621.84,620.34,3.864,3.864,1.280,3.791,0.000
aushkul,aushtau_east,analytic,6.0,12.0,-20.0,2.0,622.34,620.34,4.123,4.123,1.360,4.063,-0.000
aushkul,aushtau_east,analytic,6.0,12.0,-20.0,3.0,623.34,620.34,4.525,4.525,1.480,4.481,0.000
aushkul,aushtau_east,analytic,6.0,12.0,-20.0,5.0,625.34,620.34,5.102,5.102,1.640,5.072,-0.000
aushkul,aushtau_east,analytic,6.0,12.0,-20.0,10.0,630.34,620.34,6.026,6.026,1.853,6.008,-0.000
aushkul,aushtau_east,analytic,6.0,12.0,-20.0,30.0,650.34,620.34,7.922,7.922,2.006,7.914,-0.000
aushkul,aushtau_east,analytic,6.0,12.0,-20.0,50.0,670.34,620.34,9.058,9.058,1.676,9.052,0.000
aushkul,aushtau_east,analytic,6.0,12.0,-20.0,100.0,720.34,620.34,11.007,11.007,-0.044,11.003,0.000
aushkul,aushtau_east,analytic,6.0,12.0,-20.0,200.0,820.34,620.34,13.736,13.736,-1.713,13.734,-0.000
aushkul,aushtau_east,analytic,6.0,12.0,-20.0,300.0,920.34,620.34,15.953,15.953,-1.448,15.952,0.000
aushkul,aushtau_east,analytic,6.0,12.0,-10.0,1.0,625.30,624.30,3.703,3.703,1.140,3.447,-0.000
aushkul,aushtau_east,analytic,6.0,12.0,-10.0,1.5,625.80,624.30,3.995,3.995,1.224,3.800,-0.000
aushkul,aushtau_east,analytic,6.0,12.0,-10.0,2.0,626.30,624.30,4.233,4.233,1.291,4.073,0.000
aushkul,aushtau_east,analytic,6.0,12.0,-10.0,3.0,627.30,624.30,4.612,4.612,1.393,4.492,0.000
aushkul,aushtau_east,analytic,6.0,12.0,-10.0,5.0,629.30,624.30,5.167,5.167,1.531,5.084,0.000
aushkul,aushtau_east,analytic,6.0,12.0,-10.0,10.0,634.30,624.30,6.072,6.072,1.715,6.022,-0.000
aushkul,aushtau_east,analytic,6.0,12.0,-10.0,30.0,654.30,624.30,7.955,7.955,1.767,7.933,-0.000
aushkul,aushtau_east,analytic,6.0,12.0,-10.0,50.0,674.30,624.30,9.088,9.088,1.264,9.073,0.000
aushkul,aushtau_east,analytic,6.0,12.0,-10.0,100.0,724.30,624.30,11.037,11.037,-0.509,11.028,-0.000
aushkul,aushtau_east,analytic,6.0,12.0,-10.0,200.0,824.30,624.30,13.769,13.769,-1.761,13.763,-0.000
aushkul,aushtau_east,analytic,6.0,12.0,-10.0,300.0,924.30,624.30,15.988,15.988,-1.389,15.984,-0.000
aushkul,aushtau_east,analytic,6.0,12.0,0.0,1.0,629.19,628.19,3.848,3.848,1.085,3.455,-0.000
aushkul,aushtau_east,analytic,6.0,12.0,0.0,1.5,629.69,628.19,4.114,4.114,1.154,3.809,0.000
aushkul,aushtau_east,analytic,6.0,12.0,0.0,2.0,630.19,628.19,4.335,4.335,1.209,4.082,-0.000
aushkul,aushtau_east,analytic,6.0,12.0,0.0,3.0,631.19,628.19,4.694,4.694,1.296,4.502,-0.000
aushkul,aushtau_east,analytic,6.0,12.0,0.0,5.0,633.19,628.19,5.229,5.229,1.414,5.096,0.000
aushkul,aushtau_east,analytic,6.0,12.0,0.0,10.0,638.19,628.19,6.116,6.116,1.568,6.036,0.000
aushkul,aushtau_east,analytic,6.0,12.0,0.0,30.0,658.19,628.19,7.987,7.987,1.396,7.951,-0.000
aushkul,aushtau_east,analytic,6.0,12.0,0.0,50.0,678.19,628.19,9.118,9.118,0.845,9.094,-0.000
aushkul,aushtau_east,analytic,6.0,12.0,0.0,100.0,728.19,628.19,11.067,11.067,-0.943,11.052,0.000
aushkul,aushtau_east,analytic,6.0,12.0,0.0,200.0,828.19,628.19,13.801,13.801,-1.774,13.792,0.000
aushkul,aushtau_east,analytic,6.0,12.0,0.0,300.0,928.19,628.19,16.023,16.023,-1.328,16.016,0.000
aushkul,aushtau_east,analytic,6.0,12.0,100.0,1.0,635.13,634.13,3.629,3.629,-0.821,3.467,0.000
aushkul,aushtau_east,analytic,6.0,12.0,100.0,1.5,635.63,634.13,3.910,3.910,-0.883,3.822,-0.000
aushkul,aushtau_east,analytic,6.0,12.0,100.0,2.0,636.13,634.13,4.144,4.144,-0.934,4.097,-0.000
aushkul,aushtau_east,analytic,6.0,12.0,100.0,3.0,637.13,634.13,4.522,4.522,-1.018,4.518,0.000
aushkul,aushtau_east,analytic,6.0,12.0,100.0,5.0,639.13,634.13,5.080,5.080,-1.147,5.114,-0.000
aushkul,aushtau_east,analytic,6.0,12.0,100.0,10.0,644.13,634.13,5.986,5.986,-1.371,6.057,-0.000
aushkul,aushtau_east,analytic,6.0,12.0,100.0,30.0,664.13,634.13,7.916,7.916,-1.799,7.979,-0.000
aushkul,aushtau_east,analytic,6.0,12.0,100.0,50.0,684.13,634.13,9.141,9.141,-1.975,9.125,-0.000
aushkul,aushtau_east,analytic,6.0,12.0,100.0,100.0,734.13,634.13,11.103,11.103,-2.168,11.090,0.000
aushkul,aushtau_east,analytic,6.0,12.0,100.0,200.0,834.13,634.13,13.844,13.844,-1.567,13.836,0.000
aushkul,aushtau_east,analytic,6.0,12.0,100.0,300.0,934.13,634.13,16.070,16.070,-0.727,16.064,0.000
aushkul,aushtau_east,analytic,6.0,12.0,300.0,1.0,562.94,561.94,0.776,-0.776,-2.098,3.317,0.000
aushkul,aushtau_east,analytic,6.0,12.0,300.0,1.5,563.44,561.94,0.762,-0.762,-2.255,3.658,-0.000
aushkul,aushtau_east,analytic,6.0,12.0,300.0,2.0,563.94,561.94,0.742,-0.742,-2.421,3.920,0.000
aushkul,aushtau_east,analytic,6.0,12.0,300.0,3.0,564.94,561.94,0.653,-0.653,-2.665,4.324,-0.000
aushkul,aushtau_east,analytic,6.0,12.0,300.0,5.0,566.94,561.94,0.378,-0.378,-2.982,4.894,-0.000
aushkul,aushtau_east,analytic,6.0,12.0,300.0,10.0,571.94,561.94,0.497,0.497,-3.400,5.798,0.000
aushkul,aushtau_east,analytic,6.0,12.0,300.0,30.0,591.94,561.94,3.895,3.895,-3.633,7.640,0.000
aushkul,aushtau_east,analytic,6.0,12.0,300.0,50.0,611.94,561.94,6.489,6.489,-3.071,8.743,0.000
aushkul,aushtau_east,analytic,6.0,12.0,300.0,100.0,661.94,561.94,10.635,10.635,-1.179,10.638,0.000
aushkul,aushtau_east,analytic,6.0,12.0,300.0,200.0,761.94,561.94,13.300,13.300,-0.469,13.302,0.000
aushkul,aushtau_east,analytic,6.0,12.0,300.0,300.0,861.94,561.94,15.474,15.474,-0.552,15.476,0.000
aushkul,aushtau_east,analytic,10.0,12.0,-3000.0,1.0,480.66,479.66,1.495,1.495,-2.003,5.245,-0.000
aushkul,aushtau_east,analytic,10.0,12.0,-3000.0,1.5,481.16,479.66,1.721,1.721,-2.171,5.783,0.000
aushkul,aushtau_east,analytic,10.0,12.0,-3000.0,2.0,481.66,479.66,1.928,1.928,-2.298,6.198,0.000
aushkul,aushtau_east,analytic,10.0,12.0,-3000.0,3.0,482.66,479.66,2.312,2.312,-2.480,6.836,-0.000
aushkul,aushtau_east,analytic,10.0,12.0,-3000.0,5.0,484.66,479.66,3.022,3.022,-2.702,7.738,-0.000
aushkul,aushtau_east,analytic,10.0,12.0,-3000.0,10.0,489.66,479.66,4.647,4.647,-2.914,9.169,-0.000
aushkul,aushtau_east,analytic,10.0,12.0,-3000.0,30.0,509.66,479.66,9.874,9.874,-2.414,12.091,0.000
aushkul,aushtau_east,analytic,10.0,12.0,-3000.0,50.0,529.66,479.66,13.817,13.817,-1.236,13.845,0.000
aushkul,aushtau_east,analytic,10.0,12.0,-3000.0,100.0,579.66,479.66,16.877,16.877,-1.800,16.872,0.000
aushkul,aushtau_east,analytic,10.0,12.0,-3000.0,200.0,679.66,479.66,21.160,21.160,-1.642,21.157,0.000
aushkul,aushtau_east,analytic,10.0,12.0,-3000.0,300.0,779.66,479.66,24.679,24.679,-0.404,24.677,0.000
aushkul,aushtau_east,analytic,10.0,12.0,-1000.0,1.0,413.00,412.00,3.735,3.735,-1.039,5.011,0.000
aushkul,aushtau_east,analytic,10.0,12.0,-1000.0,1.5,413.50,412.00,4.175,4.175,-1.142,5.526,0.000
aushkul,aushtau_east,analytic,10.0,12.0,-1000.0,2.0,414.00,412.00,4.532,4.532,-1.219,5.923,-0.000
aushkul,aushtau_east,analytic,10.0,12.0,-1000.0,3.0,415.00,412.00,5.116,5.116,-1.335,6.532,0.000
aushkul,aushtau_east,analytic,10.0,12.0,-1000.0,5.0,417.00,412.00,6.017,6.017,-1.483,7.395,0.000
aushkul,aushtau_east,analytic,10.0,12.0,-1000.0,10.0,422.00,412.00,7.602,7.602,-1.633,8.763,0.000
aushkul,aushtau_east,analytic,10.0,12.0,-1000.0,30.0,442.00,412.00,11.066,11.066,-1.013,11.563,-0.000
aushkul,aushtau_east,analytic,10.0,12.0,-1000.0,50.0,462.00,412.00,13.248,13.248,0.000,13.248,-0.000
aushkul,aushtau_east,analytic,10.0,12.0,-1000.0,100.0,512.00,412.00,16.167,16.167,0.000,16.167,-0.000
aushkul,aushtau_east,analytic,10.0,12.0,-1000.0,200.0,612.00,412.00,20.324,20.324,0.000,20.324,0.000
aushkul,aushtau_east,analytic,10.0,12.0,-1000.0,300.0,712.00,412.00,23.758,23.758,0.000,23.758,-0.000
aushkul,aushtau_east,analytic,10.0,12.0,-300.0,1.0,482.57,481.57,5.252,5.252,1.645,5.252,-0.000
aushkul,aushtau_east,analytic,10.0,12.0,-300.0,1.5,483.07,481.57,5.737,5.737,1.798,5.790,-0.000
aushkul,aushtau_east,analytic,10.0,12.0,-300.0,2.0,483.57,481.57,6.164,6.164,1.932,6.206,0.000
aushkul,aushtau_east,analytic,10.0,12.0,-300.0,3.0,484.57,481.57,6.814,6.814,2.137,6.845,-0.000
aushkul,aushtau_east,analytic,10.0,12.0,-300.0,5.0,486.57,481.57,7.727,7.727,2.426,7.748,-0.000
aushkul,aushtau_east,analytic,10.0,12.0,-300.0,10.0,491.57,481.57,9.168,9.168,2.881,9.180,0.000
aushkul,aushtau_east,analytic,10.0,12.0,-300.0,30.0,511.57,481.57,12.101,12.101,3.758,12.106,-0.000
aushkul,aushtau_east,analytic,10.0,12.0,-300.0,50.0,531.57,481.57,13.858,13.858,4.209,13.862,0.000
aushkul,aushtau_east,analytic,10.0,12.0,-300.0,100.0,581.57,481.57,16.890,16.890,4.909,16.892,-0.000
aushkul,aushtau_east,analytic,10.0,12.0,-300.0,200.0,681.57,481.57,21.179,21.179,6.000,21.181,-0.000
aushkul,aushtau_east,analytic,10.0,12.0,-300.0,300.0,781.57,481.57,24.701,24.701,4.854,24.703,-0.000
aushkul,aushtau_east,analytic,10.0,12.0,-150.0,1.0,551.93,550.93,5.491,5.491,2.863,5.491,-0.000
aushkul,aushtau_east,analytic,10.0,12.0,-150.0,1.5,552.43,550.93,5.753,5.753,2.998,6.054,0.000
aushkul,aushtau_east,analytic,10.0,12.0,-150.0,2.0,552.93,550.93,6.252,6.252,3.257,6.489,-0.000
aushkul,aushtau_east,analytic,10.0,12.0,-150.0,3.0,553.93,550.93,6.986,6.986,3.637,7.157,0.000
aushkul,aushtau_east,analytic,10.0,12.0,-150.0,5.0,555.93,550.93,7.986,7.986,4.151,8.100,0.000
aushkul,aushtau_east,analytic,10.0,12.0,-150.0,10.0,560.93,550.93,9.530,9.530,4.928,9.596,0.000
aushkul,aushtau_east,analytic,10.0,12.0,-150.0,30.0,580.93,550.93,12.619,12.619,6.000,12.648,-0.000
aushkul,aushtau_east,analytic,10.0,12.0,-150.0,50.0,600.93,550.93,14.454,14.454,6.000,14.474,0.000
aushkul,aushtau_east,analytic,10.0,12.0,-150.0,100.0,650.93,550.93,17.603,17.603,5.985,17.615,-0.000
aushkul,aushtau_east,analytic,10.0,12.0,-150.0,200.0,750.93,550.93,22.027,22.027,3.557,22.035,0.000
aushkul,aushtau_east,analytic,10.0,12.0,-150.0,300.0,850.93,550.93,25.638,25.638,-1.686,25.644,0.000
aushkul,aushtau_east,analytic,10.0,12.0,-50.0,1.0,608.54,607.54,5.840,5.840,2.236,5.687,-0.000
aushkul,aushtau_east,analytic,10.0,12.0,-50.0,1.5,609.04,607.54,6.384,6.384,2.438,6.270,0.000
aushkul,aushtau_east,analytic,10.0,12.0,-50.0,2.0,609.54,607.54,6.813,6.813,2.594,6.720,0.000
aushkul,aushtau_east,analytic,10.0,12.0,-50.0,3.0,610.54,607.54,7.480,7.480,2.831,7.411,0.000
aushkul,aushtau_east,analytic,10.0,12.0,-50.0,5.0,612.54,607.54,8.435,8.435,3.156,8.388,-0.000
aushkul,aushtau_east,analytic,10.0,12.0,-50.0,10.0,617.54,607.54,9.964,9.964,3.622,9.936,-0.000
aushkul,aushtau_east,analytic,10.0,12.0,-50.0,30.0,637.54,607.54,13.102,13.102,4.211,13.090,-0.000
aushkul,aushtau_east,analytic,10.0,12.0,-50.0,50.0,657.54,607.54,14.982,14.982,4.079,14.974,-0.000
aushkul,aushtau_east,analytic,10.0,12.0,-50.0,100.0,707.54,607.54,18.211,18.211,2.230,18.205,-0.000
aushkul,aushtau_east,analytic,10.0,12.0,-50.0,200.0,807.54,607.54,22.735,22.735,-2.477,22.732,0.000
aushkul,aushtau_east,analytic,10.0,12.0,-50.0,300.0,907.54,607.54,26.415,26.415,-2.593,26.412,0.000
aushkul,aushtau_east,analytic,10.0,12.0,-30.0,1.0,617.29,616.29,5.890,5.890,2.072,5.717,-0.000
aushkul,aushtau_east,analytic,10.0,12.0,-30.0,1.5,617.79,616.29,6.432,6.432,2.255,6.303,0.000
aushkul,aushtau_east,analytic,10.0,12.0,-30.0,2.0,618.29,616.29,6.860,6.860,2.398,6.756,0.000
aushkul,aushtau_east,analytic,10.0,12.0,-30.0,3.0,619.29,616.29,7.528,7.528,2.615,7.450,-0.000
aushkul,aushtau_east,analytic,10.0,12.0,-30.0,5.0,621.29,616.29,8.485,8.485,2.910,8.432,0.000
aushkul,aushtau_east,analytic,10.0,12.0,-30.0,10.0,626.29,616.29,10.020,10.020,3.320,9.989,0.000
aushkul,aushtau_east,analytic,10.0,12.0,-30.0,30.0,646.29,616.29,13.172,13.172,3.652,13.158,-0.000
aushkul,aushtau_east,analytic,10.0,12.0,-30.0,50.0,666.29,616.29,15.061,15.061,3.402,15.051,0.000
aushkul,aushtau_east,analytic,10.0,12.0,-30.0,100.0,716.29,616.29,18.302,18.302,0.728,18.297,-0.000
aushkul,aushtau_east,analytic,10.0,12.0,-30.0,200.0,816.29,616.29,22.843,22.843,-2.757,22.840,0.000
aushkul,aushtau_east,analytic,10.0,12.0,-30.0,300.0,916.29,616.29,26.534,26.534,-2.495,26.531,-0.000
aushkul,aushtau_east,analytic,10.0,12.0,-20.0,1.0,621.34,620.34,5.895,5.895,1.962,5.731,0.000
aushkul,aushtau_east,analytic,10.0,12.0,-20.0,1.5,621.84,620.34,6.441,6.441,2.134,6.318,0.000
aushkul,aushtau_east,analytic,10.0,12.0,-20.0,2.0,622.34,620.34,6.871,6.871,2.267,6.772,-0.000
aushkul,aushtau_east,analytic,10.0,12.0,-20.0,3.0,623.34,620.34,7.542,7.542,2.467,7.469,0.000
aushkul,aushtau_east,analytic,10.0,12.0,-20.0,5.0,625.34,620.34,8.503,8.503,2.733,8.453,-0.000
aushkul,aushtau_east,analytic,10.0,12.0,-20.0,10.0,630.34,620.34,10.043,10.043,3.088,10.013,-0.000
aushkul,aushtau_east,analytic,10.0,12.0,-20.0,30.0,650.34,620.34,13.203,13.203,3.344,13.190,-0.000
aushkul,aushtau_east,analytic,10.0,12.0,-20.0,50.0,670.34,620.34,15.096,15.096,2.793,15.087,0.000
aushkul,aushtau_east,analytic,10.0,12.0,-20.0,100.0,720.34,620.34,18.344,18.344,-0.073,18.339,-0.000
aushkul,aushtau_east,analytic,10.0,12.0,-20.0,200.0,820.34,620.34,22.893,22.893,-2.856,22.889,-0.000
aushkul,aushtau_east,analytic,10.0,12.0,-20.0,300.0,920.34,620.34,26.589,26.589,-2.414,26.586,0.000
aushkul,aushtau_east,analytic,10.0,12.0,-10.0,1.0,625.30,624.30,6.172,6.172,1.899,5.744,0.000
aushkul,aushtau_east,analytic,10.0,12.0,-10.0,1.5,625.80,624.30,6.659,6.659,2.040,6.333,0.000
aushkul,aushtau_east,analytic,10.0,12.0,-10.0,2.0,626.30,624.30,7.055,7.055,2.151,6.788,-0.000
aushkul,aushtau_east,analytic,10.0,12.0,-10.0,3.0,627.30,624.30,7.687,7.687,2.322,7.487,0.000
aushkul,aushtau_east,analytic,10.0,12.0,-10.0,5.0,629.30,624.30,8.611,8.611,2.552,8.473,0.000
aushkul,aushtau_east,analytic,10.0,12.0,-10.0,10.0,634.30,624.30,10.120,10.120,2.858,10.037,-0.000
aushkul,aushtau_east,analytic,10.0,12.0,-10.0,30.0,654.30,624.30,13.258,13.258,2.945,13.221,-0.000
aushkul,aushtau_east,analytic,10.0,12.0,-10.0,50.0,674.30,624.30,15.147,15.147,2.106,15.122,0.000
aushkul,aushtau_east,analytic,10.0,12.0,-10.0,100.0,724.30,624.30,18.396,18.396,-0.849,18.380,0.000
aushkul,aushtau_east,analytic,10.0,12.0,-10.0,200.0,824.30,624.30,22.948,22.948,-2.935,22.938,-0.000
aushkul,aushtau_east,analytic,10.0,12.0,-10.0,300.0,924.30,624.30,26.647,26.647,-2.314,26.640,-0.000
aushkul,aushtau_east,analytic,10.0,12.0,0.0,1.0,629.19,628.19,6.414,6.414,1.808,5.758,-0.000
aushkul,aushtau_east,analytic,10.0,12.0,0.0,1.5,629.69,628.19,6.856,6.856,1.923,6.348,-0.000
aushkul,aushtau_east,analytic,10.0,12.0,0.0,2.0,630.19,628.19,7.224,7.224,2.016,6.804,0.000
aushkul,aushtau_east,analytic,10.0,12.0,0.0,3.0,631.19,628.19,7.823,7.823,2.160,7.504,0.000
aushkul,aushtau_east,analytic,10.0,12.0,0.0,5.0,633.19,628.19,8.715,8.715,2.357,8.493,0.000
aushkul,aushtau_east,analytic,10.0,12.0,0.0,10.0,638.19,628.19,10.194,10.194,2.614,10.060,0.000
aushkul,aushtau_east,analytic,10.0,12.0,0.0,30.0,658.19,628.19,13.311,13.311,2.327,13.251,0.000
aushkul,aushtau_east,analytic,10.0,12.0,0.0,50.0,678.19,628.19,15.197,15.197,1.409,15.156,0.000
aushkul,aushtau_east,analytic,10.0,12.0,0.0,100.0,728.19,628.19,18.446,18.446,-1.571,18.421,-0.000
aushkul,aushtau_east,analytic,10.0,12.0,0.0,200.0,828.19,628.19,23.002,23.002,-2.957,22.986,-0.000
aushkul,aushtau_east,analytic,10.0,12.0,0.0,300.0,928.19,628.19,26.705,26.705,-2.213,26.693,0.000
aushkul,aushtau_east,analytic,10.0,12.0,100.0,1.0,635.13,634.13,6.048,6.048,-1.369,5.778,-0.000
aushkul,aushtau_east,analytic,10.0,12.0,100.0,1.5,635.63,634.13,6.517,6.517,-1.471,6.371,-0.000
aushkul,aushtau_east,analytic,10.0,12.0,100.0,2.0,636.13,634.13,6.906,6.906,-1.557,6.828,-0.000
aushkul,aushtau_east,analytic,10.0,12.0,100.0,3.0,637.13,634.13,7.537,7.537,-1.697,7.531,-0.000
aushkul,aushtau_east,analytic,10.0,12.0,100.0,5.0,639.13,634.13,8.466,8.466,-1.912,8.523,0.000
aushkul,aushtau_east,analytic,10.0,12.0,100.0,10.0,644.13,634.13,9.977,9.977,-2.285,10.096,0.000
aushkul,aushtau_east,analytic,10.0,12.0,100.0,30.0,664.13,634.13,13.193,13.193,-2.999,13.298,-0.000
aushkul,aushtau_east,analytic,10.0,12.0,100.0,50.0,684.13,634.13,15.234,15.234,-3.292,15.209,-0.000
aushkul,aushtau_east,analytic,10.0,12.0,100.0,100.0,734.13,634.13,18.504,18.504,-3.613,18.483,0.000
aushkul,aushtau_east,analytic,10.0,12.0,100.0,200.0,834.13,634.13,23.073,23.073,-2.612,23.059,-0.000
aushkul,aushtau_east,analytic,10.0,12.0,100.0,300.0,934.13,634.13,26.784,26.784,-1.212,26.773,-0.000
aushkul,aushtau_east,analytic,10.0,12.0,300.0,1.0,562.94,561.94,1.293,-1.293,-3.496,5.529,-0.000
aushkul,aushtau_east,analytic,10.0,12.0,300.0,1.5,563.44,561.94,1.270,-1.270,-3.758,6.096,0.000
aushkul,aushtau_east,analytic,10.0,12.0,300.0,2.0,563.94,561.94,1.237,-1.237,-4.035,6.534,0.000
aushkul,aushtau_east,analytic,10.0,12.0,300.0,3.0,564.94,561.94,1.089,-1.089,-4.441,7.206,-0.000
aushkul,aushtau_east,analytic,10.0,12.0,300.0,5.0,566.94,561.94,0.630,-0.630,-4.971,8.156,0.000
aushkul,aushtau_east,analytic,10.0,12.0,300.0,10.0,571.94,561.94,0.828,0.828,-5.666,9.663,-0.000
aushkul,aushtau_east,analytic,10.0,12.0,300.0,30.0,591.94,561.94,6.491,6.491,-6.056,12.734,0.000
aushkul,aushtau_east,analytic,10.0,12.0,300.0,50.0,611.94,561.94,10.815,10.815,-5.118,14.571,0.000
aushkul,aushtau_east,analytic,10.0,12.0,300.0,100.0,661.94,561.94,17.724,17.724,-1.965,17.730,0.000
aushkul,aushtau_east,analytic,10.0,12.0,300.0,200.0,761.94,561.94,22.167,22.167,-0.781,22.170,-0.000
aushkul,aushtau_east,analytic,10.0,12.0,300.0,300.0,861.94,561.94,25.791,25.791,-0.920,25.793,-0.000
aushkul,aushtau_south,analytic,0.0,12.0,-3000.0,1.0,423.18,422.18,0.000,0.000,0.000,0.000,0.000
aushkul,aushtau_south,analytic,0.0,12.0,-3000.0,1.5,423.68,422.18,0.000,0.000,0.000,0.000,0.000
aushkul,aushtau_south,analytic,0.0,12.0,-3000.0,2.0,424.18,422.18,0.000,0.000,0.000,0.000,0.000
aushkul,aushtau_south,analytic,0.0,12.0,-3000.0,3.0,425.18,422.18,0.000,0.000,0.000,0.000,0.000
aushkul,aushtau_south,analytic,0.0,12.0,-3000.0,5.0,427.18,422.18,0.000,0.000,0.000,0.000,0.000
aushkul,aushtau_south,analytic,0.0,12.0,-3000.0,10.0,432.18,422.18,0.000,0.000,0.000,0.000,0.000
aushkul,aushtau_south,analytic,0.0,12.0,-3000.0,30.0,452.18,422.18,0.000,0.000,0.000,0.000,0.000
aushkul,aushtau_south,analytic,0.0,12.0,-3000.0,50.0,472.18,422.18,0.000,0.000,0.000,0.000,0.000
aushkul,aushtau_south,analytic,0.0,12.0,-3000.0,100.0,522.18,422.18,0.000,0.000,0.000,0.000,0.000
aushkul,aushtau_south,analytic,0.0,12.0,-3000.0,200.0,622.18,422.18,0.000,0.000,0.000,0.000,0.000
aushkul,aushtau_south,analytic,0.0,12.0,-3000.0,300.0,722.18,422.18,0.000,0.000,0.000,0.000,0.000
aushkul,aushtau_south,analytic,0.0,12.0,-1000.0,1.0,416.41,415.41,0.000,0.000,0.000,0.000,0.000
aushkul,aushtau_south,analytic,0.0,12.0,-1000.0,1.5,416.91,415.41,0.000,0.000,0.000,0.000,0.000
aushkul,aushtau_south,analytic,0.0,12.0,-1000.0,2.0,417.41,415.41,0.000,0.000,0.000,0.000,0.000
aushkul,aushtau_south,analytic,0.0,12.0,-1000.0,3.0,418.41,415.41,0.000,0.000,0.000,0.000,0.000
aushkul,aushtau_south,analytic,0.0,12.0,-1000.0,5.0,420.41,415.41,0.000,0.000,0.000,0.000,0.000
aushkul,aushtau_south,analytic,0.0,12.0,-1000.0,10.0,425.41,415.41,0.000,0.000,0.000,0.000,0.000
aushkul,aushtau_south,analytic,0.0,12.0,-1000.0,30.0,445.41,415.41,0.000,0.000,0.000,0.000,0.000
aushkul,aushtau_south,analytic,0.0,12.0,-1000.0,50.0,465.41,415.41,0.000,0.000,0.000,0.000,0.000
aushkul,aushtau_south,analytic,0.0,12.0,-1000.0,100.0,515.41,415.41,0.000,0.000,0.000,0.000,0.000
aushkul,aushtau_south,analytic,0.0,12.0,-1000.0,200.0,615.41,415.41,0.000,0.000,0.000,0.000,0.000
aushkul,aushtau_south,analytic,0.0,12.0,-1000.0,300.0,715.41,415.41,0.000,0.000,0.000,0.000,0.000
aushkul,aushtau_south,analytic,0.0,12.0,-300.0,1.0,492.29,491.29,0.000,0.000,0.000,0.000,0.000
aushkul,aushtau_south,analytic,0.0,12.0,-300.0,1.5,492.79,491.29,0.000,0.000,0.000,0.000,0.000
aushkul,aushtau_south,analytic,0.0,12.0,-300.0,2.0,493.29,491.29,0.000,0.000,0.000,0.000,0.000
aushkul,aushtau_south,analytic,0.0,12.0,-300.0,3.0,494.29,491.29,0.000,0.000,0.000,0.000,0.000
aushkul,aushtau_south,analytic,0.0,12.0,-300.0,5.0,496.29,491.29,0.000,0.000,0.000,0.000,0.000
aushkul,aushtau_south,analytic,0.0,12.0,-300.0,10.0,501.29,491.29,0.000,0.000,0.000,0.000,0.000
aushkul,aushtau_south,analytic,0.0,12.0,-300.0,30.0,521.29,491.29,0.000,0.000,0.000,0.000,0.000
aushkul,aushtau_south,analytic,0.0,12.0,-300.0,50.0,541.29,491.29,0.000,0.000,0.000,0.000,0.000
aushkul,aushtau_south,analytic,0.0,12.0,-300.0,100.0,591.29,491.29,0.000,0.000,0.000,0.000,0.000
aushkul,aushtau_south,analytic,0.0,12.0,-300.0,200.0,691.29,491.29,0.000,0.000,0.000,0.000,0.000
aushkul,aushtau_south,analytic,0.0,12.0,-300.0,300.0,791.29,491.29,0.000,0.000,0.000,0.000,0.000
aushkul,aushtau_south,analytic,0.0,12.0,-150.0,1.0,558.08,557.08,0.000,0.000,0.000,0.000,0.000
aushkul,aushtau_south,analytic,0.0,12.0,-150.0,1.5,558.58,557.08,0.000,0.000,0.000,0.000,0.000
aushkul,aushtau_south,analytic,0.0,12.0,-150.0,2.0,559.08,557.08,0.000,0.000,0.000,0.000,0.000
aushkul,aushtau_south,analytic,0.0,12.0,-150.0,3.0,560.08,557.08,0.000,0.000,0.000,0.000,0.000
aushkul,aushtau_south,analytic,0.0,12.0,-150.0,5.0,562.08,557.08,0.000,0.000,0.000,0.000,0.000
aushkul,aushtau_south,analytic,0.0,12.0,-150.0,10.0,567.08,557.08,0.000,0.000,0.000,0.000,0.000
aushkul,aushtau_south,analytic,0.0,12.0,-150.0,30.0,587.08,557.08,0.000,0.000,0.000,0.000,0.000
aushkul,aushtau_south,analytic,0.0,12.0,-150.0,50.0,607.08,557.08,0.000,0.000,0.000,0.000,0.000
aushkul,aushtau_south,analytic,0.0,12.0,-150.0,100.0,657.08,557.08,0.000,0.000,0.000,0.000,0.000
aushkul,aushtau_south,analytic,0.0,12.0,-150.0,200.0,757.08,557.08,0.000,0.000,0.000,0.000,0.000
aushkul,aushtau_south,analytic,0.0,12.0,-150.0,300.0,857.08,557.08,0.000,0.000,0.000,0.000,0.000
aushkul,aushtau_south,analytic,0.0,12.0,-50.0,1.0,602.33,601.33,0.000,0.000,0.000,0.000,0.000
aushkul,aushtau_south,analytic,0.0,12.0,-50.0,1.5,602.83,601.33,0.000,0.000,0.000,0.000,0.000
aushkul,aushtau_south,analytic,0.0,12.0,-50.0,2.0,603.33,601.33,0.000,0.000,0.000,0.000,0.000
aushkul,aushtau_south,analytic,0.0,12.0,-50.0,3.0,604.33,601.33,0.000,0.000,0.000,0.000,0.000
aushkul,aushtau_south,analytic,0.0,12.0,-50.0,5.0,606.33,601.33,0.000,0.000,0.000,0.000,0.000
aushkul,aushtau_south,analytic,0.0,12.0,-50.0,10.0,611.33,601.33,0.000,0.000,0.000,0.000,0.000
aushkul,aushtau_south,analytic,0.0,12.0,-50.0,30.0,631.33,601.33,0.000,0.000,0.000,0.000,0.000
aushkul,aushtau_south,analytic,0.0,12.0,-50.0,50.0,651.33,601.33,0.000,0.000,0.000,0.000,0.000
aushkul,aushtau_south,analytic,0.0,12.0,-50.0,100.0,701.33,601.33,0.000,0.000,0.000,0.000,0.000
aushkul,aushtau_south,analytic,0.0,12.0,-50.0,200.0,801.33,601.33,0.000,0.000,0.000,0.000,0.000
aushkul,aushtau_south,analytic,0.0,12.0,-50.0,300.0,901.33,601.33,0.000,0.000,0.000,0.000,0.000
aushkul,aushtau_south,analytic,0.0,12.0,-30.0,1.0,609.82,608.82,0.000,0.000,0.000,0.000,0.000
aushkul,aushtau_south,analytic,0.0,12.0,-30.0,1.5,610.32,608.82,0.000,0.000,0.000,0.000,0.000
aushkul,aushtau_south,analytic,0.0,12.0,-30.0,2.0,610.82,608.82,0.000,0.000,0.000,0.000,0.000
aushkul,aushtau_south,analytic,0.0,12.0,-30.0,3.0,611.82,608.82,0.000,0.000,0.000,0.000,0.000
aushkul,aushtau_south,analytic,0.0,12.0,-30.0,5.0,613.82,608.82,0.000,0.000,0.000,0.000,0.000
aushkul,aushtau_south,analytic,0.0,12.0,-30.0,10.0,618.82,608.82,0.000,0.000,0.000,0.000,0.000
aushkul,aushtau_south,analytic,0.0,12.0,-30.0,30.0,638.82,608.82,0.000,0.000,0.000,0.000,0.000
aushkul,aushtau_south,analytic,0.0,12.0,-30.0,50.0,658.82,608.82,0.000,0.000,0.000,0.000,0.000
aushkul,aushtau_south,analytic,0.0,12.0,-30.0,100.0,708.82,608.82,0.000,0.000,0.000,0.000,0.000
aushkul,aushtau_south,analytic,0.0,12.0,-30.0,200.0,808.82,608.82,0.000,0.000,0.000,0.000,0.000
aushkul,aushtau_south,analytic,0.0,12.0,-30.0,300.0,908.82,608.82,0.000,0.000,0.000,0.000,0.000
aushkul,aushtau_south,analytic,0.0,12.0,-20.0,1.0,613.42,612.42,0.000,0.000,0.000,0.000,0.000
aushkul,aushtau_south,analytic,0.0,12.0,-20.0,1.5,613.92,612.42,0.000,0.000,0.000,0.000,0.000
aushkul,aushtau_south,analytic,0.0,12.0,-20.0,2.0,614.42,612.42,0.000,0.000,0.000,0.000,0.000
aushkul,aushtau_south,analytic,0.0,12.0,-20.0,3.0,615.42,612.42,0.000,0.000,0.000,0.000,0.000
aushkul,aushtau_south,analytic,0.0,12.0,-20.0,5.0,617.42,612.42,0.000,0.000,0.000,0.000,0.000
aushkul,aushtau_south,analytic,0.0,12.0,-20.0,10.0,622.42,612.42,0.000,0.000,0.000,0.000,0.000
aushkul,aushtau_south,analytic,0.0,12.0,-20.0,30.0,642.42,612.42,0.000,0.000,0.000,0.000,0.000
aushkul,aushtau_south,analytic,0.0,12.0,-20.0,50.0,662.42,612.42,0.000,0.000,0.000,0.000,0.000
aushkul,aushtau_south,analytic,0.0,12.0,-20.0,100.0,712.42,612.42,0.000,0.000,0.000,0.000,0.000
aushkul,aushtau_south,analytic,0.0,12.0,-20.0,200.0,812.42,612.42,0.000,0.000,0.000,0.000,0.000
aushkul,aushtau_south,analytic,0.0,12.0,-20.0,300.0,912.42,612.42,0.000,0.000,0.000,0.000,0.000
aushkul,aushtau_south,analytic,0.0,12.0,-10.0,1.0,616.91,615.91,0.000,0.000,0.000,0.000,0.000
aushkul,aushtau_south,analytic,0.0,12.0,-10.0,1.5,617.41,615.91,0.000,0.000,0.000,0.000,0.000
aushkul,aushtau_south,analytic,0.0,12.0,-10.0,2.0,617.91,615.91,0.000,0.000,0.000,0.000,0.000
aushkul,aushtau_south,analytic,0.0,12.0,-10.0,3.0,618.91,615.91,0.000,0.000,0.000,0.000,0.000
aushkul,aushtau_south,analytic,0.0,12.0,-10.0,5.0,620.91,615.91,0.000,0.000,0.000,0.000,0.000
aushkul,aushtau_south,analytic,0.0,12.0,-10.0,10.0,625.91,615.91,0.000,0.000,0.000,0.000,0.000
aushkul,aushtau_south,analytic,0.0,12.0,-10.0,30.0,645.91,615.91,0.000,0.000,0.000,0.000,0.000
aushkul,aushtau_south,analytic,0.0,12.0,-10.0,50.0,665.91,615.91,0.000,0.000,0.000,0.000,0.000
aushkul,aushtau_south,analytic,0.0,12.0,-10.0,100.0,715.91,615.91,0.000,0.000,0.000,0.000,0.000
aushkul,aushtau_south,analytic,0.0,12.0,-10.0,200.0,815.91,615.91,0.000,0.000,0.000,0.000,0.000
aushkul,aushtau_south,analytic,0.0,12.0,-10.0,300.0,915.91,615.91,0.000,0.000,0.000,0.000,0.000
aushkul,aushtau_south,analytic,0.0,12.0,0.0,1.0,620.34,619.34,0.000,0.000,0.000,0.000,0.000
aushkul,aushtau_south,analytic,0.0,12.0,0.0,1.5,620.84,619.34,0.000,0.000,0.000,0.000,0.000
aushkul,aushtau_south,analytic,0.0,12.0,0.0,2.0,621.34,619.34,0.000,0.000,0.000,0.000,0.000
aushkul,aushtau_south,analytic,0.0,12.0,0.0,3.0,622.34,619.34,0.000,0.000,0.000,0.000,0.000
aushkul,aushtau_south,analytic,0.0,12.0,0.0,5.0,624.34,619.34,0.000,0.000,0.000,0.000,0.000
aushkul,aushtau_south,analytic,0.0,12.0,0.0,10.0,629.34,619.34,0.000,0.000,0.000,0.000,0.000
aushkul,aushtau_south,analytic,0.0,12.0,0.0,30.0,649.34,619.34,0.000,0.000,0.000,0.000,0.000
aushkul,aushtau_south,analytic,0.0,12.0,0.0,50.0,669.34,619.34,0.000,0.000,0.000,0.000,0.000
aushkul,aushtau_south,analytic,0.0,12.0,0.0,100.0,719.34,619.34,0.000,0.000,0.000,0.000,0.000
aushkul,aushtau_south,analytic,0.0,12.0,0.0,200.0,819.34,619.34,0.000,0.000,0.000,0.000,0.000
aushkul,aushtau_south,analytic,0.0,12.0,0.0,300.0,919.34,619.34,0.000,0.000,0.000,0.000,0.000
aushkul,aushtau_south,analytic,0.0,12.0,100.0,1.0,634.98,633.98,0.000,0.000,0.000,0.000,0.000
aushkul,aushtau_south,analytic,0.0,12.0,100.0,1.5,635.48,633.98,0.000,0.000,0.000,0.000,0.000
aushkul,aushtau_south,analytic,0.0,12.0,100.0,2.0,635.98,633.98,0.000,0.000,0.000,0.000,0.000
aushkul,aushtau_south,analytic,0.0,12.0,100.0,3.0,636.98,633.98,0.000,0.000,0.000,0.000,0.000
aushkul,aushtau_south,analytic,0.0,12.0,100.0,5.0,638.98,633.98,0.000,0.000,0.000,0.000,0.000
aushkul,aushtau_south,analytic,0.0,12.0,100.0,10.0,643.98,633.98,0.000,0.000,0.000,0.000,0.000
aushkul,aushtau_south,analytic,0.0,12.0,100.0,30.0,663.98,633.98,0.000,0.000,0.000,0.000,0.000
aushkul,aushtau_south,analytic,0.0,12.0,100.0,50.0,683.98,633.98,0.000,0.000,0.000,0.000,0.000
aushkul,aushtau_south,analytic,0.0,12.0,100.0,100.0,733.98,633.98,0.000,0.000,0.000,0.000,0.000
aushkul,aushtau_south,analytic,0.0,12.0,100.0,200.0,833.98,633.98,0.000,0.000,0.000,0.000,0.000
aushkul,aushtau_south,analytic,0.0,12.0,100.0,300.0,933.98,633.98,0.000,0.000,0.000,0.000,0.000
aushkul,aushtau_south,analytic,0.0,12.0,300.0,1.0,606.58,605.58,0.000,0.000,0.000,0.000,0.000
aushkul,aushtau_south,analytic,0.0,12.0,300.0,1.5,607.08,605.58,0.000,0.000,0.000,0.000,0.000
aushkul,aushtau_south,analytic,0.0,12.0,300.0,2.0,607.58,605.58,0.000,0.000,0.000,0.000,0.000
aushkul,aushtau_south,analytic,0.0,12.0,300.0,3.0,608.58,605.58,0.000,0.000,0.000,0.000,0.000
aushkul,aushtau_south,analytic,0.0,12.0,300.0,5.0,610.58,605.58,0.000,0.000,0.000,0.000,0.000
aushkul,aushtau_south,analytic,0.0,12.0,300.0,10.0,615.58,605.58,0.000,0.000,0.000,0.000,0.000
aushkul,aushtau_south,analytic,0.0,12.0,300.0,30.0,635.58,605.58,0.000,0.000,0.000,0.000,0.000
aushkul,aushtau_south,analytic,0.0,12.0,300.0,50.0,655.58,605.58,0.000,0.000,0.000,0.000,0.000
aushkul,aushtau_south,analytic,0.0,12.0,300.0,100.0,705.58,605.58,0.000,0.000,0.000,0.000,0.000
aushkul,aushtau_south,analytic,0.0,12.0,300.0,200.0,805.58,605.58,0.000,0.000,0.000,0.000,0.000
aushkul,aushtau_south,analytic,0.0,12.0,300.0,300.0,905.58,605.58,0.000,0.000,0.000,0.000,0.000
aushkul,aushtau_south,analytic,3.0,12.0,-3000.0,1.0,423.18,422.18,1.364,1.364,-0.315,2.045,-0.000
aushkul,aushtau_south,analytic,3.0,12.0,-3000.0,1.5,423.68,422.18,1.437,1.437,-0.327,2.141,-0.000
aushkul,aushtau_south,analytic,3.0,12.0,-3000.0,2.0,424.18,422.18,1.493,1.493,-0.335,2.212,-0.000
aushkul,aushtau_south,analytic,3.0,12.0,-3000.0,3.0,425.18,422.18,1.583,1.583,-0.345,2.316,-0.000
aushkul,aushtau_south,analytic,3.0,12.0,-3000.0,5.0,427.18,422.18,1.718,1.718,-0.352,2.456,-0.000
aushkul,aushtau_south,analytic,3.0,12.0,-3000.0,10.0,432.18,422.18,1.966,1.966,-0.345,2.663,0.000
aushkul,aushtau_south,analytic,3.0,12.0,-3000.0,30.0,452.18,422.18,2.689,2.689,-0.224,3.053,-0.000
aushkul,aushtau_south,analytic,3.0,12.0,-3000.0,50.0,472.18,422.18,3.275,3.275,-0.063,3.275,0.000
aushkul,aushtau_south,analytic,3.0,12.0,-3000.0,100.0,522.18,422.18,3.656,3.656,-0.059,3.656,-0.000
aushkul,aushtau_south,analytic,3.0,12.0,-3000.0,200.0,622.18,422.18,4.203,4.203,-0.029,4.203,0.000
aushkul,aushtau_south,analytic,3.0,12.0,-3000.0,300.0,722.18,422.18,4.473,4.473,-0.017,4.473,-0.000
aushkul,aushtau_south,analytic,3.0,12.0,-1000.0,1.0,416.41,415.41,2.021,2.021,0.105,2.036,-0.000
aushkul,aushtau_south,analytic,3.0,12.0,-1000.0,1.5,416.91,415.41,2.116,2.116,0.110,2.131,0.000
aushkul,aushtau_south,analytic,3.0,12.0,-1000.0,2.0,417.41,415.41,2.186,2.186,0.115,2.202,0.000
aushkul,aushtau_south,analytic,3.0,12.0,-1000.0,3.0,418.41,415.41,2.290,2.290,0.121,2.306,0.000
aushkul,aushtau_south,analytic,3.0,12.0,-1000.0,5.0,420.41,415.41,2.429,2.429,0.131,2.445,-0.000
aushkul,aushtau_south,analytic,3.0,12.0,-1000.0,10.0,425.41,415.41,2.636,2.636,0.149,2.651,-0.000
aushkul,aushtau_south,analytic,3.0,12.0,-1000.0,30.0,445.41,415.41,3.031,3.031,0.177,3.039,0.000
aushkul,aushtau_south,analytic,3.0,12.0,-1000.0,50.0,465.41,415.41,3.261,3.261,0.177,3.261,-0.000
aushkul,aushtau_south,analytic,3.0,12.0,-1000.0,100.0,515.41,415.41,3.640,3.640,0.050,3.640,-0.000
aushkul,aushtau_south,analytic,3.0,12.0,-1000.0,200.0,615.41,415.41,4.186,4.186,-0.099,4.186,-0.000
aushkul,aushtau_south,analytic,3.0,12.0,-1000.0,300.0,715.41,415.41,4.456,4.456,0.053,4.456,0.000
aushkul,aushtau_south,analytic,3.0,12.0,-300.0,1.0,492.29,491.29,2.148,2.148,0.678,2.141,0.000
aushkul,aushtau_south,analytic,3.0,12.0,-300.0,1.5,492.79,491.29,2.246,2.246,0.709,2.242,-0.000
aushkul,aushtau_south,analytic,3.0,12.0,-300.0,2.0,493.29,491.29,2.319,2.319,0.732,2.316,0.000
aushkul,aushtau_south,analytic,3.0,12.0,-300.0,3.0,494.29,491.29,2.427,2.427,0.765,2.425,-0.000
aushkul,aushtau_south,analytic,3.0,12.0,-300.0,5.0,496.29,491.29,2.573,2.573,0.810,2.571,-0.000
aushkul,aushtau_south,analytic,3.0,12.0,-300.0,10.0,501.29,491.29,2.788,2.788,0.876,2.788,0.000
aushkul,aushtau_south,analytic,3.0,12.0,-300.0,30.0,521.29,491.29,3.194,3.194,0.985,3.193,0.000
aushkul,aushtau_south,analytic,3.0,12.0,-300.0,50.0,541.29,491.29,3.425,3.425,1.030,3.424,-0.000
aushkul,aushtau_south,analytic,3.0,12.0,-300.0,100.0,591.29,491.29,3.817,3.817,1.083,3.817,-0.000
aushkul,aushtau_south,analytic,3.0,12.0,-300.0,200.0,691.29,491.29,4.377,4.377,1.067,4.377,0.000
aushkul,aushtau_south,analytic,3.0,12.0,-300.0,300.0,791.29,491.29,4.648,4.648,0.716,4.648,0.000
aushkul,aushtau_south,analytic,3.0,12.0,-150.0,1.0,558.08,557.08,2.319,2.319,0.953,2.233,0.000
aushkul,aushtau_south,analytic,3.0,12.0,-150.0,1.5,558.58,557.08,2.401,2.401,0.984,2.337,0.000
aushkul,aushtau_south,analytic,3.0,12.0,-150.0,2.0,559.08,557.08,2.465,2.465,1.009,2.415,0.000
aushkul,aushtau_south,analytic,3.0,12.0,-150.0,3.0,560.08,557.08,2.564,2.564,1.047,2.528,-0.000
aushkul,aushtau_south,analytic,3.0,12.0,-150.0,5.0,562.08,557.08,2.704,2.704,1.097,2.681,-0.000
aushkul,aushtau_south,analytic,3.0,12.0,-150.0,10.0,567.08,557.08,2.919,2.919,1.167,2.906,-0.000
aushkul,aushtau_south,analytic,3.0,12.0,-150.0,30.0,587.08,557.08,3.332,3.332,1.240,3.327,0.000
aushkul,aushtau_south,analytic,3.0,12.0,-150.0,50.0,607.08,557.08,3.569,3.569,1.217,3.566,0.000
aushkul,aushtau_south,analytic,3.0,12.0,-150.0,100.0,657.08,557.08,3.972,3.972,1.060,3.971,-0.000
aushkul,aushtau_south,analytic,3.0,12.0,-150.0,200.0,757.08,557.08,4.544,4.544,0.637,4.543,0.000
aushkul,aushtau_south,analytic,3.0,12.0,-150.0,300.0,857.08,557.08,4.814,4.814,0.026,4.814,-0.000
aushkul,aushtau_south,analytic,3.0,12.0,-50.0,1.0,602.33,601.33,2.347,2.347,0.758,2.294,0.000
aushkul,aushtau_south,analytic,3.0,12.0,-50.0,1.5,602.83,601.33,2.439,2.439,0.786,2.402,-0.000
aushkul,aushtau_south,analytic,3.0,12.0,-50.0,2.0,603.33,601.33,2.511,2.511,0.807,2.481,0.000
aushkul,aushtau_south,analytic,3.0,12.0,-50.0,3.0,604.33,601.33,2.619,2.619,0.837,2.598,0.000
aushkul,aushtau_south,analytic,3.0,12.0,-50.0,5.0,606.33,601.33,2.768,2.768,0.876,2.754,0.000
aushkul,aushtau_south,analytic,3.0,12.0,-50.0,10.0,611.33,601.33,2.993,2.993,0.922,2.986,0.000
aushkul,aushtau_south,analytic,3.0,12.0,-50.0,30.0,631.33,601.33,3.420,3.420,0.941,3.417,-0.000
aushkul,aushtau_south,analytic,3.0,12.0,-50.0,50.0,651.33,601.33,3.663,3.663,0.886,3.662,-0.000
aushkul,aushtau_south,analytic,3.0,12.0,-50.0,100.0,701.33,601.33,4.075,4.075,0.579,4.074,-0.000
aushkul,aushtau_south,analytic,3.0,12.0,-50.0,200.0,801.33,601.33,4.655,4.655,-0.073,4.654,-0.000
aushkul,aushtau_south,analytic,3.0,12.0,-50.0,300.0,901.33,601.33,4.926,4.926,-0.203,4.926,0.000
aushkul,aushtau_south,analytic,3.0,12.0,-30.0,1.0,609.82,608.82,2.331,2.331,0.705,2.305,0.000
aushkul,aushtau_south,analytic,3.0,12.0,-30.0,1.5,610.32,608.82,2.431,2.431,0.733,2.413,0.000
aushkul,aushtau_south,analytic,3.0,12.0,-30.0,2.0,610.82,608.82,2.507,2.507,0.753,2.492,0.000
aushkul,aushtau_south,analytic,3.0,12.0,-30.0,3.0,611.82,608.82,2.620,2.620,0.782,2.610,-0.000
aushkul,aushtau_south,analytic,3.0,12.0,-30.0,5.0,613.82,608.82,2.773,2.773,0.818,2.767,0.000
aushkul,aushtau_south,analytic,3.0,12.0,-30.0,10.0,618.82,608.82,3.003,3.003,0.859,2.999,0.000
aushkul,aushtau_south,analytic,3.0,12.0,-30.0,30.0,638.82,608.82,3.434,3.434,0.855,3.432,-0.000
aushkul,aushtau_south,analytic,3.0,12.0,-30.0,50.0,658.82,608.82,3.679,3.679,0.765,3.678,-0.000
aushkul,aushtau_south,analytic,3.0,12.0,-30.0,100.0,708.82,608.82,4.092,4.092,0.396,4.091,-0.000
aushkul,aushtau_south,analytic,3.0,12.0,-30.0,200.0,808.82,608.82,4.673,4.673,-0.150,4.673,0.000
aushkul,aushtau_south,analytic,3.0,12.0,-30.0,300.0,908.82,608.82,4.945,4.945,-0.215,4.945,0.000
aushkul,aushtau_south,analytic,3.0,12.0,-20.0,1.0,613.42,612.42,2.374,2.374,0.688,2.310,-0.000
aushkul,aushtau_south,analytic,3.0,12.0,-20.0,1.5,613.92,612.42,2.464,2.464,0.712,2.418,0.000
aushkul,aushtau_south,analytic,3.0,12.0,-20.0,2.0,614.42,612.42,2.534,2.534,0.730,2.498,-0.000
aushkul,aushtau_south,analytic,3.0,12.0,-20.0,3.0,615.42,612.42,2.641,2.641,0.756,2.615,-0.000
aushkul,aushtau_south,analytic,3.0,12.0,-20.0,5.0,617.42,612.42,2.789,2.789,0.789,2.773,0.000
aushkul,aushtau_south,analytic,3.0,12.0,-20.0,10.0,622.42,612.42,3.015,3.015,0.825,3.006,-0.000
aushkul,aushtau_south,analytic,3.0,12.0,-20.0,30.0,642.42,612.42,3.443,3.443,0.795,3.440,0.000
aushkul,aushtau_south,analytic,3.0,12.0,-20.0,50.0,662.42,612.42,3.688,3.688,0.700,3.685,0.000
aushkul,aushtau_south,analytic,3.0,12.0,-20.0,100.0,712.42,612.42,4.101,4.101,0.297,4.099,-0.000
aushkul,aushtau_south,analytic,3.0,12.0,-20.0,200.0,812.42,612.42,4.683,4.683,-0.184,4.682,0.000
aushkul,aushtau_south,analytic,3.0,12.0,-20.0,300.0,912.42,612.42,4.954,4.954,-0.221,4.954,-0.000
aushkul,aushtau_south,analytic,3.0,12.0,-10.0,1.0,616.91,615.91,2.405,2.405,0.664,2.315,0.000
aushkul,aushtau_south,analytic,3.0,12.0,-10.0,1.5,617.41,615.91,2.489,2.489,0.685,2.423,0.000
aushkul,aushtau_south,analytic,3.0,12.0,-10.0,2.0,617.91,615.91,2.556,2.556,0.700,2.503,-0.000
aushkul,aushtau_south,analytic,3.0,12.0,-10.0,3.0,618.91,615.91,2.659,2.659,0.722,2.621,0.000
aushkul,aushtau_south,analytic,3.0,12.0,-10.0,5.0,620.91,615.91,2.803,2.803,0.748,2.779,-0.000
aushkul,aushtau_south,analytic,3.0,12.0,-10.0,10.0,625.91,615.91,3.025,3.025,0.774,3.012,0.000
aushkul,aushtau_south,analytic,3.0,12.0,-10.0,30.0,645.91,615.91,3.452,3.452,0.733,3.447,0.000
aushkul,aushtau_south,analytic,3.0,12.0,-10.0,50.0,665.91,615.91,3.696,3.696,0.604,3.693,-0.000
aushkul,aushtau_south,analytic,3.0,12.0,-10.0,100.0,715.91,615.91,4.109,4.109,0.201,4.108,-0.000
aushkul,aushtau_south,analytic,3.0,12.0,-10.0,200.0,815.91,615.91,4.692,4.692,-0.207,4.691,0.000
aushkul,aushtau_south,analytic,3.0,12.0,-10.0,300.0,915.91,615.91,4.963,4.963,-0.227,4.963,-0.000
aushkul,aushtau_south,analytic,3.0,12.0,0.0,1.0,620.34,619.34,2.482,2.482,0.637,2.319,-0.000
aushkul,aushtau_south,analytic,3.0,12.0,0.0,1.5,620.84,619.34,2.551,2.551,0.651,2.428,0.000
aushkul,aushtau_south,analytic,3.0,12.0,0.0,2.0,621.34,619.34,2.608,2.608,0.663,2.508,0.000
aushkul,aushtau_south,analytic,3.0,12.0,0.0,3.0,622.34,619.34,2.699,2.699,0.680,2.626,0.000
aushkul,aushtau_south,analytic,3.0,12.0,0.0,5.0,624.34,619.34,2.833,2.833,0.701,2.784,-0.000
aushkul,aushtau_south,analytic,3.0,12.0,0.0,10.0,629.34,619.34,3.045,3.045,0.719,3.018,-0.000
aushkul,aushtau_south,analytic,3.0,12.0,0.0,30.0,649.34,619.34,3.464,3.464,0.655,3.454,0.000
aushkul,aushtau_south,analytic,3.0,12.0,0.0,50.0,669.34,619.34,3.707,3.707,0.506,3.700,0.000
aushkul,aushtau_south,analytic,3.0,12.0,0.0,100.0,719.34,619.34,4.119,4.119,0.105,4.116,0.000
aushkul,aushtau_south,analytic,3.0,12.0,0.0,200.0,819.34,619.34,4.702,4.702,-0.227,4.700,0.000
aushkul,aushtau_south,analytic,3.0,12.0,0.0,300.0,919.34,619.34,4.972,4.972,-0.229,4.972,-0.000
aushkul,aushtau_south,analytic,3.0,12.0,100.0,1.0,634.98,633.98,2.443,2.443,-0.027,2.340,0.000
aushkul,aushtau_south,analytic,3.0,12.0,100.0,1.5,635.48,633.98,2.525,2.525,-0.030,2.449,0.000
aushkul,aushtau_south,analytic,3.0,12.0,100.0,2.0,635.98,633.98,2.591,2.591,-0.033,2.530,0.000
aushkul,aushtau_south,analytic,3.0,12.0,100.0,3.0,636.98,633.98,2.693,2.693,-0.039,2.649,-0.000
aushkul,aushtau_south,analytic,3.0,12.0,100.0,5.0,638.98,633.98,2.837,2.837,-0.051,2.809,0.000
aushkul,aushtau_south,analytic,3.0,12.0,100.0,10.0,643.98,633.98,3.060,3.060,-0.079,3.044,0.000
aushkul,aushtau_south,analytic,3.0,12.0,100.0,30.0,663.98,633.98,3.490,3.490,-0.171,3.484,-0.000
aushkul,aushtau_south,analytic,3.0,12.0,100.0,50.0,683.98,633.98,3.736,3.736,-0.247,3.732,0.000
aushkul,aushtau_south,analytic,3.0,12.0,100.0,100.0,733.98,633.98,4.152,4.152,-0.322,4.150,0.000
aushkul,aushtau_south,analytic,3.0,12.0,100.0,200.0,833.98,633.98,4.738,4.738,-0.313,4.736,0.000
aushkul,aushtau_south,analytic,3.0,12.0,100.0,300.0,933.98,633.98,5.009,5.009,-0.250,5.009,0.000
aushkul,aushtau_south,analytic,3.0,12.0,300.0,1.0,606.58,605.58,1.905,1.905,-0.492,2.300,-0.000
aushkul,aushtau_south,analytic,3.0,12.0,300.0,1.5,607.08,605.58,1.990,1.990,-0.510,2.408,-0.000
aushkul,aushtau_south,analytic,3.0,12.0,300.0,2.0,607.58,605.58,2.057,2.057,-0.524,2.487,-0.000
aushkul,aushtau_south,analytic,3.0,12.0,300.0,3.0,608.58,605.58,2.164,2.164,-0.544,2.605,0.000
aushkul,aushtau_south,analytic,3.0,12.0,300.0,5.0,610.58,605.58,2.323,2.323,-0.569,2.761,-0.000
aushkul,aushtau_south,analytic,3.0,12.0,300.0,10.0,615.58,605.58,2.589,2.589,-0.600,2.993,-0.000
aushkul,aushtau_south,analytic,3.0,12.0,300.0,30.0,635.58,605.58,3.182,3.182,-0.660,3.426,-0.000
aushkul,aushtau_south,analytic,3.0,12.0,300.0,50.0,655.58,605.58,3.596,3.596,-0.586,3.671,0.000
aushkul,aushtau_south,analytic,3.0,12.0,300.0,100.0,705.58,605.58,4.085,4.085,-0.589,4.083,0.000
aushkul,aushtau_south,analytic,3.0,12.0,300.0,200.0,805.58,605.58,4.665,4.665,-0.419,4.665,-0.000
aushkul,aushtau_south,analytic,3.0,12.0,300.0,300.0,905.58,605.58,4.937,4.937,-0.271,4.937,0.000
aushkul,aushtau_south,analytic,6.0,12.0,-3000.0,1.0,423.18,422.18,0.924,0.924,-1.041,3.046,0.000
aushkul,aushtau_south,analytic,6.0,12.0,-3000.0,1.5,423.68,422.18,1.064,1.064,-1.137,3.359,0.000
aushkul,aushtau_south,analytic,6.0,12.0,-3000.0,2.0,424.18,422.18,1.188,1.188,-1.206,3.600,0.000
aushkul,aushtau_south,analytic,6.0,12.0,-3000.0,3.0,425.18,422.18,1.413,1.413,-1.303,3.971,-0.000
aushkul,aushtau_south,analytic,6.0,12.0,-3000.0,5.0,427.18,422.18,1.820,1.820,-1.414,4.495,0.000
aushkul,aushtau_south,analytic,6.0,12.0,-3000.0,10.0,432.18,422.18,2.742,2.742,-1.494,5.326,-0.000
aushkul,aushtau_south,analytic,6.0,12.0,-3000.0,30.0,452.18,422.18,5.785,5.785,-1.014,7.027,0.000
aushkul,aushtau_south,analytic,6.0,12.0,-3000.0,50.0,472.18,422.18,8.049,8.049,-0.155,8.049,0.000
aushkul,aushtau_south,analytic,6.0,12.0,-3000.0,100.0,522.18,422.18,9.819,9.819,-0.158,9.819,-0.000
aushkul,aushtau_south,analytic,6.0,12.0,-3000.0,200.0,622.18,422.18,12.335,12.335,-0.085,12.335,-0.000
aushkul,aushtau_south,analytic,6.0,12.0,-3000.0,300.0,722.18,422.18,14.410,14.410,-0.055,14.410,-0.000
aushkul,aushtau_south,analytic,6.0,12.0,-1000.0,1.0,416.41,415.41,3.000,3.000,0.138,3.032,0.000
aushkul,aushtau_south,analytic,6.0,12.0,-1000.0,1.5,416.91,415.41,3.313,3.313,0.154,3.343,0.000
aushkul,aushtau_south,analytic,6.0,12.0,-1000.0,2.0,417.41,415.41,3.554,3.554,0.168,3.584,-0.000
aushkul,aushtau_south,analytic,6.0,12.0,-1000.0,3.0,418.41,415.41,3.924,3.924,0.189,3.952,0.000
aushkul,aushtau_south,analytic,6.0,12.0,-1000.0,5.0,420.41,415.41,4.445,4.445,0.222,4.474,-0.000
aushkul,aushtau_south,analytic,6.0,12.0,-1000.0,10.0,425.41,415.41,5.272,5.272,0.279,5.302,-0.000
aushkul,aushtau_south,analytic,6.0,12.0,-1000.0,30.0,445.41,415.41,6.978,6.978,0.396,6.995,0.000
aushkul,aushtau_south,analytic,6.0,12.0,-1000.0,50.0,465.41,415.41,8.014,8.014,0.435,8.013,0.000
aushkul,aushtau_south,analytic,6.0,12.0,-1000.0,100.0,515.41,415.41,9.777,9.777,0.135,9.777,0.000
aushkul,aushtau_south,analytic,6.0,12.0,-1000.0,200.0,615.41,415.41,12.285,12.285,-0.289,12.285,0.000
aushkul,aushtau_south,analytic,6.0,12.0,-1000.0,300.0,715.41,415.41,14.355,14.355,0.171,14.355,-0.000
aushkul,aushtau_south,analytic,6.0,12.0,-300.0,1.0,492.29,491.29,3.211,3.211,1.013,3.189,-0.000
aushkul,aushtau_south,analytic,6.0,12.0,-300.0,1.5,492.79,491.29,3.532,3.532,1.114,3.517,-0.000
aushkul,aushtau_south,analytic,6.0,12.0,-300.0,2.0,493.29,491.29,3.782,3.782,1.193,3.769,0.000
aushkul,aushtau_south,analytic,6.0,12.0,-300.0,3.0,494.29,491.29,4.166,4.166,1.314,4.157,-0.000
aushkul,aushtau_south,analytic,6.0,12.0,-300.0,5.0,496.29,491.29,4.712,4.712,1.484,4.705,0.000
aushkul,aushtau_south,analytic,6.0,12.0,-300.0,10.0,501.29,491.29,5.579,5.579,1.752,5.575,-0.000
aushkul,aushtau_south,analytic,6.0,12.0,-300.0,30.0,521.29,491.29,7.352,7.352,2.267,7.351,-0.000
aushkul,aushtau_south,analytic,6.0,12.0,-300.0,50.0,541.29,491.29,8.417,8.417,2.531,8.415,-0.000
aushkul,aushtau_south,analytic,6.0,12.0,-300.0,100.0,591.29,491.29,10.252,10.252,2.907,10.251,-0.000
aushkul,aushtau_south,analytic,6.0,12.0,-300.0,200.0,691.29,491.29,12.846,12.846,3.131,12.846,0.000
aushkul,aushtau_south,analytic,6.0,12.0,-300.0,300.0,791.29,491.29,14.973,14.973,2.307,14.973,-0.000
aushkul,aushtau_south,analytic,6.0,12.0,-150.0,1.0,558.08,557.08,3.608,3.608,1.482,3.326,-0.000
aushkul,aushtau_south,analytic,6.0,12.0,-150.0,1.5,558.58,557.08,3.883,3.883,1.592,3.667,-0.000
aushkul,aushtau_south,analytic,6.0,12.0,-150.0,2.0,559.08,557.08,4.108,4.108,1.682,3.930,0.000
aushkul,aushtau_south,analytic,6.0,12.0,-150.0,3.0,560.08,557.08,4.468,4.468,1.824,4.334,0.000
aushkul,aushtau_south,analytic,6.0,12.0,-150.0,5.0,562.08,557.08,4.998,4.998,2.029,4.906,0.000
aushkul,aushtau_south,analytic,6.0,12.0,-150.0,10.0,567.08,557.08,5.867,5.867,2.345,5.812,-0.000
aushkul,aushtau_south,analytic,6.0,12.0,-150.0,30.0,587.08,557.08,7.684,7.684,2.859,7.659,-0.000
aushkul,aushtau_south,analytic,6.0,12.0,-150.0,50.0,607.08,557.08,8.781,8.781,2.994,8.764,0.000
aushkul,aushtau_south,analytic,6.0,12.0,-150.0,100.0,657.08,557.08,10.673,10.673,2.849,10.663,0.000
aushkul,aushtau_south,analytic,6.0,12.0,-150.0,200.0,757.08,557.08,13.338,13.338,1.869,13.332,-0.000
aushkul,aushtau_south,analytic,6.0,12.0,-150.0,300.0,857.08,557.08,15.514,15.514,0.085,15.509,0.000
aushkul,aushtau_south,analytic,6.0,12.0,-50.0,1.0,602.33,601.33,3.587,3.587,1.159,3.417,-0.000
aushkul,aushtau_south,analytic,6.0,12.0,-50.0,1.5,602.83,601.33,3.896,3.896,1.255,3.768,0.000
aushkul,aushtau_south,analytic,6.0,12.0,-50.0,2.0,603.33,601.33,4.142,4.142,1.331,4.038,0.000
aushkul,aushtau_south,analytic,6.0,12.0,-50.0,3.0,604.33,601.33,4.531,4.531,1.449,4.454,-0.000
aushkul,aushtau_south,analytic,6.0,12.0,-50.0,5.0,606.33,601.33,5.094,5.094,1.612,5.041,-0.000
aushkul,aushtau_south,analytic,6.0,12.0,-50.0,10.0,611.33,601.33,6.003,6.003,1.850,5.971,0.000
aushkul,aushtau_south,analytic,6.0,12.0,-50.0,30.0,631.33,601.33,7.880,7.880,2.167,7.866,0.000
aushkul,aushtau_south,analytic,6.0,12.0,-50.0,50.0,651.33,601.33,9.008,9.008,2.179,8.998,-0.000
aushkul,aushtau_south,analytic,6.0,12.0,-50.0,100.0,701.33,601.33,10.946,10.946,1.556,10.940,-0.000
aushkul,aushtau_south,analytic,6.0,12.0,-50.0,200.0,801.33,601.33,13.662,13.662,-0.216,13.659,-0.000
aushkul,aushtau_south,analytic,6.0,12.0,-50.0,300.0,901.33,601.33,15.872,15.872,-0.655,15.869,-0.000
aushkul,aushtau_south,analytic,6.0,12.0,-30.0,1.0,609.82,608.82,3.516,3.516,1.063,3.433,0.000
aushkul,aushtau_south,analytic,6.0,12.0,-30.0,1.5,610.32,608.82,3.847,3.847,1.159,3.785,0.000
aushkul,aushtau_south,analytic,6.0,12.0,-30.0,2.0,610.82,608.82,4.107,4.107,1.234,4.057,0.000
aushkul,aushtau_south,analytic,6.0,12.0,-30.0,3.0,611.82,608.82,4.511,4.511,1.347,4.474,-0.000
aushkul,aushtau_south,analytic,6.0,12.0,-30.0,5.0,613.82,608.82,5.089,5.089,1.502,5.064,0.000
aushkul,aushtau_south,analytic,6.0,12.0,-30.0,10.0,618.82,608.82,6.013,6.013,1.720,5.998,0.000
aushkul,aushtau_south,analytic,6.0,12.0,-30.0,30.0,638.82,608.82,7.908,7.908,1.968,7.901,-0.000
aushkul,aushtau_south,analytic,6.0,12.0,-30.0,50.0,658.82,608.82,9.043,9.043,1.880,9.038,0.000
aushkul,aushtau_south,analytic,6.0,12.0,-30.0,100.0,708.82,608.82,10.989,10.989,1.065,10.987,0.000
aushkul,aushtau_south,analytic,6.0,12.0,-30.0,200.0,808.82,608.82,13.716,13.716,-0.440,13.714,0.000
aushkul,aushtau_south,analytic,6.0,12.0,-30.0,300.0,908.82,608.82,15.931,15.931,-0.692,15.930,-0.000
aushkul,aushtau_south,analytic,6.0,12.0,-20.0,1.0,613.42,612.42,3.648,3.648,1.058,3.440,-0.000
aushkul,aushtau_south,analytic,6.0,12.0,-20.0,1.5,613.92,612.42,3.950,3.950,1.142,3.793,0.000
aushkul,aushtau_south,analytic,6.0,12.0,-20.0,2.0,614.42,612.42,4.194,4.194,1.208,4.066,-0.000
aushkul,aushtau_south,analytic,6.0,12.0,-20.0,3.0,615.42,612.42,4.580,4.580,1.311,4.484,-0.000
aushkul,aushtau_south,analytic,6.0,12.0,-20.0,5.0,617.42,612.42,5.141,5.141,1.453,5.075,-0.000
aushkul,aushtau_south,analytic,6.0,12.0,-20.0,10.0,622.42,612.42,6.051,6.051,1.656,6.011,-0.000
aushkul,aushtau_south,analytic,6.0,12.0,-20.0,30.0,642.42,612.42,7.936,7.936,1.832,7.918,-0.000
aushkul,aushtau_south,analytic,6.0,12.0,-20.0,50.0,662.42,612.42,9.069,9.069,1.722,9.057,0.000
aushkul,aushtau_south,analytic,6.0,12.0,-20.0,100.0,712.42,612.42,11.016,11.016,0.798,11.009,-0.000
aushkul,aushtau_south,analytic,6.0,12.0,-20.0,200.0,812.42,612.42,13.745,13.745,-0.541,13.741,0.000
aushkul,aushtau_south,analytic,6.0,12.0,-20.0,300.0,912.42,612.42,15.963,15.963,-0.712,15.959,0.000
aushkul,aushtau_south,analytic,6.0,12.0,-10.0,1.0,616.91,615.91,3.742,3.742,1.033,3.448,0.000
aushkul,aushtau_south,analytic,6.0,12.0,-10.0,1.5,617.41,615.91,4.027,4.027,1.107,3.801,-0.000
aushkul,aushtau_south,analytic,6.0,12.0,-10.0,2.0,617.91,615.91,4.259,4.259,1.167,4.074,0.000
aushkul,aushtau_south,analytic,6.0,12.0,-10.0,3.0,618.91,615.91,4.632,4.632,1.258,4.493,0.000
aushkul,aushtau_south,analytic,6.0,12.0,-10.0,5.0,620.91,615.91,5.182,5.182,1.384,5.085,-0.000
aushkul,aushtau_south,analytic,6.0,12.0,-10.0,10.0,625.91,615.91,6.082,6.082,1.555,6.024,-0.000
aushkul,aushtau_south,analytic,6.0,12.0,-10.0,30.0,645.91,615.91,7.960,7.960,1.691,7.935,0.000
aushkul,aushtau_south,analytic,6.0,12.0,-10.0,50.0,665.91,615.91,9.093,9.093,1.486,9.076,-0.000
aushkul,aushtau_south,analytic,6.0,12.0,-10.0,100.0,715.91,615.91,11.042,11.042,0.540,11.031,-0.000
aushkul,aushtau_south,analytic,6.0,12.0,-10.0,200.0,815.91,615.91,13.773,13.773,-0.607,13.766,0.000
aushkul,aushtau_south,analytic,6.0,12.0,-10.0,300.0,915.91,615.91,15.993,15.993,-0.731,15.988,0.000
aushkul,aushtau_south,analytic,6.0,12.0,0.0,1.0,620.34,619.34,3.994,3.994,1.025,3.455,0.000
aushkul,aushtau_south,analytic,6.0,12.0,0.0,1.5,620.84,619.34,4.233,4.233,1.081,3.809,-0.000
aushkul,aushtau_south,analytic,6.0,12.0,0.0,2.0,621.34,619.34,4.437,4.437,1.128,4.082,-0.000
aushkul,aushtau_south,analytic,6.0,12.0,0.0,3.0,622.34,619.34,4.774,4.774,1.203,4.502,-0.000
aushkul,aushtau_south,analytic,6.0,12.0,0.0,5.0,624.34,619.34,5.287,5.287,1.308,5.096,0.000
aushkul,aushtau_south,analytic,6.0,12.0,0.0,10.0,629.34,619.34,6.153,6.153,1.453,6.036,0.000
aushkul,aushtau_south,analytic,6.0,12.0,0.0,30.0,649.34,619.34,8.003,8.003,1.512,7.951,0.000
aushkul,aushtau_south,analytic,6.0,12.0,0.0,50.0,669.34,619.34,9.130,9.130,1.246,9.094,-0.000
aushkul,aushtau_south,analytic,6.0,12.0,0.0,100.0,719.34,619.34,11.074,11.074,0.283,11.052,-0.000
aushkul,aushtau_south,analytic,6.0,12.0,0.0,200.0,819.34,619.34,13.805,13.805,-0.665,13.792,-0.000
aushkul,aushtau_south,analytic,6.0,12.0,0.0,300.0,919.34,619.34,16.026,16.026,-0.739,16.016,-0.000
aushkul,aushtau_south,analytic,6.0,12.0,100.0,1.0,634.98,633.98,3.824,3.824,-0.043,3.485,-0.000
aushkul,aushtau_south,analytic,6.0,12.0,100.0,1.5,635.48,633.98,4.103,4.103,-0.049,3.842,0.000
aushkul,aushtau_south,analytic,6.0,12.0,100.0,2.0,635.98,633.98,4.333,4.333,-0.056,4.118,0.000
aushkul,aushtau_south,analytic,6.0,12.0,100.0,3.0,636.98,633.98,4.704,4.704,-0.068,4.542,-0.000
aushkul,aushtau_south,analytic,6.0,12.0,100.0,5.0,638.98,633.98,5.253,5.253,-0.094,5.140,-0.000
aushkul,aushtau_south,analytic,6.0,12.0,100.0,10.0,643.98,633.98,6.157,6.157,-0.159,6.089,0.000
aushkul,aushtau_south,analytic,6.0,12.0,100.0,30.0,663.98,633.98,8.050,8.050,-0.395,8.019,0.000
aushkul,aushtau_south,analytic,6.0,12.0,100.0,50.0,683.98,633.98,9.192,9.192,-0.607,9.171,-0.000
aushkul,aushtau_south,analytic,6.0,12.0,100.0,100.0,733.98,633.98,11.157,11.157,-0.865,11.144,-0.000
aushkul,aushtau_south,analytic,6.0,12.0,100.0,200.0,833.98,633.98,13.908,13.908,-0.917,13.900,-0.000
aushkul,aushtau_south,analytic,6.0,12.0,100.0,300.0,933.98,633.98,16.141,16.141,-0.805,16.135,-0.000
aushkul,aushtau_south,analytic,6.0,12.0,300.0,1.0,606.58,605.58,2.399,2.399,-1.042,3.426,-0.000
aushkul,aushtau_south,analytic,6.0,12.0,300.0,1.5,607.08,605.58,2.652,2.652,-1.127,3.778,-0.000
aushkul,aushtau_south,analytic,6.0,12.0,300.0,2.0,607.58,605.58,2.868,2.868,-1.193,4.049,0.000
aushkul,aushtau_south,analytic,6.0,12.0,300.0,3.0,608.58,605.58,3.234,3.234,-1.293,4.465,0.000
aushkul,aushtau_south,analytic,6.0,12.0,300.0,5.0,610.58,605.58,3.823,3.823,-1.428,5.054,-0.000
aushkul,aushtau_south,analytic,6.0,12.0,300.0,10.0,615.58,605.58,4.901,4.901,-1.607,5.986,-0.000
aushkul,aushtau_south,analytic,6.0,12.0,300.0,30.0,635.58,605.58,7.301,7.301,-2.136,7.886,-0.000
aushkul,aushtau_south,analytic,6.0,12.0,300.0,50.0,655.58,605.58,8.842,8.842,-1.542,9.021,-0.000
aushkul,aushtau_south,analytic,6.0,12.0,300.0,100.0,705.58,605.58,10.972,10.972,-1.584,10.966,0.000
aushkul,aushtau_south,analytic,6.0,12.0,300.0,200.0,805.58,605.58,13.694,13.694,-1.230,13.690,-0.000
aushkul,aushtau_south,analytic,6.0,12.0,300.0,300.0,905.58,605.58,15.906,15.906,-0.872,15.904,-0.000
aushkul,aushtau_south,analytic,10.0,12.0,-3000.0,1.0,423.18,422.18,1.540,1.540,-1.736,5.077,-0.000
aushkul,aushtau_south,analytic,10.0,12.0,-3000.0,1.5,423.68,422.18,1.773,1.773,-1.894,5.598,-0.000
aushkul,aushtau_south,analytic,10.0,12.0,-3000.0,2.0,424.18,422.18,1.980,1.980,-2.010,6.000,-0.000
aushkul,aushtau_south,analytic,10.0,12.0,-3000.0,3.0,425.18,422.18,2.354,2.354,-2.171,6.618,0.000
aushkul,aushtau_south,analytic,10.0,12.0,-3000.0,5.0,427.18,422.18,3.033,3.033,-2.356,7.491,0.000
aushkul,aushtau_south,analytic,10.0,12.0,-3000.0,10.0,432.18,422.18,4.571,4.571,-2.490,8.877,-0.000
aushkul,aushtau_south,analytic,10.0,12.0,-3000.0,30.0,452.18,422.18,9.642,9.642,-1.690,11.711,0.000
aushkul,aushtau_south,analytic,10.0,12.0,-3000.0,50.0,472.18,422.18,13.416,13.416,-0.258,13.416,0.000
aushkul,aushtau_south,analytic,10.0,12.0,-3000.0,100.0,522.18,422.18,16.365,16.365,-0.264,16.365,0.000
aushkul,aushtau_south,analytic,10.0,12.0,-3000.0,200.0,622.18,422.18,20.558,20.558,-0.142,20.558,0.000
aushkul,aushtau_south,analytic,10.0,12.0,-3000.0,300.0,722.18,422.18,24.017,24.017,-0.092,24.017,0.000
aushkul,aushtau_south,analytic,10.0,12.0,-1000.0,1.0,416.41,415.41,5.000,5.000,0.231,5.054,0.000
aushkul,aushtau_south,analytic,10.0,12.0,-1000.0,1.5,416.91,415.41,5.521,5.521,0.257,5.572,0.000
aushkul,aushtau_south,analytic,10.0,12.0,-1000.0,2.0,417.41,415.41,5.924,5.924,0.279,5.973,-0.000
aushkul,aushtau_south,analytic,10.0,12.0,-1000.0,3.0,418.41,415.41,6.540,6.540,0.316,6.587,-0.000
aushkul,aushtau_south,analytic,10.0,12.0,-1000.0,5.0,420.41,415.41,7.409,7.409,0.369,7.457,0.000
aushkul,aushtau_south,analytic,10.0,12.0,-1000.0,10.0,425.41,415.41,8.787,8.787,0.465,8.836,0.000
aushkul,aushtau_south,analytic,10.0,12.0,-1000.0,30.0,445.41,415.41,11.630,11.630,0.660,11.659,0.000
aushkul,aushtau_south,analytic,10.0,12.0,-1000.0,50.0,465.41,415.41,13.356,13.356,0.725,13.356,0.000
aushkul,aushtau_south,analytic,10.0,12.0,-1000.0,100.0,515.41,415.41,16.294,16.294,0.226,16.294,-0.000
aushkul,aushtau_south,analytic,10.0,12.0,-1000.0,200.0,615.41,415.41,20.475,20.475,-0.482,20.475,0.000
aushkul,aushtau_south,analytic,10.0,12.0,-1000.0,300.0,715.41,415.41,23.925,23.925,0.285,23.925,-0.000
aushkul,aushtau_south,analytic,10.0,12.0,-300.0,1.0,492.29,491.29,5.351,5.351,1.689,5.316,-0.000
aushkul,aushtau_south,analytic,10.0,12.0,-300.0,1.5,492.79,491.29,5.887,5.887,1.857,5.861,-0.000
aushkul,aushtau_south,analytic,10.0,12.0,-300.0,2.0,493.29,491.29,6.303,6.303,1.988,6.282,-0.000
aushkul,aushtau_south,analytic,10.0,12.0,-300.0,3.0,494.29,491.29,6.944,6.944,2.189,6.928,-0.000
aushkul,aushtau_south,analytic,10.0,12.0,-300.0,5.0,496.29,491.29,7.853,7.853,2.473,7.842,-0.000
aushkul,aushtau_south,analytic,10.0,12.0,-300.0,10.0,501.29,491.29,9.298,9.298,2.920,9.292,-0.000
aushkul,aushtau_south,analytic,10.0,12.0,-300.0,30.0,521.29,491.29,12.254,12.254,3.778,12.251,0.000
aushkul,aushtau_south,analytic,10.0,12.0,-300.0,50.0,541.29,491.29,14.028,14.028,4.219,14.026,0.000
aushkul,aushtau_south,analytic,10.0,12.0,-300.0,100.0,591.29,491.29,17.087,17.087,4.846,17.086,0.000
aushkul,aushtau_south,analytic,10.0,12.0,-300.0,200.0,691.29,491.29,21.410,21.410,5.218,21.409,0.000
aushkul,aushtau_south,analytic,10.0,12.0,-300.0,300.0,791.29,491.29,24.955,24.955,3.846,24.955,0.000
aushkul,aushtau_south,analytic,10.0,12.0,-150.0,1.0,558.08,557.08,6.013,6.013,2.470,5.543,0.000
aushkul,aushtau_south,analytic,10.0,12.0,-150.0,1.5,558.58,557.08,6.471,6.471,2.654,6.111,0.000
aushkul,aushtau_south,analytic,10.0,12.0,-150.0,2.0,559.08,557.08,6.846,6.846,2.803,6.550,-0.000
aushkul,aushtau_south,analytic,10.0,12.0,-150.0,3.0,560.08,557.08,7.446,7.446,3.040,7.224,-0.000
aushkul,aushtau_south,analytic,10.0,12.0,-150.0,5.0,562.08,557.08,8.330,8.330,3.381,8.177,-0.000
aushkul,aushtau_south,analytic,10.0,12.0,-150.0,10.0,567.08,557.08,9.779,9.779,3.909,9.686,0.000
aushkul,aushtau_south,analytic,10.0,12.0,-150.0,30.0,587.08,557.08,12.806,12.806,4.765,12.765,-0.000
aushkul,aushtau_south,analytic,10.0,12.0,-150.0,50.0,607.08,557.08,14.635,14.635,4.991,14.607,-0.000
aushkul,aushtau_south,analytic,10.0,12.0,-150.0,100.0,657.08,557.08,17.789,17.789,4.748,17.772,0.000
aushkul,aushtau_south,analytic,10.0,12.0,-150.0,200.0,757.08,557.08,22.230,22.230,3.114,22.219,-0.000
aushkul,aushtau_south,analytic,10.0,12.0,-150.0,300.0,857.08,557.08,25.856,25.856,0.141,25.848,0.000
aushkul,aushtau_south,analytic,10.0,12.0,-50.0,1.0,602.33,601.33,5.978,5.978,1.932,5.696,0.000
aushkul,aushtau_south,analytic,10.0,12.0,-50.0,1.5,602.83,601.33,6.493,6.493,2.092,6.280,0.000
aushkul,aushtau_south,analytic,10.0,12.0,-50.0,2.0,603.33,601.33,6.904,6.904,2.219,6.731,0.000
aushkul,aushtau_south,analytic,10.0,12.0,-50.0,3.0,604.33,601.33,7.552,7.552,2.415,7.423,0.000
aushkul,aushtau_south,analytic,10.0,12.0,-50.0,5.0,606.33,601.33,8.490,8.490,2.686,8.401,-0.000
aushkul,aushtau_south,analytic,10.0,12.0,-50.0,10.0,611.33,601.33,10.005,10.005,3.084,9.952,-0.000
aushkul,aushtau_south,analytic,10.0,12.0,-50.0,30.0,631.33,601.33,13.134,13.134,3.612,13.111,0.000
aushkul,aushtau_south,analytic,10.0,12.0,-50.0,50.0,651.33,601.33,15.013,15.013,3.632,14.997,-0.000
aushkul,aushtau_south,analytic,10.0,12.0,-50.0,100.0,701.33,601.33,18.243,18.243,2.593,18.233,0.000
aushkul,aushtau_south,analytic,10.0,12.0,-50.0,200.0,801.33,601.33,22.770,22.770,-0.359,22.764,-0.000
aushkul,aushtau_south,analytic,10.0,12.0,-50.0,300.0,901.33,601.33,26.453,26.453,-1.092,26.448,0.000
aushkul,aushtau_south,analytic,10.0,12.0,-30.0,1.0,609.82,608.82,5.860,5.860,1.772,5.722,-0.000
aushkul,aushtau_south,analytic,10.0,12.0,-30.0,1.5,610.32,608.82,6.411,6.411,1.932,6.308,0.000
aushkul,aushtau_south,analytic,10.0,12.0,-30.0,2.0,610.82,608.82,6.844,6.844,2.057,6.761,0.000
aushkul,aushtau_south,analytic,10.0,12.0,-30.0,3.0,611.82,608.82,7.518,7.518,2.246,7.457,0.000
aushkul,aushtau_south,analytic,10.0,12.0,-30.0,5.0,613.82,608.82,8.481,8.481,2.503,8.439,-0.000
aushkul,aushtau_south,analytic,10.0,12.0,-30.0,10.0,618.82,608.82,10.022,10.022,2.867,9.997,-0.000
aushkul,aushtau_south,analytic,10.0,12.0,-30.0,30.0,638.82,608.82,13.180,13.180,3.281,13.169,0.000
aushkul,aushtau_south,analytic,10.0,12.0,-30.0,50.0,658.82,608.82,15.071,15.071,3.133,15.063,0.000
aushkul,aushtau_south,analytic,10.0,12.0,-30.0,100.0,708.82,608.82,18.316,18.316,1.774,18.311,0.000
aushkul,aushtau_south,analytic,10.0,12.0,-30.0,200.0,808.82,608.82,22.859,22.859,-0.733,22.857,-0.000
aushkul,aushtau_south,analytic,10.0,12.0,-30.0,300.0,908.82,608.82,26.552,26.552,-1.153,26.550,-0.000
aushkul,aushtau_south,analytic,10.0,12.0,-20.0,1.0,613.42,612.42,6.080,6.080,1.763,5.734,-0.000
aushkul,aushtau_south,analytic,10.0,12.0,-20.0,1.5,613.92,612.42,6.584,6.584,1.903,6.322,-0.000
aushkul,aushtau_south,analytic,10.0,12.0,-20.0,2.0,614.42,612.42,6.990,6.990,2.014,6.776,-0.000
aushkul,aushtau_south,analytic,10.0,12.0,-20.0,3.0,615.42,612.42,7.633,7.633,2.185,7.473,0.000
aushkul,aushtau_south,analytic,10.0,12.0,-20.0,5.0,617.42,612.42,8.568,8.568,2.422,8.458,-0.000
aushkul,aushtau_south,analytic,10.0,12.0,-20.0,10.0,622.42,612.42,10.084,10.084,2.760,10.018,-0.000
aushkul,aushtau_south,analytic,10.0,12.0,-20.0,30.0,642.42,612.42,13.226,13.226,3.053,13.197,-0.000
aushkul,aushtau_south,analytic,10.0,12.0,-20.0,50.0,662.42,612.42,15.115,15.115,2.870,15.095,-0.000
aushkul,aushtau_south,analytic,10.0,12.0,-20.0,100.0,712.42,612.42,18.361,18.361,1.331,18.349,0.000
aushkul,aushtau_south,analytic,10.0,12.0,-20.0,200.0,812.42,612.42,22.908,22.908,-0.902,22.901,-0.000
aushkul,aushtau_south,analytic,10.0,12.0,-20.0,300.0,912.42,612.42,26.605,26.605,-1.187,26.599,0.000
aushkul,aushtau_south,analytic,10.0,12.0,-10.0,1.0,616.91,615.91,6.237,6.237,1.722,5.746,0.000
aushkul,aushtau_south,analytic,10.0,12.0,-10.0,1.5,617.41,615.91,6.711,6.711,1.846,6.335,0.000
aushkul,aushtau_south,analytic,10.0,12.0,-10.0,2.0,617.91,615.91,7.099,7.099,1.944,6.790,0.000
aushkul,aushtau_south,analytic,10.0,12.0,-10.0,3.0,618.91,615.91,7.721,7.721,2.097,7.489,0.000
aushkul,aushtau_south,analytic,10.0,12.0,-10.0,5.0,620.91,615.91,8.636,8.636,2.306,8.475,-0.000
aushkul,aushtau_south,analytic,10.0,12.0,-10.0,10.0,625.91,615.91,10.136,10.136,2.592,10.039,-0.000
aushkul,aushtau_south,analytic,10.0,12.0,-10.0,30.0,645.91,615.91,13.267,13.267,2.818,13.225,0.000
aushkul,aushtau_south,analytic,10.0,12.0,-10.0,50.0,665.91,615.91,15.155,15.155,2.477,15.126,0.000
aushkul,aushtau_south,analytic,10.0,12.0,-10.0,100.0,715.91,615.91,18.403,18.403,0.900,18.385,0.000
aushkul,aushtau_south,analytic,10.0,12.0,-10.0,200.0,815.91,615.91,22.955,22.955,-1.011,22.944,-0.000
aushkul,aushtau_south,analytic,10.0,12.0,-10.0,300.0,915.91,615.91,26.655,26.655,-1.219,26.646,-0.000
aushkul,aushtau_south,analytic,10.0,12.0,0.0,1.0,620.34,619.34,6.656,6.656,1.708,5.758,0.000
aushkul,aushtau_south,analytic,10.0,12.0,0.0,1.5,620.84,619.34,7.056,7.056,1.802,6.348,0.000
aushkul,aushtau_south,analytic,10.0,12.0,0.0,2.0,621.34,619.34,7.395,7.395,1.880,6.804,-0.000
aushkul,aushtau_south,analytic,10.0,12.0,0.0,3.0,622.34,619.34,7.957,7.957,2.005,7.504,0.000
aushkul,aushtau_south,analytic,10.0,12.0,0.0,5.0,624.34,619.34,8.812,8.812,2.180,8.493,-0.000
aushkul,aushtau_south,analytic,10.0,12.0,0.0,10.0,629.34,619.34,10.254,10.254,2.422,10.060,-0.000
aushkul,aushtau_south,analytic,10.0,12.0,0.0,30.0,649.34,619.34,13.338,13.338,2.520,13.251,-0.000
aushkul,aushtau_south,analytic,10.0,12.0,0.0,50.0,669.34,619.34,15.216,15.216,2.077,15.156,0.000
aushkul,aushtau_south,analytic,10.0,12.0,0.0,100.0,719.34,619.34,18.457,18.457,0.472,18.421,0.000
aushkul,aushtau_south,analytic,10.0,12.0,0.0,200.0,819.34,619.34,23.009,23.009,-1.109,22.986,0.000
aushkul,aushtau_south,analytic,10.0,12.0,0.0,300.0,919.34,619.34,26.710,26.710,-1.231,26.693,0.000
aushkul,aushtau_south,analytic,10.0,12.0,100.0,1.0,634.98,633.98,6.373,6.373,-0.071,5.808,0.000
aushkul,aushtau_south,analytic,10.0,12.0,100.0,1.5,635.48,633.98,6.839,6.839,-0.082,6.404,0.000
aushkul,aushtau_south,analytic,10.0,12.0,100.0,2.0,635.98,633.98,7.222,7.222,-0.093,6.864,0.000
aushkul,aushtau_south,analytic,10.0,12.0,100.0,3.0,636.98,633.98,7.840,7.840,-0.114,7.570,0.000
aushkul,aushtau_south,analytic,10.0,12.0,100.0,5.0,638.98,633.98,8.755,8.755,-0.156,8.567,-0.000
aushkul,aushtau_south,analytic,10.0,12.0,100.0,10.0,643.98,633.98,10.261,10.261,-0.266,10.148,0.000
aushkul,aushtau_south,analytic,10.0,12.0,100.0,30.0,663.98,633.98,13.416,13.416,-0.658,13.366,0.000
aushkul,aushtau_south,analytic,10.0,12.0,100.0,50.0,683.98,633.98,15.320,15.320,-1.011,15.286,0.000
aushkul,aushtau_south,analytic,10.0,12.0,100.0,100.0,733.98,633.98,18.594,18.594,-1.442,18.573,-0.000
aushkul,aushtau_south,analytic,10.0,12.0,100.0,200.0,833.98,633.98,23.180,23.180,-1.529,23.166,0.000
aushkul,aushtau_south,analytic,10.0,12.0,100.0,300.0,933.98,633.98,26.902,26.902,-1.342,26.891,-0.000
aushkul,aushtau_south,analytic,10.0,12.0,300.0,1.0,606.58,605.58,3.998,3.998,-1.736,5.710,0.000
aushkul,aushtau_south,analytic,10.0,12.0,300.0,1.5,607.08,605.58,4.421,4.421,-1.878,6.296,0.000
aushkul,aushtau_south,analytic,10.0,12.0,300.0,2.0,607.58,605.58,4.780,4.780,-1.988,6.748,-0.000
aushkul,aushtau_south,analytic,10.0,12.0,300.0,3.0,608.58,605.58,5.390,5.390,-2.156,7.442,0.000
aushkul,aushtau_south,analytic,10.0,12.0,300.0,5.0,610.58,605.58,6.372,6.372,-2.381,8.423,0.000
aushkul,aushtau_south,analytic,10.0,12.0,300.0,10.0,615.58,605.58,8.169,8.169,-2.679,9.977,0.000
aushkul,aushtau_south,analytic,10.0,12.0,300.0,30.0,635.58,605.58,12.169,12.169,-3.561,13.144,0.000
aushkul,aushtau_south,analytic,10.0,12.0,300.0,50.0,655.58,605.58,14.736,14.736,-2.569,15.035,0.000
aushkul,aushtau_south,analytic,10.0,12.0,300.0,100.0,705.58,605.58,18.287,18.287,-2.639,18.277,-0.000
aushkul,aushtau_south,analytic,10.0,12.0,300.0,200.0,805.58,605.58,22.823,22.823,-2.049,22.817,-0.000
aushkul,aushtau_south,analytic,10.0,12.0,300.0,300.0,905.58,605.58,26.511,26.511,-1.453,26.506,0.000
aushkul,ridge_west,analytic,0.0,12.0,-3000.0,1.0,437.29,436.29,0.000,0.000,0.000,0.000,0.000
aushkul,ridge_west,analytic,0.0,12.0,-3000.0,1.5,437.79,436.29,0.000,0.000,0.000,0.000,0.000
aushkul,ridge_west,analytic,0.0,12.0,-3000.0,2.0,438.29,436.29,0.000,0.000,0.000,0.000,0.000
aushkul,ridge_west,analytic,0.0,12.0,-3000.0,3.0,439.29,436.29,0.000,0.000,0.000,0.000,0.000
aushkul,ridge_west,analytic,0.0,12.0,-3000.0,5.0,441.29,436.29,0.000,0.000,0.000,0.000,0.000
aushkul,ridge_west,analytic,0.0,12.0,-3000.0,10.0,446.29,436.29,0.000,0.000,0.000,0.000,0.000
aushkul,ridge_west,analytic,0.0,12.0,-3000.0,30.0,466.29,436.29,0.000,0.000,0.000,0.000,0.000
aushkul,ridge_west,analytic,0.0,12.0,-3000.0,50.0,486.29,436.29,0.000,0.000,0.000,0.000,0.000
aushkul,ridge_west,analytic,0.0,12.0,-3000.0,100.0,536.29,436.29,0.000,0.000,0.000,0.000,0.000
aushkul,ridge_west,analytic,0.0,12.0,-3000.0,200.0,636.29,436.29,0.000,0.000,0.000,0.000,0.000
aushkul,ridge_west,analytic,0.0,12.0,-3000.0,300.0,736.29,436.29,0.000,0.000,0.000,0.000,0.000
aushkul,ridge_west,analytic,0.0,12.0,-1000.0,1.0,469.97,468.97,0.000,0.000,0.000,0.000,0.000
aushkul,ridge_west,analytic,0.0,12.0,-1000.0,1.5,470.47,468.97,0.000,0.000,0.000,0.000,0.000
aushkul,ridge_west,analytic,0.0,12.0,-1000.0,2.0,470.97,468.97,0.000,0.000,0.000,0.000,0.000
aushkul,ridge_west,analytic,0.0,12.0,-1000.0,3.0,471.97,468.97,0.000,0.000,0.000,0.000,0.000
aushkul,ridge_west,analytic,0.0,12.0,-1000.0,5.0,473.97,468.97,0.000,0.000,0.000,0.000,0.000
aushkul,ridge_west,analytic,0.0,12.0,-1000.0,10.0,478.97,468.97,0.000,0.000,0.000,0.000,0.000
aushkul,ridge_west,analytic,0.0,12.0,-1000.0,30.0,498.97,468.97,0.000,0.000,0.000,0.000,0.000
aushkul,ridge_west,analytic,0.0,12.0,-1000.0,50.0,518.97,468.97,0.000,0.000,0.000,0.000,0.000
aushkul,ridge_west,analytic,0.0,12.0,-1000.0,100.0,568.97,468.97,0.000,0.000,0.000,0.000,0.000
aushkul,ridge_west,analytic,0.0,12.0,-1000.0,200.0,668.97,468.97,0.000,0.000,0.000,0.000,0.000
aushkul,ridge_west,analytic,0.0,12.0,-1000.0,300.0,768.97,468.97,0.000,0.000,0.000,0.000,0.000
aushkul,ridge_west,analytic,0.0,12.0,-300.0,1.0,481.69,480.69,0.000,0.000,0.000,0.000,0.000
aushkul,ridge_west,analytic,0.0,12.0,-300.0,1.5,482.19,480.69,0.000,0.000,0.000,0.000,0.000
aushkul,ridge_west,analytic,0.0,12.0,-300.0,2.0,482.69,480.69,0.000,0.000,0.000,0.000,0.000
aushkul,ridge_west,analytic,0.0,12.0,-300.0,3.0,483.69,480.69,0.000,0.000,0.000,0.000,0.000
aushkul,ridge_west,analytic,0.0,12.0,-300.0,5.0,485.69,480.69,0.000,0.000,0.000,0.000,0.000
aushkul,ridge_west,analytic,0.0,12.0,-300.0,10.0,490.69,480.69,0.000,0.000,0.000,0.000,0.000
aushkul,ridge_west,analytic,0.0,12.0,-300.0,30.0,510.69,480.69,0.000,0.000,0.000,0.000,0.000
aushkul,ridge_west,analytic,0.0,12.0,-300.0,50.0,530.69,480.69,0.000,0.000,0.000,0.000,0.000
aushkul,ridge_west,analytic,0.0,12.0,-300.0,100.0,580.69,480.69,0.000,0.000,0.000,0.000,0.000
aushkul,ridge_west,analytic,0.0,12.0,-300.0,200.0,680.69,480.69,0.000,0.000,0.000,0.000,0.000
aushkul,ridge_west,analytic,0.0,12.0,-300.0,300.0,780.69,480.69,0.000,0.000,0.000,0.000,0.000
aushkul,ridge_west,analytic,0.0,12.0,-150.0,1.0,485.71,484.71,0.000,0.000,0.000,0.000,0.000
aushkul,ridge_west,analytic,0.0,12.0,-150.0,1.5,486.21,484.71,0.000,0.000,0.000,0.000,0.000
aushkul,ridge_west,analytic,0.0,12.0,-150.0,2.0,486.71,484.71,0.000,0.000,0.000,0.000,0.000
aushkul,ridge_west,analytic,0.0,12.0,-150.0,3.0,487.71,484.71,0.000,0.000,0.000,0.000,0.000
aushkul,ridge_west,analytic,0.0,12.0,-150.0,5.0,489.71,484.71,0.000,0.000,0.000,0.000,0.000
aushkul,ridge_west,analytic,0.0,12.0,-150.0,10.0,494.71,484.71,0.000,0.000,0.000,0.000,0.000
aushkul,ridge_west,analytic,0.0,12.0,-150.0,30.0,514.71,484.71,0.000,0.000,0.000,0.000,0.000
aushkul,ridge_west,analytic,0.0,12.0,-150.0,50.0,534.71,484.71,0.000,0.000,0.000,0.000,0.000
aushkul,ridge_west,analytic,0.0,12.0,-150.0,100.0,584.71,484.71,0.000,0.000,0.000,0.000,0.000
aushkul,ridge_west,analytic,0.0,12.0,-150.0,200.0,684.71,484.71,0.000,0.000,0.000,0.000,0.000
aushkul,ridge_west,analytic,0.0,12.0,-150.0,300.0,784.71,484.71,0.000,0.000,0.000,0.000,0.000
aushkul,ridge_west,analytic,0.0,12.0,-50.0,1.0,506.34,505.34,0.000,0.000,0.000,0.000,0.000
aushkul,ridge_west,analytic,0.0,12.0,-50.0,1.5,506.84,505.34,0.000,0.000,0.000,0.000,0.000
aushkul,ridge_west,analytic,0.0,12.0,-50.0,2.0,507.34,505.34,0.000,0.000,0.000,0.000,0.000
aushkul,ridge_west,analytic,0.0,12.0,-50.0,3.0,508.34,505.34,0.000,0.000,0.000,0.000,0.000
aushkul,ridge_west,analytic,0.0,12.0,-50.0,5.0,510.34,505.34,0.000,0.000,0.000,0.000,0.000
aushkul,ridge_west,analytic,0.0,12.0,-50.0,10.0,515.34,505.34,0.000,0.000,0.000,0.000,0.000
aushkul,ridge_west,analytic,0.0,12.0,-50.0,30.0,535.34,505.34,0.000,0.000,0.000,0.000,0.000
aushkul,ridge_west,analytic,0.0,12.0,-50.0,50.0,555.34,505.34,0.000,0.000,0.000,0.000,0.000
aushkul,ridge_west,analytic,0.0,12.0,-50.0,100.0,605.34,505.34,0.000,0.000,0.000,0.000,0.000
aushkul,ridge_west,analytic,0.0,12.0,-50.0,200.0,705.34,505.34,0.000,0.000,0.000,0.000,0.000
aushkul,ridge_west,analytic,0.0,12.0,-50.0,300.0,805.34,505.34,0.000,0.000,0.000,0.000,0.000
aushkul,ridge_west,analytic,0.0,12.0,-30.0,1.0,513.39,512.39,0.000,0.000,0.000,0.000,0.000
aushkul,ridge_west,analytic,0.0,12.0,-30.0,1.5,513.89,512.39,0.000,0.000,0.000,0.000,0.000
aushkul,ridge_west,analytic,0.0,12.0,-30.0,2.0,514.39,512.39,0.000,0.000,0.000,0.000,0.000
aushkul,ridge_west,analytic,0.0,12.0,-30.0,3.0,515.39,512.39,0.000,0.000,0.000,0.000,0.000
aushkul,ridge_west,analytic,0.0,12.0,-30.0,5.0,517.39,512.39,0.000,0.000,0.000,0.000,0.000
aushkul,ridge_west,analytic,0.0,12.0,-30.0,10.0,522.39,512.39,0.000,0.000,0.000,0.000,0.000
aushkul,ridge_west,analytic,0.0,12.0,-30.0,30.0,542.39,512.39,0.000,0.000,0.000,0.000,0.000
aushkul,ridge_west,analytic,0.0,12.0,-30.0,50.0,562.39,512.39,0.000,0.000,0.000,0.000,0.000
aushkul,ridge_west,analytic,0.0,12.0,-30.0,100.0,612.39,512.39,0.000,0.000,0.000,0.000,0.000
aushkul,ridge_west,analytic,0.0,12.0,-30.0,200.0,712.39,512.39,0.000,0.000,0.000,0.000,0.000
aushkul,ridge_west,analytic,0.0,12.0,-30.0,300.0,812.39,512.39,0.000,0.000,0.000,0.000,0.000
aushkul,ridge_west,analytic,0.0,12.0,-20.0,1.0,516.73,515.73,0.000,0.000,0.000,0.000,0.000
aushkul,ridge_west,analytic,0.0,12.0,-20.0,1.5,517.23,515.73,0.000,0.000,0.000,0.000,0.000
aushkul,ridge_west,analytic,0.0,12.0,-20.0,2.0,517.73,515.73,0.000,0.000,0.000,0.000,0.000
aushkul,ridge_west,analytic,0.0,12.0,-20.0,3.0,518.73,515.73,0.000,0.000,0.000,0.000,0.000
aushkul,ridge_west,analytic,0.0,12.0,-20.0,5.0,520.73,515.73,0.000,0.000,0.000,0.000,0.000
aushkul,ridge_west,analytic,0.0,12.0,-20.0,10.0,525.73,515.73,0.000,0.000,0.000,0.000,0.000
aushkul,ridge_west,analytic,0.0,12.0,-20.0,30.0,545.73,515.73,0.000,0.000,0.000,0.000,0.000
aushkul,ridge_west,analytic,0.0,12.0,-20.0,50.0,565.73,515.73,0.000,0.000,0.000,0.000,0.000
aushkul,ridge_west,analytic,0.0,12.0,-20.0,100.0,615.73,515.73,0.000,0.000,0.000,0.000,0.000
aushkul,ridge_west,analytic,0.0,12.0,-20.0,200.0,715.73,515.73,0.000,0.000,0.000,0.000,0.000
aushkul,ridge_west,analytic,0.0,12.0,-20.0,300.0,815.73,515.73,0.000,0.000,0.000,0.000,0.000
aushkul,ridge_west,analytic,0.0,12.0,-10.0,1.0,519.84,518.84,0.000,0.000,0.000,0.000,0.000
aushkul,ridge_west,analytic,0.0,12.0,-10.0,1.5,520.34,518.84,0.000,0.000,0.000,0.000,0.000
aushkul,ridge_west,analytic,0.0,12.0,-10.0,2.0,520.84,518.84,0.000,0.000,0.000,0.000,0.000
aushkul,ridge_west,analytic,0.0,12.0,-10.0,3.0,521.84,518.84,0.000,0.000,0.000,0.000,0.000
aushkul,ridge_west,analytic,0.0,12.0,-10.0,5.0,523.84,518.84,0.000,0.000,0.000,0.000,0.000
aushkul,ridge_west,analytic,0.0,12.0,-10.0,10.0,528.84,518.84,0.000,0.000,0.000,0.000,0.000
aushkul,ridge_west,analytic,0.0,12.0,-10.0,30.0,548.84,518.84,0.000,0.000,0.000,0.000,0.000
aushkul,ridge_west,analytic,0.0,12.0,-10.0,50.0,568.84,518.84,0.000,0.000,0.000,0.000,0.000
aushkul,ridge_west,analytic,0.0,12.0,-10.0,100.0,618.84,518.84,0.000,0.000,0.000,0.000,0.000
aushkul,ridge_west,analytic,0.0,12.0,-10.0,200.0,718.84,518.84,0.000,0.000,0.000,0.000,0.000
aushkul,ridge_west,analytic,0.0,12.0,-10.0,300.0,818.84,518.84,0.000,0.000,0.000,0.000,0.000
aushkul,ridge_west,analytic,0.0,12.0,0.0,1.0,522.97,521.97,0.000,0.000,0.000,0.000,0.000
aushkul,ridge_west,analytic,0.0,12.0,0.0,1.5,523.47,521.97,0.000,0.000,0.000,0.000,0.000
aushkul,ridge_west,analytic,0.0,12.0,0.0,2.0,523.97,521.97,0.000,0.000,0.000,0.000,0.000
aushkul,ridge_west,analytic,0.0,12.0,0.0,3.0,524.97,521.97,0.000,0.000,0.000,0.000,0.000
aushkul,ridge_west,analytic,0.0,12.0,0.0,5.0,526.97,521.97,0.000,0.000,0.000,0.000,0.000
aushkul,ridge_west,analytic,0.0,12.0,0.0,10.0,531.97,521.97,0.000,0.000,0.000,0.000,0.000
aushkul,ridge_west,analytic,0.0,12.0,0.0,30.0,551.97,521.97,0.000,0.000,0.000,0.000,0.000
aushkul,ridge_west,analytic,0.0,12.0,0.0,50.0,571.97,521.97,0.000,0.000,0.000,0.000,0.000
aushkul,ridge_west,analytic,0.0,12.0,0.0,100.0,621.97,521.97,0.000,0.000,0.000,0.000,0.000
aushkul,ridge_west,analytic,0.0,12.0,0.0,200.0,721.97,521.97,0.000,0.000,0.000,0.000,0.000
aushkul,ridge_west,analytic,0.0,12.0,0.0,300.0,821.97,521.97,0.000,0.000,0.000,0.000,0.000
aushkul,ridge_west,analytic,0.0,12.0,100.0,1.0,522.06,521.06,0.000,0.000,0.000,0.000,0.000
aushkul,ridge_west,analytic,0.0,12.0,100.0,1.5,522.56,521.06,0.000,0.000,0.000,0.000,0.000
aushkul,ridge_west,analytic,0.0,12.0,100.0,2.0,523.06,521.06,0.000,0.000,0.000,0.000,0.000
aushkul,ridge_west,analytic,0.0,12.0,100.0,3.0,524.06,521.06,0.000,0.000,0.000,0.000,0.000
aushkul,ridge_west,analytic,0.0,12.0,100.0,5.0,526.06,521.06,0.000,0.000,0.000,0.000,0.000
aushkul,ridge_west,analytic,0.0,12.0,100.0,10.0,531.06,521.06,0.000,0.000,0.000,0.000,0.000
aushkul,ridge_west,analytic,0.0,12.0,100.0,30.0,551.06,521.06,0.000,0.000,0.000,0.000,0.000
aushkul,ridge_west,analytic,0.0,12.0,100.0,50.0,571.06,521.06,0.000,0.000,0.000,0.000,0.000
aushkul,ridge_west,analytic,0.0,12.0,100.0,100.0,621.06,521.06,0.000,0.000,0.000,0.000,0.000
aushkul,ridge_west,analytic,0.0,12.0,100.0,200.0,721.06,521.06,0.000,0.000,0.000,0.000,0.000
aushkul,ridge_west,analytic,0.0,12.0,100.0,300.0,821.06,521.06,0.000,0.000,0.000,0.000,0.000
aushkul,ridge_west,analytic,0.0,12.0,300.0,1.0,488.33,487.33,0.000,0.000,0.000,0.000,0.000
aushkul,ridge_west,analytic,0.0,12.0,300.0,1.5,488.83,487.33,0.000,0.000,0.000,0.000,0.000
aushkul,ridge_west,analytic,0.0,12.0,300.0,2.0,489.33,487.33,0.000,0.000,0.000,0.000,0.000
aushkul,ridge_west,analytic,0.0,12.0,300.0,3.0,490.33,487.33,0.000,0.000,0.000,0.000,0.000
aushkul,ridge_west,analytic,0.0,12.0,300.0,5.0,492.33,487.33,0.000,0.000,0.000,0.000,0.000
aushkul,ridge_west,analytic,0.0,12.0,300.0,10.0,497.33,487.33,0.000,0.000,0.000,0.000,0.000
aushkul,ridge_west,analytic,0.0,12.0,300.0,30.0,517.33,487.33,0.000,0.000,0.000,0.000,0.000
aushkul,ridge_west,analytic,0.0,12.0,300.0,50.0,537.33,487.33,0.000,0.000,0.000,0.000,0.000
aushkul,ridge_west,analytic,0.0,12.0,300.0,100.0,587.33,487.33,0.000,0.000,0.000,0.000,0.000
aushkul,ridge_west,analytic,0.0,12.0,300.0,200.0,687.33,487.33,0.000,0.000,0.000,0.000,0.000
aushkul,ridge_west,analytic,0.0,12.0,300.0,300.0,787.33,487.33,0.000,0.000,0.000,0.000,0.000
aushkul,ridge_west,analytic,3.0,12.0,-3000.0,1.0,437.29,436.29,1.617,1.617,-0.292,2.200,-0.000
aushkul,ridge_west,analytic,3.0,12.0,-3000.0,1.5,437.79,436.29,1.702,1.702,-0.303,2.303,-0.000
aushkul,ridge_west,analytic,3.0,12.0,-3000.0,2.0,438.29,436.29,1.769,1.769,-0.310,2.379,0.000
aushkul,ridge_west,analytic,3.0,12.0,-3000.0,3.0,439.29,436.29,1.873,1.873,-0.319,2.492,-0.000
aushkul,ridge_west,analytic,3.0,12.0,-3000.0,5.0,441.29,436.29,2.027,2.027,-0.327,2.642,-0.000
aushkul,ridge_west,analytic,3.0,12.0,-3000.0,10.0,446.29,436.29,2.299,2.299,-0.324,2.864,0.000
aushkul,ridge_west,analytic,3.0,12.0,-3000.0,30.0,466.29,436.29,2.999,2.999,-0.214,3.279,-0.000
aushkul,ridge_west,analytic,3.0,12.0,-3000.0,50.0,486.29,436.29,3.516,3.516,-0.064,3.516,0.000
aushkul,ridge_west,analytic,3.0,12.0,-3000.0,100.0,536.29,436.29,3.916,3.916,-0.040,3.916,-0.000
aushkul,ridge_west,analytic,3.0,12.0,-3000.0,200.0,636.29,436.29,4.484,4.484,-0.003,4.484,-0.000
aushkul,ridge_west,analytic,3.0,12.0,-3000.0,300.0,736.29,436.29,4.755,4.755,0.068,4.755,0.000
aushkul,ridge_west,analytic,3.0,12.0,-1000.0,1.0,469.97,468.97,2.260,2.260,0.231,2.246,-0.000
aushkul,ridge_west,analytic,3.0,12.0,-1000.0,1.5,470.47,468.97,2.361,2.361,0.241,2.351,-0.000
aushkul,ridge_west,analytic,3.0,12.0,-1000.0,2.0,470.97,468.97,2.436,2.436,0.248,2.429,0.000
aushkul,ridge_west,analytic,3.0,12.0,-1000.0,3.0,471.97,468.97,2.548,2.548,0.257,2.543,0.000
aushkul,ridge_west,analytic,3.0,12.0,-1000.0,5.0,473.97,468.97,2.699,2.699,0.269,2.696,0.000
aushkul,ridge_west,analytic,3.0,12.0,-1000.0,10.0,478.97,468.97,2.924,2.924,0.282,2.923,0.000
aushkul,ridge_west,analytic,3.0,12.0,-1000.0,30.0,498.97,468.97,3.347,3.347,0.283,3.346,0.000
aushkul,ridge_west,analytic,3.0,12.0,-1000.0,50.0,518.97,468.97,3.587,3.587,0.263,3.586,-0.000
aushkul,ridge_west,analytic,3.0,12.0,-1000.0,100.0,568.97,468.97,3.992,3.992,0.189,3.992,-0.000
aushkul,ridge_west,analytic,3.0,12.0,-1000.0,200.0,668.97,468.97,4.566,4.566,0.048,4.566,-0.000
aushkul,ridge_west,analytic,3.0,12.0,-1000.0,300.0,768.97,468.97,4.838,4.838,-0.058,4.838,0.000
aushkul,ridge_west,analytic,3.0,12.0,-300.0,1.0,481.69,480.69,2.314,2.314,0.184,2.262,-0.000
aushkul,ridge_west,analytic,3.0,12.0,-300.0,1.5,482.19,480.69,2.400,2.400,0.190,2.368,0.000
aushkul,ridge_west,analytic,3.0,12.0,-300.0,2.0,482.69,480.69,2.467,2.467,0.195,2.446,-0.000
aushkul,ridge_west,analytic,3.0,12.0,-300.0,3.0,483.69,480.69,2.571,2.571,0.202,2.561,-0.000
aushkul,ridge_west,analytic,3.0,12.0,-300.0,5.0,485.69,480.69,2.714,2.714,0.210,2.715,0.000
aushkul,ridge_west,analytic,3.0,12.0,-300.0,10.0,490.69,480.69,2.935,2.935,0.220,2.944,0.000
aushkul,ridge_west,analytic,3.0,12.0,-300.0,30.0,510.69,480.69,3.366,3.366,0.210,3.370,-0.000
aushkul,ridge_west,analytic,3.0,12.0,-300.0,50.0,530.69,480.69,3.614,3.614,0.175,3.611,-0.000
aushkul,ridge_west,analytic,3.0,12.0,-300.0,100.0,580.69,480.69,4.021,4.021,0.031,4.019,-0.000
aushkul,ridge_west,analytic,3.0,12.0,-300.0,200.0,680.69,480.69,4.596,4.596,0.185,4.596,0.000
aushkul,ridge_west,analytic,3.0,12.0,-300.0,300.0,780.69,480.69,4.867,4.867,0.386,4.867,0.000
aushkul,ridge_west,analytic,3.0,12.0,-150.0,1.0,485.71,484.71,2.258,2.258,0.130,2.268,0.000
aushkul,ridge_west,analytic,3.0,12.0,-150.0,1.5,486.21,484.71,2.259,2.259,0.133,2.374,0.000
aushkul,ridge_west,analytic,3.0,12.0,-150.0,2.0,486.71,484.71,2.291,2.291,0.137,2.452,-0.000
aushkul,ridge_west,analytic,3.0,12.0,-150.0,3.0,487.71,484.71,2.462,2.462,0.152,2.568,0.000
aushkul,ridge_west,analytic,3.0,12.0,-150.0,5.0,489.71,484.71,2.656,2.656,0.174,2.722,0.000
aushkul,ridge_west,analytic,3.0,12.0,-150.0,10.0,494.71,484.71,2.913,2.913,0.219,2.951,-0.000
aushkul,ridge_west,analytic,3.0,12.0,-150.0,30.0,514.71,484.71,3.363,3.363,0.349,3.378,0.000
aushkul,ridge_west,analytic,3.0,12.0,-150.0,50.0,534.71,484.71,3.613,3.613,0.446,3.620,0.000
aushkul,ridge_west,analytic,3.0,12.0,-150.0,100.0,584.71,484.71,4.025,4.025,0.636,4.029,0.000
aushkul,ridge_west,analytic,3.0,12.0,-150.0,200.0,684.71,484.71,4.603,4.603,0.387,4.606,0.000
aushkul,ridge_west,analytic,3.0,12.0,-150.0,300.0,784.71,484.71,4.878,4.878,-0.220,4.878,-0.000
aushkul,ridge_west,analytic,3.0,12.0,-50.0,1.0,506.34,505.34,2.296,2.296,0.593,2.296,-0.000
aushkul,ridge_west,analytic,3.0,12.0,-50.0,1.5,506.84,505.34,2.402,2.402,0.621,2.404,-0.000
aushkul,ridge_west,analytic,3.0,12.0,-50.0,2.0,507.34,505.34,2.482,2.482,0.643,2.483,-0.000
aushkul,ridge_west,analytic,3.0,12.0,-50.0,3.0,508.34,505.34,2.599,2.599,0.675,2.600,-0.000
aushkul,ridge_west,analytic,3.0,12.0,-50.0,5.0,510.34,505.34,2.756,2.756,0.719,2.757,-0.000
aushkul,ridge_west,analytic,3.0,12.0,-50.0,10.0,515.34,505.34,2.988,2.988,0.766,2.988,-0.000
aushkul,ridge_west,analytic,3.0,12.0,-50.0,30.0,535.34,505.34,3.420,3.420,0.788,3.420,-0.000
aushkul,ridge_west,analytic,3.0,12.0,-50.0,50.0,555.34,505.34,3.664,3.664,0.714,3.665,0.000
aushkul,ridge_west,analytic,3.0,12.0,-50.0,100.0,605.34,505.34,4.077,4.077,0.231,4.077,0.000
aushkul,ridge_west,analytic,3.0,12.0,-50.0,200.0,705.34,505.34,4.658,4.658,-0.360,4.658,-0.000
aushkul,ridge_west,analytic,3.0,12.0,-50.0,300.0,805.34,505.34,4.930,4.930,-0.259,4.930,-0.000
aushkul,ridge_west,analytic,3.0,12.0,-30.0,1.0,513.39,512.39,2.433,2.433,0.615,2.306,0.000
aushkul,ridge_west,analytic,3.0,12.0,-30.0,1.5,513.89,512.39,2.509,2.509,0.632,2.414,-0.000
aushkul,ridge_west,analytic,3.0,12.0,-30.0,2.0,514.39,512.39,2.570,2.570,0.646,2.494,-0.000
aushkul,ridge_west,analytic,3.0,12.0,-30.0,3.0,515.39,512.39,2.666,2.666,0.667,2.611,0.000
aushkul,ridge_west,analytic,3.0,12.0,-30.0,5.0,517.39,512.39,2.804,2.804,0.694,2.768,-0.000
aushkul,ridge_west,analytic,3.0,12.0,-30.0,10.0,522.39,512.39,3.021,3.021,0.727,3.001,0.000
aushkul,ridge_west,analytic,3.0,12.0,-30.0,30.0,542.39,512.39,3.442,3.442,0.662,3.434,0.000
aushkul,ridge_west,analytic,3.0,12.0,-30.0,50.0,562.39,512.39,3.685,3.685,0.493,3.680,0.000
aushkul,ridge_west,analytic,3.0,12.0,-30.0,100.0,612.39,512.39,4.096,4.096,-0.019,4.093,0.000
aushkul,ridge_west,analytic,3.0,12.0,-30.0,200.0,712.39,512.39,4.677,4.677,-0.366,4.675,-0.000
aushkul,ridge_west,analytic,3.0,12.0,-30.0,300.0,812.39,512.39,4.948,4.948,-0.222,4.948,0.000
aushkul,ridge_west,analytic,3.0,12.0,-20.0,1.0,516.73,515.73,2.443,2.443,0.598,2.311,0.000
aushkul,ridge_west,analytic,3.0,12.0,-20.0,1.5,517.23,515.73,2.517,2.517,0.615,2.419,0.000
aushkul,ridge_west,analytic,3.0,12.0,-20.0,2.0,517.73,515.73,2.578,2.578,0.628,2.499,-0.000
aushkul,ridge_west,analytic,3.0,12.0,-20.0,3.0,518.73,515.73,2.674,2.674,0.647,2.616,0.000
aushkul,ridge_west,analytic,3.0,12.0,-20.0,5.0,520.73,515.73,2.812,2.812,0.673,2.774,-0.000
aushkul,ridge_west,analytic,3.0,12.0,-20.0,10.0,525.73,515.73,3.028,3.028,0.678,3.007,-0.000
aushkul,ridge_west,analytic,3.0,12.0,-20.0,30.0,545.73,515.73,3.449,3.449,0.555,3.441,0.000
aushkul,ridge_west,analytic,3.0,12.0,-20.0,50.0,565.73,515.73,3.692,3.692,0.370,3.687,0.000
aushkul,ridge_west,analytic,3.0,12.0,-20.0,100.0,615.73,515.73,4.104,4.104,-0.128,4.101,-0.000
aushkul,ridge_west,analytic,3.0,12.0,-20.0,200.0,715.73,515.73,4.685,4.685,-0.367,4.684,0.000
aushkul,ridge_west,analytic,3.0,12.0,-20.0,300.0,815.73,515.73,4.956,4.956,-0.201,4.956,-0.000
aushkul,ridge_west,analytic,3.0,12.0,-10.0,1.0,519.84,518.84,2.485,2.485,0.547,2.315,0.000
aushkul,ridge_west,analytic,3.0,12.0,-10.0,1.5,520.34,518.84,2.552,2.552,0.557,2.423,-0.000
aushkul,ridge_west,analytic,3.0,12.0,-10.0,2.0,520.84,518.84,2.608,2.608,0.565,2.503,0.000
aushkul,ridge_west,analytic,3.0,12.0,-10.0,3.0,521.84,518.84,2.698,2.698,0.575,2.621,0.000
aushkul,ridge_west,analytic,3.0,12.0,-10.0,5.0,523.84,518.84,2.830,2.830,0.585,2.779,0.000
aushkul,ridge_west,analytic,3.0,12.0,-10.0,10.0,528.84,518.84,3.041,3.041,0.578,3.012,0.000
aushkul,ridge_west,analytic,3.0,12.0,-10.0,30.0,548.84,518.84,3.459,3.459,0.446,3.448,-0.000
aushkul,ridge_west,analytic,3.0,12.0,-10.0,50.0,568.84,518.84,3.701,3.701,0.233,3.694,-0.000
aushkul,ridge_west,analytic,3.0,12.0,-10.0,100.0,618.84,518.84,4.112,4.112,-0.235,4.108,0.000
aushkul,ridge_west,analytic,3.0,12.0,-10.0,200.0,718.84,518.84,4.694,4.694,-0.364,4.692,-0.000
aushkul,ridge_west,analytic,3.0,12.0,-10.0,300.0,818.84,518.84,4.964,4.964,-0.178,4.964,0.000
aushkul,ridge_west,analytic,3.0,12.0,0.0,1.0,522.97,521.97,2.581,2.581,0.475,2.319,-0.000
aushkul,ridge_west,analytic,3.0,12.0,0.0,1.5,523.47,521.97,2.633,2.633,0.480,2.428,-0.000
aushkul,ridge_west,analytic,3.0,12.0,0.0,2.0,523.97,521.97,2.679,2.679,0.484,2.508,-0.000
aushkul,ridge_west,analytic,3.0,12.0,0.0,3.0,524.97,521.97,2.755,2.755,0.489,2.626,-0.000
aushkul,ridge_west,analytic,3.0,12.0,0.0,5.0,526.97,521.97,2.872,2.872,0.491,2.784,-0.000
aushkul,ridge_west,analytic,3.0,12.0,0.0,10.0,531.97,521.97,3.069,3.069,0.476,3.018,0.000
aushkul,ridge_west,analytic,3.0,12.0,0.0,30.0,551.97,521.97,3.474,3.474,0.305,3.454,-0.000
aushkul,ridge_west,analytic,3.0,12.0,0.0,50.0,571.97,521.97,3.713,3.713,0.093,3.700,-0.000
aushkul,ridge_west,analytic,3.0,12.0,0.0,100.0,621.97,521.97,4.123,4.123,-0.313,4.116,-0.000
aushkul,ridge_west,analytic,3.0,12.0,0.0,200.0,721.97,521.97,4.704,4.704,-0.362,4.700,-0.000
aushkul,ridge_west,analytic,3.0,12.0,0.0,300.0,821.97,521.97,4.972,4.972,-0.154,4.972,-0.000
aushkul,ridge_west,analytic,3.0,12.0,100.0,1.0,522.06,521.06,2.310,2.310,-0.422,2.318,-0.000
aushkul,ridge_west,analytic,3.0,12.0,100.0,1.5,522.56,521.06,2.397,2.397,-0.437,2.427,-0.000
aushkul,ridge_west,analytic,3.0,12.0,100.0,2.0,523.06,521.06,2.466,2.466,-0.450,2.507,-0.000
aushkul,ridge_west,analytic,3.0,12.0,100.0,3.0,524.06,521.06,2.573,2.573,-0.470,2.625,-0.000
aushkul,ridge_west,analytic,3.0,12.0,100.0,5.0,526.06,521.06,2.722,2.722,-0.498,2.783,0.000
aushkul,ridge_west,analytic,3.0,12.0,100.0,10.0,531.06,521.06,2.951,2.951,-0.530,3.016,-0.000
aushkul,ridge_west,analytic,3.0,12.0,100.0,30.0,551.06,521.06,3.410,3.410,-0.540,3.452,-0.000
aushkul,ridge_west,analytic,3.0,12.0,100.0,50.0,571.06,521.06,3.696,3.696,-0.519,3.698,-0.000
aushkul,ridge_west,analytic,3.0,12.0,100.0,100.0,621.06,521.06,4.115,4.115,-0.461,4.113,-0.000
aushkul,ridge_west,analytic,3.0,12.0,100.0,200.0,721.06,521.06,4.698,4.698,-0.167,4.697,-0.000
aushkul,ridge_west,analytic,3.0,12.0,100.0,300.0,821.06,521.06,4.970,4.970,-0.093,4.970,-0.000
aushkul,ridge_west,analytic,3.0,12.0,300.0,1.0,488.33,487.33,1.751,1.751,-0.330,2.271,0.000
aushkul,ridge_west,analytic,3.0,12.0,300.0,1.5,488.83,487.33,1.819,1.819,-0.339,2.378,0.000
aushkul,ridge_west,analytic,3.0,12.0,300.0,2.0,489.33,487.33,1.895,1.895,-0.349,2.456,0.000
aushkul,ridge_west,analytic,3.0,12.0,300.0,3.0,490.33,487.33,2.011,2.011,-0.362,2.572,-0.000
aushkul,ridge_west,analytic,3.0,12.0,300.0,5.0,492.33,487.33,2.177,2.177,-0.374,2.727,0.000
aushkul,ridge_west,analytic,3.0,12.0,300.0,10.0,497.33,487.33,2.457,2.457,-0.378,2.956,-0.000
aushkul,ridge_west,analytic,3.0,12.0,300.0,30.0,517.33,487.33,3.112,3.112,-0.334,3.383,0.000
aushkul,ridge_west,analytic,3.0,12.0,300.0,50.0,537.33,487.33,3.586,3.586,-0.231,3.626,-0.000
aushkul,ridge_west,analytic,3.0,12.0,300.0,100.0,587.33,487.33,4.034,4.034,-0.325,4.035,-0.000
aushkul,ridge_west,analytic,3.0,12.0,300.0,200.0,687.33,487.33,4.612,4.612,-0.101,4.612,-0.000
aushkul,ridge_west,analytic,3.0,12.0,300.0,300.0,787.33,487.33,4.884,4.884,0.046,4.884,0.000
aushkul,ridge_west,analytic,6.0,12.0,-3000.0,1.0,437.29,436.29,1.631,1.631,-0.846,3.277,0.000
aushkul,ridge_west,analytic,6.0,12.0,-3000.0,1.5,437.79,436.29,1.846,1.846,-0.923,3.613,0.000
aushkul,ridge_west,analytic,6.0,12.0,-3000.0,2.0,438.29,436.29,2.030,2.030,-0.980,3.873,0.000
aushkul,ridge_west,analytic,6.0,12.0,-3000.0,3.0,439.29,436.29,2.346,2.346,-1.060,4.271,0.000
aushkul,ridge_west,analytic,6.0,12.0,-3000.0,5.0,441.29,436.29,2.877,2.877,-1.152,4.835,0.000
aushkul,ridge_west,analytic,6.0,12.0,-3000.0,10.0,446.29,436.29,3.945,3.945,-1.225,5.728,0.000
aushkul,ridge_west,analytic,6.0,12.0,-3000.0,30.0,466.29,436.29,6.775,6.775,-0.851,7.549,0.000
aushkul,ridge_west,analytic,6.0,12.0,-3000.0,50.0,486.29,436.29,8.640,8.640,-0.156,8.640,0.000
aushkul,ridge_west,analytic,6.0,12.0,-3000.0,100.0,536.29,436.29,10.516,10.516,-0.106,10.516,-0.000
aushkul,ridge_west,analytic,6.0,12.0,-3000.0,200.0,636.29,436.29,13.159,13.159,-0.008,13.159,-0.000
aushkul,ridge_west,analytic,6.0,12.0,-3000.0,300.0,736.29,436.29,15.318,15.318,0.220,15.318,0.000
aushkul,ridge_west,analytic,6.0,12.0,-1000.0,1.0,469.97,468.97,3.390,3.390,0.347,3.345,-0.000
aushkul,ridge_west,analytic,6.0,12.0,-1000.0,1.5,470.47,468.97,3.721,3.721,0.380,3.688,0.000
aushkul,ridge_west,analytic,6.0,12.0,-1000.0,2.0,470.97,468.97,3.980,3.980,0.405,3.953,-0.000
aushkul,ridge_west,analytic,6.0,12.0,-1000.0,3.0,471.97,468.97,4.379,4.379,0.442,4.359,0.000
aushkul,ridge_west,analytic,6.0,12.0,-1000.0,5.0,473.97,468.97,4.948,4.948,0.493,4.934,0.000
aushkul,ridge_west,analytic,6.0,12.0,-1000.0,10.0,478.97,468.97,5.853,5.853,0.564,5.845,0.000
aushkul,ridge_west,analytic,6.0,12.0,-1000.0,30.0,498.97,468.97,7.706,7.706,0.651,7.702,-0.000
aushkul,ridge_west,analytic,6.0,12.0,-1000.0,50.0,518.97,468.97,8.815,8.815,0.647,8.813,-0.000
aushkul,ridge_west,analytic,6.0,12.0,-1000.0,100.0,568.97,468.97,10.722,10.722,0.506,10.721,0.000
aushkul,ridge_west,analytic,6.0,12.0,-1000.0,200.0,668.97,468.97,13.401,13.401,0.140,13.400,-0.000
aushkul,ridge_west,analytic,6.0,12.0,-1000.0,300.0,768.97,468.97,15.585,15.585,-0.187,15.584,0.000
aushkul,ridge_west,analytic,6.0,12.0,-300.0,1.0,481.69,480.69,3.565,3.565,0.267,3.369,0.000
aushkul,ridge_west,analytic,6.0,12.0,-300.0,1.5,482.19,480.69,3.856,3.856,0.288,3.715,-0.000
aushkul,ridge_west,analytic,6.0,12.0,-300.0,2.0,482.69,480.69,4.091,4.091,0.304,3.981,0.000
aushkul,ridge_west,analytic,6.0,12.0,-300.0,3.0,483.69,480.69,4.465,4.465,0.330,4.391,0.000
aushkul,ridge_west,analytic,6.0,12.0,-300.0,5.0,485.69,480.69,5.008,5.008,0.366,4.970,-0.000
aushkul,ridge_west,analytic,6.0,12.0,-300.0,10.0,490.69,480.69,5.895,5.895,0.419,5.887,-0.000
aushkul,ridge_west,analytic,6.0,12.0,-300.0,30.0,510.69,480.69,7.759,7.759,0.473,7.757,0.000
aushkul,ridge_west,analytic,6.0,12.0,-300.0,50.0,530.69,480.69,8.889,8.889,0.430,8.875,-0.000
aushkul,ridge_west,analytic,6.0,12.0,-300.0,100.0,580.69,480.69,10.803,10.803,0.084,10.794,0.000
aushkul,ridge_west,analytic,6.0,12.0,-300.0,200.0,680.69,480.69,13.492,13.492,0.544,13.487,0.000
aushkul,ridge_west,analytic,6.0,12.0,-300.0,300.0,780.69,480.69,15.684,15.683,1.243,15.679,0.000
aushkul,ridge_west,analytic,6.0,12.0,-150.0,1.0,485.71,484.71,3.351,3.351,0.188,3.378,0.000
aushkul,ridge_west,analytic,6.0,12.0,-150.0,1.5,486.21,484.71,3.358,3.358,0.191,3.724,-0.000
aushkul,ridge_west,analytic,6.0,12.0,-150.0,2.0,486.71,484.71,3.459,3.459,0.200,3.991,-0.000
aushkul,ridge_west,analytic,6.0,12.0,-150.0,3.0,487.71,484.71,4.037,4.037,0.241,4.402,0.000
aushkul,ridge_west,analytic,6.0,12.0,-150.0,5.0,489.71,484.71,4.742,4.742,0.302,4.982,0.000
aushkul,ridge_west,analytic,6.0,12.0,-150.0,10.0,494.71,484.71,5.758,5.758,0.423,5.902,0.000
aushkul,ridge_west,analytic,6.0,12.0,-150.0,30.0,514.71,484.71,7.711,7.711,0.796,7.776,-0.000
aushkul,ridge_west,analytic,6.0,12.0,-150.0,50.0,534.71,484.71,8.859,8.859,1.094,8.896,-0.000
aushkul,ridge_west,analytic,6.0,12.0,-150.0,100.0,584.71,484.71,10.796,10.796,1.707,10.819,0.000
aushkul,ridge_west,analytic,6.0,12.0,-150.0,200.0,684.71,484.71,13.502,13.502,1.136,13.516,0.000
aushkul,ridge_west,analytic,6.0,12.0,-150.0,300.0,784.71,484.71,15.701,15.701,-0.707,15.712,0.000
aushkul,ridge_west,analytic,6.0,12.0,-50.0,1.0,506.34,505.34,3.420,3.420,0.884,3.420,-0.000
aushkul,ridge_west,analytic,6.0,12.0,-50.0,1.5,506.84,505.34,3.766,3.766,0.974,3.771,0.000
aushkul,ridge_west,analytic,6.0,12.0,-50.0,2.0,507.34,505.34,4.038,4.038,1.046,4.042,-0.000
aushkul,ridge_west,analytic,6.0,12.0,-50.0,3.0,508.34,505.34,4.455,4.455,1.156,4.458,-0.000
aushkul,ridge_west,analytic,6.0,12.0,-50.0,5.0,510.34,505.34,5.043,5.043,1.315,5.045,0.000
aushkul,ridge_west,analytic,6.0,12.0,-50.0,10.0,515.34,505.34,5.975,5.975,1.532,5.976,0.000
aushkul,ridge_west,analytic,6.0,12.0,-50.0,30.0,535.34,505.34,7.872,7.872,1.814,7.873,-0.000
aushkul,ridge_west,analytic,6.0,12.0,-50.0,50.0,555.34,505.34,9.005,9.005,1.756,9.006,0.000
aushkul,ridge_west,analytic,6.0,12.0,-50.0,100.0,605.34,505.34,10.948,10.948,0.620,10.948,-0.000
aushkul,ridge_west,analytic,6.0,12.0,-50.0,200.0,705.34,505.34,13.669,13.669,-1.057,13.669,0.000
aushkul,ridge_west,analytic,6.0,12.0,-50.0,300.0,805.34,505.34,15.880,15.880,-0.834,15.880,0.000
aushkul,ridge_west,analytic,6.0,12.0,-30.0,1.0,513.39,512.39,3.854,3.854,0.974,3.435,-0.000
aushkul,ridge_west,analytic,6.0,12.0,-30.0,1.5,513.89,512.39,4.113,4.113,1.037,3.787,0.000
aushkul,ridge_west,analytic,6.0,12.0,-30.0,2.0,514.39,512.39,4.329,4.329,1.088,4.059,0.000
aushkul,ridge_west,analytic,6.0,12.0,-30.0,3.0,515.39,512.39,4.681,4.681,1.171,4.477,-0.000
aushkul,ridge_west,analytic,6.0,12.0,-30.0,5.0,517.39,512.39,5.210,5.210,1.289,5.067,0.000
aushkul,ridge_west,analytic,6.0,12.0,-30.0,10.0,522.39,512.39,6.088,6.088,1.465,6.002,-0.000
aushkul,ridge_west,analytic,6.0,12.0,-30.0,30.0,542.39,512.39,7.944,7.944,1.528,7.906,0.000
aushkul,ridge_west,analytic,6.0,12.0,-30.0,50.0,562.39,512.39,9.070,9.070,1.214,9.043,-0.000
aushkul,ridge_west,analytic,6.0,12.0,-30.0,100.0,612.39,512.39,11.009,11.009,-0.051,10.992,-0.000
aushkul,ridge_west,analytic,6.0,12.0,-30.0,200.0,712.39,512.39,13.731,13.731,-1.076,13.721,-0.000
aushkul,ridge_west,analytic,6.0,12.0,-30.0,300.0,812.39,512.39,15.945,15.945,-0.714,15.938,-0.000
aushkul,ridge_west,analytic,6.0,12.0,-20.0,1.0,516.73,515.73,3.877,3.877,0.949,3.442,-0.000
aushkul,ridge_west,analytic,6.0,12.0,-20.0,1.5,517.23,515.73,4.133,4.133,1.009,3.795,-0.000
aushkul,ridge_west,analytic,6.0,12.0,-20.0,2.0,517.73,515.73,4.348,4.348,1.058,4.067,0.000
aushkul,ridge_west,analytic,6.0,12.0,-20.0,3.0,518.73,515.73,4.699,4.699,1.138,4.486,-0.000
aushkul,ridge_west,analytic,6.0,12.0,-20.0,5.0,520.73,515.73,5.226,5.226,1.251,5.077,0.000
aushkul,ridge_west,analytic,6.0,12.0,-20.0,10.0,525.73,515.73,6.104,6.104,1.367,6.014,0.000
aushkul,ridge_west,analytic,6.0,12.0,-20.0,30.0,545.73,515.73,7.962,7.962,1.281,7.921,-0.000
aushkul,ridge_west,analytic,6.0,12.0,-20.0,50.0,565.73,515.73,9.088,9.088,0.910,9.061,-0.000
aushkul,ridge_west,analytic,6.0,12.0,-20.0,100.0,615.73,515.73,11.030,11.030,-0.343,11.013,0.000
aushkul,ridge_west,analytic,6.0,12.0,-20.0,200.0,715.73,515.73,13.756,13.756,-1.076,13.746,0.000
aushkul,ridge_west,analytic,6.0,12.0,-20.0,300.0,815.73,515.73,15.973,15.973,-0.647,15.965,-0.000
aushkul,ridge_west,analytic,6.0,12.0,-10.0,1.0,519.84,518.84,4.013,4.013,0.883,3.448,-0.000
aushkul,ridge_west,analytic,6.0,12.0,-10.0,1.5,520.34,518.84,4.248,4.248,0.927,3.802,0.000
aushkul,ridge_west,analytic,6.0,12.0,-10.0,2.0,520.84,518.84,4.448,4.448,0.963,4.075,-0.000
aushkul,ridge_west,analytic,6.0,12.0,-10.0,3.0,521.84,518.84,4.781,4.781,1.019,4.494,-0.000
aushkul,ridge_west,analytic,6.0,12.0,-10.0,5.0,523.84,518.84,5.288,5.288,1.092,5.086,-0.000
aushkul,ridge_west,analytic,6.0,12.0,-10.0,10.0,528.84,518.84,6.148,6.148,1.169,6.025,0.000
aushkul,ridge_west,analytic,6.0,12.0,-10.0,30.0,548.84,518.84,7.991,7.991,1.030,7.936,-0.000
aushkul,ridge_west,analytic,6.0,12.0,-10.0,50.0,568.84,518.84,9.115,9.115,0.574,9.077,0.000
aushkul,ridge_west,analytic,6.0,12.0,-10.0,100.0,618.84,518.84,11.056,11.056,-0.633,11.033,0.000
aushkul,ridge_west,analytic,6.0,12.0,-10.0,200.0,718.84,518.84,13.783,13.783,-1.070,13.769,0.000
aushkul,ridge_west,analytic,6.0,12.0,-10.0,300.0,818.84,518.84,16.001,16.001,-0.575,15.990,0.000
aushkul,ridge_west,analytic,6.0,12.0,0.0,1.0,522.97,521.97,4.345,4.345,0.799,3.455,0.000
aushkul,ridge_west,analytic,6.0,12.0,0.0,1.5,523.47,521.97,4.534,4.534,0.827,3.809,-0.000
aushkul,ridge_west,analytic,6.0,12.0,0.0,2.0,523.97,521.97,4.701,4.701,0.849,4.082,-0.000
aushkul,ridge_west,analytic,6.0,12.0,0.0,3.0,524.97,521.97,4.989,4.989,0.885,4.502,-0.000
aushkul,ridge_west,analytic,6.0,12.0,0.0,5.0,526.97,521.97,5.447,5.447,0.931,5.096,0.000
aushkul,ridge_west,analytic,6.0,12.0,0.0,10.0,531.97,521.97,6.255,6.255,0.970,6.036,0.000
aushkul,ridge_west,analytic,6.0,12.0,0.0,30.0,551.97,521.97,8.050,8.050,0.708,7.951,-0.000
aushkul,ridge_west,analytic,6.0,12.0,0.0,50.0,571.97,521.97,9.163,9.163,0.230,9.094,-0.000
aushkul,ridge_west,analytic,6.0,12.0,0.0,100.0,621.97,521.97,11.095,11.095,-0.843,11.052,-0.000
aushkul,ridge_west,analytic,6.0,12.0,0.0,200.0,721.97,521.97,13.818,13.818,-1.064,13.792,0.000
aushkul,ridge_west,analytic,6.0,12.0,0.0,300.0,821.97,521.97,16.036,16.036,-0.497,16.016,0.000
aushkul,ridge_west,analytic,6.0,12.0,100.0,1.0,522.06,521.06,3.507,3.507,-0.857,3.453,0.000
aushkul,ridge_west,analytic,6.0,12.0,100.0,1.5,522.56,521.06,3.803,3.803,-0.923,3.807,-0.000
aushkul,ridge_west,analytic,6.0,12.0,100.0,2.0,523.06,521.06,4.047,4.047,-0.976,4.080,0.000
aushkul,ridge_west,analytic,6.0,12.0,100.0,3.0,524.06,521.06,4.438,4.438,-1.060,4.500,-0.000
aushkul,ridge_west,analytic,6.0,12.0,100.0,5.0,526.06,521.06,5.009,5.009,-1.181,5.093,0.000
aushkul,ridge_west,analytic,6.0,12.0,100.0,10.0,531.06,521.06,5.927,5.927,-1.338,6.033,-0.000
aushkul,ridge_west,analytic,6.0,12.0,100.0,30.0,551.06,521.06,7.862,7.862,-1.376,7.947,-0.000
aushkul,ridge_west,analytic,6.0,12.0,100.0,50.0,571.06,521.06,9.090,9.090,-1.296,9.089,-0.000
aushkul,ridge_west,analytic,6.0,12.0,100.0,100.0,621.06,521.06,11.056,11.056,-1.239,11.047,-0.000
aushkul,ridge_west,analytic,6.0,12.0,100.0,200.0,721.06,521.06,13.791,13.791,-0.491,13.785,-0.000
aushkul,ridge_west,analytic,6.0,12.0,100.0,300.0,821.06,521.06,16.013,16.013,-0.301,16.008,-0.000
aushkul,ridge_west,analytic,6.0,12.0,300.0,1.0,488.33,487.33,1.977,1.977,-0.828,3.383,-0.000
aushkul,ridge_west,analytic,6.0,12.0,300.0,1.5,488.83,487.33,2.167,2.167,-0.880,3.730,0.000
aushkul,ridge_west,analytic,6.0,12.0,300.0,2.0,489.33,487.33,2.388,2.388,-0.943,3.998,0.000
aushkul,ridge_west,analytic,6.0,12.0,300.0,3.0,490.33,487.33,2.754,2.754,-1.030,4.409,-0.000
aushkul,ridge_west,analytic,6.0,12.0,300.0,5.0,492.33,487.33,3.341,3.341,-1.134,4.990,-0.000
aushkul,ridge_west,analytic,6.0,12.0,300.0,10.0,497.33,487.33,4.447,4.447,-1.234,5.911,0.000
aushkul,ridge_west,analytic,6.0,12.0,300.0,30.0,517.33,487.33,7.089,7.089,-1.205,7.788,-0.000
aushkul,ridge_west,analytic,6.0,12.0,300.0,50.0,537.33,487.33,8.807,8.807,-0.625,8.910,-0.000
aushkul,ridge_west,analytic,6.0,12.0,300.0,100.0,587.33,487.33,10.831,10.831,-0.874,10.836,0.000
aushkul,ridge_west,analytic,6.0,12.0,300.0,200.0,687.33,487.33,13.533,13.533,-0.297,13.536,0.000
aushkul,ridge_west,analytic,6.0,12.0,300.0,300.0,787.33,487.33,15.731,15.731,0.149,15.734,-0.000
aushkul,ridge_west,analytic,10.0,12.0,-3000.0,1.0,437.29,436.29,2.719,2.719,-1.409,5.462,-0.000
aushkul,ridge_west,analytic,10.0,12.0,-3000.0,1.5,437.79,436.29,3.077,3.077,-1.538,6.022,-0.000
aushkul,ridge_west,analytic,10.0,12.0,-3000.0,2.0,438.29,436.29,3.383,3.383,-1.633,6.455,-0.000
aushkul,ridge_west,analytic,10.0,12.0,-3000.0,3.0,439.29,436.29,3.910,3.910,-1.767,7.119,0.000
aushkul,ridge_west,analytic,10.0,12.0,-3000.0,5.0,441.29,436.29,4.794,4.794,-1.921,8.058,-0.000
aushkul,ridge_west,analytic,10.0,12.0,-3000.0,10.0,446.29,436.29,6.575,6.575,-2.042,9.546,-0.000
aushkul,ridge_west,analytic,10.0,12.0,-3000.0,30.0,466.29,436.29,11.292,11.292,-1.418,12.582,0.000
aushkul,ridge_west,analytic,10.0,12.0,-3000.0,50.0,486.29,436.29,14.399,14.399,-0.261,14.400,0.000
aushkul,ridge_west,analytic,10.0,12.0,-3000.0,100.0,536.29,436.29,17.527,17.527,-0.177,17.527,0.000
aushkul,ridge_west,analytic,10.0,12.0,-3000.0,200.0,636.29,436.29,21.931,21.931,-0.013,21.931,0.000
aushkul,ridge_west,analytic,10.0,12.0,-3000.0,300.0,736.29,436.29,25.530,25.530,0.366,25.530,-0.000
aushkul,ridge_west,analytic,10.0,12.0,-1000.0,1.0,469.97,468.97,5.650,5.650,0.578,5.575,0.000
aushkul,ridge_west,analytic,10.0,12.0,-1000.0,1.5,470.47,468.97,6.202,6.202,0.633,6.147,-0.000
aushkul,ridge_west,analytic,10.0,12.0,-1000.0,2.0,470.97,468.97,6.633,6.633,0.674,6.588,0.000
aushkul,ridge_west,analytic,10.0,12.0,-1000.0,3.0,471.97,468.97,7.299,7.299,0.737,7.266,0.000
aushkul,ridge_west,analytic,10.0,12.0,-1000.0,5.0,473.97,468.97,8.246,8.246,0.822,8.224,0.000
aushkul,ridge_west,analytic,10.0,12.0,-1000.0,10.0,478.97,468.97,9.755,9.755,0.940,9.742,0.000
aushkul,ridge_west,analytic,10.0,12.0,-1000.0,30.0,498.97,468.97,12.843,12.843,1.085,12.837,0.000
aushkul,ridge_west,analytic,10.0,12.0,-1000.0,50.0,518.97,468.97,14.692,14.692,1.078,14.688,0.000
aushkul,ridge_west,analytic,10.0,12.0,-1000.0,100.0,568.97,468.97,17.871,17.871,0.844,17.868,-0.000
aushkul,ridge_west,analytic,10.0,12.0,-1000.0,200.0,668.97,468.97,22.335,22.335,0.233,22.333,0.000
aushkul,ridge_west,analytic,10.0,12.0,-1000.0,300.0,768.97,468.97,25.974,25.974,-0.312,25.973,-0.000
aushkul,ridge_west,analytic,10.0,12.0,-300.0,1.0,481.69,480.69,5.942,5.942,0.446,5.615,-0.000
aushkul,ridge_west,analytic,10.0,12.0,-300.0,1.5,482.19,480.69,6.426,6.426,0.480,6.191,0.000
aushkul,ridge_west,analytic,10.0,12.0,-300.0,2.0,482.69,480.69,6.819,6.819,0.507,6.636,-0.000
aushkul,ridge_west,analytic,10.0,12.0,-300.0,3.0,483.69,480.69,7.441,7.441,0.550,7.318,0.000
aushkul,ridge_west,analytic,10.0,12.0,-300.0,5.0,485.69,480.69,8.347,8.347,0.610,8.283,0.000
aushkul,ridge_west,analytic,10.0,12.0,-300.0,10.0,490.69,480.69,9.825,9.825,0.698,9.812,-0.000
aushkul,ridge_west,analytic,10.0,12.0,-300.0,30.0,510.69,480.69,12.932,12.932,0.788,12.929,0.000
aushkul,ridge_west,analytic,10.0,12.0,-300.0,50.0,530.69,480.69,14.815,14.815,0.717,14.792,0.000
aushkul,ridge_west,analytic,10.0,12.0,-300.0,100.0,580.69,480.69,18.004,18.004,0.140,17.990,-0.000
aushkul,ridge_west,analytic,10.0,12.0,-300.0,200.0,680.69,480.69,22.487,22.487,0.906,22.478,-0.000
aushkul,ridge_west,analytic,10.0,12.0,-300.0,300.0,780.69,480.69,26.139,26.139,2.071,26.132,0.000
aushkul,ridge_west,analytic,10.0,12.0,-150.0,1.0,485.71,484.71,5.585,5.585,0.313,5.629,-0.000
aushkul,ridge_west,analytic,10.0,12.0,-150.0,1.5,486.21,484.71,5.597,5.597,0.318,6.206,0.000
aushkul,ridge_west,analytic,10.0,12.0,-150.0,2.0,486.71,484.71,5.765,5.765,0.333,6.652,0.000
aushkul,ridge_west,analytic,10.0,12.0,-150.0,3.0,487.71,484.71,6.728,6.728,0.402,7.336,0.000
aushkul,ridge_west,analytic,10.0,12.0,-150.0,5.0,489.71,484.71,7.904,7.904,0.504,8.304,0.000
aushkul,ridge_west,analytic,10.0,12.0,-150.0,10.0,494.71,484.71,9.596,9.596,0.706,9.836,-0.000
aushkul,ridge_west,analytic,10.0,12.0,-150.0,30.0,514.71,484.71,12.852,12.852,1.326,12.960,-0.000
aushkul,ridge_west,analytic,10.0,12.0,-150.0,50.0,534.71,484.71,14.764,14.764,1.824,14.827,-0.000
aushkul,ridge_west,analytic,10.0,12.0,-150.0,100.0,584.71,484.71,17.994,17.994,2.845,18.032,-0.000
aushkul,ridge_west,analytic,10.0,12.0,-150.0,200.0,684.71,484.71,22.504,22.504,1.893,22.527,0.000
aushkul,ridge_west,analytic,10.0,12.0,-150.0,300.0,784.71,484.71,26.168,26.168,-1.179,26.187,-0.000
aushkul,ridge_west,analytic,10.0,12.0,-50.0,1.0,506.34,505.34,5.700,5.700,1.473,5.700,-0.000
aushkul,ridge_west,analytic,10.0,12.0,-50.0,1.5,506.84,505.34,6.277,6.277,1.624,6.285,-0.000
aushkul,ridge_west,analytic,10.0,12.0,-50.0,2.0,507.34,505.34,6.730,6.730,1.743,6.736,-0.000
aushkul,ridge_west,analytic,10.0,12.0,-50.0,3.0,508.34,505.34,7.425,7.425,1.927,7.429,-0.000
aushkul,ridge_west,analytic,10.0,12.0,-50.0,5.0,510.34,505.34,8.405,8.405,2.191,8.408,0.000
aushkul,ridge_west,analytic,10.0,12.0,-50.0,10.0,515.34,505.34,9.958,9.958,2.554,9.960,0.000
aushkul,ridge_west,analytic,10.0,12.0,-50.0,30.0,535.34,505.34,13.121,13.121,3.023,13.121,0.000
aushkul,ridge_west,analytic,10.0,12.0,-50.0,50.0,555.34,505.34,15.009,15.009,2.926,15.009,0.000
aushkul,ridge_west,analytic,10.0,12.0,-50.0,100.0,605.34,505.34,18.247,18.247,1.033,18.247,0.000
aushkul,ridge_west,analytic,10.0,12.0,-50.0,200.0,705.34,505.34,22.781,22.781,-1.761,22.781,-0.000
aushkul,ridge_west,analytic,10.0,12.0,-50.0,300.0,805.34,505.34,26.467,26.467,-1.389,26.467,-0.000
aushkul,ridge_west,analytic,10.0,12.0,-30.0,1.0,513.39,512.39,6.423,6.423,1.624,5.725,-0.000
aushkul,ridge_west,analytic,10.0,12.0,-30.0,1.5,513.89,512.39,6.854,6.854,1.728,6.312,-0.000
aushkul,ridge_west,analytic,10.0,12.0,-30.0,2.0,514.39,512.39,7.215,7.215,1.814,6.765,-0.000
aushkul,ridge_west,analytic,10.0,12.0,-30.0,3.0,515.39,512.39,7.802,7.802,1.951,7.461,0.000
aushkul,ridge_west,analytic,10.0,12.0,-30.0,5.0,517.39,512.39,8.683,8.683,2.148,8.444,0.000
aushkul,ridge_west,analytic,10.0,12.0,-30.0,10.0,522.39,512.39,10.147,10.147,2.442,10.003,-0.000
aushkul,ridge_west,analytic,10.0,12.0,-30.0,30.0,542.39,512.39,13.241,13.241,2.547,13.176,0.000
aushkul,ridge_west,analytic,10.0,12.0,-30.0,50.0,562.39,512.39,15.116,15.116,2.024,15.072,0.000
aushkul,ridge_west,analytic,10.0,12.0,-30.0,100.0,612.39,512.39,18.348,18.348,-0.085,18.321,-0.000
aushkul,ridge_west,analytic,10.0,12.0,-30.0,200.0,712.39,512.39,22.885,22.885,-1.793,22.868,-0.000
aushkul,ridge_west,analytic,10.0,12.0,-30.0,300.0,812.39,512.39,26.576,26.576,-1.190,26.563,-0.000
aushkul,ridge_west,analytic,10.0,12.0,-20.0,1.0,516.73,515.73,6.461,6.461,1.582,5.736,-0.000
aushkul,ridge_west,analytic,10.0,12.0,-20.0,1.5,517.23,515.73,6.889,6.889,1.682,6.324,-0.000
aushkul,ridge_west,analytic,10.0,12.0,-20.0,2.0,517.73,515.73,7.247,7.247,1.764,6.779,-0.000
aushkul,ridge_west,analytic,10.0,12.0,-20.0,3.0,518.73,515.73,7.832,7.832,1.896,7.476,-0.000
aushkul,ridge_west,analytic,10.0,12.0,-20.0,5.0,520.73,515.73,8.710,8.710,2.085,8.461,0.000
aushkul,ridge_west,analytic,10.0,12.0,-20.0,10.0,525.73,515.73,10.173,10.173,2.278,10.023,-0.000
aushkul,ridge_west,analytic,10.0,12.0,-20.0,30.0,545.73,515.73,13.270,13.270,2.134,13.202,-0.000
aushkul,ridge_west,analytic,10.0,12.0,-20.0,50.0,565.73,515.73,15.147,15.147,1.517,15.101,0.000
aushkul,ridge_west,analytic,10.0,12.0,-20.0,100.0,615.73,515.73,18.384,18.384,-0.572,18.356,-0.000
aushkul,ridge_west,analytic,10.0,12.0,-20.0,200.0,715.73,515.73,22.927,22.927,-1.794,22.909,0.000
aushkul,ridge_west,analytic,10.0,12.0,-20.0,300.0,815.73,515.73,26.622,26.622,-1.079,26.608,0.000
aushkul,ridge_west,analytic,10.0,12.0,-10.0,1.0,519.84,518.84,6.689,6.689,1.471,5.747,0.000
aushkul,ridge_west,analytic,10.0,12.0,-10.0,1.5,520.34,518.84,7.080,7.080,1.545,6.336,0.000
aushkul,ridge_west,analytic,10.0,12.0,-10.0,2.0,520.84,518.84,7.414,7.414,1.606,6.791,-0.000
aushkul,ridge_west,analytic,10.0,12.0,-10.0,3.0,521.84,518.84,7.968,7.968,1.699,7.490,-0.000
aushkul,ridge_west,analytic,10.0,12.0,-10.0,5.0,523.84,518.84,8.814,8.814,1.821,8.477,-0.000
aushkul,ridge_west,analytic,10.0,12.0,-10.0,10.0,528.84,518.84,10.247,10.247,1.949,10.041,-0.000
aushkul,ridge_west,analytic,10.0,12.0,-10.0,30.0,548.84,518.84,13.319,13.319,1.716,13.227,-0.000
aushkul,ridge_west,analytic,10.0,12.0,-10.0,50.0,568.84,518.84,15.192,15.192,0.957,15.129,-0.000
aushkul,ridge_west,analytic,10.0,12.0,-10.0,100.0,618.84,518.84,18.427,18.427,-1.055,18.388,0.000
aushkul,ridge_west,analytic,10.0,12.0,-10.0,200.0,718.84,518.84,22.972,22.972,-1.784,22.948,0.000
aushkul,ridge_west,analytic,10.0,12.0,-10.0,300.0,818.84,518.84,26.669,26.669,-0.959,26.650,-0.000
aushkul,ridge_west,analytic,10.0,12.0,0.0,1.0,522.97,521.97,7.241,7.241,1.332,5.758,0.000
aushkul,ridge_west,analytic,10.0,12.0,0.0,1.5,523.47,521.97,7.556,7.556,1.378,6.348,0.000
aushkul,ridge_west,analytic,10.0,12.0,0.0,2.0,523.97,521.97,7.834,7.834,1.416,6.804,-0.000
aushkul,ridge_west,analytic,10.0,12.0,0.0,3.0,524.97,521.97,8.314,8.314,1.475,7.504,0.000
aushkul,ridge_west,analytic,10.0,12.0,0.0,5.0,526.97,521.97,9.078,9.078,1.552,8.493,-0.000
aushkul,ridge_west,analytic,10.0,12.0,0.0,10.0,531.97,521.97,10.425,10.425,1.616,10.060,-0.000
aushkul,ridge_west,analytic,10.0,12.0,0.0,30.0,551.97,521.97,13.417,13.417,1.180,13.251,-0.000
aushkul,ridge_west,analytic,10.0,12.0,0.0,50.0,571.97,521.97,15.271,15.271,0.384,15.156,-0.000
aushkul,ridge_west,analytic,10.0,12.0,0.0,100.0,621.97,521.97,18.491,18.491,-1.405,18.421,-0.000
aushkul,ridge_west,analytic,10.0,12.0,0.0,200.0,721.97,521.97,23.030,23.030,-1.774,22.986,-0.000
aushkul,ridge_west,analytic,10.0,12.0,0.0,300.0,821.97,521.97,26.727,26.727,-0.828,26.693,-0.000
aushkul,ridge_west,analytic,10.0,12.0,100.0,1.0,522.06,521.06,5.844,5.844,-1.429,5.755,-0.000
aushkul,ridge_west,analytic,10.0,12.0,100.0,1.5,522.56,521.06,6.339,6.339,-1.539,6.345,-0.000
aushkul,ridge_west,analytic,10.0,12.0,100.0,2.0,523.06,521.06,6.745,6.745,-1.627,6.800,0.000
aushkul,ridge_west,analytic,10.0,12.0,100.0,3.0,524.06,521.06,7.396,7.396,-1.767,7.500,-0.000
aushkul,ridge_west,analytic,10.0,12.0,100.0,5.0,526.06,521.06,8.348,8.348,-1.968,8.488,0.000
aushkul,ridge_west,analytic,10.0,12.0,100.0,10.0,531.06,521.06,9.878,9.878,-2.230,10.055,0.000
aushkul,ridge_west,analytic,10.0,12.0,100.0,30.0,551.06,521.06,13.103,13.103,-2.293,13.244,0.000
aushkul,ridge_west,analytic,10.0,12.0,100.0,50.0,571.06,521.06,15.150,15.150,-2.160,15.148,-0.000
aushkul,ridge_west,analytic,10.0,12.0,100.0,100.0,621.06,521.06,18.427,18.427,-2.065,18.411,-0.000
aushkul,ridge_west,analytic,10.0,12.0,100.0,200.0,721.06,521.06,22.985,22.985,-0.818,22.975,-0.000
aushkul,ridge_west,analytic,10.0,12.0,100.0,300.0,821.06,521.06,26.688,26.688,-0.501,26.680,0.000
aushkul,ridge_west,analytic,10.0,12.0,300.0,1.0,488.33,487.33,3.295,3.295,-1.379,5.638,0.000
aushkul,ridge_west,analytic,10.0,12.0,300.0,1.5,488.83,487.33,3.611,3.611,-1.467,6.216,-0.000
aushkul,ridge_west,analytic,10.0,12.0,300.0,2.0,489.33,487.33,3.980,3.980,-1.572,6.663,0.000
aushkul,ridge_west,analytic,10.0,12.0,300.0,3.0,490.33,487.33,4.590,4.590,-1.717,7.348,0.000
aushkul,ridge_west,analytic,10.0,12.0,300.0,5.0,492.33,487.33,5.568,5.568,-1.890,8.317,-0.000
aushkul,ridge_west,analytic,10.0,12.0,300.0,10.0,497.33,487.33,7.412,7.412,-2.057,9.852,-0.000
aushkul,ridge_west,analytic,10.0,12.0,300.0,30.0,517.33,487.33,11.814,11.814,-2.008,12.981,-0.000
aushkul,ridge_west,analytic,10.0,12.0,300.0,50.0,537.33,487.33,14.679,14.679,-1.042,14.850,0.000
aushkul,ridge_west,analytic,10.0,12.0,300.0,100.0,587.33,487.33,18.052,18.052,-1.456,18.060,-0.000
aushkul,ridge_west,analytic,10.0,12.0,300.0,200.0,687.33,487.33,22.555,22.555,-0.495,22.560,-0.000
aushkul,ridge_west,analytic,10.0,12.0,300.0,300.0,787.33,487.33,26.219,26.219,0.248,26.223,0.000
ongudai,kayancha_south,analytic,0.0,12.0,-3000.0,1.0,1096.18,1095.18,0.000,0.000,0.000,0.000,0.000
ongudai,kayancha_south,analytic,0.0,12.0,-3000.0,1.5,1096.68,1095.18,0.000,0.000,0.000,0.000,0.000
ongudai,kayancha_south,analytic,0.0,12.0,-3000.0,2.0,1097.18,1095.18,0.000,0.000,0.000,0.000,0.000
ongudai,kayancha_south,analytic,0.0,12.0,-3000.0,3.0,1098.18,1095.18,0.000,0.000,0.000,0.000,0.000
ongudai,kayancha_south,analytic,0.0,12.0,-3000.0,5.0,1100.18,1095.18,0.000,0.000,0.000,0.000,0.000
ongudai,kayancha_south,analytic,0.0,12.0,-3000.0,10.0,1105.18,1095.18,0.000,0.000,0.000,0.000,0.000
ongudai,kayancha_south,analytic,0.0,12.0,-3000.0,30.0,1125.18,1095.18,0.000,0.000,0.000,0.000,0.000
ongudai,kayancha_south,analytic,0.0,12.0,-3000.0,50.0,1145.18,1095.18,0.000,0.000,0.000,0.000,0.000
ongudai,kayancha_south,analytic,0.0,12.0,-3000.0,100.0,1195.18,1095.18,0.000,0.000,0.000,0.000,0.000
ongudai,kayancha_south,analytic,0.0,12.0,-3000.0,200.0,1295.18,1095.18,0.000,0.000,0.000,0.000,0.000
ongudai,kayancha_south,analytic,0.0,12.0,-3000.0,300.0,1395.18,1095.18,0.000,0.000,0.000,0.000,0.000
ongudai,kayancha_south,analytic,0.0,12.0,-1000.0,1.0,1492.33,1491.33,0.000,0.000,0.000,0.000,0.000
ongudai,kayancha_south,analytic,0.0,12.0,-1000.0,1.5,1492.83,1491.33,0.000,0.000,0.000,0.000,0.000
ongudai,kayancha_south,analytic,0.0,12.0,-1000.0,2.0,1493.33,1491.33,0.000,0.000,0.000,0.000,0.000
ongudai,kayancha_south,analytic,0.0,12.0,-1000.0,3.0,1494.33,1491.33,0.000,0.000,0.000,0.000,0.000
ongudai,kayancha_south,analytic,0.0,12.0,-1000.0,5.0,1496.33,1491.33,0.000,0.000,0.000,0.000,0.000
ongudai,kayancha_south,analytic,0.0,12.0,-1000.0,10.0,1501.33,1491.33,0.000,0.000,0.000,0.000,0.000
ongudai,kayancha_south,analytic,0.0,12.0,-1000.0,30.0,1521.33,1491.33,0.000,0.000,0.000,0.000,0.000
ongudai,kayancha_south,analytic,0.0,12.0,-1000.0,50.0,1541.33,1491.33,0.000,0.000,0.000,0.000,0.000
ongudai,kayancha_south,analytic,0.0,12.0,-1000.0,100.0,1591.33,1491.33,0.000,0.000,0.000,0.000,0.000
ongudai,kayancha_south,analytic,0.0,12.0,-1000.0,200.0,1691.33,1491.33,0.000,0.000,0.000,0.000,0.000
ongudai,kayancha_south,analytic,0.0,12.0,-1000.0,300.0,1791.33,1491.33,0.000,0.000,0.000,0.000,0.000
ongudai,kayancha_south,analytic,0.0,12.0,-300.0,1.0,1739.55,1738.55,0.000,0.000,0.000,0.000,0.000
ongudai,kayancha_south,analytic,0.0,12.0,-300.0,1.5,1740.05,1738.55,0.000,0.000,0.000,0.000,0.000
ongudai,kayancha_south,analytic,0.0,12.0,-300.0,2.0,1740.55,1738.55,0.000,0.000,0.000,0.000,0.000
ongudai,kayancha_south,analytic,0.0,12.0,-300.0,3.0,1741.55,1738.55,0.000,0.000,0.000,0.000,0.000
ongudai,kayancha_south,analytic,0.0,12.0,-300.0,5.0,1743.55,1738.55,0.000,0.000,0.000,0.000,0.000
ongudai,kayancha_south,analytic,0.0,12.0,-300.0,10.0,1748.55,1738.55,0.000,0.000,0.000,0.000,0.000
ongudai,kayancha_south,analytic,0.0,12.0,-300.0,30.0,1768.55,1738.55,0.000,0.000,0.000,0.000,0.000
ongudai,kayancha_south,analytic,0.0,12.0,-300.0,50.0,1788.55,1738.55,0.000,0.000,0.000,0.000,0.000
ongudai,kayancha_south,analytic,0.0,12.0,-300.0,100.0,1838.55,1738.55,0.000,0.000,0.000,0.000,0.000
ongudai,kayancha_south,analytic,0.0,12.0,-300.0,200.0,1938.55,1738.55,0.000,0.000,0.000,0.000,0.000
ongudai,kayancha_south,analytic,0.0,12.0,-300.0,300.0,2038.55,1738.55,0.000,0.000,0.000,0.000,0.000
ongudai,kayancha_south,analytic,0.0,12.0,-150.0,1.0,1809.93,1808.93,0.000,0.000,0.000,0.000,0.000
ongudai,kayancha_south,analytic,0.0,12.0,-150.0,1.5,1810.43,1808.93,0.000,0.000,0.000,0.000,0.000
ongudai,kayancha_south,analytic,0.0,12.0,-150.0,2.0,1810.93,1808.93,0.000,0.000,0.000,0.000,0.000
ongudai,kayancha_south,analytic,0.0,12.0,-150.0,3.0,1811.93,1808.93,0.000,0.000,0.000,0.000,0.000
ongudai,kayancha_south,analytic,0.0,12.0,-150.0,5.0,1813.93,1808.93,0.000,0.000,0.000,0.000,0.000
ongudai,kayancha_south,analytic,0.0,12.0,-150.0,10.0,1818.93,1808.93,0.000,0.000,0.000,0.000,0.000
ongudai,kayancha_south,analytic,0.0,12.0,-150.0,30.0,1838.93,1808.93,0.000,0.000,0.000,0.000,0.000
ongudai,kayancha_south,analytic,0.0,12.0,-150.0,50.0,1858.93,1808.93,0.000,0.000,0.000,0.000,0.000
ongudai,kayancha_south,analytic,0.0,12.0,-150.0,100.0,1908.93,1808.93,0.000,0.000,0.000,0.000,0.000
ongudai,kayancha_south,analytic,0.0,12.0,-150.0,200.0,2008.93,1808.93,0.000,0.000,0.000,0.000,0.000
ongudai,kayancha_south,analytic,0.0,12.0,-150.0,300.0,2108.93,1808.93,0.000,0.000,0.000,0.000,0.000
ongudai,kayancha_south,analytic,0.0,12.0,-50.0,1.0,1849.54,1848.54,0.000,0.000,0.000,0.000,0.000
ongudai,kayancha_south,analytic,0.0,12.0,-50.0,1.5,1850.04,1848.54,0.000,0.000,0.000,0.000,0.000
ongudai,kayancha_south,analytic,0.0,12.0,-50.0,2.0,1850.54,1848.54,0.000,0.000,0.000,0.000,0.000
ongudai,kayancha_south,analytic,0.0,12.0,-50.0,3.0,1851.54,1848.54,0.000,0.000,0.000,0.000,0.000
ongudai,kayancha_south,analytic,0.0,12.0,-50.0,5.0,1853.54,1848.54,0.000,0.000,0.000,0.000,0.000
ongudai,kayancha_south,analytic,0.0,12.0,-50.0,10.0,1858.54,1848.54,0.000,0.000,0.000,0.000,0.000
ongudai,kayancha_south,analytic,0.0,12.0,-50.0,30.0,1878.54,1848.54,0.000,0.000,0.000,0.000,0.000
ongudai,kayancha_south,analytic,0.0,12.0,-50.0,50.0,1898.54,1848.54,0.000,0.000,0.000,0.000,0.000
ongudai,kayancha_south,analytic,0.0,12.0,-50.0,100.0,1948.54,1848.54,0.000,0.000,0.000,0.000,0.000
ongudai,kayancha_south,analytic,0.0,12.0,-50.0,200.0,2048.54,1848.54,0.000,0.000,0.000,0.000,0.000
ongudai,kayancha_south,analytic,0.0,12.0,-50.0,300.0,2148.54,1848.54,0.000,0.000,0.000,0.000,0.000
ongudai,kayancha_south,analytic,0.0,12.0,-30.0,1.0,1858.21,1857.21,0.000,0.000,0.000,0.000,0.000
ongudai,kayancha_south,analytic,0.0,12.0,-30.0,1.5,1858.71,1857.21,0.000,0.000,0.000,0.000,0.000
ongudai,kayancha_south,analytic,0.0,12.0,-30.0,2.0,1859.21,1857.21,0.000,0.000,0.000,0.000,0.000
ongudai,kayancha_south,analytic,0.0,12.0,-30.0,3.0,1860.21,1857.21,0.000,0.000,0.000,0.000,0.000
ongudai,kayancha_south,analytic,0.0,12.0,-30.0,5.0,1862.21,1857.21,0.000,0.000,0.000,0.000,0.000
ongudai,kayancha_south,analytic,0.0,12.0,-30.0,10.0,1867.21,1857.21,0.000,0.000,0.000,0.000,0.000
ongudai,kayancha_south,analytic,0.0,12.0,-30.0,30.0,1887.21,1857.21,0.000,0.000,0.000,0.000,0.000
ongudai,kayancha_south,analytic,0.0,12.0,-30.0,50.0,1907.21,1857.21,0.000,0.000,0.000,0.000,0.000
ongudai,kayancha_south,analytic,0.0,12.0,-30.0,100.0,1957.21,1857.21,0.000,0.000,0.000,0.000,0.000
ongudai,kayancha_south,analytic,0.0,12.0,-30.0,200.0,2057.21,1857.21,0.000,0.000,0.000,0.000,0.000
ongudai,kayancha_south,analytic,0.0,12.0,-30.0,300.0,2157.21,1857.21,0.000,0.000,0.000,0.000,0.000
ongudai,kayancha_south,analytic,0.0,12.0,-20.0,1.0,1862.10,1861.10,0.000,0.000,0.000,0.000,0.000
ongudai,kayancha_south,analytic,0.0,12.0,-20.0,1.5,1862.60,1861.10,0.000,0.000,0.000,0.000,0.000
ongudai,kayancha_south,analytic,0.0,12.0,-20.0,2.0,1863.10,1861.10,0.000,0.000,0.000,0.000,0.000
ongudai,kayancha_south,analytic,0.0,12.0,-20.0,3.0,1864.10,1861.10,0.000,0.000,0.000,0.000,0.000
ongudai,kayancha_south,analytic,0.0,12.0,-20.0,5.0,1866.10,1861.10,0.000,0.000,0.000,0.000,0.000
ongudai,kayancha_south,analytic,0.0,12.0,-20.0,10.0,1871.10,1861.10,0.000,0.000,0.000,0.000,0.000
ongudai,kayancha_south,analytic,0.0,12.0,-20.0,30.0,1891.10,1861.10,0.000,0.000,0.000,0.000,0.000
ongudai,kayancha_south,analytic,0.0,12.0,-20.0,50.0,1911.10,1861.10,0.000,0.000,0.000,0.000,0.000
ongudai,kayancha_south,analytic,0.0,12.0,-20.0,100.0,1961.10,1861.10,0.000,0.000,0.000,0.000,0.000
ongudai,kayancha_south,analytic,0.0,12.0,-20.0,200.0,2061.10,1861.10,0.000,0.000,0.000,0.000,0.000
ongudai,kayancha_south,analytic,0.0,12.0,-20.0,300.0,2161.10,1861.10,0.000,0.000,0.000,0.000,0.000
ongudai,kayancha_south,analytic,0.0,12.0,-10.0,1.0,1865.94,1864.94,0.000,0.000,0.000,0.000,0.000
ongudai,kayancha_south,analytic,0.0,12.0,-10.0,1.5,1866.44,1864.94,0.000,0.000,0.000,0.000,0.000
ongudai,kayancha_south,analytic,0.0,12.0,-10.0,2.0,1866.94,1864.94,0.000,0.000,0.000,0.000,0.000
ongudai,kayancha_south,analytic,0.0,12.0,-10.0,3.0,1867.94,1864.94,0.000,0.000,0.000,0.000,0.000
ongudai,kayancha_south,analytic,0.0,12.0,-10.0,5.0,1869.94,1864.94,0.000,0.000,0.000,0.000,0.000
ongudai,kayancha_south,analytic,0.0,12.0,-10.0,10.0,1874.94,1864.94,0.000,0.000,0.000,0.000,0.000
ongudai,kayancha_south,analytic,0.0,12.0,-10.0,30.0,1894.94,1864.94,0.000,0.000,0.000,0.000,0.000
ongudai,kayancha_south,analytic,0.0,12.0,-10.0,50.0,1914.94,1864.94,0.000,0.000,0.000,0.000,0.000
ongudai,kayancha_south,analytic,0.0,12.0,-10.0,100.0,1964.94,1864.94,0.000,0.000,0.000,0.000,0.000
ongudai,kayancha_south,analytic,0.0,12.0,-10.0,200.0,2064.94,1864.94,0.000,0.000,0.000,0.000,0.000
ongudai,kayancha_south,analytic,0.0,12.0,-10.0,300.0,2164.94,1864.94,0.000,0.000,0.000,0.000,0.000
ongudai,kayancha_south,analytic,0.0,12.0,0.0,1.0,1869.76,1868.76,0.000,0.000,0.000,0.000,0.000
ongudai,kayancha_south,analytic,0.0,12.0,0.0,1.5,1870.26,1868.76,0.000,0.000,0.000,0.000,0.000
ongudai,kayancha_south,analytic,0.0,12.0,0.0,2.0,1870.76,1868.76,0.000,0.000,0.000,0.000,0.000
ongudai,kayancha_south,analytic,0.0,12.0,0.0,3.0,1871.76,1868.76,0.000,0.000,0.000,0.000,0.000
ongudai,kayancha_south,analytic,0.0,12.0,0.0,5.0,1873.76,1868.76,0.000,0.000,0.000,0.000,0.000
ongudai,kayancha_south,analytic,0.0,12.0,0.0,10.0,1878.76,1868.76,0.000,0.000,0.000,0.000,0.000
ongudai,kayancha_south,analytic,0.0,12.0,0.0,30.0,1898.76,1868.76,0.000,0.000,0.000,0.000,0.000
ongudai,kayancha_south,analytic,0.0,12.0,0.0,50.0,1918.76,1868.76,0.000,0.000,0.000,0.000,0.000
ongudai,kayancha_south,analytic,0.0,12.0,0.0,100.0,1968.76,1868.76,0.000,0.000,0.000,0.000,0.000
ongudai,kayancha_south,analytic,0.0,12.0,0.0,200.0,2068.76,1868.76,0.000,0.000,0.000,0.000,0.000
ongudai,kayancha_south,analytic,0.0,12.0,0.0,300.0,2168.76,1868.76,0.000,0.000,0.000,0.000,0.000
ongudai,kayancha_south,analytic,0.0,12.0,100.0,1.0,1875.42,1874.42,0.000,0.000,0.000,0.000,0.000
ongudai,kayancha_south,analytic,0.0,12.0,100.0,1.5,1875.92,1874.42,0.000,0.000,0.000,0.000,0.000
ongudai,kayancha_south,analytic,0.0,12.0,100.0,2.0,1876.42,1874.42,0.000,0.000,0.000,0.000,0.000
ongudai,kayancha_south,analytic,0.0,12.0,100.0,3.0,1877.42,1874.42,0.000,0.000,0.000,0.000,0.000
ongudai,kayancha_south,analytic,0.0,12.0,100.0,5.0,1879.42,1874.42,0.000,0.000,0.000,0.000,0.000
ongudai,kayancha_south,analytic,0.0,12.0,100.0,10.0,1884.42,1874.42,0.000,0.000,0.000,0.000,0.000
ongudai,kayancha_south,analytic,0.0,12.0,100.0,30.0,1904.42,1874.42,0.000,0.000,0.000,0.000,0.000
ongudai,kayancha_south,analytic,0.0,12.0,100.0,50.0,1924.42,1874.42,0.000,0.000,0.000,0.000,0.000
ongudai,kayancha_south,analytic,0.0,12.0,100.0,100.0,1974.42,1874.42,0.000,0.000,0.000,0.000,0.000
ongudai,kayancha_south,analytic,0.0,12.0,100.0,200.0,2074.42,1874.42,0.000,0.000,0.000,0.000,0.000
ongudai,kayancha_south,analytic,0.0,12.0,100.0,300.0,2174.42,1874.42,0.000,0.000,0.000,0.000,0.000
ongudai,kayancha_south,analytic,0.0,12.0,300.0,1.0,1846.10,1845.10,0.000,0.000,0.000,0.000,0.000
ongudai,kayancha_south,analytic,0.0,12.0,300.0,1.5,1846.60,1845.10,0.000,0.000,0.000,0.000,0.000
ongudai,kayancha_south,analytic,0.0,12.0,300.0,2.0,1847.10,1845.10,0.000,0.000,0.000,0.000,0.000
ongudai,kayancha_south,analytic,0.0,12.0,300.0,3.0,1848.10,1845.10,0.000,0.000,0.000,0.000,0.000
ongudai,kayancha_south,analytic,0.0,12.0,300.0,5.0,1850.10,1845.10,0.000,0.000,0.000,0.000,0.000
ongudai,kayancha_south,analytic,0.0,12.0,300.0,10.0,1855.10,1845.10,0.000,0.000,0.000,0.000,0.000
ongudai,kayancha_south,analytic,0.0,12.0,300.0,30.0,1875.10,1845.10,0.000,0.000,0.000,0.000,0.000
ongudai,kayancha_south,analytic,0.0,12.0,300.0,50.0,1895.10,1845.10,0.000,0.000,0.000,0.000,0.000
ongudai,kayancha_south,analytic,0.0,12.0,300.0,100.0,1945.10,1845.10,0.000,0.000,0.000,0.000,0.000
ongudai,kayancha_south,analytic,0.0,12.0,300.0,200.0,2045.10,1845.10,0.000,0.000,0.000,0.000,0.000
ongudai,kayancha_south,analytic,0.0,12.0,300.0,300.0,2145.10,1845.10,0.000,0.000,0.000,0.000,0.000
ongudai,kayancha_south,analytic,3.0,12.0,-3000.0,1.0,1096.18,1095.18,1.244,1.244,0.098,1.244,-0.000
ongudai,kayancha_south,analytic,3.0,12.0,-3000.0,1.5,1096.68,1095.18,1.263,1.263,0.099,1.302,0.000
ongudai,kayancha_south,analytic,3.0,12.0,-3000.0,2.0,1097.18,1095.18,1.316,1.316,0.103,1.345,0.000
ongudai,kayancha_south,analytic,3.0,12.0,-3000.0,3.0,1098.18,1095.18,1.390,1.390,0.109,1.409,0.000
ongudai,kayancha_south,analytic,3.0,12.0,-3000.0,5.0,1100.18,1095.18,1.484,1.484,0.116,1.496,-0.000
ongudai,kayancha_south,analytic,3.0,12.0,-3000.0,10.0,1105.18,1095.18,1.619,1.619,0.125,1.626,-0.000
ongudai,kayancha_south,analytic,3.0,12.0,-3000.0,30.0,1125.18,1095.18,1.877,1.877,0.140,1.879,0.000
ongudai,kayancha_south,analytic,3.0,12.0,-3000.0,50.0,1145.18,1095.18,2.031,2.031,0.142,2.033,-0.000
ongudai,kayancha_south,analytic,3.0,12.0,-3000.0,100.0,1195.18,1095.18,2.313,2.313,0.145,2.313,0.000
ongudai,kayancha_south,analytic,3.0,12.0,-3000.0,200.0,1295.18,1095.18,2.751,2.751,0.130,2.752,-0.000
ongudai,kayancha_south,analytic,3.0,12.0,-3000.0,300.0,1395.18,1095.18,3.016,3.016,0.092,3.016,0.000
ongudai,kayancha_south,analytic,3.0,12.0,-1000.0,1.0,1492.33,1491.33,0.734,0.734,-0.496,1.794,0.000
ongudai,kayancha_south,analytic,3.0,12.0,-1000.0,1.5,1492.83,1491.33,0.772,0.772,-0.516,1.879,0.000
ongudai,kayancha_south,analytic,3.0,12.0,-1000.0,2.0,1493.33,1491.33,0.805,0.805,-0.531,1.941,-0.000
ongudai,kayancha_south,analytic,3.0,12.0,-1000.0,3.0,1494.33,1491.33,0.858,0.858,-0.552,2.033,0.000
ongudai,kayancha_south,analytic,3.0,12.0,-1000.0,5.0,1496.33,1491.33,0.939,0.939,-0.574,2.156,-0.000
ongudai,kayancha_south,analytic,3.0,12.0,-1000.0,10.0,1501.33,1491.33,1.098,1.098,-0.581,2.339,0.000
ongudai,kayancha_south,analytic,3.0,12.0,-1000.0,30.0,1521.33,1491.33,1.610,1.610,-0.348,2.686,-0.000
ongudai,kayancha_south,analytic,3.0,12.0,-1000.0,50.0,1541.33,1491.33,2.093,2.093,0.006,2.887,0.000
ongudai,kayancha_south,analytic,3.0,12.0,-1000.0,100.0,1591.33,1491.33,3.236,3.236,1.169,3.236,-0.000
ongudai,kayancha_south,analytic,3.0,12.0,-1000.0,200.0,1691.33,1491.33,3.749,3.749,1.306,3.749,-0.000
ongudai,kayancha_south,analytic,3.0,12.0,-1000.0,300.0,1791.33,1491.33,4.018,4.018,0.320,4.018,0.000
ongudai,kayancha_south,analytic,3.0,12.0,-300.0,1.0,1739.55,1738.55,2.218,2.218,0.969,2.138,0.000
ongudai,kayancha_south,analytic,3.0,12.0,-300.0,1.5,1740.05,1738.55,2.297,2.297,1.001,2.238,0.000
ongudai,kayancha_south,analytic,3.0,12.0,-300.0,2.0,1740.55,1738.55,2.359,2.359,1.025,2.312,-0.000
ongudai,kayancha_south,analytic,3.0,12.0,-300.0,3.0,1741.55,1738.55,2.455,2.455,1.061,2.421,-0.000
ongudai,kayancha_south,analytic,3.0,12.0,-300.0,5.0,1743.55,1738.55,2.589,2.589,1.106,2.567,-0.000
ongudai,kayancha_south,analytic,3.0,12.0,-300.0,10.0,1748.55,1738.55,2.796,2.796,1.161,2.784,0.000
ongudai,kayancha_south,analytic,3.0,12.0,-300.0,30.0,1768.55,1738.55,3.193,3.193,1.180,3.189,0.000
ongudai,kayancha_south,analytic,3.0,12.0,-300.0,50.0,1788.55,1738.55,3.423,3.423,1.136,3.420,-0.000
ongudai,kayancha_south,analytic,3.0,12.0,-300.0,100.0,1838.55,1738.55,3.814,3.814,1.156,3.812,0.000
ongudai,kayancha_south,analytic,3.0,12.0,-300.0,200.0,1938.55,1738.55,4.373,4.373,0.914,4.372,-0.000
ongudai,kayancha_south,analytic,3.0,12.0,-300.0,300.0,2038.55,1738.55,4.643,4.643,0.763,4.643,0.000
ongudai,kayancha_south,analytic,3.0,12.0,-150.0,1.0,1809.93,1808.93,2.391,2.391,0.849,2.236,-0.000
ongudai,kayancha_south,analytic,3.0,12.0,-150.0,1.5,1810.43,1808.93,2.458,2.458,0.871,2.341,0.000
ongudai,kayancha_south,analytic,3.0,12.0,-150.0,2.0,1810.93,1808.93,2.513,2.513,0.888,2.418,-0.000
ongudai,kayancha_south,analytic,3.0,12.0,-150.0,3.0,1811.93,1808.93,2.602,2.602,0.914,2.532,-0.000
ongudai,kayancha_south,analytic,3.0,12.0,-150.0,5.0,1813.93,1808.93,2.731,2.731,0.948,2.685,0.000
ongudai,kayancha_south,analytic,3.0,12.0,-150.0,10.0,1818.93,1808.93,2.936,2.936,0.992,2.910,-0.000
ongudai,kayancha_south,analytic,3.0,12.0,-150.0,30.0,1838.93,1808.93,3.342,3.342,1.044,3.332,-0.000
ongudai,kayancha_south,analytic,3.0,12.0,-150.0,50.0,1858.93,1808.93,3.578,3.578,1.046,3.571,0.000
ongudai,kayancha_south,analytic,3.0,12.0,-150.0,100.0,1908.93,1808.93,3.980,3.980,1.075,3.976,-0.000
ongudai,kayancha_south,analytic,3.0,12.0,-150.0,200.0,2008.93,1808.93,4.551,4.551,0.596,4.549,0.000
ongudai,kayancha_south,analytic,3.0,12.0,-150.0,300.0,2108.93,1808.93,4.821,4.821,-0.151,4.821,-0.000
ongudai,kayancha_south,analytic,3.0,12.0,-50.0,1.0,1849.54,1848.54,2.345,2.345,0.836,2.291,0.000
ongudai,kayancha_south,analytic,3.0,12.0,-50.0,1.5,1850.04,1848.54,2.437,2.437,0.868,2.398,0.000
ongudai,kayancha_south,analytic,3.0,12.0,-50.0,2.0,1850.54,1848.54,2.508,2.508,0.892,2.478,-0.000
ongudai,kayancha_south,analytic,3.0,12.0,-50.0,3.0,1851.54,1848.54,2.616,2.616,0.927,2.594,0.000
ongudai,kayancha_south,analytic,3.0,12.0,-50.0,5.0,1853.54,1848.54,2.764,2.764,0.975,2.751,0.000
ongudai,kayancha_south,analytic,3.0,12.0,-50.0,10.0,1858.54,1848.54,2.989,2.989,1.039,2.982,0.000
ongudai,kayancha_south,analytic,3.0,12.0,-50.0,30.0,1878.54,1848.54,3.416,3.416,1.052,3.413,-0.000
ongudai,kayancha_south,analytic,3.0,12.0,-50.0,50.0,1898.54,1848.54,3.659,3.659,0.970,3.657,0.000
ongudai,kayancha_south,analytic,3.0,12.0,-50.0,100.0,1948.54,1848.54,4.069,4.069,0.418,4.068,-0.000
ongudai,kayancha_south,analytic,3.0,12.0,-50.0,200.0,2048.54,1848.54,4.649,4.649,-0.200,4.649,0.000
ongudai,kayancha_south,analytic,3.0,12.0,-50.0,300.0,2148.54,1848.54,4.921,4.921,-0.144,4.921,0.000
ongudai,kayancha_south,analytic,3.0,12.0,-30.0,1.0,1858.21,1857.21,2.416,2.416,0.815,2.303,-0.000
ongudai,kayancha_south,analytic,3.0,12.0,-30.0,1.5,1858.71,1857.21,2.495,2.495,0.839,2.411,-0.000
ongudai,kayancha_south,analytic,3.0,12.0,-30.0,2.0,1859.21,1857.21,2.558,2.558,0.857,2.491,-0.000
ongudai,kayancha_south,analytic,3.0,12.0,-30.0,3.0,1860.21,1857.21,2.656,2.656,0.884,2.608,-0.000
ongudai,kayancha_south,analytic,3.0,12.0,-30.0,5.0,1862.21,1857.21,2.797,2.797,0.919,2.765,0.000
ongudai,kayancha_south,analytic,3.0,12.0,-30.0,10.0,1867.21,1857.21,3.015,3.015,0.956,2.997,0.000
ongudai,kayancha_south,analytic,3.0,12.0,-30.0,30.0,1887.21,1857.21,3.437,3.437,0.923,3.430,-0.000
ongudai,kayancha_south,analytic,3.0,12.0,-30.0,50.0,1907.21,1857.21,3.680,3.680,0.727,3.675,-0.000
ongudai,kayancha_south,analytic,3.0,12.0,-30.0,100.0,1957.21,1857.21,4.091,4.091,0.090,4.089,0.000
ongudai,kayancha_south,analytic,3.0,12.0,-30.0,200.0,2057.21,1857.21,4.672,4.672,-0.166,4.670,0.000
ongudai,kayancha_south,analytic,3.0,12.0,-30.0,300.0,2157.21,1857.21,4.943,4.943,-0.182,4.943,-0.000
ongudai,kayancha_south,analytic,3.0,12.0,-20.0,1.0,1862.10,1861.10,2.387,2.387,0.765,2.309,0.000
ongudai,kayancha_south,analytic,3.0,12.0,-20.0,1.5,1862.60,1861.10,2.474,2.474,0.790,2.417,0.000
ongudai,kayancha_south,analytic,3.0,12.0,-20.0,2.0,1863.10,1861.10,2.542,2.542,0.808,2.497,-0.000
ongudai,kayancha_south,analytic,3.0,12.0,-20.0,3.0,1864.10,1861.10,2.647,2.647,0.835,2.614,-0.000
ongudai,kayancha_south,analytic,3.0,12.0,-20.0,5.0,1866.10,1861.10,2.792,2.792,0.868,2.771,0.000
ongudai,kayancha_south,analytic,3.0,12.0,-20.0,10.0,1871.10,1861.10,3.016,3.016,0.902,3.004,-0.000
ongudai,kayancha_south,analytic,3.0,12.0,-20.0,30.0,1891.10,1861.10,3.443,3.443,0.801,3.438,0.000
ongudai,kayancha_south,analytic,3.0,12.0,-20.0,50.0,1911.10,1861.10,3.687,3.687,0.587,3.684,0.000
ongudai,kayancha_south,analytic,3.0,12.0,-20.0,100.0,1961.10,1861.10,4.099,4.099,-0.052,4.098,0.000
ongudai,kayancha_south,analytic,3.0,12.0,-20.0,200.0,2061.10,1861.10,4.681,4.681,-0.158,4.680,-0.000
ongudai,kayancha_south,analytic,3.0,12.0,-20.0,300.0,2161.10,1861.10,4.952,4.952,-0.201,4.952,0.000
ongudai,kayancha_south,analytic,3.0,12.0,-10.0,1.0,1865.94,1864.94,2.341,2.341,0.704,2.314,-0.000
ongudai,kayancha_south,analytic,3.0,12.0,-10.0,1.5,1866.44,1864.94,2.441,2.441,0.730,2.422,0.000
ongudai,kayancha_south,analytic,3.0,12.0,-10.0,2.0,1866.94,1864.94,2.517,2.517,0.749,2.502,0.000
ongudai,kayancha_south,analytic,3.0,12.0,-10.0,3.0,1867.94,1864.94,2.631,2.631,0.776,2.620,0.000
ongudai,kayancha_south,analytic,3.0,12.0,-10.0,5.0,1869.94,1864.94,2.784,2.784,0.805,2.778,-0.000
ongudai,kayancha_south,analytic,3.0,12.0,-10.0,10.0,1874.94,1864.94,3.015,3.015,0.814,3.011,-0.000
ongudai,kayancha_south,analytic,3.0,12.0,-10.0,30.0,1894.94,1864.94,3.447,3.447,0.669,3.446,-0.000
ongudai,kayancha_south,analytic,3.0,12.0,-10.0,50.0,1914.94,1864.94,3.693,3.693,0.435,3.692,-0.000
ongudai,kayancha_south,analytic,3.0,12.0,-10.0,100.0,1964.94,1864.94,4.107,4.107,-0.130,4.107,-0.000
ongudai,kayancha_south,analytic,3.0,12.0,-10.0,200.0,2064.94,1864.94,4.690,4.690,-0.150,4.690,0.000
ongudai,kayancha_south,analytic,3.0,12.0,-10.0,300.0,2164.94,1864.94,4.962,4.962,-0.220,4.962,0.000
ongudai,kayancha_south,analytic,3.0,12.0,0.0,1.0,1869.76,1868.76,2.462,2.462,0.650,2.319,0.000
ongudai,kayancha_south,analytic,3.0,12.0,0.0,1.5,1870.26,1868.76,2.535,2.535,0.664,2.428,0.000
ongudai,kayancha_south,analytic,3.0,12.0,0.0,2.0,1870.76,1868.76,2.594,2.594,0.675,2.508,-0.000
ongudai,kayancha_south,analytic,3.0,12.0,0.0,3.0,1871.76,1868.76,2.689,2.689,0.689,2.626,-0.000
ongudai,kayancha_south,analytic,3.0,12.0,0.0,5.0,1873.76,1868.76,2.826,2.826,0.702,2.784,-0.000
ongudai,kayancha_south,analytic,3.0,12.0,0.0,10.0,1878.76,1868.76,3.041,3.041,0.695,3.018,0.000
ongudai,kayancha_south,analytic,3.0,12.0,0.0,30.0,1898.76,1868.76,3.463,3.463,0.519,3.454,-0.000
ongudai,kayancha_south,analytic,3.0,12.0,0.0,50.0,1918.76,1868.76,3.706,3.706,0.260,3.700,0.000
ongudai,kayancha_south,analytic,3.0,12.0,0.0,100.0,1968.76,1868.76,4.119,4.119,-0.183,4.116,0.000
ongudai,kayancha_south,analytic,3.0,12.0,0.0,200.0,2068.76,1868.76,4.701,4.701,-0.141,4.700,-0.000
ongudai,kayancha_south,analytic,3.0,12.0,0.0,300.0,2168.76,1868.76,4.972,4.972,-0.234,4.972,0.000
ongudai,kayancha_south,analytic,3.0,12.0,100.0,1.0,1875.42,1874.42,2.342,2.342,-0.223,2.327,0.000
ongudai,kayancha_south,analytic,3.0,12.0,100.0,1.5,1875.92,1874.42,2.436,2.436,-0.232,2.436,0.000
ongudai,kayancha_south,analytic,3.0,12.0,100.0,2.0,1876.42,1874.42,2.508,2.508,-0.238,2.517,0.000
ongudai,kayancha_south,analytic,3.0,12.0,100.0,3.0,1877.42,1874.42,2.619,2.619,-0.246,2.635,-0.000
ongudai,kayancha_south,analytic,3.0,12.0,100.0,5.0,1879.42,1874.42,2.770,2.770,-0.257,2.794,-0.000
ongudai,kayancha_south,analytic,3.0,12.0,100.0,10.0,1884.42,1874.42,2.999,2.999,-0.270,3.028,0.000
ongudai,kayancha_south,analytic,3.0,12.0,100.0,30.0,1904.42,1874.42,3.448,3.448,-0.252,3.465,-0.000
ongudai,kayancha_south,analytic,3.0,12.0,100.0,50.0,1924.42,1874.42,3.714,3.714,-0.216,3.713,-0.000
ongudai,kayancha_south,analytic,3.0,12.0,100.0,100.0,1974.42,1874.42,4.130,4.130,-0.212,4.129,0.000
ongudai,kayancha_south,analytic,3.0,12.0,100.0,200.0,2074.42,1874.42,4.714,4.714,-0.360,4.714,-0.000
ongudai,kayancha_south,analytic,3.0,12.0,100.0,300.0,2174.42,1874.42,4.986,4.986,-0.295,4.986,-0.000
ongudai,kayancha_south,analytic,3.0,12.0,300.0,1.0,1846.10,1845.10,1.839,1.839,-0.583,2.287,-0.000
ongudai,kayancha_south,analytic,3.0,12.0,300.0,1.5,1846.60,1845.10,1.933,1.933,-0.609,2.393,0.000
ongudai,kayancha_south,analytic,3.0,12.0,300.0,2.0,1847.10,1845.10,2.006,2.006,-0.628,2.473,0.000
ongudai,kayancha_south,analytic,3.0,12.0,300.0,3.0,1848.10,1845.10,2.119,2.119,-0.655,2.589,-0.000
ongudai,kayancha_south,analytic,3.0,12.0,300.0,5.0,1850.10,1845.10,2.281,2.281,-0.688,2.745,-0.000
ongudai,kayancha_south,analytic,3.0,12.0,300.0,10.0,1855.10,1845.10,2.550,2.550,-0.729,2.975,-0.000
ongudai,kayancha_south,analytic,3.0,12.0,300.0,30.0,1875.10,1845.10,3.140,3.140,-0.747,3.406,0.000
ongudai,kayancha_south,analytic,3.0,12.0,300.0,50.0,1895.10,1845.10,3.549,3.549,-0.693,3.649,-0.000
ongudai,kayancha_south,analytic,3.0,12.0,300.0,100.0,1945.10,1845.10,4.060,4.060,-0.555,4.060,0.000
ongudai,kayancha_south,analytic,3.0,12.0,300.0,200.0,2045.10,1845.10,4.640,4.640,-0.350,4.640,0.000
ongudai,kayancha_south,analytic,3.0,12.0,300.0,300.0,2145.10,1845.10,4.912,4.912,-0.243,4.912,-0.000
ongudai,kayancha_south,analytic,6.0,12.0,-3000.0,1.0,1096.18,1095.18,1.852,1.852,0.146,1.852,-0.000
ongudai,kayancha_south,analytic,6.0,12.0,-3000.0,1.5,1096.68,1095.18,1.915,1.915,0.151,2.043,-0.000
ongudai,kayancha_south,analytic,6.0,12.0,-3000.0,2.0,1097.18,1095.18,2.090,2.090,0.164,2.190,0.000
ongudai,kayancha_south,analytic,6.0,12.0,-3000.0,3.0,1098.18,1095.18,2.345,2.345,0.184,2.416,-0.000
ongudai,kayancha_south,analytic,6.0,12.0,-3000.0,5.0,1100.18,1095.18,2.690,2.690,0.210,2.738,-0.000
ongudai,kayancha_south,analytic,6.0,12.0,-3000.0,10.0,1105.18,1095.18,3.223,3.223,0.249,3.251,-0.000
ongudai,kayancha_south,analytic,6.0,12.0,-3000.0,30.0,1125.18,1095.18,4.313,4.313,0.321,4.326,-0.000
ongudai,kayancha_south,analytic,6.0,12.0,-3000.0,50.0,1145.18,1095.18,4.987,4.987,0.348,4.996,-0.000
ongudai,kayancha_south,analytic,6.0,12.0,-3000.0,100.0,1195.18,1095.18,6.208,6.208,0.390,6.213,0.000
ongudai,kayancha_south,analytic,6.0,12.0,-3000.0,200.0,1295.18,1095.18,8.073,8.073,0.380,8.076,0.000
ongudai,kayancha_south,analytic,6.0,12.0,-3000.0,300.0,1395.18,1095.18,9.713,9.713,0.297,9.716,-0.000
ongudai,kayancha_south,analytic,6.0,12.0,-1000.0,1.0,1492.33,1491.33,0.947,-0.947,-3.671,2.673,-0.000
ongudai,kayancha_south,analytic,6.0,12.0,-1000.0,1.5,1492.83,1491.33,0.981,-0.981,-4.011,2.947,-0.000
ongudai,kayancha_south,analytic,6.0,12.0,-1000.0,2.0,1493.33,1491.33,0.994,-0.994,-4.299,3.159,0.000
ongudai,kayancha_south,analytic,6.0,12.0,-1000.0,3.0,1494.33,1491.33,0.971,-0.971,-4.723,3.485,0.000
ongudai,kayancha_south,analytic,6.0,12.0,-1000.0,5.0,1496.33,1491.33,0.824,-0.824,-5.254,3.945,-0.000
ongudai,kayancha_south,analytic,6.0,12.0,-1000.0,10.0,1501.33,1491.33,0.243,-0.243,-5.669,4.677,0.000
ongudai,kayancha_south,analytic,6.0,12.0,-1000.0,30.0,1521.33,1491.33,2.387,2.387,-2.498,6.182,-0.000
ongudai,kayancha_south,analytic,6.0,12.0,-1000.0,50.0,1541.33,1491.33,4.584,4.584,-1.336,7.094,-0.000
ongudai,kayancha_south,analytic,6.0,12.0,-1000.0,100.0,1591.33,1491.33,8.690,8.690,3.140,8.691,-0.000
ongudai,kayancha_south,analytic,6.0,12.0,-1000.0,200.0,1691.33,1491.33,11.002,11.002,3.834,11.003,-0.000
ongudai,kayancha_south,analytic,6.0,12.0,-1000.0,300.0,1791.33,1491.33,12.942,12.942,1.031,12.942,0.000
ongudai,kayancha_south,analytic,6.0,12.0,-300.0,1.0,1739.55,1738.55,3.446,3.446,1.506,3.185,-0.000
ongudai,kayancha_south,analytic,6.0,12.0,-300.0,1.5,1740.05,1738.55,3.711,3.711,1.617,3.512,-0.000
ongudai,kayancha_south,analytic,6.0,12.0,-300.0,2.0,1740.55,1738.55,3.928,3.928,1.707,3.764,-0.000
ongudai,kayancha_south,analytic,6.0,12.0,-300.0,3.0,1741.55,1738.55,4.274,4.274,1.847,4.151,0.000
ongudai,kayancha_south,analytic,6.0,12.0,-300.0,5.0,1743.55,1738.55,4.784,4.784,2.044,4.699,0.000
ongudai,kayancha_south,analytic,6.0,12.0,-300.0,10.0,1748.55,1738.55,5.618,5.618,2.333,5.567,-0.000
ongudai,kayancha_south,analytic,6.0,12.0,-300.0,30.0,1768.55,1738.55,7.363,7.363,2.720,7.341,0.000
ongudai,kayancha_south,analytic,6.0,12.0,-300.0,50.0,1788.55,1738.55,8.420,8.420,2.795,8.404,-0.000
ongudai,kayancha_south,analytic,6.0,12.0,-300.0,100.0,1838.55,1738.55,10.247,10.247,3.106,10.238,0.000
ongudai,kayancha_south,analytic,6.0,12.0,-300.0,200.0,1938.55,1738.55,12.836,12.836,2.684,12.830,0.000
ongudai,kayancha_south,analytic,6.0,12.0,-300.0,300.0,2038.55,1738.55,14.960,14.960,2.457,14.955,-0.000
ongudai,kayancha_south,analytic,6.0,12.0,-150.0,1.0,1809.93,1808.93,3.845,3.845,1.366,3.331,0.000
ongudai,kayancha_south,analytic,6.0,12.0,-150.0,1.5,1810.43,1808.93,4.077,4.077,1.444,3.672,0.000
ongudai,kayancha_south,analytic,6.0,12.0,-150.0,2.0,1810.93,1808.93,4.274,4.274,1.510,3.936,0.000
ongudai,kayancha_south,analytic,6.0,12.0,-150.0,3.0,1811.93,1808.93,4.600,4.600,1.615,4.341,-0.000
ongudai,kayancha_south,analytic,6.0,12.0,-150.0,5.0,1813.93,1808.93,5.096,5.096,1.768,4.913,-0.000
ongudai,kayancha_south,analytic,6.0,12.0,-150.0,10.0,1818.93,1808.93,5.932,5.932,2.005,5.821,0.000
ongudai,kayancha_south,analytic,6.0,12.0,-150.0,30.0,1838.93,1808.93,7.720,7.720,2.411,7.670,0.000
ongudai,kayancha_south,analytic,6.0,12.0,-150.0,50.0,1858.93,1808.93,8.811,8.811,2.576,8.777,-0.000
ongudai,kayancha_south,analytic,6.0,12.0,-150.0,100.0,1908.93,1808.93,10.699,10.699,2.891,10.678,0.000
ongudai,kayancha_south,analytic,6.0,12.0,-150.0,200.0,2008.93,1808.93,13.363,13.363,1.751,13.350,0.000
ongudai,kayancha_south,analytic,6.0,12.0,-150.0,300.0,2108.93,1808.93,15.539,15.539,-0.485,15.528,-0.000
ongudai,kayancha_south,analytic,6.0,12.0,-50.0,1.0,1849.54,1848.54,3.586,3.586,1.278,3.413,-0.000
ongudai,kayancha_south,analytic,6.0,12.0,-50.0,1.5,1850.04,1848.54,3.893,3.893,1.386,3.763,0.000
ongudai,kayancha_south,analytic,6.0,12.0,-50.0,2.0,1850.54,1848.54,4.139,4.139,1.472,4.033,-0.000
ongudai,kayancha_south,analytic,6.0,12.0,-50.0,3.0,1851.54,1848.54,4.527,4.527,1.605,4.448,-0.000
ongudai,kayancha_south,analytic,6.0,12.0,-50.0,5.0,1853.54,1848.54,5.088,5.088,1.794,5.034,-0.000
ongudai,kayancha_south,analytic,6.0,12.0,-50.0,10.0,1858.54,1848.54,5.996,5.996,2.083,5.963,0.000
ongudai,kayancha_south,analytic,6.0,12.0,-50.0,30.0,1878.54,1848.54,7.870,7.870,2.424,7.856,0.000
ongudai,kayancha_south,analytic,6.0,12.0,-50.0,50.0,1898.54,1848.54,8.996,8.996,2.385,8.987,-0.000
ongudai,kayancha_south,analytic,6.0,12.0,-50.0,100.0,1948.54,1848.54,10.932,10.932,1.123,10.926,-0.000
ongudai,kayancha_south,analytic,6.0,12.0,-50.0,200.0,2048.54,1848.54,13.646,13.646,-0.586,13.642,0.000
ongudai,kayancha_south,analytic,6.0,12.0,-50.0,300.0,2148.54,1848.54,15.854,15.854,-0.463,15.851,0.000
ongudai,kayancha_south,analytic,6.0,12.0,-30.0,1.0,1858.21,1857.21,3.801,3.801,1.283,3.431,0.000
ongudai,kayancha_south,analytic,6.0,12.0,-30.0,1.5,1858.71,1857.21,4.069,4.069,1.368,3.783,-0.000
ongudai,kayancha_south,analytic,6.0,12.0,-30.0,2.0,1859.21,1857.21,4.291,4.291,1.438,4.054,-0.000
ongudai,kayancha_south,analytic,6.0,12.0,-30.0,3.0,1860.21,1857.21,4.650,4.650,1.548,4.471,0.000
ongudai,kayancha_south,analytic,6.0,12.0,-30.0,5.0,1862.21,1857.21,5.185,5.185,1.703,5.061,0.000
ongudai,kayancha_south,analytic,6.0,12.0,-30.0,10.0,1867.21,1857.21,6.070,6.070,1.925,5.994,-0.000
ongudai,kayancha_south,analytic,6.0,12.0,-30.0,30.0,1887.21,1857.21,7.930,7.930,2.130,7.897,-0.000
ongudai,kayancha_south,analytic,6.0,12.0,-30.0,50.0,1907.21,1857.21,9.056,9.056,1.789,9.033,-0.000
ongudai,kayancha_south,analytic,6.0,12.0,-30.0,100.0,1957.21,1857.21,10.994,10.994,0.242,10.980,-0.000
ongudai,kayancha_south,analytic,6.0,12.0,-30.0,200.0,2057.21,1857.21,13.715,13.715,-0.489,13.706,-0.000
ongudai,kayancha_south,analytic,6.0,12.0,-30.0,300.0,2157.21,1857.21,15.928,15.928,-0.586,15.922,-0.000
ongudai,kayancha_south,analytic,6.0,12.0,-20.0,1.0,1862.10,1861.10,3.694,3.694,1.183,3.439,0.000
ongudai,kayancha_south,analytic,6.0,12.0,-20.0,1.5,1862.60,1861.10,3.986,3.986,1.272,3.791,-0.000
ongudai,kayancha_south,analytic,6.0,12.0,-20.0,2.0,1863.10,1861.10,4.223,4.223,1.343,4.064,-0.000
ongudai,kayancha_south,analytic,6.0,12.0,-20.0,3.0,1864.10,1861.10,4.601,4.601,1.452,4.482,-0.000
ongudai,kayancha_south,analytic,6.0,12.0,-20.0,5.0,1866.10,1861.10,5.155,5.155,1.603,5.072,0.000
ongudai,kayancha_south,analytic,6.0,12.0,-20.0,10.0,1871.10,1861.10,6.058,6.058,1.812,6.008,-0.000
ongudai,kayancha_south,analytic,6.0,12.0,-20.0,30.0,1891.10,1861.10,7.937,7.937,1.846,7.915,-0.000
ongudai,kayancha_south,analytic,6.0,12.0,-20.0,50.0,1911.10,1861.10,9.068,9.068,1.444,9.053,0.000
ongudai,kayancha_south,analytic,6.0,12.0,-20.0,100.0,1961.10,1861.10,11.014,11.014,-0.141,11.004,0.000
ongudai,kayancha_south,analytic,6.0,12.0,-20.0,200.0,2061.10,1861.10,13.741,13.741,-0.463,13.735,0.000
ongudai,kayancha_south,analytic,6.0,12.0,-20.0,300.0,2161.10,1861.10,15.958,15.958,-0.647,15.953,-0.000
ongudai,kayancha_south,analytic,6.0,12.0,-10.0,1.0,1865.94,1864.94,3.532,3.532,1.062,3.447,-0.000
ongudai,kayancha_south,analytic,6.0,12.0,-10.0,1.5,1866.44,1864.94,3.864,3.864,1.156,3.800,-0.000
ongudai,kayancha_south,analytic,6.0,12.0,-10.0,2.0,1866.94,1864.94,4.124,4.124,1.228,4.073,-0.000
ongudai,kayancha_south,analytic,6.0,12.0,-10.0,3.0,1867.94,1864.94,4.530,4.530,1.336,4.492,0.000
ongudai,kayancha_south,analytic,6.0,12.0,-10.0,5.0,1869.94,1864.94,5.110,5.110,1.477,5.084,0.000
ongudai,kayancha_south,analytic,6.0,12.0,-10.0,10.0,1874.94,1864.94,6.038,6.038,1.630,6.022,0.000
ongudai,kayancha_south,analytic,6.0,12.0,-10.0,30.0,1894.94,1864.94,7.940,7.940,1.540,7.933,-0.000
ongudai,kayancha_south,analytic,6.0,12.0,-10.0,50.0,1914.94,1864.94,9.078,9.078,1.071,9.073,-0.000
ongudai,kayancha_south,analytic,6.0,12.0,-10.0,100.0,1964.94,1864.94,11.031,11.031,-0.348,11.029,0.000
ongudai,kayancha_south,analytic,6.0,12.0,-10.0,200.0,2064.94,1864.94,13.765,13.765,-0.439,13.763,-0.000
ongudai,kayancha_south,analytic,6.0,12.0,-10.0,300.0,2164.94,1864.94,15.986,15.986,-0.708,15.984,-0.000
ongudai,kayancha_south,analytic,6.0,12.0,0.0,1.0,1869.76,1868.76,3.926,3.926,1.037,3.455,0.000
ongudai,kayancha_south,analytic,6.0,12.0,0.0,1.5,1870.26,1868.76,4.177,4.177,1.095,3.809,0.000
ongudai,kayancha_south,analytic,6.0,12.0,0.0,2.0,1870.76,1868.76,4.389,4.389,1.142,4.082,0.000
ongudai,kayancha_south,analytic,6.0,12.0,0.0,3.0,1871.76,1868.76,4.736,4.736,1.213,4.502,-0.000
ongudai,kayancha_south,analytic,6.0,12.0,0.0,5.0,1873.76,1868.76,5.259,5.259,1.306,5.096,-0.000
ongudai,kayancha_south,analytic,6.0,12.0,0.0,10.0,1878.76,1868.76,6.135,6.135,1.402,6.036,0.000
ongudai,kayancha_south,analytic,6.0,12.0,0.0,30.0,1898.76,1868.76,7.995,7.995,1.199,7.951,-0.000
ongudai,kayancha_south,analytic,6.0,12.0,0.0,50.0,1918.76,1868.76,9.124,9.124,0.640,9.094,0.000
ongudai,kayancha_south,analytic,6.0,12.0,0.0,100.0,1968.76,1868.76,11.071,11.071,-0.492,11.052,-0.000
ongudai,kayancha_south,analytic,6.0,12.0,0.0,200.0,2068.76,1868.76,13.803,13.803,-0.413,13.792,-0.000
ongudai,kayancha_south,analytic,6.0,12.0,0.0,300.0,2168.76,1868.76,16.025,16.025,-0.753,16.016,-0.000
ongudai,kayancha_south,analytic,6.0,12.0,100.0,1.0,1875.42,1874.42,3.560,3.560,-0.371,3.466,0.000
ongudai,kayancha_south,analytic,6.0,12.0,100.0,1.5,1875.92,1874.42,3.877,3.877,-0.402,3.822,0.000
ongudai,kayancha_south,analytic,6.0,12.0,100.0,2.0,1876.42,1874.42,4.130,4.130,-0.426,4.096,-0.000
ongudai,kayancha_south,analytic,6.0,12.0,100.0,3.0,1877.42,1874.42,4.527,4.527,-0.462,4.518,0.000
ongudai,kayancha_south,analytic,6.0,12.0,100.0,5.0,1879.42,1874.42,5.097,5.097,-0.512,5.113,0.000
ongudai,kayancha_south,analytic,6.0,12.0,100.0,10.0,1884.42,1874.42,6.016,6.016,-0.581,6.056,-0.000
ongudai,kayancha_south,analytic,6.0,12.0,100.0,30.0,1904.42,1874.42,7.944,7.944,-0.607,7.977,0.000
ongudai,kayancha_south,analytic,6.0,12.0,100.0,50.0,1924.42,1874.42,9.134,9.134,-0.532,9.124,0.000
ongudai,kayancha_south,analytic,6.0,12.0,100.0,100.0,1974.42,1874.42,11.094,11.094,-0.569,11.088,-0.000
ongudai,kayancha_south,analytic,6.0,12.0,100.0,200.0,2074.42,1874.42,13.837,13.837,-1.057,13.833,-0.000
ongudai,kayancha_south,analytic,6.0,12.0,100.0,300.0,2174.42,1874.42,16.065,16.065,-0.951,16.062,0.000
ongudai,kayancha_south,analytic,6.0,12.0,300.0,1.0,1846.10,1845.10,2.222,2.222,-1.157,3.406,0.000
ongudai,kayancha_south,analytic,6.0,12.0,300.0,1.5,1846.60,1845.10,2.495,2.495,-1.271,3.755,-0.000
ongudai,kayancha_south,analytic,6.0,12.0,300.0,2.0,1847.10,1845.10,2.722,2.722,-1.357,4.025,0.000
ongudai,kayancha_south,analytic,6.0,12.0,300.0,3.0,1848.10,1845.10,3.100,3.100,-1.485,4.439,-0.000
ongudai,kayancha_south,analytic,6.0,12.0,300.0,5.0,1850.10,1845.10,3.701,3.701,-1.654,5.024,-0.000
ongudai,kayancha_south,analytic,6.0,12.0,300.0,10.0,1855.10,1845.10,4.793,4.793,-1.881,5.951,0.000
ongudai,kayancha_south,analytic,6.0,12.0,300.0,30.0,1875.10,1845.10,7.196,7.196,-2.052,7.840,-0.000
ongudai,kayancha_south,analytic,6.0,12.0,300.0,50.0,1895.10,1845.10,8.721,8.721,-1.835,8.968,0.000
ongudai,kayancha_south,analytic,6.0,12.0,300.0,100.0,1945.10,1845.10,10.905,10.905,-1.491,10.904,-0.000
ongudai,kayancha_south,analytic,6.0,12.0,300.0,200.0,2045.10,1845.10,13.617,13.617,-1.028,13.617,0.000
ongudai,kayancha_south,analytic,6.0,12.0,300.0,300.0,2145.10,1845.10,15.823,15.823,-0.784,15.823,-0.000
ongudai,kayancha_south,analytic,10.0,12.0,-3000.0,1.0,1096.18,1095.18,3.087,3.087,0.243,3.087,-0.000
ongudai,kayancha_south,analytic,10.0,12.0,-3000.0,1.5,1096.68,1095.18,3.191,3.191,0.251,3.404,0.000
ongudai,kayancha_south,analytic,10.0,12.0,-3000.0,2.0,1097.18,1095.18,3.483,3.483,0.274,3.650,0.000
ongudai,kayancha_south,analytic,10.0,12.0,-3000.0,3.0,1098.18,1095.18,3.908,3.908,0.306,4.027,0.000
ongudai,kayancha_south,analytic,10.0,12.0,-3000.0,5.0,1100.18,1095.18,4.483,4.483,0.350,4.563,0.000
ongudai,kayancha_south,analytic,10.0,12.0,-3000.0,10.0,1105.18,1095.18,5.372,5.372,0.415,5.419,0.000
ongudai,kayancha_south,analytic,10.0,12.0,-3000.0,30.0,1125.18,1095.18,7.189,7.189,0.535,7.209,0.000
ongudai,kayancha_south,analytic,10.0,12.0,-3000.0,50.0,1145.18,1095.18,8.312,8.312,0.581,8.326,0.000
ongudai,kayancha_south,analytic,10.0,12.0,-3000.0,100.0,1195.18,1095.18,10.346,10.346,0.649,10.355,-0.000
ongudai,kayancha_south,analytic,10.0,12.0,-3000.0,200.0,1295.18,1095.18,13.455,13.455,0.634,13.460,-0.000
ongudai,kayancha_south,analytic,10.0,12.0,-3000.0,300.0,1395.18,1095.18,16.189,16.189,0.494,16.193,-0.000
ongudai,kayancha_south,analytic,10.0,12.0,-1000.0,1.0,1492.33,1491.33,1.721,-1.721,-6.323,4.455,-0.000
ongudai,kayancha_south,analytic,10.0,12.0,-1000.0,1.5,1492.83,1491.33,1.785,-1.785,-6.908,4.912,0.000
ongudai,kayancha_south,analytic,10.0,12.0,-1000.0,2.0,1493.33,1491.33,1.813,-1.813,-7.401,5.265,-0.000
ongudai,kayancha_south,analytic,10.0,12.0,-1000.0,3.0,1494.33,1491.33,1.780,-1.780,-8.126,5.808,0.000
ongudai,kayancha_south,analytic,10.0,12.0,-1000.0,5.0,1496.33,1491.33,1.536,-1.536,-9.029,6.575,0.000
ongudai,kayancha_south,analytic,10.0,12.0,-1000.0,10.0,1501.33,1491.33,0.545,-0.545,-9.712,7.795,0.000
ongudai,kayancha_south,analytic,10.0,12.0,-1000.0,30.0,1521.33,1491.33,3.932,3.932,-4.223,10.303,0.000
ongudai,kayancha_south,analytic,10.0,12.0,-1000.0,50.0,1541.33,1491.33,7.631,7.631,-2.251,11.824,-0.000
ongudai,kayancha_south,analytic,10.0,12.0,-1000.0,100.0,1591.33,1491.33,14.484,14.484,5.233,14.485,-0.000
ongudai,kayancha_south,analytic,10.0,12.0,-1000.0,200.0,1691.33,1491.33,18.337,18.337,6.000,18.338,-0.000
ongudai,kayancha_south,analytic,10.0,12.0,-1000.0,300.0,1791.33,1491.33,21.569,21.569,1.718,21.570,0.000
ongudai,kayancha_south,analytic,10.0,12.0,-300.0,1.0,1739.55,1738.55,5.744,5.744,2.510,5.308,-0.000
ongudai,kayancha_south,analytic,10.0,12.0,-300.0,1.5,1740.05,1738.55,6.185,6.185,2.695,5.853,-0.000
ongudai,kayancha_south,analytic,10.0,12.0,-300.0,2.0,1740.55,1738.55,6.546,6.546,2.845,6.273,-0.000
ongudai,kayancha_south,analytic,10.0,12.0,-300.0,3.0,1741.55,1738.55,7.124,7.124,3.078,6.919,-0.000
ongudai,kayancha_south,analytic,10.0,12.0,-300.0,5.0,1743.55,1738.55,7.973,7.973,3.407,7.831,-0.000
ongudai,kayancha_south,analytic,10.0,12.0,-300.0,10.0,1748.55,1738.55,9.364,9.364,3.889,9.279,0.000
ongudai,kayancha_south,analytic,10.0,12.0,-300.0,30.0,1768.55,1738.55,12.272,12.272,4.533,12.234,-0.000
ongudai,kayancha_south,analytic,10.0,12.0,-300.0,50.0,1788.55,1738.55,14.033,14.033,4.659,14.007,-0.000
ongudai,kayancha_south,analytic,10.0,12.0,-300.0,100.0,1838.55,1738.55,17.079,17.079,5.177,17.063,-0.000
ongudai,kayancha_south,analytic,10.0,12.0,-300.0,200.0,1938.55,1738.55,21.393,21.393,4.474,21.383,0.000
ongudai,kayancha_south,analytic,10.0,12.0,-300.0,300.0,2038.55,1738.55,24.933,24.933,4.096,24.925,0.000
ongudai,kayancha_south,analytic,10.0,12.0,-150.0,1.0,1809.93,1808.93,6.408,6.408,2.277,5.551,0.000
ongudai,kayancha_south,analytic,10.0,12.0,-150.0,1.5,1810.43,1808.93,6.795,6.795,2.407,6.121,-0.000
ongudai,kayancha_south,analytic,10.0,12.0,-150.0,2.0,1810.93,1808.93,7.123,7.123,2.516,6.560,-0.000
ongudai,kayancha_south,analytic,10.0,12.0,-150.0,3.0,1811.93,1808.93,7.667,7.667,2.692,7.235,0.000
ongudai,kayancha_south,analytic,10.0,12.0,-150.0,5.0,1813.93,1808.93,8.493,8.493,2.947,8.189,0.000
ongudai,kayancha_south,analytic,10.0,12.0,-150.0,10.0,1818.93,1808.93,9.886,9.886,3.341,9.701,0.000
ongudai,kayancha_south,analytic,10.0,12.0,-150.0,30.0,1838.93,1808.93,12.867,12.867,4.018,12.784,0.000
ongudai,kayancha_south,analytic,10.0,12.0,-150.0,50.0,1858.93,1808.93,14.685,14.685,4.293,14.628,-0.000
ongudai,kayancha_south,analytic,10.0,12.0,-150.0,100.0,1908.93,1808.93,17.832,17.832,4.819,17.797,-0.000
ongudai,kayancha_south,analytic,10.0,12.0,-150.0,200.0,2008.93,1808.93,22.271,22.271,2.918,22.249,-0.000
ongudai,kayancha_south,analytic,10.0,12.0,-150.0,300.0,2108.93,1808.93,25.898,25.898,-0.809,25.881,-0.000
ongudai,kayancha_south,analytic,10.0,12.0,-50.0,1.0,1849.54,1848.54,5.976,5.976,2.131,5.688,0.000
ongudai,kayancha_south,analytic,10.0,12.0,-50.0,1.5,1850.04,1848.54,6.489,6.489,2.310,6.271,-0.000
ongudai,kayancha_south,analytic,10.0,12.0,-50.0,2.0,1850.54,1848.54,6.899,6.899,2.453,6.722,-0.000
ongudai,kayancha_south,analytic,10.0,12.0,-50.0,3.0,1851.54,1848.54,7.545,7.545,2.675,7.413,-0.000
ongudai,kayancha_south,analytic,10.0,12.0,-50.0,5.0,1853.54,1848.54,8.481,8.481,2.990,8.390,-0.000
ongudai,kayancha_south,analytic,10.0,12.0,-50.0,10.0,1858.54,1848.54,9.993,9.993,3.472,9.939,-0.000
ongudai,kayancha_south,analytic,10.0,12.0,-50.0,30.0,1878.54,1848.54,13.117,13.117,4.040,13.093,0.000
ongudai,kayancha_south,analytic,10.0,12.0,-50.0,50.0,1898.54,1848.54,14.994,14.994,3.974,14.978,0.000
ongudai,kayancha_south,analytic,10.0,12.0,-50.0,100.0,1948.54,1848.54,18.220,18.220,1.872,18.210,0.000
ongudai,kayancha_south,analytic,10.0,12.0,-50.0,200.0,2048.54,1848.54,22.743,22.743,-0.976,22.737,0.000
ongudai,kayancha_south,analytic,10.0,12.0,-50.0,300.0,2148.54,1848.54,26.423,26.423,-0.772,26.418,0.000
ongudai,kayancha_south,analytic,10.0,12.0,-30.0,1.0,1858.21,1857.21,6.335,6.335,2.138,5.718,-0.000
ongudai,kayancha_south,analytic,10.0,12.0,-30.0,1.5,1858.71,1857.21,6.781,6.781,2.281,6.304,0.000
ongudai,kayancha_south,analytic,10.0,12.0,-30.0,2.0,1859.21,1857.21,7.151,7.151,2.397,6.757,-0.000
ongudai,kayancha_south,analytic,10.0,12.0,-30.0,3.0,1860.21,1857.21,7.750,7.750,2.581,7.452,-0.000
ongudai,kayancha_south,analytic,10.0,12.0,-30.0,5.0,1862.21,1857.21,8.642,8.642,2.839,8.434,-0.000
ongudai,kayancha_south,analytic,10.0,12.0,-30.0,10.0,1867.21,1857.21,10.116,10.116,3.209,9.991,0.000
ongudai,kayancha_south,analytic,10.0,12.0,-30.0,30.0,1887.21,1857.21,13.217,13.217,3.551,13.161,0.000
ongudai,kayancha_south,analytic,10.0,12.0,-30.0,50.0,1907.21,1857.21,15.093,15.093,2.982,15.054,0.000
ongudai,kayancha_south,analytic,10.0,12.0,-30.0,100.0,1957.21,1857.21,18.324,18.324,0.404,18.300,-0.000
ongudai,kayancha_south,analytic,10.0,12.0,-30.0,200.0,2057.21,1857.21,22.859,22.859,-0.815,22.844,0.000
ongudai,kayancha_south,analytic,10.0,12.0,-30.0,300.0,2157.21,1857.21,26.547,26.547,-0.977,26.536,-0.000
ongudai,kayancha_south,analytic,10.0,12.0,-20.0,1.0,1862.10,1861.10,6.157,6.157,1.972,5.731,0.000
ongudai,kayancha_south,analytic,10.0,12.0,-20.0,1.5,1862.60,1861.10,6.643,6.643,2.120,6.319,-0.000
ongudai,kayancha_south,analytic,10.0,12.0,-20.0,2.0,1863.10,1861.10,7.039,7.039,2.238,6.773,-0.000
ongudai,kayancha_south,analytic,10.0,12.0,-20.0,3.0,1864.10,1861.10,7.669,7.669,2.421,7.470,-0.000
ongudai,kayancha_south,analytic,10.0,12.0,-20.0,5.0,1866.10,1861.10,8.592,8.592,2.671,8.454,-0.000
ongudai,kayancha_south,analytic,10.0,12.0,-20.0,10.0,1871.10,1861.10,10.097,10.097,3.020,10.014,0.000
ongudai,kayancha_south,analytic,10.0,12.0,-20.0,30.0,1891.10,1861.10,13.228,13.228,3.077,13.191,-0.000
ongudai,kayancha_south,analytic,10.0,12.0,-20.0,50.0,1911.10,1861.10,15.114,15.114,2.406,15.089,-0.000
ongudai,kayancha_south,analytic,10.0,12.0,-20.0,100.0,1961.10,1861.10,18.356,18.356,-0.235,18.341,-0.000
ongudai,kayancha_south,analytic,10.0,12.0,-20.0,200.0,2061.10,1861.10,22.901,22.901,-0.772,22.892,0.000
ongudai,kayancha_south,analytic,10.0,12.0,-20.0,300.0,2161.10,1861.10,26.596,26.596,-1.079,26.589,0.000
ongudai,kayancha_south,analytic,10.0,12.0,-10.0,1.0,1865.94,1864.94,5.887,5.887,1.769,5.745,-0.000
ongudai,kayancha_south,analytic,10.0,12.0,-10.0,1.5,1866.44,1864.94,6.440,6.440,1.926,6.334,0.000
ongudai,kayancha_south,analytic,10.0,12.0,-10.0,2.0,1866.94,1864.94,6.874,6.874,2.047,6.788,-0.000
ongudai,kayancha_south,analytic,10.0,12.0,-10.0,3.0,1867.94,1864.94,7.550,7.550,2.226,7.487,-0.000
ongudai,kayancha_south,analytic,10.0,12.0,-10.0,5.0,1869.94,1864.94,8.517,8.517,2.461,8.473,0.000
ongudai,kayancha_south,analytic,10.0,12.0,-10.0,10.0,1874.94,1864.94,10.063,10.063,2.717,10.037,0.000
ongudai,kayancha_south,analytic,10.0,12.0,-10.0,30.0,1894.94,1864.94,13.233,13.233,2.567,13.221,-0.000
ongudai,kayancha_south,analytic,10.0,12.0,-10.0,50.0,1914.94,1864.94,15.130,15.130,1.784,15.122,0.000
ongudai,kayancha_south,analytic,10.0,12.0,-10.0,100.0,1964.94,1864.94,18.386,18.386,-0.580,18.381,-0.000
ongudai,kayancha_south,analytic,10.0,12.0,-10.0,200.0,2064.94,1864.94,22.942,22.942,-0.732,22.939,-0.000
ongudai,kayancha_south,analytic,10.0,12.0,-10.0,300.0,2164.94,1864.94,26.643,26.643,-1.179,26.641,0.000
ongudai,kayancha_south,analytic,10.0,12.0,0.0,1.0,1869.76,1868.76,6.543,6.543,1.728,5.758,0.000
ongudai,kayancha_south,analytic,10.0,12.0,0.0,1.5,1870.26,1868.76,6.962,6.962,1.825,6.348,0.000
ongudai,kayancha_south,analytic,10.0,12.0,0.0,2.0,1870.76,1868.76,7.315,7.315,1.903,6.804,-0.000
ongudai,kayancha_south,analytic,10.0,12.0,0.0,3.0,1871.76,1868.76,7.893,7.893,2.022,7.504,-0.000
ongudai,kayancha_south,analytic,10.0,12.0,0.0,5.0,1873.76,1868.76,8.766,8.766,2.176,8.493,-0.000
ongudai,kayancha_south,analytic,10.0,12.0,0.0,10.0,1878.76,1868.76,10.226,10.226,2.337,10.060,-0.000
ongudai,kayancha_south,analytic,10.0,12.0,0.0,30.0,1898.76,1868.76,13.325,13.325,1.998,13.251,-0.000
ongudai,kayancha_south,analytic,10.0,12.0,0.0,50.0,1918.76,1868.76,15.207,15.207,1.067,15.156,-0.000
ongudai,kayancha_south,analytic,10.0,12.0,0.0,100.0,1968.76,1868.76,18.452,18.452,-0.819,18.421,0.000
ongudai,kayancha_south,analytic,10.0,12.0,0.0,200.0,2068.76,1868.76,23.005,23.005,-0.689,22.986,-0.000
ongudai,kayancha_south,analytic,10.0,12.0,0.0,300.0,2168.76,1868.76,26.708,26.708,-1.254,26.693,0.000
ongudai,kayancha_south,analytic,10.0,12.0,100.0,1.0,1875.42,1874.42,5.934,5.934,-0.619,5.777,0.000
ongudai,kayancha_south,analytic,10.0,12.0,100.0,1.5,1875.92,1874.42,6.461,6.461,-0.670,6.370,0.000
ongudai,kayancha_south,analytic,10.0,12.0,100.0,2.0,1876.42,1874.42,6.883,6.883,-0.710,6.827,-0.000
ongudai,kayancha_south,analytic,10.0,12.0,100.0,3.0,1877.42,1874.42,7.545,7.545,-0.771,7.529,0.000
ongudai,kayancha_south,analytic,10.0,12.0,100.0,5.0,1879.42,1874.42,8.495,8.495,-0.854,8.522,0.000
ongudai,kayancha_south,analytic,10.0,12.0,100.0,10.0,1884.42,1874.42,10.027,10.027,-0.969,10.094,-0.000
ongudai,kayancha_south,analytic,10.0,12.0,100.0,30.0,1904.42,1874.42,13.240,13.240,-1.011,13.295,-0.000
ongudai,kayancha_south,analytic,10.0,12.0,100.0,50.0,1924.42,1874.42,15.223,15.223,-0.887,15.206,-0.000
ongudai,kayancha_south,analytic,10.0,12.0,100.0,100.0,1974.42,1874.42,18.490,18.490,-0.948,18.480,-0.000
ongudai,kayancha_south,analytic,10.0,12.0,100.0,200.0,2074.42,1874.42,23.062,23.062,-1.762,23.056,0.000
ongudai,kayancha_south,analytic,10.0,12.0,100.0,300.0,2174.42,1874.42,26.774,26.774,-1.584,26.769,-0.000
ongudai,kayancha_south,analytic,10.0,12.0,300.0,1.0,1846.10,1845.10,3.703,3.703,-1.929,5.676,0.000
ongudai,kayancha_south,analytic,10.0,12.0,300.0,1.5,1846.60,1845.10,4.159,4.159,-2.118,6.258,0.000
ongudai,kayancha_south,analytic,10.0,12.0,300.0,2.0,1847.10,1845.10,4.537,4.537,-2.261,6.708,-0.000
ongudai,kayancha_south,analytic,10.0,12.0,300.0,3.0,1848.10,1845.10,5.167,5.167,-2.475,7.398,-0.000
ongudai,kayancha_south,analytic,10.0,12.0,300.0,5.0,1850.10,1845.10,6.169,6.169,-2.757,8.373,0.000
ongudai,kayancha_south,analytic,10.0,12.0,300.0,10.0,1855.10,1845.10,7.988,7.988,-3.135,9.918,-0.000
ongudai,kayancha_south,analytic,10.0,12.0,300.0,30.0,1875.10,1845.10,11.993,11.993,-3.420,13.066,0.000
ongudai,kayancha_south,analytic,10.0,12.0,300.0,50.0,1895.10,1845.10,14.535,14.535,-3.058,14.947,-0.000
ongudai,kayancha_south,analytic,10.0,12.0,300.0,100.0,1945.10,1845.10,18.174,18.174,-2.485,18.174,-0.000
ongudai,kayancha_south,analytic,10.0,12.0,300.0,200.0,2045.10,1845.10,22.695,22.695,-1.713,22.695,0.000
ongudai,kayancha_south,analytic,10.0,12.0,300.0,300.0,2145.10,1845.10,26.372,26.372,-1.307,26.372,-0.000
altai,sinyukha_west,field,0.0,12.0,-3000.0,1.0,383.47,382.47,0.230,-0.157,0.000,0.000,0.168
altai,sinyukha_west,field,0.0,12.0,-3000.0,1.5,383.97,382.47,0.264,-0.180,0.000,0.000,0.194
altai,sinyukha_west,field,0.0,12.0,-3000.0,2.0,384.47,382.47,0.290,-0.197,0.000,0.000,0.212
altai,sinyukha_west,field,0.0,12.0,-3000.0,3.0,385.47,382.47,0.326,-0.222,0.000,0.000,0.239
altai,sinyukha_west,field,0.0,12.0,-3000.0,5.0,387.47,382.47,0.373,-0.254,0.000,0.000,0.273
altai,sinyukha_west,field,0.0,12.0,-3000.0,10.0,392.47,382.47,0.437,-0.297,0.000,0.000,0.320
altai,sinyukha_west,field,0.0,12.0,-3000.0,30.0,412.47,382.47,0.540,-0.368,0.000,0.000,0.395
altai,sinyukha_west,field,0.0,12.0,-3000.0,50.0,432.47,382.47,0.582,-0.399,0.000,0.000,0.424
altai,sinyukha_west,field,0.0,12.0,-3000.0,100.0,482.47,382.47,0.613,-0.435,0.000,0.000,0.432
altai,sinyukha_west,field,0.0,12.0,-3000.0,200.0,582.47,382.47,0.590,-0.434,0.000,0.000,0.400
altai,sinyukha_west,field,0.0,12.0,-3000.0,300.0,682.47,382.47,0.563,-0.423,0.000,0.000,0.372
altai,sinyukha_west,field,0.0,12.0,-1000.0,1.0,717.11,716.11,0.133,0.105,0.000,0.000,0.082
altai,sinyukha_west,field,0.0,12.0,-1000.0,1.5,717.61,716.11,0.151,0.119,0.000,0.000,0.092
altai,sinyukha_west,field,0.0,12.0,-1000.0,2.0,718.11,716.11,0.164,0.130,0.000,0.000,0.100
altai,sinyukha_west,field,0.0,12.0,-1000.0,3.0,719.11,716.11,0.183,0.144,0.000,0.000,0.112
altai,sinyukha_west,field,0.0,12.0,-1000.0,5.0,721.11,716.11,0.207,0.164,0.000,0.000,0.127
altai,sinyukha_west,field,0.0,12.0,-1000.0,10.0,726.11,716.11,0.246,0.194,0.000,0.000,0.151
altai,sinyukha_west,field,0.0,12.0,-1000.0,30.0,746.11,716.11,0.359,0.306,0.000,0.000,0.188
altai,sinyukha_west,field,0.0,12.0,-1000.0,50.0,766.11,716.11,0.386,0.339,0.000,0.000,0.183
altai,sinyukha_west,field,0.0,12.0,-1000.0,100.0,816.11,716.11,0.402,0.374,0.000,0.000,0.148
altai,sinyukha_west,field,0.0,12.0,-1000.0,200.0,916.11,716.11,0.421,0.413,0.000,0.000,0.085
altai,sinyukha_west,field,0.0,12.0,-1000.0,300.0,1016.11,716.11,0.437,0.436,0.000,0.000,0.032
altai,sinyukha_west,field,0.0,12.0,-300.0,1.0,975.18,974.18,0.192,0.192,0.000,0.000,-0.003
altai,sinyukha_west,field,0.0,12.0,-300.0,1.5,975.68,974.18,0.210,0.210,0.000,0.000,-0.003
altai,sinyukha_west,field,0.0,12.0,-300.0,2.0,976.18,974.18,0.225,0.225,0.000,0.000,-0.004
altai,sinyukha_west,field,0.0,12.0,-300.0,3.0,977.18,974.18,0.247,0.247,0.000,0.000,-0.004
altai,sinyukha_west,field,0.0,12.0,-300.0,5.0,979.18,974.18,0.278,0.278,0.000,0.000,-0.006
altai,sinyukha_west,field,0.0,12.0,-300.0,10.0,984.18,974.18,0.345,0.344,0.000,0.000,-0.017
altai,sinyukha_west,field,0.0,12.0,-300.0,30.0,1004.18,974.18,0.588,0.584,0.000,0.000,-0.064
altai,sinyukha_west,field,0.0,12.0,-300.0,50.0,1024.18,974.18,0.659,0.653,0.000,0.000,-0.091
altai,sinyukha_west,field,0.0,12.0,-300.0,100.0,1074.18,974.18,0.712,0.700,0.000,0.000,-0.132
altai,sinyukha_west,field,0.0,12.0,-300.0,200.0,1174.18,974.18,0.739,0.714,0.000,0.000,-0.188
altai,sinyukha_west,field,0.0,12.0,-300.0,300.0,1274.18,974.18,0.708,0.675,0.000,0.000,-0.216
altai,sinyukha_west,field,0.0,12.0,-150.0,1.0,1035.89,1034.89,0.168,0.141,0.000,0.000,-0.091
altai,sinyukha_west,field,0.0,12.0,-150.0,1.5,1036.39,1034.89,0.203,0.171,0.000,0.000,-0.111
altai,sinyukha_west,field,0.0,12.0,-150.0,2.0,1036.89,1034.89,0.228,0.191,0.000,0.000,-0.124
altai,sinyukha_west,field,0.0,12.0,-150.0,3.0,1037.89,1034.89,0.261,0.219,0.000,0.000,-0.142
altai,sinyukha_west,field,0.0,12.0,-150.0,5.0,1039.89,1034.89,0.302,0.253,0.000,0.000,-0.165
altai,sinyukha_west,field,0.0,12.0,-150.0,10.0,1044.89,1034.89,0.357,0.299,0.000,0.000,-0.195
altai,sinyukha_west,field,0.0,12.0,-150.0,30.0,1064.89,1034.89,0.571,0.526,0.000,0.000,-0.220
altai,sinyukha_west,field,0.0,12.0,-150.0,50.0,1084.89,1034.89,0.767,0.733,0.000,0.000,-0.225
altai,sinyukha_west,field,0.0,12.0,-150.0,100.0,1134.89,1034.89,0.845,0.805,0.000,0.000,-0.257
altai,sinyukha_west,field,0.0,12.0,-150.0,200.0,1234.89,1034.89,0.814,0.764,0.000,0.000,-0.281
altai,sinyukha_west,field,0.0,12.0,-150.0,300.0,1334.89,1034.89,0.727,0.672,0.000,0.000,-0.278
altai,sinyukha_west,field,0.0,12.0,-50.0,1.0,1086.25,1085.25,0.379,0.328,0.000,0.000,-0.189
altai,sinyukha_west,field,0.0,12.0,-50.0,1.5,1086.75,1085.25,0.428,0.371,0.000,0.000,-0.213
altai,sinyukha_west,field,0.0,12.0,-50.0,2.0,1087.25,1085.25,0.465,0.404,0.000,0.000,-0.231
altai,sinyukha_west,field,0.0,12.0,-50.0,3.0,1088.25,1085.25,0.519,0.451,0.000,0.000,-0.257
altai,sinyukha_west,field,0.0,12.0,-50.0,5.0,1090.25,1085.25,0.591,0.513,0.000,0.000,-0.292
altai,sinyukha_west,field,0.0,12.0,-50.0,10.0,1095.25,1085.25,0.692,0.605,0.000,0.000,-0.337
altai,sinyukha_west,field,0.0,12.0,-50.0,30.0,1115.25,1085.25,0.952,0.883,0.000,0.000,-0.355
altai,sinyukha_west,field,0.0,12.0,-50.0,50.0,1135.25,1085.25,0.989,0.924,0.000,0.000,-0.351
altai,sinyukha_west,field,0.0,12.0,-50.0,100.0,1185.25,1085.25,0.929,0.863,0.000,0.000,-0.346
altai,sinyukha_west,field,0.0,12.0,-50.0,200.0,1285.25,1085.25,0.810,0.741,0.000,0.000,-0.327
altai,sinyukha_west,field,0.0,12.0,-50.0,300.0,1385.25,1085.25,0.688,0.619,0.000,0.000,-0.300
altai,sinyukha_west,field,0.0,12.0,-30.0,1.0,1096.17,1095.17,0.568,0.522,0.000,0.000,-0.223
altai,sinyukha_west,field,0.0,12.0,-30.0,1.5,1096.67,1095.17,0.610,0.561,0.000,0.000,-0.240
altai,sinyukha_west,field,0.0,12.0,-30.0,2.0,1097.17,1095.17,0.644,0.592,0.000,0.000,-0.253
altai,sinyukha_west,field,0.0,12.0,-30.0,3.0,1098.17,1095.17,0.698,0.642,0.000,0.000,-0.274
altai,sinyukha_west,field,0.0,12.0,-30.0,5.0,1100.17,1095.17,0.773,0.711,0.000,0.000,-0.304
altai,sinyukha_west,field,0.0,12.0,-30.0,10.0,1105.17,1095.17,0.888,0.818,0.000,0.000,-0.346
altai,sinyukha_west,field,0.0,12.0,-30.0,30.0,1125.17,1095.17,1.018,0.946,0.000,0.000,-0.377
altai,sinyukha_west,field,0.0,12.0,-30.0,50.0,1145.17,1095.17,1.000,0.928,0.000,0.000,-0.372
altai,sinyukha_west,field,0.0,12.0,-30.0,100.0,1195.17,1095.17,0.929,0.857,0.000,0.000,-0.358
altai,sinyukha_west,field,0.0,12.0,-30.0,200.0,1295.17,1095.17,0.802,0.730,0.000,0.000,-0.332
altai,sinyukha_west,field,0.0,12.0,-30.0,300.0,1395.17,1095.17,0.675,0.604,0.000,0.000,-0.302
altai,sinyukha_west,field,0.0,12.0,-20.0,1.0,1100.54,1099.54,0.614,0.569,0.000,0.000,-0.231
altai,sinyukha_west,field,0.0,12.0,-20.0,1.5,1101.04,1099.54,0.659,0.611,0.000,0.000,-0.248
altai,sinyukha_west,field,0.0,12.0,-20.0,2.0,1101.54,1099.54,0.697,0.646,0.000,0.000,-0.262
altai,sinyukha_west,field,0.0,12.0,-20.0,3.0,1102.54,1099.54,0.755,0.700,0.000,0.000,-0.284
altai,sinyukha_west,field,0.0,12.0,-20.0,5.0,1104.54,1099.54,0.836,0.775,0.000,0.000,-0.314
altai,sinyukha_west,field,0.0,12.0,-20.0,10.0,1109.54,1099.54,0.950,0.880,0.000,0.000,-0.357
altai,sinyukha_west,field,0.0,12.0,-20.0,30.0,1129.54,1099.54,1.023,0.948,0.000,0.000,-0.386
altai,sinyukha_west,field,0.0,12.0,-20.0,50.0,1149.54,1099.54,1.000,0.925,0.000,0.000,-0.380
altai,sinyukha_west,field,0.0,12.0,-20.0,100.0,1199.54,1099.54,0.927,0.853,0.000,0.000,-0.364
altai,sinyukha_west,field,0.0,12.0,-20.0,200.0,1299.54,1099.54,0.798,0.724,0.000,0.000,-0.335
altai,sinyukha_west,field,0.0,12.0,-20.0,300.0,1399.54,1099.54,0.669,0.597,0.000,0.000,-0.303
altai,sinyukha_west,field,0.0,12.0,-10.0,1.0,1104.26,1103.26,0.660,0.609,0.000,0.000,-0.255
altai,sinyukha_west,field,0.0,12.0,-10.0,1.5,1104.76,1103.26,0.705,0.650,0.000,0.000,-0.272
altai,sinyukha_west,field,0.0,12.0,-10.0,2.0,1105.26,1103.26,0.741,0.684,0.000,0.000,-0.286
altai,sinyukha_west,field,0.0,12.0,-10.0,3.0,1106.26,1103.26,0.799,0.737,0.000,0.000,-0.309
altai,sinyukha_west,field,0.0,12.0,-10.0,5.0,1108.26,1103.26,0.874,0.806,0.000,0.000,-0.337
altai,sinyukha_west,field,0.0,12.0,-10.0,10.0,1113.26,1103.26,0.973,0.898,0.000,0.000,-0.375
altai,sinyukha_west,field,0.0,12.0,-10.0,30.0,1133.26,1103.26,1.019,0.940,0.000,0.000,-0.393
altai,sinyukha_west,field,0.0,12.0,-10.0,50.0,1153.26,1103.26,0.995,0.917,0.000,0.000,-0.386
altai,sinyukha_west,field,0.0,12.0,-10.0,100.0,1203.26,1103.26,0.923,0.846,0.000,0.000,-0.368
altai,sinyukha_west,field,0.0,12.0,-10.0,200.0,1303.26,1103.26,0.793,0.718,0.000,0.000,-0.337
altai,sinyukha_west,field,0.0,12.0,-10.0,300.0,1403.26,1103.26,0.664,0.590,0.000,0.000,-0.303
altai,sinyukha_west,field,0.0,12.0,0.0,1.0,1107.89,1106.89,0.772,0.709,0.000,0.000,-0.306
altai,sinyukha_west,field,0.0,12.0,0.0,1.5,1108.39,1106.89,0.804,0.738,0.000,0.000,-0.318
altai,sinyukha_west,field,0.0,12.0,0.0,2.0,1108.89,1106.89,0.832,0.764,0.000,0.000,-0.329
altai,sinyukha_west,field,0.0,12.0,0.0,3.0,1109.89,1106.89,0.875,0.803,0.000,0.000,-0.346
altai,sinyukha_west,field,0.0,12.0,0.0,5.0,1111.89,1106.89,0.925,0.850,0.000,0.000,-0.366
altai,sinyukha_west,field,0.0,12.0,0.0,10.0,1116.89,1106.89,0.996,0.915,0.000,0.000,-0.393
altai,sinyukha_west,field,0.0,12.0,0.0,30.0,1136.89,1106.89,1.015,0.933,0.000,0.000,-0.400
altai,sinyukha_west,field,0.0,12.0,0.0,50.0,1156.89,1106.89,0.990,0.909,0.000,0.000,-0.392
altai,sinyukha_west,field,0.0,12.0,0.0,100.0,1206.89,1106.89,0.919,0.840,0.000,0.000,-0.373
altai,sinyukha_west,field,0.0,12.0,0.0,200.0,1306.89,1106.89,0.788,0.712,0.000,0.000,-0.339
altai,sinyukha_west,field,0.0,12.0,0.0,300.0,1406.89,1106.89,0.658,0.583,0.000,0.000,-0.304
altai,sinyukha_west,field,0.0,12.0,100.0,1.0,1097.30,1096.30,0.383,0.339,0.000,0.000,-0.179
altai,sinyukha_west,field,0.0,12.0,100.0,1.5,1097.80,1096.30,0.456,0.403,0.000,0.000,-0.213
altai,sinyukha_west,field,0.0,12.0,100.0,2.0,1098.30,1096.30,0.507,0.448,0.000,0.000,-0.236
altai,sinyukha_west,field,0.0,12.0,100.0,3.0,1099.30,1096.30,0.578,0.511,0.000,0.000,-0.270
altai,sinyukha_west,field,0.0,12.0,100.0,5.0,1101.30,1096.30,0.653,0.577,0.000,0.000,-0.305
altai,sinyukha_west,field,0.0,12.0,100.0,10.0,1106.30,1096.30,0.789,0.698,0.000,0.000,-0.368
altai,sinyukha_west,field,0.0,12.0,100.0,30.0,1126.30,1096.30,1.007,0.892,0.000,0.000,-0.468
altai,sinyukha_west,field,0.0,12.0,100.0,50.0,1146.30,1096.30,0.986,0.875,0.000,0.000,-0.455
altai,sinyukha_west,field,0.0,12.0,100.0,100.0,1196.30,1096.30,0.917,0.814,0.000,0.000,-0.421
altai,sinyukha_west,field,0.0,12.0,100.0,200.0,1296.30,1096.30,0.785,0.692,0.000,0.000,-0.370
altai,sinyukha_west,field,0.0,12.0,100.0,300.0,1396.30,1096.30,0.651,0.565,0.000,0.000,-0.323
altai,sinyukha_west,field,0.0,12.0,300.0,1.0,1057.97,1056.97,0.192,0.175,0.000,0.000,-0.077
altai,sinyukha_west,field,0.0,12.0,300.0,1.5,1058.47,1056.97,0.214,0.196,0.000,0.000,-0.086
altai,sinyukha_west,field,0.0,12.0,300.0,2.0,1058.97,1056.97,0.231,0.211,0.000,0.000,-0.093
altai,sinyukha_west,field,0.0,12.0,300.0,3.0,1059.97,1056.97,0.256,0.234,0.000,0.000,-0.103
altai,sinyukha_west,field,0.0,12.0,300.0,5.0,1061.97,1056.97,0.294,0.269,0.000,0.000,-0.117
altai,sinyukha_west,field,0.0,12.0,300.0,10.0,1066.97,1056.97,0.374,0.344,0.000,0.000,-0.147
altai,sinyukha_west,field,0.0,12.0,300.0,30.0,1086.97,1056.97,0.662,0.590,0.000,0.000,-0.299
altai,sinyukha_west,field,0.0,12.0,300.0,50.0,1106.97,1056.97,0.756,0.651,0.000,0.000,-0.384
altai,sinyukha_west,field,0.0,12.0,300.0,100.0,1156.97,1056.97,0.795,0.672,0.000,0.000,-0.426
altai,sinyukha_west,field,0.0,12.0,300.0,200.0,1256.97,1056.97,0.709,0.596,0.000,0.000,-0.385
altai,sinyukha_west,field,0.0,12.0,300.0,300.0,1356.97,1056.97,0.595,0.494,0.000,0.000,-0.333
altai,sinyukha_west,field,3.0,12.0,-3000.0,1.0,383.47,382.47,1.041,1.041,0.001,1.312,0.034
altai,sinyukha_west,field,3.0,12.0,-3000.0,1.5,383.97,382.47,1.198,1.197,0.001,1.374,0.039
altai,sinyukha_west,field,3.0,12.0,-3000.0,2.0,384.47,382.47,1.312,1.311,0.001,1.419,0.043
altai,sinyukha_west,field,3.0,12.0,-3000.0,3.0,385.47,382.47,1.476,1.475,0.001,1.487,0.048
altai,sinyukha_west,field,3.0,12.0,-3000.0,5.0,387.47,382.47,1.687,1.686,0.001,1.578,0.055
altai,sinyukha_west,field,3.0,12.0,-3000.0,10.0,392.47,382.47,1.978,1.977,0.001,1.714,0.065
altai,sinyukha_west,field,3.0,12.0,-3000.0,30.0,412.47,382.47,2.444,2.443,0.002,1.979,0.080
altai,sinyukha_west,field,3.0,12.0,-3000.0,50.0,432.47,382.47,2.674,2.673,0.002,2.139,0.089
altai,sinyukha_west,field,3.0,12.0,-3000.0,100.0,482.47,382.47,3.063,3.061,0.003,2.428,0.112
altai,sinyukha_west,field,3.0,12.0,-3000.0,200.0,582.47,382.47,3.212,3.209,0.015,2.876,0.148
altai,sinyukha_west,field,3.0,12.0,-3000.0,300.0,682.47,382.47,3.260,3.255,0.030,3.140,0.175
altai,sinyukha_west,field,3.0,12.0,-1000.0,1.0,717.11,716.11,0.694,0.669,0.081,1.776,0.182
altai,sinyukha_west,field,3.0,12.0,-1000.0,1.5,717.61,716.11,0.784,0.757,0.091,1.859,0.206
altai,sinyukha_west,field,3.0,12.0,-1000.0,2.0,718.11,716.11,0.852,0.822,0.099,1.921,0.224
altai,sinyukha_west,field,3.0,12.0,-1000.0,3.0,719.11,716.11,0.949,0.916,0.110,2.012,0.249
altai,sinyukha_west,field,3.0,12.0,-1000.0,5.0,721.11,716.11,1.079,1.041,0.124,2.133,0.283
altai,sinyukha_west,field,3.0,12.0,-1000.0,10.0,726.11,716.11,1.278,1.234,0.146,2.315,0.333
altai,sinyukha_west,field,3.0,12.0,-1000.0,30.0,746.11,716.11,2.024,1.993,0.256,2.658,0.353
altai,sinyukha_west,field,3.0,12.0,-1000.0,50.0,766.11,716.11,2.315,2.297,0.318,2.858,0.283
altai,sinyukha_west,field,3.0,12.0,-1000.0,100.0,816.11,716.11,2.667,2.660,0.363,3.205,0.195
altai,sinyukha_west,field,3.0,12.0,-1000.0,200.0,916.11,716.11,3.009,3.006,0.382,3.716,0.131
altai,sinyukha_west,field,3.0,12.0,-1000.0,300.0,1016.11,716.11,3.187,3.185,0.385,3.984,0.114
altai,sinyukha_west,field,3.0,12.0,-300.0,1.0,975.18,974.18,0.754,0.747,0.224,2.135,0.100
altai,sinyukha_west,field,3.0,12.0,-300.0,1.5,975.68,974.18,0.827,0.820,0.246,2.235,0.110
altai,sinyukha_west,field,3.0,12.0,-300.0,2.0,976.18,974.18,0.885,0.877,0.263,2.309,0.117
altai,sinyukha_west,field,3.0,12.0,-300.0,3.0,977.18,974.18,0.972,0.964,0.289,2.418,0.128
altai,sinyukha_west,field,3.0,12.0,-300.0,5.0,979.18,974.18,1.096,1.087,0.325,2.563,0.142
altai,sinyukha_west,field,3.0,12.0,-300.0,10.0,984.18,974.18,1.359,1.350,0.395,2.779,0.153
altai,sinyukha_west,field,3.0,12.0,-300.0,30.0,1004.18,974.18,2.336,2.333,0.639,3.184,0.131
altai,sinyukha_west,field,3.0,12.0,-300.0,50.0,1024.18,974.18,2.707,2.706,0.688,3.414,0.062
altai,sinyukha_west,field,3.0,12.0,-300.0,100.0,1074.18,974.18,3.126,3.126,0.688,3.806,-0.034
altai,sinyukha_west,field,3.0,12.0,-300.0,200.0,1174.18,974.18,3.505,3.503,0.618,4.365,-0.122
altai,sinyukha_west,field,3.0,12.0,-300.0,300.0,1274.18,974.18,3.641,3.638,0.525,4.636,-0.141
altai,sinyukha_west,field,3.0,12.0,-150.0,1.0,1035.89,1034.89,0.527,0.524,0.144,2.219,-0.054
altai,sinyukha_west,field,3.0,12.0,-150.0,1.5,1036.39,1034.89,0.637,0.634,0.174,2.323,-0.066
altai,sinyukha_west,field,3.0,12.0,-150.0,2.0,1036.89,1034.89,0.712,0.709,0.194,2.400,-0.074
altai,sinyukha_west,field,3.0,12.0,-150.0,3.0,1037.89,1034.89,0.816,0.812,0.222,2.513,-0.086
altai,sinyukha_west,field,3.0,12.0,-150.0,5.0,1039.89,1034.89,0.944,0.939,0.257,2.664,-0.100
altai,sinyukha_west,field,3.0,12.0,-150.0,10.0,1044.89,1034.89,1.117,1.111,0.304,2.888,-0.119
altai,sinyukha_west,field,3.0,12.0,-150.0,30.0,1064.89,1034.89,2.041,2.037,0.524,3.307,-0.130
altai,sinyukha_west,field,3.0,12.0,-150.0,50.0,1084.89,1034.89,2.949,2.945,0.709,3.545,-0.146
altai,sinyukha_west,field,3.0,12.0,-150.0,100.0,1134.89,1034.89,3.513,3.505,0.684,3.948,-0.239
altai,sinyukha_west,field,3.0,12.0,-150.0,200.0,1234.89,1034.89,3.765,3.756,0.529,4.518,-0.269
altai,sinyukha_west,field,3.0,12.0,-150.0,300.0,1334.89,1034.89,3.777,3.770,0.431,4.790,-0.236
altai,sinyukha_west,field,3.0,12.0,-50.0,1.0,1086.25,1085.25,1.271,1.242,0.131,2.289,-0.268
altai,sinyukha_west,field,3.0,12.0,-50.0,1.5,1086.75,1085.25,1.437,1.405,0.147,2.396,-0.302
altai,sinyukha_west,field,3.0,12.0,-50.0,2.0,1087.25,1085.25,1.562,1.528,0.159,2.476,-0.327
altai,sinyukha_west,field,3.0,12.0,-50.0,3.0,1088.25,1085.25,1.746,1.707,0.176,2.592,-0.365
altai,sinyukha_west,field,3.0,12.0,-50.0,5.0,1090.25,1085.25,1.987,1.943,0.199,2.748,-0.414
altai,sinyukha_west,field,3.0,12.0,-50.0,10.0,1095.25,1085.25,2.341,2.293,0.232,2.979,-0.474
altai,sinyukha_west,field,3.0,12.0,-50.0,30.0,1115.25,1085.25,3.483,3.453,0.388,3.410,-0.455
altai,sinyukha_west,field,3.0,12.0,-50.0,50.0,1135.25,1085.25,3.800,3.775,0.435,3.654,-0.438
altai,sinyukha_west,field,3.0,12.0,-50.0,100.0,1185.25,1085.25,3.876,3.855,0.425,4.065,-0.411
altai,sinyukha_west,field,3.0,12.0,-50.0,200.0,1285.25,1085.25,3.859,3.844,0.383,4.645,-0.339
altai,sinyukha_west,field,3.0,12.0,-50.0,300.0,1385.25,1085.25,3.804,3.794,0.340,4.917,-0.274
altai,sinyukha_west,field,3.0,12.0,-30.0,1.0,1096.17,1095.17,2.017,1.993,0.077,2.303,-0.311
altai,sinyukha_west,field,3.0,12.0,-30.0,1.5,1096.67,1095.17,2.165,2.140,0.082,2.411,-0.333
altai,sinyukha_west,field,3.0,12.0,-30.0,2.0,1097.17,1095.17,2.287,2.259,0.087,2.491,-0.352
altai,sinyukha_west,field,3.0,12.0,-30.0,3.0,1098.17,1095.17,2.478,2.448,0.094,2.608,-0.381
altai,sinyukha_west,field,3.0,12.0,-30.0,5.0,1100.17,1095.17,2.747,2.715,0.104,2.765,-0.422
altai,sinyukha_west,field,3.0,12.0,-30.0,10.0,1105.17,1095.17,3.160,3.123,0.120,2.997,-0.479
altai,sinyukha_west,field,3.0,12.0,-30.0,30.0,1125.17,1095.17,3.758,3.723,0.217,3.430,-0.505
altai,sinyukha_west,field,3.0,12.0,-30.0,50.0,1145.17,1095.17,3.855,3.824,0.297,3.675,-0.484
altai,sinyukha_west,field,3.0,12.0,-30.0,100.0,1195.17,1095.17,3.896,3.872,0.364,4.088,-0.432
altai,sinyukha_west,field,3.0,12.0,-30.0,200.0,1295.17,1095.17,3.863,3.847,0.356,4.670,-0.347
altai,sinyukha_west,field,3.0,12.0,-30.0,300.0,1395.17,1095.17,3.803,3.793,0.323,4.942,-0.279
altai,sinyukha_west,field,3.0,12.0,-20.0,1.0,1100.54,1099.54,2.189,2.166,0.054,2.309,-0.316
altai,sinyukha_west,field,3.0,12.0,-20.0,1.5,1101.04,1099.54,2.352,2.327,0.058,2.417,-0.340
altai,sinyukha_west,field,3.0,12.0,-20.0,2.0,1101.54,1099.54,2.485,2.459,0.061,2.497,-0.359
altai,sinyukha_west,field,3.0,12.0,-20.0,3.0,1102.54,1099.54,2.693,2.665,0.066,2.615,-0.389
altai,sinyukha_west,field,3.0,12.0,-20.0,5.0,1104.54,1099.54,2.981,2.950,0.073,2.772,-0.431
altai,sinyukha_west,field,3.0,12.0,-20.0,10.0,1109.54,1099.54,3.390,3.354,0.084,3.005,-0.489
altai,sinyukha_west,field,3.0,12.0,-20.0,30.0,1129.54,1099.54,3.781,3.745,0.169,3.439,-0.521
altai,sinyukha_west,field,3.0,12.0,-20.0,50.0,1149.54,1099.54,3.859,3.827,0.258,3.685,-0.497
altai,sinyukha_west,field,3.0,12.0,-20.0,100.0,1199.54,1099.54,3.897,3.872,0.341,4.098,-0.439
altai,sinyukha_west,field,3.0,12.0,-20.0,200.0,1299.54,1099.54,3.863,3.847,0.344,4.681,-0.351
altai,sinyukha_west,field,3.0,12.0,-20.0,300.0,1399.54,1099.54,3.802,3.792,0.315,4.953,-0.281
altai,sinyukha_west,field,3.0,12.0,-10.0,1.0,1104.26,1103.26,2.330,2.304,0.050,2.314,-0.345
altai,sinyukha_west,field,3.0,12.0,-10.0,1.5,1104.76,1103.26,2.486,2.458,0.053,2.423,-0.368
altai,sinyukha_west,field,3.0,12.0,-10.0,2.0,1105.26,1103.26,2.615,2.586,0.056,2.503,-0.388
altai,sinyukha_west,field,3.0,12.0,-10.0,3.0,1106.26,1103.26,2.819,2.788,0.060,2.621,-0.418
altai,sinyukha_west,field,3.0,12.0,-10.0,5.0,1108.26,1103.26,3.085,3.051,0.066,2.778,-0.457
altai,sinyukha_west,field,3.0,12.0,-10.0,10.0,1113.26,1103.26,3.443,3.405,0.077,3.011,-0.509
altai,sinyukha_west,field,3.0,12.0,-10.0,30.0,1133.26,1103.26,3.767,3.730,0.163,3.447,-0.527
altai,sinyukha_west,field,3.0,12.0,-10.0,50.0,1153.26,1103.26,3.846,3.813,0.241,3.693,-0.503
altai,sinyukha_west,field,3.0,12.0,-10.0,100.0,1203.26,1103.26,3.892,3.867,0.322,4.107,-0.445
altai,sinyukha_west,field,3.0,12.0,-10.0,200.0,1303.26,1103.26,3.862,3.845,0.332,4.690,-0.354
altai,sinyukha_west,field,3.0,12.0,-10.0,300.0,1403.26,1103.26,3.801,3.790,0.308,4.963,-0.284
altai,sinyukha_west,field,3.0,12.0,0.0,1.0,1107.89,1106.89,2.694,2.663,0.049,2.319,-0.410
altai,sinyukha_west,field,3.0,12.0,0.0,1.5,1108.39,1106.89,2.806,2.774,0.051,2.428,-0.427
altai,sinyukha_west,field,3.0,12.0,0.0,2.0,1108.89,1106.89,2.904,2.870,0.053,2.508,-0.442
altai,sinyukha_west,field,3.0,12.0,0.0,3.0,1109.89,1106.89,3.053,3.017,0.056,2.626,-0.465
altai,sinyukha_west,field,3.0,12.0,0.0,5.0,1111.89,1106.89,3.235,3.197,0.061,2.784,-0.492
altai,sinyukha_west,field,3.0,12.0,0.0,10.0,1116.89,1106.89,3.501,3.460,0.072,3.018,-0.529
altai,sinyukha_west,field,3.0,12.0,0.0,30.0,1136.89,1106.89,3.759,3.721,0.156,3.454,-0.533
altai,sinyukha_west,field,3.0,12.0,0.0,50.0,1156.89,1106.89,3.837,3.803,0.225,3.700,-0.509
altai,sinyukha_west,field,3.0,12.0,0.0,100.0,1206.89,1106.89,3.888,3.862,0.304,4.116,-0.450
altai,sinyukha_west,field,3.0,12.0,0.0,200.0,1306.89,1106.89,3.861,3.844,0.321,4.700,-0.357
altai,sinyukha_west,field,3.0,12.0,0.0,300.0,1406.89,1106.89,3.800,3.789,0.300,4.972,-0.286
altai,sinyukha_west,field,3.0,12.0,100.0,1.0,1097.30,1096.30,1.182,1.163,-0.027,2.305,-0.212
altai,sinyukha_west,field,3.0,12.0,100.0,1.5,1097.80,1096.30,1.408,1.385,-0.031,2.413,-0.253
altai,sinyukha_west,field,3.0,12.0,100.0,2.0,1098.30,1096.30,1.567,1.542,-0.034,2.492,-0.281
altai,sinyukha_west,field,3.0,12.0,100.0,3.0,1099.30,1096.30,1.790,1.761,-0.039,2.610,-0.321
altai,sinyukha_west,field,3.0,12.0,100.0,5.0,1101.30,1096.30,2.033,2.000,-0.042,2.767,-0.366
altai,sinyukha_west,field,3.0,12.0,100.0,10.0,1106.30,1096.30,2.504,2.462,-0.045,2.999,-0.454
altai,sinyukha_west,field,3.0,12.0,100.0,30.0,1126.30,1096.30,3.437,3.384,-0.034,3.432,-0.602
altai,sinyukha_west,field,3.0,12.0,100.0,50.0,1146.30,1096.30,3.617,3.570,0.022,3.678,-0.584
altai,sinyukha_west,field,3.0,12.0,100.0,100.0,1196.30,1096.30,3.786,3.750,0.126,4.091,-0.519
altai,sinyukha_west,field,3.0,12.0,100.0,200.0,1296.30,1096.30,3.841,3.818,0.219,4.673,-0.414
altai,sinyukha_west,field,3.0,12.0,100.0,300.0,1396.30,1096.30,3.804,3.790,0.237,4.945,-0.333
altai,sinyukha_west,field,3.0,12.0,300.0,1.0,1057.97,1056.97,0.388,0.388,-0.024,2.250,-0.011
altai,sinyukha_west,field,3.0,12.0,300.0,1.5,1058.47,1056.97,0.446,0.446,-0.027,2.355,-0.012
altai,sinyukha_west,field,3.0,12.0,300.0,2.0,1058.97,1056.97,0.491,0.491,-0.029,2.433,-0.013
altai,sinyukha_west,field,3.0,12.0,300.0,3.0,1059.97,1056.97,0.562,0.562,-0.032,2.548,-0.015
altai,sinyukha_west,field,3.0,12.0,300.0,5.0,1061.97,1056.97,0.682,0.681,-0.037,2.701,-0.017
altai,sinyukha_west,field,3.0,12.0,300.0,10.0,1066.97,1056.97,1.006,1.005,-0.051,2.928,-0.028
altai,sinyukha_west,field,3.0,12.0,300.0,30.0,1086.97,1056.97,2.226,2.223,-0.125,3.352,-0.124
altai,sinyukha_west,field,3.0,12.0,300.0,50.0,1106.97,1056.97,2.797,2.779,-0.152,3.593,-0.315
altai,sinyukha_west,field,3.0,12.0,300.0,100.0,1156.97,1056.97,3.395,3.364,-0.080,3.999,-0.460
altai,sinyukha_west,field,3.0,12.0,300.0,200.0,1256.97,1056.97,3.680,3.653,0.050,4.574,-0.445
altai,sinyukha_west,field,3.0,12.0,300.0,300.0,1356.97,1056.97,3.740,3.720,0.113,4.846,-0.387
altai,sinyukha_west,field,6.0,12.0,-3000.0,1.0,383.47,382.47,1.629,1.625,0.002,1.954,0.106
altai,sinyukha_west,field,6.0,12.0,-3000.0,1.5,383.97,382.47,1.873,1.869,0.002,2.155,0.122
altai,sinyukha_west,field,6.0,12.0,-3000.0,2.0,384.47,382.47,2.052,2.047,0.003,2.310,0.134
altai,sinyukha_west,field,6.0,12.0,-3000.0,3.0,385.47,382.47,2.309,2.304,0.003,2.549,0.151
altai,sinyukha_west,field,6.0,12.0,-3000.0,5.0,387.47,382.47,2.639,2.633,0.003,2.887,0.172
altai,sinyukha_west,field,6.0,12.0,-3000.0,10.0,392.47,382.47,3.094,3.087,0.004,3.428,0.202
altai,sinyukha_west,field,6.0,12.0,-3000.0,30.0,412.47,382.47,3.823,3.815,0.005,4.556,0.250
altai,sinyukha_west,field,6.0,12.0,-3000.0,50.0,432.47,382.47,4.201,4.192,0.006,5.256,0.274
altai,sinyukha_west,field,6.0,12.0,-3000.0,100.0,482.47,382.47,4.947,4.937,0.012,6.520,0.322
altai,sinyukha_west,field,6.0,12.0,-3000.0,200.0,582.47,382.47,5.436,5.424,0.053,8.439,0.355
altai,sinyukha_west,field,6.0,12.0,-3000.0,300.0,682.47,382.47,5.757,5.745,0.097,10.116,0.374
altai,sinyukha_west,field,6.0,12.0,-1000.0,1.0,717.11,716.11,1.194,1.161,0.185,2.645,0.280
altai,sinyukha_west,field,6.0,12.0,-1000.0,1.5,717.61,716.11,1.350,1.313,0.209,2.917,0.316
altai,sinyukha_west,field,6.0,12.0,-1000.0,2.0,718.11,716.11,1.467,1.426,0.227,3.126,0.344
altai,sinyukha_west,field,6.0,12.0,-1000.0,3.0,719.11,716.11,1.635,1.590,0.252,3.449,0.382
altai,sinyukha_west,field,6.0,12.0,-1000.0,5.0,721.11,716.11,1.858,1.807,0.284,3.905,0.433
altai,sinyukha_west,field,6.0,12.0,-1000.0,10.0,726.11,716.11,2.202,2.143,0.336,4.629,0.508
altai,sinyukha_west,field,6.0,12.0,-1000.0,30.0,746.11,716.11,3.537,3.502,0.591,6.120,0.499
altai,sinyukha_west,field,6.0,12.0,-1000.0,50.0,766.11,716.11,4.117,4.103,0.737,7.024,0.346
altai,sinyukha_west,field,6.0,12.0,-1000.0,100.0,816.11,716.11,4.930,4.927,0.856,8.608,0.157
altai,sinyukha_west,field,6.0,12.0,-1000.0,200.0,916.11,716.11,5.830,5.830,0.912,10.904,0.038
altai,sinyukha_west,field,6.0,12.0,-1000.0,300.0,1016.11,716.11,6.387,6.387,0.932,12.833,0.017
altai,sinyukha_west,field,6.0,12.0,-300.0,1.0,975.18,974.18,1.419,1.413,0.528,3.180,0.123
altai,sinyukha_west,field,6.0,12.0,-300.0,1.5,975.68,974.18,1.557,1.551,0.580,3.506,0.135
altai,sinyukha_west,field,6.0,12.0,-300.0,2.0,976.18,974.18,1.665,1.659,0.621,3.758,0.144
altai,sinyukha_west,field,6.0,12.0,-300.0,3.0,977.18,974.18,1.830,1.823,0.682,4.145,0.158
altai,sinyukha_west,field,6.0,12.0,-300.0,5.0,979.18,974.18,2.067,2.060,0.766,4.691,0.170
altai,sinyukha_west,field,6.0,12.0,-300.0,10.0,984.18,974.18,2.580,2.575,0.933,5.558,0.159
altai,sinyukha_west,field,6.0,12.0,-300.0,30.0,1004.18,974.18,4.522,4.522,1.509,7.329,0.010
altai,sinyukha_west,field,6.0,12.0,-300.0,50.0,1024.18,974.18,5.347,5.344,1.626,8.391,-0.171
altai,sinyukha_west,field,6.0,12.0,-300.0,100.0,1074.18,974.18,6.406,6.393,1.607,10.222,-0.408
altai,sinyukha_west,field,6.0,12.0,-300.0,200.0,1174.18,974.18,7.451,7.429,1.404,12.811,-0.577
altai,sinyukha_west,field,6.0,12.0,-300.0,300.0,1274.18,974.18,7.929,7.909,1.175,14.935,-0.569
altai,sinyukha_west,field,6.0,12.0,-150.0,1.0,1035.89,1034.89,1.071,1.046,0.350,3.306,-0.233
altai,sinyukha_west,field,6.0,12.0,-150.0,1.5,1036.39,1034.89,1.296,1.265,0.424,3.645,-0.283
altai,sinyukha_west,field,6.0,12.0,-150.0,2.0,1036.89,1034.89,1.450,1.414,0.474,3.906,-0.318
altai,sinyukha_west,field,6.0,12.0,-150.0,3.0,1037.89,1034.89,1.661,1.620,0.543,4.308,-0.366
altai,sinyukha_west,field,6.0,12.0,-150.0,5.0,1039.89,1034.89,1.922,1.875,0.628,4.876,-0.425
altai,sinyukha_west,field,6.0,12.0,-150.0,10.0,1044.89,1034.89,2.274,2.218,0.742,5.777,-0.503
altai,sinyukha_west,field,6.0,12.0,-150.0,30.0,1064.89,1034.89,4.137,4.097,1.274,7.613,-0.578
altai,sinyukha_west,field,6.0,12.0,-150.0,50.0,1084.89,1034.89,6.024,5.990,1.715,8.712,-0.636
altai,sinyukha_west,field,6.0,12.0,-150.0,100.0,1134.89,1034.89,7.396,7.347,1.616,10.602,-0.852
altai,sinyukha_west,field,6.0,12.0,-150.0,200.0,1234.89,1034.89,8.162,8.114,1.193,13.260,-0.879
altai,sinyukha_west,field,6.0,12.0,-150.0,300.0,1334.89,1034.89,8.370,8.336,0.945,15.429,-0.753
altai,sinyukha_west,field,6.0,12.0,-50.0,1.0,1086.25,1085.25,2.641,2.542,0.321,3.410,-0.715
altai,sinyukha_west,field,6.0,12.0,-50.0,1.5,1086.75,1085.25,2.986,2.875,0.360,3.760,-0.806
altai,sinyukha_west,field,6.0,12.0,-50.0,2.0,1087.25,1085.25,3.246,3.125,0.389,4.030,-0.875
altai,sinyukha_west,field,6.0,12.0,-50.0,3.0,1088.25,1085.25,3.627,3.494,0.431,4.444,-0.975
altai,sinyukha_west,field,6.0,12.0,-50.0,5.0,1090.25,1085.25,4.127,3.976,0.487,5.030,-1.106
altai,sinyukha_west,field,6.0,12.0,-50.0,10.0,1095.25,1085.25,4.861,4.692,0.568,5.958,-1.270
altai,sinyukha_west,field,6.0,12.0,-50.0,30.0,1115.25,1085.25,7.224,7.110,0.943,7.849,-1.280
altai,sinyukha_west,field,6.0,12.0,-50.0,50.0,1135.25,1085.25,7.974,7.873,1.039,8.979,-1.265
altai,sinyukha_west,field,6.0,12.0,-50.0,100.0,1185.25,1085.25,8.320,8.231,0.974,10.917,-1.211
altai,sinyukha_west,field,6.0,12.0,-50.0,200.0,1285.25,1085.25,8.487,8.427,0.834,13.632,-1.003
altai,sinyukha_west,field,6.0,12.0,-50.0,300.0,1385.25,1085.25,8.551,8.513,0.721,15.839,-0.809
altai,sinyukha_west,field,6.0,12.0,-30.0,1.0,1096.17,1095.17,4.170,4.086,0.184,3.430,-0.833
altai,sinyukha_west,field,6.0,12.0,-30.0,1.5,1096.67,1095.17,4.477,4.387,0.197,3.782,-0.894
altai,sinyukha_west,field,6.0,12.0,-30.0,2.0,1097.17,1095.17,4.728,4.632,0.208,4.054,-0.943
altai,sinyukha_west,field,6.0,12.0,-30.0,3.0,1098.17,1095.17,5.123,5.020,0.224,4.471,-1.022
altai,sinyukha_west,field,6.0,12.0,-30.0,5.0,1100.17,1095.17,5.679,5.565,0.248,5.060,-1.132
altai,sinyukha_west,field,6.0,12.0,-30.0,10.0,1105.17,1095.17,6.531,6.404,0.285,5.994,-1.285
altai,sinyukha_west,field,6.0,12.0,-30.0,30.0,1125.17,1095.17,7.826,7.702,0.514,7.896,-1.387
altai,sinyukha_west,field,6.0,12.0,-30.0,50.0,1145.17,1095.17,8.132,8.017,0.691,9.032,-1.363
altai,sinyukha_west,field,6.0,12.0,-30.0,100.0,1195.17,1095.17,8.391,8.297,0.823,10.979,-1.251
altai,sinyukha_west,field,6.0,12.0,-30.0,200.0,1295.17,1095.17,8.521,8.460,0.769,13.705,-1.014
altai,sinyukha_west,field,6.0,12.0,-30.0,300.0,1395.17,1095.17,8.575,8.537,0.680,15.920,-0.814
altai,sinyukha_west,field,6.0,12.0,-20.0,1.0,1100.54,1099.54,4.522,4.442,0.125,3.439,-0.847
altai,sinyukha_west,field,6.0,12.0,-20.0,1.5,1101.04,1099.54,4.858,4.772,0.135,3.792,-0.910
altai,sinyukha_west,field,6.0,12.0,-20.0,2.0,1101.54,1099.54,5.132,5.041,0.142,4.064,-0.961
altai,sinyukha_west,field,6.0,12.0,-20.0,3.0,1102.54,1099.54,5.562,5.464,0.154,4.483,-1.041
altai,sinyukha_west,field,6.0,12.0,-20.0,5.0,1104.54,1099.54,6.158,6.049,0.171,5.073,-1.153
altai,sinyukha_west,field,6.0,12.0,-20.0,10.0,1109.54,1099.54,7.002,6.879,0.196,6.010,-1.310
altai,sinyukha_west,field,6.0,12.0,-20.0,30.0,1129.54,1099.54,7.893,7.764,0.392,7.916,-1.421
altai,sinyukha_west,field,6.0,12.0,-20.0,50.0,1149.54,1099.54,8.158,8.039,0.595,9.055,-1.389
altai,sinyukha_west,field,6.0,12.0,-20.0,100.0,1199.54,1099.54,8.408,8.312,0.765,11.006,-1.265
altai,sinyukha_west,field,6.0,12.0,-20.0,200.0,1299.54,1099.54,8.533,8.472,0.740,13.737,-1.020
altai,sinyukha_west,field,6.0,12.0,-20.0,300.0,1399.54,1099.54,8.585,8.546,0.661,15.956,-0.816
altai,sinyukha_west,field,6.0,12.0,-10.0,1.0,1104.26,1103.26,4.810,4.721,0.116,3.447,-0.918
altai,sinyukha_west,field,6.0,12.0,-10.0,1.5,1104.76,1103.26,5.132,5.037,0.123,3.801,-0.979
altai,sinyukha_west,field,6.0,12.0,-10.0,2.0,1105.26,1103.26,5.397,5.298,0.130,4.074,-1.030
altai,sinyukha_west,field,6.0,12.0,-10.0,3.0,1106.26,1103.26,5.820,5.713,0.140,4.493,-1.111
altai,sinyukha_west,field,6.0,12.0,-10.0,5.0,1108.26,1103.26,6.370,6.253,0.154,5.085,-1.215
altai,sinyukha_west,field,6.0,12.0,-10.0,10.0,1113.26,1103.26,7.112,6.982,0.179,6.023,-1.354
altai,sinyukha_west,field,6.0,12.0,-10.0,30.0,1133.26,1103.26,7.882,7.751,0.375,7.934,-1.433
altai,sinyukha_west,field,6.0,12.0,-10.0,50.0,1153.26,1103.26,8.148,8.027,0.551,9.075,-1.400
altai,sinyukha_west,field,6.0,12.0,-10.0,100.0,1203.26,1103.26,8.411,8.314,0.717,11.030,-1.275
altai,sinyukha_west,field,6.0,12.0,-10.0,200.0,1303.26,1103.26,8.541,8.480,0.711,13.765,-1.025
altai,sinyukha_west,field,6.0,12.0,-10.0,300.0,1403.26,1103.26,8.593,8.554,0.642,15.986,-0.819
altai,sinyukha_west,field,6.0,12.0,0.0,1.0,1107.89,1106.89,5.559,5.452,0.114,3.455,-1.082
altai,sinyukha_west,field,6.0,12.0,0.0,1.5,1108.39,1106.89,5.791,5.680,0.118,3.809,-1.128
altai,sinyukha_west,field,6.0,12.0,0.0,2.0,1108.89,1106.89,5.992,5.878,0.122,4.082,-1.167
altai,sinyukha_west,field,6.0,12.0,0.0,3.0,1109.89,1106.89,6.299,6.179,0.129,4.502,-1.227
altai,sinyukha_west,field,6.0,12.0,0.0,5.0,1111.89,1106.89,6.678,6.550,0.141,5.096,-1.300
altai,sinyukha_west,field,6.0,12.0,0.0,10.0,1116.89,1106.89,7.237,7.100,0.166,6.036,-1.401
altai,sinyukha_west,field,6.0,12.0,0.0,30.0,1136.89,1106.89,7.886,7.752,0.357,7.951,-1.447
altai,sinyukha_west,field,6.0,12.0,0.0,50.0,1156.89,1106.89,8.147,8.023,0.509,9.094,-1.412
altai,sinyukha_west,field,6.0,12.0,0.0,100.0,1206.89,1106.89,8.416,8.317,0.672,11.052,-1.284
altai,sinyukha_west,field,6.0,12.0,0.0,200.0,1306.89,1106.89,8.550,8.487,0.684,13.792,-1.029
altai,sinyukha_west,field,6.0,12.0,0.0,300.0,1406.89,1106.89,8.601,8.562,0.624,16.016,-0.822
altai,sinyukha_west,field,6.0,12.0,100.0,1.0,1097.30,1096.30,2.380,2.326,-0.074,3.433,-0.504
altai,sinyukha_west,field,6.0,12.0,100.0,1.5,1097.80,1096.30,2.835,2.771,-0.086,3.785,-0.600
altai,sinyukha_west,field,6.0,12.0,100.0,2.0,1098.30,1096.30,3.156,3.084,-0.094,4.057,-0.669
altai,sinyukha_west,field,6.0,12.0,100.0,3.0,1099.30,1096.30,3.605,3.524,-0.106,4.474,-0.764
altai,sinyukha_west,field,6.0,12.0,100.0,5.0,1101.30,1096.30,4.104,4.010,-0.116,5.063,-0.875
altai,sinyukha_west,field,6.0,12.0,100.0,10.0,1106.30,1096.30,5.091,4.970,-0.126,5.998,-1.100
altai,sinyukha_west,field,6.0,12.0,100.0,30.0,1126.30,1096.30,7.153,6.989,-0.113,7.901,-1.522
altai,sinyukha_west,field,6.0,12.0,100.0,50.0,1146.30,1096.30,7.673,7.518,0.014,9.038,-1.534
altai,sinyukha_west,field,6.0,12.0,100.0,100.0,1196.30,1096.30,8.222,8.098,0.246,10.986,-1.425
altai,sinyukha_west,field,6.0,12.0,100.0,200.0,1296.30,1096.30,8.538,8.460,0.441,13.713,-1.155
altai,sinyukha_west,field,6.0,12.0,100.0,300.0,1396.30,1096.30,8.631,8.582,0.471,15.929,-0.923
altai,sinyukha_west,field,6.0,12.0,300.0,1.0,1057.97,1056.97,0.393,-0.391,-0.074,3.351,0.043
altai,sinyukha_west,field,6.0,12.0,300.0,1.5,1058.47,1056.97,0.279,-0.275,-0.083,3.695,0.048
altai,sinyukha_west,field,6.0,12.0,300.0,2.0,1058.97,1056.97,0.187,-0.180,-0.090,3.960,0.051
altai,sinyukha_west,field,6.0,12.0,300.0,3.0,1059.97,1056.97,0.060,-0.021,-0.100,4.368,0.056
altai,sinyukha_west,field,6.0,12.0,300.0,5.0,1061.97,1056.97,0.264,0.257,-0.115,4.944,0.059
altai,sinyukha_west,field,6.0,12.0,300.0,10.0,1066.97,1056.97,1.051,1.050,-0.153,5.856,0.038
altai,sinyukha_west,field,6.0,12.0,300.0,30.0,1086.97,1056.97,4.115,4.111,-0.352,7.717,-0.188
altai,sinyukha_west,field,6.0,12.0,300.0,50.0,1106.97,1056.97,5.706,5.650,-0.423,8.829,-0.798
altai,sinyukha_west,field,6.0,12.0,300.0,100.0,1156.97,1056.97,7.384,7.272,-0.256,10.740,-1.282
altai,sinyukha_west,field,6.0,12.0,300.0,200.0,1256.97,1056.97,8.235,8.141,0.045,13.423,-1.243
altai,sinyukha_west,field,6.0,12.0,300.0,300.0,1356.97,1056.97,8.524,8.458,0.181,15.609,-1.058
altai,sinyukha_west,field,10.0,12.0,-3000.0,1.0,383.47,382.47,2.134,2.124,0.004,3.257,0.203
altai,sinyukha_west,field,10.0,12.0,-3000.0,1.5,383.97,382.47,2.454,2.443,0.005,3.591,0.233
altai,sinyukha_west,field,10.0,12.0,-3000.0,2.0,384.47,382.47,2.688,2.676,0.005,3.850,0.256
altai,sinyukha_west,field,10.0,12.0,-3000.0,3.0,385.47,382.47,3.025,3.011,0.006,4.248,0.288
altai,sinyukha_west,field,10.0,12.0,-3000.0,5.0,387.47,382.47,3.457,3.442,0.007,4.812,0.329
altai,sinyukha_west,field,10.0,12.0,-3000.0,10.0,392.47,382.47,4.053,4.035,0.008,5.714,0.385
altai,sinyukha_west,field,10.0,12.0,-3000.0,30.0,412.47,382.47,5.008,4.986,0.010,7.593,0.476
altai,sinyukha_west,field,10.0,12.0,-3000.0,50.0,432.47,382.47,5.519,5.494,0.011,8.760,0.522
altai,sinyukha_west,field,10.0,12.0,-3000.0,100.0,482.47,382.47,6.625,6.598,0.023,10.867,0.603
altai,sinyukha_west,field,10.0,12.0,-3000.0,200.0,582.47,382.47,7.569,7.542,0.093,14.066,0.630
altai,sinyukha_west,field,10.0,12.0,-3000.0,300.0,682.47,382.47,8.297,8.273,0.164,16.860,0.631
altai,sinyukha_west,field,10.0,12.0,-1000.0,1.0,717.11,716.11,1.621,1.576,0.295,4.409,0.376
altai,sinyukha_west,field,10.0,12.0,-1000.0,1.5,717.61,716.11,1.833,1.783,0.334,4.861,0.425
altai,sinyukha_west,field,10.0,12.0,-1000.0,2.0,718.11,716.11,1.991,1.937,0.362,5.211,0.461
altai,sinyukha_west,field,10.0,12.0,-1000.0,3.0,719.11,716.11,2.219,2.159,0.402,5.748,0.513
altai,sinyukha_west,field,10.0,12.0,-1000.0,5.0,721.11,716.11,2.522,2.454,0.454,6.508,0.581
altai,sinyukha_west,field,10.0,12.0,-1000.0,10.0,726.11,716.11,2.990,2.911,0.537,7.715,0.681
altai,sinyukha_west,field,10.0,12.0,-1000.0,30.0,746.11,716.11,4.827,4.781,0.944,10.199,0.665
altai,sinyukha_west,field,10.0,12.0,-1000.0,50.0,766.11,716.11,5.663,5.644,1.180,11.706,0.453
altai,sinyukha_west,field,10.0,12.0,-1000.0,100.0,816.11,716.11,6.914,6.911,1.378,14.346,0.194
altai,sinyukha_west,field,10.0,12.0,-1000.0,200.0,916.11,716.11,8.415,8.415,1.473,18.174,0.050
altai,sinyukha_west,field,10.0,12.0,-1000.0,300.0,1016.11,716.11,9.431,9.431,1.481,21.389,0.036
altai,sinyukha_west,field,10.0,12.0,-300.0,1.0,975.18,974.18,1.996,1.990,0.825,5.300,0.150
altai,sinyukha_west,field,10.0,12.0,-300.0,1.5,975.68,974.18,2.191,2.184,0.906,5.843,0.165
altai,sinyukha_west,field,10.0,12.0,-300.0,2.0,976.18,974.18,2.343,2.336,0.969,6.263,0.176
altai,sinyukha_west,field,10.0,12.0,-300.0,3.0,977.18,974.18,2.575,2.567,1.065,6.908,0.193
altai,sinyukha_west,field,10.0,12.0,-300.0,5.0,979.18,974.18,2.910,2.902,1.197,7.819,0.206
altai,sinyukha_west,field,10.0,12.0,-300.0,10.0,984.18,974.18,3.640,3.635,1.457,9.264,0.182
altai,sinyukha_west,field,10.0,12.0,-300.0,30.0,1004.18,974.18,6.420,6.420,2.356,12.215,-0.060
altai,sinyukha_west,field,10.0,12.0,-300.0,50.0,1024.18,974.18,7.649,7.642,2.539,13.985,-0.333
altai,sinyukha_west,field,10.0,12.0,-300.0,100.0,1074.18,974.18,9.321,9.295,2.515,17.037,-0.688
altai,sinyukha_west,field,10.0,12.0,-300.0,200.0,1174.18,974.18,11.078,11.041,2.197,21.352,-0.904
altai,sinyukha_west,field,10.0,12.0,-300.0,300.0,1274.18,974.18,11.994,11.963,1.830,24.892,-0.861
altai,sinyukha_west,field,10.0,12.0,-150.0,1.0,1035.89,1034.89,1.540,1.494,0.544,5.509,-0.370
altai,sinyukha_west,field,10.0,12.0,-150.0,1.5,1036.39,1034.89,1.862,1.807,0.657,6.074,-0.450
altai,sinyukha_west,field,10.0,12.0,-150.0,2.0,1036.89,1034.89,2.083,2.021,0.735,6.510,-0.505
altai,sinyukha_west,field,10.0,12.0,-150.0,3.0,1037.89,1034.89,2.388,2.316,0.842,7.180,-0.581
altai,sinyukha_west,field,10.0,12.0,-150.0,5.0,1039.89,1034.89,2.763,2.679,0.974,8.127,-0.674
altai,sinyukha_west,field,10.0,12.0,-150.0,10.0,1044.89,1034.89,3.269,3.170,1.152,9.628,-0.798
altai,sinyukha_west,field,10.0,12.0,-150.0,30.0,1064.89,1034.89,5.948,5.876,1.979,12.689,-0.923
altai,sinyukha_west,field,10.0,12.0,-150.0,50.0,1084.89,1034.89,8.694,8.635,2.666,14.521,-1.015
altai,sinyukha_west,field,10.0,12.0,-150.0,100.0,1134.89,1034.89,10.828,10.746,2.520,17.670,-1.333
altai,sinyukha_west,field,10.0,12.0,-150.0,200.0,1234.89,1034.89,12.190,12.116,1.866,22.100,-1.338
altai,sinyukha_west,field,10.0,12.0,-150.0,300.0,1334.89,1034.89,12.723,12.673,1.481,25.715,-1.128
altai,sinyukha_west,field,10.0,12.0,-50.0,1.0,1086.25,1085.25,3.804,3.652,0.498,5.683,-1.067
altai,sinyukha_west,field,10.0,12.0,-50.0,1.5,1086.75,1085.25,4.302,4.130,0.558,6.266,-1.203
altai,sinyukha_west,field,10.0,12.0,-50.0,2.0,1087.25,1085.25,4.676,4.490,0.603,6.716,-1.304
altai,sinyukha_west,field,10.0,12.0,-50.0,3.0,1088.25,1085.25,5.225,5.019,0.669,7.407,-1.454
altai,sinyukha_west,field,10.0,12.0,-50.0,5.0,1090.25,1085.25,5.945,5.712,0.756,8.383,-1.650
altai,sinyukha_west,field,10.0,12.0,-50.0,10.0,1095.25,1085.25,7.002,6.741,0.882,9.930,-1.895
altai,sinyukha_west,field,10.0,12.0,-50.0,30.0,1115.25,1085.25,10.425,10.246,1.465,13.082,-1.924
altai,sinyukha_west,field,10.0,12.0,-50.0,50.0,1135.25,1085.25,11.578,11.418,1.619,14.965,-1.915
altai,sinyukha_west,field,10.0,12.0,-50.0,100.0,1185.25,1085.25,12.251,12.112,1.527,18.195,-1.840
altai,sinyukha_west,field,10.0,12.0,-50.0,200.0,1285.25,1085.25,12.749,12.660,1.315,22.720,-1.507
altai,sinyukha_west,field,10.0,12.0,-50.0,300.0,1385.25,1085.25,13.078,13.023,1.145,26.399,-1.206
altai,sinyukha_west,field,10.0,12.0,-30.0,1.0,1096.17,1095.17,5.996,5.867,0.287,5.717,-1.237
altai,sinyukha_west,field,10.0,12.0,-30.0,1.5,1096.67,1095.17,6.438,6.300,0.307,6.304,-1.327
altai,sinyukha_west,field,10.0,12.0,-30.0,2.0,1097.17,1095.17,6.799,6.653,0.324,6.756,-1.401
altai,sinyukha_west,field,10.0,12.0,-30.0,3.0,1098.17,1095.17,7.367,7.209,0.350,7.451,-1.517
altai,sinyukha_west,field,10.0,12.0,-30.0,5.0,1100.17,1095.17,8.167,7.992,0.387,8.433,-1.681
altai,sinyukha_west,field,10.0,12.0,-30.0,10.0,1105.17,1095.17,9.393,9.196,0.445,9.990,-1.910
altai,sinyukha_west,field,10.0,12.0,-30.0,30.0,1125.17,1095.17,11.301,11.109,0.803,13.160,-2.074
altai,sinyukha_west,field,10.0,12.0,-30.0,50.0,1145.17,1095.17,11.824,11.644,1.083,15.053,-2.052
altai,sinyukha_west,field,10.0,12.0,-30.0,100.0,1195.17,1095.17,12.373,12.227,1.295,18.299,-1.894
altai,sinyukha_west,field,10.0,12.0,-30.0,200.0,1295.17,1095.17,12.818,12.727,1.217,22.842,-1.522
altai,sinyukha_west,field,10.0,12.0,-30.0,300.0,1395.17,1095.17,13.132,13.076,1.085,26.534,-1.213
altai,sinyukha_west,field,10.0,12.0,-20.0,1.0,1100.54,1099.54,6.497,6.375,0.197,5.732,-1.253
altai,sinyukha_west,field,10.0,12.0,-20.0,1.5,1101.04,1099.54,6.980,6.849,0.211,6.320,-1.347
altai,sinyukha_west,field,10.0,12.0,-20.0,2.0,1101.54,1099.54,7.373,7.235,0.223,6.774,-1.422
altai,sinyukha_west,field,10.0,12.0,-20.0,3.0,1102.54,1099.54,7.992,7.842,0.242,7.471,-1.542
altai,sinyukha_west,field,10.0,12.0,-20.0,5.0,1104.54,1099.54,8.847,8.681,0.268,8.456,-1.707
altai,sinyukha_west,field,10.0,12.0,-20.0,10.0,1109.54,1099.54,10.062,9.873,0.308,10.016,-1.940
altai,sinyukha_west,field,10.0,12.0,-20.0,30.0,1129.54,1099.54,11.402,11.203,0.615,13.194,-2.120
altai,sinyukha_west,field,10.0,12.0,-20.0,50.0,1149.54,1099.54,11.869,11.684,0.934,15.091,-2.087
altai,sinyukha_west,field,10.0,12.0,-20.0,100.0,1199.54,1099.54,12.406,12.258,1.205,18.344,-1.912
altai,sinyukha_west,field,10.0,12.0,-20.0,200.0,1299.54,1099.54,12.844,12.753,1.171,22.896,-1.529
altai,sinyukha_west,field,10.0,12.0,-20.0,300.0,1399.54,1099.54,13.155,13.098,1.056,26.593,-1.217
altai,sinyukha_west,field,10.0,12.0,-10.0,1.0,1104.26,1103.26,6.902,6.768,0.182,5.745,-1.353
altai,sinyukha_west,field,10.0,12.0,-10.0,1.5,1104.76,1103.26,7.364,7.221,0.194,6.334,-1.443
altai,sinyukha_west,field,10.0,12.0,-10.0,2.0,1105.26,1103.26,7.745,7.595,0.204,6.789,-1.518
altai,sinyukha_west,field,10.0,12.0,-10.0,3.0,1106.26,1103.26,8.352,8.190,0.219,7.488,-1.637
altai,sinyukha_west,field,10.0,12.0,-10.0,5.0,1108.26,1103.26,9.141,8.964,0.242,8.474,-1.791
altai,sinyukha_west,field,10.0,12.0,-10.0,10.0,1113.26,1103.26,10.210,10.013,0.282,10.038,-1.997
altai,sinyukha_west,field,10.0,12.0,-10.0,30.0,1133.26,1103.26,11.390,11.188,0.590,13.223,-2.135
altai,sinyukha_west,field,10.0,12.0,-10.0,50.0,1153.26,1103.26,11.860,11.673,0.868,15.124,-2.102
altai,sinyukha_west,field,10.0,12.0,-10.0,100.0,1203.26,1103.26,12.417,12.267,1.132,18.383,-1.925
altai,sinyukha_west,field,10.0,12.0,-10.0,200.0,1303.26,1103.26,12.863,12.771,1.128,22.941,-1.535
altai,sinyukha_west,field,10.0,12.0,-10.0,300.0,1403.26,1103.26,13.173,13.117,1.028,26.643,-1.221
altai,sinyukha_west,field,10.0,12.0,0.0,1.0,1107.89,1106.89,7.967,7.807,0.179,5.758,-1.587
altai,sinyukha_west,field,10.0,12.0,0.0,1.5,1108.39,1106.89,8.299,8.133,0.187,6.348,-1.654
altai,sinyukha_west,field,10.0,12.0,0.0,2.0,1108.89,1106.89,8.588,8.416,0.193,6.804,-1.711
altai,sinyukha_west,field,10.0,12.0,0.0,3.0,1109.89,1106.89,9.029,8.848,0.204,7.504,-1.799
altai,sinyukha_west,field,10.0,12.0,0.0,5.0,1111.89,1106.89,9.573,9.381,0.223,8.493,-1.906
altai,sinyukha_west,field,10.0,12.0,0.0,10.0,1116.89,1106.89,10.383,10.177,0.262,10.060,-2.058
altai,sinyukha_west,field,10.0,12.0,0.0,30.0,1136.89,1106.89,11.401,11.196,0.564,13.251,-2.152
altai,sinyukha_west,field,10.0,12.0,0.0,50.0,1156.89,1106.89,11.866,11.675,0.804,15.156,-2.117
altai,sinyukha_west,field,10.0,12.0,0.0,100.0,1206.89,1106.89,12.431,12.280,1.062,18.421,-1.937
altai,sinyukha_west,field,10.0,12.0,0.0,200.0,1306.89,1106.89,12.882,12.789,1.087,22.986,-1.542
altai,sinyukha_west,field,10.0,12.0,0.0,300.0,1406.89,1106.89,13.192,13.135,1.001,26.693,-1.226
altai,sinyukha_west,field,10.0,12.0,100.0,1.0,1097.30,1096.30,3.348,3.279,-0.109,5.721,-0.680
altai,sinyukha_west,field,10.0,12.0,100.0,1.5,1097.80,1096.30,3.990,3.907,-0.127,6.308,-0.812
altai,sinyukha_west,field,10.0,12.0,100.0,2.0,1098.30,1096.30,4.442,4.349,-0.139,6.761,-0.905
altai,sinyukha_west,field,10.0,12.0,100.0,3.0,1099.30,1096.30,5.075,4.969,-0.156,7.456,-1.035
altai,sinyukha_west,field,10.0,12.0,100.0,5.0,1101.30,1096.30,5.780,5.656,-0.170,8.439,-1.189
altai,sinyukha_west,field,10.0,12.0,100.0,10.0,1106.30,1096.30,7.179,7.018,-0.185,9.997,-1.515
altai,sinyukha_west,field,10.0,12.0,100.0,30.0,1126.30,1096.30,10.183,9.950,-0.158,13.169,-2.167
altai,sinyukha_west,field,10.0,12.0,100.0,50.0,1146.30,1096.30,11.064,10.835,0.042,15.063,-2.239
altai,sinyukha_west,field,10.0,12.0,100.0,100.0,1196.30,1096.30,12.090,11.900,0.408,18.310,-2.131
altai,sinyukha_west,field,10.0,12.0,100.0,200.0,1296.30,1096.30,12.828,12.710,0.718,22.856,-1.731
altai,sinyukha_west,field,10.0,12.0,100.0,300.0,1396.30,1096.30,13.198,13.126,0.770,26.549,-1.378
altai,sinyukha_west,field,10.0,12.0,300.0,1.0,1057.97,1056.97,0.677,-0.656,-0.101,5.585,0.169
altai,sinyukha_west,field,10.0,12.0,300.0,1.5,1058.47,1056.97,0.548,-0.514,-0.114,6.158,0.189
altai,sinyukha_west,field,10.0,12.0,300.0,2.0,1058.97,1056.97,0.446,-0.397,-0.123,6.601,0.204
altai,sinyukha_west,field,10.0,12.0,300.0,3.0,1059.97,1056.97,0.299,-0.198,-0.138,7.280,0.224
altai,sinyukha_west,field,10.0,12.0,300.0,5.0,1061.97,1056.97,0.290,0.157,-0.159,8.239,0.243
altai,sinyukha_west,field,10.0,12.0,300.0,10.0,1066.97,1056.97,1.160,1.137,-0.214,9.760,0.231
altai,sinyukha_west,field,10.0,12.0,300.0,30.0,1086.97,1056.97,5.322,5.322,-0.507,12.861,-0.043
altai,sinyukha_west,field,10.0,12.0,300.0,50.0,1106.97,1056.97,7.878,7.809,-0.615,14.715,-1.044
altai,sinyukha_west,field,10.0,12.0,300.0,100.0,1156.97,1056.97,10.711,10.538,-0.353,17.900,-1.915
altai,sinyukha_west,field,10.0,12.0,300.0,200.0,1256.97,1056.97,12.296,12.150,0.114,22.371,-1.894
altai,sinyukha_west,field,10.0,12.0,300.0,300.0,1356.97,1056.97,12.950,12.851,0.330,26.015,-1.601
altai,sinyukha_east,field,0.0,12.0,-3000.0,1.0,671.64,670.64,0.466,0.453,0.000,0.000,0.113
altai,sinyukha_east,field,0.0,12.0,-3000.0,1.5,672.14,670.64,0.533,0.518,0.000,0.000,0.129
altai,sinyukha_east,field,0.0,12.0,-3000.0,2.0,672.64,670.64,0.583,0.566,0.000,0.000,0.141
altai,sinyukha_east,field,0.0,12.0,-3000.0,3.0,673.64,670.64,0.632,0.613,0.000,0.000,0.152
altai,sinyukha_east,field,0.0,12.0,-3000.0,5.0,675.64,670.64,0.660,0.641,0.000,0.000,0.157
altai,sinyukha_east,field,0.0,12.0,-3000.0,10.0,680.64,670.64,0.699,0.679,0.000,0.000,0.162
altai,sinyukha_east,field,0.0,12.0,-3000.0,30.0,700.64,670.64,0.731,0.717,0.000,0.000,0.142
altai,sinyukha_east,field,0.0,12.0,-3000.0,50.0,720.64,670.64,0.739,0.730,0.000,0.000,0.113
altai,sinyukha_east,field,0.0,12.0,-3000.0,100.0,770.64,670.64,0.723,0.708,0.000,0.000,0.147
altai,sinyukha_east,field,0.0,12.0,-3000.0,200.0,870.64,670.64,0.703,0.665,0.000,0.000,0.227
altai,sinyukha_east,field,0.0,12.0,-3000.0,300.0,970.64,670.64,0.693,0.628,0.000,0.000,0.295
altai,sinyukha_east,field,0.0,12.0,-1000.0,1.0,800.96,799.96,0.360,0.315,0.000,0.000,0.175
altai,sinyukha_east,field,0.0,12.0,-1000.0,1.5,801.46,799.96,0.421,0.368,0.000,0.000,0.204
altai,sinyukha_east,field,0.0,12.0,-1000.0,2.0,801.96,799.96,0.464,0.406,0.000,0.000,0.225
altai,sinyukha_east,field,0.0,12.0,-1000.0,3.0,802.96,799.96,0.525,0.459,0.000,0.000,0.255
altai,sinyukha_east,field,0.0,12.0,-1000.0,5.0,804.96,799.96,0.602,0.527,0.000,0.000,0.292
altai,sinyukha_east,field,0.0,12.0,-1000.0,10.0,809.96,799.96,0.720,0.633,0.000,0.000,0.342
altai,sinyukha_east,field,0.0,12.0,-1000.0,30.0,829.96,799.96,0.982,0.892,0.000,0.000,0.410
altai,sinyukha_east,field,0.0,12.0,-1000.0,50.0,849.96,799.96,1.061,0.975,0.000,0.000,0.420
altai,sinyukha_east,field,0.0,12.0,-1000.0,100.0,899.96,799.96,1.099,1.011,0.000,0.000,0.432
altai,sinyukha_east,field,0.0,12.0,-1000.0,200.0,999.96,799.96,1.089,0.988,0.000,0.000,0.457
altai,sinyukha_east,field,0.0,12.0,-1000.0,300.0,1099.96,799.96,1.053,0.937,0.000,0.000,0.481
altai,sinyukha_east,field,0.0,12.0,-300.0,1.0,1050.65,1049.65,0.133,0.125,0.000,0.000,0.046
altai,sinyukha_east,field,0.0,12.0,-300.0,1.5,1051.15,1049.65,0.166,0.156,0.000,0.000,0.057
altai,sinyukha_east,field,0.0,12.0,-300.0,2.0,1051.65,1049.65,0.188,0.177,0.000,0.000,0.065
altai,sinyukha_east,field,0.0,12.0,-300.0,3.0,1052.65,1049.65,0.218,0.205,0.000,0.000,0.075
altai,sinyukha_east,field,0.0,12.0,-300.0,5.0,1054.65,1049.65,0.255,0.239,0.000,0.000,0.088
altai,sinyukha_east,field,0.0,12.0,-300.0,10.0,1059.65,1049.65,0.303,0.285,0.000,0.000,0.104
altai,sinyukha_east,field,0.0,12.0,-300.0,30.0,1079.65,1049.65,0.532,0.488,0.000,0.000,0.212
altai,sinyukha_east,field,0.0,12.0,-300.0,50.0,1099.65,1049.65,0.638,0.580,0.000,0.000,0.265
altai,sinyukha_east,field,0.0,12.0,-300.0,100.0,1149.65,1049.65,0.648,0.583,0.000,0.000,0.283
altai,sinyukha_east,field,0.0,12.0,-300.0,200.0,1249.65,1049.65,0.575,0.513,0.000,0.000,0.260
altai,sinyukha_east,field,0.0,12.0,-300.0,300.0,1349.65,1049.65,0.512,0.460,0.000,0.000,0.226
altai,sinyukha_east,field,0.0,12.0,-150.0,1.0,1129.84,1128.84,0.121,0.110,0.000,0.000,0.049
altai,sinyukha_east,field,0.0,12.0,-150.0,1.5,1130.34,1128.84,0.143,0.131,0.000,0.000,0.058
altai,sinyukha_east,field,0.0,12.0,-150.0,2.0,1130.84,1128.84,0.157,0.144,0.000,0.000,0.064
altai,sinyukha_east,field,0.0,12.0,-150.0,3.0,1131.84,1128.84,0.176,0.160,0.000,0.000,0.071
altai,sinyukha_east,field,0.0,12.0,-150.0,5.0,1133.84,1128.84,0.200,0.183,0.000,0.000,0.082
altai,sinyukha_east,field,0.0,12.0,-150.0,10.0,1138.84,1128.84,0.230,0.210,0.000,0.000,0.094
altai,sinyukha_east,field,0.0,12.0,-150.0,30.0,1158.84,1128.84,0.325,0.297,0.000,0.000,0.132
altai,sinyukha_east,field,0.0,12.0,-150.0,50.0,1178.84,1128.84,0.326,0.298,0.000,0.000,0.131
altai,sinyukha_east,field,0.0,12.0,-150.0,100.0,1228.84,1128.84,0.280,0.258,0.000,0.000,0.108
altai,sinyukha_east,field,0.0,12.0,-150.0,200.0,1328.84,1128.84,0.242,0.232,0.000,0.000,0.070
altai,sinyukha_east,field,0.0,12.0,-150.0,300.0,1428.84,1128.84,0.261,0.257,0.000,0.000,0.051
altai,sinyukha_east,field,0.0,12.0,-50.0,1.0,1185.06,1184.06,0.043,-0.039,0.000,0.000,-0.017
altai,sinyukha_east,field,0.0,12.0,-50.0,1.5,1185.56,1184.06,0.053,-0.048,0.000,0.000,-0.020
altai,sinyukha_east,field,0.0,12.0,-50.0,2.0,1186.06,1184.06,0.060,-0.055,0.000,0.000,-0.023
altai,sinyukha_east,field,0.0,12.0,-50.0,3.0,1187.06,1184.06,0.069,-0.064,0.000,0.000,-0.027
altai,sinyukha_east,field,0.0,12.0,-50.0,5.0,1189.06,1184.06,0.082,-0.075,0.000,0.000,-0.032
altai,sinyukha_east,field,0.0,12.0,-50.0,10.0,1194.06,1184.06,0.100,-0.092,0.000,0.000,-0.038
altai,sinyukha_east,field,0.0,12.0,-50.0,30.0,1214.06,1184.06,0.124,-0.113,0.000,0.000,-0.052
altai,sinyukha_east,field,0.0,12.0,-50.0,50.0,1234.06,1184.06,0.099,-0.084,0.000,0.000,-0.052
altai,sinyukha_east,field,0.0,12.0,-50.0,100.0,1284.06,1184.06,0.052,-0.021,0.000,0.000,-0.048
altai,sinyukha_east,field,0.0,12.0,-50.0,200.0,1384.06,1184.06,0.080,0.067,0.000,0.000,-0.043
altai,sinyukha_east,field,0.0,12.0,-50.0,300.0,1484.06,1184.06,0.163,0.158,0.000,0.000,-0.038
altai,sinyukha_east,field,0.0,12.0,-30.0,1.0,1196.24,1195.24,0.139,-0.130,0.000,0.000,-0.048
altai,sinyukha_east,field,0.0,12.0,-30.0,1.5,1196.74,1195.24,0.153,-0.144,0.000,0.000,-0.053
altai,sinyukha_east,field,0.0,12.0,-30.0,2.0,1197.24,1195.24,0.165,-0.155,0.000,0.000,-0.057
altai,sinyukha_east,field,0.0,12.0,-30.0,3.0,1198.24,1195.24,0.182,-0.171,0.000,0.000,-0.063
altai,sinyukha_east,field,0.0,12.0,-30.0,5.0,1200.24,1195.24,0.206,-0.193,0.000,0.000,-0.071
altai,sinyukha_east,field,0.0,12.0,-30.0,10.0,1205.24,1195.24,0.235,-0.220,0.000,0.000,-0.081
altai,sinyukha_east,field,0.0,12.0,-30.0,30.0,1225.24,1195.24,0.210,-0.193,0.000,0.000,-0.084
altai,sinyukha_east,field,0.0,12.0,-30.0,50.0,1245.24,1195.24,0.166,-0.146,0.000,0.000,-0.079
altai,sinyukha_east,field,0.0,12.0,-30.0,100.0,1295.24,1195.24,0.095,-0.065,0.000,0.000,-0.070
altai,sinyukha_east,field,0.0,12.0,-30.0,200.0,1395.24,1195.24,0.072,0.042,0.000,0.000,-0.058
altai,sinyukha_east,field,0.0,12.0,-30.0,300.0,1495.24,1195.24,0.152,0.144,0.000,0.000,-0.050
altai,sinyukha_east,field,0.0,12.0,-20.0,1.0,1201.08,1200.08,0.184,-0.174,0.000,0.000,-0.060
altai,sinyukha_east,field,0.0,12.0,-20.0,1.5,1201.58,1200.08,0.204,-0.193,0.000,0.000,-0.067
altai,sinyukha_east,field,0.0,12.0,-20.0,2.0,1202.08,1200.08,0.220,-0.208,0.000,0.000,-0.072
altai,sinyukha_east,field,0.0,12.0,-20.0,3.0,1203.08,1200.08,0.239,-0.226,0.000,0.000,-0.078
altai,sinyukha_east,field,0.0,12.0,-20.0,5.0,1205.08,1200.08,0.261,-0.247,0.000,0.000,-0.086
altai,sinyukha_east,field,0.0,12.0,-20.0,10.0,1210.08,1200.08,0.282,-0.266,0.000,0.000,-0.094
altai,sinyukha_east,field,0.0,12.0,-20.0,30.0,1230.08,1200.08,0.240,-0.221,0.000,0.000,-0.093
altai,sinyukha_east,field,0.0,12.0,-20.0,50.0,1250.08,1200.08,0.194,-0.173,0.000,0.000,-0.088
altai,sinyukha_east,field,0.0,12.0,-20.0,100.0,1300.08,1200.08,0.116,-0.087,0.000,0.000,-0.077
altai,sinyukha_east,field,0.0,12.0,-20.0,200.0,1400.08,1200.08,0.070,0.029,0.000,0.000,-0.064
altai,sinyukha_east,field,0.0,12.0,-20.0,300.0,1500.08,1200.08,0.147,0.136,0.000,0.000,-0.055
altai,sinyukha_east,field,0.0,12.0,-10.0,1.0,1205.69,1204.69,0.214,-0.203,0.000,0.000,-0.067
altai,sinyukha_east,field,0.0,12.0,-10.0,1.5,1206.19,1204.69,0.246,-0.234,0.000,0.000,-0.077
altai,sinyukha_east,field,0.0,12.0,-10.0,2.0,1206.69,1204.69,0.270,-0.256,0.000,0.000,-0.084
altai,sinyukha_east,field,0.0,12.0,-10.0,3.0,1207.69,1204.69,0.289,-0.274,0.000,0.000,-0.091
altai,sinyukha_east,field,0.0,12.0,-10.0,5.0,1209.69,1204.69,0.308,-0.292,0.000,0.000,-0.097
altai,sinyukha_east,field,0.0,12.0,-10.0,10.0,1214.69,1204.69,0.320,-0.303,0.000,0.000,-0.103
altai,sinyukha_east,field,0.0,12.0,-10.0,30.0,1234.69,1204.69,0.268,-0.248,0.000,0.000,-0.100
altai,sinyukha_east,field,0.0,12.0,-10.0,50.0,1254.69,1204.69,0.220,-0.199,0.000,0.000,-0.094
altai,sinyukha_east,field,0.0,12.0,-10.0,100.0,1304.69,1204.69,0.136,-0.108,0.000,0.000,-0.083
altai,sinyukha_east,field,0.0,12.0,-10.0,200.0,1404.69,1204.69,0.070,0.016,0.000,0.000,-0.068
altai,sinyukha_east,field,0.0,12.0,-10.0,300.0,1504.69,1204.69,0.141,0.128,0.000,0.000,-0.059
altai,sinyukha_east,field,0.0,12.0,0.0,1.0,1210.18,1209.18,0.325,-0.310,0.000,0.000,-0.098
altai,sinyukha_east,field,0.0,12.0,0.0,1.5,1210.68,1209.18,0.334,-0.318,0.000,0.000,-0.101
altai,sinyukha_east,field,0.0,12.0,0.0,2.0,1211.18,1209.18,0.339,-0.323,0.000,0.000,-0.103
altai,sinyukha_east,field,0.0,12.0,0.0,3.0,1212.18,1209.18,0.346,-0.330,0.000,0.000,-0.105
altai,sinyukha_east,field,0.0,12.0,0.0,5.0,1214.18,1209.18,0.356,-0.339,0.000,0.000,-0.109
altai,sinyukha_east,field,0.0,12.0,0.0,10.0,1219.18,1209.18,0.353,-0.335,0.000,0.000,-0.111
altai,sinyukha_east,field,0.0,12.0,0.0,30.0,1239.18,1209.18,0.293,-0.274,0.000,0.000,-0.106
altai,sinyukha_east,field,0.0,12.0,0.0,50.0,1259.18,1209.18,0.244,-0.223,0.000,0.000,-0.100
altai,sinyukha_east,field,0.0,12.0,0.0,100.0,1309.18,1209.18,0.155,-0.128,0.000,0.000,-0.088
altai,sinyukha_east,field,0.0,12.0,0.0,200.0,1409.18,1209.18,0.073,0.004,0.000,0.000,-0.073
altai,sinyukha_east,field,0.0,12.0,0.0,300.0,1509.18,1209.18,0.136,0.121,0.000,0.000,-0.063
altai,sinyukha_east,field,0.0,12.0,100.0,1.0,1191.10,1190.10,0.227,-0.225,0.000,0.000,-0.035
altai,sinyukha_east,field,0.0,12.0,100.0,1.5,1191.60,1190.10,0.265,-0.261,0.000,0.000,-0.041
altai,sinyukha_east,field,0.0,12.0,100.0,2.0,1192.10,1190.10,0.291,-0.288,0.000,0.000,-0.045
altai,sinyukha_east,field,0.0,12.0,100.0,3.0,1193.10,1190.10,0.330,-0.326,0.000,0.000,-0.051
altai,sinyukha_east,field,0.0,12.0,100.0,5.0,1195.10,1190.10,0.378,-0.374,0.000,0.000,-0.059
altai,sinyukha_east,field,0.0,12.0,100.0,10.0,1200.10,1190.10,0.450,-0.444,0.000,0.000,-0.070
altai,sinyukha_east,field,0.0,12.0,100.0,30.0,1220.10,1190.10,0.587,-0.580,0.000,0.000,-0.094
altai,sinyukha_east,field,0.0,12.0,100.0,50.0,1240.10,1190.10,0.546,-0.537,0.000,0.000,-0.097
altai,sinyukha_east,field,0.0,12.0,100.0,100.0,1290.10,1190.10,0.414,-0.402,0.000,0.000,-0.097
altai,sinyukha_east,field,0.0,12.0,100.0,200.0,1390.10,1190.10,0.215,-0.195,0.000,0.000,-0.091
altai,sinyukha_east,field,0.0,12.0,100.0,300.0,1490.10,1190.10,0.090,-0.033,0.000,0.000,-0.084
altai,sinyukha_east,field,0.0,12.0,300.0,1.0,1094.44,1093.44,0.134,-0.133,0.000,0.000,0.015
altai,sinyukha_east,field,0.0,12.0,300.0,1.5,1094.94,1093.44,0.154,-0.153,0.000,0.000,0.017
altai,sinyukha_east,field,0.0,12.0,300.0,2.0,1095.44,1093.44,0.169,-0.168,0.000,0.000,0.018
altai,sinyukha_east,field,0.0,12.0,300.0,3.0,1096.44,1093.44,0.190,-0.188,0.000,0.000,0.020
altai,sinyukha_east,field,0.0,12.0,300.0,5.0,1098.44,1093.44,0.216,-0.215,0.000,0.000,0.023
altai,sinyukha_east,field,0.0,12.0,300.0,10.0,1103.44,1093.44,0.254,-0.253,0.000,0.000,0.027
altai,sinyukha_east,field,0.0,12.0,300.0,30.0,1123.44,1093.44,0.390,-0.390,0.000,0.000,-0.005
altai,sinyukha_east,field,0.0,12.0,300.0,50.0,1143.44,1093.44,0.571,-0.566,0.000,0.000,-0.075
altai,sinyukha_east,field,0.0,12.0,300.0,100.0,1193.44,1093.44,0.569,-0.565,0.000,0.000,-0.064
altai,sinyukha_east,field,0.0,12.0,300.0,200.0,1293.44,1093.44,0.496,-0.493,0.000,0.000,-0.052
altai,sinyukha_east,field,0.0,12.0,300.0,300.0,1393.44,1093.44,0.369,-0.366,0.000,0.000,-0.048
altai,sinyukha_east,field,3.0,12.0,-3000.0,1.0,671.64,670.64,1.841,1.757,-0.019,1.570,0.551
altai,sinyukha_east,field,3.0,12.0,-3000.0,1.5,672.14,670.64,2.107,2.010,-0.021,1.644,0.630
altai,sinyukha_east,field,3.0,12.0,-3000.0,2.0,672.64,670.64,2.302,2.197,-0.023,1.699,0.689
altai,sinyukha_east,field,3.0,12.0,-3000.0,3.0,673.64,670.64,2.493,2.381,-0.025,1.779,0.739
altai,sinyukha_east,field,3.0,12.0,-3000.0,5.0,675.64,670.64,2.603,2.494,-0.027,1.887,0.745
altai,sinyukha_east,field,3.0,12.0,-3000.0,10.0,680.64,670.64,2.757,2.658,-0.031,2.049,0.735
altai,sinyukha_east,field,3.0,12.0,-3000.0,30.0,700.64,670.64,2.950,2.904,-0.042,2.358,0.518
altai,sinyukha_east,field,3.0,12.0,-3000.0,50.0,720.64,670.64,3.073,3.061,-0.053,2.540,0.264
altai,sinyukha_east,field,3.0,12.0,-3000.0,100.0,770.64,670.64,3.182,3.177,-0.068,2.861,0.184
altai,sinyukha_east,field,3.0,12.0,-3000.0,200.0,870.64,670.64,3.282,3.278,-0.118,3.344,0.164
altai,sinyukha_east,field,3.0,12.0,-3000.0,300.0,970.64,670.64,3.333,3.331,-0.170,3.610,0.124
altai,sinyukha_east,field,3.0,12.0,-1000.0,1.0,800.96,799.96,0.667,0.630,0.063,1.750,0.222
altai,sinyukha_east,field,3.0,12.0,-1000.0,1.5,801.46,799.96,0.779,0.734,0.074,1.832,0.259
altai,sinyukha_east,field,3.0,12.0,-1000.0,2.0,801.96,799.96,0.859,0.810,0.082,1.893,0.286
altai,sinyukha_east,field,3.0,12.0,-1000.0,3.0,802.96,799.96,0.972,0.916,0.093,1.983,0.324
altai,sinyukha_east,field,3.0,12.0,-1000.0,5.0,804.96,799.96,1.115,1.051,0.107,2.103,0.372
altai,sinyukha_east,field,3.0,12.0,-1000.0,10.0,809.96,799.96,1.342,1.272,0.125,2.281,0.427
altai,sinyukha_east,field,3.0,12.0,-1000.0,30.0,829.96,799.96,1.934,1.879,0.214,2.621,0.460
altai,sinyukha_east,field,3.0,12.0,-1000.0,50.0,849.96,799.96,2.191,2.148,0.256,2.818,0.431
altai,sinyukha_east,field,3.0,12.0,-1000.0,100.0,899.96,799.96,2.465,2.436,0.293,3.162,0.372
altai,sinyukha_east,field,3.0,12.0,-1000.0,200.0,999.96,799.96,2.726,2.710,0.363,3.669,0.296
altai,sinyukha_east,field,3.0,12.0,-1000.0,300.0,1099.96,799.96,2.883,2.874,0.416,3.937,0.232
altai,sinyukha_east,field,3.0,12.0,-300.0,1.0,1050.65,1049.65,0.455,0.454,0.130,2.098,-0.028
altai,sinyukha_east,field,3.0,12.0,-300.0,1.5,1051.15,1049.65,0.568,0.567,0.162,2.196,-0.035
altai,sinyukha_east,field,3.0,12.0,-300.0,2.0,1051.65,1049.65,0.644,0.643,0.184,2.268,-0.039
altai,sinyukha_east,field,3.0,12.0,-300.0,3.0,1052.65,1049.65,0.746,0.745,0.213,2.375,-0.046
altai,sinyukha_east,field,3.0,12.0,-300.0,5.0,1054.65,1049.65,0.871,0.869,0.249,2.519,-0.053
altai,sinyukha_east,field,3.0,12.0,-300.0,10.0,1059.65,1049.65,1.036,1.034,0.296,2.731,-0.064
altai,sinyukha_east,field,3.0,12.0,-300.0,30.0,1079.65,1049.65,1.865,1.856,0.561,3.129,0.187
altai,sinyukha_east,field,3.0,12.0,-300.0,50.0,1099.65,1049.65,2.371,2.351,0.718,3.356,0.303
altai,sinyukha_east,field,3.0,12.0,-300.0,100.0,1149.65,1049.65,2.869,2.854,0.840,3.744,0.296
altai,sinyukha_east,field,3.0,12.0,-300.0,200.0,1249.65,1049.65,3.343,3.336,0.845,4.298,0.218
altai,sinyukha_east,field,3.0,12.0,-300.0,300.0,1349.65,1049.65,3.521,3.519,0.751,4.569,0.128
altai,sinyukha_east,field,3.0,12.0,-150.0,1.0,1129.84,1128.84,0.631,0.625,0.264,2.208,0.089
altai,sinyukha_east,field,3.0,12.0,-150.0,1.5,1130.34,1128.84,0.751,0.743,0.314,2.311,0.106
altai,sinyukha_east,field,3.0,12.0,-150.0,2.0,1130.84,1128.84,0.830,0.822,0.346,2.387,0.116
altai,sinyukha_east,field,3.0,12.0,-150.0,3.0,1131.84,1128.84,0.938,0.929,0.390,2.500,0.129
altai,sinyukha_east,field,3.0,12.0,-150.0,5.0,1133.84,1128.84,1.083,1.073,0.448,2.650,0.147
altai,sinyukha_east,field,3.0,12.0,-150.0,10.0,1138.84,1128.84,1.347,1.337,0.541,2.873,0.167
altai,sinyukha_east,field,3.0,12.0,-150.0,30.0,1158.84,1128.84,2.326,2.309,0.880,3.290,0.275
altai,sinyukha_east,field,3.0,12.0,-150.0,50.0,1178.84,1128.84,2.870,2.852,0.992,3.527,0.320
altai,sinyukha_east,field,3.0,12.0,-150.0,100.0,1228.84,1128.84,3.492,3.481,0.975,3.928,0.272
altai,sinyukha_east,field,3.0,12.0,-150.0,200.0,1328.84,1128.84,3.793,3.790,0.751,4.497,0.150
altai,sinyukha_east,field,3.0,12.0,-150.0,300.0,1428.84,1128.84,3.772,3.771,0.602,4.769,0.055
altai,sinyukha_east,field,3.0,12.0,-50.0,1.0,1185.06,1184.06,1.235,1.234,0.144,2.284,0.018
altai,sinyukha_east,field,3.0,12.0,-50.0,1.5,1185.56,1184.06,1.482,1.482,0.170,2.391,0.024
altai,sinyukha_east,field,3.0,12.0,-50.0,2.0,1186.06,1184.06,1.657,1.656,0.188,2.470,0.028
altai,sinyukha_east,field,3.0,12.0,-50.0,3.0,1187.06,1184.06,1.902,1.902,0.213,2.587,0.033
altai,sinyukha_east,field,3.0,12.0,-50.0,5.0,1189.06,1184.06,2.212,2.211,0.245,2.742,0.041
altai,sinyukha_east,field,3.0,12.0,-50.0,10.0,1194.06,1184.06,2.642,2.641,0.288,2.973,0.050
altai,sinyukha_east,field,3.0,12.0,-50.0,30.0,1214.06,1184.06,3.695,3.687,0.505,3.403,0.229
altai,sinyukha_east,field,3.0,12.0,-50.0,50.0,1234.06,1184.06,3.961,3.953,0.599,3.646,0.244
altai,sinyukha_east,field,3.0,12.0,-50.0,100.0,1284.06,1184.06,4.020,4.016,0.598,4.057,0.173
altai,sinyukha_east,field,3.0,12.0,-50.0,200.0,1384.06,1184.06,3.931,3.930,0.515,4.636,0.076
altai,sinyukha_east,field,3.0,12.0,-50.0,300.0,1484.06,1184.06,3.814,3.814,0.445,4.908,-0.001
altai,sinyukha_east,field,3.0,12.0,-30.0,1.0,1196.24,1195.24,2.072,2.068,0.097,2.300,0.124
altai,sinyukha_east,field,3.0,12.0,-30.0,1.5,1196.74,1195.24,2.288,2.284,0.107,2.408,0.137
altai,sinyukha_east,field,3.0,12.0,-30.0,2.0,1197.24,1195.24,2.457,2.453,0.114,2.487,0.147
altai,sinyukha_east,field,3.0,12.0,-30.0,3.0,1198.24,1195.24,2.715,2.710,0.126,2.604,0.163
altai,sinyukha_east,field,3.0,12.0,-30.0,5.0,1200.24,1195.24,3.064,3.058,0.142,2.761,0.184
altai,sinyukha_east,field,3.0,12.0,-30.0,10.0,1205.24,1195.24,3.531,3.525,0.167,2.993,0.209
altai,sinyukha_east,field,3.0,12.0,-30.0,30.0,1225.24,1195.24,3.939,3.933,0.319,3.426,0.222
altai,sinyukha_east,field,3.0,12.0,-30.0,50.0,1245.24,1195.24,4.019,4.014,0.431,3.670,0.203
altai,sinyukha_east,field,3.0,12.0,-30.0,100.0,1295.24,1195.24,4.038,4.035,0.508,4.083,0.153
altai,sinyukha_east,field,3.0,12.0,-30.0,200.0,1395.24,1195.24,3.932,3.932,0.471,4.664,0.063
altai,sinyukha_east,field,3.0,12.0,-30.0,300.0,1495.24,1195.24,3.811,3.811,0.416,4.937,-0.012
altai,sinyukha_east,field,3.0,12.0,-20.0,1.0,1201.08,1200.08,2.243,2.238,0.082,2.307,0.152
altai,sinyukha_east,field,3.0,12.0,-20.0,1.5,1201.58,1200.08,2.492,2.487,0.091,2.415,0.169
altai,sinyukha_east,field,3.0,12.0,-20.0,2.0,1202.08,1200.08,2.684,2.678,0.098,2.494,0.182
altai,sinyukha_east,field,3.0,12.0,-20.0,3.0,1203.08,1200.08,2.933,2.927,0.108,2.612,0.198
altai,sinyukha_east,field,3.0,12.0,-20.0,5.0,1205.08,1200.08,3.252,3.245,0.122,2.769,0.218
altai,sinyukha_east,field,3.0,12.0,-20.0,10.0,1210.08,1200.08,3.641,3.634,0.145,3.002,0.237
altai,sinyukha_east,field,3.0,12.0,-20.0,30.0,1230.08,1200.08,3.930,3.924,0.290,3.435,0.220
altai,sinyukha_east,field,3.0,12.0,-20.0,50.0,1250.08,1200.08,4.007,4.002,0.394,3.681,0.198
altai,sinyukha_east,field,3.0,12.0,-20.0,100.0,1300.08,1200.08,4.032,4.029,0.473,4.094,0.145
altai,sinyukha_east,field,3.0,12.0,-20.0,200.0,1400.08,1200.08,3.929,3.928,0.451,4.677,0.057
altai,sinyukha_east,field,3.0,12.0,-20.0,300.0,1500.08,1200.08,3.808,3.807,0.402,4.949,-0.017
altai,sinyukha_east,field,3.0,12.0,-10.0,1.0,1205.69,1204.69,2.226,2.220,0.071,2.313,0.161
altai,sinyukha_east,field,3.0,12.0,-10.0,1.5,1206.19,1204.69,2.557,2.550,0.081,2.421,0.185
altai,sinyukha_east,field,3.0,12.0,-10.0,2.0,1206.69,1204.69,2.800,2.793,0.089,2.501,0.203
altai,sinyukha_east,field,3.0,12.0,-10.0,3.0,1207.69,1204.69,3.046,3.038,0.099,2.619,0.219
altai,sinyukha_east,field,3.0,12.0,-10.0,5.0,1209.69,1204.69,3.325,3.317,0.112,2.777,0.237
altai,sinyukha_east,field,3.0,12.0,-10.0,10.0,1214.69,1204.69,3.638,3.630,0.137,3.010,0.248
altai,sinyukha_east,field,3.0,12.0,-10.0,30.0,1234.69,1204.69,3.911,3.905,0.278,3.445,0.219
altai,sinyukha_east,field,3.0,12.0,-10.0,50.0,1254.69,1204.69,3.990,3.986,0.366,3.691,0.193
altai,sinyukha_east,field,3.0,12.0,-10.0,100.0,1304.69,1204.69,4.023,4.021,0.443,4.105,0.137
altai,sinyukha_east,field,3.0,12.0,-10.0,200.0,1404.69,1204.69,3.924,3.924,0.431,4.688,0.051
altai,sinyukha_east,field,3.0,12.0,-10.0,300.0,1504.69,1204.69,3.804,3.804,0.389,4.960,-0.021
altai,sinyukha_east,field,3.0,12.0,0.0,1.0,1210.18,1209.18,2.986,2.978,0.083,2.319,0.226
altai,sinyukha_east,field,3.0,12.0,0.0,1.5,1210.68,1209.18,3.099,3.090,0.087,2.428,0.233
altai,sinyukha_east,field,3.0,12.0,0.0,2.0,1211.18,1209.18,3.174,3.165,0.091,2.508,0.238
altai,sinyukha_east,field,3.0,12.0,0.0,3.0,1212.18,1209.18,3.295,3.285,0.098,2.626,0.245
altai,sinyukha_east,field,3.0,12.0,0.0,5.0,1214.18,1209.18,3.471,3.461,0.109,2.784,0.255
altai,sinyukha_east,field,3.0,12.0,0.0,10.0,1219.18,1209.18,3.648,3.639,0.134,3.018,0.253
altai,sinyukha_east,field,3.0,12.0,0.0,30.0,1239.18,1209.18,3.893,3.887,0.265,3.454,0.215
altai,sinyukha_east,field,3.0,12.0,0.0,50.0,1259.18,1209.18,3.979,3.974,0.340,3.700,0.187
altai,sinyukha_east,field,3.0,12.0,0.0,100.0,1309.18,1209.18,4.015,4.013,0.414,4.116,0.130
altai,sinyukha_east,field,3.0,12.0,0.0,200.0,1409.18,1209.18,3.919,3.919,0.413,4.700,0.045
altai,sinyukha_east,field,3.0,12.0,0.0,300.0,1509.18,1209.18,3.800,3.800,0.376,4.972,-0.026
altai,sinyukha_east,field,3.0,12.0,100.0,1.0,1191.10,1190.10,1.117,1.115,-0.019,2.293,0.065
altai,sinyukha_east,field,3.0,12.0,100.0,1.5,1191.60,1190.10,1.303,1.301,-0.022,2.400,0.076
altai,sinyukha_east,field,3.0,12.0,100.0,2.0,1192.10,1190.10,1.437,1.434,-0.024,2.479,0.084
altai,sinyukha_east,field,3.0,12.0,100.0,3.0,1193.10,1190.10,1.627,1.625,-0.026,2.596,0.096
altai,sinyukha_east,field,3.0,12.0,100.0,5.0,1195.10,1190.10,1.870,1.867,-0.030,2.752,0.110
altai,sinyukha_east,field,3.0,12.0,100.0,10.0,1200.10,1190.10,2.252,2.248,-0.034,2.984,0.132
altai,sinyukha_east,field,3.0,12.0,100.0,30.0,1220.10,1190.10,3.329,3.324,-0.032,3.415,0.192
altai,sinyukha_east,field,3.0,12.0,100.0,50.0,1240.10,1190.10,3.609,3.605,0.030,3.659,0.173
altai,sinyukha_east,field,3.0,12.0,100.0,100.0,1290.10,1190.10,3.829,3.828,0.151,4.071,0.117
altai,sinyukha_east,field,3.0,12.0,100.0,200.0,1390.10,1190.10,3.874,3.873,0.253,4.652,0.038
altai,sinyukha_east,field,3.0,12.0,100.0,300.0,1490.10,1190.10,3.801,3.801,0.269,4.924,-0.027
altai,sinyukha_east,field,3.0,12.0,300.0,1.0,1094.44,1093.44,0.211,0.205,0.019,2.158,-0.052
altai,sinyukha_east,field,3.0,12.0,300.0,1.5,1094.94,1093.44,0.245,0.237,0.022,2.259,-0.060
altai,sinyukha_east,field,3.0,12.0,300.0,2.0,1095.44,1093.44,0.269,0.261,0.024,2.334,-0.065
altai,sinyukha_east,field,3.0,12.0,300.0,3.0,1096.44,1093.44,0.305,0.296,0.027,2.444,-0.073
altai,sinyukha_east,field,3.0,12.0,300.0,5.0,1098.44,1093.44,0.351,0.341,0.031,2.591,-0.083
altai,sinyukha_east,field,3.0,12.0,300.0,10.0,1103.44,1093.44,0.416,0.405,0.036,2.810,-0.098
altai,sinyukha_east,field,3.0,12.0,300.0,30.0,1123.44,1093.44,0.721,0.719,0.043,3.218,-0.056
altai,sinyukha_east,field,3.0,12.0,300.0,50.0,1143.44,1093.44,1.273,1.271,0.028,3.451,0.066
altai,sinyukha_east,field,3.0,12.0,300.0,100.0,1193.44,1093.44,2.209,2.207,-0.078,3.846,0.094
altai,sinyukha_east,field,3.0,12.0,300.0,200.0,1293.44,1093.44,3.237,3.236,0.006,4.408,0.072
altai,sinyukha_east,field,3.0,12.0,300.0,300.0,1393.44,1093.44,3.539,3.539,0.077,4.679,0.011
altai,sinyukha_east,field,6.0,12.0,-3000.0,1.0,671.64,670.64,2.674,2.540,0.009,2.339,0.836
altai,sinyukha_east,field,6.0,12.0,-3000.0,1.5,672.14,670.64,3.059,2.906,0.010,2.579,0.956
altai,sinyukha_east,field,6.0,12.0,-3000.0,2.0,672.64,670.64,3.343,3.176,0.011,2.765,1.045
altai,sinyukha_east,field,6.0,12.0,-3000.0,3.0,673.64,670.64,3.623,3.445,0.012,3.050,1.121
altai,sinyukha_east,field,6.0,12.0,-3000.0,5.0,675.64,670.64,3.788,3.614,0.013,3.454,1.135
altai,sinyukha_east,field,6.0,12.0,-3000.0,10.0,680.64,670.64,4.025,3.864,0.015,4.097,1.126
altai,sinyukha_east,field,6.0,12.0,-3000.0,30.0,700.64,670.64,4.366,4.286,0.020,5.427,0.829
altai,sinyukha_east,field,6.0,12.0,-3000.0,50.0,720.64,670.64,4.608,4.583,0.025,6.241,0.475
altai,sinyukha_east,field,6.0,12.0,-3000.0,100.0,770.64,670.64,4.964,4.948,0.029,7.683,0.389
altai,sinyukha_east,field,6.0,12.0,-3000.0,200.0,870.64,670.64,5.418,5.405,0.022,9.813,0.386
altai,sinyukha_east,field,6.0,12.0,-3000.0,300.0,970.64,670.64,5.748,5.738,0.015,11.630,0.331
altai,sinyukha_east,field,6.0,12.0,-1000.0,1.0,800.96,799.96,1.064,1.006,0.086,2.607,0.346
altai,sinyukha_east,field,6.0,12.0,-1000.0,1.5,801.46,799.96,1.241,1.174,0.101,2.875,0.404
altai,sinyukha_east,field,6.0,12.0,-1000.0,2.0,801.96,799.96,1.369,1.294,0.111,3.081,0.445
altai,sinyukha_east,field,6.0,12.0,-1000.0,3.0,802.96,799.96,1.549,1.464,0.127,3.399,0.505
altai,sinyukha_east,field,6.0,12.0,-1000.0,5.0,804.96,799.96,1.778,1.680,0.146,3.848,0.580
altai,sinyukha_east,field,6.0,12.0,-1000.0,10.0,809.96,799.96,2.143,2.037,0.171,4.563,0.665
altai,sinyukha_east,field,6.0,12.0,-1000.0,30.0,829.96,799.96,3.146,3.064,0.293,6.033,0.716
altai,sinyukha_east,field,6.0,12.0,-1000.0,50.0,849.96,799.96,3.635,3.572,0.353,6.926,0.671
altai,sinyukha_east,field,6.0,12.0,-1000.0,100.0,899.96,799.96,4.258,4.217,0.406,8.492,0.588
altai,sinyukha_east,field,6.0,12.0,-1000.0,200.0,999.96,799.96,4.953,4.929,0.500,10.768,0.483
altai,sinyukha_east,field,6.0,12.0,-1000.0,300.0,1099.96,799.96,5.443,5.429,0.574,12.683,0.392
altai,sinyukha_east,field,6.0,12.0,-300.0,1.0,1050.65,1049.65,0.843,0.837,0.275,3.124,-0.096
altai,sinyukha_east,field,6.0,12.0,-300.0,1.5,1051.15,1049.65,1.052,1.046,0.344,3.445,-0.119
altai,sinyukha_east,field,6.0,12.0,-300.0,2.0,1051.65,1049.65,1.192,1.185,0.390,3.692,-0.135
altai,sinyukha_east,field,6.0,12.0,-300.0,3.0,1052.65,1049.65,1.382,1.373,0.452,4.072,-0.157
altai,sinyukha_east,field,6.0,12.0,-300.0,5.0,1054.65,1049.65,1.613,1.603,0.528,4.609,-0.183
altai,sinyukha_east,field,6.0,12.0,-300.0,10.0,1059.65,1049.65,1.919,1.907,0.628,5.462,-0.218
altai,sinyukha_east,field,6.0,12.0,-300.0,30.0,1079.65,1049.65,3.457,3.450,1.172,7.203,0.225
altai,sinyukha_east,field,6.0,12.0,-300.0,50.0,1099.65,1049.65,4.445,4.424,1.474,8.249,0.431
altai,sinyukha_east,field,6.0,12.0,-300.0,100.0,1149.65,1049.65,5.555,5.539,1.653,10.054,0.420
altai,sinyukha_east,field,6.0,12.0,-300.0,200.0,1249.65,1049.65,6.715,6.709,1.563,12.613,0.291
altai,sinyukha_east,field,6.0,12.0,-300.0,300.0,1349.65,1049.65,7.257,7.256,1.317,14.716,0.153
altai,sinyukha_east,field,6.0,12.0,-150.0,1.0,1129.84,1128.84,1.186,1.180,0.542,3.288,0.119
altai,sinyukha_east,field,6.0,12.0,-150.0,1.5,1130.34,1128.84,1.411,1.404,0.645,3.626,0.140
altai,sinyukha_east,field,6.0,12.0,-150.0,2.0,1130.84,1128.84,1.560,1.553,0.711,3.886,0.153
altai,sinyukha_east,field,6.0,12.0,-150.0,3.0,1131.84,1128.84,1.765,1.757,0.802,4.286,0.169
altai,sinyukha_east,field,6.0,12.0,-150.0,5.0,1133.84,1128.84,2.039,2.030,0.922,4.851,0.191
altai,sinyukha_east,field,6.0,12.0,-150.0,10.0,1138.84,1128.84,2.551,2.542,1.116,5.747,0.211
altai,sinyukha_east,field,6.0,12.0,-150.0,30.0,1158.84,1128.84,4.458,4.443,1.820,7.574,0.366
altai,sinyukha_east,field,6.0,12.0,-150.0,50.0,1178.84,1128.84,5.590,5.572,2.059,8.668,0.449
altai,sinyukha_east,field,6.0,12.0,-150.0,100.0,1228.84,1128.84,7.017,7.007,1.972,10.550,0.373
altai,sinyukha_east,field,6.0,12.0,-150.0,200.0,1328.84,1128.84,7.847,7.846,1.403,13.198,0.168
altai,sinyukha_east,field,6.0,12.0,-150.0,300.0,1428.84,1128.84,7.973,7.973,1.048,15.361,0.023
altai,sinyukha_east,field,6.0,12.0,-50.0,1.0,1185.06,1184.06,2.462,2.462,0.306,3.403,-0.031
altai,sinyukha_east,field,6.0,12.0,-50.0,1.5,1185.56,1184.06,2.956,2.955,0.360,3.752,-0.033
altai,sinyukha_east,field,6.0,12.0,-50.0,2.0,1186.06,1184.06,3.304,3.304,0.398,4.021,-0.034
altai,sinyukha_east,field,6.0,12.0,-50.0,3.0,1187.06,1184.06,3.794,3.794,0.452,4.435,-0.036
altai,sinyukha_east,field,6.0,12.0,-50.0,5.0,1189.06,1184.06,4.412,4.411,0.520,5.019,-0.038
altai,sinyukha_east,field,6.0,12.0,-50.0,10.0,1194.06,1184.06,5.270,5.269,0.611,5.946,-0.042
altai,sinyukha_east,field,6.0,12.0,-50.0,30.0,1214.06,1184.06,7.403,7.397,1.058,7.833,0.289
altai,sinyukha_east,field,6.0,12.0,-50.0,50.0,1234.06,1184.06,8.022,8.015,1.226,8.961,0.316
altai,sinyukha_east,field,6.0,12.0,-50.0,100.0,1284.06,1184.06,8.307,8.305,1.163,10.895,0.187
altai,sinyukha_east,field,6.0,12.0,-50.0,200.0,1384.06,1184.06,8.292,8.292,0.922,13.606,0.036
altai,sinyukha_east,field,6.0,12.0,-50.0,300.0,1484.06,1184.06,8.208,8.208,0.750,15.811,-0.073
altai,sinyukha_east,field,6.0,12.0,-30.0,1.0,1196.24,1195.24,4.136,4.133,0.198,3.426,0.153
altai,sinyukha_east,field,6.0,12.0,-30.0,1.5,1196.74,1195.24,4.567,4.564,0.218,3.777,0.169
altai,sinyukha_east,field,6.0,12.0,-30.0,2.0,1197.24,1195.24,4.905,4.902,0.234,4.048,0.182
altai,sinyukha_east,field,6.0,12.0,-30.0,3.0,1198.24,1195.24,5.418,5.415,0.258,4.465,0.202
altai,sinyukha_east,field,6.0,12.0,-30.0,5.0,1200.24,1195.24,6.115,6.111,0.291,5.053,0.228
altai,sinyukha_east,field,6.0,12.0,-30.0,10.0,1205.24,1195.24,7.051,7.046,0.341,5.986,0.257
altai,sinyukha_east,field,6.0,12.0,-30.0,30.0,1225.24,1195.24,7.944,7.940,0.646,7.885,0.272
altai,sinyukha_east,field,6.0,12.0,-30.0,50.0,1245.24,1195.24,8.196,8.193,0.860,9.020,0.235
altai,sinyukha_east,field,6.0,12.0,-30.0,100.0,1295.24,1195.24,8.388,8.387,0.972,10.965,0.151
altai,sinyukha_east,field,6.0,12.0,-30.0,200.0,1395.24,1195.24,8.328,8.328,0.834,13.689,0.013
altai,sinyukha_east,field,6.0,12.0,-30.0,300.0,1495.24,1195.24,8.232,8.232,0.696,15.902,-0.090
altai,sinyukha_east,field,6.0,12.0,-20.0,1.0,1201.08,1200.08,4.477,4.472,0.167,3.436,0.200
altai,sinyukha_east,field,6.0,12.0,-20.0,1.5,1201.58,1200.08,4.975,4.970,0.185,3.788,0.222
altai,sinyukha_east,field,6.0,12.0,-20.0,2.0,1202.08,1200.08,5.358,5.352,0.199,4.060,0.239
altai,sinyukha_east,field,6.0,12.0,-20.0,3.0,1203.08,1200.08,5.856,5.850,0.220,4.478,0.261
altai,sinyukha_east,field,6.0,12.0,-20.0,5.0,1205.08,1200.08,6.493,6.487,0.248,5.068,0.287
altai,sinyukha_east,field,6.0,12.0,-20.0,10.0,1210.08,1200.08,7.278,7.272,0.295,6.003,0.308
altai,sinyukha_east,field,6.0,12.0,-20.0,30.0,1230.08,1200.08,7.950,7.946,0.584,7.908,0.266
altai,sinyukha_east,field,6.0,12.0,-20.0,50.0,1250.08,1200.08,8.197,8.194,0.780,9.046,0.226
altai,sinyukha_east,field,6.0,12.0,-20.0,100.0,1300.08,1200.08,8.395,8.394,0.899,10.995,0.137
altai,sinyukha_east,field,6.0,12.0,-20.0,200.0,1400.08,1200.08,8.336,8.336,0.793,13.724,0.002
altai,sinyukha_east,field,6.0,12.0,-20.0,300.0,1500.08,1200.08,8.240,8.240,0.670,15.941,-0.098
altai,sinyukha_east,field,6.0,12.0,-10.0,1.0,1205.69,1204.69,4.443,4.437,0.144,3.445,0.216
altai,sinyukha_east,field,6.0,12.0,-10.0,1.5,1206.19,1204.69,5.104,5.098,0.166,3.799,0.249
altai,sinyukha_east,field,6.0,12.0,-10.0,2.0,1206.69,1204.69,5.589,5.582,0.181,4.071,0.272
altai,sinyukha_east,field,6.0,12.0,-10.0,3.0,1207.69,1204.69,6.080,6.073,0.202,4.490,0.294
altai,sinyukha_east,field,6.0,12.0,-10.0,5.0,1209.69,1204.69,6.642,6.634,0.229,5.082,0.317
altai,sinyukha_east,field,6.0,12.0,-10.0,10.0,1214.69,1204.69,7.281,7.274,0.278,6.020,0.327
altai,sinyukha_east,field,6.0,12.0,-10.0,30.0,1234.69,1204.69,7.935,7.931,0.558,7.930,0.265
altai,sinyukha_east,field,6.0,12.0,-10.0,50.0,1254.69,1204.69,8.187,8.184,0.722,9.070,0.217
altai,sinyukha_east,field,6.0,12.0,-10.0,100.0,1304.69,1204.69,8.396,8.395,0.834,11.024,0.124
altai,sinyukha_east,field,6.0,12.0,-10.0,200.0,1404.69,1204.69,8.341,8.341,0.755,13.758,-0.008
altai,sinyukha_east,field,6.0,12.0,-10.0,300.0,1504.69,1204.69,8.247,8.246,0.645,15.979,-0.106
altai,sinyukha_east,field,6.0,12.0,0.0,1.0,1210.18,1209.18,5.960,5.953,0.168,3.455,0.306
altai,sinyukha_east,field,6.0,12.0,0.0,1.5,1210.68,1209.18,6.186,6.178,0.178,3.809,0.316
altai,sinyukha_east,field,6.0,12.0,0.0,2.0,1211.18,1209.18,6.337,6.329,0.186,4.082,0.322
altai,sinyukha_east,field,6.0,12.0,0.0,3.0,1212.18,1209.18,6.581,6.573,0.199,4.502,0.331
altai,sinyukha_east,field,6.0,12.0,0.0,5.0,1214.18,1209.18,6.938,6.930,0.220,5.096,0.342
altai,sinyukha_east,field,6.0,12.0,0.0,10.0,1219.18,1209.18,7.316,7.309,0.271,6.036,0.333
altai,sinyukha_east,field,6.0,12.0,0.0,30.0,1239.18,1209.18,7.924,7.920,0.529,7.951,0.258
altai,sinyukha_east,field,6.0,12.0,0.0,50.0,1259.18,1209.18,8.190,8.187,0.667,9.094,0.205
altai,sinyukha_east,field,6.0,12.0,0.0,100.0,1309.18,1209.18,8.399,8.398,0.774,11.052,0.110
altai,sinyukha_east,field,6.0,12.0,0.0,200.0,1409.18,1209.18,8.346,8.346,0.719,13.792,-0.018
altai,sinyukha_east,field,6.0,12.0,0.0,300.0,1509.18,1209.18,8.253,8.252,0.622,16.016,-0.113
altai,sinyukha_east,field,6.0,12.0,100.0,1.0,1191.10,1190.10,2.167,2.166,-0.041,3.415,0.079
altai,sinyukha_east,field,6.0,12.0,100.0,1.5,1191.60,1190.10,2.528,2.527,-0.047,3.765,0.093
altai,sinyukha_east,field,6.0,12.0,100.0,2.0,1192.10,1190.10,2.788,2.787,-0.051,4.036,0.102
altai,sinyukha_east,field,6.0,12.0,100.0,3.0,1193.10,1190.10,3.159,3.157,-0.057,4.451,0.117
altai,sinyukha_east,field,6.0,12.0,100.0,5.0,1195.10,1190.10,3.630,3.628,-0.065,5.038,0.135
altai,sinyukha_east,field,6.0,12.0,100.0,10.0,1200.10,1190.10,4.386,4.383,-0.074,5.967,0.161
altai,sinyukha_east,field,6.0,12.0,100.0,30.0,1220.10,1190.10,6.675,6.670,-0.075,7.861,0.240
altai,sinyukha_east,field,6.0,12.0,100.0,50.0,1240.10,1190.10,7.431,7.429,0.048,8.993,0.190
altai,sinyukha_east,field,6.0,12.0,100.0,100.0,1290.10,1190.10,8.101,8.101,0.266,10.933,0.083
altai,sinyukha_east,field,6.0,12.0,100.0,200.0,1390.10,1190.10,8.332,8.332,0.426,13.651,-0.041
altai,sinyukha_east,field,6.0,12.0,100.0,300.0,1490.10,1190.10,8.300,8.299,0.441,15.860,-0.129
altai,sinyukha_east,field,6.0,12.0,300.0,1.0,1094.44,1093.44,0.058,0.055,0.046,3.215,0.020
altai,sinyukha_east,field,6.0,12.0,300.0,1.5,1094.94,1093.44,0.089,0.086,0.053,3.545,0.023
altai,sinyukha_east,field,6.0,12.0,300.0,2.0,1095.44,1093.44,0.112,0.109,0.058,3.799,0.025
altai,sinyukha_east,field,6.0,12.0,300.0,3.0,1096.44,1093.44,0.146,0.143,0.065,4.190,0.028
altai,sinyukha_east,field,6.0,12.0,300.0,5.0,1098.44,1093.44,0.192,0.189,0.074,4.743,0.032
altai,sinyukha_east,field,6.0,12.0,300.0,10.0,1103.44,1093.44,0.264,0.262,0.086,5.619,0.037
altai,sinyukha_east,field,6.0,12.0,300.0,30.0,1123.44,1093.44,0.748,0.747,0.105,7.408,0.046
altai,sinyukha_east,field,6.0,12.0,300.0,50.0,1143.44,1093.44,1.760,1.759,0.077,8.481,0.051
altai,sinyukha_east,field,6.0,12.0,300.0,100.0,1193.44,1093.44,4.488,4.488,-0.152,10.328,0.072
altai,sinyukha_east,field,6.0,12.0,300.0,200.0,1293.44,1093.44,7.252,7.252,0.007,12.937,0.011
altai,sinyukha_east,field,6.0,12.0,300.0,300.0,1393.44,1093.44,7.906,7.905,0.123,15.073,-0.095
altai,sinyukha_east,field,10.0,12.0,-3000.0,1.0,671.64,670.64,3.721,3.528,0.013,3.898,1.185
altai,sinyukha_east,field,10.0,12.0,-3000.0,1.5,672.14,670.64,4.258,4.036,0.015,4.299,1.355
altai,sinyukha_east,field,10.0,12.0,-3000.0,2.0,672.64,670.64,4.653,4.411,0.016,4.608,1.481
altai,sinyukha_east,field,10.0,12.0,-3000.0,3.0,673.64,670.64,5.043,4.786,0.017,5.084,1.588
altai,sinyukha_east,field,10.0,12.0,-3000.0,5.0,675.64,670.64,5.277,5.027,0.018,5.757,1.605
altai,sinyukha_east,field,10.0,12.0,-3000.0,10.0,680.64,670.64,5.616,5.387,0.020,6.829,1.585
altai,sinyukha_east,field,10.0,12.0,-3000.0,30.0,700.64,670.64,6.146,6.041,0.027,9.045,1.130
altai,sinyukha_east,field,10.0,12.0,-3000.0,50.0,720.64,670.64,6.552,6.525,0.033,10.401,0.593
altai,sinyukha_east,field,10.0,12.0,-3000.0,100.0,770.64,670.64,7.296,7.282,0.037,12.805,0.464
altai,sinyukha_east,field,10.0,12.0,-3000.0,200.0,870.64,670.64,8.342,8.331,0.014,16.355,0.440
altai,sinyukha_east,field,10.0,12.0,-3000.0,300.0,970.64,670.64,9.131,9.125,-0.006,19.383,0.327
altai,sinyukha_east,field,10.0,12.0,-1000.0,1.0,800.96,799.96,1.489,1.416,0.172,4.345,0.462
altai,sinyukha_east,field,10.0,12.0,-1000.0,1.5,801.46,799.96,1.738,1.652,0.201,4.791,0.540
altai,sinyukha_east,field,10.0,12.0,-1000.0,2.0,801.96,799.96,1.916,1.821,0.223,5.135,0.595
altai,sinyukha_east,field,10.0,12.0,-1000.0,3.0,802.96,799.96,2.168,2.061,0.253,5.665,0.674
altai,sinyukha_east,field,10.0,12.0,-1000.0,5.0,804.96,799.96,2.488,2.365,0.291,6.414,0.774
altai,sinyukha_east,field,10.0,12.0,-1000.0,10.0,809.96,799.96,3.004,2.870,0.342,7.605,0.887
altai,sinyukha_east,field,10.0,12.0,-1000.0,30.0,829.96,799.96,4.476,4.376,0.586,10.055,0.942
altai,sinyukha_east,field,10.0,12.0,-1000.0,50.0,849.96,799.96,5.253,5.181,0.704,11.543,0.872
altai,sinyukha_east,field,10.0,12.0,-1000.0,100.0,899.96,799.96,6.360,6.316,0.800,14.154,0.747
altai,sinyukha_east,field,10.0,12.0,-1000.0,200.0,999.96,799.96,7.705,7.683,0.939,17.947,0.582
altai,sinyukha_east,field,10.0,12.0,-1000.0,300.0,1099.96,799.96,8.710,8.699,1.029,21.139,0.439
altai,sinyukha_east,field,10.0,12.0,-300.0,1.0,1050.65,1049.65,1.303,1.287,0.479,5.207,-0.201
altai,sinyukha_east,field,10.0,12.0,-300.0,1.5,1051.15,1049.65,1.627,1.608,0.598,5.741,-0.252
altai,sinyukha_east,field,10.0,12.0,-300.0,2.0,1051.65,1049.65,1.844,1.822,0.678,6.154,-0.285
altai,sinyukha_east,field,10.0,12.0,-300.0,3.0,1052.65,1049.65,2.137,2.111,0.786,6.787,-0.331
altai,sinyukha_east,field,10.0,12.0,-300.0,5.0,1054.65,1049.65,2.494,2.464,0.917,7.682,-0.386
altai,sinyukha_east,field,10.0,12.0,-300.0,10.0,1059.65,1049.65,2.968,2.932,1.092,9.103,-0.460
altai,sinyukha_east,field,10.0,12.0,-300.0,30.0,1079.65,1049.65,5.311,5.308,2.041,12.005,0.196
altai,sinyukha_east,field,10.0,12.0,-300.0,50.0,1099.65,1049.65,6.864,6.846,2.569,13.748,0.500
altai,sinyukha_east,field,10.0,12.0,-300.0,100.0,1149.65,1049.65,8.734,8.721,2.887,16.757,0.468
altai,sinyukha_east,field,10.0,12.0,-300.0,200.0,1249.65,1049.65,10.798,10.795,2.701,21.022,0.262
altai,sinyukha_east,field,10.0,12.0,-300.0,300.0,1349.65,1049.65,11.867,11.867,2.238,24.527,0.065
altai,sinyukha_east,field,10.0,12.0,-150.0,1.0,1129.84,1128.84,1.823,1.818,0.927,5.480,0.128
altai,sinyukha_east,field,10.0,12.0,-150.0,1.5,1130.34,1128.84,2.169,2.164,1.102,6.043,0.150
altai,sinyukha_east,field,10.0,12.0,-150.0,2.0,1130.84,1128.84,2.399,2.394,1.216,6.476,0.163
altai,sinyukha_east,field,10.0,12.0,-150.0,3.0,1131.84,1128.84,2.716,2.710,1.371,7.143,0.179
altai,sinyukha_east,field,10.0,12.0,-150.0,5.0,1133.84,1128.84,3.139,3.132,1.576,8.085,0.200
altai,sinyukha_east,field,10.0,12.0,-150.0,10.0,1138.84,1128.84,3.938,3.932,1.909,9.578,0.211
altai,sinyukha_east,field,10.0,12.0,-150.0,30.0,1158.84,1128.84,6.916,6.905,3.114,12.624,0.388
altai,sinyukha_east,field,10.0,12.0,-150.0,50.0,1178.84,1128.84,8.735,8.720,3.526,14.447,0.510
altai,sinyukha_east,field,10.0,12.0,-150.0,100.0,1228.84,1128.84,11.143,11.136,3.383,17.583,0.389
altai,sinyukha_east,field,10.0,12.0,-150.0,200.0,1328.84,1128.84,12.706,12.706,2.386,21.997,0.077
altai,sinyukha_east,field,10.0,12.0,-150.0,300.0,1428.84,1128.84,13.119,13.118,1.759,25.602,-0.121
altai,sinyukha_east,field,10.0,12.0,-50.0,1.0,1185.06,1184.06,3.847,3.845,0.520,5.671,-0.117
altai,sinyukha_east,field,10.0,12.0,-50.0,1.5,1185.56,1184.06,4.617,4.615,0.612,6.253,-0.133
altai,sinyukha_east,field,10.0,12.0,-50.0,2.0,1186.06,1184.06,5.161,5.159,0.677,6.702,-0.145
altai,sinyukha_east,field,10.0,12.0,-50.0,3.0,1187.06,1184.06,5.927,5.925,0.769,7.391,-0.161
altai,sinyukha_east,field,10.0,12.0,-50.0,5.0,1189.06,1184.06,6.891,6.888,0.884,8.365,-0.180
altai,sinyukha_east,field,10.0,12.0,-50.0,10.0,1194.06,1184.06,8.231,8.228,1.039,9.909,-0.209
altai,sinyukha_east,field,10.0,12.0,-50.0,30.0,1214.06,1184.06,11.588,11.585,1.800,13.055,0.278
altai,sinyukha_east,field,10.0,12.0,-50.0,50.0,1234.06,1184.06,12.635,12.631,2.086,14.934,0.311
altai,sinyukha_east,field,10.0,12.0,-50.0,100.0,1284.06,1184.06,13.278,13.278,1.978,18.159,0.105
altai,sinyukha_east,field,10.0,12.0,-50.0,200.0,1384.06,1184.06,13.504,13.503,1.548,22.677,-0.117
altai,sinyukha_east,field,10.0,12.0,-50.0,300.0,1484.06,1184.06,13.590,13.588,1.246,26.352,-0.252
altai,sinyukha_east,field,10.0,12.0,-30.0,1.0,1196.24,1195.24,6.436,6.435,0.337,5.710,0.145
altai,sinyukha_east,field,10.0,12.0,-30.0,1.5,1196.74,1195.24,7.108,7.106,0.371,6.295,0.160
altai,sinyukha_east,field,10.0,12.0,-30.0,2.0,1197.24,1195.24,7.633,7.631,0.398,6.747,0.173
altai,sinyukha_east,field,10.0,12.0,-30.0,3.0,1198.24,1195.24,8.432,8.430,0.439,7.441,0.191
altai,sinyukha_east,field,10.0,12.0,-30.0,5.0,1200.24,1195.24,9.516,9.514,0.494,8.422,0.217
altai,sinyukha_east,field,10.0,12.0,-30.0,10.0,1205.24,1195.24,10.975,10.973,0.579,9.976,0.241
altai,sinyukha_east,field,10.0,12.0,-30.0,30.0,1225.24,1195.24,12.442,12.440,1.098,13.142,0.247
altai,sinyukha_east,field,10.0,12.0,-30.0,50.0,1245.24,1195.24,12.931,12.930,1.462,15.033,0.184
altai,sinyukha_east,field,10.0,12.0,-30.0,100.0,1295.24,1195.24,13.429,13.429,1.647,18.275,0.049
altai,sinyukha_east,field,10.0,12.0,-30.0,200.0,1395.24,1195.24,13.582,13.581,1.395,22.814,-0.150
altai,sinyukha_east,field,10.0,12.0,-30.0,300.0,1495.24,1195.24,13.650,13.647,1.152,26.503,-0.275
altai,sinyukha_east,field,10.0,12.0,-20.0,1.0,1201.08,1200.08,6.950,6.947,0.284,5.726,0.210
altai,sinyukha_east,field,10.0,12.0,-20.0,1.5,1201.58,1200.08,7.723,7.720,0.315,6.314,0.233
altai,sinyukha_east,field,10.0,12.0,-20.0,2.0,1202.08,1200.08,8.317,8.313,0.339,6.767,0.252
altai,sinyukha_east,field,10.0,12.0,-20.0,3.0,1203.08,1200.08,9.092,9.088,0.374,7.463,0.273
altai,sinyukha_east,field,10.0,12.0,-20.0,5.0,1205.08,1200.08,10.084,10.080,0.421,8.447,0.300
altai,sinyukha_east,field,10.0,12.0,-20.0,10.0,1210.08,1200.08,11.314,11.310,0.501,10.005,0.316
altai,sinyukha_east,field,10.0,12.0,-20.0,30.0,1230.08,1200.08,12.451,12.449,0.992,13.180,0.238
altai,sinyukha_east,field,10.0,12.0,-20.0,50.0,1250.08,1200.08,12.938,12.937,1.325,15.076,0.170
altai,sinyukha_east,field,10.0,12.0,-20.0,100.0,1300.08,1200.08,13.448,13.448,1.522,18.326,0.028
altai,sinyukha_east,field,10.0,12.0,-20.0,200.0,1400.08,1200.08,13.604,13.603,1.325,22.874,-0.166
altai,sinyukha_east,field,10.0,12.0,-20.0,300.0,1500.08,1200.08,13.673,13.670,1.109,26.569,-0.285
altai,sinyukha_east,field,10.0,12.0,-10.0,1.0,1205.69,1204.69,6.879,6.875,0.245,5.742,0.234
altai,sinyukha_east,field,10.0,12.0,-10.0,1.5,1206.19,1204.69,7.903,7.898,0.282,6.331,0.269
altai,sinyukha_east,field,10.0,12.0,-10.0,2.0,1206.69,1204.69,8.653,8.648,0.308,6.786,0.295
altai,sinyukha_east,field,10.0,12.0,-10.0,3.0,1207.69,1204.69,9.417,9.412,0.342,7.484,0.318
altai,sinyukha_east,field,10.0,12.0,-10.0,5.0,1209.69,1204.69,10.294,10.288,0.388,8.470,0.340
altai,sinyukha_east,field,10.0,12.0,-10.0,10.0,1214.69,1204.69,11.303,11.297,0.473,10.033,0.343
altai,sinyukha_east,field,10.0,12.0,-10.0,30.0,1234.69,1204.69,12.424,12.421,0.947,13.216,0.236
altai,sinyukha_east,field,10.0,12.0,-10.0,50.0,1254.69,1204.69,12.926,12.926,1.224,15.117,0.157
altai,sinyukha_east,field,10.0,12.0,-10.0,100.0,1304.69,1204.69,13.458,13.458,1.409,18.374,0.008
altai,sinyukha_east,field,10.0,12.0,-10.0,200.0,1404.69,1204.69,13.623,13.621,1.258,22.931,-0.180
altai,sinyukha_east,field,10.0,12.0,-10.0,300.0,1504.69,1204.69,13.693,13.690,1.066,26.632,-0.295
altai,sinyukha_east,field,10.0,12.0,0.0,1.0,1210.18,1209.18,9.205,9.199,0.286,5.758,0.336
altai,sinyukha_east,field,10.0,12.0,0.0,1.5,1210.68,1209.18,9.557,9.551,0.302,6.348,0.347
altai,sinyukha_east,field,10.0,12.0,0.0,2.0,1211.18,1209.18,9.793,9.787,0.315,6.804,0.353
altai,sinyukha_east,field,10.0,12.0,0.0,3.0,1212.18,1209.18,10.174,10.168,0.338,7.504,0.361
altai,sinyukha_east,field,10.0,12.0,0.0,5.0,1214.18,1209.18,10.735,10.728,0.374,8.493,0.371
altai,sinyukha_east,field,10.0,12.0,0.0,10.0,1219.18,1209.18,11.345,11.340,0.460,10.060,0.350
altai,sinyukha_east,field,10.0,12.0,0.0,30.0,1239.18,1209.18,12.407,12.405,0.898,13.251,0.225
altai,sinyukha_east,field,10.0,12.0,0.0,50.0,1259.18,1209.18,12.939,12.938,1.130,15.156,0.139
altai,sinyukha_east,field,10.0,12.0,0.0,100.0,1309.18,1209.18,13.472,13.472,1.305,18.421,-0.011
altai,sinyukha_east,field,10.0,12.0,0.0,200.0,1409.18,1209.18,13.640,13.639,1.195,22.986,-0.194
altai,sinyukha_east,field,10.0,12.0,0.0,300.0,1509.18,1209.18,13.712,13.709,1.025,26.693,-0.305
altai,sinyukha_east,field,10.0,12.0,100.0,1.0,1191.10,1190.10,3.188,3.187,-0.072,5.692,0.082
altai,sinyukha_east,field,10.0,12.0,100.0,1.5,1191.60,1190.10,3.721,3.720,-0.082,6.276,0.096
altai,sinyukha_east,field,10.0,12.0,100.0,2.0,1192.10,1190.10,4.105,4.103,-0.089,6.726,0.106
altai,sinyukha_east,field,10.0,12.0,100.0,3.0,1193.10,1190.10,4.651,4.649,-0.099,7.418,0.121
altai,sinyukha_east,field,10.0,12.0,100.0,5.0,1195.10,1190.10,5.346,5.344,-0.113,8.396,0.140
altai,sinyukha_east,field,10.0,12.0,100.0,10.0,1200.10,1190.10,6.468,6.466,-0.128,9.946,0.169
altai,sinyukha_east,field,10.0,12.0,100.0,30.0,1220.10,1190.10,10.008,10.005,-0.134,13.102,0.245
altai,sinyukha_east,field,10.0,12.0,100.0,50.0,1240.10,1190.10,11.425,11.424,0.072,14.988,0.145
altai,sinyukha_east,field,10.0,12.0,100.0,100.0,1290.10,1190.10,12.890,12.890,0.433,18.222,-0.042
altai,sinyukha_east,field,10.0,12.0,100.0,200.0,1390.10,1190.10,13.586,13.584,0.691,22.751,-0.233
altai,sinyukha_east,field,10.0,12.0,100.0,300.0,1490.10,1190.10,13.756,13.752,0.711,26.434,-0.339
altai,sinyukha_east,field,10.0,12.0,300.0,1.0,1094.44,1093.44,0.388,-0.339,0.073,5.358,0.187
altai,sinyukha_east,field,10.0,12.0,300.0,1.5,1094.94,1093.44,0.412,-0.352,0.084,5.908,0.215
altai,sinyukha_east,field,10.0,12.0,300.0,2.0,1095.44,1093.44,0.430,-0.361,0.092,6.332,0.235
altai,sinyukha_east,field,10.0,12.0,300.0,3.0,1096.44,1093.44,0.455,-0.371,0.103,6.984,0.264
altai,sinyukha_east,field,10.0,12.0,300.0,5.0,1098.44,1093.44,0.486,-0.382,0.117,7.905,0.300
altai,sinyukha_east,field,10.0,12.0,300.0,10.0,1103.44,1093.44,0.521,-0.386,0.137,9.366,0.351
altai,sinyukha_east,field,10.0,12.0,300.0,30.0,1123.44,1093.44,0.300,0.028,0.165,12.347,0.299
altai,sinyukha_east,field,10.0,12.0,300.0,50.0,1143.44,1093.44,1.273,1.272,0.112,14.134,0.055
altai,sinyukha_east,field,10.0,12.0,300.0,100.0,1193.44,1093.44,6.246,6.246,-0.278,17.214,0.004
altai,sinyukha_east,field,10.0,12.0,300.0,200.0,1293.44,1093.44,11.794,11.793,-0.023,21.561,-0.151
altai,sinyukha_east,field,10.0,12.0,300.0,300.0,1393.44,1093.44,13.070,13.066,0.153,25.122,-0.321
altai,tugaya_south,field,0.0,12.0,-3000.0,1.0,297.27,296.27,0.137,-0.026,0.000,0.000,-0.135
altai,tugaya_south,field,0.0,12.0,-3000.0,1.5,297.77,296.27,0.162,-0.031,0.000,0.000,-0.159
altai,tugaya_south,field,0.0,12.0,-3000.0,2.0,298.27,296.27,0.180,-0.035,0.000,0.000,-0.176
altai,tugaya_south,field,0.0,12.0,-3000.0,3.0,299.27,296.27,0.204,-0.039,0.000,0.000,-0.201
altai,tugaya_south,field,0.0,12.0,-3000.0,5.0,301.27,296.27,0.235,-0.045,0.000,0.000,-0.231
altai,tugaya_south,field,0.0,12.0,-3000.0,10.0,306.27,296.27,0.277,-0.053,0.000,0.000,-0.272
altai,tugaya_south,field,0.0,12.0,-3000.0,30.0,326.27,296.27,0.353,-0.072,0.000,0.000,-0.345
altai,tugaya_south,field,0.0,12.0,-3000.0,50.0,346.27,296.27,0.410,-0.104,0.000,0.000,-0.397
altai,tugaya_south,field,0.0,12.0,-3000.0,100.0,396.27,296.27,0.506,-0.163,0.000,0.000,-0.479
altai,tugaya_south,field,0.0,12.0,-3000.0,200.0,496.27,296.27,0.569,-0.228,0.000,0.000,-0.521
altai,tugaya_south,field,0.0,12.0,-3000.0,300.0,596.27,296.27,0.612,-0.284,0.000,0.000,-0.543
altai,tugaya_south,field,0.0,12.0,-1000.0,1.0,400.59,399.59,0.074,0.019,0.000,0.000,-0.071
altai,tugaya_south,field,0.0,12.0,-1000.0,1.5,401.09,399.59,0.093,0.024,0.000,0.000,-0.090
altai,tugaya_south,field,0.0,12.0,-1000.0,2.0,401.59,399.59,0.106,0.027,0.000,0.000,-0.102
altai,tugaya_south,field,0.0,12.0,-1000.0,3.0,402.59,399.59,0.123,0.032,0.000,0.000,-0.118
altai,tugaya_south,field,0.0,12.0,-1000.0,5.0,404.59,399.59,0.143,0.037,0.000,0.000,-0.138
altai,tugaya_south,field,0.0,12.0,-1000.0,10.0,409.59,399.59,0.170,0.043,0.000,0.000,-0.165
altai,tugaya_south,field,0.0,12.0,-1000.0,30.0,429.59,399.59,0.258,-0.002,0.000,0.000,-0.258
altai,tugaya_south,field,0.0,12.0,-1000.0,50.0,449.59,399.59,0.294,-0.035,0.000,0.000,-0.292
altai,tugaya_south,field,0.0,12.0,-1000.0,100.0,499.59,399.59,0.302,-0.078,0.000,0.000,-0.292
altai,tugaya_south,field,0.0,12.0,-1000.0,200.0,599.59,399.59,0.306,-0.136,0.000,0.000,-0.274
altai,tugaya_south,field,0.0,12.0,-1000.0,300.0,699.59,399.59,0.314,-0.171,0.000,0.000,-0.263
altai,tugaya_south,field,0.0,12.0,-300.0,1.0,600.65,599.65,0.237,-0.209,0.000,0.000,-0.113
altai,tugaya_south,field,0.0,12.0,-300.0,1.5,601.15,599.65,0.274,-0.241,0.000,0.000,-0.130
altai,tugaya_south,field,0.0,12.0,-300.0,2.0,601.65,599.65,0.300,-0.264,0.000,0.000,-0.143
altai,tugaya_south,field,0.0,12.0,-300.0,3.0,602.65,599.65,0.338,-0.298,0.000,0.000,-0.161
altai,tugaya_south,field,0.0,12.0,-300.0,5.0,604.65,599.65,0.390,-0.344,0.000,0.000,-0.185
altai,tugaya_south,field,0.0,12.0,-300.0,10.0,609.65,599.65,0.472,-0.421,0.000,0.000,-0.214
altai,tugaya_south,field,0.0,12.0,-300.0,30.0,629.65,599.65,0.615,-0.568,0.000,0.000,-0.235
altai,tugaya_south,field,0.0,12.0,-300.0,50.0,649.65,599.65,0.630,-0.589,0.000,0.000,-0.223
altai,tugaya_south,field,0.0,12.0,-300.0,100.0,699.65,599.65,0.620,-0.581,0.000,0.000,-0.218
altai,tugaya_south,field,0.0,12.0,-300.0,200.0,799.65,599.65,0.580,-0.535,0.000,0.000,-0.225
altai,tugaya_south,field,0.0,12.0,-300.0,300.0,899.65,599.65,0.535,-0.479,0.000,0.000,-0.239
altai,tugaya_south,field,0.0,12.0,-150.0,1.0,606.52,605.52,0.268,-0.255,0.000,0.000,-0.080
altai,tugaya_south,field,0.0,12.0,-150.0,1.5,607.02,605.52,0.306,-0.292,0.000,0.000,-0.092
altai,tugaya_south,field,0.0,12.0,-150.0,2.0,607.52,605.52,0.334,-0.319,0.000,0.000,-0.100
altai,tugaya_south,field,0.0,12.0,-150.0,3.0,608.52,605.52,0.375,-0.358,0.000,0.000,-0.112
altai,tugaya_south,field,0.0,12.0,-150.0,5.0,610.52,605.52,0.427,-0.407,0.000,0.000,-0.128
altai,tugaya_south,field,0.0,12.0,-150.0,10.0,615.52,605.52,0.498,-0.476,0.000,0.000,-0.149
altai,tugaya_south,field,0.0,12.0,-150.0,30.0,635.52,605.52,0.622,-0.598,0.000,0.000,-0.169
altai,tugaya_south,field,0.0,12.0,-150.0,50.0,655.52,605.52,0.673,-0.646,0.000,0.000,-0.186
altai,tugaya_south,field,0.0,12.0,-150.0,100.0,705.52,605.52,0.695,-0.662,0.000,0.000,-0.213
altai,tugaya_south,field,0.0,12.0,-150.0,200.0,805.52,605.52,0.653,-0.609,0.000,0.000,-0.237
altai,tugaya_south,field,0.0,12.0,-150.0,300.0,905.52,605.52,0.596,-0.538,0.000,0.000,-0.256
altai,tugaya_south,field,0.0,12.0,-50.0,1.0,617.38,616.38,0.263,-0.252,0.000,0.000,-0.075
altai,tugaya_south,field,0.0,12.0,-50.0,1.5,617.88,616.38,0.315,-0.302,0.000,0.000,-0.090
altai,tugaya_south,field,0.0,12.0,-50.0,2.0,618.38,616.38,0.352,-0.337,0.000,0.000,-0.100
altai,tugaya_south,field,0.0,12.0,-50.0,3.0,619.38,616.38,0.402,-0.385,0.000,0.000,-0.114
altai,tugaya_south,field,0.0,12.0,-50.0,5.0,621.38,616.38,0.465,-0.446,0.000,0.000,-0.132
altai,tugaya_south,field,0.0,12.0,-50.0,10.0,626.38,616.38,0.572,-0.552,0.000,0.000,-0.149
altai,tugaya_south,field,0.0,12.0,-50.0,30.0,646.38,616.38,0.765,-0.744,0.000,0.000,-0.178
altai,tugaya_south,field,0.0,12.0,-50.0,50.0,666.38,616.38,0.773,-0.747,0.000,0.000,-0.201
altai,tugaya_south,field,0.0,12.0,-50.0,100.0,716.38,616.38,0.753,-0.718,0.000,0.000,-0.226
altai,tugaya_south,field,0.0,12.0,-50.0,200.0,816.38,616.38,0.688,-0.642,0.000,0.000,-0.249
altai,tugaya_south,field,0.0,12.0,-50.0,300.0,916.38,616.38,0.623,-0.562,0.000,0.000,-0.268
altai,tugaya_south,field,0.0,12.0,-30.0,1.0,622.78,621.78,0.407,-0.396,0.000,0.000,-0.095
altai,tugaya_south,field,0.0,12.0,-30.0,1.5,623.28,621.78,0.456,-0.443,0.000,0.000,-0.106
altai,tugaya_south,field,0.0,12.0,-30.0,2.0,623.78,621.78,0.493,-0.479,0.000,0.000,-0.115
altai,tugaya_south,field,0.0,12.0,-30.0,3.0,624.78,621.78,0.547,-0.532,0.000,0.000,-0.127
altai,tugaya_south,field,0.0,12.0,-30.0,5.0,626.78,621.78,0.620,-0.603,0.000,0.000,-0.144
altai,tugaya_south,field,0.0,12.0,-30.0,10.0,631.78,621.78,0.723,-0.703,0.000,0.000,-0.168
altai,tugaya_south,field,0.0,12.0,-30.0,30.0,651.78,621.78,0.800,-0.775,0.000,0.000,-0.197
altai,tugaya_south,field,0.0,12.0,-30.0,50.0,671.78,621.78,0.792,-0.764,0.000,0.000,-0.211
altai,tugaya_south,field,0.0,12.0,-30.0,100.0,721.78,621.78,0.761,-0.725,0.000,0.000,-0.232
altai,tugaya_south,field,0.0,12.0,-30.0,200.0,821.78,621.78,0.692,-0.645,0.000,0.000,-0.252
altai,tugaya_south,field,0.0,12.0,-30.0,300.0,921.78,621.78,0.625,-0.563,0.000,0.000,-0.271
altai,tugaya_south,field,0.0,12.0,-20.0,1.0,625.35,624.35,0.418,-0.406,0.000,0.000,-0.099
altai,tugaya_south,field,0.0,12.0,-20.0,1.5,625.85,624.35,0.471,-0.458,0.000,0.000,-0.111
altai,tugaya_south,field,0.0,12.0,-20.0,2.0,626.35,624.35,0.511,-0.496,0.000,0.000,-0.121
altai,tugaya_south,field,0.0,12.0,-20.0,3.0,627.35,624.35,0.570,-0.554,0.000,0.000,-0.135
altai,tugaya_south,field,0.0,12.0,-20.0,5.0,629.35,624.35,0.647,-0.628,0.000,0.000,-0.153
altai,tugaya_south,field,0.0,12.0,-20.0,10.0,634.35,624.35,0.752,-0.730,0.000,0.000,-0.178
altai,tugaya_south,field,0.0,12.0,-20.0,30.0,654.35,624.35,0.805,-0.779,0.000,0.000,-0.203
altai,tugaya_south,field,0.0,12.0,-20.0,50.0,674.35,624.35,0.797,-0.767,0.000,0.000,-0.217
altai,tugaya_south,field,0.0,12.0,-20.0,100.0,724.35,624.35,0.764,-0.727,0.000,0.000,-0.234
altai,tugaya_south,field,0.0,12.0,-20.0,200.0,824.35,624.35,0.693,-0.645,0.000,0.000,-0.253
altai,tugaya_south,field,0.0,12.0,-20.0,300.0,924.35,624.35,0.626,-0.563,0.000,0.000,-0.273
altai,tugaya_south,field,0.0,12.0,-10.0,1.0,628.04,627.04,0.412,-0.399,0.000,0.000,-0.100
altai,tugaya_south,field,0.0,12.0,-10.0,1.5,628.54,627.04,0.474,-0.459,0.000,0.000,-0.115
altai,tugaya_south,field,0.0,12.0,-10.0,2.0,629.04,627.04,0.519,-0.503,0.000,0.000,-0.126
altai,tugaya_south,field,0.0,12.0,-10.0,3.0,630.04,627.04,0.583,-0.566,0.000,0.000,-0.141
altai,tugaya_south,field,0.0,12.0,-10.0,5.0,632.04,627.04,0.666,-0.646,0.000,0.000,-0.161
altai,tugaya_south,field,0.0,12.0,-10.0,10.0,637.04,627.04,0.772,-0.749,0.000,0.000,-0.187
altai,tugaya_south,field,0.0,12.0,-10.0,30.0,657.04,627.04,0.810,-0.782,0.000,0.000,-0.210
altai,tugaya_south,field,0.0,12.0,-10.0,50.0,677.04,627.04,0.801,-0.770,0.000,0.000,-0.222
altai,tugaya_south,field,0.0,12.0,-10.0,100.0,727.04,627.04,0.767,-0.729,0.000,0.000,-0.237
altai,tugaya_south,field,0.0,12.0,-10.0,200.0,827.04,627.04,0.694,-0.646,0.000,0.000,-0.255
altai,tugaya_south,field,0.0,12.0,-10.0,300.0,927.04,627.04,0.626,-0.563,0.000,0.000,-0.274
altai,tugaya_south,field,0.0,12.0,0.0,1.0,630.89,629.89,0.457,-0.443,0.000,0.000,-0.114
altai,tugaya_south,field,0.0,12.0,0.0,1.5,631.39,629.89,0.512,-0.496,0.000,0.000,-0.127
altai,tugaya_south,field,0.0,12.0,0.0,2.0,631.89,629.89,0.554,-0.537,0.000,0.000,-0.138
altai,tugaya_south,field,0.0,12.0,0.0,3.0,632.89,629.89,0.616,-0.596,0.000,0.000,-0.153
altai,tugaya_south,field,0.0,12.0,0.0,5.0,634.89,629.89,0.697,-0.675,0.000,0.000,-0.173
altai,tugaya_south,field,0.0,12.0,0.0,10.0,639.89,629.89,0.792,-0.768,0.000,0.000,-0.197
altai,tugaya_south,field,0.0,12.0,0.0,30.0,659.89,629.89,0.815,-0.786,0.000,0.000,-0.217
altai,tugaya_south,field,0.0,12.0,0.0,50.0,679.89,629.89,0.805,-0.772,0.000,0.000,-0.227
altai,tugaya_south,field,0.0,12.0,0.0,100.0,729.89,629.89,0.769,-0.730,0.000,0.000,-0.240
altai,tugaya_south,field,0.0,12.0,0.0,200.0,829.89,629.89,0.695,-0.646,0.000,0.000,-0.256
altai,tugaya_south,field,0.0,12.0,0.0,300.0,929.89,629.89,0.627,-0.563,0.000,0.000,-0.276
altai,tugaya_south,field,0.0,12.0,100.0,1.0,623.03,622.03,0.365,-0.348,0.000,0.000,-0.109
altai,tugaya_south,field,0.0,12.0,100.0,1.5,623.53,622.03,0.399,-0.381,0.000,0.000,-0.119
altai,tugaya_south,field,0.0,12.0,100.0,2.0,624.03,622.03,0.427,-0.407,0.000,0.000,-0.128
altai,tugaya_south,field,0.0,12.0,100.0,3.0,625.03,622.03,0.469,-0.447,0.000,0.000,-0.141
altai,tugaya_south,field,0.0,12.0,100.0,5.0,627.03,622.03,0.529,-0.504,0.000,0.000,-0.159
altai,tugaya_south,field,0.0,12.0,100.0,10.0,632.03,622.03,0.656,-0.624,0.000,0.000,-0.203
altai,tugaya_south,field,0.0,12.0,100.0,30.0,652.03,622.03,0.854,-0.808,0.000,0.000,-0.277
altai,tugaya_south,field,0.0,12.0,100.0,50.0,672.03,622.03,0.844,-0.800,0.000,0.000,-0.270
altai,tugaya_south,field,0.0,12.0,100.0,100.0,722.03,622.03,0.799,-0.756,0.000,0.000,-0.259
altai,tugaya_south,field,0.0,12.0,100.0,200.0,822.03,622.03,0.722,-0.672,0.000,0.000,-0.262
altai,tugaya_south,field,0.0,12.0,100.0,300.0,922.03,622.03,0.651,-0.588,0.000,0.000,-0.280
altai,tugaya_south,field,0.0,12.0,300.0,1.0,586.99,585.99,0.258,-0.253,0.000,0.000,-0.050
altai,tugaya_south,field,0.0,12.0,300.0,1.5,587.49,585.99,0.297,-0.291,0.000,0.000,-0.058
altai,tugaya_south,field,0.0,12.0,300.0,2.0,587.99,585.99,0.326,-0.319,0.000,0.000,-0.064
altai,tugaya_south,field,0.0,12.0,300.0,3.0,588.99,585.99,0.366,-0.359,0.000,0.000,-0.072
altai,tugaya_south,field,0.0,12.0,300.0,5.0,590.99,585.99,0.418,-0.410,0.000,0.000,-0.081
altai,tugaya_south,field,0.0,12.0,300.0,10.0,595.99,585.99,0.495,-0.486,0.000,0.000,-0.094
altai,tugaya_south,field,0.0,12.0,300.0,30.0,615.99,585.99,0.685,-0.659,0.000,0.000,-0.185
altai,tugaya_south,field,0.0,12.0,300.0,50.0,635.99,585.99,0.737,-0.707,0.000,0.000,-0.208
altai,tugaya_south,field,0.0,12.0,300.0,100.0,685.99,585.99,0.778,-0.745,0.000,0.000,-0.224
altai,tugaya_south,field,0.0,12.0,300.0,200.0,785.99,585.99,0.755,-0.715,0.000,0.000,-0.243
altai,tugaya_south,field,0.0,12.0,300.0,300.0,885.99,585.99,0.696,-0.642,0.000,0.000,-0.268
altai,tugaya_south,field,3.0,12.0,-3000.0,1.0,297.27,296.27,0.956,0.950,0.001,1.855,0.110
altai,tugaya_south,field,3.0,12.0,-3000.0,1.5,297.77,296.27,1.129,1.122,0.001,1.942,0.130
altai,tugaya_south,field,3.0,12.0,-3000.0,2.0,298.27,296.27,1.252,1.244,0.001,2.007,0.144
altai,tugaya_south,field,3.0,12.0,-3000.0,3.0,299.27,296.27,1.424,1.415,0.001,2.102,0.164
altai,tugaya_south,field,3.0,12.0,-3000.0,5.0,301.27,296.27,1.640,1.630,0.001,2.229,0.189
altai,tugaya_south,field,3.0,12.0,-3000.0,10.0,306.27,296.27,1.934,1.921,0.001,2.417,0.222
altai,tugaya_south,field,3.0,12.0,-3000.0,30.0,326.27,296.27,2.414,2.395,0.001,2.775,0.299
altai,tugaya_south,field,3.0,12.0,-3000.0,50.0,346.27,296.27,2.653,2.623,-0.001,2.981,0.396
altai,tugaya_south,field,3.0,12.0,-3000.0,100.0,396.27,296.27,3.080,3.030,-0.010,3.338,0.554
altai,tugaya_south,field,3.0,12.0,-3000.0,200.0,496.27,296.27,3.413,3.349,-0.023,3.860,0.657
altai,tugaya_south,field,3.0,12.0,-3000.0,300.0,596.27,296.27,3.597,3.526,-0.026,4.128,0.713
altai,tugaya_south,field,3.0,12.0,-1000.0,1.0,400.59,399.59,0.635,0.584,0.042,1.999,0.249
altai,tugaya_south,field,3.0,12.0,-1000.0,1.5,401.09,399.59,0.804,0.739,0.053,2.093,0.316
altai,tugaya_south,field,3.0,12.0,-1000.0,2.0,401.59,399.59,0.913,0.840,0.061,2.162,0.359
altai,tugaya_south,field,3.0,12.0,-1000.0,3.0,402.59,399.59,1.055,0.970,0.070,2.264,0.414
altai,tugaya_south,field,3.0,12.0,-1000.0,5.0,404.59,399.59,1.225,1.127,0.080,2.401,0.480
altai,tugaya_south,field,3.0,12.0,-1000.0,10.0,409.59,399.59,1.456,1.342,0.094,2.603,0.565
altai,tugaya_south,field,3.0,12.0,-1000.0,30.0,429.59,399.59,2.214,2.004,0.164,2.985,0.940
altai,tugaya_south,field,3.0,12.0,-1000.0,50.0,449.59,399.59,2.589,2.361,0.201,3.204,1.061
altai,tugaya_south,field,3.0,12.0,-1000.0,100.0,499.59,399.59,2.964,2.766,0.208,3.579,1.066
altai,tugaya_south,field,3.0,12.0,-1000.0,200.0,599.59,399.59,3.304,3.132,0.181,4.120,1.052
altai,tugaya_south,field,3.0,12.0,-1000.0,300.0,699.59,399.59,3.477,3.326,0.152,4.390,1.013
altai,tugaya_south,field,3.0,12.0,-300.0,1.0,600.65,599.65,1.041,0.993,0.054,2.277,0.313
altai,tugaya_south,field,3.0,12.0,-300.0,1.5,601.15,599.65,1.203,1.147,0.062,2.384,0.362
altai,tugaya_south,field,3.0,12.0,-300.0,2.0,601.65,599.65,1.319,1.258,0.068,2.463,0.398
altai,tugaya_south,field,3.0,12.0,-300.0,3.0,602.65,599.65,1.486,1.416,0.077,2.579,0.449
altai,tugaya_south,field,3.0,12.0,-300.0,5.0,604.65,599.65,1.733,1.650,0.087,2.734,0.529
altai,tugaya_south,field,3.0,12.0,-300.0,10.0,609.65,599.65,2.169,2.068,0.102,2.964,0.655
altai,tugaya_south,field,3.0,12.0,-300.0,30.0,629.65,599.65,3.132,3.013,0.158,3.392,0.856
altai,tugaya_south,field,3.0,12.0,-300.0,50.0,649.65,599.65,3.420,3.302,0.165,3.635,0.889
altai,tugaya_south,field,3.0,12.0,-300.0,100.0,699.65,599.65,3.707,3.587,0.152,4.045,0.935
altai,tugaya_south,field,3.0,12.0,-300.0,200.0,799.65,599.65,3.882,3.764,0.130,4.623,0.951
altai,tugaya_south,field,3.0,12.0,-300.0,300.0,899.65,599.65,3.933,3.823,0.111,4.895,0.925
altai,tugaya_south,field,3.0,12.0,-150.0,1.0,606.52,605.52,1.093,1.089,0.032,2.286,0.092
altai,tugaya_south,field,3.0,12.0,-150.0,1.5,607.02,605.52,1.249,1.245,0.036,2.392,0.105
altai,tugaya_south,field,3.0,12.0,-150.0,2.0,607.52,605.52,1.364,1.359,0.040,2.472,0.115
altai,tugaya_south,field,3.0,12.0,-150.0,3.0,608.52,605.52,1.529,1.524,0.045,2.588,0.129
altai,tugaya_south,field,3.0,12.0,-150.0,5.0,610.52,605.52,1.742,1.736,0.051,2.744,0.147
altai,tugaya_south,field,3.0,12.0,-150.0,10.0,615.52,605.52,2.034,2.027,0.059,2.974,0.172
altai,tugaya_south,field,3.0,12.0,-150.0,30.0,635.52,605.52,2.821,2.771,0.123,3.404,0.528
altai,tugaya_south,field,3.0,12.0,-150.0,50.0,655.52,605.52,3.232,3.155,0.148,3.648,0.702
altai,tugaya_south,field,3.0,12.0,-150.0,100.0,705.52,605.52,3.654,3.550,0.140,4.059,0.867
altai,tugaya_south,field,3.0,12.0,-150.0,200.0,805.52,605.52,3.893,3.777,0.102,4.638,0.946
altai,tugaya_south,field,3.0,12.0,-150.0,300.0,905.52,605.52,3.954,3.843,0.083,4.910,0.930
altai,tugaya_south,field,3.0,12.0,-50.0,1.0,617.38,616.38,1.108,1.077,0.057,2.301,0.263
altai,tugaya_south,field,3.0,12.0,-50.0,1.5,617.88,616.38,1.329,1.291,0.068,2.408,0.315
altai,tugaya_south,field,3.0,12.0,-50.0,2.0,618.38,616.38,1.481,1.439,0.075,2.488,0.351
altai,tugaya_south,field,3.0,12.0,-50.0,3.0,619.38,616.38,1.693,1.645,0.085,2.605,0.401
altai,tugaya_south,field,3.0,12.0,-50.0,5.0,621.38,616.38,1.958,1.902,0.098,2.762,0.463
altai,tugaya_south,field,3.0,12.0,-50.0,10.0,626.38,616.38,2.403,2.343,0.113,2.994,0.533
altai,tugaya_south,field,3.0,12.0,-50.0,30.0,646.38,616.38,3.285,3.215,0.161,3.426,0.672
altai,tugaya_south,field,3.0,12.0,-50.0,50.0,666.38,616.38,3.531,3.433,0.139,3.671,0.826
altai,tugaya_south,field,3.0,12.0,-50.0,100.0,716.38,616.38,3.778,3.655,0.100,4.084,0.955
altai,tugaya_south,field,3.0,12.0,-50.0,200.0,816.38,616.38,3.923,3.798,0.069,4.666,0.981
altai,tugaya_south,field,3.0,12.0,-50.0,300.0,916.38,616.38,3.965,3.851,0.059,4.938,0.944
altai,tugaya_south,field,3.0,12.0,-30.0,1.0,622.78,621.78,1.684,1.642,0.020,2.308,0.373
altai,tugaya_south,field,3.0,12.0,-30.0,1.5,623.28,621.78,1.884,1.838,0.022,2.416,0.417
altai,tugaya_south,field,3.0,12.0,-30.0,2.0,623.78,621.78,2.036,1.986,0.024,2.496,0.451
altai,tugaya_south,field,3.0,12.0,-30.0,3.0,624.78,621.78,2.262,2.206,0.026,2.614,0.501
altai,tugaya_south,field,3.0,12.0,-30.0,5.0,626.78,621.78,2.562,2.498,0.030,2.771,0.567
altai,tugaya_south,field,3.0,12.0,-30.0,10.0,631.78,621.78,2.988,2.914,0.035,3.003,0.660
altai,tugaya_south,field,3.0,12.0,-30.0,30.0,651.78,621.78,3.456,3.361,0.060,3.437,0.806
altai,tugaya_south,field,3.0,12.0,-30.0,50.0,671.78,621.78,3.622,3.509,0.079,3.683,0.898
altai,tugaya_south,field,3.0,12.0,-30.0,100.0,721.78,621.78,3.809,3.680,0.077,4.097,0.983
altai,tugaya_south,field,3.0,12.0,-30.0,200.0,821.78,621.78,3.929,3.803,0.060,4.679,0.989
altai,tugaya_south,field,3.0,12.0,-30.0,300.0,921.78,621.78,3.967,3.853,0.053,4.951,0.945
altai,tugaya_south,field,3.0,12.0,-20.0,1.0,625.35,624.35,1.717,1.669,0.015,2.312,0.405
altai,tugaya_south,field,3.0,12.0,-20.0,1.5,625.85,624.35,1.937,1.882,0.017,2.420,0.456
altai,tugaya_south,field,3.0,12.0,-20.0,2.0,626.35,624.35,2.102,2.042,0.019,2.500,0.495
altai,tugaya_south,field,3.0,12.0,-20.0,3.0,627.35,624.35,2.343,2.277,0.021,2.618,0.553
altai,tugaya_south,field,3.0,12.0,-20.0,5.0,629.35,624.35,2.660,2.585,0.024,2.775,0.627
altai,tugaya_south,field,3.0,12.0,-20.0,10.0,634.35,624.35,3.093,3.006,0.027,3.008,0.729
altai,tugaya_south,field,3.0,12.0,-20.0,30.0,654.35,624.35,3.488,3.382,0.052,3.443,0.856
altai,tugaya_south,field,3.0,12.0,-20.0,50.0,674.35,624.35,3.643,3.522,0.069,3.688,0.931
altai,tugaya_south,field,3.0,12.0,-20.0,100.0,724.35,624.35,3.818,3.685,0.069,4.103,0.997
altai,tugaya_south,field,3.0,12.0,-20.0,200.0,824.35,624.35,3.931,3.804,0.056,4.686,0.992
altai,tugaya_south,field,3.0,12.0,-20.0,300.0,924.35,624.35,3.967,3.853,0.051,4.958,0.946
altai,tugaya_south,field,3.0,12.0,-10.0,1.0,628.04,627.04,1.686,1.632,0.013,2.315,0.423
altai,tugaya_south,field,3.0,12.0,-10.0,1.5,628.54,627.04,1.941,1.878,0.015,2.424,0.487
altai,tugaya_south,field,3.0,12.0,-10.0,2.0,629.04,627.04,2.125,2.057,0.016,2.504,0.534
altai,tugaya_south,field,3.0,12.0,-10.0,3.0,630.04,627.04,2.390,2.314,0.018,2.622,0.601
altai,tugaya_south,field,3.0,12.0,-10.0,5.0,632.04,627.04,2.729,2.642,0.021,2.779,0.686
altai,tugaya_south,field,3.0,12.0,-10.0,10.0,637.04,627.04,3.168,3.067,0.024,3.013,0.795
altai,tugaya_south,field,3.0,12.0,-10.0,30.0,657.04,627.04,3.516,3.398,0.047,3.448,0.903
altai,tugaya_south,field,3.0,12.0,-10.0,50.0,677.04,627.04,3.661,3.532,0.061,3.694,0.962
altai,tugaya_south,field,3.0,12.0,-10.0,100.0,727.04,627.04,3.826,3.690,0.061,4.109,1.011
altai,tugaya_south,field,3.0,12.0,-10.0,200.0,827.04,627.04,3.932,3.804,0.052,4.692,0.996
altai,tugaya_south,field,3.0,12.0,-10.0,300.0,927.04,627.04,3.967,3.853,0.048,4.965,0.947
altai,tugaya_south,field,3.0,12.0,0.0,1.0,630.89,629.89,1.866,1.799,0.012,2.319,0.496
altai,tugaya_south,field,3.0,12.0,0.0,1.5,631.39,629.89,2.092,2.016,0.013,2.428,0.556
altai,tugaya_south,field,3.0,12.0,0.0,2.0,631.89,629.89,2.262,2.181,0.014,2.508,0.602
altai,tugaya_south,field,3.0,12.0,0.0,3.0,632.89,629.89,2.514,2.423,0.016,2.626,0.669
altai,tugaya_south,field,3.0,12.0,0.0,5.0,634.89,629.89,2.845,2.742,0.018,2.784,0.757
altai,tugaya_south,field,3.0,12.0,0.0,10.0,639.89,629.89,3.245,3.129,0.021,3.018,0.860
altai,tugaya_south,field,3.0,12.0,0.0,30.0,659.89,629.89,3.546,3.417,0.042,3.454,0.947
altai,tugaya_south,field,3.0,12.0,0.0,50.0,679.89,629.89,3.680,3.544,0.052,3.700,0.992
altai,tugaya_south,field,3.0,12.0,0.0,100.0,729.89,629.89,3.834,3.695,0.054,4.116,1.024
altai,tugaya_south,field,3.0,12.0,0.0,200.0,829.89,629.89,3.934,3.805,0.048,4.700,0.999
altai,tugaya_south,field,3.0,12.0,0.0,300.0,929.89,629.89,3.968,3.853,0.046,4.972,0.947
altai,tugaya_south,field,3.0,12.0,100.0,1.0,623.03,622.03,1.240,1.160,-0.047,2.309,0.438
altai,tugaya_south,field,3.0,12.0,100.0,1.5,623.53,622.03,1.360,1.272,-0.052,2.416,0.481
altai,tugaya_south,field,3.0,12.0,100.0,2.0,624.03,622.03,1.455,1.361,-0.055,2.496,0.515
altai,tugaya_south,field,3.0,12.0,100.0,3.0,625.03,622.03,1.601,1.497,-0.060,2.614,0.567
altai,tugaya_south,field,3.0,12.0,100.0,5.0,627.03,622.03,1.813,1.696,-0.066,2.771,0.642
altai,tugaya_south,field,3.0,12.0,100.0,10.0,632.03,622.03,2.381,2.225,-0.075,3.004,0.847
altai,tugaya_south,field,3.0,12.0,100.0,30.0,652.03,622.03,3.507,3.294,-0.088,3.438,1.203
altai,tugaya_south,field,3.0,12.0,100.0,50.0,672.03,622.03,3.659,3.461,-0.048,3.683,1.188
altai,tugaya_south,field,3.0,12.0,100.0,100.0,722.03,622.03,3.805,3.633,-0.010,4.097,1.129
altai,tugaya_south,field,3.0,12.0,100.0,200.0,822.03,622.03,3.912,3.770,0.016,4.680,1.044
altai,tugaya_south,field,3.0,12.0,100.0,300.0,922.03,622.03,3.955,3.834,0.025,4.952,0.973
altai,tugaya_south,field,3.0,12.0,300.0,1.0,586.99,585.99,0.652,0.647,-0.013,2.258,0.080
altai,tugaya_south,field,3.0,12.0,300.0,1.5,587.49,585.99,0.751,0.746,-0.015,2.364,0.093
altai,tugaya_south,field,3.0,12.0,300.0,2.0,587.99,585.99,0.824,0.817,-0.016,2.442,0.102
altai,tugaya_south,field,3.0,12.0,300.0,3.0,588.99,585.99,0.928,0.920,-0.018,2.557,0.115
altai,tugaya_south,field,3.0,12.0,300.0,5.0,590.99,585.99,1.067,1.059,-0.022,2.711,0.130
altai,tugaya_south,field,3.0,12.0,300.0,10.0,595.99,585.99,1.278,1.269,-0.027,2.939,0.153
altai,tugaya_south,field,3.0,12.0,300.0,30.0,615.99,585.99,2.073,2.004,-0.053,3.365,0.532
altai,tugaya_south,field,3.0,12.0,300.0,50.0,635.99,585.99,2.764,2.601,-0.068,3.606,0.937
altai,tugaya_south,field,3.0,12.0,300.0,100.0,685.99,585.99,3.404,3.209,-0.035,4.013,1.135
altai,tugaya_south,field,3.0,12.0,300.0,200.0,785.99,585.99,3.767,3.603,-0.010,4.589,1.100
altai,tugaya_south,field,3.0,12.0,300.0,300.0,885.99,585.99,3.889,3.752,-0.001,4.861,1.023
altai,tugaya_south,field,6.0,12.0,-3000.0,1.0,297.27,296.27,1.499,1.499,0.007,2.764,-0.003
altai,tugaya_south,field,6.0,12.0,-3000.0,1.5,297.77,296.27,1.771,1.771,0.008,3.047,-0.004
altai,tugaya_south,field,6.0,12.0,-3000.0,2.0,298.27,296.27,1.964,1.964,0.009,3.266,-0.004
altai,tugaya_south,field,6.0,12.0,-3000.0,3.0,299.27,296.27,2.234,2.234,0.010,3.603,-0.005
altai,tugaya_south,field,6.0,12.0,-3000.0,5.0,301.27,296.27,2.575,2.575,0.012,4.079,-0.005
altai,tugaya_south,field,6.0,12.0,-3000.0,10.0,306.27,296.27,3.035,3.035,0.014,4.835,-0.007
altai,tugaya_south,field,6.0,12.0,-3000.0,30.0,326.27,296.27,3.833,3.833,0.016,6.387,0.011
altai,tugaya_south,field,6.0,12.0,-3000.0,50.0,346.27,296.27,4.474,4.474,0.013,7.326,0.058
altai,tugaya_south,field,6.0,12.0,-3000.0,100.0,396.27,296.27,5.723,5.721,-0.010,8.965,0.140
altai,tugaya_south,field,6.0,12.0,-3000.0,200.0,496.27,296.27,6.967,6.963,-0.062,11.327,0.251
altai,tugaya_south,field,6.0,12.0,-3000.0,300.0,596.27,296.27,7.680,7.673,-0.081,13.299,0.336
altai,tugaya_south,field,6.0,12.0,-1000.0,1.0,400.59,399.59,1.108,1.096,0.127,2.978,0.165
altai,tugaya_south,field,6.0,12.0,-1000.0,1.5,401.09,399.59,1.403,1.387,0.162,3.283,0.208
altai,tugaya_south,field,6.0,12.0,-1000.0,2.0,401.59,399.59,1.594,1.576,0.185,3.519,0.236
altai,tugaya_south,field,6.0,12.0,-1000.0,3.0,402.59,399.59,1.842,1.822,0.213,3.881,0.272
altai,tugaya_south,field,6.0,12.0,-1000.0,5.0,404.59,399.59,2.140,2.117,0.243,4.394,0.315
altai,tugaya_south,field,6.0,12.0,-1000.0,10.0,409.59,399.59,2.550,2.523,0.287,5.207,0.368
altai,tugaya_south,field,6.0,12.0,-1000.0,30.0,429.59,399.59,3.811,3.723,0.499,6.872,0.811
altai,tugaya_south,field,6.0,12.0,-1000.0,50.0,449.59,399.59,4.572,4.475,0.608,7.874,0.938
altai,tugaya_south,field,6.0,12.0,-1000.0,100.0,499.59,399.59,5.624,5.552,0.644,9.612,0.896
altai,tugaya_south,field,6.0,12.0,-1000.0,200.0,599.59,399.59,6.770,6.715,0.584,12.090,0.864
altai,tugaya_south,field,6.0,12.0,-1000.0,300.0,699.59,399.59,7.491,7.445,0.487,14.140,0.825
altai,tugaya_south,field,6.0,12.0,-300.0,1.0,600.65,599.65,2.094,2.075,0.151,3.392,0.285
altai,tugaya_south,field,6.0,12.0,-300.0,1.5,601.15,599.65,2.419,2.396,0.175,3.740,0.331
altai,tugaya_south,field,6.0,12.0,-300.0,2.0,601.65,599.65,2.653,2.628,0.192,4.008,0.364
altai,tugaya_south,field,6.0,12.0,-300.0,3.0,602.65,599.65,2.987,2.959,0.216,4.421,0.412
altai,tugaya_south,field,6.0,12.0,-300.0,5.0,604.65,599.65,3.480,3.446,0.244,5.004,0.484
altai,tugaya_south,field,6.0,12.0,-300.0,10.0,609.65,599.65,4.359,4.322,0.289,5.927,0.563
altai,tugaya_south,field,6.0,12.0,-300.0,30.0,629.65,599.65,6.420,6.396,0.454,7.809,0.557
altai,tugaya_south,field,6.0,12.0,-300.0,50.0,649.65,599.65,7.167,7.148,0.489,8.934,0.527
altai,tugaya_south,field,6.0,12.0,-300.0,100.0,699.65,599.65,8.024,8.003,0.469,10.863,0.583
altai,tugaya_south,field,6.0,12.0,-300.0,200.0,799.65,599.65,8.683,8.657,0.410,13.568,0.678
altai,tugaya_south,field,6.0,12.0,-300.0,300.0,899.65,599.65,9.040,9.012,0.341,15.769,0.712
altai,tugaya_south,field,6.0,12.0,-150.0,1.0,606.52,605.52,2.408,2.405,0.086,3.404,-0.134
altai,tugaya_south,field,6.0,12.0,-150.0,1.5,607.02,605.52,2.754,2.749,0.098,3.753,-0.153
altai,tugaya_south,field,6.0,12.0,-150.0,2.0,607.52,605.52,3.006,3.002,0.107,4.023,-0.167
altai,tugaya_south,field,6.0,12.0,-150.0,3.0,608.52,605.52,3.370,3.365,0.120,4.437,-0.187
altai,tugaya_south,field,6.0,12.0,-150.0,5.0,610.52,605.52,3.838,3.832,0.137,5.021,-0.212
altai,tugaya_south,field,6.0,12.0,-150.0,10.0,615.52,605.52,4.483,4.476,0.160,5.948,-0.248
altai,tugaya_south,field,6.0,12.0,-150.0,30.0,635.52,605.52,6.008,6.008,0.341,7.837,0.001
altai,tugaya_south,field,6.0,12.0,-150.0,50.0,655.52,605.52,6.927,6.925,0.424,8.965,0.174
altai,tugaya_south,field,6.0,12.0,-150.0,100.0,705.52,605.52,8.025,8.013,0.424,10.900,0.439
altai,tugaya_south,field,6.0,12.0,-150.0,200.0,805.52,605.52,8.774,8.749,0.320,13.612,0.664
altai,tugaya_south,field,6.0,12.0,-150.0,300.0,905.52,605.52,9.128,9.099,0.254,15.817,0.722
altai,tugaya_south,field,6.0,12.0,-50.0,1.0,617.38,616.38,2.292,2.289,0.165,3.427,0.119
altai,tugaya_south,field,6.0,12.0,-50.0,1.5,617.88,616.38,2.748,2.744,0.196,3.778,0.142
altai,tugaya_south,field,6.0,12.0,-50.0,2.0,618.38,616.38,3.064,3.060,0.217,4.049,0.157
altai,tugaya_south,field,6.0,12.0,-50.0,3.0,619.38,616.38,3.503,3.498,0.247,4.466,0.179
altai,tugaya_south,field,6.0,12.0,-50.0,5.0,621.38,616.38,4.049,4.044,0.283,5.055,0.206
altai,tugaya_south,field,6.0,12.0,-50.0,10.0,626.38,616.38,4.994,4.991,0.328,5.987,0.172
altai,tugaya_south,field,6.0,12.0,-50.0,30.0,646.38,616.38,6.950,6.950,0.469,7.887,0.111
altai,tugaya_south,field,6.0,12.0,-50.0,50.0,666.38,616.38,7.578,7.569,0.413,9.022,0.354
altai,tugaya_south,field,6.0,12.0,-50.0,100.0,716.38,616.38,8.307,8.285,0.312,10.968,0.608
altai,tugaya_south,field,6.0,12.0,-50.0,200.0,816.38,616.38,8.869,8.838,0.219,13.692,0.740
altai,tugaya_south,field,6.0,12.0,-50.0,300.0,916.38,616.38,9.187,9.155,0.179,15.906,0.759
altai,tugaya_south,field,6.0,12.0,-30.0,1.0,622.78,621.78,3.484,3.482,0.060,3.438,0.111
altai,tugaya_south,field,6.0,12.0,-30.0,1.5,623.28,621.78,3.898,3.896,0.067,3.790,0.125
altai,tugaya_south,field,6.0,12.0,-30.0,2.0,623.78,621.78,4.213,4.211,0.073,4.063,0.135
altai,tugaya_south,field,6.0,12.0,-30.0,3.0,624.78,621.78,4.680,4.678,0.080,4.481,0.150
altai,tugaya_south,field,6.0,12.0,-30.0,5.0,626.78,621.78,5.299,5.296,0.090,5.071,0.169
altai,tugaya_south,field,6.0,12.0,-30.0,10.0,631.78,621.78,6.181,6.178,0.105,6.007,0.195
altai,tugaya_south,field,6.0,12.0,-30.0,30.0,651.78,621.78,7.266,7.258,0.184,7.913,0.331
altai,tugaya_south,field,6.0,12.0,-30.0,50.0,671.78,621.78,7.757,7.742,0.243,9.051,0.483
altai,tugaya_south,field,6.0,12.0,-30.0,100.0,721.78,621.78,8.378,8.351,0.243,11.002,0.665
altai,tugaya_south,field,6.0,12.0,-30.0,200.0,821.78,621.78,8.895,8.862,0.192,13.732,0.760
altai,tugaya_south,field,6.0,12.0,-30.0,300.0,921.78,621.78,9.204,9.172,0.162,15.950,0.766
altai,tugaya_south,field,6.0,12.0,-20.0,1.0,625.35,624.35,3.530,3.527,0.047,3.443,0.164
altai,tugaya_south,field,6.0,12.0,-20.0,1.5,625.85,624.35,3.982,3.977,0.053,3.796,0.185
altai,tugaya_south,field,6.0,12.0,-20.0,2.0,626.35,624.35,4.320,4.315,0.058,4.069,0.201
altai,tugaya_south,field,6.0,12.0,-20.0,3.0,627.35,624.35,4.817,4.812,0.064,4.487,0.225
altai,tugaya_south,field,6.0,12.0,-20.0,5.0,629.35,624.35,5.467,5.461,0.073,5.079,0.256
altai,tugaya_south,field,6.0,12.0,-20.0,10.0,634.35,624.35,6.360,6.353,0.085,6.016,0.297
altai,tugaya_south,field,6.0,12.0,-20.0,30.0,654.35,624.35,7.321,7.309,0.161,7.925,0.425
altai,tugaya_south,field,6.0,12.0,-20.0,50.0,674.35,624.35,7.795,7.775,0.215,9.064,0.548
altai,tugaya_south,field,6.0,12.0,-20.0,100.0,724.35,624.35,8.397,8.368,0.219,11.018,0.696
altai,tugaya_south,field,6.0,12.0,-20.0,200.0,824.35,624.35,8.904,8.870,0.180,13.751,0.770
altai,tugaya_south,field,6.0,12.0,-20.0,300.0,924.35,624.35,9.212,9.179,0.154,15.970,0.770
altai,tugaya_south,field,6.0,12.0,-10.0,1.0,628.04,627.04,3.444,3.437,0.040,3.449,0.214
altai,tugaya_south,field,6.0,12.0,-10.0,1.5,628.54,627.04,3.962,3.954,0.046,3.802,0.247
altai,tugaya_south,field,6.0,12.0,-10.0,2.0,629.04,627.04,4.339,4.331,0.050,4.075,0.271
altai,tugaya_south,field,6.0,12.0,-10.0,3.0,630.04,627.04,4.880,4.870,0.057,4.495,0.306
altai,tugaya_south,field,6.0,12.0,-10.0,5.0,632.04,627.04,5.572,5.561,0.065,5.087,0.350
altai,tugaya_south,field,6.0,12.0,-10.0,10.0,637.04,627.04,6.473,6.461,0.076,6.026,0.404
altai,tugaya_south,field,6.0,12.0,-10.0,30.0,657.04,627.04,7.368,7.350,0.148,7.937,0.514
altai,tugaya_south,field,6.0,12.0,-10.0,50.0,677.04,627.04,7.828,7.804,0.191,9.079,0.611
altai,tugaya_south,field,6.0,12.0,-10.0,100.0,727.04,627.04,8.416,8.384,0.197,11.035,0.725
altai,tugaya_south,field,6.0,12.0,-10.0,200.0,827.04,627.04,8.913,8.878,0.168,13.771,0.779
altai,tugaya_south,field,6.0,12.0,-10.0,300.0,927.04,627.04,9.219,9.186,0.147,15.992,0.774
altai,tugaya_south,field,6.0,12.0,0.0,1.0,630.89,629.89,3.784,3.772,0.037,3.455,0.294
altai,tugaya_south,field,6.0,12.0,0.0,1.5,631.39,629.89,4.242,4.229,0.042,3.809,0.330
altai,tugaya_south,field,6.0,12.0,0.0,2.0,631.89,629.89,4.588,4.574,0.045,4.082,0.357
altai,tugaya_south,field,6.0,12.0,0.0,3.0,632.89,629.89,5.098,5.082,0.050,4.502,0.398
altai,tugaya_south,field,6.0,12.0,0.0,5.0,634.89,629.89,5.768,5.751,0.057,5.096,0.450
altai,tugaya_south,field,6.0,12.0,0.0,10.0,639.89,629.89,6.595,6.575,0.067,6.036,0.509
altai,tugaya_south,field,6.0,12.0,0.0,30.0,659.89,629.89,7.424,7.400,0.133,7.951,0.598
altai,tugaya_south,field,6.0,12.0,0.0,50.0,679.89,629.89,7.865,7.836,0.166,9.094,0.669
altai,tugaya_south,field,6.0,12.0,0.0,100.0,729.89,629.89,8.435,8.401,0.175,11.052,0.753
altai,tugaya_south,field,6.0,12.0,0.0,200.0,829.89,629.89,8.922,8.887,0.157,13.792,0.789
altai,tugaya_south,field,6.0,12.0,0.0,300.0,929.89,629.89,9.227,9.194,0.139,16.016,0.778
altai,tugaya_south,field,6.0,12.0,100.0,1.0,623.03,622.03,2.332,2.299,-0.147,3.438,0.394
altai,tugaya_south,field,6.0,12.0,100.0,1.5,623.53,622.03,2.560,2.523,-0.160,3.791,0.433
altai,tugaya_south,field,6.0,12.0,100.0,2.0,624.03,622.03,2.739,2.700,-0.170,4.063,0.464
altai,tugaya_south,field,6.0,12.0,100.0,3.0,625.03,622.03,3.014,2.970,-0.185,4.481,0.511
altai,tugaya_south,field,6.0,12.0,100.0,5.0,627.03,622.03,3.419,3.369,-0.205,5.072,0.581
altai,tugaya_south,field,6.0,12.0,100.0,10.0,632.03,622.03,4.556,4.486,-0.231,6.008,0.796
altai,tugaya_south,field,6.0,12.0,100.0,30.0,652.03,622.03,7.049,6.956,-0.271,7.914,1.139
altai,tugaya_south,field,6.0,12.0,100.0,50.0,672.03,622.03,7.624,7.548,-0.143,9.052,1.069
altai,tugaya_south,field,6.0,12.0,100.0,100.0,722.03,622.03,8.284,8.227,-0.023,11.003,0.965
altai,tugaya_south,field,6.0,12.0,100.0,200.0,822.03,622.03,8.852,8.809,0.054,13.734,0.876
altai,tugaya_south,field,6.0,12.0,100.0,300.0,922.03,622.03,9.190,9.153,0.073,15.952,0.824
altai,tugaya_south,field,6.0,12.0,300.0,1.0,586.99,585.99,0.819,0.819,-0.047,3.364,-0.016
altai,tugaya_south,field,6.0,12.0,300.0,1.5,587.49,585.99,1.008,1.007,-0.054,3.709,-0.018
altai,tugaya_south,field,6.0,12.0,300.0,2.0,587.99,585.99,1.147,1.147,-0.059,3.975,-0.020
altai,tugaya_south,field,6.0,12.0,300.0,3.0,588.99,585.99,1.353,1.353,-0.066,4.384,-0.022
altai,tugaya_south,field,6.0,12.0,300.0,5.0,590.99,585.99,1.655,1.654,-0.077,4.962,-0.032
altai,tugaya_south,field,6.0,12.0,300.0,10.0,595.99,585.99,2.141,2.140,-0.095,5.878,-0.048
altai,tugaya_south,field,6.0,12.0,300.0,30.0,615.99,585.99,4.032,4.019,-0.186,7.745,0.313
altai,tugaya_south,field,6.0,12.0,300.0,50.0,635.99,585.99,5.682,5.608,-0.233,8.861,0.910
altai,tugaya_south,field,6.0,12.0,300.0,100.0,685.99,585.99,7.380,7.298,-0.123,10.778,1.092
altai,tugaya_south,field,6.0,12.0,300.0,200.0,785.99,585.99,8.491,8.433,-0.037,13.467,0.995
altai,tugaya_south,field,6.0,12.0,300.0,300.0,885.99,585.99,8.994,8.948,-0.012,15.658,0.908
altai,tugaya_south,field,10.0,12.0,-3000.0,1.0,297.27,296.27,1.920,1.919,0.011,4.606,-0.057
altai,tugaya_south,field,10.0,12.0,-3000.0,1.5,297.77,296.27,2.283,2.282,0.013,5.079,-0.067
altai,tugaya_south,field,10.0,12.0,-3000.0,2.0,298.27,296.27,2.541,2.540,0.014,5.444,-0.074
altai,tugaya_south,field,10.0,12.0,-3000.0,3.0,299.27,296.27,2.904,2.903,0.016,6.005,-0.084
altai,tugaya_south,field,10.0,12.0,-3000.0,5.0,301.27,296.27,3.359,3.357,0.019,6.798,-0.097
altai,tugaya_south,field,10.0,12.0,-3000.0,10.0,306.27,296.27,3.969,3.967,0.023,8.058,-0.115
altai,tugaya_south,field,10.0,12.0,-3000.0,30.0,326.27,296.27,5.053,5.052,0.026,10.646,-0.130
altai,tugaya_south,field,10.0,12.0,-3000.0,50.0,346.27,296.27,6.128,6.127,0.020,12.211,-0.138
altai,tugaya_south,field,10.0,12.0,-3000.0,100.0,396.27,296.27,8.326,8.325,-0.023,14.942,-0.154
altai,tugaya_south,field,10.0,12.0,-3000.0,200.0,496.27,296.27,10.819,10.819,-0.120,18.878,-0.070
altai,tugaya_south,field,10.0,12.0,-3000.0,300.0,596.27,296.27,12.291,12.291,-0.160,22.165,0.029
altai,tugaya_south,field,10.0,12.0,-1000.0,1.0,400.59,399.59,1.573,1.567,0.235,4.963,0.129
altai,tugaya_south,field,10.0,12.0,-1000.0,1.5,401.09,399.59,1.990,1.984,0.300,5.472,0.163
altai,tugaya_south,field,10.0,12.0,-1000.0,2.0,401.59,399.59,2.262,2.254,0.342,5.865,0.185
altai,tugaya_south,field,10.0,12.0,-1000.0,3.0,402.59,399.59,2.615,2.606,0.393,6.469,0.213
altai,tugaya_south,field,10.0,12.0,-1000.0,5.0,404.59,399.59,3.038,3.028,0.450,7.323,0.247
altai,tugaya_south,field,10.0,12.0,-1000.0,10.0,409.59,399.59,3.623,3.612,0.531,8.678,0.286
altai,tugaya_south,field,10.0,12.0,-1000.0,30.0,429.59,399.59,5.426,5.360,0.923,11.453,0.840
altai,tugaya_south,field,10.0,12.0,-1000.0,50.0,449.59,399.59,6.618,6.544,1.127,13.123,0.988
altai,tugaya_south,field,10.0,12.0,-1000.0,100.0,499.59,399.59,8.499,8.452,1.197,16.019,0.895
altai,tugaya_south,field,10.0,12.0,-1000.0,200.0,599.59,399.59,10.770,10.739,1.082,20.150,0.815
altai,tugaya_south,field,10.0,12.0,-1000.0,300.0,699.59,399.59,12.289,12.265,0.894,23.567,0.758
altai,tugaya_south,field,10.0,12.0,-300.0,1.0,600.65,599.65,3.296,3.282,0.270,5.653,0.305
altai,tugaya_south,field,10.0,12.0,-300.0,1.5,601.15,599.65,3.806,3.789,0.311,6.233,0.354
altai,tugaya_south,field,10.0,12.0,-300.0,2.0,601.65,599.65,4.174,4.156,0.341,6.681,0.390
altai,tugaya_south,field,10.0,12.0,-300.0,3.0,602.65,599.65,4.700,4.679,0.384,7.368,0.442
altai,tugaya_south,field,10.0,12.0,-300.0,5.0,604.65,599.65,5.472,5.448,0.435,8.339,0.519
altai,tugaya_south,field,10.0,12.0,-300.0,10.0,609.65,599.65,6.854,6.830,0.515,9.879,0.569
altai,tugaya_south,field,10.0,12.0,-300.0,30.0,629.65,599.65,10.165,10.157,0.810,13.015,0.385
altai,tugaya_south,field,10.0,12.0,-300.0,50.0,649.65,599.65,11.460,11.456,0.872,14.889,0.291
altai,tugaya_south,field,10.0,12.0,-300.0,100.0,699.65,599.65,13.069,13.064,0.838,18.105,0.353
altai,tugaya_south,field,10.0,12.0,-300.0,200.0,799.65,599.65,14.452,14.443,0.732,22.614,0.518
altai,tugaya_south,field,10.0,12.0,-300.0,300.0,899.65,599.65,15.311,15.299,0.597,26.282,0.607
altai,tugaya_south,field,10.0,12.0,-150.0,1.0,606.52,605.52,3.877,3.862,0.153,5.674,-0.339
altai,tugaya_south,field,10.0,12.0,-150.0,1.5,607.02,605.52,4.433,4.416,0.175,6.255,-0.388
altai,tugaya_south,field,10.0,12.0,-150.0,2.0,607.52,605.52,4.840,4.821,0.190,6.705,-0.423
altai,tugaya_south,field,10.0,12.0,-150.0,3.0,608.52,605.52,5.426,5.405,0.213,7.394,-0.474
altai,tugaya_south,field,10.0,12.0,-150.0,5.0,610.52,605.52,6.179,6.155,0.243,8.369,-0.540
altai,tugaya_south,field,10.0,12.0,-150.0,10.0,615.52,605.52,7.217,7.189,0.284,9.914,-0.630
altai,tugaya_south,field,10.0,12.0,-150.0,30.0,635.52,605.52,9.608,9.598,0.607,13.061,-0.441
altai,tugaya_south,field,10.0,12.0,-150.0,50.0,655.52,605.52,11.144,11.141,0.755,14.941,-0.256
altai,tugaya_south,field,10.0,12.0,-150.0,100.0,705.52,605.52,13.130,13.129,0.755,18.167,0.116
altai,tugaya_south,field,10.0,12.0,-150.0,200.0,805.52,605.52,14.639,14.631,0.564,22.686,0.492
altai,tugaya_south,field,10.0,12.0,-150.0,300.0,905.52,605.52,15.479,15.467,0.435,26.362,0.622
altai,tugaya_south,field,10.0,12.0,-50.0,1.0,617.38,616.38,3.634,3.634,0.295,5.711,0.035
altai,tugaya_south,field,10.0,12.0,-50.0,1.5,617.88,616.38,4.357,4.357,0.349,6.297,0.040
altai,tugaya_south,field,10.0,12.0,-50.0,2.0,618.38,616.38,4.858,4.858,0.387,6.749,0.044
altai,tugaya_south,field,10.0,12.0,-50.0,3.0,619.38,616.38,5.553,5.553,0.440,7.443,0.049
altai,tugaya_south,field,10.0,12.0,-50.0,5.0,621.38,616.38,6.420,6.420,0.505,8.424,0.054
altai,tugaya_south,field,10.0,12.0,-50.0,10.0,626.38,616.38,7.924,7.924,0.585,9.979,-0.071
altai,tugaya_south,field,10.0,12.0,-50.0,30.0,646.38,616.38,11.096,11.091,0.837,13.146,-0.325
altai,tugaya_south,field,10.0,12.0,-50.0,50.0,666.38,616.38,12.198,12.198,0.734,15.037,-0.006
altai,tugaya_south,field,10.0,12.0,-50.0,100.0,716.38,616.38,13.615,13.610,0.552,18.280,0.375
altai,tugaya_south,field,10.0,12.0,-50.0,200.0,816.38,616.38,14.829,14.817,0.379,22.820,0.613
altai,tugaya_south,field,10.0,12.0,-50.0,300.0,916.38,616.38,15.610,15.595,0.296,26.509,0.684
altai,tugaya_south,field,10.0,12.0,-30.0,1.0,622.78,621.78,5.515,5.514,0.107,5.730,-0.071
altai,tugaya_south,field,10.0,12.0,-30.0,1.5,623.28,621.78,6.170,6.170,0.120,6.317,-0.080
altai,tugaya_south,field,10.0,12.0,-30.0,2.0,623.78,621.78,6.669,6.668,0.129,6.771,-0.086
altai,tugaya_south,field,10.0,12.0,-30.0,3.0,624.78,621.78,7.408,7.408,0.143,7.468,-0.095
altai,tugaya_south,field,10.0,12.0,-30.0,5.0,626.78,621.78,8.388,8.388,0.161,8.452,-0.109
altai,tugaya_south,field,10.0,12.0,-30.0,10.0,631.78,621.78,9.785,9.784,0.187,10.011,-0.131
altai,tugaya_south,field,10.0,12.0,-30.0,30.0,651.78,621.78,11.590,11.590,0.327,13.188,-0.008
altai,tugaya_south,field,10.0,12.0,-30.0,50.0,671.78,621.78,12.497,12.496,0.431,15.085,0.190
altai,tugaya_south,field,10.0,12.0,-30.0,100.0,721.78,621.78,13.744,13.736,0.426,18.336,0.465
altai,tugaya_south,field,10.0,12.0,-30.0,200.0,821.78,621.78,14.887,14.873,0.328,22.886,0.645
altai,tugaya_south,field,10.0,12.0,-30.0,300.0,921.78,621.78,15.654,15.639,0.264,26.583,0.698
altai,tugaya_south,field,10.0,12.0,-20.0,1.0,625.35,624.35,5.577,5.577,0.084,5.739,0.006
altai,tugaya_south,field,10.0,12.0,-20.0,1.5,625.85,624.35,6.290,6.290,0.094,6.327,0.008
altai,tugaya_south,field,10.0,12.0,-20.0,2.0,626.35,624.35,6.825,6.825,0.102,6.781,0.009
altai,tugaya_south,field,10.0,12.0,-20.0,3.0,627.35,624.35,7.610,7.610,0.114,7.479,0.011
altai,tugaya_south,field,10.0,12.0,-20.0,5.0,629.35,624.35,8.636,8.636,0.129,8.465,0.013
altai,tugaya_south,field,10.0,12.0,-20.0,10.0,634.35,624.35,10.048,10.048,0.151,10.027,0.014
altai,tugaya_south,field,10.0,12.0,-20.0,30.0,654.35,624.35,11.678,11.677,0.285,13.208,0.135
altai,tugaya_south,field,10.0,12.0,-20.0,50.0,674.35,624.35,12.564,12.560,0.380,15.107,0.292
altai,tugaya_south,field,10.0,12.0,-20.0,100.0,724.35,624.35,13.782,13.773,0.384,18.363,0.514
altai,tugaya_south,field,10.0,12.0,-20.0,200.0,824.35,624.35,14.908,14.894,0.306,22.918,0.662
altai,tugaya_south,field,10.0,12.0,-20.0,300.0,924.35,624.35,15.674,15.658,0.249,26.617,0.706
altai,tugaya_south,field,10.0,12.0,-10.0,1.0,628.04,627.04,5.429,5.428,0.071,5.748,0.091
altai,tugaya_south,field,10.0,12.0,-10.0,1.5,628.54,627.04,6.246,6.245,0.082,6.337,0.105
altai,tugaya_south,field,10.0,12.0,-10.0,2.0,629.04,627.04,6.840,6.839,0.089,6.792,0.116
altai,tugaya_south,field,10.0,12.0,-10.0,3.0,630.04,627.04,7.693,7.691,0.100,7.491,0.131
altai,tugaya_south,field,10.0,12.0,-10.0,5.0,632.04,627.04,8.783,8.782,0.114,8.478,0.151
altai,tugaya_south,field,10.0,12.0,-10.0,10.0,637.04,627.04,10.207,10.206,0.135,10.043,0.171
altai,tugaya_south,field,10.0,12.0,-10.0,30.0,657.04,627.04,11.752,11.749,0.261,13.229,0.269
altai,tugaya_south,field,10.0,12.0,-10.0,50.0,677.04,627.04,12.623,12.617,0.337,15.131,0.388
altai,tugaya_south,field,10.0,12.0,-10.0,100.0,727.04,627.04,13.819,13.808,0.344,18.391,0.561
altai,tugaya_south,field,10.0,12.0,-10.0,200.0,827.04,627.04,14.931,14.915,0.284,22.951,0.679
altai,tugaya_south,field,10.0,12.0,-10.0,300.0,927.04,627.04,15.693,15.677,0.235,26.654,0.714
altai,tugaya_south,field,10.0,12.0,0.0,1.0,630.89,629.89,5.952,5.949,0.066,5.758,0.190
altai,tugaya_south,field,10.0,12.0,0.0,1.5,631.39,629.89,6.672,6.669,0.074,6.348,0.214
altai,tugaya_south,field,10.0,12.0,0.0,2.0,631.89,629.89,7.216,7.212,0.080,6.804,0.232
altai,tugaya_south,field,10.0,12.0,0.0,3.0,632.89,629.89,8.018,8.014,0.089,7.504,0.258
altai,tugaya_south,field,10.0,12.0,0.0,5.0,634.89,629.89,9.073,9.068,0.100,8.493,0.293
altai,tugaya_south,field,10.0,12.0,0.0,10.0,639.89,629.89,10.382,10.377,0.118,10.060,0.325
altai,tugaya_south,field,10.0,12.0,0.0,30.0,659.89,629.89,11.843,11.836,0.234,13.251,0.394
altai,tugaya_south,field,10.0,12.0,0.0,50.0,679.89,629.89,12.690,12.681,0.292,15.156,0.478
altai,tugaya_south,field,10.0,12.0,0.0,100.0,729.89,629.89,13.859,13.845,0.304,18.421,0.605
altai,tugaya_south,field,10.0,12.0,0.0,200.0,829.89,629.89,14.954,14.938,0.262,22.986,0.694
altai,tugaya_south,field,10.0,12.0,0.0,300.0,929.89,629.89,15.714,15.698,0.221,26.693,0.721
altai,tugaya_south,field,10.0,12.0,100.0,1.0,623.03,622.03,3.539,3.515,-0.268,5.731,0.417
altai,tugaya_south,field,10.0,12.0,100.0,1.5,623.53,622.03,3.897,3.869,-0.291,6.318,0.459
altai,tugaya_south,field,10.0,12.0,100.0,2.0,624.03,622.03,4.179,4.149,-0.310,6.772,0.492
altai,tugaya_south,field,10.0,12.0,100.0,3.0,625.03,622.03,4.610,4.578,-0.337,7.469,0.543
altai,tugaya_south,field,10.0,12.0,100.0,5.0,627.03,622.03,5.248,5.212,-0.374,8.453,0.619
altai,tugaya_south,field,10.0,12.0,100.0,10.0,632.03,622.03,7.032,6.977,-0.421,10.013,0.878
altai,tugaya_south,field,10.0,12.0,100.0,30.0,652.03,622.03,11.063,10.992,-0.499,13.190,1.254
altai,tugaya_south,field,10.0,12.0,100.0,50.0,672.03,622.03,12.187,12.137,-0.270,15.087,1.108
altai,tugaya_south,field,10.0,12.0,100.0,100.0,722.03,622.03,13.573,13.541,-0.058,18.339,0.937
altai,tugaya_south,field,10.0,12.0,100.0,200.0,822.03,622.03,14.831,14.807,0.075,22.889,0.831
altai,tugaya_south,field,10.0,12.0,100.0,300.0,922.03,622.03,15.643,15.623,0.099,26.586,0.790
altai,tugaya_south,field,10.0,12.0,300.0,1.0,586.99,585.99,0.949,0.946,-0.086,5.606,-0.069
altai,tugaya_south,field,10.0,12.0,300.0,1.5,587.49,585.99,1.235,1.233,-0.099,6.181,-0.079
altai,tugaya_south,field,10.0,12.0,300.0,2.0,587.99,585.99,1.449,1.446,-0.109,6.625,-0.087
altai,tugaya_south,field,10.0,12.0,300.0,3.0,588.99,585.99,1.766,1.763,-0.122,7.307,-0.097
altai,tugaya_south,field,10.0,12.0,300.0,5.0,590.99,585.99,2.235,2.231,-0.143,8.270,-0.123
altai,tugaya_south,field,10.0,12.0,300.0,10.0,595.99,585.99,3.002,2.997,-0.175,9.797,-0.166
altai,tugaya_south,field,10.0,12.0,300.0,30.0,615.99,585.99,6.095,6.091,-0.344,12.908,0.217
altai,tugaya_south,field,10.0,12.0,300.0,50.0,635.99,585.99,8.913,8.851,-0.432,14.769,1.048
altai,tugaya_south,field,10.0,12.0,300.0,100.0,685.99,585.99,12.035,11.975,-0.241,17.963,1.203
altai,tugaya_south,field,10.0,12.0,300.0,200.0,785.99,585.99,14.192,14.155,-0.093,22.446,1.029
altai,tugaya_south,field,10.0,12.0,300.0,300.0,885.99,585.99,15.262,15.234,-0.056,26.097,0.921
askarovo,biyagoda_west,field,0.0,12.0,-3000.0,1.0,541.57,540.57,0.312,-0.309,0.000,0.000,0.040
askarovo,biyagoda_west,field,0.0,12.0,-3000.0,1.5,542.07,540.57,0.392,-0.389,0.000,0.000,0.050
askarovo,biyagoda_west,field,0.0,12.0,-3000.0,2.0,542.57,540.57,0.446,-0.442,0.000,0.000,0.057
askarovo,biyagoda_west,field,0.0,12.0,-3000.0,3.0,543.57,540.57,0.517,-0.513,0.000,0.000,0.066
askarovo,biyagoda_west,field,0.0,12.0,-3000.0,5.0,545.57,540.57,0.604,-0.599,0.000,0.000,0.078
askarovo,biyagoda_west,field,0.0,12.0,-3000.0,10.0,550.57,540.57,0.717,-0.711,0.000,0.000,0.092
askarovo,biyagoda_west,field,0.0,12.0,-3000.0,30.0,570.57,540.57,0.909,-0.902,0.000,0.000,0.115
askarovo,biyagoda_west,field,0.0,12.0,-3000.0,50.0,590.57,540.57,0.975,-0.966,0.000,0.000,0.132
askarovo,biyagoda_west,field,0.0,12.0,-3000.0,100.0,640.57,540.57,1.020,-1.007,0.000,0.000,0.160
askarovo,biyagoda_west,field,0.0,12.0,-3000.0,200.0,740.57,540.57,0.957,-0.942,0.000,0.000,0.168
askarovo,biyagoda_west,field,0.0,12.0,-3000.0,300.0,840.57,540.57,0.892,-0.875,0.000,0.000,0.170
askarovo,biyagoda_west,field,0.0,12.0,-1000.0,1.0,465.68,464.68,0.178,0.174,0.000,0.000,0.036
askarovo,biyagoda_west,field,0.0,12.0,-1000.0,1.5,466.18,464.68,0.209,0.205,0.000,0.000,0.043
askarovo,biyagoda_west,field,0.0,12.0,-1000.0,2.0,466.68,464.68,0.231,0.226,0.000,0.000,0.047
askarovo,biyagoda_west,field,0.0,12.0,-1000.0,3.0,467.68,464.68,0.263,0.258,0.000,0.000,0.053
askarovo,biyagoda_west,field,0.0,12.0,-1000.0,5.0,469.68,464.68,0.304,0.298,0.000,0.000,0.062
askarovo,biyagoda_west,field,0.0,12.0,-1000.0,10.0,474.68,464.68,0.363,0.355,0.000,0.000,0.073
askarovo,biyagoda_west,field,0.0,12.0,-1000.0,30.0,494.68,464.68,0.439,0.430,0.000,0.000,0.090
askarovo,biyagoda_west,field,0.0,12.0,-1000.0,50.0,514.68,464.68,0.432,0.422,0.000,0.000,0.094
askarovo,biyagoda_west,field,0.0,12.0,-1000.0,100.0,564.68,464.68,0.412,0.399,0.000,0.000,0.101
askarovo,biyagoda_west,field,0.0,12.0,-1000.0,200.0,664.68,464.68,0.382,0.367,0.000,0.000,0.108
askarovo,biyagoda_west,field,0.0,12.0,-1000.0,300.0,764.68,464.68,0.362,0.345,0.000,0.000,0.109
askarovo,biyagoda_west,field,0.0,12.0,-300.0,1.0,503.94,502.94,0.129,0.093,0.000,0.000,0.090
askarovo,biyagoda_west,field,0.0,12.0,-300.0,1.5,504.44,502.94,0.152,0.110,0.000,0.000,0.106
askarovo,biyagoda_west,field,0.0,12.0,-300.0,2.0,504.94,502.94,0.169,0.122,0.000,0.000,0.117
askarovo,biyagoda_west,field,0.0,12.0,-300.0,3.0,505.94,502.94,0.192,0.138,0.000,0.000,0.133
askarovo,biyagoda_west,field,0.0,12.0,-300.0,5.0,507.94,502.94,0.221,0.159,0.000,0.000,0.153
askarovo,biyagoda_west,field,0.0,12.0,-300.0,10.0,512.94,502.94,0.261,0.188,0.000,0.000,0.180
askarovo,biyagoda_west,field,0.0,12.0,-300.0,30.0,532.94,502.94,0.548,0.476,0.000,0.000,0.271
askarovo,biyagoda_west,field,0.0,12.0,-300.0,50.0,552.94,502.94,0.644,0.576,0.000,0.000,0.288
askarovo,biyagoda_west,field,0.0,12.0,-300.0,100.0,602.94,502.94,0.676,0.619,0.000,0.000,0.271
askarovo,biyagoda_west,field,0.0,12.0,-300.0,200.0,702.94,502.94,0.686,0.636,0.000,0.000,0.256
askarovo,biyagoda_west,field,0.0,12.0,-300.0,300.0,802.94,502.94,0.663,0.616,0.000,0.000,0.245
askarovo,biyagoda_west,field,0.0,12.0,-150.0,1.0,560.82,559.82,0.174,0.152,0.000,0.000,0.085
askarovo,biyagoda_west,field,0.0,12.0,-150.0,1.5,561.32,559.82,0.207,0.181,0.000,0.000,0.101
askarovo,biyagoda_west,field,0.0,12.0,-150.0,2.0,561.82,559.82,0.230,0.200,0.000,0.000,0.112
askarovo,biyagoda_west,field,0.0,12.0,-150.0,3.0,562.82,559.82,0.261,0.228,0.000,0.000,0.127
askarovo,biyagoda_west,field,0.0,12.0,-150.0,5.0,564.82,559.82,0.297,0.259,0.000,0.000,0.145
askarovo,biyagoda_west,field,0.0,12.0,-150.0,10.0,569.82,559.82,0.362,0.314,0.000,0.000,0.178
askarovo,biyagoda_west,field,0.0,12.0,-150.0,30.0,589.82,559.82,0.580,0.511,0.000,0.000,0.274
askarovo,biyagoda_west,field,0.0,12.0,-150.0,50.0,609.82,559.82,0.673,0.606,0.000,0.000,0.292
askarovo,biyagoda_west,field,0.0,12.0,-150.0,100.0,659.82,559.82,0.734,0.675,0.000,0.000,0.286
askarovo,biyagoda_west,field,0.0,12.0,-150.0,200.0,759.82,559.82,0.725,0.673,0.000,0.000,0.270
askarovo,biyagoda_west,field,0.0,12.0,-150.0,300.0,859.82,559.82,0.674,0.623,0.000,0.000,0.258
askarovo,biyagoda_west,field,0.0,12.0,-50.0,1.0,613.83,612.83,0.248,0.225,0.000,0.000,0.102
askarovo,biyagoda_west,field,0.0,12.0,-50.0,1.5,614.33,612.83,0.285,0.260,0.000,0.000,0.118
askarovo,biyagoda_west,field,0.0,12.0,-50.0,2.0,614.83,612.83,0.312,0.284,0.000,0.000,0.129
askarovo,biyagoda_west,field,0.0,12.0,-50.0,3.0,615.83,612.83,0.352,0.320,0.000,0.000,0.145
askarovo,biyagoda_west,field,0.0,12.0,-50.0,5.0,617.83,612.83,0.403,0.367,0.000,0.000,0.166
askarovo,biyagoda_west,field,0.0,12.0,-50.0,10.0,622.83,612.83,0.474,0.432,0.000,0.000,0.195
askarovo,biyagoda_west,field,0.0,12.0,-50.0,30.0,642.83,612.83,0.717,0.663,0.000,0.000,0.273
askarovo,biyagoda_west,field,0.0,12.0,-50.0,50.0,662.83,612.83,0.789,0.736,0.000,0.000,0.282
askarovo,biyagoda_west,field,0.0,12.0,-50.0,100.0,712.83,612.83,0.788,0.737,0.000,0.000,0.278
askarovo,biyagoda_west,field,0.0,12.0,-50.0,200.0,812.83,612.83,0.718,0.666,0.000,0.000,0.268
askarovo,biyagoda_west,field,0.0,12.0,-50.0,300.0,912.83,612.83,0.646,0.593,0.000,0.000,0.257
askarovo,biyagoda_west,field,0.0,12.0,-30.0,1.0,623.54,622.54,0.300,0.276,0.000,0.000,0.118
askarovo,biyagoda_west,field,0.0,12.0,-30.0,1.5,624.04,622.54,0.341,0.313,0.000,0.000,0.134
askarovo,biyagoda_west,field,0.0,12.0,-30.0,2.0,624.54,622.54,0.371,0.341,0.000,0.000,0.146
askarovo,biyagoda_west,field,0.0,12.0,-30.0,3.0,625.54,622.54,0.414,0.381,0.000,0.000,0.163
askarovo,biyagoda_west,field,0.0,12.0,-30.0,5.0,627.54,622.54,0.471,0.433,0.000,0.000,0.186
askarovo,biyagoda_west,field,0.0,12.0,-30.0,10.0,632.54,622.54,0.551,0.506,0.000,0.000,0.217
askarovo,biyagoda_west,field,0.0,12.0,-30.0,30.0,652.54,622.54,0.740,0.688,0.000,0.000,0.271
askarovo,biyagoda_west,field,0.0,12.0,-30.0,50.0,672.54,622.54,0.804,0.754,0.000,0.000,0.279
askarovo,biyagoda_west,field,0.0,12.0,-30.0,100.0,722.54,622.54,0.790,0.740,0.000,0.000,0.276
askarovo,biyagoda_west,field,0.0,12.0,-30.0,200.0,822.54,622.54,0.712,0.660,0.000,0.000,0.268
askarovo,biyagoda_west,field,0.0,12.0,-30.0,300.0,922.54,622.54,0.639,0.585,0.000,0.000,0.257
askarovo,biyagoda_west,field,0.0,12.0,-20.0,1.0,628.01,627.01,0.305,0.282,0.000,0.000,0.116
askarovo,biyagoda_west,field,0.0,12.0,-20.0,1.5,628.51,627.01,0.343,0.317,0.000,0.000,0.131
askarovo,biyagoda_west,field,0.0,12.0,-20.0,2.0,629.01,627.01,0.372,0.344,0.000,0.000,0.142
askarovo,biyagoda_west,field,0.0,12.0,-20.0,3.0,630.01,627.01,0.414,0.382,0.000,0.000,0.158
askarovo,biyagoda_west,field,0.0,12.0,-20.0,5.0,632.01,627.01,0.469,0.434,0.000,0.000,0.178
askarovo,biyagoda_west,field,0.0,12.0,-20.0,10.0,637.01,627.01,0.549,0.508,0.000,0.000,0.208
askarovo,biyagoda_west,field,0.0,12.0,-20.0,30.0,657.01,627.01,0.765,0.716,0.000,0.000,0.268
askarovo,biyagoda_west,field,0.0,12.0,-20.0,50.0,677.01,627.01,0.813,0.764,0.000,0.000,0.277
askarovo,biyagoda_west,field,0.0,12.0,-20.0,100.0,727.01,627.01,0.790,0.740,0.000,0.000,0.276
askarovo,biyagoda_west,field,0.0,12.0,-20.0,200.0,827.01,627.01,0.708,0.656,0.000,0.000,0.267
askarovo,biyagoda_west,field,0.0,12.0,-20.0,300.0,927.01,627.01,0.634,0.580,0.000,0.000,0.256
askarovo,biyagoda_west,field,0.0,12.0,-10.0,1.0,632.26,631.26,0.299,0.278,0.000,0.000,0.110
askarovo,biyagoda_west,field,0.0,12.0,-10.0,1.5,632.76,631.26,0.338,0.315,0.000,0.000,0.124
askarovo,biyagoda_west,field,0.0,12.0,-10.0,2.0,633.26,631.26,0.367,0.342,0.000,0.000,0.134
askarovo,biyagoda_west,field,0.0,12.0,-10.0,3.0,634.26,631.26,0.409,0.381,0.000,0.000,0.149
askarovo,biyagoda_west,field,0.0,12.0,-10.0,5.0,636.26,631.26,0.465,0.433,0.000,0.000,0.168
askarovo,biyagoda_west,field,0.0,12.0,-10.0,10.0,641.26,631.26,0.551,0.515,0.000,0.000,0.198
askarovo,biyagoda_west,field,0.0,12.0,-10.0,30.0,661.26,631.26,0.794,0.748,0.000,0.000,0.266
askarovo,biyagoda_west,field,0.0,12.0,-10.0,50.0,681.26,631.26,0.821,0.774,0.000,0.000,0.274
askarovo,biyagoda_west,field,0.0,12.0,-10.0,100.0,731.26,631.26,0.788,0.738,0.000,0.000,0.275
askarovo,biyagoda_west,field,0.0,12.0,-10.0,200.0,831.26,631.26,0.704,0.651,0.000,0.000,0.267
askarovo,biyagoda_west,field,0.0,12.0,-10.0,300.0,931.26,631.26,0.630,0.576,0.000,0.000,0.256
askarovo,biyagoda_west,field,0.0,12.0,0.0,1.0,636.37,635.37,0.329,0.308,0.000,0.000,0.115
askarovo,biyagoda_west,field,0.0,12.0,0.0,1.5,636.87,635.37,0.362,0.340,0.000,0.000,0.126
askarovo,biyagoda_west,field,0.0,12.0,0.0,2.0,637.37,635.37,0.388,0.364,0.000,0.000,0.134
askarovo,biyagoda_west,field,0.0,12.0,0.0,3.0,638.37,635.37,0.427,0.401,0.000,0.000,0.147
askarovo,biyagoda_west,field,0.0,12.0,0.0,5.0,640.37,635.37,0.481,0.452,0.000,0.000,0.165
askarovo,biyagoda_west,field,0.0,12.0,0.0,10.0,645.37,635.37,0.574,0.541,0.000,0.000,0.194
askarovo,biyagoda_west,field,0.0,12.0,0.0,30.0,665.37,635.37,0.821,0.777,0.000,0.000,0.265
askarovo,biyagoda_west,field,0.0,12.0,0.0,50.0,685.37,635.37,0.827,0.781,0.000,0.000,0.272
askarovo,biyagoda_west,field,0.0,12.0,0.0,100.0,735.37,635.37,0.785,0.736,0.000,0.000,0.274
askarovo,biyagoda_west,field,0.0,12.0,0.0,200.0,835.37,635.37,0.699,0.647,0.000,0.000,0.266
askarovo,biyagoda_west,field,0.0,12.0,0.0,300.0,935.37,635.37,0.626,0.571,0.000,0.000,0.256
askarovo,biyagoda_west,field,0.0,12.0,100.0,1.0,637.81,636.81,0.269,0.247,0.000,0.000,0.106
askarovo,biyagoda_west,field,0.0,12.0,100.0,1.5,638.31,636.81,0.301,0.276,0.000,0.000,0.119
askarovo,biyagoda_west,field,0.0,12.0,100.0,2.0,638.81,636.81,0.325,0.299,0.000,0.000,0.128
askarovo,biyagoda_west,field,0.0,12.0,100.0,3.0,639.81,636.81,0.361,0.332,0.000,0.000,0.142
askarovo,biyagoda_west,field,0.0,12.0,100.0,5.0,641.81,636.81,0.413,0.380,0.000,0.000,0.161
askarovo,biyagoda_west,field,0.0,12.0,100.0,10.0,646.81,636.81,0.517,0.480,0.000,0.000,0.192
askarovo,biyagoda_west,field,0.0,12.0,100.0,30.0,666.81,636.81,0.770,0.724,0.000,0.000,0.261
askarovo,biyagoda_west,field,0.0,12.0,100.0,50.0,686.81,636.81,0.777,0.729,0.000,0.000,0.267
askarovo,biyagoda_west,field,0.0,12.0,100.0,100.0,736.81,636.81,0.746,0.695,0.000,0.000,0.271
askarovo,biyagoda_west,field,0.0,12.0,100.0,200.0,836.81,636.81,0.670,0.616,0.000,0.000,0.264
askarovo,biyagoda_west,field,0.0,12.0,100.0,300.0,936.81,636.81,0.601,0.544,0.000,0.000,0.254
askarovo,biyagoda_west,field,0.0,12.0,300.0,1.0,561.70,560.70,0.094,0.072,0.000,0.000,0.061
askarovo,biyagoda_west,field,0.0,12.0,300.0,1.5,562.20,560.70,0.118,0.090,0.000,0.000,0.076
askarovo,biyagoda_west,field,0.0,12.0,300.0,2.0,562.70,560.70,0.133,0.102,0.000,0.000,0.086
askarovo,biyagoda_west,field,0.0,12.0,300.0,3.0,563.70,560.70,0.151,0.117,0.000,0.000,0.096
askarovo,biyagoda_west,field,0.0,12.0,300.0,5.0,565.70,560.70,0.175,0.139,0.000,0.000,0.106
askarovo,biyagoda_west,field,0.0,12.0,300.0,10.0,570.70,560.70,0.230,0.190,0.000,0.000,0.130
askarovo,biyagoda_west,field,0.0,12.0,300.0,30.0,590.70,560.70,0.424,0.369,0.000,0.000,0.209
askarovo,biyagoda_west,field,0.0,12.0,300.0,50.0,610.70,560.70,0.477,0.420,0.000,0.000,0.226
askarovo,biyagoda_west,field,0.0,12.0,300.0,100.0,660.70,560.70,0.552,0.494,0.000,0.000,0.246
askarovo,biyagoda_west,field,0.0,12.0,300.0,200.0,760.70,560.70,0.578,0.520,0.000,0.000,0.253
askarovo,biyagoda_west,field,0.0,12.0,300.0,300.0,860.70,560.70,0.550,0.490,0.000,0.000,0.248
askarovo,biyagoda_west,field,3.0,12.0,-3000.0,1.0,541.57,540.57,0.778,0.777,-0.017,2.188,0.043
askarovo,biyagoda_west,field,3.0,12.0,-3000.0,1.5,542.07,540.57,0.979,0.977,-0.022,2.290,0.053
askarovo,biyagoda_west,field,3.0,12.0,-3000.0,2.0,542.57,540.57,1.111,1.109,-0.025,2.366,0.060
askarovo,biyagoda_west,field,3.0,12.0,-3000.0,3.0,543.57,540.57,1.289,1.287,-0.029,2.477,0.070
askarovo,biyagoda_west,field,3.0,12.0,-3000.0,5.0,545.57,540.57,1.504,1.502,-0.034,2.626,0.081
askarovo,biyagoda_west,field,3.0,12.0,-3000.0,10.0,550.57,540.57,1.786,1.784,-0.041,2.847,0.097
askarovo,biyagoda_west,field,3.0,12.0,-3000.0,30.0,570.57,540.57,2.365,2.360,-0.052,3.261,0.159
askarovo,biyagoda_west,field,3.0,12.0,-3000.0,50.0,590.57,540.57,2.858,2.847,-0.074,3.496,0.246
askarovo,biyagoda_west,field,3.0,12.0,-3000.0,100.0,640.57,540.57,3.779,3.757,-0.118,3.895,0.403
askarovo,biyagoda_west,field,3.0,12.0,-3000.0,200.0,740.57,540.57,4.432,4.406,-0.119,4.461,0.475
askarovo,biyagoda_west,field,3.0,12.0,-3000.0,300.0,840.57,540.57,4.666,4.641,-0.103,4.732,0.479
askarovo,biyagoda_west,field,3.0,12.0,-1000.0,1.0,465.68,464.68,1.149,1.144,-0.003,2.082,0.102
askarovo,biyagoda_west,field,3.0,12.0,-1000.0,1.5,466.18,464.68,1.351,1.346,-0.004,2.179,0.120
askarovo,biyagoda_west,field,3.0,12.0,-1000.0,2.0,466.68,464.68,1.498,1.492,-0.004,2.252,0.133
askarovo,biyagoda_west,field,3.0,12.0,-1000.0,3.0,467.68,464.68,1.708,1.702,-0.004,2.358,0.151
askarovo,biyagoda_west,field,3.0,12.0,-1000.0,5.0,469.68,464.68,1.980,1.973,-0.004,2.500,0.174
askarovo,biyagoda_west,field,3.0,12.0,-1000.0,10.0,474.68,464.68,2.370,2.361,-0.004,2.711,0.208
askarovo,biyagoda_west,field,3.0,12.0,-1000.0,30.0,494.68,464.68,2.989,2.978,-0.004,3.106,0.263
askarovo,biyagoda_west,field,3.0,12.0,-1000.0,50.0,514.68,464.68,3.210,3.197,-0.001,3.332,0.292
askarovo,biyagoda_west,field,3.0,12.0,-1000.0,100.0,564.68,464.68,3.520,3.504,0.005,3.718,0.341
askarovo,biyagoda_west,field,3.0,12.0,-1000.0,200.0,664.68,464.68,3.854,3.834,0.016,4.270,0.391
askarovo,biyagoda_west,field,3.0,12.0,-1000.0,300.0,764.68,464.68,4.071,4.050,0.030,4.540,0.414
askarovo,biyagoda_west,field,3.0,12.0,-300.0,1.0,503.94,502.94,0.494,0.456,0.090,2.135,0.191
askarovo,biyagoda_west,field,3.0,12.0,-300.0,1.5,504.44,502.94,0.582,0.537,0.106,2.235,0.225
askarovo,biyagoda_west,field,3.0,12.0,-300.0,2.0,504.94,502.94,0.645,0.595,0.117,2.309,0.249
askarovo,biyagoda_west,field,3.0,12.0,-300.0,3.0,505.94,502.94,0.733,0.676,0.133,2.418,0.283
askarovo,biyagoda_west,field,3.0,12.0,-300.0,5.0,507.94,502.94,0.843,0.778,0.153,2.564,0.325
askarovo,biyagoda_west,field,3.0,12.0,-300.0,10.0,512.94,502.94,0.999,0.921,0.181,2.780,0.385
askarovo,biyagoda_west,field,3.0,12.0,-300.0,30.0,532.94,502.94,2.384,2.275,0.306,3.184,0.713
askarovo,biyagoda_west,field,3.0,12.0,-300.0,50.0,552.94,502.94,2.958,2.860,0.324,3.415,0.756
askarovo,biyagoda_west,field,3.0,12.0,-300.0,100.0,602.94,502.94,3.468,3.403,0.311,3.807,0.669
askarovo,biyagoda_west,field,3.0,12.0,-300.0,200.0,702.94,502.94,4.031,3.986,0.283,4.366,0.602
askarovo,biyagoda_west,field,3.0,12.0,-300.0,300.0,802.94,502.94,4.325,4.289,0.234,4.637,0.559
askarovo,biyagoda_west,field,3.0,12.0,-150.0,1.0,560.82,559.82,0.764,0.728,0.152,2.214,0.232
askarovo,biyagoda_west,field,3.0,12.0,-150.0,1.5,561.32,559.82,0.906,0.864,0.181,2.318,0.274
askarovo,biyagoda_west,field,3.0,12.0,-150.0,2.0,561.82,559.82,1.006,0.959,0.202,2.395,0.304
askarovo,biyagoda_west,field,3.0,12.0,-150.0,3.0,562.82,559.82,1.144,1.091,0.230,2.507,0.345
askarovo,biyagoda_west,field,3.0,12.0,-150.0,5.0,564.82,559.82,1.305,1.246,0.257,2.658,0.387
askarovo,biyagoda_west,field,3.0,12.0,-150.0,10.0,569.82,559.82,1.602,1.533,0.307,2.882,0.463
askarovo,biyagoda_west,field,3.0,12.0,-150.0,30.0,589.82,559.82,2.664,2.571,0.508,3.300,0.699
askarovo,biyagoda_west,field,3.0,12.0,-150.0,50.0,609.82,559.82,3.278,3.193,0.586,3.538,0.738
askarovo,biyagoda_west,field,3.0,12.0,-150.0,100.0,659.82,559.82,3.979,3.921,0.535,3.940,0.679
askarovo,biyagoda_west,field,3.0,12.0,-150.0,200.0,759.82,559.82,4.472,4.431,0.343,4.509,0.603
askarovo,biyagoda_west,field,3.0,12.0,-150.0,300.0,859.82,559.82,4.618,4.585,0.229,4.781,0.554
askarovo,biyagoda_west,field,3.0,12.0,-50.0,1.0,613.83,612.83,1.241,1.228,0.149,2.288,0.180
askarovo,biyagoda_west,field,3.0,12.0,-50.0,1.5,614.33,612.83,1.428,1.413,0.171,2.395,0.207
askarovo,biyagoda_west,field,3.0,12.0,-50.0,2.0,614.83,612.83,1.565,1.549,0.186,2.474,0.227
askarovo,biyagoda_west,field,3.0,12.0,-50.0,3.0,615.83,612.83,1.763,1.744,0.209,2.591,0.256
askarovo,biyagoda_west,field,3.0,12.0,-50.0,5.0,617.83,612.83,2.017,1.996,0.238,2.747,0.293
askarovo,biyagoda_west,field,3.0,12.0,-50.0,10.0,622.83,612.83,2.379,2.354,0.279,2.977,0.342
askarovo,biyagoda_west,field,3.0,12.0,-50.0,30.0,642.83,612.83,3.702,3.653,0.470,3.408,0.597
askarovo,biyagoda_west,field,3.0,12.0,-50.0,50.0,662.83,612.83,4.274,4.230,0.546,3.652,0.616
askarovo,biyagoda_west,field,3.0,12.0,-50.0,100.0,712.83,612.83,4.660,4.623,0.428,4.063,0.589
askarovo,biyagoda_west,field,3.0,12.0,-50.0,200.0,812.83,612.83,4.754,4.721,0.240,4.643,0.562
askarovo,biyagoda_west,field,3.0,12.0,-50.0,300.0,912.83,612.83,4.760,4.731,0.163,4.915,0.527
askarovo,biyagoda_west,field,3.0,12.0,-30.0,1.0,623.54,622.54,1.518,1.505,0.135,2.302,0.200
askarovo,biyagoda_west,field,3.0,12.0,-30.0,1.5,624.04,622.54,1.724,1.709,0.153,2.409,0.226
askarovo,biyagoda_west,field,3.0,12.0,-30.0,2.0,624.54,622.54,1.876,1.860,0.167,2.489,0.246
askarovo,biyagoda_west,field,3.0,12.0,-30.0,3.0,625.54,622.54,2.098,2.080,0.187,2.606,0.274
askarovo,biyagoda_west,field,3.0,12.0,-30.0,5.0,627.54,622.54,2.386,2.366,0.212,2.763,0.311
askarovo,biyagoda_west,field,3.0,12.0,-30.0,10.0,632.54,622.54,2.790,2.767,0.248,2.995,0.361
askarovo,biyagoda_west,field,3.0,12.0,-30.0,30.0,652.54,622.54,3.898,3.859,0.417,3.428,0.550
askarovo,biyagoda_west,field,3.0,12.0,-30.0,50.0,672.54,622.54,4.442,4.403,0.496,3.673,0.584
askarovo,biyagoda_west,field,3.0,12.0,-30.0,100.0,722.54,622.54,4.752,4.717,0.380,4.086,0.576
askarovo,biyagoda_west,field,3.0,12.0,-30.0,200.0,822.54,622.54,4.787,4.755,0.215,4.667,0.555
askarovo,biyagoda_west,field,3.0,12.0,-30.0,300.0,922.54,622.54,4.777,4.749,0.150,4.939,0.522
askarovo,biyagoda_west,field,3.0,12.0,-20.0,1.0,628.01,627.01,1.549,1.537,0.164,2.308,0.191
askarovo,biyagoda_west,field,3.0,12.0,-20.0,1.5,628.51,627.01,1.746,1.733,0.181,2.416,0.212
askarovo,biyagoda_west,field,3.0,12.0,-20.0,2.0,629.01,627.01,1.892,1.879,0.194,2.496,0.228
askarovo,biyagoda_west,field,3.0,12.0,-20.0,3.0,630.01,627.01,2.108,2.092,0.212,2.613,0.251
askarovo,biyagoda_west,field,3.0,12.0,-20.0,5.0,632.01,627.01,2.392,2.375,0.237,2.770,0.281
askarovo,biyagoda_west,field,3.0,12.0,-20.0,10.0,637.01,627.01,2.808,2.789,0.274,3.003,0.326
askarovo,biyagoda_west,field,3.0,12.0,-20.0,30.0,657.01,627.01,4.074,4.039,0.448,3.437,0.537
askarovo,biyagoda_west,field,3.0,12.0,-20.0,50.0,677.01,627.01,4.538,4.502,0.480,3.682,0.571
askarovo,biyagoda_west,field,3.0,12.0,-20.0,100.0,727.01,627.01,4.789,4.755,0.351,4.096,0.569
askarovo,biyagoda_west,field,3.0,12.0,-20.0,200.0,827.01,627.01,4.799,4.767,0.201,4.678,0.552
askarovo,biyagoda_west,field,3.0,12.0,-20.0,300.0,927.01,627.01,4.784,4.755,0.143,4.951,0.519
askarovo,biyagoda_west,field,3.0,12.0,-10.0,1.0,632.26,631.26,1.528,1.517,0.190,2.314,0.183
askarovo,biyagoda_west,field,3.0,12.0,-10.0,1.5,632.76,631.26,1.731,1.720,0.207,2.422,0.201
askarovo,biyagoda_west,field,3.0,12.0,-10.0,2.0,633.26,631.26,1.881,1.869,0.219,2.502,0.215
askarovo,biyagoda_west,field,3.0,12.0,-10.0,3.0,634.26,631.26,2.100,2.087,0.237,2.620,0.234
askarovo,biyagoda_west,field,3.0,12.0,-10.0,5.0,636.26,631.26,2.394,2.380,0.261,2.777,0.259
askarovo,biyagoda_west,field,3.0,12.0,-10.0,10.0,641.26,631.26,2.854,2.838,0.299,3.011,0.304
askarovo,biyagoda_west,field,3.0,12.0,-10.0,30.0,661.26,631.26,4.274,4.241,0.469,3.446,0.530
askarovo,biyagoda_west,field,3.0,12.0,-10.0,50.0,681.26,631.26,4.631,4.597,0.451,3.691,0.556
askarovo,biyagoda_west,field,3.0,12.0,-10.0,100.0,731.26,631.26,4.819,4.786,0.318,4.106,0.563
askarovo,biyagoda_west,field,3.0,12.0,-10.0,200.0,831.26,631.26,4.808,4.776,0.188,4.689,0.548
askarovo,biyagoda_west,field,3.0,12.0,-10.0,300.0,931.26,631.26,4.789,4.761,0.136,4.961,0.517
askarovo,biyagoda_west,field,3.0,12.0,0.0,1.0,636.37,635.37,1.695,1.684,0.211,2.319,0.194
askarovo,biyagoda_west,field,3.0,12.0,0.0,1.5,636.87,635.37,1.872,1.860,0.224,2.428,0.208
askarovo,biyagoda_west,field,3.0,12.0,0.0,2.0,637.37,635.37,2.008,1.996,0.234,2.508,0.218
askarovo,biyagoda_west,field,3.0,12.0,0.0,3.0,638.37,635.37,2.217,2.205,0.249,2.626,0.234
askarovo,biyagoda_west,field,3.0,12.0,0.0,5.0,640.37,635.37,2.511,2.497,0.270,2.784,0.256
askarovo,biyagoda_west,field,3.0,12.0,0.0,10.0,645.37,635.37,3.014,2.999,0.307,3.018,0.305
askarovo,biyagoda_west,field,3.0,12.0,0.0,30.0,665.37,635.37,4.461,4.430,0.457,3.454,0.525
askarovo,biyagoda_west,field,3.0,12.0,0.0,50.0,685.37,635.37,4.715,4.684,0.408,3.700,0.542
askarovo,biyagoda_west,field,3.0,12.0,0.0,100.0,735.37,635.37,4.846,4.813,0.286,4.116,0.557
askarovo,biyagoda_west,field,3.0,12.0,0.0,200.0,835.37,635.37,4.816,4.785,0.175,4.700,0.545
askarovo,biyagoda_west,field,3.0,12.0,0.0,300.0,935.37,635.37,4.794,4.766,0.129,4.972,0.514
askarovo,biyagoda_west,field,3.0,12.0,100.0,1.0,637.81,636.81,1.265,1.251,-0.046,2.321,0.188
askarovo,biyagoda_west,field,3.0,12.0,100.0,1.5,638.31,636.81,1.417,1.401,-0.051,2.430,0.210
askarovo,biyagoda_west,field,3.0,12.0,100.0,2.0,638.81,636.81,1.533,1.516,-0.055,2.510,0.227
askarovo,biyagoda_west,field,3.0,12.0,100.0,3.0,639.81,636.81,1.706,1.687,-0.061,2.629,0.252
askarovo,biyagoda_west,field,3.0,12.0,100.0,5.0,641.81,636.81,1.966,1.945,-0.068,2.787,0.285
askarovo,biyagoda_west,field,3.0,12.0,100.0,10.0,646.81,636.81,2.584,2.561,-0.074,3.021,0.344
askarovo,biyagoda_west,field,3.0,12.0,100.0,30.0,666.81,636.81,4.324,4.296,-0.093,3.457,0.486
askarovo,biyagoda_west,field,3.0,12.0,100.0,50.0,686.81,636.81,4.638,4.610,-0.042,3.703,0.505
askarovo,biyagoda_west,field,3.0,12.0,100.0,100.0,736.81,636.81,4.830,4.801,0.031,4.119,0.525
askarovo,biyagoda_west,field,3.0,12.0,100.0,200.0,836.81,636.81,4.837,4.809,0.071,4.703,0.521
askarovo,biyagoda_west,field,3.0,12.0,100.0,300.0,936.81,636.81,4.817,4.791,0.074,4.975,0.499
askarovo,biyagoda_west,field,3.0,12.0,300.0,1.0,561.70,560.70,0.062,0.057,0.005,2.216,0.026
askarovo,biyagoda_west,field,3.0,12.0,300.0,1.5,562.20,560.70,0.106,0.101,0.006,2.319,0.033
askarovo,biyagoda_west,field,3.0,12.0,300.0,2.0,562.70,560.70,0.136,0.131,0.007,2.396,0.037
askarovo,biyagoda_west,field,3.0,12.0,300.0,3.0,563.70,560.70,0.184,0.179,0.006,2.509,0.042
askarovo,biyagoda_west,field,3.0,12.0,300.0,5.0,565.70,560.70,0.278,0.274,0.002,2.660,0.050
askarovo,biyagoda_west,field,3.0,12.0,300.0,10.0,570.70,560.70,0.506,0.501,-0.007,2.884,0.068
askarovo,biyagoda_west,field,3.0,12.0,300.0,30.0,590.70,560.70,1.390,1.382,-0.048,3.302,0.146
askarovo,biyagoda_west,field,3.0,12.0,300.0,50.0,610.70,560.70,2.133,2.117,-0.123,3.539,0.257
askarovo,biyagoda_west,field,3.0,12.0,300.0,100.0,660.70,560.70,3.522,3.495,-0.186,3.942,0.427
askarovo,biyagoda_west,field,3.0,12.0,300.0,200.0,760.70,560.70,4.436,4.410,-0.103,4.512,0.481
askarovo,biyagoda_west,field,3.0,12.0,300.0,300.0,860.70,560.70,4.657,4.633,-0.040,4.783,0.478
askarovo,biyagoda_west,field,6.0,12.0,-3000.0,1.0,541.57,540.57,0.737,0.736,-0.046,3.258,-0.014
askarovo,biyagoda_west,field,6.0,12.0,-3000.0,1.5,542.07,540.57,1.093,1.093,-0.058,3.592,-0.019
askarovo,biyagoda_west,field,6.0,12.0,-3000.0,2.0,542.57,540.57,1.329,1.329,-0.066,3.851,-0.022
askarovo,biyagoda_west,field,6.0,12.0,-3000.0,3.0,543.57,540.57,1.650,1.650,-0.077,4.247,-0.026
askarovo,biyagoda_west,field,6.0,12.0,-3000.0,5.0,545.57,540.57,2.048,2.048,-0.090,4.807,-0.031
askarovo,biyagoda_west,field,6.0,12.0,-3000.0,10.0,550.57,540.57,2.598,2.598,-0.106,5.695,-0.035
askarovo,biyagoda_west,field,6.0,12.0,-3000.0,30.0,570.57,540.57,3.897,3.897,-0.138,7.507,0.004
askarovo,biyagoda_west,field,6.0,12.0,-3000.0,50.0,590.57,540.57,5.212,5.211,-0.196,8.592,0.079
askarovo,biyagoda_west,field,6.0,12.0,-3000.0,100.0,640.57,540.57,7.701,7.698,-0.320,10.459,0.221
askarovo,biyagoda_west,field,6.0,12.0,-3000.0,200.0,740.57,540.57,9.762,9.758,-0.338,13.091,0.288
askarovo,biyagoda_west,field,6.0,12.0,-3000.0,300.0,840.57,540.57,10.580,10.576,-0.306,15.244,0.293
askarovo,biyagoda_west,field,6.0,12.0,-1000.0,1.0,465.68,464.68,1.964,1.963,-0.006,3.101,-0.067
askarovo,biyagoda_west,field,6.0,12.0,-1000.0,1.5,466.18,464.68,2.311,2.310,-0.006,3.419,-0.079
askarovo,biyagoda_west,field,6.0,12.0,-1000.0,2.0,466.68,464.68,2.563,2.561,-0.007,3.665,-0.088
askarovo,biyagoda_west,field,6.0,12.0,-1000.0,3.0,467.68,464.68,2.923,2.922,-0.007,4.042,-0.101
askarovo,biyagoda_west,field,6.0,12.0,-1000.0,5.0,469.68,464.68,3.390,3.388,-0.007,4.575,-0.118
askarovo,biyagoda_west,field,6.0,12.0,-1000.0,10.0,474.68,464.68,4.061,4.059,-0.008,5.422,-0.142
askarovo,biyagoda_west,field,6.0,12.0,-1000.0,30.0,494.68,464.68,5.228,5.226,-0.008,7.151,-0.156
askarovo,biyagoda_west,field,6.0,12.0,-1000.0,50.0,514.68,464.68,5.866,5.865,-0.003,8.190,-0.106
askarovo,biyagoda_west,field,6.0,12.0,-1000.0,100.0,564.68,464.68,6.930,6.930,0.007,9.985,0.020
askarovo,biyagoda_west,field,6.0,12.0,-1000.0,200.0,664.68,464.68,8.253,8.252,0.034,12.531,0.161
askarovo,biyagoda_west,field,6.0,12.0,-1000.0,300.0,764.68,464.68,9.175,9.172,0.063,14.626,0.231
askarovo,biyagoda_west,field,6.0,12.0,-300.0,1.0,503.94,502.94,0.879,0.864,0.236,3.180,0.165
askarovo,biyagoda_west,field,6.0,12.0,-300.0,1.5,504.44,502.94,1.037,1.019,0.278,3.507,0.194
askarovo,biyagoda_west,field,6.0,12.0,-300.0,2.0,504.94,502.94,1.148,1.128,0.308,3.758,0.215
askarovo,biyagoda_west,field,6.0,12.0,-300.0,3.0,505.94,502.94,1.304,1.281,0.349,4.145,0.244
askarovo,biyagoda_west,field,6.0,12.0,-300.0,5.0,507.94,502.94,1.501,1.474,0.402,4.692,0.281
askarovo,biyagoda_west,field,6.0,12.0,-300.0,10.0,512.94,502.94,1.779,1.747,0.473,5.559,0.336
askarovo,biyagoda_west,field,6.0,12.0,-300.0,30.0,532.94,502.94,4.362,4.277,0.803,7.330,0.860
askarovo,biyagoda_west,field,6.0,12.0,-300.0,50.0,552.94,502.94,5.563,5.490,0.856,8.392,0.900
askarovo,biyagoda_west,field,6.0,12.0,-300.0,100.0,602.94,502.94,6.945,6.909,0.845,10.224,0.704
askarovo,biyagoda_west,field,6.0,12.0,-300.0,200.0,702.94,502.94,8.671,8.652,0.801,12.813,0.578
askarovo,biyagoda_west,field,6.0,12.0,-300.0,300.0,802.94,502.94,9.738,9.724,0.666,14.937,0.515
askarovo,biyagoda_west,field,6.0,12.0,-150.0,1.0,560.82,559.82,1.429,1.400,0.415,3.298,0.288
askarovo,biyagoda_west,field,6.0,12.0,-150.0,1.5,561.32,559.82,1.696,1.662,0.495,3.636,0.340
askarovo,biyagoda_west,field,6.0,12.0,-150.0,2.0,561.82,559.82,1.883,1.845,0.550,3.898,0.376
askarovo,biyagoda_west,field,6.0,12.0,-150.0,3.0,562.82,559.82,2.142,2.099,0.628,4.299,0.427
askarovo,biyagoda_west,field,6.0,12.0,-150.0,5.0,564.82,559.82,2.452,2.407,0.702,4.865,0.471
askarovo,biyagoda_west,field,6.0,12.0,-150.0,10.0,569.82,559.82,3.029,2.978,0.839,5.764,0.551
askarovo,biyagoda_west,field,6.0,12.0,-150.0,30.0,589.82,559.82,5.136,5.068,1.391,7.597,0.836
askarovo,biyagoda_west,field,6.0,12.0,-150.0,50.0,609.82,559.82,6.475,6.415,1.614,8.694,0.877
askarovo,biyagoda_west,field,6.0,12.0,-150.0,100.0,659.82,559.82,8.245,8.213,1.496,10.580,0.727
askarovo,biyagoda_west,field,6.0,12.0,-150.0,200.0,759.82,559.82,9.804,9.787,0.977,13.233,0.584
askarovo,biyagoda_west,field,6.0,12.0,-150.0,300.0,859.82,559.82,10.543,10.530,0.650,15.400,0.515
askarovo,biyagoda_west,field,6.0,12.0,-50.0,1.0,613.83,612.83,2.513,2.511,0.421,3.408,0.095
askarovo,biyagoda_west,field,6.0,12.0,-50.0,1.5,614.33,612.83,2.892,2.890,0.483,3.757,0.110
askarovo,biyagoda_west,field,6.0,12.0,-50.0,2.0,614.83,612.83,3.170,3.168,0.527,4.027,0.121
askarovo,biyagoda_west,field,6.0,12.0,-50.0,3.0,615.83,612.83,3.570,3.568,0.591,4.442,0.137
askarovo,biyagoda_west,field,6.0,12.0,-50.0,5.0,617.83,612.83,4.085,4.082,0.674,5.027,0.158
askarovo,biyagoda_west,field,6.0,12.0,-50.0,10.0,622.83,612.83,4.820,4.817,0.788,5.955,0.180
askarovo,biyagoda_west,field,6.0,12.0,-50.0,30.0,642.83,612.83,7.521,7.497,1.329,7.845,0.590
askarovo,biyagoda_west,field,6.0,12.0,-50.0,50.0,662.83,612.83,8.820,8.799,1.546,8.974,0.610
askarovo,biyagoda_west,field,6.0,12.0,-50.0,100.0,712.83,612.83,9.948,9.933,1.217,10.911,0.542
askarovo,biyagoda_west,field,6.0,12.0,-50.0,200.0,812.83,612.83,10.622,10.610,0.683,13.625,0.512
askarovo,biyagoda_west,field,6.0,12.0,-50.0,300.0,912.83,612.83,11.035,11.025,0.457,15.832,0.474
askarovo,biyagoda_west,field,6.0,12.0,-30.0,1.0,623.54,622.54,3.086,3.085,0.383,3.428,0.094
askarovo,biyagoda_west,field,6.0,12.0,-30.0,1.5,624.04,622.54,3.504,3.503,0.435,3.780,0.105
askarovo,biyagoda_west,field,6.0,12.0,-30.0,2.0,624.54,622.54,3.814,3.813,0.474,4.051,0.113
askarovo,biyagoda_west,field,6.0,12.0,-30.0,3.0,625.54,622.54,4.266,4.264,0.530,4.468,0.125
askarovo,biyagoda_west,field,6.0,12.0,-30.0,5.0,627.54,622.54,4.852,4.850,0.603,5.057,0.140
askarovo,biyagoda_west,field,6.0,12.0,-30.0,10.0,632.54,622.54,5.675,5.673,0.705,5.990,0.159
askarovo,biyagoda_west,field,6.0,12.0,-30.0,30.0,652.54,622.54,7.979,7.965,1.185,7.891,0.475
askarovo,biyagoda_west,field,6.0,12.0,-30.0,50.0,672.54,622.54,9.225,9.210,1.411,9.026,0.537
askarovo,biyagoda_west,field,6.0,12.0,-30.0,100.0,722.54,622.54,10.193,10.180,1.083,10.972,0.516
askarovo,biyagoda_west,field,6.0,12.0,-30.0,200.0,822.54,622.54,10.732,10.721,0.612,13.697,0.501
askarovo,biyagoda_west,field,6.0,12.0,-30.0,300.0,922.54,622.54,11.106,11.097,0.418,15.911,0.467
askarovo,biyagoda_west,field,6.0,12.0,-20.0,1.0,628.01,627.01,3.153,3.152,0.466,3.437,0.075
askarovo,biyagoda_west,field,6.0,12.0,-20.0,1.5,628.51,627.01,3.555,3.554,0.514,3.790,0.078
askarovo,biyagoda_west,field,6.0,12.0,-20.0,2.0,629.01,627.01,3.854,3.853,0.551,4.062,0.080
askarovo,biyagoda_west,field,6.0,12.0,-20.0,3.0,630.01,627.01,4.294,4.293,0.604,4.480,0.083
askarovo,biyagoda_west,field,6.0,12.0,-20.0,5.0,632.01,627.01,4.876,4.875,0.675,5.070,0.087
askarovo,biyagoda_west,field,6.0,12.0,-20.0,10.0,637.01,627.01,5.727,5.727,0.778,6.006,0.096
askarovo,biyagoda_west,field,6.0,12.0,-20.0,30.0,657.01,627.01,8.361,8.349,1.275,7.912,0.454
askarovo,biyagoda_west,field,6.0,12.0,-20.0,50.0,677.01,627.01,9.453,9.439,1.367,9.049,0.514
askarovo,biyagoda_west,field,6.0,12.0,-20.0,100.0,727.01,627.01,10.295,10.282,1.000,11.000,0.504
askarovo,biyagoda_west,field,6.0,12.0,-20.0,200.0,827.01,627.01,10.776,10.764,0.573,13.730,0.495
askarovo,biyagoda_west,field,6.0,12.0,-20.0,300.0,927.01,627.01,11.136,11.127,0.397,15.948,0.463
askarovo,biyagoda_west,field,6.0,12.0,-10.0,1.0,632.26,631.26,3.107,3.107,0.541,3.446,0.077
askarovo,biyagoda_west,field,6.0,12.0,-10.0,1.5,632.76,631.26,3.526,3.525,0.588,3.800,0.074
askarovo,biyagoda_west,field,6.0,12.0,-10.0,2.0,633.26,631.26,3.833,3.832,0.624,4.072,0.072
askarovo,biyagoda_west,field,6.0,12.0,-10.0,3.0,634.26,631.26,4.283,4.283,0.675,4.491,0.069
askarovo,biyagoda_west,field,6.0,12.0,-10.0,5.0,636.26,631.26,4.887,4.886,0.744,5.083,0.065
askarovo,biyagoda_west,field,6.0,12.0,-10.0,10.0,641.26,631.26,5.834,5.833,0.853,6.021,0.078
askarovo,biyagoda_west,field,6.0,12.0,-10.0,30.0,661.26,631.26,8.786,8.775,1.335,7.931,0.448
askarovo,biyagoda_west,field,6.0,12.0,-10.0,50.0,681.26,631.26,9.670,9.658,1.285,9.072,0.487
askarovo,biyagoda_west,field,6.0,12.0,-10.0,100.0,731.26,631.26,10.383,10.371,0.908,11.027,0.492
askarovo,biyagoda_west,field,6.0,12.0,-10.0,200.0,831.26,631.26,10.814,10.803,0.534,13.761,0.489
askarovo,biyagoda_west,field,6.0,12.0,-10.0,300.0,931.26,631.26,11.163,11.154,0.377,15.982,0.458
askarovo,biyagoda_west,field,6.0,12.0,0.0,1.0,636.37,635.37,3.450,3.449,0.602,3.455,0.089
askarovo,biyagoda_west,field,6.0,12.0,0.0,1.5,636.87,635.37,3.814,3.813,0.638,3.809,0.084
askarovo,biyagoda_west,field,6.0,12.0,0.0,2.0,637.37,635.37,4.095,4.094,0.666,4.082,0.081
askarovo,biyagoda_west,field,6.0,12.0,0.0,3.0,638.37,635.37,4.525,4.525,0.708,4.502,0.077
askarovo,biyagoda_west,field,6.0,12.0,0.0,5.0,640.37,635.37,5.131,5.130,0.770,5.096,0.071
askarovo,biyagoda_west,field,6.0,12.0,0.0,10.0,645.37,635.37,6.168,6.167,0.876,6.036,0.098
askarovo,biyagoda_west,field,6.0,12.0,0.0,30.0,665.37,635.37,9.185,9.174,1.301,7.951,0.444
askarovo,biyagoda_west,field,6.0,12.0,0.0,50.0,685.37,635.37,9.874,9.863,1.163,9.094,0.460
askarovo,biyagoda_west,field,6.0,12.0,0.0,100.0,735.37,635.37,10.462,10.451,0.817,11.052,0.482
askarovo,biyagoda_west,field,6.0,12.0,0.0,200.0,835.37,635.37,10.849,10.838,0.497,13.792,0.483
askarovo,biyagoda_west,field,6.0,12.0,0.0,300.0,935.37,635.37,11.189,11.180,0.358,16.016,0.454
askarovo,biyagoda_west,field,6.0,12.0,100.0,1.0,637.81,636.81,2.448,2.439,-0.135,3.458,0.206
askarovo,biyagoda_west,field,6.0,12.0,100.0,1.5,638.31,636.81,2.745,2.735,-0.150,3.812,0.231
askarovo,biyagoda_west,field,6.0,12.0,100.0,2.0,638.81,636.81,2.971,2.961,-0.162,4.086,0.249
askarovo,biyagoda_west,field,6.0,12.0,100.0,3.0,639.81,636.81,3.309,3.298,-0.179,4.506,0.276
askarovo,biyagoda_west,field,6.0,12.0,100.0,5.0,641.81,636.81,3.825,3.813,-0.198,5.100,0.307
askarovo,biyagoda_west,field,6.0,12.0,100.0,10.0,646.81,636.81,5.100,5.088,-0.217,6.041,0.351
askarovo,biyagoda_west,field,6.0,12.0,100.0,30.0,666.81,636.81,8.838,8.828,-0.269,7.958,0.423
askarovo,biyagoda_west,field,6.0,12.0,100.0,50.0,686.81,636.81,9.733,9.725,-0.115,9.101,0.415
askarovo,biyagoda_west,field,6.0,12.0,100.0,100.0,736.81,636.81,10.484,10.476,0.094,11.061,0.425
askarovo,biyagoda_west,field,6.0,12.0,100.0,200.0,836.81,636.81,10.927,10.918,0.200,13.802,0.438
askarovo,biyagoda_west,field,6.0,12.0,100.0,300.0,936.81,636.81,11.252,11.244,0.200,16.027,0.425
askarovo,biyagoda_west,field,6.0,12.0,300.0,1.0,561.70,560.70,1.072,-1.066,0.071,3.300,-0.107
askarovo,biyagoda_west,field,6.0,12.0,300.0,1.5,562.20,560.70,1.055,-1.046,0.089,3.638,-0.134
askarovo,biyagoda_west,field,6.0,12.0,300.0,2.0,562.70,560.70,1.038,-1.027,0.101,3.900,-0.152
askarovo,biyagoda_west,field,6.0,12.0,300.0,3.0,563.70,560.70,0.976,-0.962,0.107,4.301,-0.165
askarovo,biyagoda_west,field,6.0,12.0,300.0,5.0,565.70,560.70,0.802,-0.785,0.100,4.868,-0.162
askarovo,biyagoda_west,field,6.0,12.0,300.0,10.0,570.70,560.70,0.401,-0.370,0.083,5.767,-0.154
askarovo,biyagoda_west,field,6.0,12.0,300.0,30.0,590.70,560.70,1.225,1.222,-0.011,7.601,-0.093
askarovo,biyagoda_west,field,6.0,12.0,300.0,50.0,610.70,560.70,3.238,3.237,-0.265,8.698,0.084
askarovo,biyagoda_west,field,6.0,12.0,300.0,100.0,660.70,560.70,7.374,7.366,-0.477,10.585,0.341
askarovo,biyagoda_west,field,6.0,12.0,300.0,200.0,760.70,560.70,9.971,9.965,-0.274,13.240,0.362
askarovo,biyagoda_west,field,6.0,12.0,300.0,300.0,860.70,560.70,10.740,10.734,-0.118,15.408,0.363
askarovo,biyagoda_west,field,10.0,12.0,-3000.0,1.0,541.57,540.57,0.471,0.469,-0.082,5.431,-0.039
askarovo,biyagoda_west,field,10.0,12.0,-3000.0,1.5,542.07,540.57,0.987,0.986,-0.103,5.987,-0.051
askarovo,biyagoda_west,field,10.0,12.0,-3000.0,2.0,542.57,540.57,1.332,1.331,-0.118,6.418,-0.059
askarovo,biyagoda_west,field,10.0,12.0,-3000.0,3.0,543.57,540.57,1.808,1.806,-0.137,7.078,-0.069
askarovo,biyagoda_west,field,10.0,12.0,-3000.0,5.0,545.57,540.57,2.409,2.407,-0.160,8.011,-0.082
askarovo,biyagoda_west,field,10.0,12.0,-3000.0,10.0,550.57,540.57,3.268,3.267,-0.190,9.491,-0.094
askarovo,biyagoda_west,field,10.0,12.0,-3000.0,30.0,570.57,540.57,5.382,5.381,-0.247,12.511,-0.049
askarovo,biyagoda_west,field,10.0,12.0,-3000.0,50.0,590.57,540.57,7.783,7.783,-0.349,14.319,0.063
askarovo,biyagoda_west,field,10.0,12.0,-3000.0,100.0,640.57,540.57,12.589,12.586,-0.571,17.432,0.284
askarovo,biyagoda_west,field,10.0,12.0,-3000.0,200.0,740.57,540.57,16.875,16.871,-0.603,21.819,0.384
askarovo,biyagoda_west,field,10.0,12.0,-3000.0,300.0,840.57,540.57,18.710,18.706,-0.540,25.406,0.392
askarovo,biyagoda_west,field,10.0,12.0,-1000.0,1.0,465.68,464.68,2.731,2.728,-0.011,5.169,-0.137
askarovo,biyagoda_west,field,10.0,12.0,-1000.0,1.5,466.18,464.68,3.214,3.210,-0.012,5.699,-0.162
askarovo,biyagoda_west,field,10.0,12.0,-1000.0,2.0,466.68,464.68,3.564,3.560,-0.013,6.108,-0.180
askarovo,biyagoda_west,field,10.0,12.0,-1000.0,3.0,467.68,464.68,4.067,4.061,-0.013,6.737,-0.206
askarovo,biyagoda_west,field,10.0,12.0,-1000.0,5.0,469.68,464.68,4.717,4.711,-0.014,7.626,-0.239
askarovo,biyagoda_west,field,10.0,12.0,-1000.0,10.0,474.68,464.68,5.652,5.644,-0.015,9.036,-0.288
askarovo,biyagoda_west,field,10.0,12.0,-1000.0,30.0,494.68,464.68,7.392,7.385,-0.015,11.918,-0.328
askarovo,biyagoda_west,field,10.0,12.0,-1000.0,50.0,514.68,464.68,8.581,8.577,-0.007,13.649,-0.250
askarovo,biyagoda_west,field,10.0,12.0,-1000.0,100.0,564.68,464.68,10.846,10.846,0.013,16.641,-0.041
askarovo,biyagoda_west,field,10.0,12.0,-1000.0,200.0,664.68,464.68,13.934,13.933,0.062,20.884,0.192
askarovo,biyagoda_west,field,10.0,12.0,-1000.0,300.0,764.68,464.68,16.121,16.119,0.114,24.376,0.302
askarovo,biyagoda_west,field,10.0,12.0,-300.0,1.0,503.94,502.94,1.290,1.256,0.422,5.301,0.292
askarovo,biyagoda_west,field,10.0,12.0,-300.0,1.5,504.44,502.94,1.521,1.481,0.498,5.844,0.345
askarovo,biyagoda_west,field,10.0,12.0,-300.0,2.0,504.94,502.94,1.684,1.640,0.551,6.264,0.382
askarovo,biyagoda_west,field,10.0,12.0,-300.0,3.0,505.94,502.94,1.913,1.864,0.626,6.909,0.434
askarovo,biyagoda_west,field,10.0,12.0,-300.0,5.0,507.94,502.94,2.201,2.144,0.720,7.820,0.499
askarovo,biyagoda_west,field,10.0,12.0,-300.0,10.0,512.94,502.94,2.611,2.542,0.848,9.265,0.595
askarovo,biyagoda_west,field,10.0,12.0,-300.0,30.0,532.94,502.94,6.579,6.437,1.440,12.217,1.359
askarovo,biyagoda_west,field,10.0,12.0,-300.0,50.0,552.94,502.94,8.542,8.427,1.540,13.987,1.395
askarovo,biyagoda_west,field,10.0,12.0,-300.0,100.0,602.94,502.94,11.142,11.091,1.531,17.040,1.056
askarovo,biyagoda_west,field,10.0,12.0,-300.0,200.0,702.94,502.94,14.719,14.695,1.462,21.355,0.843
askarovo,biyagoda_west,field,10.0,12.0,-300.0,300.0,802.94,502.94,17.094,17.078,1.215,24.895,0.740
askarovo,biyagoda_west,field,10.0,12.0,-150.0,1.0,560.82,559.82,2.226,2.179,0.755,5.497,0.456
askarovo,biyagoda_west,field,10.0,12.0,-150.0,1.5,561.32,559.82,2.642,2.587,0.900,6.061,0.539
askarovo,biyagoda_west,field,10.0,12.0,-150.0,2.0,561.82,559.82,2.933,2.872,1.002,6.496,0.596
askarovo,biyagoda_west,field,10.0,12.0,-150.0,3.0,562.82,559.82,3.338,3.268,1.143,7.164,0.677
askarovo,biyagoda_west,field,10.0,12.0,-150.0,5.0,564.82,559.82,3.825,3.751,1.277,8.109,0.745
askarovo,biyagoda_west,field,10.0,12.0,-150.0,10.0,569.82,559.82,4.734,4.654,1.526,9.607,0.868
askarovo,biyagoda_west,field,10.0,12.0,-150.0,30.0,589.82,559.82,8.103,7.996,2.531,12.661,1.311
askarovo,biyagoda_west,field,10.0,12.0,-150.0,50.0,609.82,559.82,10.338,10.248,2.936,14.489,1.364
askarovo,biyagoda_west,field,10.0,12.0,-150.0,100.0,659.82,559.82,13.568,13.523,2.726,17.633,1.097
askarovo,biyagoda_west,field,10.0,12.0,-150.0,200.0,759.82,559.82,16.853,16.832,1.783,22.056,0.853
askarovo,biyagoda_west,field,10.0,12.0,-150.0,300.0,859.82,559.82,18.658,18.643,1.184,25.667,0.737
askarovo,biyagoda_west,field,10.0,12.0,-50.0,1.0,613.83,612.83,4.059,4.057,0.770,5.680,0.128
askarovo,biyagoda_west,field,10.0,12.0,-50.0,1.5,614.33,612.83,4.672,4.670,0.882,6.262,0.149
askarovo,biyagoda_west,field,10.0,12.0,-50.0,2.0,614.83,612.83,5.121,5.119,0.963,6.712,0.164
askarovo,biyagoda_west,field,10.0,12.0,-50.0,3.0,615.83,612.83,5.768,5.765,1.081,7.403,0.186
askarovo,biyagoda_west,field,10.0,12.0,-50.0,5.0,617.83,612.83,6.601,6.597,1.232,8.378,0.214
askarovo,biyagoda_west,field,10.0,12.0,-50.0,10.0,622.83,612.83,7.789,7.785,1.440,9.925,0.242
askarovo,biyagoda_west,field,10.0,12.0,-50.0,30.0,642.83,612.83,12.212,12.179,2.428,13.075,0.892
askarovo,biyagoda_west,field,10.0,12.0,-50.0,50.0,662.83,612.83,14.445,14.416,2.825,14.957,0.916
askarovo,biyagoda_west,field,10.0,12.0,-50.0,100.0,712.83,612.83,16.688,16.669,2.224,18.186,0.793
askarovo,biyagoda_west,field,10.0,12.0,-50.0,200.0,812.83,612.83,18.483,18.469,1.247,22.709,0.735
askarovo,biyagoda_west,field,10.0,12.0,-50.0,300.0,912.83,612.83,19.702,19.691,0.832,26.387,0.668
askarovo,biyagoda_west,field,10.0,12.0,-30.0,1.0,623.54,622.54,5.004,5.002,0.700,5.714,0.118
askarovo,biyagoda_west,field,10.0,12.0,-30.0,1.5,624.04,622.54,5.682,5.680,0.795,6.299,0.131
askarovo,biyagoda_west,field,10.0,12.0,-30.0,2.0,624.54,622.54,6.184,6.183,0.866,6.752,0.141
askarovo,biyagoda_west,field,10.0,12.0,-30.0,3.0,625.54,622.54,6.916,6.914,0.969,7.446,0.156
askarovo,biyagoda_west,field,10.0,12.0,-30.0,5.0,627.54,622.54,7.867,7.865,1.102,8.428,0.174
askarovo,biyagoda_west,field,10.0,12.0,-30.0,10.0,632.54,622.54,9.201,9.199,1.289,9.983,0.196
askarovo,biyagoda_west,field,10.0,12.0,-30.0,30.0,652.54,622.54,13.011,12.992,2.167,13.151,0.699
askarovo,biyagoda_west,field,10.0,12.0,-30.0,50.0,672.54,622.54,15.170,15.149,2.579,15.043,0.794
askarovo,biyagoda_west,field,10.0,12.0,-30.0,100.0,722.54,622.54,17.154,17.137,1.979,18.287,0.750
askarovo,biyagoda_west,field,10.0,12.0,-30.0,200.0,822.54,622.54,18.715,18.702,1.116,22.828,0.716
askarovo,biyagoda_west,field,10.0,12.0,-30.0,300.0,922.54,622.54,19.860,19.849,0.760,26.519,0.655
askarovo,biyagoda_west,field,10.0,12.0,-20.0,1.0,628.01,627.01,5.117,5.116,0.852,5.729,0.087
askarovo,biyagoda_west,field,10.0,12.0,-20.0,1.5,628.51,627.01,5.769,5.768,0.941,6.316,0.087
askarovo,biyagoda_west,field,10.0,12.0,-20.0,2.0,629.01,627.01,6.255,6.255,1.007,6.770,0.087
askarovo,biyagoda_west,field,10.0,12.0,-20.0,3.0,630.01,627.01,6.970,6.969,1.105,7.466,0.088
askarovo,biyagoda_west,field,10.0,12.0,-20.0,5.0,632.01,627.01,7.915,7.915,1.234,8.450,0.088
askarovo,biyagoda_west,field,10.0,12.0,-20.0,10.0,637.01,627.01,9.298,9.298,1.423,10.010,0.092
askarovo,biyagoda_west,field,10.0,12.0,-20.0,30.0,657.01,627.01,13.652,13.635,2.332,13.186,0.666
askarovo,biyagoda_west,field,10.0,12.0,-20.0,50.0,677.01,627.01,15.569,15.551,2.499,15.082,0.757
askarovo,biyagoda_west,field,10.0,12.0,-20.0,100.0,727.01,627.01,17.351,17.335,1.826,18.334,0.730
askarovo,biyagoda_west,field,10.0,12.0,-20.0,200.0,827.01,627.01,18.811,18.798,1.045,22.883,0.706
askarovo,biyagoda_west,field,10.0,12.0,-20.0,300.0,927.01,627.01,19.928,19.918,0.723,26.579,0.648
askarovo,biyagoda_west,field,10.0,12.0,-10.0,1.0,632.26,631.26,5.047,5.046,0.990,5.744,0.092
askarovo,biyagoda_west,field,10.0,12.0,-10.0,1.5,632.76,631.26,5.727,5.726,1.077,6.333,0.083
askarovo,biyagoda_west,field,10.0,12.0,-10.0,2.0,633.26,631.26,6.227,6.226,1.141,6.787,0.076
askarovo,biyagoda_west,field,10.0,12.0,-10.0,3.0,634.26,631.26,6.959,6.959,1.236,7.485,0.066
askarovo,biyagoda_west,field,10.0,12.0,-10.0,5.0,636.26,631.26,7.941,7.941,1.362,8.472,0.054
askarovo,biyagoda_west,field,10.0,12.0,-10.0,10.0,641.26,631.26,9.484,9.484,1.560,10.035,0.067
askarovo,biyagoda_west,field,10.0,12.0,-10.0,30.0,661.26,631.26,14.360,14.345,2.442,13.219,0.659
askarovo,biyagoda_west,field,10.0,12.0,-10.0,50.0,681.26,631.26,15.951,15.935,2.350,15.120,0.714
askarovo,biyagoda_west,field,10.0,12.0,-10.0,100.0,731.26,631.26,17.524,17.510,1.659,18.378,0.711
askarovo,biyagoda_west,field,10.0,12.0,-10.0,200.0,831.26,631.26,18.897,18.884,0.974,22.935,0.697
askarovo,biyagoda_west,field,10.0,12.0,-10.0,300.0,931.26,631.26,19.991,19.981,0.686,26.637,0.641
askarovo,biyagoda_west,field,10.0,12.0,0.0,1.0,636.37,635.37,5.610,5.609,1.103,5.758,0.111
askarovo,biyagoda_west,field,10.0,12.0,0.0,1.5,636.87,635.37,6.202,6.201,1.168,6.348,0.100
askarovo,biyagoda_west,field,10.0,12.0,0.0,2.0,637.37,635.37,6.660,6.659,1.219,6.804,0.092
askarovo,biyagoda_west,field,10.0,12.0,0.0,3.0,638.37,635.37,7.360,7.360,1.297,7.504,0.081
askarovo,biyagoda_west,field,10.0,12.0,0.0,5.0,640.37,635.37,8.347,8.347,1.409,8.493,0.066
askarovo,biyagoda_west,field,10.0,12.0,0.0,10.0,645.37,635.37,10.041,10.040,1.603,10.060,0.103
askarovo,biyagoda_west,field,10.0,12.0,0.0,30.0,665.37,635.37,15.028,15.014,2.380,13.251,0.652
askarovo,biyagoda_west,field,10.0,12.0,0.0,50.0,685.37,635.37,16.311,16.297,2.126,15.156,0.670
askarovo,biyagoda_west,field,10.0,12.0,0.0,100.0,735.37,635.37,17.684,17.671,1.492,18.421,0.693
askarovo,biyagoda_west,field,10.0,12.0,0.0,200.0,835.37,635.37,18.978,18.965,0.906,22.986,0.687
askarovo,biyagoda_west,field,10.0,12.0,0.0,300.0,935.37,635.37,20.051,20.041,0.651,26.693,0.635
askarovo,biyagoda_west,field,10.0,12.0,100.0,1.0,637.81,636.81,3.833,3.818,-0.250,5.763,0.341
askarovo,biyagoda_west,field,10.0,12.0,100.0,1.5,638.31,636.81,4.328,4.311,-0.277,6.354,0.381
askarovo,biyagoda_west,field,10.0,12.0,100.0,2.0,638.81,636.81,4.707,4.689,-0.298,6.810,0.411
askarovo,biyagoda_west,field,10.0,12.0,100.0,3.0,639.81,636.81,5.273,5.253,-0.330,7.510,0.457
askarovo,biyagoda_west,field,10.0,12.0,100.0,5.0,641.81,636.81,6.135,6.114,-0.365,8.500,0.506
askarovo,biyagoda_west,field,10.0,12.0,100.0,10.0,646.81,636.81,8.227,8.207,-0.400,10.069,0.569
askarovo,biyagoda_west,field,10.0,12.0,100.0,30.0,666.81,636.81,14.364,14.349,-0.498,13.263,0.644
askarovo,biyagoda_west,field,10.0,12.0,100.0,50.0,686.81,636.81,16.052,16.040,-0.216,15.169,0.610
askarovo,biyagoda_west,field,10.0,12.0,100.0,100.0,736.81,636.81,17.742,17.731,0.167,18.436,0.606
askarovo,biyagoda_west,field,10.0,12.0,100.0,200.0,836.81,636.81,19.115,19.105,0.361,23.004,0.615
askarovo,biyagoda_west,field,10.0,12.0,100.0,300.0,936.81,636.81,20.158,20.150,0.362,26.712,0.586
askarovo,biyagoda_west,field,10.0,12.0,300.0,1.0,561.70,560.70,1.869,-1.858,0.129,5.500,-0.198
askarovo,biyagoda_west,field,10.0,12.0,300.0,1.5,562.20,560.70,1.906,-1.890,0.162,6.064,-0.249
askarovo,biyagoda_west,field,10.0,12.0,300.0,2.0,562.70,560.70,1.923,-1.902,0.183,6.500,-0.282
askarovo,biyagoda_west,field,10.0,12.0,300.0,3.0,563.70,560.70,1.870,-1.845,0.195,7.168,-0.302
askarovo,biyagoda_west,field,10.0,12.0,300.0,5.0,565.70,560.70,1.648,-1.623,0.182,8.114,-0.286
askarovo,biyagoda_west,field,10.0,12.0,300.0,10.0,570.70,560.70,1.125,-1.098,0.151,9.612,-0.245
askarovo,biyagoda_west,field,10.0,12.0,300.0,30.0,590.70,560.70,1.038,1.036,-0.025,12.668,-0.056
askarovo,biyagoda_west,field,10.0,12.0,300.0,50.0,610.70,560.70,4.407,4.403,-0.491,14.497,0.194
askarovo,biyagoda_west,field,10.0,12.0,300.0,100.0,660.70,560.70,11.877,11.865,-0.880,17.642,0.535
askarovo,biyagoda_west,field,10.0,12.0,300.0,200.0,760.70,560.70,17.234,17.226,-0.512,22.067,0.507
askarovo,biyagoda_west,field,10.0,12.0,300.0,300.0,860.70,560.70,19.009,19.003,-0.224,25.679,0.491
askarovo,biyagoda_east,field,0.0,12.0,-3000.0,1.0,506.24,505.24,0.325,0.317,0.000,0.000,0.073
askarovo,biyagoda_east,field,0.0,12.0,-3000.0,1.5,506.74,505.24,0.382,0.372,0.000,0.000,0.086
askarovo,biyagoda_east,field,0.0,12.0,-3000.0,2.0,507.24,505.24,0.423,0.412,0.000,0.000,0.095
askarovo,biyagoda_east,field,0.0,12.0,-3000.0,3.0,508.24,505.24,0.480,0.467,0.000,0.000,0.108
askarovo,biyagoda_east,field,0.0,12.0,-3000.0,5.0,510.24,505.24,0.552,0.538,0.000,0.000,0.124
askarovo,biyagoda_east,field,0.0,12.0,-3000.0,10.0,515.24,505.24,0.649,0.633,0.000,0.000,0.146
askarovo,biyagoda_east,field,0.0,12.0,-3000.0,30.0,535.24,505.24,0.793,0.773,0.000,0.000,0.178
askarovo,biyagoda_east,field,0.0,12.0,-3000.0,50.0,555.24,505.24,0.860,0.838,0.000,0.000,0.192
askarovo,biyagoda_east,field,0.0,12.0,-3000.0,100.0,605.24,505.24,0.909,0.887,0.000,0.000,0.202
askarovo,biyagoda_east,field,0.0,12.0,-3000.0,200.0,705.24,505.24,0.885,0.864,0.000,0.000,0.194
askarovo,biyagoda_east,field,0.0,12.0,-3000.0,300.0,805.24,505.24,0.849,0.829,0.000,0.000,0.181
askarovo,biyagoda_east,field,0.0,12.0,-1000.0,1.0,490.97,489.97,0.067,-0.062,0.000,0.000,0.027
askarovo,biyagoda_east,field,0.0,12.0,-1000.0,1.5,491.47,489.97,0.078,-0.071,0.000,0.000,0.031
askarovo,biyagoda_east,field,0.0,12.0,-1000.0,2.0,491.97,489.97,0.085,-0.078,0.000,0.000,0.034
askarovo,biyagoda_east,field,0.0,12.0,-1000.0,3.0,492.97,489.97,0.096,-0.088,0.000,0.000,0.039
askarovo,biyagoda_east,field,0.0,12.0,-1000.0,5.0,494.97,489.97,0.110,-0.100,0.000,0.000,0.045
askarovo,biyagoda_east,field,0.0,12.0,-1000.0,10.0,499.97,489.97,0.130,-0.118,0.000,0.000,0.053
askarovo,biyagoda_east,field,0.0,12.0,-1000.0,30.0,519.97,489.97,0.153,-0.139,0.000,0.000,0.063
askarovo,biyagoda_east,field,0.0,12.0,-1000.0,50.0,539.97,489.97,0.145,-0.133,0.000,0.000,0.060
askarovo,biyagoda_east,field,0.0,12.0,-1000.0,100.0,589.97,489.97,0.130,-0.119,0.000,0.000,0.053
askarovo,biyagoda_east,field,0.0,12.0,-1000.0,200.0,689.97,489.97,0.108,-0.098,0.000,0.000,0.044
askarovo,biyagoda_east,field,0.0,12.0,-1000.0,300.0,789.97,489.97,0.089,-0.081,0.000,0.000,0.037
askarovo,biyagoda_east,field,0.0,12.0,-300.0,1.0,556.31,555.31,0.124,-0.124,0.000,0.000,-0.005
askarovo,biyagoda_east,field,0.0,12.0,-300.0,1.5,556.81,555.31,0.143,-0.143,0.000,0.000,-0.006
askarovo,biyagoda_east,field,0.0,12.0,-300.0,2.0,557.31,555.31,0.157,-0.157,0.000,0.000,-0.007
askarovo,biyagoda_east,field,0.0,12.0,-300.0,3.0,558.31,555.31,0.178,-0.178,0.000,0.000,-0.008
askarovo,biyagoda_east,field,0.0,12.0,-300.0,5.0,560.31,555.31,0.204,-0.204,0.000,0.000,-0.009
askarovo,biyagoda_east,field,0.0,12.0,-300.0,10.0,565.31,555.31,0.242,-0.242,0.000,0.000,-0.011
askarovo,biyagoda_east,field,0.0,12.0,-300.0,30.0,585.31,555.31,0.396,-0.395,0.000,0.000,-0.024
askarovo,biyagoda_east,field,0.0,12.0,-300.0,50.0,605.31,555.31,0.445,-0.444,0.000,0.000,-0.024
askarovo,biyagoda_east,field,0.0,12.0,-300.0,100.0,655.31,555.31,0.486,-0.486,0.000,0.000,-0.025
askarovo,biyagoda_east,field,0.0,12.0,-300.0,200.0,755.31,555.31,0.497,-0.496,0.000,0.000,-0.035
askarovo,biyagoda_east,field,0.0,12.0,-300.0,300.0,855.31,555.31,0.473,-0.471,0.000,0.000,-0.047
askarovo,biyagoda_east,field,0.0,12.0,-150.0,1.0,592.65,591.65,0.139,-0.139,0.000,0.000,-0.008
askarovo,biyagoda_east,field,0.0,12.0,-150.0,1.5,593.15,591.65,0.159,-0.158,0.000,0.000,-0.009
askarovo,biyagoda_east,field,0.0,12.0,-150.0,2.0,593.65,591.65,0.173,-0.173,0.000,0.000,-0.010
askarovo,biyagoda_east,field,0.0,12.0,-150.0,3.0,594.65,591.65,0.194,-0.194,0.000,0.000,-0.009
askarovo,biyagoda_east,field,0.0,12.0,-150.0,5.0,596.65,591.65,0.224,-0.224,0.000,0.000,-0.008
askarovo,biyagoda_east,field,0.0,12.0,-150.0,10.0,601.65,591.65,0.276,-0.276,0.000,0.000,-0.006
askarovo,biyagoda_east,field,0.0,12.0,-150.0,30.0,621.65,591.65,0.441,-0.441,0.000,0.000,0.003
askarovo,biyagoda_east,field,0.0,12.0,-150.0,50.0,641.65,591.65,0.531,-0.531,0.000,0.000,0.005
askarovo,biyagoda_east,field,0.0,12.0,-150.0,100.0,691.65,591.65,0.599,-0.598,0.000,0.000,-0.009
askarovo,biyagoda_east,field,0.0,12.0,-150.0,200.0,791.65,591.65,0.589,-0.588,0.000,0.000,-0.032
askarovo,biyagoda_east,field,0.0,12.0,-150.0,300.0,891.65,591.65,0.545,-0.542,0.000,0.000,-0.047
askarovo,biyagoda_east,field,0.0,12.0,-50.0,1.0,623.21,622.21,0.169,-0.165,0.000,0.000,0.034
askarovo,biyagoda_east,field,0.0,12.0,-50.0,1.5,623.71,622.21,0.186,-0.182,0.000,0.000,0.039
askarovo,biyagoda_east,field,0.0,12.0,-50.0,2.0,624.21,622.21,0.200,-0.196,0.000,0.000,0.042
askarovo,biyagoda_east,field,0.0,12.0,-50.0,3.0,625.21,622.21,0.222,-0.217,0.000,0.000,0.048
askarovo,biyagoda_east,field,0.0,12.0,-50.0,5.0,627.21,622.21,0.254,-0.249,0.000,0.000,0.054
askarovo,biyagoda_east,field,0.0,12.0,-50.0,10.0,632.21,622.21,0.318,-0.313,0.000,0.000,0.056
askarovo,biyagoda_east,field,0.0,12.0,-50.0,30.0,652.21,622.21,0.586,-0.585,0.000,0.000,0.034
askarovo,biyagoda_east,field,0.0,12.0,-50.0,50.0,672.21,622.21,0.689,-0.689,0.000,0.000,0.013
askarovo,biyagoda_east,field,0.0,12.0,-50.0,100.0,722.21,622.21,0.694,-0.694,0.000,0.000,-0.009
askarovo,biyagoda_east,field,0.0,12.0,-50.0,200.0,822.21,622.21,0.639,-0.638,0.000,0.000,-0.032
askarovo,biyagoda_east,field,0.0,12.0,-50.0,300.0,922.21,622.21,0.577,-0.575,0.000,0.000,-0.048
askarovo,biyagoda_east,field,0.0,12.0,-30.0,1.0,629.36,628.36,0.153,-0.145,0.000,0.000,0.047
askarovo,biyagoda_east,field,0.0,12.0,-30.0,1.5,629.86,628.36,0.170,-0.162,0.000,0.000,0.053
askarovo,biyagoda_east,field,0.0,12.0,-30.0,2.0,630.36,628.36,0.183,-0.174,0.000,0.000,0.057
askarovo,biyagoda_east,field,0.0,12.0,-30.0,3.0,631.36,628.36,0.203,-0.193,0.000,0.000,0.063
askarovo,biyagoda_east,field,0.0,12.0,-30.0,5.0,633.36,628.36,0.232,-0.222,0.000,0.000,0.067
askarovo,biyagoda_east,field,0.0,12.0,-30.0,10.0,638.36,628.36,0.302,-0.296,0.000,0.000,0.061
askarovo,biyagoda_east,field,0.0,12.0,-30.0,30.0,658.36,628.36,0.666,-0.665,0.000,0.000,0.022
askarovo,biyagoda_east,field,0.0,12.0,-30.0,50.0,678.36,628.36,0.723,-0.723,0.000,0.000,0.008
askarovo,biyagoda_east,field,0.0,12.0,-30.0,100.0,728.36,628.36,0.710,-0.710,0.000,0.000,-0.010
askarovo,biyagoda_east,field,0.0,12.0,-30.0,200.0,828.36,628.36,0.647,-0.646,0.000,0.000,-0.032
askarovo,biyagoda_east,field,0.0,12.0,-30.0,300.0,928.36,628.36,0.582,-0.580,0.000,0.000,-0.048
askarovo,biyagoda_east,field,0.0,12.0,-20.0,1.0,632.34,631.34,0.169,-0.163,0.000,0.000,0.046
askarovo,biyagoda_east,field,0.0,12.0,-20.0,1.5,632.84,631.34,0.190,-0.182,0.000,0.000,0.052
askarovo,biyagoda_east,field,0.0,12.0,-20.0,2.0,633.34,631.34,0.205,-0.197,0.000,0.000,0.056
askarovo,biyagoda_east,field,0.0,12.0,-20.0,3.0,634.34,631.34,0.228,-0.220,0.000,0.000,0.062
askarovo,biyagoda_east,field,0.0,12.0,-20.0,5.0,636.34,631.34,0.262,-0.253,0.000,0.000,0.065
askarovo,biyagoda_east,field,0.0,12.0,-20.0,10.0,641.34,631.34,0.341,-0.336,0.000,0.000,0.056
askarovo,biyagoda_east,field,0.0,12.0,-20.0,30.0,661.34,631.34,0.711,-0.711,0.000,0.000,0.017
askarovo,biyagoda_east,field,0.0,12.0,-20.0,50.0,681.34,631.34,0.738,-0.738,0.000,0.000,0.007
askarovo,biyagoda_east,field,0.0,12.0,-20.0,100.0,731.34,631.34,0.717,-0.717,0.000,0.000,-0.011
askarovo,biyagoda_east,field,0.0,12.0,-20.0,200.0,831.34,631.34,0.650,-0.649,0.000,0.000,-0.032
askarovo,biyagoda_east,field,0.0,12.0,-20.0,300.0,931.34,631.34,0.584,-0.582,0.000,0.000,-0.048
askarovo,biyagoda_east,field,0.0,12.0,-10.0,1.0,635.22,634.22,0.225,-0.222,0.000,0.000,0.041
askarovo,biyagoda_east,field,0.0,12.0,-10.0,1.5,635.72,634.22,0.249,-0.245,0.000,0.000,0.045
askarovo,biyagoda_east,field,0.0,12.0,-10.0,2.0,636.22,634.22,0.267,-0.263,0.000,0.000,0.048
askarovo,biyagoda_east,field,0.0,12.0,-10.0,3.0,637.22,634.22,0.295,-0.290,0.000,0.000,0.053
askarovo,biyagoda_east,field,0.0,12.0,-10.0,5.0,639.22,634.22,0.336,-0.332,0.000,0.000,0.053
askarovo,biyagoda_east,field,0.0,12.0,-10.0,10.0,644.22,634.22,0.426,-0.424,0.000,0.000,0.046
askarovo,biyagoda_east,field,0.0,12.0,-10.0,30.0,664.22,634.22,0.741,-0.740,0.000,0.000,0.015
askarovo,biyagoda_east,field,0.0,12.0,-10.0,50.0,684.22,634.22,0.749,-0.749,0.000,0.000,0.005
askarovo,biyagoda_east,field,0.0,12.0,-10.0,100.0,734.22,634.22,0.723,-0.723,0.000,0.000,-0.011
askarovo,biyagoda_east,field,0.0,12.0,-10.0,200.0,834.22,634.22,0.653,-0.652,0.000,0.000,-0.032
askarovo,biyagoda_east,field,0.0,12.0,-10.0,300.0,934.22,634.22,0.586,-0.584,0.000,0.000,-0.048
askarovo,biyagoda_east,field,0.0,12.0,0.0,1.0,638.03,637.03,0.285,-0.283,0.000,0.000,0.033
askarovo,biyagoda_east,field,0.0,12.0,0.0,1.5,638.53,637.03,0.312,-0.310,0.000,0.000,0.036
askarovo,biyagoda_east,field,0.0,12.0,0.0,2.0,639.03,637.03,0.333,-0.331,0.000,0.000,0.038
askarovo,biyagoda_east,field,0.0,12.0,0.0,3.0,640.03,637.03,0.366,-0.363,0.000,0.000,0.042
askarovo,biyagoda_east,field,0.0,12.0,0.0,5.0,642.03,637.03,0.415,-0.413,0.000,0.000,0.041
askarovo,biyagoda_east,field,0.0,12.0,0.0,10.0,647.03,637.03,0.510,-0.509,0.000,0.000,0.036
askarovo,biyagoda_east,field,0.0,12.0,0.0,30.0,667.03,637.03,0.761,-0.761,0.000,0.000,0.013
askarovo,biyagoda_east,field,0.0,12.0,0.0,50.0,687.03,637.03,0.760,-0.760,0.000,0.000,0.004
askarovo,biyagoda_east,field,0.0,12.0,0.0,100.0,737.03,637.03,0.729,-0.729,0.000,0.000,-0.012
askarovo,biyagoda_east,field,0.0,12.0,0.0,200.0,837.03,637.03,0.656,-0.655,0.000,0.000,-0.032
askarovo,biyagoda_east,field,0.0,12.0,0.0,300.0,937.03,637.03,0.588,-0.586,0.000,0.000,-0.048
askarovo,biyagoda_east,field,0.0,12.0,100.0,1.0,639.70,638.70,0.277,-0.277,0.000,0.000,0.003
askarovo,biyagoda_east,field,0.0,12.0,100.0,1.5,640.20,638.70,0.323,-0.323,0.000,0.000,0.004
askarovo,biyagoda_east,field,0.0,12.0,100.0,2.0,640.70,638.70,0.356,-0.355,0.000,0.000,0.004
askarovo,biyagoda_east,field,0.0,12.0,100.0,3.0,641.70,638.70,0.402,-0.402,0.000,0.000,0.005
askarovo,biyagoda_east,field,0.0,12.0,100.0,5.0,643.70,638.70,0.462,-0.462,0.000,0.000,0.005
askarovo,biyagoda_east,field,0.0,12.0,100.0,10.0,648.70,638.70,0.552,-0.552,0.000,0.000,0.001
askarovo,biyagoda_east,field,0.0,12.0,100.0,30.0,668.70,638.70,0.824,-0.824,0.000,0.000,-0.008
askarovo,biyagoda_east,field,0.0,12.0,100.0,50.0,688.70,638.70,0.826,-0.826,0.000,0.000,-0.008
askarovo,biyagoda_east,field,0.0,12.0,100.0,100.0,738.70,638.70,0.777,-0.777,0.000,0.000,-0.014
askarovo,biyagoda_east,field,0.0,12.0,100.0,200.0,838.70,638.70,0.690,-0.689,0.000,0.000,-0.030
askarovo,biyagoda_east,field,0.0,12.0,100.0,300.0,938.70,638.70,0.616,-0.615,0.000,0.000,-0.044
askarovo,biyagoda_east,field,0.0,12.0,300.0,1.0,547.26,546.26,0.116,-0.115,0.000,0.000,-0.016
askarovo,biyagoda_east,field,0.0,12.0,300.0,1.5,547.76,546.26,0.154,-0.152,0.000,0.000,-0.022
askarovo,biyagoda_east,field,0.0,12.0,300.0,2.0,548.26,546.26,0.177,-0.175,0.000,0.000,-0.025
askarovo,biyagoda_east,field,0.0,12.0,300.0,3.0,549.26,546.26,0.207,-0.205,0.000,0.000,-0.029
askarovo,biyagoda_east,field,0.0,12.0,300.0,5.0,551.26,546.26,0.244,-0.241,0.000,0.000,-0.034
askarovo,biyagoda_east,field,0.0,12.0,300.0,10.0,556.26,546.26,0.307,-0.303,0.000,0.000,-0.044
askarovo,biyagoda_east,field,0.0,12.0,300.0,30.0,576.26,546.26,0.548,-0.542,0.000,0.000,-0.074
askarovo,biyagoda_east,field,0.0,12.0,300.0,50.0,596.26,546.26,0.647,-0.644,0.000,0.000,-0.067
askarovo,biyagoda_east,field,0.0,12.0,300.0,100.0,646.26,546.26,0.719,-0.718,0.000,0.000,-0.041
askarovo,biyagoda_east,field,0.0,12.0,300.0,200.0,746.26,546.26,0.723,-0.723,0.000,0.000,-0.028
askarovo,biyagoda_east,field,0.0,12.0,300.0,300.0,846.26,546.26,0.679,-0.678,0.000,0.000,-0.031
askarovo,biyagoda_east,field,3.0,12.0,-3000.0,1.0,506.24,505.24,1.463,1.462,0.001,2.136,-0.026
askarovo,biyagoda_east,field,3.0,12.0,-3000.0,1.5,506.74,505.24,1.719,1.719,0.001,2.236,-0.030
askarovo,biyagoda_east,field,3.0,12.0,-3000.0,2.0,507.24,505.24,1.902,1.901,0.002,2.310,-0.033
askarovo,biyagoda_east,field,3.0,12.0,-3000.0,3.0,508.24,505.24,2.159,2.159,0.002,2.419,-0.038
askarovo,biyagoda_east,field,3.0,12.0,-3000.0,5.0,510.24,505.24,2.483,2.483,0.002,2.565,-0.044
askarovo,biyagoda_east,field,3.0,12.0,-3000.0,10.0,515.24,505.24,2.924,2.923,0.002,2.781,-0.051
askarovo,biyagoda_east,field,3.0,12.0,-3000.0,30.0,535.24,505.24,3.642,3.642,0.005,3.186,-0.056
askarovo,biyagoda_east,field,3.0,12.0,-3000.0,50.0,555.24,505.24,4.071,4.071,0.009,3.416,-0.051
askarovo,biyagoda_east,field,3.0,12.0,-3000.0,100.0,605.24,505.24,4.519,4.519,0.022,3.809,-0.039
askarovo,biyagoda_east,field,3.0,12.0,-3000.0,200.0,705.24,505.24,4.687,4.687,0.034,4.368,-0.027
askarovo,biyagoda_east,field,3.0,12.0,-3000.0,300.0,805.24,505.24,4.719,4.719,0.036,4.639,-0.021
askarovo,biyagoda_east,field,3.0,12.0,-1000.0,1.0,490.97,489.97,1.267,1.267,-0.010,2.115,-0.003
askarovo,biyagoda_east,field,3.0,12.0,-1000.0,1.5,491.47,489.97,1.470,1.470,-0.011,2.214,-0.006
askarovo,biyagoda_east,field,3.0,12.0,-1000.0,2.0,491.97,489.97,1.617,1.617,-0.012,2.287,-0.008
askarovo,biyagoda_east,field,3.0,12.0,-1000.0,3.0,492.97,489.97,1.830,1.830,-0.013,2.395,-0.011
askarovo,biyagoda_east,field,3.0,12.0,-1000.0,5.0,494.97,489.97,2.105,2.105,-0.015,2.539,-0.016
askarovo,biyagoda_east,field,3.0,12.0,-1000.0,10.0,499.97,489.97,2.498,2.498,-0.017,2.753,-0.023
askarovo,biyagoda_east,field,3.0,12.0,-1000.0,30.0,519.97,489.97,3.117,3.116,-0.027,3.155,-0.033
askarovo,biyagoda_east,field,3.0,12.0,-1000.0,50.0,539.97,489.97,3.377,3.377,-0.041,3.383,-0.024
askarovo,biyagoda_east,field,3.0,12.0,-1000.0,100.0,589.97,489.97,3.785,3.785,-0.043,3.773,-0.015
askarovo,biyagoda_east,field,3.0,12.0,-1000.0,200.0,689.97,489.97,4.193,4.193,-0.013,4.329,-0.014
askarovo,biyagoda_east,field,3.0,12.0,-1000.0,300.0,789.97,489.97,4.387,4.387,0.010,4.600,-0.014
askarovo,biyagoda_east,field,3.0,12.0,-300.0,1.0,556.31,555.31,1.086,1.086,0.087,2.206,-0.018
askarovo,biyagoda_east,field,3.0,12.0,-300.0,1.5,556.81,555.31,1.257,1.257,0.099,2.309,-0.020
askarovo,biyagoda_east,field,3.0,12.0,-300.0,2.0,557.31,555.31,1.381,1.381,0.108,2.385,-0.021
askarovo,biyagoda_east,field,3.0,12.0,-300.0,3.0,558.31,555.31,1.559,1.559,0.120,2.498,-0.023
askarovo,biyagoda_east,field,3.0,12.0,-300.0,5.0,560.31,555.31,1.790,1.790,0.137,2.648,-0.025
askarovo,biyagoda_east,field,3.0,12.0,-300.0,10.0,565.31,555.31,2.118,2.117,0.160,2.871,-0.027
askarovo,biyagoda_east,field,3.0,12.0,-300.0,30.0,585.31,555.31,3.327,3.327,0.248,3.288,0.042
askarovo,biyagoda_east,field,3.0,12.0,-300.0,50.0,605.31,555.31,3.681,3.681,0.281,3.524,0.030
askarovo,biyagoda_east,field,3.0,12.0,-300.0,100.0,655.31,555.31,4.055,4.055,0.294,3.925,-0.024
askarovo,biyagoda_east,field,3.0,12.0,-300.0,200.0,755.31,555.31,4.405,4.405,0.252,4.494,-0.055
askarovo,biyagoda_east,field,3.0,12.0,-300.0,300.0,855.31,555.31,4.553,4.552,0.197,4.765,-0.050
askarovo,biyagoda_east,field,3.0,12.0,-150.0,1.0,592.65,591.65,1.222,1.221,0.153,2.256,0.038
askarovo,biyagoda_east,field,3.0,12.0,-150.0,1.5,593.15,591.65,1.395,1.394,0.174,2.362,0.042
askarovo,biyagoda_east,field,3.0,12.0,-150.0,2.0,593.65,591.65,1.523,1.522,0.190,2.440,0.045
askarovo,biyagoda_east,field,3.0,12.0,-150.0,3.0,594.65,591.65,1.696,1.695,0.205,2.555,0.036
askarovo,biyagoda_east,field,3.0,12.0,-150.0,5.0,596.65,591.65,1.942,1.942,0.226,2.709,0.018
askarovo,biyagoda_east,field,3.0,12.0,-150.0,10.0,601.65,591.65,2.361,2.361,0.263,2.936,-0.020
askarovo,biyagoda_east,field,3.0,12.0,-150.0,30.0,621.65,591.65,3.463,3.459,0.388,3.362,-0.150
askarovo,biyagoda_east,field,3.0,12.0,-150.0,50.0,641.65,591.65,3.931,3.926,0.427,3.603,-0.205
askarovo,biyagoda_east,field,3.0,12.0,-150.0,100.0,691.65,591.65,4.390,4.386,0.374,4.010,-0.198
askarovo,biyagoda_east,field,3.0,12.0,-150.0,200.0,791.65,591.65,4.655,4.653,0.249,4.585,-0.122
askarovo,biyagoda_east,field,3.0,12.0,-150.0,300.0,891.65,591.65,4.707,4.707,0.173,4.857,-0.080
askarovo,biyagoda_east,field,3.0,12.0,-50.0,1.0,623.21,622.21,1.354,1.337,0.243,2.299,-0.217
askarovo,biyagoda_east,field,3.0,12.0,-50.0,1.5,623.71,622.21,1.490,1.469,0.262,2.406,-0.248
askarovo,biyagoda_east,field,3.0,12.0,-50.0,2.0,624.21,622.21,1.597,1.573,0.276,2.486,-0.273
askarovo,biyagoda_east,field,3.0,12.0,-50.0,3.0,625.21,622.21,1.763,1.735,0.299,2.603,-0.310
askarovo,biyagoda_east,field,3.0,12.0,-50.0,5.0,627.21,622.21,2.002,1.969,0.332,2.760,-0.361
askarovo,biyagoda_east,field,3.0,12.0,-50.0,10.0,632.21,622.21,2.433,2.401,0.381,2.991,-0.394
askarovo,biyagoda_east,field,3.0,12.0,-50.0,30.0,652.21,622.21,3.965,3.944,0.519,3.424,-0.407
askarovo,biyagoda_east,field,3.0,12.0,-50.0,50.0,672.21,622.21,4.523,4.509,0.476,3.668,-0.357
askarovo,biyagoda_east,field,3.0,12.0,-50.0,100.0,722.21,622.21,4.777,4.770,0.301,4.081,-0.255
askarovo,biyagoda_east,field,3.0,12.0,-50.0,200.0,822.21,622.21,4.814,4.813,0.173,4.662,-0.133
askarovo,biyagoda_east,field,3.0,12.0,-50.0,300.0,922.21,622.21,4.784,4.784,0.121,4.934,-0.082
askarovo,biyagoda_east,field,3.0,12.0,-30.0,1.0,629.36,628.36,1.198,1.157,0.238,2.307,-0.309
askarovo,biyagoda_east,field,3.0,12.0,-30.0,1.5,629.86,628.36,1.332,1.286,0.264,2.415,-0.346
askarovo,biyagoda_east,field,3.0,12.0,-30.0,2.0,630.36,628.36,1.436,1.386,0.284,2.495,-0.375
askarovo,biyagoda_east,field,3.0,12.0,-30.0,3.0,631.36,628.36,1.592,1.536,0.314,2.613,-0.418
askarovo,biyagoda_east,field,3.0,12.0,-30.0,5.0,633.36,628.36,1.801,1.744,0.350,2.770,-0.449
askarovo,biyagoda_east,field,3.0,12.0,-30.0,10.0,638.36,628.36,2.232,2.189,0.399,3.002,-0.432
askarovo,biyagoda_east,field,3.0,12.0,-30.0,30.0,658.36,628.36,4.267,4.252,0.572,3.436,-0.354
askarovo,biyagoda_east,field,3.0,12.0,-30.0,50.0,678.36,628.36,4.682,4.670,0.465,3.682,-0.330
askarovo,biyagoda_east,field,3.0,12.0,-30.0,100.0,728.36,628.36,4.844,4.838,0.267,4.095,-0.247
askarovo,biyagoda_east,field,3.0,12.0,-30.0,200.0,828.36,628.36,4.837,4.835,0.153,4.678,-0.131
askarovo,biyagoda_east,field,3.0,12.0,-30.0,300.0,928.36,628.36,4.795,4.794,0.110,4.950,-0.082
askarovo,biyagoda_east,field,3.0,12.0,-20.0,1.0,632.34,631.34,1.257,1.217,0.216,2.312,-0.316
askarovo,biyagoda_east,field,3.0,12.0,-20.0,1.5,632.84,631.34,1.409,1.364,0.242,2.420,-0.354
askarovo,biyagoda_east,field,3.0,12.0,-20.0,2.0,633.34,631.34,1.525,1.476,0.262,2.500,-0.384
askarovo,biyagoda_east,field,3.0,12.0,-20.0,3.0,634.34,631.34,1.697,1.642,0.291,2.617,-0.427
askarovo,biyagoda_east,field,3.0,12.0,-20.0,5.0,636.34,631.34,1.923,1.870,0.323,2.775,-0.449
askarovo,biyagoda_east,field,3.0,12.0,-20.0,10.0,641.34,631.34,2.395,2.357,0.369,3.008,-0.424
askarovo,biyagoda_east,field,3.0,12.0,-20.0,30.0,661.34,631.34,4.470,4.457,0.537,3.442,-0.338
askarovo,biyagoda_east,field,3.0,12.0,-20.0,50.0,681.34,631.34,4.744,4.733,0.414,3.688,-0.322
askarovo,biyagoda_east,field,3.0,12.0,-20.0,100.0,731.34,631.34,4.869,4.863,0.241,4.102,-0.242
askarovo,biyagoda_east,field,3.0,12.0,-20.0,200.0,831.34,631.34,4.845,4.844,0.142,4.685,-0.129
askarovo,biyagoda_east,field,3.0,12.0,-20.0,300.0,931.34,631.34,4.799,4.798,0.104,4.957,-0.081
askarovo,biyagoda_east,field,3.0,12.0,-10.0,1.0,635.22,634.22,1.554,1.524,0.185,2.316,-0.304
askarovo,biyagoda_east,field,3.0,12.0,-10.0,1.5,635.72,634.22,1.715,1.682,0.203,2.424,-0.335
askarovo,biyagoda_east,field,3.0,12.0,-10.0,2.0,636.22,634.22,1.840,1.805,0.218,2.504,-0.359
askarovo,biyagoda_east,field,3.0,12.0,-10.0,3.0,637.22,634.22,2.031,1.993,0.239,2.622,-0.395
askarovo,biyagoda_east,field,3.0,12.0,-10.0,5.0,639.22,634.22,2.292,2.256,0.263,2.780,-0.406
askarovo,biyagoda_east,field,3.0,12.0,-10.0,10.0,644.22,634.22,2.818,2.790,0.300,3.013,-0.394
askarovo,biyagoda_east,field,3.0,12.0,-10.0,30.0,664.22,634.22,4.604,4.592,0.432,3.448,-0.335
askarovo,biyagoda_east,field,3.0,12.0,-10.0,50.0,684.22,634.22,4.794,4.783,0.334,3.694,-0.315
askarovo,biyagoda_east,field,3.0,12.0,-10.0,100.0,734.22,634.22,4.888,4.883,0.209,4.109,-0.233
askarovo,biyagoda_east,field,3.0,12.0,-10.0,200.0,834.22,634.22,4.852,4.850,0.130,4.692,-0.126
askarovo,biyagoda_east,field,3.0,12.0,-10.0,300.0,934.22,634.22,4.802,4.801,0.097,4.965,-0.080
askarovo,biyagoda_east,field,3.0,12.0,0.0,1.0,638.03,637.03,1.857,1.836,0.145,2.319,-0.278
askarovo,biyagoda_east,field,3.0,12.0,0.0,1.5,638.53,637.03,2.030,2.007,0.158,2.428,-0.303
askarovo,biyagoda_east,field,3.0,12.0,0.0,2.0,639.03,637.03,2.167,2.143,0.168,2.508,-0.323
askarovo,biyagoda_east,field,3.0,12.0,0.0,3.0,640.03,637.03,2.379,2.352,0.184,2.626,-0.354
askarovo,biyagoda_east,field,3.0,12.0,0.0,5.0,642.03,637.03,2.675,2.650,0.200,2.784,-0.362
askarovo,biyagoda_east,field,3.0,12.0,0.0,10.0,647.03,637.03,3.231,3.211,0.228,3.018,-0.363
askarovo,biyagoda_east,field,3.0,12.0,0.0,30.0,667.03,637.03,4.690,4.679,0.325,3.454,-0.328
askarovo,biyagoda_east,field,3.0,12.0,0.0,50.0,687.03,637.03,4.837,4.827,0.260,3.700,-0.307
askarovo,biyagoda_east,field,3.0,12.0,0.0,100.0,737.03,637.03,4.906,4.901,0.179,4.116,-0.226
askarovo,biyagoda_east,field,3.0,12.0,0.0,200.0,837.03,637.03,4.858,4.857,0.119,4.700,-0.123
askarovo,biyagoda_east,field,3.0,12.0,0.0,300.0,937.03,637.03,4.804,4.804,0.091,4.972,-0.079
askarovo,biyagoda_east,field,3.0,12.0,100.0,1.0,639.70,638.70,1.255,1.254,-0.059,2.322,-0.056
askarovo,biyagoda_east,field,3.0,12.0,100.0,1.5,640.20,638.70,1.465,1.463,-0.068,2.430,-0.066
askarovo,biyagoda_east,field,3.0,12.0,100.0,2.0,640.70,638.70,1.615,1.614,-0.075,2.511,-0.072
askarovo,biyagoda_east,field,3.0,12.0,100.0,3.0,641.70,638.70,1.830,1.828,-0.084,2.629,-0.082
askarovo,biyagoda_east,field,3.0,12.0,100.0,5.0,643.70,638.70,2.117,2.115,-0.095,2.787,-0.091
askarovo,biyagoda_east,field,3.0,12.0,100.0,10.0,648.70,638.70,2.606,2.604,-0.109,3.021,-0.096
askarovo,biyagoda_east,field,3.0,12.0,100.0,30.0,668.70,638.70,4.495,4.494,-0.163,3.457,-0.111
askarovo,biyagoda_east,field,3.0,12.0,100.0,50.0,688.70,638.70,4.799,4.797,-0.125,3.704,-0.146
askarovo,biyagoda_east,field,3.0,12.0,100.0,100.0,738.70,638.70,4.919,4.917,-0.049,4.119,-0.148
askarovo,biyagoda_east,field,3.0,12.0,100.0,200.0,838.70,638.70,4.883,4.882,0.014,4.704,-0.102
askarovo,biyagoda_east,field,3.0,12.0,100.0,300.0,938.70,638.70,4.824,4.823,0.031,4.976,-0.071
askarovo,biyagoda_east,field,3.0,12.0,300.0,1.0,547.26,546.26,0.082,0.046,0.007,2.193,0.068
askarovo,biyagoda_east,field,3.0,12.0,300.0,1.5,547.76,546.26,0.133,0.099,0.008,2.296,0.090
askarovo,biyagoda_east,field,3.0,12.0,300.0,2.0,548.26,546.26,0.167,0.132,0.009,2.372,0.103
askarovo,biyagoda_east,field,3.0,12.0,300.0,3.0,549.26,546.26,0.213,0.176,0.011,2.483,0.120
askarovo,biyagoda_east,field,3.0,12.0,300.0,5.0,551.26,546.26,0.277,0.239,0.010,2.633,0.140
askarovo,biyagoda_east,field,3.0,12.0,300.0,10.0,556.26,546.26,0.416,0.378,0.004,2.855,0.174
askarovo,biyagoda_east,field,3.0,12.0,300.0,30.0,576.26,546.26,1.152,1.115,-0.069,3.269,0.287
askarovo,biyagoda_east,field,3.0,12.0,300.0,50.0,596.26,546.26,1.902,1.880,-0.192,3.505,0.284
askarovo,biyagoda_east,field,3.0,12.0,300.0,100.0,646.26,546.26,3.444,3.441,-0.360,3.904,0.149
askarovo,biyagoda_east,field,3.0,12.0,300.0,200.0,746.26,546.26,4.551,4.551,-0.233,4.471,-0.004
askarovo,biyagoda_east,field,3.0,12.0,300.0,300.0,846.26,546.26,4.723,4.723,-0.125,4.742,-0.034
askarovo,biyagoda_east,field,6.0,12.0,-3000.0,1.0,506.24,505.24,2.703,2.703,0.004,3.182,-0.057
askarovo,biyagoda_east,field,6.0,12.0,-3000.0,1.5,506.74,505.24,3.178,3.177,0.004,3.508,-0.067
askarovo,biyagoda_east,field,6.0,12.0,-3000.0,2.0,507.24,505.24,3.515,3.514,0.005,3.760,-0.074
askarovo,biyagoda_east,field,6.0,12.0,-3000.0,3.0,508.24,505.24,3.990,3.989,0.005,4.147,-0.084
askarovo,biyagoda_east,field,6.0,12.0,-3000.0,5.0,510.24,505.24,4.589,4.588,0.006,4.694,-0.097
askarovo,biyagoda_east,field,6.0,12.0,-3000.0,10.0,515.24,505.24,5.403,5.402,0.007,5.562,-0.114
askarovo,biyagoda_east,field,6.0,12.0,-3000.0,30.0,535.24,505.24,6.783,6.782,0.014,7.333,-0.129
askarovo,biyagoda_east,field,6.0,12.0,-3000.0,50.0,555.24,505.24,7.667,7.666,0.025,8.396,-0.124
askarovo,biyagoda_east,field,6.0,12.0,-3000.0,100.0,605.24,505.24,8.677,8.676,0.058,10.228,-0.108
askarovo,biyagoda_east,field,6.0,12.0,-3000.0,200.0,705.24,505.24,9.276,9.275,0.091,12.818,-0.086
askarovo,biyagoda_east,field,6.0,12.0,-3000.0,300.0,805.24,505.24,9.557,9.557,0.094,14.942,-0.073
askarovo,biyagoda_east,field,6.0,12.0,-1000.0,1.0,490.97,489.97,2.075,2.075,-0.022,3.150,0.012
askarovo,biyagoda_east,field,6.0,12.0,-1000.0,1.5,491.47,489.97,2.409,2.408,-0.025,3.473,0.010
askarovo,biyagoda_east,field,6.0,12.0,-1000.0,2.0,491.97,489.97,2.651,2.651,-0.027,3.723,0.009
askarovo,biyagoda_east,field,6.0,12.0,-1000.0,3.0,492.97,489.97,3.000,3.000,-0.029,4.106,0.007
askarovo,biyagoda_east,field,6.0,12.0,-1000.0,5.0,494.97,489.97,3.454,3.454,-0.033,4.647,0.003
askarovo,biyagoda_east,field,6.0,12.0,-1000.0,10.0,499.97,489.97,4.101,4.101,-0.038,5.507,-0.004
askarovo,biyagoda_east,field,6.0,12.0,-1000.0,30.0,519.97,489.97,5.278,5.278,-0.059,7.262,-0.023
askarovo,biyagoda_east,field,6.0,12.0,-1000.0,50.0,539.97,489.97,6.096,6.096,-0.090,8.315,-0.029
askarovo,biyagoda_east,field,6.0,12.0,-1000.0,100.0,589.97,489.97,7.379,7.379,-0.097,10.132,-0.040
askarovo,biyagoda_east,field,6.0,12.0,-1000.0,200.0,689.97,489.97,8.590,8.589,-0.032,12.705,-0.035
askarovo,biyagoda_east,field,6.0,12.0,-1000.0,300.0,789.97,489.97,9.157,9.157,0.019,14.818,-0.029
askarovo,biyagoda_east,field,6.0,12.0,-300.0,1.0,556.31,555.31,2.028,2.028,0.216,3.285,-0.027
askarovo,biyagoda_east,field,6.0,12.0,-300.0,1.5,556.81,555.31,2.347,2.347,0.246,3.622,-0.029
askarovo,biyagoda_east,field,6.0,12.0,-300.0,2.0,557.31,555.31,2.580,2.579,0.268,3.883,-0.031
askarovo,biyagoda_east,field,6.0,12.0,-300.0,3.0,558.31,555.31,2.914,2.914,0.299,4.282,-0.033
askarovo,biyagoda_east,field,6.0,12.0,-300.0,5.0,560.31,555.31,3.345,3.345,0.339,4.847,-0.035
askarovo,biyagoda_east,field,6.0,12.0,-300.0,10.0,565.31,555.31,3.958,3.958,0.397,5.742,-0.036
askarovo,biyagoda_east,field,6.0,12.0,-300.0,30.0,585.31,555.31,6.282,6.281,0.613,7.568,0.094
askarovo,biyagoda_east,field,6.0,12.0,-300.0,50.0,605.31,555.31,7.077,7.077,0.696,8.661,0.068
askarovo,biyagoda_east,field,6.0,12.0,-300.0,100.0,655.31,555.31,8.081,8.081,0.734,10.541,-0.045
askarovo,biyagoda_east,field,6.0,12.0,-300.0,200.0,755.31,555.31,9.112,9.111,0.632,13.188,-0.106
askarovo,biyagoda_east,field,6.0,12.0,-300.0,300.0,855.31,555.31,9.614,9.613,0.486,15.350,-0.091
askarovo,biyagoda_east,field,6.0,12.0,-150.0,1.0,592.65,591.65,2.336,2.336,0.389,3.361,0.065
askarovo,biyagoda_east,field,6.0,12.0,-150.0,1.5,593.15,591.65,2.667,2.666,0.443,3.705,0.073
askarovo,biyagoda_east,field,6.0,12.0,-150.0,2.0,593.65,591.65,2.912,2.911,0.484,3.971,0.078
askarovo,biyagoda_east,field,6.0,12.0,-150.0,3.0,594.65,591.65,3.245,3.245,0.522,4.380,0.059
askarovo,biyagoda_east,field,6.0,12.0,-150.0,5.0,596.65,591.65,3.720,3.720,0.576,4.957,0.022
askarovo,biyagoda_east,field,6.0,12.0,-150.0,10.0,601.65,591.65,4.529,4.529,0.670,5.873,-0.052
askarovo,biyagoda_east,field,6.0,12.0,-150.0,30.0,621.65,591.65,6.707,6.700,0.985,7.738,-0.305
askarovo,biyagoda_east,field,6.0,12.0,-150.0,50.0,641.65,591.65,7.719,7.707,1.086,8.853,-0.414
askarovo,biyagoda_east,field,6.0,12.0,-150.0,100.0,691.65,591.65,8.862,8.853,0.954,10.769,-0.395
askarovo,biyagoda_east,field,6.0,12.0,-150.0,200.0,791.65,591.65,9.688,9.685,0.629,13.456,-0.236
askarovo,biyagoda_east,field,6.0,12.0,-150.0,300.0,891.65,591.65,9.988,9.987,0.427,15.646,-0.143
askarovo,biyagoda_east,field,6.0,12.0,-50.0,1.0,623.21,622.21,2.623,2.591,0.628,3.424,-0.411
askarovo,biyagoda_east,field,6.0,12.0,-50.0,1.5,623.71,622.21,2.887,2.848,0.676,3.775,-0.472
askarovo,biyagoda_east,field,6.0,12.0,-50.0,2.0,624.21,622.21,3.094,3.050,0.713,4.046,-0.519
askarovo,biyagoda_east,field,6.0,12.0,-50.0,3.0,625.21,622.21,3.417,3.365,0.772,4.462,-0.592
askarovo,biyagoda_east,field,6.0,12.0,-50.0,5.0,627.21,622.21,3.882,3.820,0.856,5.051,-0.691
askarovo,biyagoda_east,field,6.0,12.0,-50.0,10.0,632.21,622.21,4.726,4.665,0.982,5.983,-0.758
askarovo,biyagoda_east,field,6.0,12.0,-50.0,30.0,652.21,622.21,7.789,7.747,1.339,7.881,-0.802
askarovo,biyagoda_east,field,6.0,12.0,-50.0,50.0,672.21,622.21,8.996,8.967,1.226,9.015,-0.717
askarovo,biyagoda_east,field,6.0,12.0,-50.0,100.0,722.21,622.21,9.737,9.723,0.772,10.960,-0.517
askarovo,biyagoda_east,field,6.0,12.0,-50.0,200.0,822.21,622.21,10.076,10.073,0.433,13.682,-0.257
askarovo,biyagoda_east,field,6.0,12.0,-50.0,300.0,922.21,622.21,10.200,10.199,0.295,15.895,-0.146
askarovo,biyagoda_east,field,6.0,12.0,-30.0,1.0,629.36,628.36,2.320,2.243,0.617,3.437,-0.591
askarovo,biyagoda_east,field,6.0,12.0,-30.0,1.5,629.86,628.36,2.580,2.493,0.684,3.789,-0.662
askarovo,biyagoda_east,field,6.0,12.0,-30.0,2.0,630.36,628.36,2.780,2.686,0.735,4.061,-0.717
askarovo,biyagoda_east,field,6.0,12.0,-30.0,3.0,631.36,628.36,3.083,2.978,0.812,4.479,-0.800
askarovo,biyagoda_east,field,6.0,12.0,-30.0,5.0,633.36,628.36,3.490,3.382,0.905,5.069,-0.861
askarovo,biyagoda_east,field,6.0,12.0,-30.0,10.0,638.36,628.36,4.342,4.262,1.033,6.005,-0.829
askarovo,biyagoda_east,field,6.0,12.0,-30.0,30.0,658.36,628.36,8.402,8.373,1.478,7.910,-0.702
askarovo,biyagoda_east,field,6.0,12.0,-30.0,50.0,678.36,628.36,9.337,9.313,1.198,9.048,-0.669
askarovo,biyagoda_east,field,6.0,12.0,-30.0,100.0,728.36,628.36,9.893,9.881,0.683,10.998,-0.504
askarovo,biyagoda_east,field,6.0,12.0,-30.0,200.0,828.36,628.36,10.136,10.133,0.381,13.728,-0.252
askarovo,biyagoda_east,field,6.0,12.0,-30.0,300.0,928.36,628.36,10.232,10.231,0.265,15.945,-0.144
askarovo,biyagoda_east,field,6.0,12.0,-20.0,1.0,632.34,631.34,2.441,2.364,0.560,3.443,-0.607
askarovo,biyagoda_east,field,6.0,12.0,-20.0,1.5,632.84,631.34,2.736,2.650,0.627,3.796,-0.681
askarovo,biyagoda_east,field,6.0,12.0,-20.0,2.0,633.34,631.34,2.960,2.867,0.677,4.069,-0.737
askarovo,biyagoda_east,field,6.0,12.0,-20.0,3.0,634.34,631.34,3.295,3.191,0.752,4.487,-0.820
askarovo,biyagoda_east,field,6.0,12.0,-20.0,5.0,636.34,631.34,3.736,3.635,0.836,5.078,-0.862
askarovo,biyagoda_east,field,6.0,12.0,-20.0,10.0,641.34,631.34,4.672,4.599,0.954,6.016,-0.818
askarovo,biyagoda_east,field,6.0,12.0,-20.0,30.0,661.34,631.34,8.810,8.784,1.389,7.924,-0.674
askarovo,biyagoda_east,field,6.0,12.0,-20.0,50.0,681.34,631.34,9.477,9.454,1.069,9.064,-0.656
askarovo,biyagoda_east,field,6.0,12.0,-20.0,100.0,731.34,631.34,9.955,9.943,0.615,11.017,-0.493
askarovo,biyagoda_east,field,6.0,12.0,-20.0,200.0,831.34,631.34,10.160,10.157,0.353,13.750,-0.248
askarovo,biyagoda_east,field,6.0,12.0,-20.0,300.0,931.34,631.34,10.246,10.245,0.249,15.969,-0.142
askarovo,biyagoda_east,field,6.0,12.0,-10.0,1.0,635.22,634.22,3.030,2.972,0.479,3.449,-0.587
askarovo,biyagoda_east,field,6.0,12.0,-10.0,1.5,635.72,634.22,3.343,3.280,0.526,3.803,-0.646
askarovo,biyagoda_east,field,6.0,12.0,-10.0,2.0,636.22,634.22,3.588,3.521,0.563,4.076,-0.693
askarovo,biyagoda_east,field,6.0,12.0,-10.0,3.0,637.22,634.22,3.961,3.887,0.620,4.495,-0.764
askarovo,biyagoda_east,field,6.0,12.0,-10.0,5.0,639.22,634.22,4.473,4.404,0.680,5.087,-0.785
askarovo,biyagoda_east,field,6.0,12.0,-10.0,10.0,644.22,634.22,5.513,5.460,0.776,6.026,-0.766
askarovo,biyagoda_east,field,6.0,12.0,-10.0,30.0,664.22,634.22,9.085,9.061,1.117,7.938,-0.670
askarovo,biyagoda_east,field,6.0,12.0,-10.0,50.0,684.22,634.22,9.594,9.572,0.861,9.079,-0.646
askarovo,biyagoda_east,field,6.0,12.0,-10.0,100.0,734.22,634.22,10.005,9.994,0.532,11.035,-0.478
askarovo,biyagoda_east,field,6.0,12.0,-10.0,200.0,834.22,634.22,10.181,10.178,0.322,13.771,-0.243
askarovo,biyagoda_east,field,6.0,12.0,-10.0,300.0,934.22,634.22,10.258,10.257,0.232,15.993,-0.140
askarovo,biyagoda_east,field,6.0,12.0,0.0,1.0,638.03,637.03,3.631,3.591,0.375,3.455,-0.541
askarovo,biyagoda_east,field,6.0,12.0,0.0,1.5,638.53,637.03,3.970,3.926,0.408,3.809,-0.590
askarovo,biyagoda_east,field,6.0,12.0,0.0,2.0,639.03,637.03,4.239,4.192,0.435,4.082,-0.629
askarovo,biyagoda_east,field,6.0,12.0,0.0,3.0,640.03,637.03,4.653,4.601,0.475,4.502,-0.689
askarovo,biyagoda_east,field,6.0,12.0,0.0,5.0,642.03,637.03,5.235,5.187,0.517,5.096,-0.704
askarovo,biyagoda_east,field,6.0,12.0,0.0,10.0,647.03,637.03,6.334,6.294,0.591,6.036,-0.711
askarovo,biyagoda_east,field,6.0,12.0,0.0,30.0,667.03,637.03,9.268,9.245,0.841,7.951,-0.661
askarovo,biyagoda_east,field,6.0,12.0,0.0,50.0,687.03,637.03,9.695,9.675,0.671,9.094,-0.633
askarovo,biyagoda_east,field,6.0,12.0,0.0,100.0,737.03,637.03,10.052,10.041,0.456,11.052,-0.464
askarovo,biyagoda_east,field,6.0,12.0,0.0,200.0,837.03,637.03,10.200,10.197,0.293,13.792,-0.238
askarovo,biyagoda_east,field,6.0,12.0,0.0,300.0,937.03,637.03,10.269,10.268,0.216,16.016,-0.137
askarovo,biyagoda_east,field,6.0,12.0,100.0,1.0,639.70,638.70,2.399,2.397,-0.154,3.458,-0.100
askarovo,biyagoda_east,field,6.0,12.0,100.0,1.5,640.20,638.70,2.801,2.798,-0.177,3.813,-0.117
askarovo,biyagoda_east,field,6.0,12.0,100.0,2.0,640.70,638.70,3.089,3.087,-0.194,4.087,-0.129
askarovo,biyagoda_east,field,6.0,12.0,100.0,3.0,641.70,638.70,3.499,3.496,-0.218,4.507,-0.146
askarovo,biyagoda_east,field,6.0,12.0,100.0,5.0,643.70,638.70,4.054,4.050,-0.247,5.101,-0.164
askarovo,biyagoda_east,field,6.0,12.0,100.0,10.0,648.70,638.70,5.010,5.007,-0.284,6.042,-0.177
askarovo,biyagoda_east,field,6.0,12.0,100.0,30.0,668.70,638.70,8.873,8.870,-0.427,7.959,-0.247
askarovo,biyagoda_east,field,6.0,12.0,100.0,50.0,688.70,638.70,9.655,9.649,-0.328,9.103,-0.335
askarovo,biyagoda_east,field,6.0,12.0,100.0,100.0,738.70,638.70,10.119,10.113,-0.135,11.063,-0.329
askarovo,biyagoda_east,field,6.0,12.0,100.0,200.0,838.70,638.70,10.275,10.273,0.022,13.804,-0.201
askarovo,biyagoda_east,field,6.0,12.0,100.0,300.0,938.70,638.70,10.325,10.324,0.064,16.029,-0.123
askarovo,biyagoda_east,field,6.0,12.0,300.0,1.0,547.26,546.26,0.981,-0.966,0.026,3.267,0.169
askarovo,biyagoda_east,field,6.0,12.0,300.0,1.5,547.76,546.26,0.927,-0.900,0.034,3.602,0.222
askarovo,biyagoda_east,field,6.0,12.0,300.0,2.0,548.26,546.26,0.890,-0.853,0.038,3.860,0.255
askarovo,biyagoda_east,field,6.0,12.0,300.0,3.0,549.26,546.26,0.836,-0.782,0.044,4.258,0.298
askarovo,biyagoda_east,field,6.0,12.0,300.0,5.0,551.26,546.26,0.744,-0.659,0.046,4.819,0.346
askarovo,biyagoda_east,field,6.0,12.0,300.0,10.0,556.26,546.26,0.556,-0.365,0.030,5.709,0.419
askarovo,biyagoda_east,field,6.0,12.0,300.0,30.0,576.26,546.26,1.287,1.112,-0.158,7.525,0.649
askarovo,biyagoda_east,field,6.0,12.0,300.0,50.0,596.26,546.26,2.926,2.863,-0.487,8.613,0.605
askarovo,biyagoda_east,field,6.0,12.0,300.0,100.0,646.26,546.26,6.816,6.811,-0.936,10.485,0.246
askarovo,biyagoda_east,field,6.0,12.0,300.0,200.0,746.26,546.26,9.573,9.573,-0.616,13.121,-0.062
askarovo,biyagoda_east,field,6.0,12.0,300.0,300.0,846.26,546.26,10.048,10.048,-0.340,15.276,-0.077
askarovo,biyagoda_east,field,10.0,12.0,-3000.0,1.0,506.24,505.24,4.331,4.330,0.006,5.303,-0.091
askarovo,biyagoda_east,field,10.0,12.0,-3000.0,1.5,506.74,505.24,5.091,5.090,0.007,5.847,-0.107
askarovo,biyagoda_east,field,10.0,12.0,-3000.0,2.0,507.24,505.24,5.631,5.629,0.008,6.267,-0.119
askarovo,biyagoda_east,field,10.0,12.0,-3000.0,3.0,508.24,505.24,6.392,6.391,0.009,6.912,-0.135
askarovo,biyagoda_east,field,10.0,12.0,-3000.0,5.0,510.24,505.24,7.352,7.351,0.011,7.823,-0.155
askarovo,biyagoda_east,field,10.0,12.0,-3000.0,10.0,515.24,505.24,8.656,8.654,0.013,9.269,-0.182
askarovo,biyagoda_east,field,10.0,12.0,-3000.0,30.0,535.24,505.24,10.912,10.910,0.025,12.222,-0.208
askarovo,biyagoda_east,field,10.0,12.0,-3000.0,50.0,555.24,505.24,12.409,12.407,0.045,13.993,-0.202
askarovo,biyagoda_east,field,10.0,12.0,-3000.0,100.0,605.24,505.24,14.226,14.225,0.103,17.047,-0.182
askarovo,biyagoda_east,field,10.0,12.0,-3000.0,200.0,705.24,505.24,15.565,15.564,0.160,21.363,-0.153
askarovo,biyagoda_east,field,10.0,12.0,-3000.0,300.0,805.24,505.24,16.287,16.286,0.163,24.904,-0.137
askarovo,biyagoda_east,field,10.0,12.0,-1000.0,1.0,490.97,489.97,2.917,2.917,-0.039,5.250,0.024
askarovo,biyagoda_east,field,10.0,12.0,-1000.0,1.5,491.47,489.97,3.391,3.391,-0.044,5.789,0.023
askarovo,biyagoda_east,field,10.0,12.0,-1000.0,2.0,491.97,489.97,3.736,3.736,-0.047,6.204,0.022
askarovo,biyagoda_east,field,10.0,12.0,-1000.0,3.0,492.97,489.97,4.234,4.234,-0.051,6.843,0.020
askarovo,biyagoda_east,field,10.0,12.0,-1000.0,5.0,494.97,489.97,4.881,4.881,-0.058,7.746,0.016
askarovo,biyagoda_east,field,10.0,12.0,-1000.0,10.0,499.97,489.97,5.808,5.808,-0.067,9.178,0.008
askarovo,biyagoda_east,field,10.0,12.0,-1000.0,30.0,519.97,489.97,7.692,7.692,-0.104,12.103,-0.027
askarovo,biyagoda_east,field,10.0,12.0,-1000.0,50.0,539.97,489.97,9.367,9.367,-0.157,13.858,-0.061
askarovo,biyagoda_east,field,10.0,12.0,-1000.0,100.0,589.97,489.97,12.102,12.102,-0.170,16.887,-0.109
askarovo,biyagoda_east,field,10.0,12.0,-1000.0,200.0,689.97,489.97,14.590,14.590,-0.059,21.175,-0.096
askarovo,biyagoda_east,field,10.0,12.0,-1000.0,300.0,789.97,489.97,15.719,15.719,0.028,24.697,-0.083
askarovo,biyagoda_east,field,10.0,12.0,-300.0,1.0,556.31,555.31,3.211,3.211,0.380,5.476,-0.046
askarovo,biyagoda_east,field,10.0,12.0,-300.0,1.5,556.81,555.31,3.717,3.717,0.432,6.037,-0.050
askarovo,biyagoda_east,field,10.0,12.0,-300.0,2.0,557.31,555.31,4.085,4.085,0.470,6.471,-0.052
askarovo,biyagoda_east,field,10.0,12.0,-300.0,3.0,558.31,555.31,4.615,4.614,0.525,7.137,-0.056
askarovo,biyagoda_east,field,10.0,12.0,-300.0,5.0,560.31,555.31,5.299,5.299,0.596,8.078,-0.060
askarovo,biyagoda_east,field,10.0,12.0,-300.0,10.0,565.31,555.31,6.271,6.271,0.697,9.570,-0.063
askarovo,biyagoda_east,field,10.0,12.0,-300.0,30.0,585.31,555.31,10.017,10.016,1.078,12.613,0.134
askarovo,biyagoda_east,field,10.0,12.0,-300.0,50.0,605.31,555.31,11.436,11.435,1.224,14.435,0.084
askarovo,biyagoda_east,field,10.0,12.0,-300.0,100.0,655.31,555.31,13.426,13.426,1.294,17.569,-0.116
askarovo,biyagoda_east,field,10.0,12.0,-300.0,200.0,755.31,555.31,15.525,15.523,1.110,21.980,-0.218
askarovo,biyagoda_east,field,10.0,12.0,-300.0,300.0,855.31,555.31,16.555,16.554,0.848,25.583,-0.191
askarovo,biyagoda_east,field,10.0,12.0,-150.0,1.0,592.65,591.65,3.766,3.765,0.686,5.601,0.090
askarovo,biyagoda_east,field,10.0,12.0,-150.0,1.5,593.15,591.65,4.299,4.298,0.781,6.176,0.100
askarovo,biyagoda_east,field,10.0,12.0,-150.0,2.0,593.65,591.65,4.694,4.693,0.853,6.619,0.107
askarovo,biyagoda_east,field,10.0,12.0,-150.0,3.0,594.65,591.65,5.233,5.232,0.920,7.300,0.073
askarovo,biyagoda_east,field,10.0,12.0,-150.0,5.0,596.65,591.65,6.003,6.003,1.015,8.262,0.010
askarovo,biyagoda_east,field,10.0,12.0,-150.0,10.0,601.65,591.65,7.315,7.314,1.180,9.788,-0.117
askarovo,biyagoda_east,field,10.0,12.0,-150.0,30.0,621.65,591.65,10.902,10.889,1.737,12.897,-0.541
askarovo,biyagoda_east,field,10.0,12.0,-150.0,50.0,641.65,591.65,12.658,12.637,1.914,14.756,-0.724
askarovo,biyagoda_east,field,10.0,12.0,-150.0,100.0,691.65,591.65,14.826,14.810,1.681,17.948,-0.695
askarovo,biyagoda_east,field,10.0,12.0,-150.0,200.0,791.65,591.65,16.535,16.530,1.103,22.427,-0.431
askarovo,biyagoda_east,field,10.0,12.0,-150.0,300.0,891.65,591.65,17.218,17.215,0.744,26.077,-0.278
askarovo,biyagoda_east,field,10.0,12.0,-50.0,1.0,623.21,622.21,4.276,4.220,1.107,5.707,-0.688
askarovo,biyagoda_east,field,10.0,12.0,-50.0,1.5,623.71,622.21,4.707,4.640,1.192,6.292,-0.790
askarovo,biyagoda_east,field,10.0,12.0,-50.0,2.0,624.21,622.21,5.046,4.971,1.258,6.744,-0.869
askarovo,biyagoda_east,field,10.0,12.0,-50.0,3.0,625.21,622.21,5.573,5.485,1.362,7.437,-0.992
askarovo,biyagoda_east,field,10.0,12.0,-50.0,5.0,627.21,622.21,6.334,6.227,1.510,8.418,-1.157
askarovo,biyagoda_east,field,10.0,12.0,-50.0,10.0,632.21,622.21,7.719,7.613,1.733,9.971,-1.272
askarovo,biyagoda_east,field,10.0,12.0,-50.0,30.0,652.21,622.21,12.786,12.713,2.360,13.136,-1.361
askarovo,biyagoda_east,field,10.0,12.0,-50.0,50.0,672.21,622.21,14.872,14.820,2.161,15.025,-1.235
askarovo,biyagoda_east,field,10.0,12.0,-50.0,100.0,722.21,622.21,16.373,16.347,1.359,18.266,-0.910
askarovo,biyagoda_east,field,10.0,12.0,-50.0,200.0,822.21,622.21,17.234,17.228,0.757,22.804,-0.470
askarovo,biyagoda_east,field,10.0,12.0,-50.0,300.0,922.21,622.21,17.610,17.607,0.511,26.492,-0.284
askarovo,biyagoda_east,field,10.0,12.0,-30.0,1.0,629.36,628.36,3.790,3.659,1.088,5.728,-0.990
askarovo,biyagoda_east,field,10.0,12.0,-30.0,1.5,629.86,628.36,4.215,4.067,1.205,6.315,-1.110
askarovo,biyagoda_east,field,10.0,12.0,-30.0,2.0,630.36,628.36,4.544,4.382,1.296,6.769,-1.202
askarovo,biyagoda_east,field,10.0,12.0,-30.0,3.0,631.36,628.36,5.039,4.857,1.432,7.465,-1.341
askarovo,biyagoda_east,field,10.0,12.0,-30.0,5.0,633.36,628.36,5.705,5.519,1.596,8.449,-1.443
askarovo,biyagoda_east,field,10.0,12.0,-30.0,10.0,638.36,628.36,7.105,6.966,1.821,10.008,-1.397
askarovo,biyagoda_east,field,10.0,12.0,-30.0,30.0,658.36,628.36,13.807,13.754,2.606,13.184,-1.204
askarovo,biyagoda_east,field,10.0,12.0,-30.0,50.0,678.36,628.36,15.460,15.416,2.112,15.080,-1.162
askarovo,biyagoda_east,field,10.0,12.0,-30.0,100.0,728.36,628.36,16.653,16.629,1.202,18.330,-0.892
askarovo,biyagoda_east,field,10.0,12.0,-30.0,200.0,828.36,628.36,17.344,17.338,0.666,22.879,-0.463
askarovo,biyagoda_east,field,10.0,12.0,-30.0,300.0,928.36,628.36,17.672,17.670,0.458,26.575,-0.281
askarovo,biyagoda_east,field,10.0,12.0,-20.0,1.0,632.34,631.34,3.993,3.861,0.988,5.738,-1.019
askarovo,biyagoda_east,field,10.0,12.0,-20.0,1.5,632.84,631.34,4.475,4.327,1.105,6.327,-1.142
askarovo,biyagoda_east,field,10.0,12.0,-20.0,2.0,633.34,631.34,4.842,4.682,1.194,6.781,-1.236
askarovo,biyagoda_east,field,10.0,12.0,-20.0,3.0,634.34,631.34,5.389,5.211,1.326,7.478,-1.376
askarovo,biyagoda_east,field,10.0,12.0,-20.0,5.0,636.34,631.34,6.113,5.938,1.474,8.464,-1.448
askarovo,biyagoda_east,field,10.0,12.0,-20.0,10.0,641.34,631.34,7.651,7.525,1.683,10.026,-1.381
askarovo,biyagoda_east,field,10.0,12.0,-20.0,30.0,661.34,631.34,14.481,14.434,2.448,13.207,-1.160
askarovo,biyagoda_east,field,10.0,12.0,-20.0,50.0,681.34,631.34,15.704,15.662,1.885,15.106,-1.144
askarovo,biyagoda_east,field,10.0,12.0,-20.0,100.0,731.34,631.34,16.767,16.744,1.082,18.361,-0.876
askarovo,biyagoda_east,field,10.0,12.0,-20.0,200.0,831.34,631.34,17.390,17.384,0.615,22.916,-0.457
askarovo,biyagoda_east,field,10.0,12.0,-20.0,300.0,931.34,631.34,17.699,17.697,0.430,26.615,-0.278
askarovo,biyagoda_east,field,10.0,12.0,-10.0,1.0,635.22,634.22,4.959,4.859,0.844,5.748,-0.988
askarovo,biyagoda_east,field,10.0,12.0,-10.0,1.5,635.72,634.22,5.472,5.362,0.928,6.338,-1.088
askarovo,biyagoda_east,field,10.0,12.0,-10.0,2.0,636.22,634.22,5.873,5.756,0.993,6.793,-1.167
askarovo,biyagoda_east,field,10.0,12.0,-10.0,3.0,637.22,634.22,6.483,6.354,1.093,7.491,-1.286
askarovo,biyagoda_east,field,10.0,12.0,-10.0,5.0,639.22,634.22,7.323,7.202,1.198,8.479,-1.325
askarovo,biyagoda_east,field,10.0,12.0,-10.0,10.0,644.22,634.22,9.033,8.939,1.368,10.043,-1.299
askarovo,biyagoda_east,field,10.0,12.0,-10.0,30.0,664.22,634.22,14.940,14.895,1.969,13.229,-1.158
askarovo,biyagoda_east,field,10.0,12.0,-10.0,50.0,684.22,634.22,15.912,15.871,1.518,15.131,-1.133
askarovo,biyagoda_east,field,10.0,12.0,-10.0,100.0,734.22,634.22,16.861,16.839,0.936,18.391,-0.853
askarovo,biyagoda_east,field,10.0,12.0,-10.0,200.0,834.22,634.22,17.430,17.424,0.562,22.952,-0.449
askarovo,biyagoda_east,field,10.0,12.0,-10.0,300.0,934.22,634.22,17.723,17.721,0.401,26.654,-0.275
askarovo,biyagoda_east,field,10.0,12.0,0.0,1.0,638.03,637.03,5.947,5.876,0.661,5.758,-0.915
askarovo,biyagoda_east,field,10.0,12.0,0.0,1.5,638.53,637.03,6.501,6.424,0.720,6.348,-0.999
askarovo,biyagoda_east,field,10.0,12.0,0.0,2.0,639.03,637.03,6.941,6.859,0.767,6.804,-1.065
askarovo,biyagoda_east,field,10.0,12.0,0.0,3.0,640.03,637.03,7.619,7.529,0.838,7.504,-1.167
askarovo,biyagoda_east,field,10.0,12.0,0.0,5.0,642.03,637.03,8.574,8.490,0.911,8.493,-1.195
askarovo,biyagoda_east,field,10.0,12.0,0.0,10.0,647.03,637.03,10.380,10.309,1.042,10.060,-1.212
askarovo,biyagoda_east,field,10.0,12.0,0.0,30.0,667.03,637.03,15.250,15.207,1.482,13.251,-1.146
askarovo,biyagoda_east,field,10.0,12.0,0.0,50.0,687.03,637.03,16.094,16.055,1.182,15.156,-1.115
askarovo,biyagoda_east,field,10.0,12.0,0.0,100.0,737.03,637.03,16.950,16.930,0.800,18.421,-0.831
askarovo,biyagoda_east,field,10.0,12.0,0.0,200.0,837.03,637.03,17.468,17.463,0.510,22.986,-0.441
askarovo,biyagoda_east,field,10.0,12.0,0.0,300.0,937.03,637.03,17.747,17.745,0.373,26.693,-0.271
askarovo,biyagoda_east,field,10.0,12.0,100.0,1.0,639.70,638.70,3.902,3.897,-0.272,5.764,-0.187
askarovo,biyagoda_east,field,10.0,12.0,100.0,1.5,640.20,638.70,4.555,4.550,-0.313,6.355,-0.218
askarovo,biyagoda_east,field,10.0,12.0,100.0,2.0,640.70,638.70,5.024,5.019,-0.343,6.811,-0.241
askarovo,biyagoda_east,field,10.0,12.0,100.0,3.0,641.70,638.70,5.692,5.685,-0.385,7.511,-0.273
askarovo,biyagoda_east,field,10.0,12.0,100.0,5.0,643.70,638.70,6.594,6.587,-0.436,8.501,-0.307
askarovo,biyagoda_east,field,10.0,12.0,100.0,10.0,648.70,638.70,8.151,8.144,-0.502,10.070,-0.334
askarovo,biyagoda_east,field,10.0,12.0,100.0,30.0,668.70,638.70,14.512,14.504,-0.754,13.264,-0.484
askarovo,biyagoda_east,field,10.0,12.0,100.0,50.0,688.70,638.70,16.001,15.988,-0.581,15.171,-0.654
askarovo,biyagoda_east,field,10.0,12.0,100.0,100.0,738.70,638.70,17.072,17.060,-0.242,18.438,-0.632
askarovo,biyagoda_east,field,10.0,12.0,100.0,200.0,838.70,638.70,17.602,17.597,0.031,23.007,-0.391
askarovo,biyagoda_east,field,10.0,12.0,100.0,300.0,938.70,638.70,17.847,17.846,0.104,26.715,-0.252
askarovo,biyagoda_east,field,10.0,12.0,300.0,1.0,547.26,546.26,1.657,-1.636,0.047,5.444,0.264
askarovo,biyagoda_east,field,10.0,12.0,300.0,1.5,547.76,546.26,1.602,-1.564,0.061,6.003,0.346
askarovo,biyagoda_east,field,10.0,12.0,300.0,2.0,548.26,546.26,1.562,-1.510,0.069,6.434,0.397
askarovo,biyagoda_east,field,10.0,12.0,300.0,3.0,549.26,546.26,1.498,-1.424,0.079,7.096,0.464
askarovo,biyagoda_east,field,10.0,12.0,300.0,5.0,551.26,546.26,1.374,-1.265,0.082,8.032,0.536
askarovo,biyagoda_east,field,10.0,12.0,300.0,10.0,556.26,546.26,1.076,-0.864,0.055,9.515,0.641
askarovo,biyagoda_east,field,10.0,12.0,300.0,30.0,576.26,546.26,1.634,1.323,-0.276,12.542,0.959
askarovo,biyagoda_east,field,10.0,12.0,300.0,50.0,596.26,546.26,4.176,4.085,-0.856,14.355,0.870
askarovo,biyagoda_east,field,10.0,12.0,300.0,100.0,646.26,546.26,10.993,10.990,-1.648,17.474,0.268
askarovo,biyagoda_east,field,10.0,12.0,300.0,200.0,746.26,546.26,16.336,16.334,-1.091,21.868,-0.234
askarovo,biyagoda_east,field,10.0,12.0,300.0,300.0,846.26,546.26,17.302,17.301,-0.607,25.461,-0.205
askarovo,biyagoda_south_west,field,0.0,12.0,-3000.0,1.0,426.01,425.01,0.274,-0.271,0.000,0.000,-0.042
askarovo,biyagoda_south_west,field,0.0,12.0,-3000.0,1.5,426.51,425.01,0.323,-0.319,0.000,0.000,-0.049
askarovo,biyagoda_south_west,field,0.0,12.0,-3000.0,2.0,427.01,425.01,0.340,-0.336,0.000,0.000,-0.052
askarovo,biyagoda_south_west,field,0.0,12.0,-3000.0,3.0,428.01,425.01,0.363,-0.359,0.000,0.000,-0.056
askarovo,biyagoda_south_west,field,0.0,12.0,-3000.0,5.0,430.01,425.01,0.393,-0.388,0.000,0.000,-0.061
askarovo,biyagoda_south_west,field,0.0,12.0,-3000.0,10.0,435.01,425.01,0.436,-0.430,0.000,0.000,-0.068
askarovo,biyagoda_south_west,field,0.0,12.0,-3000.0,30.0,455.01,425.01,0.522,-0.516,0.000,0.000,-0.079
askarovo,biyagoda_south_west,field,0.0,12.0,-3000.0,50.0,475.01,425.01,0.575,-0.569,0.000,0.000,-0.083
askarovo,biyagoda_south_west,field,0.0,12.0,-3000.0,100.0,525.01,425.01,0.576,-0.570,0.000,0.000,-0.084
askarovo,biyagoda_south_west,field,0.0,12.0,-3000.0,200.0,625.01,425.01,0.535,-0.529,0.000,0.000,-0.077
askarovo,biyagoda_south_west,field,0.0,12.0,-3000.0,300.0,725.01,425.01,0.483,-0.478,0.000,0.000,-0.069
askarovo,biyagoda_south_west,field,0.0,12.0,-1000.0,1.0,437.05,436.05,0.042,0.026,0.000,0.000,0.034
askarovo,biyagoda_south_west,field,0.0,12.0,-1000.0,1.5,437.55,436.05,0.046,0.028,0.000,0.000,0.037
askarovo,biyagoda_south_west,field,0.0,12.0,-1000.0,2.0,438.05,436.05,0.048,0.029,0.000,0.000,0.038
askarovo,biyagoda_south_west,field,0.0,12.0,-1000.0,3.0,439.05,436.05,0.049,0.030,0.000,0.000,0.038
askarovo,biyagoda_south_west,field,0.0,12.0,-1000.0,5.0,441.05,436.05,0.050,0.031,0.000,0.000,0.039
askarovo,biyagoda_south_west,field,0.0,12.0,-1000.0,10.0,446.05,436.05,0.050,0.032,0.000,0.000,0.039
askarovo,biyagoda_south_west,field,0.0,12.0,-1000.0,30.0,466.05,436.05,0.051,0.035,0.000,0.000,0.037
askarovo,biyagoda_south_west,field,0.0,12.0,-1000.0,50.0,486.05,436.05,0.053,0.037,0.000,0.000,0.037
askarovo,biyagoda_south_west,field,0.0,12.0,-1000.0,100.0,536.05,436.05,0.057,0.041,0.000,0.000,0.039
askarovo,biyagoda_south_west,field,0.0,12.0,-1000.0,200.0,636.05,436.05,0.066,0.048,0.000,0.000,0.045
askarovo,biyagoda_south_west,field,0.0,12.0,-1000.0,300.0,736.05,436.05,0.077,0.054,0.000,0.000,0.054
askarovo,biyagoda_south_west,field,0.0,12.0,-300.0,1.0,567.86,566.86,0.075,0.056,0.000,0.000,0.050
askarovo,biyagoda_south_west,field,0.0,12.0,-300.0,1.5,568.36,566.86,0.088,0.066,0.000,0.000,0.058
askarovo,biyagoda_south_west,field,0.0,12.0,-300.0,2.0,568.86,566.86,0.097,0.073,0.000,0.000,0.064
askarovo,biyagoda_south_west,field,0.0,12.0,-300.0,3.0,569.86,566.86,0.110,0.082,0.000,0.000,0.073
askarovo,biyagoda_south_west,field,0.0,12.0,-300.0,5.0,571.86,566.86,0.126,0.094,0.000,0.000,0.083
askarovo,biyagoda_south_west,field,0.0,12.0,-300.0,10.0,576.86,566.86,0.148,0.111,0.000,0.000,0.098
askarovo,biyagoda_south_west,field,0.0,12.0,-300.0,30.0,596.86,566.86,0.261,0.219,0.000,0.000,0.142
askarovo,biyagoda_south_west,field,0.0,12.0,-300.0,50.0,616.86,566.86,0.355,0.310,0.000,0.000,0.174
askarovo,biyagoda_south_west,field,0.0,12.0,-300.0,100.0,666.86,566.86,0.410,0.362,0.000,0.000,0.194
askarovo,biyagoda_south_west,field,0.0,12.0,-300.0,200.0,766.86,566.86,0.456,0.401,0.000,0.000,0.216
askarovo,biyagoda_south_west,field,0.0,12.0,-300.0,300.0,866.86,566.86,0.462,0.398,0.000,0.000,0.235
askarovo,biyagoda_south_west,field,0.0,12.0,-150.0,1.0,660.69,659.69,0.128,0.110,0.000,0.000,0.066
askarovo,biyagoda_south_west,field,0.0,12.0,-150.0,1.5,661.19,659.69,0.147,0.126,0.000,0.000,0.076
askarovo,biyagoda_south_west,field,0.0,12.0,-150.0,2.0,661.69,659.69,0.158,0.135,0.000,0.000,0.082
askarovo,biyagoda_south_west,field,0.0,12.0,-150.0,3.0,662.69,659.69,0.175,0.149,0.000,0.000,0.091
askarovo,biyagoda_south_west,field,0.0,12.0,-150.0,5.0,664.69,659.69,0.198,0.168,0.000,0.000,0.104
askarovo,biyagoda_south_west,field,0.0,12.0,-150.0,10.0,669.69,659.69,0.237,0.201,0.000,0.000,0.126
askarovo,biyagoda_south_west,field,0.0,12.0,-150.0,30.0,689.69,659.69,0.386,0.339,0.000,0.000,0.184
askarovo,biyagoda_south_west,field,0.0,12.0,-150.0,50.0,709.69,659.69,0.532,0.485,0.000,0.000,0.218
askarovo,biyagoda_south_west,field,0.0,12.0,-150.0,100.0,759.69,659.69,0.555,0.504,0.000,0.000,0.232
askarovo,biyagoda_south_west,field,0.0,12.0,-150.0,200.0,859.69,659.69,0.527,0.461,0.000,0.000,0.256
askarovo,biyagoda_south_west,field,0.0,12.0,-150.0,300.0,959.69,659.69,0.488,0.402,0.000,0.000,0.276
askarovo,biyagoda_south_west,field,0.0,12.0,-50.0,1.0,708.98,707.98,0.258,0.241,0.000,0.000,0.092
askarovo,biyagoda_south_west,field,0.0,12.0,-50.0,1.5,709.48,707.98,0.285,0.266,0.000,0.000,0.102
askarovo,biyagoda_south_west,field,0.0,12.0,-50.0,2.0,709.98,707.98,0.305,0.285,0.000,0.000,0.110
askarovo,biyagoda_south_west,field,0.0,12.0,-50.0,3.0,710.98,707.98,0.336,0.313,0.000,0.000,0.121
askarovo,biyagoda_south_west,field,0.0,12.0,-50.0,5.0,712.98,707.98,0.379,0.353,0.000,0.000,0.137
askarovo,biyagoda_south_west,field,0.0,12.0,-50.0,10.0,717.98,707.98,0.453,0.422,0.000,0.000,0.163
askarovo,biyagoda_south_west,field,0.0,12.0,-50.0,30.0,737.98,707.98,0.642,0.604,0.000,0.000,0.217
askarovo,biyagoda_south_west,field,0.0,12.0,-50.0,50.0,757.98,707.98,0.648,0.605,0.000,0.000,0.233
askarovo,biyagoda_south_west,field,0.0,12.0,-50.0,100.0,807.98,707.98,0.602,0.544,0.000,0.000,0.258
askarovo,biyagoda_south_west,field,0.0,12.0,-50.0,200.0,907.98,707.98,0.522,0.438,0.000,0.000,0.284
askarovo,biyagoda_south_west,field,0.0,12.0,-50.0,300.0,1007.98,707.98,0.471,0.363,0.000,0.000,0.301
askarovo,biyagoda_south_west,field,0.0,12.0,-30.0,1.0,717.57,716.57,0.288,0.275,0.000,0.000,0.088
askarovo,biyagoda_south_west,field,0.0,12.0,-30.0,1.5,718.07,716.57,0.311,0.296,0.000,0.000,0.095
askarovo,biyagoda_south_west,field,0.0,12.0,-30.0,2.0,718.57,716.57,0.329,0.313,0.000,0.000,0.100
askarovo,biyagoda_south_west,field,0.0,12.0,-30.0,3.0,719.57,716.57,0.359,0.341,0.000,0.000,0.109
askarovo,biyagoda_south_west,field,0.0,12.0,-30.0,5.0,721.57,716.57,0.405,0.385,0.000,0.000,0.123
askarovo,biyagoda_south_west,field,0.0,12.0,-30.0,10.0,726.57,716.57,0.494,0.470,0.000,0.000,0.150
askarovo,biyagoda_south_west,field,0.0,12.0,-30.0,30.0,746.57,716.57,0.679,0.644,0.000,0.000,0.214
askarovo,biyagoda_south_west,field,0.0,12.0,-30.0,50.0,766.57,716.57,0.660,0.617,0.000,0.000,0.236
askarovo,biyagoda_south_west,field,0.0,12.0,-30.0,100.0,816.57,716.57,0.600,0.539,0.000,0.000,0.265
askarovo,biyagoda_south_west,field,0.0,12.0,-30.0,200.0,916.57,716.57,0.517,0.428,0.000,0.000,0.290
askarovo,biyagoda_south_west,field,0.0,12.0,-30.0,300.0,1016.57,716.57,0.467,0.353,0.000,0.000,0.305
askarovo,biyagoda_south_west,field,0.0,12.0,-20.0,1.0,721.58,720.58,0.301,0.287,0.000,0.000,0.091
askarovo,biyagoda_south_west,field,0.0,12.0,-20.0,1.5,722.08,720.58,0.332,0.317,0.000,0.000,0.101
askarovo,biyagoda_south_west,field,0.0,12.0,-20.0,2.0,722.58,720.58,0.356,0.339,0.000,0.000,0.108
askarovo,biyagoda_south_west,field,0.0,12.0,-20.0,3.0,723.58,720.58,0.393,0.375,0.000,0.000,0.120
askarovo,biyagoda_south_west,field,0.0,12.0,-20.0,5.0,725.58,720.58,0.448,0.427,0.000,0.000,0.137
askarovo,biyagoda_south_west,field,0.0,12.0,-20.0,10.0,730.58,720.58,0.539,0.514,0.000,0.000,0.164
askarovo,biyagoda_south_west,field,0.0,12.0,-20.0,30.0,750.58,720.58,0.683,0.646,0.000,0.000,0.220
askarovo,biyagoda_south_west,field,0.0,12.0,-20.0,50.0,770.58,720.58,0.659,0.613,0.000,0.000,0.241
askarovo,biyagoda_south_west,field,0.0,12.0,-20.0,100.0,820.58,720.58,0.597,0.533,0.000,0.000,0.269
askarovo,biyagoda_south_west,field,0.0,12.0,-20.0,200.0,920.58,720.58,0.513,0.422,0.000,0.000,0.293
askarovo,biyagoda_south_west,field,0.0,12.0,-20.0,300.0,1020.58,720.58,0.464,0.347,0.000,0.000,0.307
askarovo,biyagoda_south_west,field,0.0,12.0,-10.0,1.0,725.41,724.41,0.354,0.335,0.000,0.000,0.113
askarovo,biyagoda_south_west,field,0.0,12.0,-10.0,1.5,725.91,724.41,0.387,0.367,0.000,0.000,0.124
askarovo,biyagoda_south_west,field,0.0,12.0,-10.0,2.0,726.41,724.41,0.414,0.392,0.000,0.000,0.132
askarovo,biyagoda_south_west,field,0.0,12.0,-10.0,3.0,727.41,724.41,0.455,0.431,0.000,0.000,0.146
askarovo,biyagoda_south_west,field,0.0,12.0,-10.0,5.0,729.41,724.41,0.515,0.488,0.000,0.000,0.165
askarovo,biyagoda_south_west,field,0.0,12.0,-10.0,10.0,734.41,724.41,0.591,0.560,0.000,0.000,0.189
askarovo,biyagoda_south_west,field,0.0,12.0,-10.0,30.0,754.41,724.41,0.680,0.639,0.000,0.000,0.231
askarovo,biyagoda_south_west,field,0.0,12.0,-10.0,50.0,774.41,724.41,0.654,0.605,0.000,0.000,0.249
askarovo,biyagoda_south_west,field,0.0,12.0,-10.0,100.0,824.41,724.41,0.591,0.525,0.000,0.000,0.273
askarovo,biyagoda_south_west,field,0.0,12.0,-10.0,200.0,924.41,724.41,0.510,0.415,0.000,0.000,0.296
askarovo,biyagoda_south_west,field,0.0,12.0,-10.0,300.0,1024.41,724.41,0.461,0.342,0.000,0.000,0.309
askarovo,biyagoda_south_west,field,0.0,12.0,0.0,1.0,729.18,728.18,0.414,0.390,0.000,0.000,0.137
askarovo,biyagoda_south_west,field,0.0,12.0,0.0,1.5,729.68,728.18,0.448,0.422,0.000,0.000,0.149
askarovo,biyagoda_south_west,field,0.0,12.0,0.0,2.0,730.18,728.18,0.476,0.448,0.000,0.000,0.158
askarovo,biyagoda_south_west,field,0.0,12.0,0.0,3.0,731.18,728.18,0.519,0.490,0.000,0.000,0.173
askarovo,biyagoda_south_west,field,0.0,12.0,0.0,5.0,733.18,728.18,0.577,0.544,0.000,0.000,0.192
askarovo,biyagoda_south_west,field,0.0,12.0,0.0,10.0,738.18,728.18,0.632,0.596,0.000,0.000,0.211
askarovo,biyagoda_south_west,field,0.0,12.0,0.0,30.0,758.18,728.18,0.676,0.631,0.000,0.000,0.242
askarovo,biyagoda_south_west,field,0.0,12.0,0.0,50.0,778.18,728.18,0.649,0.596,0.000,0.000,0.256
askarovo,biyagoda_south_west,field,0.0,12.0,0.0,100.0,828.18,728.18,0.586,0.516,0.000,0.000,0.277
askarovo,biyagoda_south_west,field,0.0,12.0,0.0,200.0,928.18,728.18,0.506,0.408,0.000,0.000,0.298
askarovo,biyagoda_south_west,field,0.0,12.0,0.0,300.0,1028.18,728.18,0.458,0.336,0.000,0.000,0.311
askarovo,biyagoda_south_west,field,0.0,12.0,100.0,1.0,727.37,726.37,0.415,0.376,0.000,0.000,0.176
askarovo,biyagoda_south_west,field,0.0,12.0,100.0,1.5,727.87,726.37,0.459,0.416,0.000,0.000,0.194
askarovo,biyagoda_south_west,field,0.0,12.0,100.0,2.0,728.37,726.37,0.494,0.447,0.000,0.000,0.209
askarovo,biyagoda_south_west,field,0.0,12.0,100.0,3.0,729.37,726.37,0.545,0.494,0.000,0.000,0.231
askarovo,biyagoda_south_west,field,0.0,12.0,100.0,5.0,731.37,726.37,0.596,0.540,0.000,0.000,0.253
askarovo,biyagoda_south_west,field,0.0,12.0,100.0,10.0,736.37,726.37,0.628,0.567,0.000,0.000,0.271
askarovo,biyagoda_south_west,field,0.0,12.0,100.0,30.0,756.37,726.37,0.630,0.559,0.000,0.000,0.291
askarovo,biyagoda_south_west,field,0.0,12.0,100.0,50.0,776.37,726.37,0.604,0.525,0.000,0.000,0.298
askarovo,biyagoda_south_west,field,0.0,12.0,100.0,100.0,826.37,726.37,0.549,0.454,0.000,0.000,0.309
askarovo,biyagoda_south_west,field,0.0,12.0,100.0,200.0,926.37,726.37,0.481,0.359,0.000,0.000,0.320
askarovo,biyagoda_south_west,field,0.0,12.0,100.0,300.0,1026.37,726.37,0.441,0.295,0.000,0.000,0.327
askarovo,biyagoda_south_west,field,0.0,12.0,300.0,1.0,640.14,639.14,0.163,-0.011,0.000,0.000,0.162
askarovo,biyagoda_south_west,field,0.0,12.0,300.0,1.5,640.64,639.14,0.196,-0.013,0.000,0.000,0.195
askarovo,biyagoda_south_west,field,0.0,12.0,300.0,2.0,641.14,639.14,0.219,-0.014,0.000,0.000,0.218
askarovo,biyagoda_south_west,field,0.0,12.0,300.0,3.0,642.14,639.14,0.251,-0.016,0.000,0.000,0.250
askarovo,biyagoda_south_west,field,0.0,12.0,300.0,5.0,644.14,639.14,0.290,-0.019,0.000,0.000,0.290
askarovo,biyagoda_south_west,field,0.0,12.0,300.0,10.0,649.14,639.14,0.331,-0.015,0.000,0.000,0.331
askarovo,biyagoda_south_west,field,0.0,12.0,300.0,30.0,669.14,639.14,0.371,0.060,0.000,0.000,0.366
askarovo,biyagoda_south_west,field,0.0,12.0,300.0,50.0,689.14,639.14,0.397,0.124,0.000,0.000,0.377
askarovo,biyagoda_south_west,field,0.0,12.0,300.0,100.0,739.14,639.14,0.419,0.188,0.000,0.000,0.375
askarovo,biyagoda_south_west,field,0.0,12.0,300.0,200.0,839.14,639.14,0.421,0.211,0.000,0.000,0.364
askarovo,biyagoda_south_west,field,0.0,12.0,300.0,300.0,939.14,639.14,0.407,0.197,0.000,0.000,0.356
askarovo,biyagoda_south_west,field,3.0,12.0,-3000.0,1.0,426.01,425.01,1.360,1.352,-0.005,1.898,0.147
askarovo,biyagoda_south_west,field,3.0,12.0,-3000.0,1.5,426.51,425.01,1.604,1.595,-0.006,1.987,0.173
askarovo,biyagoda_south_west,field,3.0,12.0,-3000.0,2.0,427.01,425.01,1.693,1.684,-0.006,2.052,0.176
askarovo,biyagoda_south_west,field,3.0,12.0,-3000.0,3.0,428.01,425.01,1.814,1.805,-0.007,2.149,0.179
askarovo,biyagoda_south_west,field,3.0,12.0,-3000.0,5.0,430.01,425.01,1.972,1.963,-0.007,2.279,0.180
askarovo,biyagoda_south_west,field,3.0,12.0,-3000.0,10.0,435.01,425.01,2.207,2.200,-0.008,2.472,0.178
askarovo,biyagoda_south_west,field,3.0,12.0,-3000.0,30.0,455.01,425.01,2.709,2.705,-0.011,2.837,0.145
askarovo,biyagoda_south_west,field,3.0,12.0,-3000.0,50.0,475.01,425.01,3.047,3.045,-0.013,3.047,0.099
askarovo,biyagoda_south_west,field,3.0,12.0,-3000.0,100.0,525.01,425.01,3.312,3.311,-0.018,3.409,0.083
askarovo,biyagoda_south_west,field,3.0,12.0,-3000.0,200.0,625.01,425.01,3.555,3.554,-0.022,3.936,0.071
askarovo,biyagoda_south_west,field,3.0,12.0,-3000.0,300.0,725.01,425.01,3.664,3.663,-0.022,4.205,0.078
askarovo,biyagoda_south_west,field,3.0,12.0,-1000.0,1.0,437.05,436.05,1.621,1.619,0.001,1.913,0.079
askarovo,biyagoda_south_west,field,3.0,12.0,-1000.0,1.5,437.55,436.05,1.766,1.764,0.001,2.003,0.086
askarovo,biyagoda_south_west,field,3.0,12.0,-1000.0,2.0,438.05,436.05,1.830,1.828,0.001,2.069,0.090
askarovo,biyagoda_south_west,field,3.0,12.0,-1000.0,3.0,439.05,436.05,1.905,1.902,0.001,2.167,0.093
askarovo,biyagoda_south_west,field,3.0,12.0,-1000.0,5.0,441.05,436.05,1.975,1.973,0.002,2.298,0.098
askarovo,biyagoda_south_west,field,3.0,12.0,-1000.0,10.0,446.05,436.05,2.062,2.059,0.003,2.492,0.104
askarovo,biyagoda_south_west,field,3.0,12.0,-1000.0,30.0,466.05,436.05,2.365,2.361,0.006,2.859,0.126
askarovo,biyagoda_south_west,field,3.0,12.0,-1000.0,50.0,486.05,436.05,2.533,2.529,0.011,3.071,0.137
askarovo,biyagoda_south_west,field,3.0,12.0,-1000.0,100.0,536.05,436.05,2.794,2.790,0.025,3.435,0.150
askarovo,biyagoda_south_west,field,3.0,12.0,-1000.0,200.0,636.05,436.05,3.075,3.071,0.047,3.964,0.158
askarovo,biyagoda_south_west,field,3.0,12.0,-1000.0,300.0,736.05,436.05,3.237,3.233,0.064,4.233,0.158
askarovo,biyagoda_south_west,field,3.0,12.0,-300.0,1.0,567.86,566.86,0.442,0.442,0.077,2.095,-0.007
askarovo,biyagoda_south_west,field,3.0,12.0,-300.0,1.5,568.36,566.86,0.518,0.517,0.090,2.193,-0.009
askarovo,biyagoda_south_west,field,3.0,12.0,-300.0,2.0,568.86,566.86,0.571,0.571,0.099,2.266,-0.010
askarovo,biyagoda_south_west,field,3.0,12.0,-300.0,3.0,569.86,566.86,0.647,0.647,0.112,2.373,-0.011
askarovo,biyagoda_south_west,field,3.0,12.0,-300.0,5.0,571.86,566.86,0.742,0.742,0.129,2.516,-0.013
askarovo,biyagoda_south_west,field,3.0,12.0,-300.0,10.0,576.86,566.86,0.871,0.871,0.151,2.728,-0.015
askarovo,biyagoda_south_west,field,3.0,12.0,-300.0,30.0,596.86,566.86,1.603,1.600,0.273,3.125,0.106
askarovo,biyagoda_south_west,field,3.0,12.0,-300.0,50.0,616.86,566.86,2.230,2.221,0.373,3.353,0.204
askarovo,biyagoda_south_west,field,3.0,12.0,-300.0,100.0,666.86,566.86,2.770,2.763,0.420,3.740,0.185
askarovo,biyagoda_south_west,field,3.0,12.0,-300.0,200.0,766.86,566.86,3.368,3.364,0.388,4.293,0.154
askarovo,biyagoda_south_west,field,3.0,12.0,-300.0,300.0,866.86,566.86,3.626,3.624,0.324,4.564,0.141
askarovo,biyagoda_south_west,field,3.0,12.0,-150.0,1.0,660.69,659.69,0.729,0.729,0.157,2.224,-0.008
askarovo,biyagoda_south_west,field,3.0,12.0,-150.0,1.5,661.19,659.69,0.838,0.838,0.181,2.328,-0.010
askarovo,biyagoda_south_west,field,3.0,12.0,-150.0,2.0,661.69,659.69,0.904,0.903,0.194,2.405,-0.013
askarovo,biyagoda_south_west,field,3.0,12.0,-150.0,3.0,662.69,659.69,1.000,1.000,0.214,2.519,-0.017
askarovo,biyagoda_south_west,field,3.0,12.0,-150.0,5.0,664.69,659.69,1.134,1.134,0.241,2.670,-0.022
askarovo,biyagoda_south_west,field,3.0,12.0,-150.0,10.0,669.69,659.69,1.360,1.360,0.287,2.895,-0.026
askarovo,biyagoda_south_west,field,3.0,12.0,-150.0,30.0,689.69,659.69,2.267,2.266,0.451,3.314,0.052
askarovo,biyagoda_south_west,field,3.0,12.0,-150.0,50.0,709.69,659.69,3.246,3.242,0.578,3.553,0.177
askarovo,biyagoda_south_west,field,3.0,12.0,-150.0,100.0,759.69,659.69,3.707,3.704,0.520,3.956,0.135
askarovo,biyagoda_south_west,field,3.0,12.0,-150.0,200.0,859.69,659.69,3.947,3.945,0.359,4.527,0.118
askarovo,biyagoda_south_west,field,3.0,12.0,-150.0,300.0,959.69,659.69,3.948,3.947,0.261,4.799,0.114
askarovo,biyagoda_south_west,field,3.0,12.0,-50.0,1.0,708.98,707.98,1.401,1.399,0.215,2.291,0.082
askarovo,biyagoda_south_west,field,3.0,12.0,-50.0,1.5,709.48,707.98,1.555,1.552,0.225,2.399,0.089
askarovo,biyagoda_south_west,field,3.0,12.0,-50.0,2.0,709.98,707.98,1.669,1.667,0.233,2.478,0.093
askarovo,biyagoda_south_west,field,3.0,12.0,-50.0,3.0,710.98,707.98,1.842,1.840,0.246,2.595,0.099
askarovo,biyagoda_south_west,field,3.0,12.0,-50.0,5.0,712.98,707.98,2.090,2.087,0.265,2.751,0.106
askarovo,biyagoda_south_west,field,3.0,12.0,-50.0,10.0,717.98,707.98,2.517,2.514,0.299,2.982,0.113
askarovo,biyagoda_south_west,field,3.0,12.0,-50.0,30.0,737.98,707.98,3.736,3.735,0.446,3.413,0.087
askarovo,biyagoda_south_west,field,3.0,12.0,-50.0,50.0,757.98,707.98,4.027,4.026,0.440,3.657,0.077
askarovo,biyagoda_south_west,field,3.0,12.0,-50.0,100.0,807.98,707.98,4.180,4.179,0.352,4.068,0.088
askarovo,biyagoda_south_west,field,3.0,12.0,-50.0,200.0,907.98,707.98,4.119,4.117,0.241,4.649,0.101
askarovo,biyagoda_south_west,field,3.0,12.0,-50.0,300.0,1007.98,707.98,4.023,4.021,0.187,4.921,0.103
askarovo,biyagoda_south_west,field,3.0,12.0,-30.0,1.0,717.57,716.57,1.575,1.574,0.261,2.303,0.057
askarovo,biyagoda_south_west,field,3.0,12.0,-30.0,1.5,718.07,716.57,1.708,1.707,0.267,2.411,0.057
askarovo,biyagoda_south_west,field,3.0,12.0,-30.0,2.0,718.57,716.57,1.814,1.813,0.273,2.491,0.057
askarovo,biyagoda_south_west,field,3.0,12.0,-30.0,3.0,719.57,716.57,1.987,1.986,0.283,2.608,0.056
askarovo,biyagoda_south_west,field,3.0,12.0,-30.0,5.0,721.57,716.57,2.258,2.258,0.301,2.765,0.053
askarovo,biyagoda_south_west,field,3.0,12.0,-30.0,10.0,726.57,716.57,2.785,2.785,0.340,2.997,0.044
askarovo,biyagoda_south_west,field,3.0,12.0,-30.0,30.0,746.57,716.57,4.002,4.002,0.434,3.430,0.026
askarovo,biyagoda_south_west,field,3.0,12.0,-30.0,50.0,766.57,716.57,4.160,4.160,0.379,3.675,0.049
askarovo,biyagoda_south_west,field,3.0,12.0,-30.0,100.0,816.57,716.57,4.224,4.223,0.301,4.088,0.084
askarovo,biyagoda_south_west,field,3.0,12.0,-30.0,200.0,916.57,716.57,4.131,4.129,0.217,4.670,0.099
askarovo,biyagoda_south_west,field,3.0,12.0,-30.0,300.0,1016.57,716.57,4.027,4.026,0.173,4.942,0.101
askarovo,biyagoda_south_west,field,3.0,12.0,-20.0,1.0,721.58,720.58,1.646,1.645,0.226,2.309,0.057
askarovo,biyagoda_south_west,field,3.0,12.0,-20.0,1.5,722.08,720.58,1.824,1.823,0.232,2.417,0.058
askarovo,biyagoda_south_west,field,3.0,12.0,-20.0,2.0,722.58,720.58,1.961,1.960,0.237,2.497,0.059
askarovo,biyagoda_south_west,field,3.0,12.0,-20.0,3.0,723.58,720.58,2.174,2.173,0.247,2.614,0.059
askarovo,biyagoda_south_west,field,3.0,12.0,-20.0,5.0,725.58,720.58,2.491,2.490,0.263,2.772,0.058
askarovo,biyagoda_south_west,field,3.0,12.0,-20.0,10.0,730.58,720.58,3.033,3.033,0.300,3.004,0.050
askarovo,biyagoda_south_west,field,3.0,12.0,-20.0,30.0,750.58,720.58,4.047,4.046,0.372,3.438,0.033
askarovo,biyagoda_south_west,field,3.0,12.0,-20.0,50.0,770.58,720.58,4.178,4.177,0.332,3.684,0.055
askarovo,biyagoda_south_west,field,3.0,12.0,-20.0,100.0,820.58,720.58,4.229,4.228,0.276,4.098,0.085
askarovo,biyagoda_south_west,field,3.0,12.0,-20.0,200.0,920.58,720.58,4.132,4.131,0.205,4.680,0.098
askarovo,biyagoda_south_west,field,3.0,12.0,-20.0,300.0,1020.58,720.58,4.028,4.026,0.166,4.953,0.100
askarovo,biyagoda_south_west,field,3.0,12.0,-10.0,1.0,725.41,724.41,1.932,1.930,0.175,2.314,0.070
askarovo,biyagoda_south_west,field,3.0,12.0,-10.0,1.5,725.91,724.41,2.118,2.117,0.181,2.422,0.074
askarovo,biyagoda_south_west,field,3.0,12.0,-10.0,2.0,726.41,724.41,2.266,2.265,0.185,2.503,0.077
askarovo,biyagoda_south_west,field,3.0,12.0,-10.0,3.0,727.41,724.41,2.499,2.498,0.193,2.620,0.081
askarovo,biyagoda_south_west,field,3.0,12.0,-10.0,5.0,729.41,724.41,2.840,2.839,0.207,2.778,0.086
askarovo,biyagoda_south_west,field,3.0,12.0,-10.0,10.0,734.41,724.41,3.302,3.301,0.238,3.011,0.079
askarovo,biyagoda_south_west,field,3.0,12.0,-10.0,30.0,754.41,724.41,4.058,4.057,0.300,3.446,0.058
askarovo,biyagoda_south_west,field,3.0,12.0,-10.0,50.0,774.41,724.41,4.176,4.175,0.283,3.692,0.070
askarovo,biyagoda_south_west,field,3.0,12.0,-10.0,100.0,824.41,724.41,4.226,4.225,0.250,4.107,0.088
askarovo,biyagoda_south_west,field,3.0,12.0,-10.0,200.0,924.41,724.41,4.131,4.130,0.194,4.690,0.097
askarovo,biyagoda_south_west,field,3.0,12.0,-10.0,300.0,1024.41,724.41,4.027,4.026,0.159,4.962,0.099
askarovo,biyagoda_south_west,field,3.0,12.0,0.0,1.0,729.18,728.18,2.250,2.248,0.130,2.319,0.090
askarovo,biyagoda_south_west,field,3.0,12.0,0.0,1.5,729.68,728.18,2.437,2.435,0.135,2.428,0.096
askarovo,biyagoda_south_west,field,3.0,12.0,0.0,2.0,730.18,728.18,2.590,2.588,0.139,2.508,0.100
askarovo,biyagoda_south_west,field,3.0,12.0,0.0,3.0,731.18,728.18,2.831,2.829,0.145,2.626,0.107
askarovo,biyagoda_south_west,field,3.0,12.0,0.0,5.0,733.18,728.18,3.155,3.153,0.156,2.784,0.115
askarovo,biyagoda_south_west,field,3.0,12.0,0.0,10.0,738.18,728.18,3.514,3.513,0.182,3.018,0.107
askarovo,biyagoda_south_west,field,3.0,12.0,0.0,30.0,758.18,728.18,4.068,4.067,0.240,3.454,0.080
askarovo,biyagoda_south_west,field,3.0,12.0,0.0,50.0,778.18,728.18,4.174,4.173,0.241,3.700,0.082
askarovo,biyagoda_south_west,field,3.0,12.0,0.0,100.0,828.18,728.18,4.222,4.221,0.227,4.116,0.090
askarovo,biyagoda_south_west,field,3.0,12.0,0.0,200.0,928.18,728.18,4.130,4.128,0.183,4.700,0.097
askarovo,biyagoda_south_west,field,3.0,12.0,0.0,300.0,1028.18,728.18,4.026,4.025,0.152,4.972,0.099
askarovo,biyagoda_south_west,field,3.0,12.0,100.0,1.0,727.37,726.37,2.190,2.186,0.007,2.317,0.127
askarovo,biyagoda_south_west,field,3.0,12.0,100.0,1.5,727.87,726.37,2.422,2.418,0.008,2.425,0.140
askarovo,biyagoda_south_west,field,3.0,12.0,100.0,2.0,728.37,726.37,2.602,2.598,0.008,2.505,0.150
askarovo,biyagoda_south_west,field,3.0,12.0,100.0,3.0,729.37,726.37,2.876,2.871,0.009,2.623,0.166
askarovo,biyagoda_south_west,field,3.0,12.0,100.0,5.0,731.37,726.37,3.154,3.149,0.011,2.781,0.181
askarovo,biyagoda_south_west,field,3.0,12.0,100.0,10.0,736.37,726.37,3.383,3.377,0.014,3.015,0.186
askarovo,biyagoda_south_west,field,3.0,12.0,100.0,30.0,756.37,726.37,3.766,3.763,0.030,3.450,0.152
askarovo,biyagoda_south_west,field,3.0,12.0,100.0,50.0,776.37,726.37,3.934,3.932,0.046,3.696,0.124
askarovo,biyagoda_south_west,field,3.0,12.0,100.0,100.0,826.37,726.37,4.096,4.094,0.077,4.111,0.098
askarovo,biyagoda_south_west,field,3.0,12.0,100.0,200.0,926.37,726.37,4.097,4.096,0.097,4.695,0.091
askarovo,biyagoda_south_west,field,3.0,12.0,100.0,300.0,1026.37,726.37,4.023,4.022,0.098,4.967,0.092
askarovo,biyagoda_south_west,field,3.0,12.0,300.0,1.0,640.14,639.14,0.141,0.138,0.005,2.196,-0.029
askarovo,biyagoda_south_west,field,3.0,12.0,300.0,1.5,640.64,639.14,0.176,0.173,0.006,2.298,-0.035
askarovo,biyagoda_south_west,field,3.0,12.0,300.0,2.0,641.14,639.14,0.201,0.197,0.006,2.374,-0.039
askarovo,biyagoda_south_west,field,3.0,12.0,300.0,3.0,642.14,639.14,0.235,0.231,0.007,2.486,-0.044
askarovo,biyagoda_south_west,field,3.0,12.0,300.0,5.0,644.14,639.14,0.279,0.274,0.008,2.636,-0.052
askarovo,biyagoda_south_west,field,3.0,12.0,300.0,10.0,649.14,639.14,0.369,0.365,0.009,2.858,-0.057
askarovo,biyagoda_south_west,field,3.0,12.0,300.0,30.0,669.14,639.14,0.909,0.908,-0.002,3.273,-0.017
askarovo,biyagoda_south_west,field,3.0,12.0,300.0,50.0,689.14,639.14,1.511,1.511,-0.030,3.508,0.031
askarovo,biyagoda_south_west,field,3.0,12.0,300.0,100.0,739.14,639.14,2.806,2.804,-0.071,3.908,0.098
askarovo,biyagoda_south_west,field,3.0,12.0,300.0,200.0,839.14,639.14,3.650,3.649,-0.017,4.475,0.095
askarovo,biyagoda_south_west,field,3.0,12.0,300.0,300.0,939.14,639.14,3.838,3.837,0.004,4.747,0.086
askarovo,biyagoda_south_west,field,6.0,12.0,-3000.0,1.0,426.01,425.01,2.049,2.040,-0.008,2.827,0.191
askarovo,biyagoda_south_west,field,6.0,12.0,-3000.0,1.5,426.51,425.01,2.416,2.406,-0.009,3.117,0.224
askarovo,biyagoda_south_west,field,6.0,12.0,-3000.0,2.0,427.01,425.01,2.557,2.547,-0.009,3.341,0.227
askarovo,biyagoda_south_west,field,6.0,12.0,-3000.0,3.0,428.01,425.01,2.751,2.742,-0.010,3.685,0.226
askarovo,biyagoda_south_west,field,6.0,12.0,-3000.0,5.0,430.01,425.01,3.005,2.996,-0.011,4.172,0.224
askarovo,biyagoda_south_west,field,6.0,12.0,-3000.0,10.0,435.01,425.01,3.391,3.385,-0.013,4.945,0.212
askarovo,biyagoda_south_west,field,6.0,12.0,-3000.0,30.0,455.01,425.01,4.251,4.249,-0.018,6.530,0.141
askarovo,biyagoda_south_west,field,6.0,12.0,-3000.0,50.0,475.01,425.01,4.867,4.867,-0.022,7.488,0.053
askarovo,biyagoda_south_west,field,6.0,12.0,-3000.0,100.0,525.01,425.01,5.599,5.599,-0.035,9.156,-0.026
askarovo,biyagoda_south_west,field,6.0,12.0,-3000.0,200.0,625.01,425.01,6.478,6.477,-0.051,11.552,-0.103
askarovo,biyagoda_south_west,field,6.0,12.0,-3000.0,300.0,725.01,425.01,7.010,7.009,-0.053,13.547,-0.106
askarovo,biyagoda_south_west,field,6.0,12.0,-1000.0,1.0,437.05,436.05,2.150,2.149,0.003,2.850,0.068
askarovo,biyagoda_south_west,field,6.0,12.0,-1000.0,1.5,437.55,436.05,2.346,2.345,0.003,3.142,0.075
askarovo,biyagoda_south_west,field,6.0,12.0,-1000.0,2.0,438.05,436.05,2.438,2.436,0.004,3.368,0.078
askarovo,biyagoda_south_west,field,6.0,12.0,-1000.0,3.0,439.05,436.05,2.551,2.549,0.004,3.715,0.082
askarovo,biyagoda_south_west,field,6.0,12.0,-1000.0,5.0,441.05,436.05,2.680,2.679,0.005,4.205,0.087
askarovo,biyagoda_south_west,field,6.0,12.0,-1000.0,10.0,446.05,436.05,2.900,2.898,0.007,4.984,0.097
askarovo,biyagoda_south_west,field,6.0,12.0,-1000.0,30.0,466.05,436.05,3.699,3.696,0.018,6.582,0.134
askarovo,biyagoda_south_west,field,6.0,12.0,-1000.0,50.0,486.05,436.05,4.166,4.163,0.033,7.546,0.152
askarovo,biyagoda_south_west,field,6.0,12.0,-1000.0,100.0,536.05,436.05,4.910,4.907,0.070,9.225,0.166
askarovo,biyagoda_south_west,field,6.0,12.0,-1000.0,200.0,636.05,436.05,5.775,5.773,0.129,11.633,0.156
askarovo,biyagoda_south_west,field,6.0,12.0,-1000.0,300.0,736.05,436.05,6.361,6.359,0.174,13.637,0.137
askarovo,biyagoda_south_west,field,6.0,12.0,-300.0,1.0,567.86,566.86,0.775,0.773,0.207,3.121,-0.044
askarovo,biyagoda_south_west,field,6.0,12.0,-300.0,1.5,568.36,566.86,0.908,0.906,0.243,3.441,-0.052
askarovo,biyagoda_south_west,field,6.0,12.0,-300.0,2.0,568.86,566.86,1.002,1.000,0.268,3.688,-0.057
askarovo,biyagoda_south_west,field,6.0,12.0,-300.0,3.0,569.86,566.86,1.135,1.133,0.304,4.067,-0.065
askarovo,biyagoda_south_west,field,6.0,12.0,-300.0,5.0,571.86,566.86,1.302,1.300,0.349,4.604,-0.075
askarovo,biyagoda_south_west,field,6.0,12.0,-300.0,10.0,576.86,566.86,1.529,1.526,0.410,5.455,-0.088
askarovo,biyagoda_south_west,field,6.0,12.0,-300.0,30.0,596.86,566.86,2.843,2.841,0.740,7.195,0.106
askarovo,biyagoda_south_west,field,6.0,12.0,-300.0,50.0,616.86,566.86,4.017,4.008,1.018,8.239,0.266
askarovo,biyagoda_south_west,field,6.0,12.0,-300.0,100.0,666.86,566.86,5.195,5.191,1.171,10.043,0.212
askarovo,biyagoda_south_west,field,6.0,12.0,-300.0,200.0,766.86,566.86,6.662,6.661,1.106,12.600,0.136
askarovo,biyagoda_south_west,field,6.0,12.0,-300.0,300.0,866.86,566.86,7.448,7.447,0.909,14.702,0.102
askarovo,biyagoda_south_west,field,6.0,12.0,-150.0,1.0,660.69,659.69,1.354,1.352,0.439,3.313,-0.070
askarovo,biyagoda_south_west,field,6.0,12.0,-150.0,1.5,661.19,659.69,1.557,1.555,0.504,3.653,-0.081
askarovo,biyagoda_south_west,field,6.0,12.0,-150.0,2.0,661.69,659.69,1.680,1.678,0.542,3.915,-0.092
askarovo,biyagoda_south_west,field,6.0,12.0,-150.0,3.0,662.69,659.69,1.861,1.858,0.597,4.318,-0.107
askarovo,biyagoda_south_west,field,6.0,12.0,-150.0,5.0,664.69,659.69,2.113,2.109,0.673,4.887,-0.127
askarovo,biyagoda_south_west,field,6.0,12.0,-150.0,10.0,669.69,659.69,2.538,2.534,0.802,5.789,-0.151
askarovo,biyagoda_south_west,field,6.0,12.0,-150.0,30.0,689.69,659.69,4.263,4.262,1.261,7.630,-0.036
askarovo,biyagoda_south_west,field,6.0,12.0,-150.0,50.0,709.69,659.69,6.185,6.183,1.622,8.731,0.185
askarovo,biyagoda_south_west,field,6.0,12.0,-150.0,100.0,759.69,659.69,7.282,7.281,1.475,10.624,0.089
askarovo,biyagoda_south_west,field,6.0,12.0,-150.0,200.0,859.69,659.69,8.061,8.061,1.020,13.286,0.052
askarovo,biyagoda_south_west,field,6.0,12.0,-150.0,300.0,959.69,659.69,8.332,8.331,0.731,15.458,0.044
askarovo,biyagoda_south_west,field,6.0,12.0,-50.0,1.0,708.98,707.98,2.669,2.668,0.597,3.413,0.093
askarovo,biyagoda_south_west,field,6.0,12.0,-50.0,1.5,709.48,707.98,2.963,2.961,0.627,3.763,0.098
askarovo,biyagoda_south_west,field,6.0,12.0,-50.0,2.0,709.98,707.98,3.182,3.181,0.650,4.033,0.102
askarovo,biyagoda_south_west,field,6.0,12.0,-50.0,3.0,710.98,707.98,3.514,3.513,0.686,4.448,0.105
askarovo,biyagoda_south_west,field,6.0,12.0,-50.0,5.0,712.98,707.98,3.989,3.988,0.738,5.034,0.106
askarovo,biyagoda_south_west,field,6.0,12.0,-50.0,10.0,717.98,707.98,4.809,4.808,0.835,5.963,0.099
askarovo,biyagoda_south_west,field,6.0,12.0,-50.0,30.0,737.98,707.98,7.197,7.197,1.249,7.856,0.007
askarovo,biyagoda_south_west,field,6.0,12.0,-50.0,50.0,757.98,707.98,7.861,7.861,1.238,8.987,-0.028
askarovo,biyagoda_south_west,field,6.0,12.0,-50.0,100.0,807.98,707.98,8.378,8.378,1.005,10.926,-0.016
askarovo,biyagoda_south_west,field,6.0,12.0,-50.0,200.0,907.98,707.98,8.550,8.550,0.691,13.642,0.011
askarovo,biyagoda_south_west,field,6.0,12.0,-50.0,300.0,1007.98,707.98,8.617,8.617,0.530,15.851,0.019
askarovo,biyagoda_south_west,field,6.0,12.0,-30.0,1.0,717.57,716.57,3.008,3.007,0.726,3.431,0.050
askarovo,biyagoda_south_west,field,6.0,12.0,-30.0,1.5,718.07,716.57,3.263,3.262,0.745,3.782,0.044
askarovo,biyagoda_south_west,field,6.0,12.0,-30.0,2.0,718.57,716.57,3.468,3.467,0.761,4.054,0.039
askarovo,biyagoda_south_west,field,6.0,12.0,-30.0,3.0,719.57,716.57,3.801,3.801,0.789,4.471,0.030
askarovo,biyagoda_south_west,field,6.0,12.0,-30.0,5.0,721.57,716.57,4.325,4.325,0.839,5.060,0.013
askarovo,biyagoda_south_west,field,6.0,12.0,-30.0,10.0,726.57,716.57,5.342,5.341,0.950,5.994,-0.024
askarovo,biyagoda_south_west,field,6.0,12.0,-30.0,30.0,746.57,716.57,7.736,7.735,1.218,7.896,-0.109
askarovo,biyagoda_south_west,field,6.0,12.0,-30.0,50.0,766.57,716.57,8.154,8.154,1.072,9.032,-0.083
askarovo,biyagoda_south_west,field,6.0,12.0,-30.0,100.0,816.57,716.57,8.498,8.498,0.865,10.980,-0.025
askarovo,biyagoda_south_west,field,6.0,12.0,-30.0,200.0,916.57,716.57,8.601,8.601,0.625,13.706,0.006
askarovo,biyagoda_south_west,field,6.0,12.0,-30.0,300.0,1016.57,716.57,8.653,8.653,0.493,15.921,0.015
askarovo,biyagoda_south_west,field,6.0,12.0,-20.0,1.0,721.58,720.58,3.145,3.145,0.630,3.439,0.046
askarovo,biyagoda_south_west,field,6.0,12.0,-20.0,1.5,722.08,720.58,3.487,3.487,0.647,3.792,0.042
askarovo,biyagoda_south_west,field,6.0,12.0,-20.0,2.0,722.58,720.58,3.750,3.750,0.662,4.064,0.038
askarovo,biyagoda_south_west,field,6.0,12.0,-20.0,3.0,723.58,720.58,4.160,4.160,0.689,4.482,0.030
askarovo,biyagoda_south_west,field,6.0,12.0,-20.0,5.0,725.58,720.58,4.771,4.771,0.735,5.073,0.016
askarovo,biyagoda_south_west,field,6.0,12.0,-20.0,10.0,730.58,720.58,5.819,5.819,0.839,6.009,-0.020
askarovo,biyagoda_south_west,field,6.0,12.0,-20.0,30.0,750.58,720.58,7.838,7.837,1.045,7.915,-0.099
askarovo,biyagoda_south_west,field,6.0,12.0,-20.0,50.0,770.58,720.58,8.205,8.204,0.941,9.053,-0.074
askarovo,biyagoda_south_west,field,6.0,12.0,-20.0,100.0,820.58,720.58,8.522,8.522,0.794,11.005,-0.024
askarovo,biyagoda_south_west,field,6.0,12.0,-20.0,200.0,920.58,720.58,8.617,8.617,0.593,13.736,0.004
askarovo,biyagoda_south_west,field,6.0,12.0,-20.0,300.0,1020.58,720.58,8.666,8.666,0.474,15.954,0.013
askarovo,biyagoda_south_west,field,6.0,12.0,-10.0,1.0,725.41,724.41,3.693,3.692,0.490,3.447,0.059
askarovo,biyagoda_south_west,field,6.0,12.0,-10.0,1.5,725.91,724.41,4.051,4.050,0.505,3.800,0.059
askarovo,biyagoda_south_west,field,6.0,12.0,-10.0,2.0,726.41,724.41,4.335,4.335,0.518,4.073,0.059
askarovo,biyagoda_south_west,field,6.0,12.0,-10.0,3.0,727.41,724.41,4.782,4.782,0.541,4.492,0.057
askarovo,biyagoda_south_west,field,6.0,12.0,-10.0,5.0,729.41,724.41,5.438,5.437,0.581,5.084,0.052
askarovo,biyagoda_south_west,field,6.0,12.0,-10.0,10.0,734.41,724.41,6.334,6.334,0.668,6.022,0.021
askarovo,biyagoda_south_west,field,6.0,12.0,-10.0,30.0,754.41,724.41,7.876,7.875,0.846,7.933,-0.055
askarovo,biyagoda_south_west,field,6.0,12.0,-10.0,50.0,774.41,724.41,8.218,8.218,0.807,9.074,-0.047
askarovo,biyagoda_south_west,field,6.0,12.0,-10.0,100.0,824.41,724.41,8.531,8.531,0.724,11.029,-0.019
askarovo,biyagoda_south_west,field,6.0,12.0,-10.0,200.0,924.41,724.41,8.628,8.628,0.561,13.764,0.003
askarovo,biyagoda_south_west,field,6.0,12.0,-10.0,300.0,1024.41,724.41,8.676,8.676,0.456,15.985,0.012
askarovo,biyagoda_south_west,field,6.0,12.0,0.0,1.0,729.18,728.18,4.301,4.301,0.366,3.455,0.081
askarovo,biyagoda_south_west,field,6.0,12.0,0.0,1.5,729.68,728.18,4.660,4.660,0.379,3.809,0.085
askarovo,biyagoda_south_west,field,6.0,12.0,0.0,2.0,730.18,728.18,4.952,4.951,0.390,4.082,0.088
askarovo,biyagoda_south_west,field,6.0,12.0,0.0,3.0,731.18,728.18,5.416,5.415,0.409,4.502,0.092
askarovo,biyagoda_south_west,field,6.0,12.0,0.0,5.0,733.18,728.18,6.037,6.036,0.441,5.096,0.093
askarovo,biyagoda_south_west,field,6.0,12.0,0.0,10.0,738.18,728.18,6.743,6.742,0.514,6.036,0.064
askarovo,biyagoda_south_west,field,6.0,12.0,0.0,30.0,758.18,728.18,7.912,7.912,0.681,7.951,-0.018
askarovo,biyagoda_south_west,field,6.0,12.0,0.0,50.0,778.18,728.18,8.231,8.231,0.691,9.094,-0.025
askarovo,biyagoda_south_west,field,6.0,12.0,0.0,100.0,828.18,728.18,8.540,8.540,0.660,11.052,-0.015
askarovo,biyagoda_south_west,field,6.0,12.0,0.0,200.0,928.18,728.18,8.638,8.638,0.531,13.792,0.001
askarovo,biyagoda_south_west,field,6.0,12.0,0.0,300.0,1028.18,728.18,8.686,8.686,0.439,16.016,0.010
askarovo,biyagoda_south_west,field,6.0,12.0,100.0,1.0,727.37,726.37,4.112,4.110,0.025,3.451,0.141
askarovo,biyagoda_south_west,field,6.0,12.0,100.0,1.5,727.87,726.37,4.547,4.545,0.027,3.805,0.155
askarovo,biyagoda_south_west,field,6.0,12.0,100.0,2.0,728.37,726.37,4.887,4.884,0.029,4.078,0.167
askarovo,biyagoda_south_west,field,6.0,12.0,100.0,3.0,729.37,726.37,5.400,5.397,0.032,4.498,0.184
askarovo,biyagoda_south_west,field,6.0,12.0,100.0,5.0,731.37,726.37,5.926,5.922,0.037,5.090,0.199
askarovo,biyagoda_south_west,field,6.0,12.0,100.0,10.0,736.37,726.37,6.372,6.369,0.047,6.029,0.199
askarovo,biyagoda_south_west,field,6.0,12.0,100.0,30.0,756.37,726.37,7.258,7.257,0.100,7.942,0.112
askarovo,biyagoda_south_west,field,6.0,12.0,100.0,50.0,776.37,726.37,7.741,7.741,0.153,9.084,0.047
askarovo,biyagoda_south_west,field,6.0,12.0,100.0,100.0,826.37,726.37,8.316,8.316,0.250,11.041,-0.009
askarovo,biyagoda_south_west,field,6.0,12.0,100.0,200.0,926.37,726.37,8.611,8.611,0.302,13.778,-0.015
askarovo,biyagoda_south_west,field,6.0,12.0,100.0,300.0,1026.37,726.37,8.706,8.706,0.297,16.001,-0.006
askarovo,biyagoda_south_west,field,6.0,12.0,300.0,1.0,640.14,639.14,0.123,-0.123,0.029,3.270,-0.011
askarovo,biyagoda_south_west,field,6.0,12.0,300.0,1.5,640.64,639.14,0.095,-0.093,0.034,3.606,-0.014
askarovo,biyagoda_south_west,field,6.0,12.0,300.0,2.0,641.14,639.14,0.074,-0.072,0.038,3.865,-0.017
askarovo,biyagoda_south_west,field,6.0,12.0,300.0,3.0,642.14,639.14,0.044,-0.040,0.043,4.262,-0.020
askarovo,biyagoda_south_west,field,6.0,12.0,300.0,5.0,644.14,639.14,0.025,0.006,0.050,4.824,-0.024
askarovo,biyagoda_south_west,field,6.0,12.0,300.0,10.0,649.14,639.14,0.140,0.131,0.057,5.715,-0.048
askarovo,biyagoda_south_west,field,6.0,12.0,300.0,30.0,669.14,639.14,1.020,1.013,0.043,7.533,-0.119
askarovo,biyagoda_south_west,field,6.0,12.0,300.0,50.0,689.14,639.14,2.184,2.180,-0.033,8.622,-0.120
askarovo,biyagoda_south_west,field,6.0,12.0,300.0,100.0,739.14,639.14,5.455,5.455,-0.148,10.495,0.006
askarovo,biyagoda_south_west,field,6.0,12.0,300.0,200.0,839.14,639.14,7.665,7.665,0.013,13.134,-0.020
askarovo,biyagoda_south_west,field,6.0,12.0,300.0,300.0,939.14,639.14,8.259,8.259,0.063,15.290,-0.029
askarovo,biyagoda_south_west,field,10.0,12.0,-3000.0,1.0,426.01,425.01,2.831,2.820,-0.014,4.711,0.256
askarovo,biyagoda_south_west,field,10.0,12.0,-3000.0,1.5,426.51,425.01,3.341,3.327,-0.017,5.195,0.300
askarovo,biyagoda_south_west,field,10.0,12.0,-3000.0,2.0,427.01,425.01,3.541,3.528,-0.017,5.568,0.303
askarovo,biyagoda_south_west,field,10.0,12.0,-3000.0,3.0,428.01,425.01,3.819,3.807,-0.018,6.141,0.303
askarovo,biyagoda_south_west,field,10.0,12.0,-3000.0,5.0,430.01,425.01,4.182,4.172,-0.020,6.953,0.299
askarovo,biyagoda_south_west,field,10.0,12.0,-3000.0,10.0,435.01,425.01,4.743,4.734,-0.024,8.241,0.283
askarovo,biyagoda_south_west,field,10.0,12.0,-3000.0,30.0,455.01,425.01,6.022,6.019,-0.033,10.883,0.190
askarovo,biyagoda_south_west,field,10.0,12.0,-3000.0,50.0,475.01,425.01,6.970,6.970,-0.040,12.480,0.070
askarovo,biyagoda_south_west,field,10.0,12.0,-3000.0,100.0,525.01,425.01,8.402,8.402,-0.065,15.260,-0.083
askarovo,biyagoda_south_west,field,10.0,12.0,-3000.0,200.0,625.01,425.01,10.305,10.303,-0.102,19.253,-0.229
askarovo,biyagoda_south_west,field,10.0,12.0,-3000.0,300.0,725.01,425.01,11.551,11.549,-0.116,22.578,-0.228
askarovo,biyagoda_south_west,field,10.0,12.0,-1000.0,1.0,437.05,436.05,2.504,2.502,0.006,4.749,0.108
askarovo,biyagoda_south_west,field,10.0,12.0,-1000.0,1.5,437.55,436.05,2.737,2.735,0.007,5.237,0.119
askarovo,biyagoda_south_west,field,10.0,12.0,-1000.0,2.0,438.05,436.05,2.852,2.849,0.007,5.613,0.124
askarovo,biyagoda_south_west,field,10.0,12.0,-1000.0,3.0,439.05,436.05,3.000,2.997,0.008,6.191,0.129
askarovo,biyagoda_south_west,field,10.0,12.0,-1000.0,5.0,441.05,436.05,3.194,3.191,0.010,7.009,0.137
askarovo,biyagoda_south_west,field,10.0,12.0,-1000.0,10.0,446.05,436.05,3.577,3.573,0.015,8.307,0.154
askarovo,biyagoda_south_west,field,10.0,12.0,-1000.0,30.0,466.05,436.05,4.999,4.994,0.036,10.970,0.212
askarovo,biyagoda_south_west,field,10.0,12.0,-1000.0,50.0,486.05,436.05,5.907,5.902,0.066,12.577,0.239
askarovo,biyagoda_south_west,field,10.0,12.0,-1000.0,100.0,536.05,436.05,7.402,7.397,0.136,15.375,0.250
askarovo,biyagoda_south_west,field,10.0,12.0,-1000.0,200.0,636.05,436.05,9.219,9.217,0.242,19.389,0.202
askarovo,biyagoda_south_west,field,10.0,12.0,-1000.0,300.0,736.05,436.05,10.510,10.509,0.315,22.728,0.152
askarovo,biyagoda_south_west,field,10.0,12.0,-300.0,1.0,567.86,566.86,1.150,1.147,0.383,5.201,-0.074
askarovo,biyagoda_south_west,field,10.0,12.0,-300.0,1.5,568.36,566.86,1.347,1.345,0.449,5.734,-0.087
askarovo,biyagoda_south_west,field,10.0,12.0,-300.0,2.0,568.86,566.86,1.488,1.484,0.496,6.146,-0.096
askarovo,biyagoda_south_west,field,10.0,12.0,-300.0,3.0,569.86,566.86,1.685,1.681,0.562,6.779,-0.109
askarovo,biyagoda_south_west,field,10.0,12.0,-300.0,5.0,571.86,566.86,1.933,1.929,0.645,7.673,-0.125
askarovo,biyagoda_south_west,field,10.0,12.0,-300.0,10.0,576.86,566.86,2.270,2.265,0.757,9.092,-0.147
askarovo,biyagoda_south_west,field,10.0,12.0,-300.0,30.0,596.86,566.86,4.267,4.264,1.370,11.991,0.139
askarovo,biyagoda_south_west,field,10.0,12.0,-300.0,50.0,616.86,566.86,6.105,6.093,1.887,13.732,0.380
askarovo,biyagoda_south_west,field,10.0,12.0,-300.0,100.0,666.86,566.86,8.136,8.131,2.184,16.739,0.291
askarovo,biyagoda_south_west,field,10.0,12.0,-300.0,200.0,766.86,566.86,10.857,10.856,2.072,21.000,0.160
askarovo,biyagoda_south_west,field,10.0,12.0,-300.0,300.0,866.86,566.86,12.466,12.466,1.689,24.503,0.097
askarovo,biyagoda_south_west,field,10.0,12.0,-150.0,1.0,660.69,659.69,2.106,2.101,0.806,5.521,-0.134
askarovo,biyagoda_south_west,field,10.0,12.0,-150.0,1.5,661.19,659.69,2.422,2.417,0.926,6.088,-0.156
askarovo,biyagoda_south_west,field,10.0,12.0,-150.0,2.0,661.69,659.69,2.613,2.608,0.995,6.525,-0.175
askarovo,biyagoda_south_west,field,10.0,12.0,-150.0,3.0,662.69,659.69,2.896,2.889,1.097,7.196,-0.202
askarovo,biyagoda_south_west,field,10.0,12.0,-150.0,5.0,664.69,659.69,3.290,3.281,1.236,8.145,-0.237
askarovo,biyagoda_south_west,field,10.0,12.0,-150.0,10.0,669.69,659.69,3.956,3.946,1.473,9.649,-0.280
askarovo,biyagoda_south_west,field,10.0,12.0,-150.0,30.0,689.69,659.69,6.681,6.680,2.318,12.716,-0.114
askarovo,biyagoda_south_west,field,10.0,12.0,-150.0,50.0,709.69,659.69,9.772,9.770,2.985,14.552,0.229
askarovo,biyagoda_south_west,field,10.0,12.0,-150.0,100.0,759.69,659.69,11.729,11.728,2.728,17.707,0.075
askarovo,biyagoda_south_west,field,10.0,12.0,-150.0,200.0,859.69,659.69,13.359,13.359,1.891,22.143,0.013
askarovo,biyagoda_south_west,field,10.0,12.0,-150.0,300.0,959.69,659.69,14.131,14.131,1.339,25.763,-0.003
askarovo,biyagoda_south_west,field,10.0,12.0,-50.0,1.0,708.98,707.98,4.223,4.222,1.091,5.688,0.122
askarovo,biyagoda_south_west,field,10.0,12.0,-50.0,1.5,709.48,707.98,4.688,4.686,1.146,6.271,0.127
askarovo,biyagoda_south_west,field,10.0,12.0,-50.0,2.0,709.98,707.98,5.036,5.034,1.188,6.722,0.129
askarovo,biyagoda_south_west,field,10.0,12.0,-50.0,3.0,710.98,707.98,5.561,5.560,1.253,7.413,0.130
askarovo,biyagoda_south_west,field,10.0,12.0,-50.0,5.0,712.98,707.98,6.314,6.313,1.349,8.390,0.127
askarovo,biyagoda_south_west,field,10.0,12.0,-50.0,10.0,717.98,707.98,7.614,7.613,1.526,9.939,0.106
askarovo,biyagoda_south_west,field,10.0,12.0,-50.0,30.0,737.98,707.98,11.430,11.430,2.286,13.094,-0.055
askarovo,biyagoda_south_west,field,10.0,12.0,-50.0,50.0,757.98,707.98,12.573,12.572,2.272,14.978,-0.117
askarovo,biyagoda_south_west,field,10.0,12.0,-50.0,100.0,807.98,707.98,13.634,13.634,1.853,18.210,-0.101
askarovo,biyagoda_south_west,field,10.0,12.0,-50.0,200.0,907.98,707.98,14.287,14.287,1.271,22.737,-0.056
askarovo,biyagoda_south_west,field,10.0,12.0,-50.0,300.0,1007.98,707.98,14.723,14.723,0.959,26.419,-0.044
askarovo,biyagoda_south_west,field,10.0,12.0,-30.0,1.0,717.57,716.57,4.760,4.760,1.326,5.718,0.059
askarovo,biyagoda_south_west,field,10.0,12.0,-30.0,1.5,718.07,716.57,5.164,5.164,1.360,6.304,0.047
askarovo,biyagoda_south_west,field,10.0,12.0,-30.0,2.0,718.57,716.57,5.490,5.490,1.389,6.757,0.038
askarovo,biyagoda_south_west,field,10.0,12.0,-30.0,3.0,719.57,716.57,6.018,6.018,1.440,7.452,0.020
askarovo,biyagoda_south_west,field,10.0,12.0,-30.0,5.0,721.57,716.57,6.849,6.849,1.532,8.434,-0.011
askarovo,biyagoda_south_west,field,10.0,12.0,-30.0,10.0,726.57,716.57,8.462,8.462,1.735,9.990,-0.080
askarovo,biyagoda_south_west,field,10.0,12.0,-30.0,30.0,746.57,716.57,12.301,12.298,2.228,13.161,-0.236
askarovo,biyagoda_south_west,field,10.0,12.0,-30.0,50.0,766.57,716.57,13.063,13.062,1.967,15.054,-0.205
askarovo,biyagoda_south_west,field,10.0,12.0,-30.0,100.0,816.57,716.57,13.855,13.855,1.595,18.300,-0.116
askarovo,biyagoda_south_west,field,10.0,12.0,-30.0,200.0,916.57,716.57,14.397,14.397,1.147,22.843,-0.064
askarovo,biyagoda_south_west,field,10.0,12.0,-30.0,300.0,1016.57,716.57,14.804,14.804,0.888,26.535,-0.050
askarovo,biyagoda_south_west,field,10.0,12.0,-20.0,1.0,721.58,720.58,4.976,4.975,1.151,5.732,0.053
askarovo,biyagoda_south_west,field,10.0,12.0,-20.0,1.5,722.08,720.58,5.517,5.517,1.182,6.319,0.043
askarovo,biyagoda_south_west,field,10.0,12.0,-20.0,2.0,722.58,720.58,5.933,5.933,1.210,6.773,0.035
askarovo,biyagoda_south_west,field,10.0,12.0,-20.0,3.0,723.58,720.58,6.583,6.583,1.258,7.470,0.019
askarovo,biyagoda_south_west,field,10.0,12.0,-20.0,5.0,725.58,720.58,7.551,7.551,1.343,8.454,-0.009
askarovo,biyagoda_south_west,field,10.0,12.0,-20.0,10.0,730.58,720.58,9.214,9.213,1.533,10.014,-0.076
askarovo,biyagoda_south_west,field,10.0,12.0,-20.0,30.0,750.58,720.58,12.469,12.467,1.913,13.192,-0.222
askarovo,biyagoda_south_west,field,10.0,12.0,-20.0,50.0,770.58,720.58,13.156,13.154,1.728,15.089,-0.191
askarovo,biyagoda_south_west,field,10.0,12.0,-20.0,100.0,820.58,720.58,13.907,13.906,1.463,18.341,-0.114
askarovo,biyagoda_south_west,field,10.0,12.0,-20.0,200.0,920.58,720.58,14.436,14.436,1.087,22.893,-0.068
askarovo,biyagoda_south_west,field,10.0,12.0,-20.0,300.0,1020.58,720.58,14.837,14.837,0.853,26.590,-0.053
askarovo,biyagoda_south_west,field,10.0,12.0,-10.0,1.0,725.41,724.41,5.836,5.836,0.895,5.745,0.066
askarovo,biyagoda_south_west,field,10.0,12.0,-10.0,1.5,725.91,724.41,6.403,6.402,0.923,6.334,0.064
askarovo,biyagoda_south_west,field,10.0,12.0,-10.0,2.0,726.41,724.41,6.852,6.852,0.947,6.789,0.061
askarovo,biyagoda_south_west,field,10.0,12.0,-10.0,3.0,727.41,724.41,7.560,7.559,0.989,7.487,0.055
askarovo,biyagoda_south_west,field,10.0,12.0,-10.0,5.0,729.41,724.41,8.596,8.596,1.061,8.474,0.041
askarovo,biyagoda_south_west,field,10.0,12.0,-10.0,10.0,734.41,724.41,10.023,10.023,1.222,10.037,-0.016
askarovo,biyagoda_south_west,field,10.0,12.0,-10.0,30.0,754.41,724.41,12.537,12.536,1.550,13.222,-0.153
askarovo,biyagoda_south_west,field,10.0,12.0,-10.0,50.0,774.41,724.41,13.189,13.188,1.482,15.123,-0.149
askarovo,biyagoda_south_west,field,10.0,12.0,-10.0,100.0,824.41,724.41,13.934,13.934,1.334,18.381,-0.106
askarovo,biyagoda_south_west,field,10.0,12.0,-10.0,200.0,924.41,724.41,14.466,14.466,1.028,22.940,-0.071
askarovo,biyagoda_south_west,field,10.0,12.0,-10.0,300.0,1024.41,724.41,14.865,14.865,0.819,26.641,-0.056
askarovo,biyagoda_south_west,field,10.0,12.0,0.0,1.0,729.18,728.18,6.793,6.792,0.669,5.758,0.095
askarovo,biyagoda_south_west,field,10.0,12.0,0.0,1.5,729.68,728.18,7.360,7.359,0.692,6.348,0.099
askarovo,biyagoda_south_west,field,10.0,12.0,0.0,2.0,730.18,728.18,7.821,7.820,0.712,6.804,0.101
askarovo,biyagoda_south_west,field,10.0,12.0,0.0,3.0,731.18,728.18,8.553,8.553,0.747,7.504,0.102
askarovo,biyagoda_south_west,field,10.0,12.0,0.0,5.0,733.18,728.18,9.536,9.535,0.806,8.493,0.098
askarovo,biyagoda_south_west,field,10.0,12.0,0.0,10.0,738.18,728.18,10.664,10.664,0.940,10.060,0.046
askarovo,biyagoda_south_west,field,10.0,12.0,0.0,30.0,758.18,728.18,12.603,12.602,1.249,13.251,-0.097
askarovo,biyagoda_south_west,field,10.0,12.0,0.0,50.0,778.18,728.18,13.223,13.222,1.269,15.156,-0.115
askarovo,biyagoda_south_west,field,10.0,12.0,0.0,100.0,828.18,728.18,13.962,13.962,1.216,18.421,-0.101
askarovo,biyagoda_south_west,field,10.0,12.0,0.0,200.0,928.18,728.18,14.496,14.495,0.972,22.986,-0.074
askarovo,biyagoda_south_west,field,10.0,12.0,0.0,300.0,1028.18,728.18,14.893,14.893,0.786,26.693,-0.058
askarovo,biyagoda_south_west,field,10.0,12.0,100.0,1.0,727.37,726.37,6.372,6.369,0.045,5.752,0.184
askarovo,biyagoda_south_west,field,10.0,12.0,100.0,1.5,727.87,726.37,7.047,7.044,0.050,6.341,0.203
askarovo,biyagoda_south_west,field,10.0,12.0,100.0,2.0,728.37,726.37,7.573,7.570,0.054,6.797,0.218
askarovo,biyagoda_south_west,field,10.0,12.0,100.0,3.0,729.37,726.37,8.369,8.366,0.059,7.496,0.241
askarovo,biyagoda_south_west,field,10.0,12.0,100.0,5.0,731.37,726.37,9.185,9.181,0.068,8.484,0.260
askarovo,biyagoda_south_west,field,10.0,12.0,100.0,10.0,736.37,726.37,9.890,9.886,0.087,10.049,0.255
askarovo,biyagoda_south_west,field,10.0,12.0,100.0,30.0,756.37,726.37,11.405,11.405,0.184,13.237,0.110
askarovo,biyagoda_south_west,field,10.0,12.0,100.0,50.0,776.37,726.37,12.335,12.335,0.280,15.140,0.001
askarovo,biyagoda_south_west,field,10.0,12.0,100.0,100.0,826.37,726.37,13.579,13.579,0.456,18.402,-0.094
askarovo,biyagoda_south_west,field,10.0,12.0,100.0,200.0,926.37,726.37,14.460,14.459,0.547,22.964,-0.102
askarovo,biyagoda_south_west,field,10.0,12.0,100.0,300.0,1026.37,726.37,14.927,14.927,0.525,26.668,-0.085
askarovo,biyagoda_south_west,field,10.0,12.0,300.0,1.0,640.14,639.14,0.467,-0.463,0.052,5.450,0.063
askarovo,biyagoda_south_west,field,10.0,12.0,300.0,1.5,640.64,639.14,0.477,-0.471,0.062,6.009,0.074
askarovo,biyagoda_south_west,field,10.0,12.0,300.0,2.0,641.14,639.14,0.482,-0.475,0.069,6.441,0.082
askarovo,biyagoda_south_west,field,10.0,12.0,300.0,3.0,642.14,639.14,0.486,-0.477,0.079,7.104,0.093
askarovo,biyagoda_south_west,field,10.0,12.0,300.0,5.0,644.14,639.14,0.484,-0.472,0.091,8.040,0.106
askarovo,biyagoda_south_west,field,10.0,12.0,300.0,10.0,649.14,639.14,0.391,-0.381,0.104,9.526,0.088
askarovo,biyagoda_south_west,field,10.0,12.0,300.0,30.0,669.14,639.14,0.719,0.708,0.079,12.556,-0.127
askarovo,biyagoda_south_west,field,10.0,12.0,300.0,50.0,689.14,639.14,2.519,2.508,-0.063,14.370,-0.244
askarovo,biyagoda_south_west,field,10.0,12.0,300.0,100.0,739.14,639.14,8.316,8.316,-0.276,17.492,-0.042
askarovo,biyagoda_south_west,field,10.0,12.0,300.0,200.0,839.14,639.14,12.769,12.768,0.007,21.890,-0.118
askarovo,biyagoda_south_west,field,10.0,12.0,300.0,300.0,939.14,639.14,14.053,14.052,0.097,25.484,-0.132
aushkul,aushtau_east,field,0.0,12.0,-3000.0,1.0,480.66,479.66,0.125,0.013,0.000,0.000,0.124
aushkul,aushtau_east,field,0.0,12.0,-3000.0,1.5,481.16,479.66,0.144,0.015,0.000,0.000,0.143
aushkul,aushtau_east,field,0.0,12.0,-3000.0,2.0,481.66,479.66,0.157,0.016,0.000,0.000,0.157
aushkul,aushtau_east,field,0.0,12.0,-3000.0,3.0,482.66,479.66,0.177,0.018,0.000,0.000,0.176
aushkul,aushtau_east,field,0.0,12.0,-3000.0,5.0,484.66,479.66,0.203,0.021,0.000,0.000,0.202
aushkul,aushtau_east,field,0.0,12.0,-3000.0,10.0,489.66,479.66,0.239,0.024,0.000,0.000,0.238
aushkul,aushtau_east,field,0.0,12.0,-3000.0,30.0,509.66,479.66,0.310,0.030,0.000,0.000,0.309
aushkul,aushtau_east,field,0.0,12.0,-3000.0,50.0,529.66,479.66,0.349,0.033,0.000,0.000,0.348
aushkul,aushtau_east,field,0.0,12.0,-3000.0,100.0,579.66,479.66,0.349,0.028,0.000,0.000,0.348
aushkul,aushtau_east,field,0.0,12.0,-3000.0,200.0,679.66,479.66,0.339,0.012,0.000,0.000,0.339
aushkul,aushtau_east,field,0.0,12.0,-3000.0,300.0,779.66,479.66,0.329,-0.006,0.000,0.000,0.329
aushkul,aushtau_east,field,0.0,12.0,-1000.0,1.0,413.00,412.00,0.687,0.583,0.000,0.000,0.363
aushkul,aushtau_east,field,0.0,12.0,-1000.0,1.5,413.50,412.00,0.687,0.583,0.000,0.000,0.363
aushkul,aushtau_east,field,0.0,12.0,-1000.0,2.0,414.00,412.00,0.686,0.582,0.000,0.000,0.363
aushkul,aushtau_east,field,0.0,12.0,-1000.0,3.0,415.00,412.00,0.686,0.582,0.000,0.000,0.363
aushkul,aushtau_east,field,0.0,12.0,-1000.0,5.0,417.00,412.00,0.685,0.580,0.000,0.000,0.363
aushkul,aushtau_east,field,0.0,12.0,-1000.0,10.0,422.00,412.00,0.682,0.577,0.000,0.000,0.364
aushkul,aushtau_east,field,0.0,12.0,-1000.0,30.0,442.00,412.00,0.670,0.562,0.000,0.000,0.363
aushkul,aushtau_east,field,0.0,12.0,-1000.0,50.0,462.00,412.00,0.657,0.549,0.000,0.000,0.361
aushkul,aushtau_east,field,0.0,12.0,-1000.0,100.0,512.00,412.00,0.631,0.522,0.000,0.000,0.356
aushkul,aushtau_east,field,0.0,12.0,-1000.0,200.0,612.00,412.00,0.593,0.481,0.000,0.000,0.347
aushkul,aushtau_east,field,0.0,12.0,-1000.0,300.0,712.00,412.00,0.563,0.449,0.000,0.000,0.340
aushkul,aushtau_east,field,0.0,12.0,-300.0,1.0,482.57,481.57,0.154,0.086,0.000,0.000,0.127
aushkul,aushtau_east,field,0.0,12.0,-300.0,1.5,483.07,481.57,0.183,0.102,0.000,0.000,0.151
aushkul,aushtau_east,field,0.0,12.0,-300.0,2.0,483.57,481.57,0.203,0.114,0.000,0.000,0.168
aushkul,aushtau_east,field,0.0,12.0,-300.0,3.0,484.57,481.57,0.230,0.128,0.000,0.000,0.191
aushkul,aushtau_east,field,0.0,12.0,-300.0,5.0,486.57,481.57,0.263,0.146,0.000,0.000,0.219
aushkul,aushtau_east,field,0.0,12.0,-300.0,10.0,491.57,481.57,0.312,0.172,0.000,0.000,0.261
aushkul,aushtau_east,field,0.0,12.0,-300.0,30.0,511.57,481.57,0.443,0.241,0.000,0.000,0.372
aushkul,aushtau_east,field,0.0,12.0,-300.0,50.0,531.57,481.57,0.474,0.258,0.000,0.000,0.398
aushkul,aushtau_east,field,0.0,12.0,-300.0,100.0,581.57,481.57,0.483,0.245,0.000,0.000,0.416
aushkul,aushtau_east,field,0.0,12.0,-300.0,200.0,681.57,481.57,0.455,0.198,0.000,0.000,0.410
aushkul,aushtau_east,field,0.0,12.0,-300.0,300.0,781.57,481.57,0.425,0.158,0.000,0.000,0.394
aushkul,aushtau_east,field,0.0,12.0,-150.0,1.0,551.93,550.93,0.089,0.055,0.000,0.000,0.070
aushkul,aushtau_east,field,0.0,12.0,-150.0,1.5,552.43,550.93,0.114,0.071,0.000,0.000,0.090
aushkul,aushtau_east,field,0.0,12.0,-150.0,2.0,552.93,550.93,0.131,0.081,0.000,0.000,0.102
aushkul,aushtau_east,field,0.0,12.0,-150.0,3.0,553.93,550.93,0.152,0.094,0.000,0.000,0.119
aushkul,aushtau_east,field,0.0,12.0,-150.0,5.0,555.93,550.93,0.178,0.110,0.000,0.000,0.140
aushkul,aushtau_east,field,0.0,12.0,-150.0,10.0,560.93,550.93,0.220,0.131,0.000,0.000,0.177
aushkul,aushtau_east,field,0.0,12.0,-150.0,30.0,580.93,550.93,0.377,0.189,0.000,0.000,0.327
aushkul,aushtau_east,field,0.0,12.0,-150.0,50.0,600.93,550.93,0.416,0.179,0.000,0.000,0.376
aushkul,aushtau_east,field,0.0,12.0,-150.0,100.0,650.93,550.93,0.417,0.131,0.000,0.000,0.396
aushkul,aushtau_east,field,0.0,12.0,-150.0,200.0,750.93,550.93,0.396,0.079,0.000,0.000,0.388
aushkul,aushtau_east,field,0.0,12.0,-150.0,300.0,850.93,550.93,0.379,0.051,0.000,0.000,0.375
aushkul,aushtau_east,field,0.0,12.0,-50.0,1.0,608.54,607.54,0.156,0.001,0.000,0.000,0.156
aushkul,aushtau_east,field,0.0,12.0,-50.0,1.5,609.04,607.54,0.180,0.001,0.000,0.000,0.180
aushkul,aushtau_east,field,0.0,12.0,-50.0,2.0,609.54,607.54,0.198,0.001,0.000,0.000,0.198
aushkul,aushtau_east,field,0.0,12.0,-50.0,3.0,610.54,607.54,0.224,0.001,0.000,0.000,0.224
aushkul,aushtau_east,field,0.0,12.0,-50.0,5.0,612.54,607.54,0.258,0.001,0.000,0.000,0.258
aushkul,aushtau_east,field,0.0,12.0,-50.0,10.0,617.54,607.54,0.304,0.001,0.000,0.000,0.304
aushkul,aushtau_east,field,0.0,12.0,-50.0,30.0,637.54,607.54,0.382,0.020,0.000,0.000,0.381
aushkul,aushtau_east,field,0.0,12.0,-50.0,50.0,657.54,607.54,0.387,0.019,0.000,0.000,0.386
aushkul,aushtau_east,field,0.0,12.0,-50.0,100.0,707.54,607.54,0.381,0.005,0.000,0.000,0.381
aushkul,aushtau_east,field,0.0,12.0,-50.0,200.0,807.54,607.54,0.371,-0.010,0.000,0.000,0.371
aushkul,aushtau_east,field,0.0,12.0,-50.0,300.0,907.54,607.54,0.361,-0.017,0.000,0.000,0.360
aushkul,aushtau_east,field,0.0,12.0,-30.0,1.0,617.29,616.29,0.179,-0.009,0.000,0.000,0.179
aushkul,aushtau_east,field,0.0,12.0,-30.0,1.5,617.79,616.29,0.206,-0.011,0.000,0.000,0.206
aushkul,aushtau_east,field,0.0,12.0,-30.0,2.0,618.29,616.29,0.227,-0.012,0.000,0.000,0.226
aushkul,aushtau_east,field,0.0,12.0,-30.0,3.0,619.29,616.29,0.256,-0.014,0.000,0.000,0.255
aushkul,aushtau_east,field,0.0,12.0,-30.0,5.0,621.29,616.29,0.293,-0.016,0.000,0.000,0.292
aushkul,aushtau_east,field,0.0,12.0,-30.0,10.0,626.29,616.29,0.344,-0.019,0.000,0.000,0.344
aushkul,aushtau_east,field,0.0,12.0,-30.0,30.0,646.29,616.29,0.393,-0.013,0.000,0.000,0.393
aushkul,aushtau_east,field,0.0,12.0,-30.0,50.0,666.29,616.29,0.387,-0.012,0.000,0.000,0.387
aushkul,aushtau_east,field,0.0,12.0,-30.0,100.0,716.29,616.29,0.378,-0.018,0.000,0.000,0.378
aushkul,aushtau_east,field,0.0,12.0,-30.0,200.0,816.29,616.29,0.369,-0.026,0.000,0.000,0.368
aushkul,aushtau_east,field,0.0,12.0,-30.0,300.0,916.29,616.29,0.359,-0.029,0.000,0.000,0.358
aushkul,aushtau_east,field,0.0,12.0,-20.0,1.0,621.34,620.34,0.171,-0.015,0.000,0.000,0.171
aushkul,aushtau_east,field,0.0,12.0,-20.0,1.5,621.84,620.34,0.198,-0.017,0.000,0.000,0.197
aushkul,aushtau_east,field,0.0,12.0,-20.0,2.0,622.34,620.34,0.217,-0.019,0.000,0.000,0.216
aushkul,aushtau_east,field,0.0,12.0,-20.0,3.0,623.34,620.34,0.245,-0.022,0.000,0.000,0.244
aushkul,aushtau_east,field,0.0,12.0,-20.0,5.0,625.34,620.34,0.280,-0.025,0.000,0.000,0.279
aushkul,aushtau_east,field,0.0,12.0,-20.0,10.0,630.34,620.34,0.330,-0.030,0.000,0.000,0.328
aushkul,aushtau_east,field,0.0,12.0,-20.0,30.0,650.34,620.34,0.382,-0.029,0.000,0.000,0.381
aushkul,aushtau_east,field,0.0,12.0,-20.0,50.0,670.34,620.34,0.384,-0.027,0.000,0.000,0.383
aushkul,aushtau_east,field,0.0,12.0,-20.0,100.0,720.34,620.34,0.377,-0.030,0.000,0.000,0.376
aushkul,aushtau_east,field,0.0,12.0,-20.0,200.0,820.34,620.34,0.368,-0.034,0.000,0.000,0.366
aushkul,aushtau_east,field,0.0,12.0,-20.0,300.0,920.34,620.34,0.358,-0.035,0.000,0.000,0.357
aushkul,aushtau_east,field,0.0,12.0,-10.0,1.0,625.30,624.30,0.175,-0.021,0.000,0.000,0.174
aushkul,aushtau_east,field,0.0,12.0,-10.0,1.5,625.80,624.30,0.196,-0.024,0.000,0.000,0.195
aushkul,aushtau_east,field,0.0,12.0,-10.0,2.0,626.30,624.30,0.213,-0.026,0.000,0.000,0.211
aushkul,aushtau_east,field,0.0,12.0,-10.0,3.0,627.30,624.30,0.237,-0.029,0.000,0.000,0.235
aushkul,aushtau_east,field,0.0,12.0,-10.0,5.0,629.30,624.30,0.268,-0.033,0.000,0.000,0.266
aushkul,aushtau_east,field,0.0,12.0,-10.0,10.0,634.30,624.30,0.315,-0.041,0.000,0.000,0.313
aushkul,aushtau_east,field,0.0,12.0,-10.0,30.0,654.30,624.30,0.377,-0.044,0.000,0.000,0.374
aushkul,aushtau_east,field,0.0,12.0,-10.0,50.0,674.30,624.30,0.381,-0.042,0.000,0.000,0.379
aushkul,aushtau_east,field,0.0,12.0,-10.0,100.0,724.30,624.30,0.376,-0.041,0.000,0.000,0.374
aushkul,aushtau_east,field,0.0,12.0,-10.0,200.0,824.30,624.30,0.367,-0.042,0.000,0.000,0.365
aushkul,aushtau_east,field,0.0,12.0,-10.0,300.0,924.30,624.30,0.358,-0.041,0.000,0.000,0.355
aushkul,aushtau_east,field,0.0,12.0,0.0,1.0,629.19,628.19,0.178,-0.028,0.000,0.000,0.176
aushkul,aushtau_east,field,0.0,12.0,0.0,1.5,629.69,628.19,0.196,-0.031,0.000,0.000,0.193
aushkul,aushtau_east,field,0.0,12.0,0.0,2.0,630.19,628.19,0.210,-0.033,0.000,0.000,0.207
aushkul,aushtau_east,field,0.0,12.0,0.0,3.0,631.19,628.19,0.231,-0.036,0.000,0.000,0.228
aushkul,aushtau_east,field,0.0,12.0,0.0,5.0,633.19,628.19,0.260,-0.041,0.000,0.000,0.257
aushkul,aushtau_east,field,0.0,12.0,0.0,10.0,638.19,628.19,0.306,-0.051,0.000,0.000,0.301
aushkul,aushtau_east,field,0.0,12.0,0.0,30.0,658.19,628.19,0.376,-0.059,0.000,0.000,0.371
aushkul,aushtau_east,field,0.0,12.0,0.0,50.0,678.19,628.19,0.380,-0.056,0.000,0.000,0.376
aushkul,aushtau_east,field,0.0,12.0,0.0,100.0,728.19,628.19,0.376,-0.052,0.000,0.000,0.372
aushkul,aushtau_east,field,0.0,12.0,0.0,200.0,828.19,628.19,0.367,-0.049,0.000,0.000,0.364
aushkul,aushtau_east,field,0.0,12.0,0.0,300.0,928.19,628.19,0.357,-0.047,0.000,0.000,0.354
aushkul,aushtau_east,field,0.0,12.0,100.0,1.0,635.13,634.13,0.326,-0.172,0.000,0.000,0.276
aushkul,aushtau_east,field,0.0,12.0,100.0,1.5,635.63,634.13,0.360,-0.191,0.000,0.000,0.305
aushkul,aushtau_east,field,0.0,12.0,100.0,2.0,636.13,634.13,0.384,-0.203,0.000,0.000,0.326
aushkul,aushtau_east,field,0.0,12.0,100.0,3.0,637.13,634.13,0.406,-0.215,0.000,0.000,0.344
aushkul,aushtau_east,field,0.0,12.0,100.0,5.0,639.13,634.13,0.425,-0.225,0.000,0.000,0.361
aushkul,aushtau_east,field,0.0,12.0,100.0,10.0,644.13,634.13,0.436,-0.229,0.000,0.000,0.372
aushkul,aushtau_east,field,0.0,12.0,100.0,30.0,664.13,634.13,0.430,-0.213,0.000,0.000,0.373
aushkul,aushtau_east,field,0.0,12.0,100.0,50.0,684.13,634.13,0.418,-0.196,0.000,0.000,0.370
aushkul,aushtau_east,field,0.0,12.0,100.0,100.0,734.13,634.13,0.399,-0.163,0.000,0.000,0.364
aushkul,aushtau_east,field,0.0,12.0,100.0,200.0,834.13,634.13,0.377,-0.127,0.000,0.000,0.355
aushkul,aushtau_east,field,0.0,12.0,100.0,300.0,934.13,634.13,0.363,-0.107,0.000,0.000,0.347
aushkul,aushtau_east,field,0.0,12.0,300.0,1.0,562.94,561.94,0.226,-0.130,0.000,0.000,0.185
aushkul,aushtau_east,field,0.0,12.0,300.0,1.5,563.44,561.94,0.273,-0.156,0.000,0.000,0.224
aushkul,aushtau_east,field,0.0,12.0,300.0,2.0,563.94,561.94,0.305,-0.175,0.000,0.000,0.250
aushkul,aushtau_east,field,0.0,12.0,300.0,3.0,564.94,561.94,0.349,-0.200,0.000,0.000,0.285
aushkul,aushtau_east,field,0.0,12.0,300.0,5.0,566.94,561.94,0.403,-0.231,0.000,0.000,0.330
aushkul,aushtau_east,field,0.0,12.0,300.0,10.0,571.94,561.94,0.451,-0.265,0.000,0.000,0.365
aushkul,aushtau_east,field,0.0,12.0,300.0,30.0,591.94,561.94,0.499,-0.334,0.000,0.000,0.371
aushkul,aushtau_east,field,0.0,12.0,300.0,50.0,611.94,561.94,0.505,-0.343,0.000,0.000,0.371
aushkul,aushtau_east,field,0.0,12.0,300.0,100.0,661.94,561.94,0.494,-0.333,0.000,0.000,0.366
aushkul,aushtau_east,field,0.0,12.0,300.0,200.0,761.94,561.94,0.454,-0.287,0.000,0.000,0.352
aushkul,aushtau_east,field,0.0,12.0,300.0,300.0,861.94,561.94,0.419,-0.244,0.000,0.000,0.341
aushkul,aushtau_east,field,3.0,12.0,-3000.0,1.0,480.66,479.66,1.149,1.137,-0.022,2.113,0.161
aushkul,aushtau_east,field,3.0,12.0,-3000.0,1.5,481.16,479.66,1.324,1.311,-0.025,2.212,0.186
aushkul,aushtau_east,field,3.0,12.0,-3000.0,2.0,481.66,479.66,1.452,1.438,-0.027,2.285,0.204
aushkul,aushtau_east,field,3.0,12.0,-3000.0,3.0,482.66,479.66,1.636,1.620,-0.031,2.393,0.230
aushkul,aushtau_east,field,3.0,12.0,-3000.0,5.0,484.66,479.66,1.872,1.854,-0.035,2.537,0.263
aushkul,aushtau_east,field,3.0,12.0,-3000.0,10.0,489.66,479.66,2.254,2.232,-0.039,2.751,0.313
aushkul,aushtau_east,field,3.0,12.0,-3000.0,30.0,509.66,479.66,3.080,3.051,-0.048,3.152,0.416
aushkul,aushtau_east,field,3.0,12.0,-3000.0,50.0,529.66,479.66,3.614,3.583,-0.058,3.380,0.475
aushkul,aushtau_east,field,3.0,12.0,-3000.0,100.0,579.66,479.66,3.936,3.908,-0.060,3.770,0.470
aushkul,aushtau_east,field,3.0,12.0,-3000.0,200.0,679.66,479.66,4.188,4.164,-0.053,4.326,0.449
aushkul,aushtau_east,field,3.0,12.0,-3000.0,300.0,779.66,479.66,4.283,4.262,-0.046,4.596,0.424
aushkul,aushtau_east,field,3.0,12.0,-1000.0,1.0,413.00,412.00,2.567,2.556,-0.001,2.019,0.237
aushkul,aushtau_east,field,3.0,12.0,-1000.0,1.5,413.50,412.00,2.576,2.565,-0.001,2.113,0.238
aushkul,aushtau_east,field,3.0,12.0,-1000.0,2.0,414.00,412.00,2.585,2.574,-0.001,2.183,0.239
aushkul,aushtau_east,field,3.0,12.0,-1000.0,3.0,415.00,412.00,2.604,2.592,-0.001,2.286,0.242
aushkul,aushtau_east,field,3.0,12.0,-1000.0,5.0,417.00,412.00,2.641,2.629,-0.001,2.424,0.247
aushkul,aushtau_east,field,3.0,12.0,-1000.0,10.0,422.00,412.00,2.734,2.721,-0.001,2.629,0.261
aushkul,aushtau_east,field,3.0,12.0,-1000.0,30.0,442.00,412.00,3.058,3.042,-0.002,3.014,0.307
aushkul,aushtau_east,field,3.0,12.0,-1000.0,50.0,462.00,412.00,3.220,3.203,-0.002,3.234,0.331
aushkul,aushtau_east,field,3.0,12.0,-1000.0,100.0,512.00,412.00,3.445,3.426,0.002,3.612,0.361
aushkul,aushtau_east,field,3.0,12.0,-1000.0,200.0,612.00,412.00,3.681,3.661,0.017,4.155,0.378
aushkul,aushtau_east,field,3.0,12.0,-1000.0,300.0,712.00,412.00,3.821,3.803,0.031,4.425,0.373
aushkul,aushtau_east,field,3.0,12.0,-300.0,1.0,482.57,481.57,0.642,0.603,0.090,2.116,0.218
aushkul,aushtau_east,field,3.0,12.0,-300.0,1.5,483.07,481.57,0.763,0.717,0.108,2.215,0.259
aushkul,aushtau_east,field,3.0,12.0,-300.0,2.0,483.57,481.57,0.847,0.797,0.120,2.288,0.287
aushkul,aushtau_east,field,3.0,12.0,-300.0,3.0,484.57,481.57,0.961,0.905,0.136,2.396,0.325
aushkul,aushtau_east,field,3.0,12.0,-300.0,5.0,486.57,481.57,1.105,1.043,0.154,2.540,0.366
aushkul,aushtau_east,field,3.0,12.0,-300.0,10.0,491.57,481.57,1.360,1.298,0.183,2.754,0.405
aushkul,aushtau_east,field,3.0,12.0,-300.0,30.0,511.57,481.57,2.191,2.139,0.312,3.155,0.471
aushkul,aushtau_east,field,3.0,12.0,-300.0,50.0,531.57,481.57,2.607,2.557,0.361,3.384,0.509
aushkul,aushtau_east,field,3.0,12.0,-300.0,100.0,581.57,481.57,3.177,3.140,0.392,3.774,0.487
aushkul,aushtau_east,field,3.0,12.0,-300.0,200.0,681.57,481.57,3.752,3.728,0.350,4.330,0.429
aushkul,aushtau_east,field,3.0,12.0,-300.0,300.0,781.57,481.57,3.997,3.979,0.271,4.601,0.384
aushkul,aushtau_east,field,3.0,12.0,-150.0,1.0,551.93,550.93,0.519,0.497,0.146,2.212,0.150
aushkul,aushtau_east,field,3.0,12.0,-150.0,1.5,552.43,550.93,0.666,0.637,0.187,2.315,0.192
aushkul,aushtau_east,field,3.0,12.0,-150.0,2.0,552.93,550.93,0.761,0.729,0.214,2.392,0.219
aushkul,aushtau_east,field,3.0,12.0,-150.0,3.0,553.93,550.93,0.888,0.850,0.249,2.505,0.256
aushkul,aushtau_east,field,3.0,12.0,-150.0,5.0,555.93,550.93,1.040,0.996,0.292,2.656,0.300
aushkul,aushtau_east,field,3.0,12.0,-150.0,10.0,560.93,550.93,1.323,1.270,0.360,2.879,0.373
aushkul,aushtau_east,field,3.0,12.0,-150.0,30.0,580.93,550.93,2.516,2.431,0.612,3.297,0.651
aushkul,aushtau_east,field,3.0,12.0,-150.0,50.0,600.93,550.93,3.105,3.041,0.672,3.534,0.626
aushkul,aushtau_east,field,3.0,12.0,-150.0,100.0,650.93,550.93,3.806,3.775,0.588,3.936,0.491
aushkul,aushtau_east,field,3.0,12.0,-150.0,200.0,750.93,550.93,4.203,4.185,0.359,4.505,0.391
aushkul,aushtau_east,field,3.0,12.0,-150.0,300.0,850.93,550.93,4.256,4.242,0.233,4.777,0.345
aushkul,aushtau_east,field,3.0,12.0,-50.0,1.0,608.54,607.54,1.334,1.316,0.111,2.291,0.218
aushkul,aushtau_east,field,3.0,12.0,-50.0,1.5,609.04,607.54,1.550,1.529,0.128,2.398,0.255
aushkul,aushtau_east,field,3.0,12.0,-50.0,2.0,609.54,607.54,1.707,1.683,0.140,2.477,0.282
aushkul,aushtau_east,field,3.0,12.0,-50.0,3.0,610.54,607.54,1.933,1.906,0.158,2.594,0.321
aushkul,aushtau_east,field,3.0,12.0,-50.0,5.0,612.54,607.54,2.223,2.192,0.181,2.750,0.370
aushkul,aushtau_east,field,3.0,12.0,-50.0,10.0,617.54,607.54,2.625,2.588,0.212,2.981,0.439
aushkul,aushtau_east,field,3.0,12.0,-50.0,30.0,637.54,607.54,3.776,3.712,0.345,3.412,0.694
aushkul,aushtau_east,field,3.0,12.0,-50.0,50.0,657.54,607.54,4.204,4.160,0.429,3.656,0.603
aushkul,aushtau_east,field,3.0,12.0,-50.0,100.0,707.54,607.54,4.413,4.392,0.364,4.067,0.422
aushkul,aushtau_east,field,3.0,12.0,-50.0,200.0,807.54,607.54,4.395,4.381,0.221,4.648,0.344
aushkul,aushtau_east,field,3.0,12.0,-50.0,300.0,907.54,607.54,4.334,4.323,0.155,4.920,0.313
aushkul,aushtau_east,field,3.0,12.0,-30.0,1.0,617.29,616.29,1.578,1.549,0.088,2.303,0.301
aushkul,aushtau_east,field,3.0,12.0,-30.0,1.5,617.79,616.29,1.819,1.786,0.101,2.411,0.347
aushkul,aushtau_east,field,3.0,12.0,-30.0,2.0,618.29,616.29,1.995,1.958,0.111,2.490,0.380
aushkul,aushtau_east,field,3.0,12.0,-30.0,3.0,619.29,616.29,2.248,2.207,0.126,2.608,0.427
aushkul,aushtau_east,field,3.0,12.0,-30.0,5.0,621.29,616.29,2.573,2.527,0.144,2.764,0.488
aushkul,aushtau_east,field,3.0,12.0,-30.0,10.0,626.29,616.29,3.023,2.969,0.169,2.997,0.573
aushkul,aushtau_east,field,3.0,12.0,-30.0,30.0,646.29,616.29,3.892,3.832,0.271,3.430,0.682
aushkul,aushtau_east,field,3.0,12.0,-30.0,50.0,666.29,616.29,4.315,4.275,0.370,3.675,0.584
aushkul,aushtau_east,field,3.0,12.0,-30.0,100.0,716.29,616.29,4.467,4.448,0.312,4.088,0.409
aushkul,aushtau_east,field,3.0,12.0,-30.0,200.0,816.29,616.29,4.410,4.397,0.196,4.670,0.338
aushkul,aushtau_east,field,3.0,12.0,-30.0,300.0,916.29,616.29,4.340,4.329,0.142,4.942,0.308
aushkul,aushtau_east,field,3.0,12.0,-20.0,1.0,621.34,620.34,1.599,1.569,0.089,2.309,0.311
aushkul,aushtau_east,field,3.0,12.0,-20.0,1.5,621.84,620.34,1.846,1.811,0.103,2.416,0.359
aushkul,aushtau_east,field,3.0,12.0,-20.0,2.0,622.34,620.34,2.026,1.987,0.113,2.496,0.394
aushkul,aushtau_east,field,3.0,12.0,-20.0,3.0,623.34,620.34,2.285,2.241,0.128,2.614,0.444
aushkul,aushtau_east,field,3.0,12.0,-20.0,5.0,625.34,620.34,2.617,2.567,0.147,2.771,0.508
aushkul,aushtau_east,field,3.0,12.0,-20.0,10.0,630.34,620.34,3.052,2.996,0.172,3.004,0.581
aushkul,aushtau_east,field,3.0,12.0,-20.0,30.0,650.34,620.34,3.937,3.885,0.278,3.438,0.637
aushkul,aushtau_east,field,3.0,12.0,-20.0,50.0,670.34,620.34,4.347,4.312,0.348,3.683,0.552
aushkul,aushtau_east,field,3.0,12.0,-20.0,100.0,720.34,620.34,4.477,4.459,0.284,4.097,0.398
aushkul,aushtau_east,field,3.0,12.0,-20.0,200.0,820.34,620.34,4.412,4.400,0.183,4.680,0.334
aushkul,aushtau_east,field,3.0,12.0,-20.0,300.0,920.34,620.34,4.341,4.331,0.135,4.952,0.306
aushkul,aushtau_east,field,3.0,12.0,-10.0,1.0,625.30,624.30,1.760,1.726,0.096,2.314,0.346
aushkul,aushtau_east,field,3.0,12.0,-10.0,1.5,625.80,624.30,1.977,1.939,0.108,2.422,0.388
aushkul,aushtau_east,field,3.0,12.0,-10.0,2.0,626.30,624.30,2.142,2.100,0.117,2.502,0.420
aushkul,aushtau_east,field,3.0,12.0,-10.0,3.0,627.30,624.30,2.386,2.339,0.130,2.620,0.468
aushkul,aushtau_east,field,3.0,12.0,-10.0,5.0,629.30,624.30,2.708,2.656,0.147,2.778,0.531
aushkul,aushtau_east,field,3.0,12.0,-10.0,10.0,634.30,624.30,3.107,3.053,0.172,3.011,0.579
aushkul,aushtau_east,field,3.0,12.0,-10.0,30.0,654.30,624.30,4.033,3.989,0.277,3.446,0.596
aushkul,aushtau_east,field,3.0,12.0,-10.0,50.0,674.30,624.30,4.378,4.347,0.317,3.692,0.519
aushkul,aushtau_east,field,3.0,12.0,-10.0,100.0,724.30,624.30,4.484,4.467,0.256,4.106,0.388
aushkul,aushtau_east,field,3.0,12.0,-10.0,200.0,824.30,624.30,4.414,4.401,0.170,4.690,0.331
aushkul,aushtau_east,field,3.0,12.0,-10.0,300.0,924.30,624.30,4.342,4.331,0.128,4.962,0.303
aushkul,aushtau_east,field,3.0,12.0,0.0,1.0,629.19,628.19,1.933,1.896,0.095,2.319,0.376
aushkul,aushtau_east,field,3.0,12.0,0.0,1.5,629.69,628.19,2.130,2.089,0.105,2.428,0.415
aushkul,aushtau_east,field,3.0,12.0,0.0,2.0,630.19,628.19,2.284,2.240,0.112,2.508,0.445
aushkul,aushtau_east,field,3.0,12.0,0.0,3.0,631.19,628.19,2.519,2.471,0.123,2.626,0.490
aushkul,aushtau_east,field,3.0,12.0,0.0,5.0,633.19,628.19,2.836,2.782,0.139,2.784,0.552
aushkul,aushtau_east,field,3.0,12.0,0.0,10.0,638.19,628.19,3.205,3.154,0.161,3.018,0.573
aushkul,aushtau_east,field,3.0,12.0,0.0,30.0,658.19,628.19,4.148,4.110,0.259,3.454,0.559
aushkul,aushtau_east,field,3.0,12.0,0.0,50.0,678.19,628.19,4.409,4.381,0.278,3.700,0.489
aushkul,aushtau_east,field,3.0,12.0,0.0,100.0,728.19,628.19,4.491,4.475,0.228,4.116,0.379
aushkul,aushtau_east,field,3.0,12.0,0.0,200.0,828.19,628.19,4.415,4.403,0.158,4.700,0.327
aushkul,aushtau_east,field,3.0,12.0,0.0,300.0,928.19,628.19,4.342,4.332,0.122,4.972,0.301
aushkul,aushtau_east,field,3.0,12.0,100.0,1.0,635.13,634.13,1.066,1.011,-0.063,2.328,-0.338
aushkul,aushtau_east,field,3.0,12.0,100.0,1.5,635.63,634.13,1.178,1.117,-0.069,2.437,-0.374
aushkul,aushtau_east,field,3.0,12.0,100.0,2.0,636.13,634.13,1.260,1.196,-0.074,2.517,-0.396
aushkul,aushtau_east,field,3.0,12.0,100.0,3.0,637.13,634.13,1.362,1.305,-0.078,2.636,-0.391
aushkul,aushtau_east,field,3.0,12.0,100.0,5.0,639.13,634.13,1.547,1.505,-0.082,2.794,-0.357
aushkul,aushtau_east,field,3.0,12.0,100.0,10.0,644.13,634.13,2.012,1.999,-0.089,3.029,-0.226
aushkul,aushtau_east,field,3.0,12.0,100.0,30.0,664.13,634.13,3.870,3.855,-0.108,3.466,0.337
aushkul,aushtau_east,field,3.0,12.0,100.0,50.0,684.13,634.13,4.193,4.178,-0.050,3.713,0.361
aushkul,aushtau_east,field,3.0,12.0,100.0,100.0,734.13,634.13,4.395,4.382,0.025,4.129,0.338
aushkul,aushtau_east,field,3.0,12.0,100.0,200.0,834.13,634.13,4.394,4.383,0.065,4.714,0.308
aushkul,aushtau_east,field,3.0,12.0,100.0,300.0,934.13,634.13,4.341,4.332,0.071,4.987,0.287
aushkul,aushtau_east,field,3.0,12.0,300.0,1.0,562.94,561.94,0.197,0.167,-0.006,2.227,-0.104
aushkul,aushtau_east,field,3.0,12.0,300.0,1.5,563.44,561.94,0.255,0.222,-0.007,2.332,-0.125
aushkul,aushtau_east,field,3.0,12.0,300.0,2.0,563.94,561.94,0.296,0.261,-0.008,2.409,-0.139
aushkul,aushtau_east,field,3.0,12.0,300.0,3.0,564.94,561.94,0.352,0.314,-0.009,2.522,-0.160
aushkul,aushtau_east,field,3.0,12.0,300.0,5.0,566.94,561.94,0.424,0.382,-0.010,2.674,-0.184
aushkul,aushtau_east,field,3.0,12.0,300.0,10.0,571.94,561.94,0.587,0.555,-0.017,2.899,-0.193
aushkul,aushtau_east,field,3.0,12.0,300.0,30.0,591.94,561.94,1.421,1.419,-0.054,3.319,-0.071
aushkul,aushtau_east,field,3.0,12.0,300.0,50.0,611.94,561.94,2.140,2.139,-0.108,3.558,0.074
aushkul,aushtau_east,field,3.0,12.0,300.0,100.0,661.94,561.94,3.349,3.338,-0.141,3.961,0.265
aushkul,aushtau_east,field,3.0,12.0,300.0,200.0,761.94,561.94,4.056,4.046,-0.069,4.533,0.294
aushkul,aushtau_east,field,3.0,12.0,300.0,300.0,861.94,561.94,4.209,4.200,-0.023,4.804,0.280
aushkul,aushtau_east,field,6.0,12.0,-3000.0,1.0,480.66,479.66,2.072,2.068,-0.056,3.147,0.125
aushkul,aushtau_east,field,6.0,12.0,-3000.0,1.5,481.16,479.66,2.389,2.385,-0.064,3.470,0.144
aushkul,aushtau_east,field,6.0,12.0,-3000.0,2.0,481.66,479.66,2.621,2.616,-0.070,3.719,0.158
aushkul,aushtau_east,field,6.0,12.0,-3000.0,3.0,482.66,479.66,2.953,2.947,-0.079,4.102,0.178
aushkul,aushtau_east,field,6.0,12.0,-3000.0,5.0,484.66,479.66,3.379,3.373,-0.090,4.643,0.203
aushkul,aushtau_east,field,6.0,12.0,-3000.0,10.0,489.66,479.66,4.082,4.075,-0.100,5.501,0.239
aushkul,aushtau_east,field,6.0,12.0,-3000.0,30.0,509.66,479.66,5.622,5.614,-0.125,7.255,0.307
aushkul,aushtau_east,field,6.0,12.0,-3000.0,50.0,529.66,479.66,6.676,6.668,-0.150,8.307,0.331
aushkul,aushtau_east,field,6.0,12.0,-3000.0,100.0,579.66,479.66,7.793,7.790,-0.163,10.123,0.207
aushkul,aushtau_east,field,6.0,12.0,-3000.0,200.0,679.66,479.66,8.747,8.746,-0.159,12.694,0.119
aushkul,aushtau_east,field,6.0,12.0,-3000.0,300.0,779.66,479.66,9.183,9.183,-0.150,14.806,0.092
aushkul,aushtau_east,field,6.0,12.0,-1000.0,1.0,413.00,412.00,3.936,3.936,-0.003,3.007,0.002
aushkul,aushtau_east,field,6.0,12.0,-1000.0,1.5,413.50,412.00,3.963,3.963,-0.003,3.315,0.003
aushkul,aushtau_east,field,6.0,12.0,-1000.0,2.0,414.00,412.00,3.990,3.990,-0.003,3.554,0.005
aushkul,aushtau_east,field,6.0,12.0,-1000.0,3.0,415.00,412.00,4.044,4.044,-0.003,3.919,0.008
aushkul,aushtau_east,field,6.0,12.0,-1000.0,5.0,417.00,412.00,4.151,4.151,-0.003,4.437,0.014
aushkul,aushtau_east,field,6.0,12.0,-1000.0,10.0,422.00,412.00,4.420,4.420,-0.004,5.258,0.029
aushkul,aushtau_east,field,6.0,12.0,-1000.0,30.0,442.00,412.00,5.374,5.373,-0.007,6.938,0.085
aushkul,aushtau_east,field,6.0,12.0,-1000.0,50.0,462.00,412.00,5.907,5.905,-0.007,7.949,0.119
aushkul,aushtau_east,field,6.0,12.0,-1000.0,100.0,512.00,412.00,6.704,6.702,0.003,9.700,0.159
aushkul,aushtau_east,field,6.0,12.0,-1000.0,200.0,612.00,412.00,7.608,7.606,0.038,12.194,0.167
aushkul,aushtau_east,field,6.0,12.0,-1000.0,300.0,712.00,412.00,8.184,8.182,0.068,14.255,0.147
aushkul,aushtau_east,field,6.0,12.0,-300.0,1.0,482.57,481.57,1.098,1.068,0.235,3.151,0.254
aushkul,aushtau_east,field,6.0,12.0,-300.0,1.5,483.07,481.57,1.306,1.271,0.281,3.474,0.301
aushkul,aushtau_east,field,6.0,12.0,-300.0,2.0,483.57,481.57,1.451,1.412,0.313,3.724,0.334
aushkul,aushtau_east,field,6.0,12.0,-300.0,3.0,484.57,481.57,1.647,1.603,0.355,4.107,0.377
aushkul,aushtau_east,field,6.0,12.0,-300.0,5.0,486.57,481.57,1.900,1.853,0.404,4.649,0.419
aushkul,aushtau_east,field,6.0,12.0,-300.0,10.0,491.57,481.57,2.367,2.326,0.479,5.508,0.443
aushkul,aushtau_east,field,6.0,12.0,-300.0,30.0,511.57,481.57,3.961,3.938,0.819,7.264,0.430
aushkul,aushtau_east,field,6.0,12.0,-300.0,50.0,531.57,481.57,4.849,4.827,0.955,8.317,0.468
aushkul,aushtau_east,field,6.0,12.0,-300.0,100.0,581.57,481.57,6.247,6.235,1.067,10.135,0.391
aushkul,aushtau_east,field,6.0,12.0,-300.0,200.0,681.57,481.57,7.818,7.814,0.983,12.708,0.268
aushkul,aushtau_east,field,6.0,12.0,-300.0,300.0,781.57,481.57,8.616,8.614,0.762,14.822,0.188
aushkul,aushtau_east,field,6.0,12.0,-150.0,1.0,551.93,550.93,0.941,0.921,0.410,3.295,0.191
aushkul,aushtau_east,field,6.0,12.0,-150.0,1.5,552.43,550.93,1.206,1.181,0.526,3.633,0.245
aushkul,aushtau_east,field,6.0,12.0,-150.0,2.0,552.93,550.93,1.379,1.350,0.601,3.893,0.280
aushkul,aushtau_east,field,6.0,12.0,-150.0,3.0,553.93,550.93,1.608,1.575,0.701,4.294,0.327
aushkul,aushtau_east,field,6.0,12.0,-150.0,5.0,555.93,550.93,1.885,1.846,0.822,4.860,0.383
aushkul,aushtau_east,field,6.0,12.0,-150.0,10.0,560.93,550.93,2.417,2.370,1.012,5.758,0.474
aushkul,aushtau_east,field,6.0,12.0,-150.0,30.0,580.93,550.93,4.717,4.646,1.722,7.589,0.813
aushkul,aushtau_east,field,6.0,12.0,-150.0,50.0,600.93,550.93,5.996,5.956,1.892,8.684,0.696
aushkul,aushtau_east,field,6.0,12.0,-150.0,100.0,650.93,550.93,7.729,7.720,1.666,10.569,0.389
aushkul,aushtau_east,field,6.0,12.0,-150.0,200.0,750.93,550.93,8.928,8.926,1.027,13.221,0.192
aushkul,aushtau_east,field,6.0,12.0,-150.0,300.0,850.93,550.93,9.305,9.305,0.659,15.386,0.124
aushkul,aushtau_east,field,6.0,12.0,-50.0,1.0,608.54,607.54,2.646,2.638,0.318,3.412,0.197
aushkul,aushtau_east,field,6.0,12.0,-50.0,1.5,609.04,607.54,3.073,3.064,0.366,3.762,0.233
aushkul,aushtau_east,field,6.0,12.0,-50.0,2.0,609.54,607.54,3.384,3.374,0.401,4.032,0.259
aushkul,aushtau_east,field,6.0,12.0,-50.0,3.0,610.54,607.54,3.831,3.820,0.452,4.447,0.296
aushkul,aushtau_east,field,6.0,12.0,-50.0,5.0,612.54,607.54,4.406,4.392,0.516,5.033,0.344
aushkul,aushtau_east,field,6.0,12.0,-50.0,10.0,617.54,607.54,5.203,5.187,0.605,5.962,0.410
aushkul,aushtau_east,field,6.0,12.0,-50.0,30.0,637.54,607.54,7.499,7.455,0.988,7.854,0.810
aushkul,aushtau_east,field,6.0,12.0,-50.0,50.0,657.54,607.54,8.497,8.475,1.228,8.984,0.612
aushkul,aushtau_east,field,6.0,12.0,-50.0,100.0,707.54,607.54,9.213,9.210,1.048,10.923,0.240
aushkul,aushtau_east,field,6.0,12.0,-50.0,200.0,807.54,607.54,9.489,9.488,0.636,13.639,0.109
aushkul,aushtau_east,field,6.0,12.0,-50.0,300.0,907.54,607.54,9.601,9.601,0.435,15.847,0.075
aushkul,aushtau_east,field,6.0,12.0,-30.0,1.0,617.29,616.29,3.127,3.109,0.251,3.430,0.336
aushkul,aushtau_east,field,6.0,12.0,-30.0,1.5,617.79,616.29,3.605,3.584,0.290,3.782,0.386
aushkul,aushtau_east,field,6.0,12.0,-30.0,2.0,618.29,616.29,3.953,3.931,0.319,4.053,0.423
aushkul,aushtau_east,field,6.0,12.0,-30.0,3.0,619.29,616.29,4.456,4.430,0.360,4.470,0.475
aushkul,aushtau_east,field,6.0,12.0,-30.0,5.0,621.29,616.29,5.101,5.072,0.412,5.059,0.542
aushkul,aushtau_east,field,6.0,12.0,-30.0,10.0,626.29,616.29,5.993,5.960,0.485,5.993,0.634
aushkul,aushtau_east,field,6.0,12.0,-30.0,30.0,646.29,616.29,7.779,7.741,0.776,7.895,0.770
aushkul,aushtau_east,field,6.0,12.0,-30.0,50.0,666.29,616.29,8.771,8.753,1.062,9.031,0.568
aushkul,aushtau_east,field,6.0,12.0,-30.0,100.0,716.29,616.29,9.362,9.360,0.901,10.978,0.214
aushkul,aushtau_east,field,6.0,12.0,-30.0,200.0,816.29,616.29,9.545,9.544,0.562,13.704,0.098
aushkul,aushtau_east,field,6.0,12.0,-30.0,300.0,916.29,616.29,9.635,9.635,0.396,15.919,0.069
aushkul,aushtau_east,field,6.0,12.0,-20.0,1.0,621.34,620.34,3.169,3.147,0.257,3.438,0.366
aushkul,aushtau_east,field,6.0,12.0,-20.0,1.5,621.84,620.34,3.657,3.633,0.296,3.791,0.422
aushkul,aushtau_east,field,6.0,12.0,-20.0,2.0,622.34,620.34,4.013,3.987,0.325,4.063,0.462
aushkul,aushtau_east,field,6.0,12.0,-20.0,3.0,623.34,620.34,4.526,4.496,0.367,4.481,0.521
aushkul,aushtau_east,field,6.0,12.0,-20.0,5.0,625.34,620.34,5.184,5.150,0.421,5.072,0.597
aushkul,aushtau_east,field,6.0,12.0,-20.0,10.0,630.34,620.34,6.052,6.015,0.495,6.008,0.669
aushkul,aushtau_east,field,6.0,12.0,-20.0,30.0,650.34,620.34,7.899,7.868,0.797,7.914,0.694
aushkul,aushtau_east,field,6.0,12.0,-20.0,50.0,670.34,620.34,8.864,8.849,1.002,9.052,0.507
aushkul,aushtau_east,field,6.0,12.0,-20.0,100.0,720.34,620.34,9.402,9.400,0.821,11.003,0.194
aushkul,aushtau_east,field,6.0,12.0,-20.0,200.0,820.34,620.34,9.563,9.562,0.525,13.734,0.092
aushkul,aushtau_east,field,6.0,12.0,-20.0,300.0,920.34,620.34,9.648,9.647,0.377,15.952,0.065
aushkul,aushtau_east,field,6.0,12.0,-10.0,1.0,625.30,624.30,3.487,3.461,0.276,3.447,0.425
aushkul,aushtau_east,field,6.0,12.0,-10.0,1.5,625.80,624.30,3.917,3.888,0.309,3.800,0.478
aushkul,aushtau_east,field,6.0,12.0,-10.0,2.0,626.30,624.30,4.243,4.212,0.335,4.073,0.518
aushkul,aushtau_east,field,6.0,12.0,-10.0,3.0,627.30,624.30,4.727,4.692,0.373,4.492,0.577
aushkul,aushtau_east,field,6.0,12.0,-10.0,5.0,629.30,624.30,5.366,5.326,0.423,5.084,0.655
aushkul,aushtau_east,field,6.0,12.0,-10.0,10.0,634.30,624.30,6.171,6.133,0.493,6.022,0.682
aushkul,aushtau_east,field,6.0,12.0,-10.0,30.0,654.30,624.30,8.120,8.096,0.796,7.933,0.618
aushkul,aushtau_east,field,6.0,12.0,-10.0,50.0,674.30,624.30,8.955,8.944,0.915,9.073,0.442
aushkul,aushtau_east,field,6.0,12.0,-10.0,100.0,724.30,624.30,9.435,9.433,0.740,11.028,0.174
aushkul,aushtau_east,field,6.0,12.0,-10.0,200.0,824.30,624.30,9.578,9.577,0.490,13.763,0.086
aushkul,aushtau_east,field,6.0,12.0,-10.0,300.0,924.30,624.30,9.659,9.659,0.358,15.984,0.062
aushkul,aushtau_east,field,6.0,12.0,0.0,1.0,629.19,628.19,3.833,3.803,0.274,3.455,0.479
aushkul,aushtau_east,field,6.0,12.0,0.0,1.5,629.69,628.19,4.224,4.191,0.302,3.809,0.528
aushkul,aushtau_east,field,6.0,12.0,0.0,2.0,630.19,628.19,4.531,4.495,0.323,4.082,0.567
aushkul,aushtau_east,field,6.0,12.0,0.0,3.0,631.19,628.19,4.996,4.957,0.356,4.502,0.625
aushkul,aushtau_east,field,6.0,12.0,0.0,5.0,633.19,628.19,5.626,5.582,0.400,5.096,0.703
aushkul,aushtau_east,field,6.0,12.0,0.0,10.0,638.19,628.19,6.381,6.344,0.463,6.036,0.680
aushkul,aushtau_east,field,6.0,12.0,0.0,30.0,658.19,628.19,8.377,8.360,0.747,7.951,0.544
aushkul,aushtau_east,field,6.0,12.0,0.0,50.0,678.19,628.19,9.044,9.036,0.804,9.094,0.384
aushkul,aushtau_east,field,6.0,12.0,0.0,100.0,728.19,628.19,9.466,9.464,0.661,11.052,0.157
aushkul,aushtau_east,field,6.0,12.0,0.0,200.0,828.19,628.19,9.592,9.591,0.455,13.792,0.081
aushkul,aushtau_east,field,6.0,12.0,0.0,300.0,928.19,628.19,9.669,9.669,0.340,16.016,0.059
aushkul,aushtau_east,field,6.0,12.0,100.0,1.0,635.13,634.13,2.122,1.949,-0.178,3.467,-0.839
aushkul,aushtau_east,field,6.0,12.0,100.0,1.5,635.63,634.13,2.345,2.153,-0.197,3.822,-0.929
aushkul,aushtau_east,field,6.0,12.0,100.0,2.0,636.13,634.13,2.507,2.305,-0.210,4.097,-0.985
aushkul,aushtau_east,field,6.0,12.0,100.0,3.0,637.13,634.13,2.705,2.516,-0.221,4.518,-0.992
aushkul,aushtau_east,field,6.0,12.0,100.0,5.0,639.13,634.13,3.069,2.918,-0.234,5.114,-0.950
aushkul,aushtau_east,field,6.0,12.0,100.0,10.0,644.13,634.13,4.005,3.934,-0.251,6.057,-0.748
aushkul,aushtau_east,field,6.0,12.0,100.0,30.0,664.13,634.13,7.878,7.876,-0.302,7.979,0.163
aushkul,aushtau_east,field,6.0,12.0,100.0,50.0,684.13,634.13,8.696,8.695,-0.134,9.125,0.159
aushkul,aushtau_east,field,6.0,12.0,100.0,100.0,734.13,634.13,9.338,9.338,0.080,11.090,0.082
aushkul,aushtau_east,field,6.0,12.0,100.0,200.0,834.13,634.13,9.594,9.594,0.187,13.836,0.047
aushkul,aushtau_east,field,6.0,12.0,100.0,300.0,934.13,634.13,9.695,9.695,0.194,16.064,0.036
aushkul,aushtau_east,field,6.0,12.0,300.0,1.0,562.94,561.94,0.707,-0.693,0.000,3.317,-0.141
aushkul,aushtau_east,field,6.0,12.0,300.0,1.5,563.44,561.94,0.644,-0.621,0.000,3.658,-0.171
aushkul,aushtau_east,field,6.0,12.0,300.0,2.0,563.94,561.94,0.598,-0.567,-0.000,3.920,-0.192
aushkul,aushtau_east,field,6.0,12.0,300.0,3.0,564.94,561.94,0.530,-0.482,-0.000,4.324,-0.220
aushkul,aushtau_east,field,6.0,12.0,300.0,5.0,566.94,561.94,0.437,-0.355,-0.001,4.894,-0.255
aushkul,aushtau_east,field,6.0,12.0,300.0,10.0,571.94,561.94,0.320,0.027,-0.014,5.798,-0.319
aushkul,aushtau_east,field,6.0,12.0,300.0,30.0,591.94,561.94,1.857,1.800,-0.109,7.640,-0.453
aushkul,aushtau_east,field,6.0,12.0,300.0,50.0,611.94,561.94,3.655,3.644,-0.276,8.743,-0.274
aushkul,aushtau_east,field,6.0,12.0,300.0,100.0,661.94,561.94,6.986,6.986,-0.385,10.638,0.043
aushkul,aushtau_east,field,6.0,12.0,300.0,200.0,761.94,561.94,8.871,8.871,-0.192,13.302,0.025
aushkul,aushtau_east,field,6.0,12.0,300.0,300.0,861.94,561.94,9.355,9.355,-0.069,15.476,0.010
aushkul,aushtau_east,field,10.0,12.0,-3000.0,1.0,480.66,479.66,3.034,3.029,-0.100,5.245,0.165
aushkul,aushtau_east,field,10.0,12.0,-3000.0,1.5,481.16,479.66,3.509,3.504,-0.114,5.783,0.190
aushkul,aushtau_east,field,10.0,12.0,-3000.0,2.0,481.66,479.66,3.856,3.850,-0.125,6.198,0.209
aushkul,aushtau_east,field,10.0,12.0,-3000.0,3.0,482.66,479.66,4.354,4.348,-0.141,6.836,0.235
aushkul,aushtau_east,field,10.0,12.0,-3000.0,5.0,484.66,479.66,4.994,4.987,-0.161,7.738,0.269
aushkul,aushtau_east,field,10.0,12.0,-3000.0,10.0,489.66,479.66,6.086,6.078,-0.179,9.169,0.312
aushkul,aushtau_east,field,10.0,12.0,-3000.0,30.0,509.66,479.66,8.442,8.433,-0.223,12.091,0.390
aushkul,aushtau_east,field,10.0,12.0,-3000.0,50.0,529.66,479.66,10.108,10.100,-0.268,13.845,0.400
aushkul,aushtau_east,field,10.0,12.0,-3000.0,100.0,579.66,479.66,12.504,12.503,-0.295,16.872,0.102
aushkul,aushtau_east,field,10.0,12.0,-3000.0,200.0,679.66,479.66,14.642,14.642,-0.292,21.157,-0.041
aushkul,aushtau_east,field,10.0,12.0,-3000.0,300.0,779.66,479.66,15.691,15.691,-0.280,24.677,-0.051
aushkul,aushtau_east,field,10.0,12.0,-1000.0,1.0,413.00,412.00,5.190,5.189,-0.005,5.011,-0.115
aushkul,aushtau_east,field,10.0,12.0,-1000.0,1.5,413.50,412.00,5.238,5.237,-0.005,5.526,-0.113
aushkul,aushtau_east,field,10.0,12.0,-1000.0,2.0,414.00,412.00,5.285,5.284,-0.005,5.923,-0.111
aushkul,aushtau_east,field,10.0,12.0,-1000.0,3.0,415.00,412.00,5.380,5.379,-0.006,6.532,-0.107
aushkul,aushtau_east,field,10.0,12.0,-1000.0,5.0,417.00,412.00,5.571,5.570,-0.006,7.395,-0.100
aushkul,aushtau_east,field,10.0,12.0,-1000.0,10.0,422.00,412.00,6.046,6.046,-0.008,8.763,-0.081
aushkul,aushtau_east,field,10.0,12.0,-1000.0,30.0,442.00,412.00,7.767,7.767,-0.013,11.563,-0.012
aushkul,aushtau_east,field,10.0,12.0,-1000.0,50.0,462.00,412.00,8.864,8.864,-0.014,13.248,0.039
aushkul,aushtau_east,field,10.0,12.0,-1000.0,100.0,512.00,412.00,10.608,10.608,-0.002,16.167,0.089
aushkul,aushtau_east,field,10.0,12.0,-1000.0,200.0,612.00,412.00,12.664,12.664,0.049,20.324,0.065
aushkul,aushtau_east,field,10.0,12.0,-1000.0,300.0,712.00,412.00,13.981,13.981,0.091,23.758,0.020
aushkul,aushtau_east,field,10.0,12.0,-300.0,1.0,482.57,481.57,1.613,1.577,0.425,5.252,0.339
aushkul,aushtau_east,field,10.0,12.0,-300.0,1.5,483.07,481.57,1.918,1.875,0.508,5.790,0.402
aushkul,aushtau_east,field,10.0,12.0,-300.0,2.0,483.57,481.57,2.131,2.084,0.566,6.206,0.445
aushkul,aushtau_east,field,10.0,12.0,-300.0,3.0,484.57,481.57,2.420,2.367,0.641,6.845,0.501
aushkul,aushtau_east,field,10.0,12.0,-300.0,5.0,486.57,481.57,2.796,2.740,0.729,7.748,0.555
aushkul,aushtau_east,field,10.0,12.0,-300.0,10.0,491.57,481.57,3.505,3.457,0.864,9.180,0.574
aushkul,aushtau_east,field,10.0,12.0,-300.0,30.0,511.57,481.57,5.986,5.964,1.480,12.106,0.508
aushkul,aushtau_east,field,10.0,12.0,-300.0,50.0,531.57,481.57,7.482,7.461,1.727,13.862,0.550
aushkul,aushtau_east,field,10.0,12.0,-300.0,100.0,581.57,481.57,10.039,10.031,1.935,16.892,0.411
aushkul,aushtau_east,field,10.0,12.0,-300.0,200.0,681.57,481.57,13.113,13.112,1.773,21.181,0.205
aushkul,aushtau_east,field,10.0,12.0,-300.0,300.0,781.57,481.57,14.785,14.784,1.352,24.703,0.074
aushkul,aushtau_east,field,10.0,12.0,-150.0,1.0,551.93,550.93,1.457,1.433,0.744,5.491,0.261
aushkul,aushtau_east,field,10.0,12.0,-150.0,1.5,552.43,550.93,1.868,1.838,0.955,6.054,0.335
aushkul,aushtau_east,field,10.0,12.0,-150.0,2.0,552.93,550.93,2.135,2.101,1.092,6.489,0.383
aushkul,aushtau_east,field,10.0,12.0,-150.0,3.0,553.93,550.93,2.492,2.451,1.274,7.157,0.446
aushkul,aushtau_east,field,10.0,12.0,-150.0,5.0,555.93,550.93,2.920,2.873,1.493,8.100,0.523
aushkul,aushtau_east,field,10.0,12.0,-150.0,10.0,560.93,550.93,3.761,3.704,1.839,9.596,0.648
aushkul,aushtau_east,field,10.0,12.0,-150.0,30.0,580.93,550.93,7.436,7.352,3.128,12.648,1.116
aushkul,aushtau_east,field,10.0,12.0,-150.0,50.0,600.93,550.93,9.584,9.541,3.437,14.474,0.902
aushkul,aushtau_east,field,10.0,12.0,-150.0,100.0,650.93,550.93,12.703,12.697,3.023,17.615,0.392
aushkul,aushtau_east,field,10.0,12.0,-150.0,200.0,750.93,550.93,15.137,15.137,1.842,22.035,0.075
aushkul,aushtau_east,field,10.0,12.0,-150.0,300.0,850.93,550.93,16.082,16.082,1.153,25.644,-0.027
aushkul,aushtau_east,field,10.0,12.0,-50.0,1.0,608.54,607.54,4.294,4.288,0.577,5.687,0.221
aushkul,aushtau_east,field,10.0,12.0,-50.0,1.5,609.04,607.54,4.987,4.980,0.665,6.270,0.264
aushkul,aushtau_east,field,10.0,12.0,-50.0,2.0,609.54,607.54,5.492,5.484,0.728,6.720,0.294
aushkul,aushtau_east,field,10.0,12.0,-50.0,3.0,610.54,607.54,6.217,6.208,0.820,7.411,0.339
aushkul,aushtau_east,field,10.0,12.0,-50.0,5.0,612.54,607.54,7.150,7.139,0.937,8.388,0.395
aushkul,aushtau_east,field,10.0,12.0,-50.0,10.0,617.54,607.54,8.444,8.431,1.097,9.936,0.473
aushkul,aushtau_east,field,10.0,12.0,-50.0,30.0,637.54,607.54,12.192,12.144,1.792,13.090,1.077
aushkul,aushtau_east,field,10.0,12.0,-50.0,50.0,657.54,607.54,13.931,13.911,2.227,14.974,0.752
aushkul,aushtau_east,field,10.0,12.0,-50.0,100.0,707.54,607.54,15.402,15.401,1.890,18.205,0.143
aushkul,aushtau_east,field,10.0,12.0,-50.0,200.0,807.54,607.54,16.243,16.242,1.120,22.732,-0.060
aushkul,aushtau_east,field,10.0,12.0,-50.0,300.0,907.54,607.54,16.710,16.710,0.736,26.412,-0.100
aushkul,aushtau_east,field,10.0,12.0,-30.0,1.0,617.29,616.29,5.082,5.063,0.455,5.717,0.435
aushkul,aushtau_east,field,10.0,12.0,-30.0,1.5,617.79,616.29,5.858,5.836,0.526,6.303,0.499
aushkul,aushtau_east,field,10.0,12.0,-30.0,2.0,618.29,616.29,6.424,6.401,0.578,6.756,0.545
aushkul,aushtau_east,field,10.0,12.0,-30.0,3.0,619.29,616.29,7.240,7.214,0.652,7.450,0.612
aushkul,aushtau_east,field,10.0,12.0,-30.0,5.0,621.29,616.29,8.289,8.260,0.747,8.432,0.698
aushkul,aushtau_east,field,10.0,12.0,-30.0,10.0,626.29,616.29,9.740,9.706,0.879,9.989,0.815
aushkul,aushtau_east,field,10.0,12.0,-30.0,30.0,646.29,616.29,12.692,12.652,1.406,13.158,1.006
aushkul,aushtau_east,field,10.0,12.0,-30.0,50.0,666.29,616.29,14.427,14.411,1.924,15.051,0.679
aushkul,aushtau_east,field,10.0,12.0,-30.0,100.0,716.29,616.29,15.688,15.688,1.620,18.297,0.098
aushkul,aushtau_east,field,10.0,12.0,-30.0,200.0,816.29,616.29,16.363,16.363,0.983,22.840,-0.077
aushkul,aushtau_east,field,10.0,12.0,-30.0,300.0,916.29,616.29,16.787,16.787,0.664,26.531,-0.109
aushkul,aushtau_east,field,10.0,12.0,-20.0,1.0,621.34,620.34,5.149,5.126,0.465,5.731,0.486
aushkul,aushtau_east,field,10.0,12.0,-20.0,1.5,621.84,620.34,5.943,5.917,0.538,6.318,0.560
aushkul,aushtau_east,field,10.0,12.0,-20.0,2.0,622.34,620.34,6.522,6.493,0.590,6.772,0.615
aushkul,aushtau_east,field,10.0,12.0,-20.0,3.0,623.34,620.34,7.356,7.323,0.666,7.469,0.693
aushkul,aushtau_east,field,10.0,12.0,-20.0,5.0,625.34,620.34,8.425,8.387,0.763,8.453,0.793
aushkul,aushtau_east,field,10.0,12.0,-20.0,10.0,630.34,620.34,9.838,9.799,0.897,10.013,0.879
aushkul,aushtau_east,field,10.0,12.0,-20.0,30.0,650.34,620.34,12.909,12.878,1.445,13.190,0.887
aushkul,aushtau_east,field,10.0,12.0,-20.0,50.0,670.34,620.34,14.602,14.590,1.814,15.087,0.580
aushkul,aushtau_east,field,10.0,12.0,-20.0,100.0,720.34,620.34,15.772,15.771,1.474,18.339,0.065
aushkul,aushtau_east,field,10.0,12.0,-20.0,200.0,820.34,620.34,16.405,16.405,0.915,22.889,-0.087
aushkul,aushtau_east,field,10.0,12.0,-20.0,300.0,920.34,620.34,16.817,16.817,0.629,26.586,-0.115
aushkul,aushtau_east,field,10.0,12.0,-10.0,1.0,625.30,624.30,5.668,5.639,0.500,5.744,0.579
aushkul,aushtau_east,field,10.0,12.0,-10.0,1.5,625.80,624.30,6.367,6.334,0.561,6.333,0.651
aushkul,aushtau_east,field,10.0,12.0,-10.0,2.0,626.30,624.30,6.898,6.862,0.607,6.788,0.706
aushkul,aushtau_east,field,10.0,12.0,-10.0,3.0,627.30,624.30,7.684,7.644,0.676,7.487,0.786
aushkul,aushtau_east,field,10.0,12.0,-10.0,5.0,629.30,624.30,8.723,8.677,0.766,8.473,0.893
aushkul,aushtau_east,field,10.0,12.0,-10.0,10.0,634.30,624.30,10.039,9.998,0.894,10.037,0.908
aushkul,aushtau_east,field,10.0,12.0,-10.0,30.0,654.30,624.30,13.287,13.265,1.442,13.221,0.766
aushkul,aushtau_east,field,10.0,12.0,-10.0,50.0,674.30,624.30,14.774,14.767,1.654,15.122,0.473
aushkul,aushtau_east,field,10.0,12.0,-10.0,100.0,724.30,624.30,15.845,15.845,1.325,18.380,0.033
aushkul,aushtau_east,field,10.0,12.0,-10.0,200.0,824.30,624.30,16.443,16.442,0.849,22.938,-0.096
aushkul,aushtau_east,field,10.0,12.0,-10.0,300.0,924.30,624.30,16.845,16.845,0.594,26.640,-0.120
aushkul,aushtau_east,field,10.0,12.0,0.0,1.0,629.19,628.19,6.234,6.198,0.497,5.758,0.664
aushkul,aushtau_east,field,10.0,12.0,0.0,1.5,629.69,628.19,6.870,6.831,0.547,6.348,0.732
aushkul,aushtau_east,field,10.0,12.0,0.0,2.0,630.19,628.19,7.369,7.327,0.586,6.804,0.785
aushkul,aushtau_east,field,10.0,12.0,0.0,3.0,631.19,628.19,8.125,8.079,0.644,7.504,0.866
aushkul,aushtau_east,field,10.0,12.0,0.0,5.0,633.19,628.19,9.150,9.098,0.724,8.493,0.975
aushkul,aushtau_east,field,10.0,12.0,0.0,10.0,638.19,628.19,10.391,10.351,0.840,10.060,0.910
aushkul,aushtau_east,field,10.0,12.0,0.0,30.0,658.19,628.19,13.724,13.709,1.353,13.251,0.647
aushkul,aushtau_east,field,10.0,12.0,0.0,50.0,678.19,628.19,14.945,14.941,1.451,15.156,0.378
aushkul,aushtau_east,field,10.0,12.0,0.0,100.0,728.19,628.19,15.915,15.915,1.179,18.421,0.005
aushkul,aushtau_east,field,10.0,12.0,0.0,200.0,828.19,628.19,16.478,16.478,0.786,22.986,-0.104
aushkul,aushtau_east,field,10.0,12.0,0.0,300.0,928.19,628.19,16.872,16.872,0.561,26.693,-0.125
aushkul,aushtau_east,field,10.0,12.0,100.0,1.0,635.13,634.13,3.404,3.088,-0.329,5.778,-1.432
aushkul,aushtau_east,field,10.0,12.0,100.0,1.5,635.63,634.13,3.773,3.424,-0.364,6.371,-1.585
aushkul,aushtau_east,field,10.0,12.0,100.0,2.0,636.13,634.13,4.040,3.674,-0.388,6.828,-1.681
aushkul,aushtau_east,field,10.0,12.0,100.0,3.0,637.13,634.13,4.366,4.022,-0.410,7.531,-1.698
aushkul,aushtau_east,field,10.0,12.0,100.0,5.0,639.13,634.13,4.968,4.690,-0.433,8.523,-1.641
aushkul,aushtau_east,field,10.0,12.0,100.0,10.0,644.13,634.13,6.498,6.359,-0.467,10.096,-1.337
aushkul,aushtau_east,field,10.0,12.0,100.0,30.0,664.13,634.13,12.875,12.875,-0.568,13.298,0.048
aushkul,aushtau_east,field,10.0,12.0,100.0,50.0,684.13,634.13,14.394,14.394,-0.267,15.209,0.019
aushkul,aushtau_east,field,10.0,12.0,100.0,100.0,734.13,634.13,15.756,15.756,0.114,18.483,-0.121
aushkul,aushtau_east,field,10.0,12.0,100.0,200.0,834.13,634.13,16.517,16.517,0.292,23.059,-0.162
aushkul,aushtau_east,field,10.0,12.0,100.0,300.0,934.13,634.13,16.938,16.937,0.292,26.773,-0.162
aushkul,aushtau_east,field,10.0,12.0,300.0,1.0,562.94,561.94,1.428,-1.428,-0.006,5.529,-0.042
aushkul,aushtau_east,field,10.0,12.0,300.0,1.5,563.44,561.94,1.377,-1.376,-0.008,6.096,-0.055
aushkul,aushtau_east,field,10.0,12.0,300.0,2.0,563.94,561.94,1.333,-1.331,-0.010,6.534,-0.063
aushkul,aushtau_east,field,10.0,12.0,300.0,3.0,564.94,561.94,1.257,-1.255,-0.011,7.206,-0.074
aushkul,aushtau_east,field,10.0,12.0,300.0,5.0,566.94,561.94,1.128,-1.124,-0.014,8.156,-0.089
aushkul,aushtau_east,field,10.0,12.0,300.0,10.0,571.94,561.94,0.623,-0.582,-0.040,9.663,-0.223
aushkul,aushtau_east,field,10.0,12.0,300.0,30.0,591.94,561.94,2.293,2.140,-0.223,12.734,-0.825
aushkul,aushtau_east,field,10.0,12.0,300.0,50.0,611.94,561.94,5.209,5.172,-0.530,14.571,-0.621
aushkul,aushtau_east,field,10.0,12.0,300.0,100.0,661.94,561.94,11.483,11.482,-0.737,17.730,-0.134
aushkul,aushtau_east,field,10.0,12.0,300.0,200.0,761.94,561.94,15.230,15.228,-0.400,22.170,-0.212
aushkul,aushtau_east,field,10.0,12.0,300.0,300.0,861.94,561.94,16.268,16.266,-0.184,25.793,-0.222
aushkul,aushtau_south,field,0.0,12.0,-3000.0,1.0,423.18,422.18,0.314,0.297,0.000,0.000,0.099
aushkul,aushtau_south,field,0.0,12.0,-3000.0,1.5,423.68,422.18,0.368,0.350,0.000,0.000,0.116
aushkul,aushtau_south,field,0.0,12.0,-3000.0,2.0,424.18,422.18,0.407,0.386,0.000,0.000,0.129
aushkul,aushtau_south,field,0.0,12.0,-3000.0,3.0,425.18,422.18,0.439,0.414,0.000,0.000,0.146
aushkul,aushtau_south,field,0.0,12.0,-3000.0,5.0,427.18,422.18,0.482,0.451,0.000,0.000,0.170
aushkul,aushtau_south,field,0.0,12.0,-3000.0,10.0,432.18,422.18,0.532,0.491,0.000,0.000,0.205
aushkul,aushtau_south,field,0.0,12.0,-3000.0,30.0,452.18,422.18,0.626,0.555,0.000,0.000,0.289
aushkul,aushtau_south,field,0.0,12.0,-3000.0,50.0,472.18,422.18,0.680,0.580,0.000,0.000,0.354
aushkul,aushtau_south,field,0.0,12.0,-3000.0,100.0,522.18,422.18,0.662,0.558,0.000,0.000,0.357
aushkul,aushtau_south,field,0.0,12.0,-3000.0,200.0,622.18,422.18,0.599,0.499,0.000,0.000,0.333
aushkul,aushtau_south,field,0.0,12.0,-3000.0,300.0,722.18,422.18,0.542,0.445,0.000,0.000,0.310
aushkul,aushtau_south,field,0.0,12.0,-1000.0,1.0,416.41,415.41,0.235,0.135,0.000,0.000,0.193
aushkul,aushtau_south,field,0.0,12.0,-1000.0,1.5,416.91,415.41,0.277,0.158,0.000,0.000,0.227
aushkul,aushtau_south,field,0.0,12.0,-1000.0,2.0,417.41,415.41,0.306,0.175,0.000,0.000,0.251
aushkul,aushtau_south,field,0.0,12.0,-1000.0,3.0,418.41,415.41,0.347,0.199,0.000,0.000,0.285
aushkul,aushtau_south,field,0.0,12.0,-1000.0,5.0,420.41,415.41,0.399,0.229,0.000,0.000,0.328
aushkul,aushtau_south,field,0.0,12.0,-1000.0,10.0,425.41,415.41,0.470,0.269,0.000,0.000,0.385
aushkul,aushtau_south,field,0.0,12.0,-1000.0,30.0,445.41,415.41,0.547,0.311,0.000,0.000,0.451
aushkul,aushtau_south,field,0.0,12.0,-1000.0,50.0,465.41,415.41,0.538,0.298,0.000,0.000,0.447
aushkul,aushtau_south,field,0.0,12.0,-1000.0,100.0,515.41,415.41,0.511,0.267,0.000,0.000,0.435
aushkul,aushtau_south,field,0.0,12.0,-1000.0,200.0,615.41,415.41,0.465,0.216,0.000,0.000,0.412
aushkul,aushtau_south,field,0.0,12.0,-1000.0,300.0,715.41,415.41,0.428,0.174,0.000,0.000,0.391
aushkul,aushtau_south,field,0.0,12.0,-300.0,1.0,492.29,491.29,0.157,0.011,0.000,0.000,0.157
aushkul,aushtau_south,field,0.0,12.0,-300.0,1.5,492.79,491.29,0.183,0.012,0.000,0.000,0.183
aushkul,aushtau_south,field,0.0,12.0,-300.0,2.0,493.29,491.29,0.202,0.013,0.000,0.000,0.202
aushkul,aushtau_south,field,0.0,12.0,-300.0,3.0,494.29,491.29,0.229,0.015,0.000,0.000,0.228
aushkul,aushtau_south,field,0.0,12.0,-300.0,5.0,496.29,491.29,0.262,0.017,0.000,0.000,0.261
aushkul,aushtau_south,field,0.0,12.0,-300.0,10.0,501.29,491.29,0.299,0.018,0.000,0.000,0.299
aushkul,aushtau_south,field,0.0,12.0,-300.0,30.0,521.29,491.29,0.319,-0.001,0.000,0.000,0.319
aushkul,aushtau_south,field,0.0,12.0,-300.0,50.0,541.29,491.29,0.312,-0.016,0.000,0.000,0.312
aushkul,aushtau_south,field,0.0,12.0,-300.0,100.0,591.29,491.29,0.300,-0.052,0.000,0.000,0.295
aushkul,aushtau_south,field,0.0,12.0,-300.0,200.0,691.29,491.29,0.294,-0.107,0.000,0.000,0.274
aushkul,aushtau_south,field,0.0,12.0,-300.0,300.0,791.29,491.29,0.295,-0.140,0.000,0.000,0.260
aushkul,aushtau_south,field,0.0,12.0,-150.0,1.0,558.08,557.08,0.121,-0.023,0.000,0.000,0.119
aushkul,aushtau_south,field,0.0,12.0,-150.0,1.5,558.58,557.08,0.135,-0.026,0.000,0.000,0.132
aushkul,aushtau_south,field,0.0,12.0,-150.0,2.0,559.08,557.08,0.145,-0.028,0.000,0.000,0.143
aushkul,aushtau_south,field,0.0,12.0,-150.0,3.0,560.08,557.08,0.161,-0.031,0.000,0.000,0.158
aushkul,aushtau_south,field,0.0,12.0,-150.0,5.0,562.08,557.08,0.182,-0.035,0.000,0.000,0.178
aushkul,aushtau_south,field,0.0,12.0,-150.0,10.0,567.08,557.08,0.212,-0.042,0.000,0.000,0.207
aushkul,aushtau_south,field,0.0,12.0,-150.0,30.0,587.08,557.08,0.252,-0.078,0.000,0.000,0.240
aushkul,aushtau_south,field,0.0,12.0,-150.0,50.0,607.08,557.08,0.258,-0.109,0.000,0.000,0.234
aushkul,aushtau_south,field,0.0,12.0,-150.0,100.0,657.08,557.08,0.273,-0.153,0.000,0.000,0.226
aushkul,aushtau_south,field,0.0,12.0,-150.0,200.0,757.08,557.08,0.296,-0.198,0.000,0.000,0.219
aushkul,aushtau_south,field,0.0,12.0,-150.0,300.0,857.08,557.08,0.305,-0.218,0.000,0.000,0.214
aushkul,aushtau_south,field,0.0,12.0,-50.0,1.0,602.33,601.33,0.084,-0.049,0.000,0.000,0.068
aushkul,aushtau_south,field,0.0,12.0,-50.0,1.5,602.83,601.33,0.092,-0.055,0.000,0.000,0.075
aushkul,aushtau_south,field,0.0,12.0,-50.0,2.0,603.33,601.33,0.098,-0.058,0.000,0.000,0.079
aushkul,aushtau_south,field,0.0,12.0,-50.0,3.0,604.33,601.33,0.108,-0.065,0.000,0.000,0.086
aushkul,aushtau_south,field,0.0,12.0,-50.0,5.0,606.33,601.33,0.121,-0.073,0.000,0.000,0.097
aushkul,aushtau_south,field,0.0,12.0,-50.0,10.0,611.33,601.33,0.147,-0.094,0.000,0.000,0.113
aushkul,aushtau_south,field,0.0,12.0,-50.0,30.0,631.33,601.33,0.238,-0.185,0.000,0.000,0.150
aushkul,aushtau_south,field,0.0,12.0,-50.0,50.0,651.33,601.33,0.271,-0.218,0.000,0.000,0.162
aushkul,aushtau_south,field,0.0,12.0,-50.0,100.0,701.33,601.33,0.299,-0.242,0.000,0.000,0.176
aushkul,aushtau_south,field,0.0,12.0,-50.0,200.0,801.33,601.33,0.318,-0.259,0.000,0.000,0.184
aushkul,aushtau_south,field,0.0,12.0,-50.0,300.0,901.33,601.33,0.321,-0.263,0.000,0.000,0.184
aushkul,aushtau_south,field,0.0,12.0,-30.0,1.0,609.82,608.82,0.069,-0.041,0.000,0.000,0.055
aushkul,aushtau_south,field,0.0,12.0,-30.0,1.5,610.32,608.82,0.079,-0.047,0.000,0.000,0.063
aushkul,aushtau_south,field,0.0,12.0,-30.0,2.0,610.82,608.82,0.086,-0.051,0.000,0.000,0.069
aushkul,aushtau_south,field,0.0,12.0,-30.0,3.0,611.82,608.82,0.096,-0.057,0.000,0.000,0.077
aushkul,aushtau_south,field,0.0,12.0,-30.0,5.0,613.82,608.82,0.109,-0.066,0.000,0.000,0.087
aushkul,aushtau_south,field,0.0,12.0,-30.0,10.0,618.82,608.82,0.138,-0.094,0.000,0.000,0.102
aushkul,aushtau_south,field,0.0,12.0,-30.0,30.0,638.82,608.82,0.265,-0.226,0.000,0.000,0.139
aushkul,aushtau_south,field,0.0,12.0,-30.0,50.0,658.82,608.82,0.285,-0.242,0.000,0.000,0.150
aushkul,aushtau_south,field,0.0,12.0,-30.0,100.0,708.82,608.82,0.308,-0.259,0.000,0.000,0.167
aushkul,aushtau_south,field,0.0,12.0,-30.0,200.0,808.82,608.82,0.323,-0.270,0.000,0.000,0.177
aushkul,aushtau_south,field,0.0,12.0,-30.0,300.0,908.82,608.82,0.325,-0.272,0.000,0.000,0.179
aushkul,aushtau_south,field,0.0,12.0,-20.0,1.0,613.42,612.42,0.075,-0.052,0.000,0.000,0.054
aushkul,aushtau_south,field,0.0,12.0,-20.0,1.5,613.92,612.42,0.084,-0.059,0.000,0.000,0.060
aushkul,aushtau_south,field,0.0,12.0,-20.0,2.0,614.42,612.42,0.091,-0.064,0.000,0.000,0.065
aushkul,aushtau_south,field,0.0,12.0,-20.0,3.0,615.42,612.42,0.102,-0.071,0.000,0.000,0.073
aushkul,aushtau_south,field,0.0,12.0,-20.0,5.0,617.42,612.42,0.116,-0.081,0.000,0.000,0.082
aushkul,aushtau_south,field,0.0,12.0,-20.0,10.0,622.42,612.42,0.149,-0.114,0.000,0.000,0.096
aushkul,aushtau_south,field,0.0,12.0,-20.0,30.0,642.42,612.42,0.276,-0.242,0.000,0.000,0.132
aushkul,aushtau_south,field,0.0,12.0,-20.0,50.0,662.42,612.42,0.293,-0.254,0.000,0.000,0.145
aushkul,aushtau_south,field,0.0,12.0,-20.0,100.0,712.42,612.42,0.313,-0.267,0.000,0.000,0.163
aushkul,aushtau_south,field,0.0,12.0,-20.0,200.0,812.42,612.42,0.326,-0.275,0.000,0.000,0.174
aushkul,aushtau_south,field,0.0,12.0,-20.0,300.0,912.42,612.42,0.327,-0.276,0.000,0.000,0.176
aushkul,aushtau_south,field,0.0,12.0,-10.0,1.0,616.91,615.91,0.091,-0.074,0.000,0.000,0.053
aushkul,aushtau_south,field,0.0,12.0,-10.0,1.5,617.41,615.91,0.101,-0.082,0.000,0.000,0.059
aushkul,aushtau_south,field,0.0,12.0,-10.0,2.0,617.91,615.91,0.109,-0.089,0.000,0.000,0.063
aushkul,aushtau_south,field,0.0,12.0,-10.0,3.0,618.91,615.91,0.121,-0.099,0.000,0.000,0.070
aushkul,aushtau_south,field,0.0,12.0,-10.0,5.0,620.91,615.91,0.137,-0.112,0.000,0.000,0.079
aushkul,aushtau_south,field,0.0,12.0,-10.0,10.0,625.91,615.91,0.174,-0.148,0.000,0.000,0.092
aushkul,aushtau_south,field,0.0,12.0,-10.0,30.0,645.91,615.91,0.283,-0.254,0.000,0.000,0.125
aushkul,aushtau_south,field,0.0,12.0,-10.0,50.0,665.91,615.91,0.300,-0.265,0.000,0.000,0.140
aushkul,aushtau_south,field,0.0,12.0,-10.0,100.0,715.91,615.91,0.318,-0.275,0.000,0.000,0.159
aushkul,aushtau_south,field,0.0,12.0,-10.0,200.0,815.91,615.91,0.328,-0.281,0.000,0.000,0.171
aushkul,aushtau_south,field,0.0,12.0,-10.0,300.0,915.91,615.91,0.329,-0.280,0.000,0.000,0.173
aushkul,aushtau_south,field,0.0,12.0,0.0,1.0,620.34,619.34,0.118,-0.105,0.000,0.000,0.055
aushkul,aushtau_south,field,0.0,12.0,0.0,1.5,620.84,619.34,0.128,-0.113,0.000,0.000,0.059
aushkul,aushtau_south,field,0.0,12.0,0.0,2.0,621.34,619.34,0.136,-0.120,0.000,0.000,0.063
aushkul,aushtau_south,field,0.0,12.0,0.0,3.0,622.34,619.34,0.148,-0.131,0.000,0.000,0.069
aushkul,aushtau_south,field,0.0,12.0,0.0,5.0,624.34,619.34,0.166,-0.147,0.000,0.000,0.077
aushkul,aushtau_south,field,0.0,12.0,0.0,10.0,629.34,619.34,0.204,-0.184,0.000,0.000,0.089
aushkul,aushtau_south,field,0.0,12.0,0.0,30.0,649.34,619.34,0.292,-0.266,0.000,0.000,0.119
aushkul,aushtau_south,field,0.0,12.0,0.0,50.0,669.34,619.34,0.307,-0.276,0.000,0.000,0.135
aushkul,aushtau_south,field,0.0,12.0,0.0,100.0,719.34,619.34,0.323,-0.283,0.000,0.000,0.154
aushkul,aushtau_south,field,0.0,12.0,0.0,200.0,819.34,619.34,0.331,-0.286,0.000,0.000,0.167
aushkul,aushtau_south,field,0.0,12.0,0.0,300.0,919.34,619.34,0.331,-0.284,0.000,0.000,0.170
aushkul,aushtau_south,field,0.0,12.0,100.0,1.0,634.98,633.98,0.238,-0.236,0.000,0.000,0.027
aushkul,aushtau_south,field,0.0,12.0,100.0,1.5,635.48,633.98,0.263,-0.261,0.000,0.000,0.030
aushkul,aushtau_south,field,0.0,12.0,100.0,2.0,635.98,633.98,0.282,-0.280,0.000,0.000,0.032
aushkul,aushtau_south,field,0.0,12.0,100.0,3.0,636.98,633.98,0.311,-0.309,0.000,0.000,0.036
aushkul,aushtau_south,field,0.0,12.0,100.0,5.0,638.98,633.98,0.350,-0.348,0.000,0.000,0.040
aushkul,aushtau_south,field,0.0,12.0,100.0,10.0,643.98,633.98,0.392,-0.389,0.000,0.000,0.047
aushkul,aushtau_south,field,0.0,12.0,100.0,30.0,663.98,633.98,0.395,-0.389,0.000,0.000,0.071
aushkul,aushtau_south,field,0.0,12.0,100.0,50.0,683.98,633.98,0.387,-0.378,0.000,0.000,0.087
aushkul,aushtau_south,field,0.0,12.0,100.0,100.0,733.98,633.98,0.375,-0.358,0.000,0.000,0.111
aushkul,aushtau_south,field,0.0,12.0,100.0,200.0,833.98,633.98,0.362,-0.337,0.000,0.000,0.133
aushkul,aushtau_south,field,0.0,12.0,100.0,300.0,933.98,633.98,0.352,-0.322,0.000,0.000,0.141
aushkul,aushtau_south,field,0.0,12.0,300.0,1.0,606.58,605.58,0.227,-0.226,0.000,0.000,0.025
aushkul,aushtau_south,field,0.0,12.0,300.0,1.5,607.08,605.58,0.257,-0.256,0.000,0.000,0.028
aushkul,aushtau_south,field,0.0,12.0,300.0,2.0,607.58,605.58,0.280,-0.278,0.000,0.000,0.030
aushkul,aushtau_south,field,0.0,12.0,300.0,3.0,608.58,605.58,0.313,-0.311,0.000,0.000,0.034
aushkul,aushtau_south,field,0.0,12.0,300.0,5.0,610.58,605.58,0.355,-0.353,0.000,0.000,0.038
aushkul,aushtau_south,field,0.0,12.0,300.0,10.0,615.58,605.58,0.419,-0.417,0.000,0.000,0.042
aushkul,aushtau_south,field,0.0,12.0,300.0,30.0,635.58,605.58,0.510,-0.509,0.000,0.000,0.029
aushkul,aushtau_south,field,0.0,12.0,300.0,50.0,655.58,605.58,0.505,-0.505,0.000,0.000,0.025
aushkul,aushtau_south,field,0.0,12.0,300.0,100.0,705.58,605.58,0.482,-0.480,0.000,0.000,0.037
aushkul,aushtau_south,field,0.0,12.0,300.0,200.0,805.58,605.58,0.440,-0.435,0.000,0.000,0.064
aushkul,aushtau_south,field,0.0,12.0,300.0,300.0,905.58,605.58,0.409,-0.401,0.000,0.000,0.081
aushkul,aushtau_south,field,3.0,12.0,-3000.0,1.0,423.18,422.18,1.532,1.522,-0.007,2.045,-0.177
aushkul,aushtau_south,field,3.0,12.0,-3000.0,1.5,423.68,422.18,1.801,1.789,-0.008,2.141,-0.208
aushkul,aushtau_south,field,3.0,12.0,-3000.0,2.0,424.18,422.18,1.988,1.974,-0.009,2.212,-0.229
aushkul,aushtau_south,field,3.0,12.0,-3000.0,3.0,425.18,422.18,2.151,2.138,-0.010,2.316,-0.243
aushkul,aushtau_south,field,3.0,12.0,-3000.0,5.0,427.18,422.18,2.363,2.349,-0.011,2.456,-0.259
aushkul,aushtau_south,field,3.0,12.0,-3000.0,10.0,432.18,422.18,2.638,2.624,-0.013,2.663,-0.276
aushkul,aushtau_south,field,3.0,12.0,-3000.0,30.0,452.18,422.18,3.187,3.174,-0.019,3.053,-0.291
aushkul,aushtau_south,field,3.0,12.0,-3000.0,50.0,472.18,422.18,3.540,3.529,-0.024,3.275,-0.284
aushkul,aushtau_south,field,3.0,12.0,-3000.0,100.0,522.18,422.18,3.915,3.906,-0.038,3.656,-0.270
aushkul,aushtau_south,field,3.0,12.0,-3000.0,200.0,622.18,422.18,4.326,4.319,-0.044,4.203,-0.243
aushkul,aushtau_south,field,3.0,12.0,-3000.0,300.0,722.18,422.18,4.508,4.503,-0.039,4.473,-0.226
aushkul,aushtau_south,field,3.0,12.0,-1000.0,1.0,416.41,415.41,1.515,1.510,0.001,2.036,-0.127
aushkul,aushtau_south,field,3.0,12.0,-1000.0,1.5,416.91,415.41,1.782,1.775,0.001,2.131,-0.149
aushkul,aushtau_south,field,3.0,12.0,-1000.0,2.0,417.41,415.41,1.971,1.964,0.001,2.202,-0.165
aushkul,aushtau_south,field,3.0,12.0,-1000.0,3.0,418.41,415.41,2.237,2.229,0.001,2.306,-0.188
aushkul,aushtau_south,field,3.0,12.0,-1000.0,5.0,420.41,415.41,2.573,2.564,0.001,2.445,-0.216
aushkul,aushtau_south,field,3.0,12.0,-1000.0,10.0,425.41,415.41,3.028,3.017,0.001,2.651,-0.254
aushkul,aushtau_south,field,3.0,12.0,-1000.0,30.0,445.41,415.41,3.633,3.620,0.003,3.039,-0.306
aushkul,aushtau_south,field,3.0,12.0,-1000.0,50.0,465.41,415.41,3.828,3.815,0.006,3.261,-0.323
aushkul,aushtau_south,field,3.0,12.0,-1000.0,100.0,515.41,415.41,4.055,4.042,0.018,3.640,-0.323
aushkul,aushtau_south,field,3.0,12.0,-1000.0,200.0,615.41,415.41,4.232,4.222,0.034,4.186,-0.293
aushkul,aushtau_south,field,3.0,12.0,-1000.0,300.0,715.41,415.41,4.323,4.315,0.045,4.456,-0.268
aushkul,aushtau_south,field,3.0,12.0,-300.0,1.0,492.29,491.29,0.785,0.778,0.092,2.141,-0.100
aushkul,aushtau_south,field,3.0,12.0,-300.0,1.5,492.79,491.29,0.917,0.909,0.107,2.242,-0.116
aushkul,aushtau_south,field,3.0,12.0,-300.0,2.0,493.29,491.29,1.011,1.003,0.118,2.316,-0.128
aushkul,aushtau_south,field,3.0,12.0,-300.0,3.0,494.29,491.29,1.145,1.135,0.133,2.425,-0.145
aushkul,aushtau_south,field,3.0,12.0,-300.0,5.0,496.29,491.29,1.314,1.303,0.153,2.571,-0.167
aushkul,aushtau_south,field,3.0,12.0,-300.0,10.0,501.29,491.29,1.594,1.581,0.183,2.788,-0.206
aushkul,aushtau_south,field,3.0,12.0,-300.0,30.0,521.29,491.29,2.678,2.664,0.313,3.193,-0.272
aushkul,aushtau_south,field,3.0,12.0,-300.0,50.0,541.29,491.29,3.175,3.167,0.377,3.424,-0.232
aushkul,aushtau_south,field,3.0,12.0,-300.0,100.0,591.29,491.29,3.728,3.725,0.391,3.817,-0.166
aushkul,aushtau_south,field,3.0,12.0,-300.0,200.0,691.29,491.29,4.203,4.200,0.322,4.377,-0.144
aushkul,aushtau_south,field,3.0,12.0,-300.0,300.0,791.29,491.29,4.391,4.389,0.250,4.648,-0.152
aushkul,aushtau_south,field,3.0,12.0,-150.0,1.0,558.08,557.08,1.195,1.195,0.127,2.233,0.008
aushkul,aushtau_south,field,3.0,12.0,-150.0,1.5,558.58,557.08,1.335,1.335,0.141,2.337,0.009
aushkul,aushtau_south,field,3.0,12.0,-150.0,2.0,559.08,557.08,1.442,1.442,0.152,2.415,0.009
aushkul,aushtau_south,field,3.0,12.0,-150.0,3.0,560.08,557.08,1.602,1.602,0.168,2.528,0.010
aushkul,aushtau_south,field,3.0,12.0,-150.0,5.0,562.08,557.08,1.815,1.815,0.189,2.681,0.011
aushkul,aushtau_south,field,3.0,12.0,-150.0,10.0,567.08,557.08,2.119,2.119,0.219,2.906,0.013
aushkul,aushtau_south,field,3.0,12.0,-150.0,30.0,587.08,557.08,3.169,3.169,0.350,3.327,-0.033
aushkul,aushtau_south,field,3.0,12.0,-150.0,50.0,607.08,557.08,3.815,3.815,0.473,3.566,-0.012
aushkul,aushtau_south,field,3.0,12.0,-150.0,100.0,657.08,557.08,4.277,4.277,0.460,3.971,-0.014
aushkul,aushtau_south,field,3.0,12.0,-150.0,200.0,757.08,557.08,4.530,4.530,0.323,4.543,-0.085
aushkul,aushtau_south,field,3.0,12.0,-150.0,300.0,857.08,557.08,4.586,4.584,0.233,4.814,-0.124
aushkul,aushtau_south,field,3.0,12.0,-50.0,1.0,602.33,601.33,1.240,1.235,0.231,2.294,0.106
aushkul,aushtau_south,field,3.0,12.0,-50.0,1.5,602.83,601.33,1.379,1.374,0.252,2.402,0.127
aushkul,aushtau_south,field,3.0,12.0,-50.0,2.0,603.33,601.33,1.483,1.476,0.267,2.481,0.144
aushkul,aushtau_south,field,3.0,12.0,-50.0,3.0,604.33,601.33,1.643,1.634,0.289,2.598,0.170
aushkul,aushtau_south,field,3.0,12.0,-50.0,5.0,606.33,601.33,1.878,1.866,0.322,2.754,0.208
aushkul,aushtau_south,field,3.0,12.0,-50.0,10.0,611.33,601.33,2.340,2.328,0.379,2.986,0.235
aushkul,aushtau_south,field,3.0,12.0,-50.0,30.0,631.33,601.33,3.927,3.924,0.535,3.417,0.164
aushkul,aushtau_south,field,3.0,12.0,-50.0,50.0,651.33,601.33,4.391,4.390,0.498,3.662,0.108
aushkul,aushtau_south,field,3.0,12.0,-50.0,100.0,701.33,601.33,4.644,4.644,0.372,4.074,0.029
aushkul,aushtau_south,field,3.0,12.0,-50.0,200.0,801.33,601.33,4.696,4.695,0.252,4.654,-0.074
aushkul,aushtau_south,field,3.0,12.0,-50.0,300.0,901.33,601.33,4.674,4.672,0.188,4.926,-0.120
aushkul,aushtau_south,field,3.0,12.0,-30.0,1.0,609.82,608.82,1.096,1.070,0.203,2.305,0.235
aushkul,aushtau_south,field,3.0,12.0,-30.0,1.5,610.32,608.82,1.256,1.226,0.232,2.413,0.272
aushkul,aushtau_south,field,3.0,12.0,-30.0,2.0,610.82,608.82,1.372,1.339,0.253,2.492,0.298
aushkul,aushtau_south,field,3.0,12.0,-30.0,3.0,611.82,608.82,1.541,1.503,0.283,2.610,0.337
aushkul,aushtau_south,field,3.0,12.0,-30.0,5.0,613.82,608.82,1.761,1.717,0.322,2.767,0.388
aushkul,aushtau_south,field,3.0,12.0,-30.0,10.0,618.82,608.82,2.236,2.208,0.378,2.999,0.357
aushkul,aushtau_south,field,3.0,12.0,-30.0,30.0,638.82,608.82,4.283,4.282,0.575,3.432,0.117
aushkul,aushtau_south,field,3.0,12.0,-30.0,50.0,658.82,608.82,4.522,4.521,0.473,3.678,0.101
aushkul,aushtau_south,field,3.0,12.0,-30.0,100.0,708.82,608.82,4.701,4.701,0.343,4.091,0.029
aushkul,aushtau_south,field,3.0,12.0,-30.0,200.0,808.82,608.82,4.719,4.719,0.236,4.673,-0.075
aushkul,aushtau_south,field,3.0,12.0,-30.0,300.0,908.82,608.82,4.686,4.685,0.178,4.945,-0.120
aushkul,aushtau_south,field,3.0,12.0,-20.0,1.0,613.42,612.42,1.242,1.211,0.196,2.310,0.278
aushkul,aushtau_south,field,3.0,12.0,-20.0,1.5,613.92,612.42,1.399,1.364,0.221,2.418,0.313
aushkul,aushtau_south,field,3.0,12.0,-20.0,2.0,614.42,612.42,1.517,1.479,0.239,2.498,0.339
aushkul,aushtau_south,field,3.0,12.0,-20.0,3.0,615.42,612.42,1.691,1.648,0.266,2.615,0.377
aushkul,aushtau_south,field,3.0,12.0,-20.0,5.0,617.42,612.42,1.917,1.869,0.301,2.773,0.427
aushkul,aushtau_south,field,3.0,12.0,-20.0,10.0,622.42,612.42,2.432,2.403,0.352,3.006,0.375
aushkul,aushtau_south,field,3.0,12.0,-20.0,30.0,642.42,612.42,4.375,4.373,0.529,3.440,0.131
aushkul,aushtau_south,field,3.0,12.0,-20.0,50.0,662.42,612.42,4.567,4.566,0.431,3.685,0.111
aushkul,aushtau_south,field,3.0,12.0,-20.0,100.0,712.42,612.42,4.724,4.724,0.324,4.099,0.029
aushkul,aushtau_south,field,3.0,12.0,-20.0,200.0,812.42,612.42,4.729,4.728,0.227,4.682,-0.076
aushkul,aushtau_south,field,3.0,12.0,-20.0,300.0,912.42,612.42,4.692,4.690,0.173,4.954,-0.121
aushkul,aushtau_south,field,3.0,12.0,-10.0,1.0,616.91,615.91,1.491,1.465,0.172,2.315,0.275
aushkul,aushtau_south,field,3.0,12.0,-10.0,1.5,617.41,615.91,1.659,1.630,0.191,2.423,0.305
aushkul,aushtau_south,field,3.0,12.0,-10.0,2.0,617.91,615.91,1.788,1.757,0.205,2.503,0.329
aushkul,aushtau_south,field,3.0,12.0,-10.0,3.0,618.91,615.91,1.980,1.946,0.226,2.621,0.363
aushkul,aushtau_south,field,3.0,12.0,-10.0,5.0,620.91,615.91,2.238,2.201,0.254,2.779,0.403
aushkul,aushtau_south,field,3.0,12.0,-10.0,10.0,625.91,615.91,2.790,2.767,0.298,3.012,0.360
aushkul,aushtau_south,field,3.0,12.0,-10.0,30.0,645.91,615.91,4.395,4.392,0.438,3.447,0.161
aushkul,aushtau_south,field,3.0,12.0,-10.0,50.0,665.91,615.91,4.597,4.595,0.376,3.693,0.125
aushkul,aushtau_south,field,3.0,12.0,-10.0,100.0,715.91,615.91,4.741,4.741,0.303,4.108,0.029
aushkul,aushtau_south,field,3.0,12.0,-10.0,200.0,815.91,615.91,4.738,4.737,0.218,4.691,-0.077
aushkul,aushtau_south,field,3.0,12.0,-10.0,300.0,915.91,615.91,4.697,4.695,0.168,4.963,-0.121
aushkul,aushtau_south,field,3.0,12.0,0.0,1.0,620.34,619.34,1.869,1.848,0.152,2.319,0.276
aushkul,aushtau_south,field,3.0,12.0,0.0,1.5,620.84,619.34,2.022,1.999,0.164,2.428,0.298
aushkul,aushtau_south,field,3.0,12.0,0.0,2.0,621.34,619.34,2.144,2.121,0.173,2.508,0.316
aushkul,aushtau_south,field,3.0,12.0,0.0,3.0,622.34,619.34,2.336,2.310,0.188,2.626,0.343
aushkul,aushtau_south,field,3.0,12.0,0.0,5.0,624.34,619.34,2.609,2.584,0.208,2.784,0.364
aushkul,aushtau_south,field,3.0,12.0,0.0,10.0,629.34,619.34,3.168,3.150,0.243,3.018,0.337
aushkul,aushtau_south,field,3.0,12.0,0.0,30.0,649.34,619.34,4.422,4.418,0.354,3.454,0.184
aushkul,aushtau_south,field,3.0,12.0,0.0,50.0,669.34,619.34,4.620,4.618,0.330,3.700,0.134
aushkul,aushtau_south,field,3.0,12.0,0.0,100.0,719.34,619.34,4.757,4.757,0.284,4.116,0.029
aushkul,aushtau_south,field,3.0,12.0,0.0,200.0,819.34,619.34,4.746,4.745,0.209,4.700,-0.078
aushkul,aushtau_south,field,3.0,12.0,0.0,300.0,919.34,619.34,4.701,4.700,0.163,4.972,-0.121
aushkul,aushtau_south,field,3.0,12.0,100.0,1.0,634.98,633.98,2.490,2.489,0.024,2.340,0.065
aushkul,aushtau_south,field,3.0,12.0,100.0,1.5,635.48,633.98,2.752,2.751,0.026,2.449,0.071
aushkul,aushtau_south,field,3.0,12.0,100.0,2.0,635.98,633.98,2.955,2.954,0.028,2.530,0.077
aushkul,aushtau_south,field,3.0,12.0,100.0,3.0,636.98,633.98,3.259,3.258,0.031,2.649,0.085
aushkul,aushtau_south,field,3.0,12.0,100.0,5.0,638.98,633.98,3.664,3.663,0.034,2.809,0.087
aushkul,aushtau_south,field,3.0,12.0,100.0,10.0,643.98,633.98,4.142,4.141,0.040,3.044,0.103
aushkul,aushtau_south,field,3.0,12.0,100.0,30.0,663.98,633.98,4.640,4.638,0.075,3.484,0.134
aushkul,aushtau_south,field,3.0,12.0,100.0,50.0,683.98,633.98,4.765,4.764,0.096,3.732,0.083
aushkul,aushtau_south,field,3.0,12.0,100.0,100.0,733.98,633.98,4.846,4.846,0.126,4.150,-0.007
aushkul,aushtau_south,field,3.0,12.0,100.0,200.0,833.98,633.98,4.800,4.799,0.130,4.736,-0.090
aushkul,aushtau_south,field,3.0,12.0,100.0,300.0,933.98,633.98,4.738,4.736,0.117,5.009,-0.125
aushkul,aushtau_south,field,3.0,12.0,300.0,1.0,606.58,605.58,1.633,1.612,-0.039,2.300,-0.259
aushkul,aushtau_south,field,3.0,12.0,300.0,1.5,607.08,605.58,1.850,1.827,-0.044,2.408,-0.293
aushkul,aushtau_south,field,3.0,12.0,300.0,2.0,607.58,605.58,2.012,1.987,-0.048,2.487,-0.319
aushkul,aushtau_south,field,3.0,12.0,300.0,3.0,608.58,605.58,2.248,2.220,-0.054,2.605,-0.356
aushkul,aushtau_south,field,3.0,12.0,300.0,5.0,610.58,605.58,2.554,2.522,-0.061,2.761,-0.404
aushkul,aushtau_south,field,3.0,12.0,300.0,10.0,615.58,605.58,3.067,3.031,-0.071,2.993,-0.469
aushkul,aushtau_south,field,3.0,12.0,300.0,30.0,635.58,605.58,4.016,3.989,-0.122,3.426,-0.466
aushkul,aushtau_south,field,3.0,12.0,300.0,50.0,655.58,605.58,4.310,4.297,-0.147,3.671,-0.329
aushkul,aushtau_south,field,3.0,12.0,300.0,100.0,705.58,605.58,4.625,4.620,-0.117,4.083,-0.201
aushkul,aushtau_south,field,3.0,12.0,300.0,200.0,805.58,605.58,4.753,4.751,-0.026,4.665,-0.151
aushkul,aushtau_south,field,3.0,12.0,300.0,300.0,905.58,605.58,4.744,4.742,0.020,4.937,-0.146
aushkul,aushtau_south,field,6.0,12.0,-3000.0,1.0,423.18,422.18,2.597,2.571,-0.011,3.046,-0.367
aushkul,aushtau_south,field,6.0,12.0,-3000.0,1.5,423.68,422.18,3.053,3.022,-0.013,3.359,-0.432
aushkul,aushtau_south,field,6.0,12.0,-3000.0,2.0,424.18,422.18,3.370,3.336,-0.015,3.600,-0.476
aushkul,aushtau_south,field,6.0,12.0,-3000.0,3.0,425.18,422.18,3.656,3.620,-0.017,3.971,-0.511
aushkul,aushtau_south,field,6.0,12.0,-3000.0,5.0,427.18,422.18,4.029,3.991,-0.021,4.495,-0.554
aushkul,aushtau_south,field,6.0,12.0,-3000.0,10.0,432.18,422.18,4.527,4.487,-0.026,5.326,-0.604
aushkul,aushtau_south,field,6.0,12.0,-3000.0,30.0,452.18,422.18,5.569,5.527,-0.039,7.027,-0.684
aushkul,aushtau_south,field,6.0,12.0,-3000.0,50.0,472.18,422.18,6.302,6.263,-0.050,8.049,-0.706
aushkul,aushtau_south,field,6.0,12.0,-3000.0,100.0,522.18,422.18,7.448,7.422,-0.091,9.819,-0.621
aushkul,aushtau_south,field,6.0,12.0,-3000.0,200.0,622.18,422.18,8.898,8.886,-0.115,12.335,-0.468
aushkul,aushtau_south,field,6.0,12.0,-3000.0,300.0,722.18,422.18,9.582,9.574,-0.109,14.410,-0.388
aushkul,aushtau_south,field,6.0,12.0,-1000.0,1.0,416.41,415.41,2.566,2.551,0.002,3.032,-0.281
aushkul,aushtau_south,field,6.0,12.0,-1000.0,1.5,416.91,415.41,3.017,2.999,0.003,3.343,-0.330
aushkul,aushtau_south,field,6.0,12.0,-1000.0,2.0,417.41,415.41,3.337,3.317,0.003,3.584,-0.365
aushkul,aushtau_south,field,6.0,12.0,-1000.0,3.0,418.41,415.41,3.788,3.765,0.003,3.952,-0.415
aushkul,aushtau_south,field,6.0,12.0,-1000.0,5.0,420.41,415.41,4.356,4.330,0.004,4.474,-0.477
aushkul,aushtau_south,field,6.0,12.0,-1000.0,10.0,425.41,415.41,5.128,5.097,0.005,5.302,-0.561
aushkul,aushtau_south,field,6.0,12.0,-1000.0,30.0,445.41,415.41,6.275,6.237,0.010,6.995,-0.684
aushkul,aushtau_south,field,6.0,12.0,-1000.0,50.0,465.41,415.41,6.907,6.867,0.021,8.013,-0.741
aushkul,aushtau_south,field,6.0,12.0,-1000.0,100.0,515.41,415.41,7.760,7.725,0.052,9.777,-0.733
aushkul,aushtau_south,field,6.0,12.0,-1000.0,200.0,615.41,415.41,8.598,8.574,0.089,12.285,-0.636
aushkul,aushtau_south,field,6.0,12.0,-1000.0,300.0,715.41,415.41,9.120,9.103,0.115,14.355,-0.554
aushkul,aushtau_south,field,6.0,12.0,-300.0,1.0,492.29,491.29,1.418,1.404,0.234,3.189,-0.196
aushkul,aushtau_south,field,6.0,12.0,-300.0,1.5,492.79,491.29,1.657,1.641,0.274,3.517,-0.229
aushkul,aushtau_south,field,6.0,12.0,-300.0,2.0,493.29,491.29,1.827,1.810,0.301,3.769,-0.252
aushkul,aushtau_south,field,6.0,12.0,-300.0,3.0,494.29,491.29,2.069,2.049,0.341,4.157,-0.285
aushkul,aushtau_south,field,6.0,12.0,-300.0,5.0,496.29,491.29,2.374,2.352,0.391,4.705,-0.328
aushkul,aushtau_south,field,6.0,12.0,-300.0,10.0,501.29,491.29,2.887,2.859,0.468,5.575,-0.402
aushkul,aushtau_south,field,6.0,12.0,-300.0,30.0,521.29,491.29,4.931,4.903,0.801,7.351,-0.530
aushkul,aushtau_south,field,6.0,12.0,-300.0,50.0,541.29,491.29,5.975,5.957,0.971,8.415,-0.467
aushkul,aushtau_south,field,6.0,12.0,-300.0,100.0,591.29,491.29,7.342,7.333,1.030,10.251,-0.365
aushkul,aushtau_south,field,6.0,12.0,-300.0,200.0,691.29,491.29,8.709,8.703,0.870,12.846,-0.331
aushkul,aushtau_south,field,6.0,12.0,-300.0,300.0,791.29,491.29,9.405,9.399,0.677,14.973,-0.332
aushkul,aushtau_south,field,6.0,12.0,-150.0,1.0,558.08,557.08,2.292,2.291,0.343,3.326,0.013
aushkul,aushtau_south,field,6.0,12.0,-150.0,1.5,558.58,557.08,2.560,2.560,0.381,3.667,0.014
aushkul,aushtau_south,field,6.0,12.0,-150.0,2.0,559.08,557.08,2.766,2.766,0.410,3.930,0.014
aushkul,aushtau_south,field,6.0,12.0,-150.0,3.0,560.08,557.08,3.073,3.072,0.454,4.334,0.015
aushkul,aushtau_south,field,6.0,12.0,-150.0,5.0,562.08,557.08,3.481,3.481,0.511,4.906,0.017
aushkul,aushtau_south,field,6.0,12.0,-150.0,10.0,567.08,557.08,4.065,4.065,0.594,5.812,0.020
aushkul,aushtau_south,field,6.0,12.0,-150.0,30.0,587.08,557.08,6.127,6.126,0.946,7.659,-0.067
aushkul,aushtau_south,field,6.0,12.0,-150.0,50.0,607.08,557.08,7.481,7.481,1.280,8.764,-0.029
aushkul,aushtau_south,field,6.0,12.0,-150.0,100.0,657.08,557.08,8.663,8.663,1.255,10.663,-0.050
aushkul,aushtau_south,field,6.0,12.0,-150.0,200.0,757.08,557.08,9.553,9.551,0.884,13.332,-0.199
aushkul,aushtau_south,field,6.0,12.0,-150.0,300.0,857.08,557.08,9.961,9.957,0.630,15.509,-0.266
aushkul,aushtau_south,field,6.0,12.0,-50.0,1.0,602.33,601.33,2.407,2.400,0.636,3.417,0.193
aushkul,aushtau_south,field,6.0,12.0,-50.0,1.5,602.83,601.33,2.680,2.670,0.695,3.768,0.232
aushkul,aushtau_south,field,6.0,12.0,-50.0,2.0,603.33,601.33,2.881,2.869,0.735,4.038,0.266
aushkul,aushtau_south,field,6.0,12.0,-50.0,3.0,604.33,601.33,3.195,3.179,0.797,4.454,0.317
aushkul,aushtau_south,field,6.0,12.0,-50.0,5.0,606.33,601.33,3.653,3.632,0.887,5.041,0.390
aushkul,aushtau_south,field,6.0,12.0,-50.0,10.0,611.33,601.33,4.565,4.543,1.043,5.971,0.444
aushkul,aushtau_south,field,6.0,12.0,-50.0,30.0,631.33,601.33,7.763,7.756,1.473,7.866,0.313
aushkul,aushtau_south,field,6.0,12.0,-50.0,50.0,651.33,601.33,8.806,8.803,1.371,8.998,0.209
aushkul,aushtau_south,field,6.0,12.0,-50.0,100.0,701.33,601.33,9.575,9.574,1.029,10.940,0.044
aushkul,aushtau_south,field,6.0,12.0,-50.0,200.0,801.33,601.33,10.019,10.018,0.690,13.659,-0.171
aushkul,aushtau_south,field,6.0,12.0,-50.0,300.0,901.33,601.33,10.252,10.248,0.505,15.869,-0.253
aushkul,aushtau_south,field,6.0,12.0,-30.0,1.0,609.82,608.82,2.131,2.082,0.561,3.433,0.451
aushkul,aushtau_south,field,6.0,12.0,-30.0,1.5,610.32,608.82,2.442,2.386,0.640,3.785,0.521
aushkul,aushtau_south,field,6.0,12.0,-30.0,2.0,610.82,608.82,2.668,2.606,0.697,4.057,0.573
aushkul,aushtau_south,field,6.0,12.0,-30.0,3.0,611.82,608.82,2.996,2.925,0.780,4.474,0.648
aushkul,aushtau_south,field,6.0,12.0,-30.0,5.0,613.82,608.82,3.424,3.342,0.888,5.064,0.745
aushkul,aushtau_south,field,6.0,12.0,-30.0,10.0,618.82,608.82,4.373,4.319,1.043,5.998,0.687
aushkul,aushtau_south,field,6.0,12.0,-30.0,30.0,638.82,608.82,8.493,8.490,1.584,7.901,0.228
aushkul,aushtau_south,field,6.0,12.0,-30.0,50.0,658.82,608.82,9.104,9.102,1.305,9.038,0.199
aushkul,aushtau_south,field,6.0,12.0,-30.0,100.0,708.82,608.82,9.721,9.721,0.948,10.987,0.045
aushkul,aushtau_south,field,6.0,12.0,-30.0,200.0,808.82,608.82,10.089,10.088,0.646,13.714,-0.171
aushkul,aushtau_south,field,6.0,12.0,-30.0,300.0,908.82,608.82,10.296,10.293,0.479,15.930,-0.253
aushkul,aushtau_south,field,6.0,12.0,-20.0,1.0,613.42,612.42,2.424,2.364,0.541,3.440,0.537
aushkul,aushtau_south,field,6.0,12.0,-20.0,1.5,613.92,612.42,2.731,2.663,0.608,3.793,0.604
aushkul,aushtau_south,field,6.0,12.0,-20.0,2.0,614.42,612.42,2.961,2.888,0.659,4.066,0.654
aushkul,aushtau_south,field,6.0,12.0,-20.0,3.0,615.42,612.42,3.299,3.217,0.732,4.484,0.728
aushkul,aushtau_south,field,6.0,12.0,-20.0,5.0,617.42,612.42,3.741,3.649,0.829,5.075,0.825
aushkul,aushtau_south,field,6.0,12.0,-20.0,10.0,622.42,612.42,4.773,4.717,0.970,6.011,0.725
aushkul,aushtau_south,field,6.0,12.0,-20.0,30.0,642.42,612.42,8.692,8.688,1.460,7.918,0.257
aushkul,aushtau_south,field,6.0,12.0,-20.0,50.0,662.42,612.42,9.214,9.212,1.191,9.057,0.220
aushkul,aushtau_south,field,6.0,12.0,-20.0,100.0,712.42,612.42,9.783,9.783,0.896,11.009,0.046
aushkul,aushtau_south,field,6.0,12.0,-20.0,200.0,812.42,612.42,10.120,10.119,0.622,13.741,-0.173
aushkul,aushtau_south,field,6.0,12.0,-20.0,300.0,912.42,612.42,10.317,10.313,0.465,15.959,-0.253
aushkul,aushtau_south,field,6.0,12.0,-10.0,1.0,616.91,615.91,2.922,2.873,0.475,3.448,0.533
aushkul,aushtau_south,field,6.0,12.0,-10.0,1.5,617.41,615.91,3.252,3.198,0.526,3.801,0.592
aushkul,aushtau_south,field,6.0,12.0,-10.0,2.0,617.91,615.91,3.505,3.446,0.566,4.074,0.637
aushkul,aushtau_south,field,6.0,12.0,-10.0,3.0,618.91,615.91,3.882,3.818,0.625,4.493,0.704
aushkul,aushtau_south,field,6.0,12.0,-10.0,5.0,620.91,615.91,4.388,4.318,0.702,5.085,0.780
aushkul,aushtau_south,field,6.0,12.0,-10.0,10.0,625.91,615.91,5.493,5.449,0.822,6.024,0.698
aushkul,aushtau_south,field,6.0,12.0,-10.0,30.0,645.91,615.91,8.751,8.745,1.211,7.935,0.318
aushkul,aushtau_south,field,6.0,12.0,-10.0,50.0,665.91,615.91,9.293,9.290,1.040,9.076,0.249
aushkul,aushtau_south,field,6.0,12.0,-10.0,100.0,715.91,615.91,9.832,9.832,0.840,11.031,0.047
aushkul,aushtau_south,field,6.0,12.0,-10.0,200.0,815.91,615.91,10.148,10.147,0.598,13.766,-0.174
aushkul,aushtau_south,field,6.0,12.0,-10.0,300.0,915.91,615.91,10.335,10.332,0.451,15.988,-0.253
aushkul,aushtau_south,field,6.0,12.0,0.0,1.0,620.34,619.34,3.678,3.638,0.419,3.455,0.538
aushkul,aushtau_south,field,6.0,12.0,0.0,1.5,620.84,619.34,3.978,3.936,0.452,3.809,0.580
aushkul,aushtau_south,field,6.0,12.0,0.0,2.0,621.34,619.34,4.220,4.175,0.478,4.082,0.615
aushkul,aushtau_south,field,6.0,12.0,0.0,3.0,622.34,619.34,4.596,4.547,0.519,4.502,0.668
aushkul,aushtau_south,field,6.0,12.0,0.0,5.0,624.34,619.34,5.136,5.087,0.573,5.096,0.708
aushkul,aushtau_south,field,6.0,12.0,0.0,10.0,629.34,619.34,6.252,6.217,0.670,6.036,0.657
aushkul,aushtau_south,field,6.0,12.0,0.0,30.0,649.34,619.34,8.827,8.819,0.979,7.951,0.365
aushkul,aushtau_south,field,6.0,12.0,0.0,50.0,669.34,619.34,9.358,9.354,0.913,9.094,0.268
aushkul,aushtau_south,field,6.0,12.0,0.0,100.0,719.34,619.34,9.878,9.878,0.788,11.052,0.047
aushkul,aushtau_south,field,6.0,12.0,0.0,200.0,819.34,619.34,10.175,10.174,0.574,13.792,-0.175
aushkul,aushtau_south,field,6.0,12.0,0.0,300.0,919.34,619.34,10.353,10.350,0.437,16.016,-0.253
aushkul,aushtau_south,field,6.0,12.0,100.0,1.0,634.98,633.98,4.909,4.907,0.066,3.485,0.127
aushkul,aushtau_south,field,6.0,12.0,100.0,1.5,635.48,633.98,5.425,5.424,0.073,3.842,0.141
aushkul,aushtau_south,field,6.0,12.0,100.0,2.0,635.98,633.98,5.824,5.822,0.078,4.118,0.151
aushkul,aushtau_south,field,6.0,12.0,100.0,3.0,636.98,633.98,6.424,6.422,0.087,4.542,0.167
aushkul,aushtau_south,field,6.0,12.0,100.0,5.0,638.98,633.98,7.224,7.222,0.093,5.140,0.172
aushkul,aushtau_south,field,6.0,12.0,100.0,10.0,643.98,633.98,8.185,8.182,0.109,6.089,0.204
aushkul,aushtau_south,field,6.0,12.0,100.0,30.0,663.98,633.98,9.357,9.353,0.207,8.019,0.270
aushkul,aushtau_south,field,6.0,12.0,100.0,50.0,683.98,633.98,9.746,9.745,0.266,9.171,0.173
aushkul,aushtau_south,field,6.0,12.0,100.0,100.0,733.98,633.98,10.137,10.137,0.349,11.144,-0.017
aushkul,aushtau_south,field,6.0,12.0,100.0,200.0,833.98,633.98,10.340,10.338,0.352,13.900,-0.194
aushkul,aushtau_south,field,6.0,12.0,100.0,300.0,933.98,633.98,10.469,10.466,0.310,16.135,-0.258
aushkul,aushtau_south,field,6.0,12.0,300.0,1.0,606.58,605.58,3.146,3.101,-0.106,3.426,-0.528
aushkul,aushtau_south,field,6.0,12.0,300.0,1.5,607.08,605.58,3.565,3.515,-0.121,3.778,-0.599
aushkul,aushtau_south,field,6.0,12.0,300.0,2.0,607.58,605.58,3.877,3.822,-0.132,4.049,-0.651
aushkul,aushtau_south,field,6.0,12.0,300.0,3.0,608.58,605.58,4.332,4.270,-0.147,4.465,-0.727
aushkul,aushtau_south,field,6.0,12.0,300.0,5.0,610.58,605.58,4.922,4.852,-0.168,5.054,-0.826
aushkul,aushtau_south,field,6.0,12.0,300.0,10.0,615.58,605.58,5.923,5.844,-0.196,5.986,-0.963
aushkul,aushtau_south,field,6.0,12.0,300.0,30.0,635.58,605.58,7.920,7.858,-0.338,7.886,-0.990
aushkul,aushtau_south,field,6.0,12.0,300.0,50.0,655.58,605.58,8.725,8.699,-0.414,9.021,-0.675
aushkul,aushtau_south,field,6.0,12.0,300.0,100.0,705.58,605.58,9.669,9.661,-0.329,10.966,-0.392
aushkul,aushtau_south,field,6.0,12.0,300.0,200.0,805.58,605.58,10.226,10.221,-0.081,13.690,-0.306
aushkul,aushtau_south,field,6.0,12.0,300.0,300.0,905.58,605.58,10.440,10.436,0.043,15.904,-0.299
aushkul,aushtau_south,field,10.0,12.0,-3000.0,1.0,423.18,422.18,3.835,3.785,-0.026,5.077,-0.616
aushkul,aushtau_south,field,10.0,12.0,-3000.0,1.5,423.68,422.18,4.508,4.450,-0.030,5.598,-0.724
aushkul,aushtau_south,field,10.0,12.0,-3000.0,2.0,424.18,422.18,4.977,4.912,-0.033,6.000,-0.799
aushkul,aushtau_south,field,10.0,12.0,-3000.0,3.0,425.18,422.18,5.406,5.337,-0.038,6.618,-0.863
aushkul,aushtau_south,field,10.0,12.0,-3000.0,5.0,427.18,422.18,5.968,5.893,-0.044,7.491,-0.943
aushkul,aushtau_south,field,10.0,12.0,-3000.0,10.0,432.18,422.18,6.729,6.648,-0.054,8.877,-1.043
aushkul,aushtau_south,field,10.0,12.0,-3000.0,30.0,452.18,422.18,8.356,8.266,-0.080,11.711,-1.222
aushkul,aushtau_south,field,10.0,12.0,-3000.0,50.0,472.18,422.18,9.561,9.472,-0.102,13.416,-1.297
aushkul,aushtau_south,field,10.0,12.0,-3000.0,100.0,522.18,422.18,11.908,11.858,-0.176,16.365,-1.088
aushkul,aushtau_south,field,10.0,12.0,-3000.0,200.0,622.18,422.18,15.037,15.019,-0.227,20.558,-0.735
aushkul,aushtau_south,field,10.0,12.0,-3000.0,300.0,722.18,422.18,16.500,16.490,-0.225,24.017,-0.573
aushkul,aushtau_south,field,10.0,12.0,-1000.0,1.0,416.41,415.41,3.715,3.687,0.004,5.054,-0.456
aushkul,aushtau_south,field,10.0,12.0,-1000.0,1.5,416.91,415.41,4.368,4.335,0.004,5.572,-0.537
aushkul,aushtau_south,field,10.0,12.0,-1000.0,2.0,417.41,415.41,4.831,4.794,0.005,5.973,-0.594
aushkul,aushtau_south,field,10.0,12.0,-1000.0,3.0,418.41,415.41,5.484,5.442,0.006,6.587,-0.674
aushkul,aushtau_south,field,10.0,12.0,-1000.0,5.0,420.41,415.41,6.306,6.259,0.006,7.457,-0.775
aushkul,aushtau_south,field,10.0,12.0,-1000.0,10.0,425.41,415.41,7.423,7.367,0.008,8.836,-0.912
aushkul,aushtau_south,field,10.0,12.0,-1000.0,30.0,445.41,415.41,9.234,9.165,0.016,11.659,-1.123
aushkul,aushtau_south,field,10.0,12.0,-1000.0,50.0,465.41,415.41,10.522,10.448,0.035,13.356,-1.244
aushkul,aushtau_south,field,10.0,12.0,-1000.0,100.0,515.41,415.41,12.444,12.384,0.087,16.294,-1.217
aushkul,aushtau_south,field,10.0,12.0,-1000.0,200.0,615.41,415.41,14.470,14.436,0.147,20.475,-0.999
aushkul,aushtau_south,field,10.0,12.0,-1000.0,300.0,715.41,415.41,15.740,15.719,0.181,23.925,-0.825
aushkul,aushtau_south,field,10.0,12.0,-300.0,1.0,492.29,491.29,2.172,2.156,0.422,5.316,-0.263
aushkul,aushtau_south,field,10.0,12.0,-300.0,1.5,492.79,491.29,2.538,2.519,0.493,5.861,-0.307
aushkul,aushtau_south,field,10.0,12.0,-300.0,2.0,493.29,491.29,2.799,2.779,0.543,6.282,-0.339
aushkul,aushtau_south,field,10.0,12.0,-300.0,3.0,494.29,491.29,3.170,3.146,0.614,6.928,-0.383
aushkul,aushtau_south,field,10.0,12.0,-300.0,5.0,496.29,491.29,3.638,3.611,0.704,7.842,-0.440
aushkul,aushtau_south,field,10.0,12.0,-300.0,10.0,501.29,491.29,4.430,4.396,0.842,9.292,-0.546
aushkul,aushtau_south,field,10.0,12.0,-300.0,30.0,521.29,491.29,7.665,7.629,1.443,12.251,-0.744
aushkul,aushtau_south,field,10.0,12.0,-300.0,50.0,541.29,491.29,9.450,9.428,1.753,14.026,-0.657
aushkul,aushtau_south,field,10.0,12.0,-300.0,100.0,591.29,491.29,12.044,12.033,1.866,17.086,-0.525
aushkul,aushtau_south,field,10.0,12.0,-300.0,200.0,691.29,491.29,14.849,14.842,1.569,21.409,-0.467
aushkul,aushtau_south,field,10.0,12.0,-300.0,300.0,791.29,491.29,16.367,16.361,1.202,24.955,-0.441
aushkul,aushtau_south,field,10.0,12.0,-150.0,1.0,558.08,557.08,3.700,3.699,0.623,5.543,0.079
aushkul,aushtau_south,field,10.0,12.0,-150.0,1.5,558.58,557.08,4.134,4.133,0.693,6.111,0.087
aushkul,aushtau_south,field,10.0,12.0,-150.0,2.0,559.08,557.08,4.466,4.465,0.746,6.550,0.093
aushkul,aushtau_south,field,10.0,12.0,-150.0,3.0,560.08,557.08,4.961,4.960,0.825,7.224,0.103
aushkul,aushtau_south,field,10.0,12.0,-150.0,5.0,562.08,557.08,5.621,5.620,0.930,8.177,0.115
aushkul,aushtau_south,field,10.0,12.0,-150.0,10.0,567.08,557.08,6.564,6.563,1.081,9.686,0.134
aushkul,aushtau_south,field,10.0,12.0,-150.0,30.0,587.08,557.08,9.929,9.929,1.721,12.765,0.012
aushkul,aushtau_south,field,10.0,12.0,-150.0,50.0,607.08,557.08,12.234,12.234,2.330,14.607,0.074
aushkul,aushtau_south,field,10.0,12.0,-150.0,100.0,657.08,557.08,14.503,14.503,2.280,17.772,0.021
aushkul,aushtau_south,field,10.0,12.0,-150.0,200.0,757.08,557.08,16.449,16.448,1.586,22.219,-0.225
aushkul,aushtau_south,field,10.0,12.0,-150.0,300.0,857.08,557.08,17.447,17.444,1.108,25.848,-0.315
aushkul,aushtau_south,field,10.0,12.0,-50.0,1.0,602.33,601.33,3.939,3.921,1.160,5.696,0.371
aushkul,aushtau_south,field,10.0,12.0,-50.0,1.5,602.83,601.33,4.386,4.364,1.267,6.280,0.444
aushkul,aushtau_south,field,10.0,12.0,-50.0,2.0,603.33,601.33,4.718,4.691,1.339,6.731,0.504
aushkul,aushtau_south,field,10.0,12.0,-50.0,3.0,604.33,601.33,5.234,5.200,1.452,7.423,0.596
aushkul,aushtau_south,field,10.0,12.0,-50.0,5.0,606.33,601.33,5.988,5.944,1.617,8.401,0.728
aushkul,aushtau_south,field,10.0,12.0,-50.0,10.0,611.33,601.33,7.492,7.446,1.899,9.952,0.832
aushkul,aushtau_south,field,10.0,12.0,-50.0,30.0,631.33,601.33,12.806,12.790,2.677,13.111,0.641
aushkul,aushtau_south,field,10.0,12.0,-50.0,50.0,651.33,601.33,14.643,14.636,2.486,14.997,0.475
aushkul,aushtau_south,field,10.0,12.0,-50.0,100.0,701.33,601.33,16.218,16.217,1.858,18.233,0.193
aushkul,aushtau_south,field,10.0,12.0,-50.0,200.0,801.33,601.33,17.361,17.360,1.227,22.764,-0.163
aushkul,aushtau_south,field,10.0,12.0,-50.0,300.0,901.33,601.33,18.033,18.031,0.876,26.448,-0.283
aushkul,aushtau_south,field,10.0,12.0,-30.0,1.0,609.82,608.82,3.510,3.416,1.016,5.722,0.808
aushkul,aushtau_south,field,10.0,12.0,-30.0,1.5,610.32,608.82,4.024,3.914,1.160,6.308,0.934
aushkul,aushtau_south,field,10.0,12.0,-30.0,2.0,610.82,608.82,4.397,4.275,1.264,6.761,1.027
aushkul,aushtau_south,field,10.0,12.0,-30.0,3.0,611.82,608.82,4.938,4.800,1.413,7.457,1.161
aushkul,aushtau_south,field,10.0,12.0,-30.0,5.0,613.82,608.82,5.644,5.484,1.608,8.439,1.334
aushkul,aushtau_south,field,10.0,12.0,-30.0,10.0,618.82,608.82,7.209,7.100,1.889,9.997,1.248
aushkul,aushtau_south,field,10.0,12.0,-30.0,30.0,638.82,608.82,14.036,14.027,2.870,13.169,0.507
aushkul,aushtau_south,field,10.0,12.0,-30.0,50.0,658.82,608.82,15.176,15.169,2.362,15.063,0.462
aushkul,aushtau_south,field,10.0,12.0,-30.0,100.0,708.82,608.82,16.496,16.495,1.710,18.311,0.199
aushkul,aushtau_south,field,10.0,12.0,-30.0,200.0,808.82,608.82,17.500,17.499,1.145,22.857,-0.161
aushkul,aushtau_south,field,10.0,12.0,-30.0,300.0,908.82,608.82,18.124,18.122,0.827,26.550,-0.280
aushkul,aushtau_south,field,10.0,12.0,-20.0,1.0,613.42,612.42,4.001,3.885,0.979,5.734,0.956
aushkul,aushtau_south,field,10.0,12.0,-20.0,1.5,613.92,612.42,4.507,4.377,1.101,6.322,1.076
aushkul,aushtau_south,field,10.0,12.0,-20.0,2.0,614.42,612.42,4.887,4.746,1.192,6.776,1.166
aushkul,aushtau_south,field,10.0,12.0,-20.0,3.0,615.42,612.42,5.445,5.288,1.325,7.473,1.298
aushkul,aushtau_south,field,10.0,12.0,-20.0,5.0,617.42,612.42,6.175,5.997,1.500,8.458,1.470
aushkul,aushtau_south,field,10.0,12.0,-20.0,10.0,622.42,612.42,7.878,7.768,1.755,10.018,1.313
aushkul,aushtau_south,field,10.0,12.0,-20.0,30.0,642.42,612.42,14.382,14.371,2.643,13.197,0.557
aushkul,aushtau_south,field,10.0,12.0,-20.0,50.0,662.42,612.42,15.380,15.372,2.155,15.095,0.500
aushkul,aushtau_south,field,10.0,12.0,-20.0,100.0,712.42,612.42,16.617,16.616,1.615,18.349,0.202
aushkul,aushtau_south,field,10.0,12.0,-20.0,200.0,812.42,612.42,17.563,17.562,1.101,22.901,-0.162
aushkul,aushtau_south,field,10.0,12.0,-20.0,300.0,912.42,612.42,18.166,18.164,0.801,26.599,-0.280
aushkul,aushtau_south,field,10.0,12.0,-10.0,1.0,616.91,615.91,4.825,4.730,0.859,5.746,0.953
aushkul,aushtau_south,field,10.0,12.0,-10.0,1.5,617.41,615.91,5.370,5.265,0.953,6.335,1.058
aushkul,aushtau_south,field,10.0,12.0,-10.0,2.0,617.91,615.91,5.787,5.674,1.024,6.790,1.138
aushkul,aushtau_south,field,10.0,12.0,-10.0,3.0,618.91,615.91,6.410,6.285,1.130,7.489,1.258
aushkul,aushtau_south,field,10.0,12.0,-10.0,5.0,620.91,615.91,7.245,7.109,1.270,8.475,1.396
aushkul,aushtau_south,field,10.0,12.0,-10.0,10.0,625.91,615.91,9.072,8.983,1.486,10.039,1.269
aushkul,aushtau_south,field,10.0,12.0,-10.0,30.0,645.91,615.91,14.501,14.486,2.190,13.225,0.659
aushkul,aushtau_south,field,10.0,12.0,-10.0,50.0,665.91,615.91,15.530,15.521,1.881,15.126,0.551
aushkul,aushtau_south,field,10.0,12.0,-10.0,100.0,715.91,615.91,16.715,16.713,1.512,18.385,0.206
aushkul,aushtau_south,field,10.0,12.0,-10.0,200.0,815.91,615.91,17.620,17.619,1.056,22.944,-0.162
aushkul,aushtau_south,field,10.0,12.0,-10.0,300.0,915.91,615.91,18.205,18.202,0.775,26.646,-0.280
aushkul,aushtau_south,field,10.0,12.0,0.0,1.0,620.34,619.34,6.074,5.997,0.758,5.758,0.966
aushkul,aushtau_south,field,10.0,12.0,0.0,1.5,620.84,619.34,6.571,6.487,0.817,6.348,1.043
aushkul,aushtau_south,field,10.0,12.0,0.0,2.0,621.34,619.34,6.970,6.882,0.865,6.804,1.105
aushkul,aushtau_south,field,10.0,12.0,0.0,3.0,622.34,619.34,7.592,7.496,0.939,7.504,1.201
aushkul,aushtau_south,field,10.0,12.0,0.0,5.0,624.34,619.34,8.483,8.387,1.037,8.493,1.277
aushkul,aushtau_south,field,10.0,12.0,0.0,10.0,629.34,619.34,10.329,10.259,1.211,10.060,1.205
aushkul,aushtau_south,field,10.0,12.0,0.0,30.0,649.34,619.34,14.647,14.629,1.771,13.251,0.739
aushkul,aushtau_south,field,10.0,12.0,0.0,50.0,669.34,619.34,15.658,15.647,1.650,15.156,0.584
aushkul,aushtau_south,field,10.0,12.0,0.0,100.0,719.34,619.34,16.806,16.805,1.415,18.421,0.207
aushkul,aushtau_south,field,10.0,12.0,0.0,200.0,819.34,619.34,17.674,17.674,1.012,22.986,-0.163
aushkul,aushtau_south,field,10.0,12.0,0.0,300.0,919.34,619.34,18.242,18.240,0.750,26.693,-0.279
aushkul,aushtau_south,field,10.0,12.0,100.0,1.0,634.98,633.98,8.089,8.084,0.110,5.808,0.272
aushkul,aushtau_south,field,10.0,12.0,100.0,1.5,635.48,633.98,8.940,8.935,0.122,6.404,0.301
aushkul,aushtau_south,field,10.0,12.0,100.0,2.0,635.98,633.98,9.598,9.592,0.131,6.864,0.323
aushkul,aushtau_south,field,10.0,12.0,100.0,3.0,636.98,633.98,10.586,10.580,0.145,7.570,0.356
aushkul,aushtau_south,field,10.0,12.0,100.0,5.0,638.98,633.98,11.905,11.899,0.154,8.567,0.374
aushkul,aushtau_south,field,10.0,12.0,100.0,10.0,643.98,633.98,13.505,13.497,0.182,10.148,0.442
aushkul,aushtau_south,field,10.0,12.0,100.0,30.0,663.98,633.98,15.607,15.596,0.348,13.366,0.590
aushkul,aushtau_south,field,10.0,12.0,100.0,50.0,683.98,633.98,16.397,16.391,0.458,15.286,0.441
aushkul,aushtau_south,field,10.0,12.0,100.0,100.0,733.98,633.98,17.312,17.311,0.607,18.573,0.117
aushkul,aushtau_south,field,10.0,12.0,100.0,200.0,833.98,633.98,17.993,17.992,0.605,23.166,-0.185
aushkul,aushtau_south,field,10.0,12.0,100.0,300.0,933.98,633.98,18.465,18.463,0.518,26.891,-0.281
aushkul,aushtau_south,field,10.0,12.0,300.0,1.0,606.58,605.58,5.078,5.006,-0.198,5.710,-0.855
aushkul,aushtau_south,field,10.0,12.0,300.0,1.5,607.08,605.58,5.756,5.673,-0.225,6.296,-0.969
aushkul,aushtau_south,field,10.0,12.0,300.0,2.0,607.58,605.58,6.259,6.170,-0.246,6.748,-1.054
aushkul,aushtau_south,field,10.0,12.0,300.0,3.0,608.58,605.58,6.993,6.893,-0.275,7.442,-1.178
aushkul,aushtau_south,field,10.0,12.0,300.0,5.0,610.58,605.58,7.946,7.833,-0.313,8.423,-1.338
aushkul,aushtau_south,field,10.0,12.0,300.0,10.0,615.58,605.58,9.564,9.436,-0.365,9.977,-1.559
aushkul,aushtau_south,field,10.0,12.0,300.0,30.0,635.58,605.58,12.899,12.802,-0.635,13.144,-1.577
aushkul,aushtau_south,field,10.0,12.0,300.0,50.0,655.58,605.58,14.459,14.425,-0.782,15.035,-0.987
aushkul,aushtau_south,field,10.0,12.0,300.0,100.0,705.58,605.58,16.435,16.428,-0.629,18.277,-0.473
aushkul,aushtau_south,field,10.0,12.0,300.0,200.0,805.58,605.58,17.743,17.740,-0.183,22.817,-0.351
aushkul,aushtau_south,field,10.0,12.0,300.0,300.0,905.58,605.58,18.359,18.356,0.036,26.506,-0.341
aushkul,ridge_west,field,0.0,12.0,-3000.0,1.0,437.29,436.29,0.217,0.211,0.000,0.000,-0.053
aushkul,ridge_west,field,0.0,12.0,-3000.0,1.5,437.79,436.29,0.256,0.248,0.000,0.000,-0.062
aushkul,ridge_west,field,0.0,12.0,-3000.0,2.0,438.29,436.29,0.283,0.275,0.000,0.000,-0.069
aushkul,ridge_west,field,0.0,12.0,-3000.0,3.0,439.29,436.29,0.322,0.312,0.000,0.000,-0.078
aushkul,ridge_west,field,0.0,12.0,-3000.0,5.0,441.29,436.29,0.370,0.359,0.000,0.000,-0.090
aushkul,ridge_west,field,0.0,12.0,-3000.0,10.0,446.29,436.29,0.436,0.423,0.000,0.000,-0.106
aushkul,ridge_west,field,0.0,12.0,-3000.0,30.0,466.29,436.29,0.538,0.522,0.000,0.000,-0.131
aushkul,ridge_west,field,0.0,12.0,-3000.0,50.0,486.29,436.29,0.540,0.524,0.000,0.000,-0.132
aushkul,ridge_west,field,0.0,12.0,-3000.0,100.0,536.29,436.29,0.506,0.491,0.000,0.000,-0.124
aushkul,ridge_west,field,0.0,12.0,-3000.0,200.0,636.29,436.29,0.450,0.437,0.000,0.000,-0.108
aushkul,ridge_west,field,0.0,12.0,-3000.0,300.0,736.29,436.29,0.405,0.394,0.000,0.000,-0.095
aushkul,ridge_west,field,0.0,12.0,-1000.0,1.0,469.97,468.97,0.186,0.013,0.000,0.000,-0.186
aushkul,ridge_west,field,0.0,12.0,-1000.0,1.5,470.47,468.97,0.214,0.013,0.000,0.000,-0.213
aushkul,ridge_west,field,0.0,12.0,-1000.0,2.0,470.97,468.97,0.234,0.013,0.000,0.000,-0.234
aushkul,ridge_west,field,0.0,12.0,-1000.0,3.0,471.97,468.97,0.263,0.013,0.000,0.000,-0.263
aushkul,ridge_west,field,0.0,12.0,-1000.0,5.0,473.97,468.97,0.303,0.013,0.000,0.000,-0.303
aushkul,ridge_west,field,0.0,12.0,-1000.0,10.0,478.97,468.97,0.364,0.011,0.000,0.000,-0.364
aushkul,ridge_west,field,0.0,12.0,-1000.0,30.0,498.97,468.97,0.443,0.011,0.000,0.000,-0.443
aushkul,ridge_west,field,0.0,12.0,-1000.0,50.0,518.97,468.97,0.439,0.014,0.000,0.000,-0.439
aushkul,ridge_west,field,0.0,12.0,-1000.0,100.0,568.97,468.97,0.427,0.018,0.000,0.000,-0.427
aushkul,ridge_west,field,0.0,12.0,-1000.0,200.0,668.97,468.97,0.406,0.021,0.000,0.000,-0.405
aushkul,ridge_west,field,0.0,12.0,-1000.0,300.0,768.97,468.97,0.389,0.019,0.000,0.000,-0.388
aushkul,ridge_west,field,0.0,12.0,-300.0,1.0,481.69,480.69,0.198,-0.119,0.000,0.000,-0.159
aushkul,ridge_west,field,0.0,12.0,-300.0,1.5,482.19,480.69,0.222,-0.133,0.000,0.000,-0.178
aushkul,ridge_west,field,0.0,12.0,-300.0,2.0,482.69,480.69,0.241,-0.144,0.000,0.000,-0.193
aushkul,ridge_west,field,0.0,12.0,-300.0,3.0,483.69,480.69,0.267,-0.160,0.000,0.000,-0.214
aushkul,ridge_west,field,0.0,12.0,-300.0,5.0,485.69,480.69,0.303,-0.181,0.000,0.000,-0.243
aushkul,ridge_west,field,0.0,12.0,-300.0,10.0,490.69,480.69,0.345,-0.203,0.000,0.000,-0.279
aushkul,ridge_west,field,0.0,12.0,-300.0,30.0,510.69,480.69,0.431,-0.230,0.000,0.000,-0.364
aushkul,ridge_west,field,0.0,12.0,-300.0,50.0,530.69,480.69,0.454,-0.238,0.000,0.000,-0.387
aushkul,ridge_west,field,0.0,12.0,-300.0,100.0,580.69,480.69,0.452,-0.237,0.000,0.000,-0.384
aushkul,ridge_west,field,0.0,12.0,-300.0,200.0,680.69,480.69,0.413,-0.220,0.000,0.000,-0.350
aushkul,ridge_west,field,0.0,12.0,-300.0,300.0,780.69,480.69,0.380,-0.204,0.000,0.000,-0.321
aushkul,ridge_west,field,0.0,12.0,-150.0,1.0,485.71,484.71,0.017,-0.010,0.000,0.000,-0.014
aushkul,ridge_west,field,0.0,12.0,-150.0,1.5,486.21,484.71,0.120,-0.075,0.000,0.000,-0.094
aushkul,ridge_west,field,0.0,12.0,-150.0,2.0,486.71,484.71,0.147,-0.093,0.000,0.000,-0.114
aushkul,ridge_west,field,0.0,12.0,-150.0,3.0,487.71,484.71,0.178,-0.113,0.000,0.000,-0.138
aushkul,ridge_west,field,0.0,12.0,-150.0,5.0,489.71,484.71,0.209,-0.126,0.000,0.000,-0.166
aushkul,ridge_west,field,0.0,12.0,-150.0,10.0,494.71,484.71,0.268,-0.153,0.000,0.000,-0.220
aushkul,ridge_west,field,0.0,12.0,-150.0,30.0,514.71,484.71,0.463,-0.248,0.000,0.000,-0.391
aushkul,ridge_west,field,0.0,12.0,-150.0,50.0,534.71,484.71,0.467,-0.257,0.000,0.000,-0.390
aushkul,ridge_west,field,0.0,12.0,-150.0,100.0,584.71,484.71,0.445,-0.256,0.000,0.000,-0.364
aushkul,ridge_west,field,0.0,12.0,-150.0,200.0,684.71,484.71,0.397,-0.236,0.000,0.000,-0.319
aushkul,ridge_west,field,0.0,12.0,-150.0,300.0,784.71,484.71,0.363,-0.220,0.000,0.000,-0.289
aushkul,ridge_west,field,0.0,12.0,-50.0,1.0,506.34,505.34,0.235,-0.078,0.000,0.000,-0.222
aushkul,ridge_west,field,0.0,12.0,-50.0,1.5,506.84,505.34,0.276,-0.091,0.000,0.000,-0.260
aushkul,ridge_west,field,0.0,12.0,-50.0,2.0,507.34,505.34,0.304,-0.101,0.000,0.000,-0.287
aushkul,ridge_west,field,0.0,12.0,-50.0,3.0,508.34,505.34,0.345,-0.114,0.000,0.000,-0.325
aushkul,ridge_west,field,0.0,12.0,-50.0,5.0,510.34,505.34,0.379,-0.131,0.000,0.000,-0.356
aushkul,ridge_west,field,0.0,12.0,-50.0,10.0,515.34,505.34,0.417,-0.165,0.000,0.000,-0.383
aushkul,ridge_west,field,0.0,12.0,-50.0,30.0,535.34,505.34,0.466,-0.267,0.000,0.000,-0.382
aushkul,ridge_west,field,0.0,12.0,-50.0,50.0,555.34,505.34,0.456,-0.275,0.000,0.000,-0.364
aushkul,ridge_west,field,0.0,12.0,-50.0,100.0,605.34,505.34,0.422,-0.263,0.000,0.000,-0.330
aushkul,ridge_west,field,0.0,12.0,-50.0,200.0,705.34,505.34,0.372,-0.237,0.000,0.000,-0.287
aushkul,ridge_west,field,0.0,12.0,-50.0,300.0,805.34,505.34,0.340,-0.221,0.000,0.000,-0.259
aushkul,ridge_west,field,0.0,12.0,-30.0,1.0,513.39,512.39,0.315,-0.068,0.000,0.000,-0.307
aushkul,ridge_west,field,0.0,12.0,-30.0,1.5,513.89,512.39,0.344,-0.074,0.000,0.000,-0.336
aushkul,ridge_west,field,0.0,12.0,-30.0,2.0,514.39,512.39,0.367,-0.079,0.000,0.000,-0.359
aushkul,ridge_west,field,0.0,12.0,-30.0,3.0,515.39,512.39,0.384,-0.087,0.000,0.000,-0.374
aushkul,ridge_west,field,0.0,12.0,-30.0,5.0,517.39,512.39,0.404,-0.102,0.000,0.000,-0.391
aushkul,ridge_west,field,0.0,12.0,-30.0,10.0,522.39,512.39,0.416,-0.145,0.000,0.000,-0.390
aushkul,ridge_west,field,0.0,12.0,-30.0,30.0,542.39,512.39,0.466,-0.283,0.000,0.000,-0.370
aushkul,ridge_west,field,0.0,12.0,-30.0,50.0,562.39,512.39,0.450,-0.281,0.000,0.000,-0.352
aushkul,ridge_west,field,0.0,12.0,-30.0,100.0,612.39,512.39,0.414,-0.263,0.000,0.000,-0.320
aushkul,ridge_west,field,0.0,12.0,-30.0,200.0,712.39,512.39,0.365,-0.236,0.000,0.000,-0.279
aushkul,ridge_west,field,0.0,12.0,-30.0,300.0,812.39,512.39,0.334,-0.220,0.000,0.000,-0.251
aushkul,ridge_west,field,0.0,12.0,-20.0,1.0,516.73,515.73,0.317,-0.071,0.000,0.000,-0.309
aushkul,ridge_west,field,0.0,12.0,-20.0,1.5,517.23,515.73,0.346,-0.078,0.000,0.000,-0.337
aushkul,ridge_west,field,0.0,12.0,-20.0,2.0,517.73,515.73,0.364,-0.083,0.000,0.000,-0.355
aushkul,ridge_west,field,0.0,12.0,-20.0,3.0,518.73,515.73,0.381,-0.092,0.000,0.000,-0.370
aushkul,ridge_west,field,0.0,12.0,-20.0,5.0,520.73,515.73,0.399,-0.109,0.000,0.000,-0.384
aushkul,ridge_west,field,0.0,12.0,-20.0,10.0,525.73,515.73,0.413,-0.155,0.000,0.000,-0.382
aushkul,ridge_west,field,0.0,12.0,-20.0,30.0,545.73,515.73,0.463,-0.287,0.000,0.000,-0.363
aushkul,ridge_west,field,0.0,12.0,-20.0,50.0,565.73,515.73,0.447,-0.281,0.000,0.000,-0.347
aushkul,ridge_west,field,0.0,12.0,-20.0,100.0,615.73,515.73,0.410,-0.262,0.000,0.000,-0.316
aushkul,ridge_west,field,0.0,12.0,-20.0,200.0,715.73,515.73,0.362,-0.235,0.000,0.000,-0.275
aushkul,ridge_west,field,0.0,12.0,-20.0,300.0,815.73,515.73,0.331,-0.220,0.000,0.000,-0.248
aushkul,ridge_west,field,0.0,12.0,-10.0,1.0,519.84,518.84,0.314,-0.097,0.000,0.000,-0.299
aushkul,ridge_west,field,0.0,12.0,-10.0,1.5,520.34,518.84,0.337,-0.105,0.000,0.000,-0.321
aushkul,ridge_west,field,0.0,12.0,-10.0,2.0,520.84,518.84,0.349,-0.111,0.000,0.000,-0.331
aushkul,ridge_west,field,0.0,12.0,-10.0,3.0,521.84,518.84,0.367,-0.122,0.000,0.000,-0.346
aushkul,ridge_west,field,0.0,12.0,-10.0,5.0,523.84,518.84,0.387,-0.142,0.000,0.000,-0.360
aushkul,ridge_west,field,0.0,12.0,-10.0,10.0,528.84,518.84,0.413,-0.187,0.000,0.000,-0.368
aushkul,ridge_west,field,0.0,12.0,-10.0,30.0,548.84,518.84,0.458,-0.288,0.000,0.000,-0.357
aushkul,ridge_west,field,0.0,12.0,-10.0,50.0,568.84,518.84,0.442,-0.281,0.000,0.000,-0.341
aushkul,ridge_west,field,0.0,12.0,-10.0,100.0,618.84,518.84,0.406,-0.261,0.000,0.000,-0.311
aushkul,ridge_west,field,0.0,12.0,-10.0,200.0,718.84,518.84,0.358,-0.234,0.000,0.000,-0.271
aushkul,ridge_west,field,0.0,12.0,-10.0,300.0,818.84,518.84,0.328,-0.219,0.000,0.000,-0.244
aushkul,ridge_west,field,0.0,12.0,0.0,1.0,522.97,521.97,0.326,-0.133,0.000,0.000,-0.297
aushkul,ridge_west,field,0.0,12.0,0.0,1.5,523.47,521.97,0.338,-0.140,0.000,0.000,-0.307
aushkul,ridge_west,field,0.0,12.0,0.0,2.0,523.97,521.97,0.348,-0.147,0.000,0.000,-0.316
aushkul,ridge_west,field,0.0,12.0,0.0,3.0,524.97,521.97,0.366,-0.158,0.000,0.000,-0.330
aushkul,ridge_west,field,0.0,12.0,0.0,5.0,526.97,521.97,0.385,-0.179,0.000,0.000,-0.341
aushkul,ridge_west,field,0.0,12.0,0.0,10.0,531.97,521.97,0.420,-0.221,0.000,0.000,-0.357
aushkul,ridge_west,field,0.0,12.0,0.0,30.0,551.97,521.97,0.453,-0.288,0.000,0.000,-0.350
aushkul,ridge_west,field,0.0,12.0,0.0,50.0,571.97,521.97,0.437,-0.280,0.000,0.000,-0.335
aushkul,ridge_west,field,0.0,12.0,0.0,100.0,621.97,521.97,0.401,-0.259,0.000,0.000,-0.306
aushkul,ridge_west,field,0.0,12.0,0.0,200.0,721.97,521.97,0.354,-0.234,0.000,0.000,-0.267
aushkul,ridge_west,field,0.0,12.0,0.0,300.0,821.97,521.97,0.325,-0.218,0.000,0.000,-0.240
aushkul,ridge_west,field,0.0,12.0,100.0,1.0,522.06,521.06,0.217,-0.140,0.000,0.000,-0.166
aushkul,ridge_west,field,0.0,12.0,100.0,1.5,522.56,521.06,0.243,-0.157,0.000,0.000,-0.186
aushkul,ridge_west,field,0.0,12.0,100.0,2.0,523.06,521.06,0.263,-0.170,0.000,0.000,-0.201
aushkul,ridge_west,field,0.0,12.0,100.0,3.0,524.06,521.06,0.293,-0.189,0.000,0.000,-0.224
aushkul,ridge_west,field,0.0,12.0,100.0,5.0,526.06,521.06,0.332,-0.214,0.000,0.000,-0.254
aushkul,ridge_west,field,0.0,12.0,100.0,10.0,531.06,521.06,0.387,-0.250,0.000,0.000,-0.296
aushkul,ridge_west,field,0.0,12.0,100.0,30.0,551.06,521.06,0.412,-0.268,0.000,0.000,-0.313
aushkul,ridge_west,field,0.0,12.0,100.0,50.0,571.06,521.06,0.398,-0.261,0.000,0.000,-0.300
aushkul,ridge_west,field,0.0,12.0,100.0,100.0,621.06,521.06,0.367,-0.246,0.000,0.000,-0.272
aushkul,ridge_west,field,0.0,12.0,100.0,200.0,721.06,521.06,0.325,-0.225,0.000,0.000,-0.234
aushkul,ridge_west,field,0.0,12.0,100.0,300.0,821.06,521.06,0.299,-0.213,0.000,0.000,-0.209
aushkul,ridge_west,field,0.0,12.0,300.0,1.0,488.33,487.33,0.105,-0.069,0.000,0.000,-0.080
aushkul,ridge_west,field,0.0,12.0,300.0,1.5,488.83,487.33,0.129,-0.084,0.000,0.000,-0.097
aushkul,ridge_west,field,0.0,12.0,300.0,2.0,489.33,487.33,0.144,-0.094,0.000,0.000,-0.109
aushkul,ridge_west,field,0.0,12.0,300.0,3.0,490.33,487.33,0.165,-0.107,0.000,0.000,-0.125
aushkul,ridge_west,field,0.0,12.0,300.0,5.0,492.33,487.33,0.189,-0.122,0.000,0.000,-0.144
aushkul,ridge_west,field,0.0,12.0,300.0,10.0,497.33,487.33,0.227,-0.146,0.000,0.000,-0.174
aushkul,ridge_west,field,0.0,12.0,300.0,30.0,517.33,487.33,0.302,-0.194,0.000,0.000,-0.231
aushkul,ridge_west,field,0.0,12.0,300.0,50.0,537.33,487.33,0.297,-0.194,0.000,0.000,-0.224
aushkul,ridge_west,field,0.0,12.0,300.0,100.0,587.33,487.33,0.280,-0.193,0.000,0.000,-0.203
aushkul,ridge_west,field,0.0,12.0,300.0,200.0,687.33,487.33,0.252,-0.188,0.000,0.000,-0.168
aushkul,ridge_west,field,0.0,12.0,300.0,300.0,787.33,487.33,0.234,-0.183,0.000,0.000,-0.145
aushkul,ridge_west,field,3.0,12.0,-3000.0,1.0,437.29,436.29,1.093,1.090,-0.008,2.200,0.085
aushkul,ridge_west,field,3.0,12.0,-3000.0,1.5,437.79,436.29,1.287,1.283,-0.010,2.303,0.100
aushkul,ridge_west,field,3.0,12.0,-3000.0,2.0,438.29,436.29,1.425,1.420,-0.011,2.379,0.111
aushkul,ridge_west,field,3.0,12.0,-3000.0,3.0,439.29,436.29,1.619,1.614,-0.012,2.492,0.126
aushkul,ridge_west,field,3.0,12.0,-3000.0,5.0,441.29,436.29,1.863,1.857,-0.014,2.642,0.145
aushkul,ridge_west,field,3.0,12.0,-3000.0,10.0,446.29,436.29,2.194,2.187,-0.016,2.864,0.171
aushkul,ridge_west,field,3.0,12.0,-3000.0,30.0,466.29,436.29,2.714,2.706,-0.021,3.279,0.211
aushkul,ridge_west,field,3.0,12.0,-3000.0,50.0,486.29,436.29,2.898,2.890,-0.027,3.516,0.206
aushkul,ridge_west,field,3.0,12.0,-3000.0,100.0,536.29,436.29,3.274,3.269,-0.044,3.916,0.176
aushkul,ridge_west,field,3.0,12.0,-3000.0,200.0,636.29,436.29,3.733,3.731,-0.064,4.484,0.129
aushkul,ridge_west,field,3.0,12.0,-3000.0,300.0,736.29,436.29,3.962,3.961,-0.073,4.755,0.093
aushkul,ridge_west,field,3.0,12.0,-1000.0,1.0,469.97,468.97,1.577,1.575,0.066,2.246,0.061
aushkul,ridge_west,field,3.0,12.0,-1000.0,1.5,470.47,468.97,1.802,1.800,0.068,2.351,0.072
aushkul,ridge_west,field,3.0,12.0,-1000.0,2.0,470.97,468.97,1.967,1.965,0.070,2.429,0.080
aushkul,ridge_west,field,3.0,12.0,-1000.0,3.0,471.97,468.97,2.209,2.207,0.073,2.543,0.092
aushkul,ridge_west,field,3.0,12.0,-1000.0,5.0,473.97,468.97,2.532,2.530,0.077,2.696,0.109
aushkul,ridge_west,field,3.0,12.0,-1000.0,10.0,478.97,468.97,3.024,3.021,0.087,2.923,0.137
aushkul,ridge_west,field,3.0,12.0,-1000.0,30.0,498.97,468.97,3.751,3.746,0.106,3.346,0.180
aushkul,ridge_west,field,3.0,12.0,-1000.0,50.0,518.97,468.97,3.898,3.894,0.093,3.586,0.169
aushkul,ridge_west,field,3.0,12.0,-1000.0,100.0,568.97,468.97,4.042,4.040,0.063,3.992,0.129
aushkul,ridge_west,field,3.0,12.0,-1000.0,200.0,668.97,468.97,4.150,4.149,0.019,4.566,0.087
aushkul,ridge_west,field,3.0,12.0,-1000.0,300.0,768.97,468.97,4.215,4.215,-0.007,4.838,0.061
aushkul,ridge_west,field,3.0,12.0,-300.0,1.0,481.69,480.69,1.930,1.924,0.018,2.262,-0.162
aushkul,ridge_west,field,3.0,12.0,-300.0,1.5,482.19,480.69,2.164,2.157,0.020,2.368,-0.182
aushkul,ridge_west,field,3.0,12.0,-300.0,2.0,482.69,480.69,2.342,2.333,0.022,2.446,-0.197
aushkul,ridge_west,field,3.0,12.0,-300.0,3.0,483.69,480.69,2.603,2.594,0.024,2.561,-0.219
aushkul,ridge_west,field,3.0,12.0,-300.0,5.0,485.69,480.69,2.948,2.937,0.027,2.715,-0.248
aushkul,ridge_west,field,3.0,12.0,-300.0,10.0,490.69,480.69,3.278,3.269,0.033,2.944,-0.251
aushkul,ridge_west,field,3.0,12.0,-300.0,30.0,510.69,480.69,3.591,3.588,0.061,3.370,-0.143
aushkul,ridge_west,field,3.0,12.0,-300.0,50.0,530.69,480.69,3.756,3.755,0.067,3.611,-0.080
aushkul,ridge_west,field,3.0,12.0,-300.0,100.0,580.69,480.69,3.976,3.976,0.055,4.019,-0.007
aushkul,ridge_west,field,3.0,12.0,-300.0,200.0,680.69,480.69,4.162,4.162,0.019,4.596,0.020
aushkul,ridge_west,field,3.0,12.0,-300.0,300.0,780.69,480.69,4.252,4.252,-0.006,4.867,0.017
aushkul,ridge_west,field,3.0,12.0,-150.0,1.0,485.71,484.71,0.152,0.152,0.017,2.268,-0.007
aushkul,ridge_west,field,3.0,12.0,-150.0,1.5,486.21,484.71,1.123,1.122,0.124,2.374,-0.042
aushkul,ridge_west,field,3.0,12.0,-150.0,2.0,486.71,484.71,1.377,1.376,0.137,2.452,-0.049
aushkul,ridge_west,field,3.0,12.0,-150.0,3.0,487.71,484.71,1.664,1.663,0.151,2.568,-0.055
aushkul,ridge_west,field,3.0,12.0,-150.0,5.0,489.71,484.71,1.847,1.846,0.165,2.722,-0.057
aushkul,ridge_west,field,3.0,12.0,-150.0,10.0,494.71,484.71,2.165,2.165,0.189,2.951,-0.034
aushkul,ridge_west,field,3.0,12.0,-150.0,30.0,514.71,484.71,3.249,3.247,0.267,3.378,0.119
aushkul,ridge_west,field,3.0,12.0,-150.0,50.0,534.71,484.71,3.555,3.553,0.210,3.620,0.117
aushkul,ridge_west,field,3.0,12.0,-150.0,100.0,584.71,484.71,3.932,3.931,0.125,4.029,0.087
aushkul,ridge_west,field,3.0,12.0,-150.0,200.0,684.71,484.71,4.182,4.182,0.039,4.606,0.049
aushkul,ridge_west,field,3.0,12.0,-150.0,300.0,784.71,484.71,4.271,4.271,-0.002,4.878,0.028
aushkul,ridge_west,field,3.0,12.0,-50.0,1.0,506.34,505.34,1.093,1.091,0.110,2.296,0.063
aushkul,ridge_west,field,3.0,12.0,-50.0,1.5,506.84,505.34,1.278,1.276,0.129,2.404,0.075
aushkul,ridge_west,field,3.0,12.0,-50.0,2.0,507.34,505.34,1.409,1.407,0.143,2.483,0.082
aushkul,ridge_west,field,3.0,12.0,-50.0,3.0,508.34,505.34,1.594,1.591,0.162,2.600,0.093
aushkul,ridge_west,field,3.0,12.0,-50.0,5.0,510.34,505.34,1.824,1.821,0.178,2.757,0.099
aushkul,ridge_west,field,3.0,12.0,-50.0,10.0,515.34,505.34,2.247,2.244,0.202,2.988,0.115
aushkul,ridge_west,field,3.0,12.0,-50.0,30.0,535.34,505.34,3.516,3.513,0.305,3.420,0.153
aushkul,ridge_west,field,3.0,12.0,-50.0,50.0,555.34,505.34,3.824,3.822,0.261,3.665,0.141
aushkul,ridge_west,field,3.0,12.0,-50.0,100.0,605.34,505.34,4.110,4.109,0.139,4.077,0.102
aushkul,ridge_west,field,3.0,12.0,-50.0,200.0,705.34,505.34,4.245,4.245,0.030,4.658,0.056
aushkul,ridge_west,field,3.0,12.0,-50.0,300.0,805.34,505.34,4.299,4.299,-0.010,4.930,0.032
aushkul,ridge_west,field,3.0,12.0,-30.0,1.0,513.39,512.39,1.061,1.059,0.203,2.306,0.070
aushkul,ridge_west,field,3.0,12.0,-30.0,1.5,513.89,512.39,1.160,1.157,0.223,2.414,0.076
aushkul,ridge_west,field,3.0,12.0,-30.0,2.0,514.39,512.39,1.238,1.235,0.237,2.494,0.081
aushkul,ridge_west,field,3.0,12.0,-30.0,3.0,515.39,512.39,1.349,1.347,0.251,2.611,0.080
aushkul,ridge_west,field,3.0,12.0,-30.0,5.0,517.39,512.39,1.541,1.539,0.270,2.768,0.081
aushkul,ridge_west,field,3.0,12.0,-30.0,10.0,522.39,512.39,2.055,2.052,0.303,3.001,0.099
aushkul,ridge_west,field,3.0,12.0,-30.0,30.0,542.39,512.39,3.759,3.756,0.402,3.434,0.153
aushkul,ridge_west,field,3.0,12.0,-30.0,50.0,562.39,512.39,3.977,3.974,0.278,3.680,0.137
aushkul,ridge_west,field,3.0,12.0,-30.0,100.0,612.39,512.39,4.165,4.164,0.126,4.093,0.100
aushkul,ridge_west,field,3.0,12.0,-30.0,200.0,712.39,512.39,4.259,4.259,0.023,4.675,0.056
aushkul,ridge_west,field,3.0,12.0,-30.0,300.0,812.39,512.39,4.305,4.305,-0.013,4.948,0.031
aushkul,ridge_west,field,3.0,12.0,-20.0,1.0,516.73,515.73,1.115,1.113,0.205,2.311,0.067
aushkul,ridge_west,field,3.0,12.0,-20.0,1.5,517.23,515.73,1.219,1.217,0.223,2.419,0.073
aushkul,ridge_west,field,3.0,12.0,-20.0,2.0,517.73,515.73,1.297,1.295,0.236,2.499,0.076
aushkul,ridge_west,field,3.0,12.0,-20.0,3.0,518.73,515.73,1.418,1.416,0.249,2.616,0.076
aushkul,ridge_west,field,3.0,12.0,-20.0,5.0,520.73,515.73,1.633,1.632,0.267,2.774,0.078
aushkul,ridge_west,field,3.0,12.0,-20.0,10.0,525.73,515.73,2.189,2.187,0.302,3.007,0.096
aushkul,ridge_west,field,3.0,12.0,-20.0,30.0,545.73,515.73,3.836,3.833,0.380,3.441,0.148
aushkul,ridge_west,field,3.0,12.0,-20.0,50.0,565.73,515.73,4.031,4.029,0.255,3.687,0.133
aushkul,ridge_west,field,3.0,12.0,-20.0,100.0,615.73,515.73,4.184,4.183,0.115,4.101,0.098
aushkul,ridge_west,field,3.0,12.0,-20.0,200.0,715.73,515.73,4.265,4.264,0.020,4.684,0.055
aushkul,ridge_west,field,3.0,12.0,-20.0,300.0,815.73,515.73,4.308,4.307,-0.014,4.956,0.031
aushkul,ridge_west,field,3.0,12.0,-10.0,1.0,519.84,518.84,1.421,1.419,0.173,2.315,0.070
aushkul,ridge_west,field,3.0,12.0,-10.0,1.5,520.34,518.84,1.533,1.531,0.186,2.423,0.075
aushkul,ridge_west,field,3.0,12.0,-10.0,2.0,520.84,518.84,1.619,1.618,0.192,2.503,0.076
aushkul,ridge_west,field,3.0,12.0,-10.0,3.0,521.84,518.84,1.764,1.762,0.202,2.621,0.077
aushkul,ridge_west,field,3.0,12.0,-10.0,5.0,523.84,518.84,2.015,2.013,0.217,2.779,0.082
aushkul,ridge_west,field,3.0,12.0,-10.0,10.0,528.84,518.84,2.571,2.569,0.245,3.012,0.101
aushkul,ridge_west,field,3.0,12.0,-10.0,30.0,548.84,518.84,3.896,3.893,0.301,3.448,0.140
aushkul,ridge_west,field,3.0,12.0,-10.0,50.0,568.84,518.84,4.066,4.064,0.208,3.694,0.128
aushkul,ridge_west,field,3.0,12.0,-10.0,100.0,618.84,518.84,4.198,4.197,0.099,4.108,0.096
aushkul,ridge_west,field,3.0,12.0,-10.0,200.0,718.84,518.84,4.269,4.269,0.016,4.692,0.055
aushkul,ridge_west,field,3.0,12.0,-10.0,300.0,818.84,518.84,4.310,4.310,-0.016,4.964,0.031
aushkul,ridge_west,field,3.0,12.0,0.0,1.0,522.97,521.97,1.861,1.859,0.142,2.319,0.075
aushkul,ridge_west,field,3.0,12.0,0.0,1.5,523.47,521.97,1.959,1.958,0.146,2.428,0.077
aushkul,ridge_west,field,3.0,12.0,0.0,2.0,523.97,521.97,2.045,2.044,0.150,2.508,0.079
aushkul,ridge_west,field,3.0,12.0,0.0,3.0,524.97,521.97,2.192,2.191,0.157,2.626,0.081
aushkul,ridge_west,field,3.0,12.0,0.0,5.0,526.97,521.97,2.458,2.456,0.167,2.784,0.090
aushkul,ridge_west,field,3.0,12.0,0.0,10.0,531.97,521.97,2.984,2.982,0.189,3.018,0.108
aushkul,ridge_west,field,3.0,12.0,0.0,30.0,551.97,521.97,3.957,3.954,0.225,3.454,0.134
aushkul,ridge_west,field,3.0,12.0,0.0,50.0,571.97,521.97,4.099,4.097,0.165,3.700,0.123
aushkul,ridge_west,field,3.0,12.0,0.0,100.0,621.97,521.97,4.211,4.210,0.083,4.116,0.094
aushkul,ridge_west,field,3.0,12.0,0.0,200.0,721.97,521.97,4.273,4.273,0.012,4.700,0.055
aushkul,ridge_west,field,3.0,12.0,0.0,300.0,821.97,521.97,4.312,4.312,-0.017,4.972,0.031
aushkul,ridge_west,field,3.0,12.0,100.0,1.0,522.06,521.06,1.922,1.921,-0.002,2.318,0.057
aushkul,ridge_west,field,3.0,12.0,100.0,1.5,522.56,521.06,2.155,2.154,-0.002,2.427,0.064
aushkul,ridge_west,field,3.0,12.0,100.0,2.0,523.06,521.06,2.332,2.331,-0.002,2.507,0.070
aushkul,ridge_west,field,3.0,12.0,100.0,3.0,524.06,521.06,2.595,2.593,-0.002,2.625,0.077
aushkul,ridge_west,field,3.0,12.0,100.0,5.0,526.06,521.06,2.942,2.941,-0.003,2.783,0.088
aushkul,ridge_west,field,3.0,12.0,100.0,10.0,531.06,521.06,3.433,3.431,-0.003,3.016,0.102
aushkul,ridge_west,field,3.0,12.0,100.0,30.0,551.06,521.06,3.901,3.900,-0.004,3.452,0.110
aushkul,ridge_west,field,3.0,12.0,100.0,50.0,571.06,521.06,4.067,4.066,-0.006,3.698,0.105
aushkul,ridge_west,field,3.0,12.0,100.0,100.0,621.06,521.06,4.211,4.210,-0.004,4.113,0.089
aushkul,ridge_west,field,3.0,12.0,100.0,200.0,721.06,521.06,4.281,4.280,-0.015,4.697,0.060
aushkul,ridge_west,field,3.0,12.0,100.0,300.0,821.06,521.06,4.315,4.315,-0.027,4.970,0.038
aushkul,ridge_west,field,3.0,12.0,300.0,1.0,488.33,487.33,0.622,0.622,-0.026,2.271,0.005
aushkul,ridge_west,field,3.0,12.0,300.0,1.5,488.83,487.33,0.763,0.763,-0.031,2.378,0.005
aushkul,ridge_west,field,3.0,12.0,300.0,2.0,489.33,487.33,0.860,0.860,-0.035,2.456,0.006
aushkul,ridge_west,field,3.0,12.0,300.0,3.0,490.33,487.33,0.999,0.999,-0.039,2.572,0.003
aushkul,ridge_west,field,3.0,12.0,300.0,5.0,492.33,487.33,1.203,1.203,-0.044,2.727,-0.008
aushkul,ridge_west,field,3.0,12.0,300.0,10.0,497.33,487.33,1.555,1.555,-0.052,2.956,-0.027
aushkul,ridge_west,field,3.0,12.0,300.0,30.0,517.33,487.33,2.539,2.539,-0.077,3.383,-0.052
aushkul,ridge_west,field,3.0,12.0,300.0,50.0,537.33,487.33,3.304,3.304,-0.092,3.626,0.031
aushkul,ridge_west,field,3.0,12.0,300.0,100.0,587.33,487.33,3.910,3.909,-0.067,4.035,0.084
aushkul,ridge_west,field,3.0,12.0,300.0,200.0,687.33,487.33,4.185,4.185,-0.045,4.612,0.079
aushkul,ridge_west,field,3.0,12.0,300.0,300.0,787.33,487.33,4.274,4.274,-0.040,4.884,0.059
aushkul,ridge_west,field,6.0,12.0,-3000.0,1.0,437.29,436.29,1.942,1.921,-0.024,3.277,0.284
aushkul,ridge_west,field,6.0,12.0,-3000.0,1.5,437.79,436.29,2.291,2.266,-0.028,3.613,0.334
aushkul,ridge_west,field,6.0,12.0,-3000.0,2.0,438.29,436.29,2.538,2.511,-0.031,3.873,0.370
aushkul,ridge_west,field,6.0,12.0,-3000.0,3.0,439.29,436.29,2.887,2.856,-0.036,4.271,0.420
aushkul,ridge_west,field,6.0,12.0,-3000.0,5.0,441.29,436.29,3.326,3.291,-0.041,4.835,0.483
aushkul,ridge_west,field,6.0,12.0,-3000.0,10.0,446.29,436.29,3.924,3.882,-0.049,5.728,0.569
aushkul,ridge_west,field,6.0,12.0,-3000.0,30.0,466.29,436.29,4.870,4.820,-0.060,7.549,0.702
aushkul,ridge_west,field,6.0,12.0,-3000.0,50.0,486.29,436.29,5.387,5.343,-0.079,8.640,0.690
aushkul,ridge_west,field,6.0,12.0,-3000.0,100.0,536.29,436.29,6.652,6.624,-0.135,10.516,0.608
aushkul,ridge_west,field,6.0,12.0,-3000.0,200.0,636.29,436.29,8.338,8.324,-0.203,13.159,0.475
aushkul,ridge_west,field,6.0,12.0,-3000.0,300.0,736.29,436.29,9.353,9.345,-0.242,15.318,0.373
aushkul,ridge_west,field,6.0,12.0,-1000.0,1.0,469.97,468.97,3.053,3.048,0.185,3.345,0.178
aushkul,ridge_west,field,6.0,12.0,-1000.0,1.5,470.47,468.97,3.493,3.487,0.191,3.688,0.208
aushkul,ridge_west,field,6.0,12.0,-1000.0,2.0,470.97,468.97,3.816,3.809,0.196,3.953,0.230
aushkul,ridge_west,field,6.0,12.0,-1000.0,3.0,471.97,468.97,4.288,4.280,0.204,4.359,0.264
aushkul,ridge_west,field,6.0,12.0,-1000.0,5.0,473.97,468.97,4.921,4.911,0.218,4.934,0.310
aushkul,ridge_west,field,6.0,12.0,-1000.0,10.0,478.97,468.97,5.885,5.873,0.244,5.845,0.384
aushkul,ridge_west,field,6.0,12.0,-1000.0,30.0,498.97,468.97,7.438,7.420,0.297,7.702,0.514
aushkul,ridge_west,field,6.0,12.0,-1000.0,50.0,518.97,468.97,7.961,7.944,0.263,8.813,0.523
aushkul,ridge_west,field,6.0,12.0,-1000.0,100.0,568.97,468.97,8.669,8.657,0.181,10.721,0.461
aushkul,ridge_west,field,6.0,12.0,-1000.0,200.0,668.97,468.97,9.441,9.434,0.062,13.400,0.361
aushkul,ridge_west,field,6.0,12.0,-1000.0,300.0,768.97,468.97,10.043,10.039,-0.005,15.584,0.291
aushkul,ridge_west,field,6.0,12.0,-300.0,1.0,481.69,480.69,3.617,3.606,0.049,3.369,-0.279
aushkul,ridge_west,field,6.0,12.0,-300.0,1.5,482.19,480.69,4.055,4.043,0.055,3.715,-0.314
aushkul,ridge_west,field,6.0,12.0,-300.0,2.0,482.69,480.69,4.387,4.374,0.059,3.981,-0.340
aushkul,ridge_west,field,6.0,12.0,-300.0,3.0,483.69,480.69,4.877,4.863,0.066,4.391,-0.378
aushkul,ridge_west,field,6.0,12.0,-300.0,5.0,485.69,480.69,5.523,5.506,0.075,4.970,-0.428
aushkul,ridge_west,field,6.0,12.0,-300.0,10.0,490.69,480.69,6.174,6.159,0.090,5.887,-0.425
aushkul,ridge_west,field,6.0,12.0,-300.0,30.0,510.69,480.69,7.140,7.138,0.171,7.757,-0.167
aushkul,ridge_west,field,6.0,12.0,-300.0,50.0,530.69,480.69,7.734,7.734,0.191,8.875,-0.016
aushkul,ridge_west,field,6.0,12.0,-300.0,100.0,580.69,480.69,8.618,8.617,0.165,10.794,0.160
aushkul,ridge_west,field,6.0,12.0,-300.0,200.0,680.69,480.69,9.551,9.549,0.071,13.487,0.218
aushkul,ridge_west,field,6.0,12.0,-300.0,300.0,780.69,480.69,10.175,10.173,0.005,15.679,0.201
aushkul,ridge_west,field,6.0,12.0,-150.0,1.0,485.71,484.71,0.275,0.275,0.045,3.378,-0.010
aushkul,ridge_west,field,6.0,12.0,-150.0,1.5,486.21,484.71,2.096,2.096,0.337,3.724,-0.053
aushkul,ridge_west,field,6.0,12.0,-150.0,2.0,486.71,484.71,2.572,2.572,0.372,3.991,-0.061
aushkul,ridge_west,field,6.0,12.0,-150.0,3.0,487.71,484.71,3.113,3.112,0.412,4.402,-0.066
aushkul,ridge_west,field,6.0,12.0,-150.0,5.0,489.71,484.71,3.471,3.471,0.449,4.982,-0.061
aushkul,ridge_west,field,6.0,12.0,-150.0,10.0,494.71,484.71,4.123,4.123,0.515,5.902,0.002
aushkul,ridge_west,field,6.0,12.0,-150.0,30.0,514.71,484.71,6.459,6.449,0.729,7.776,0.360
aushkul,ridge_west,field,6.0,12.0,-150.0,50.0,534.71,484.71,7.326,7.317,0.580,8.896,0.378
aushkul,ridge_west,field,6.0,12.0,-150.0,100.0,584.71,484.71,8.545,8.538,0.359,10.819,0.347
aushkul,ridge_west,field,6.0,12.0,-150.0,200.0,684.71,484.71,9.612,9.608,0.128,13.516,0.277
aushkul,ridge_west,field,6.0,12.0,-150.0,300.0,784.71,484.71,10.230,10.228,0.019,15.712,0.226
aushkul,ridge_west,field,6.0,12.0,-50.0,1.0,506.34,505.34,2.156,2.147,0.316,3.420,0.192
aushkul,ridge_west,field,6.0,12.0,-50.0,1.5,506.84,505.34,2.522,2.512,0.373,3.771,0.225
aushkul,ridge_west,field,6.0,12.0,-50.0,2.0,507.34,505.34,2.781,2.769,0.413,4.042,0.249
aushkul,ridge_west,field,6.0,12.0,-50.0,3.0,508.34,505.34,3.144,3.132,0.469,4.458,0.282
aushkul,ridge_west,field,6.0,12.0,-50.0,5.0,510.34,505.34,3.604,3.591,0.515,5.045,0.303
aushkul,ridge_west,field,6.0,12.0,-50.0,10.0,515.34,505.34,4.460,4.446,0.583,5.976,0.347
aushkul,ridge_west,field,6.0,12.0,-50.0,30.0,535.34,505.34,7.156,7.142,0.877,7.873,0.449
aushkul,ridge_west,field,6.0,12.0,-50.0,50.0,555.34,505.34,8.005,7.993,0.750,9.006,0.444
aushkul,ridge_west,field,6.0,12.0,-50.0,100.0,605.34,505.34,9.024,9.016,0.405,10.948,0.387
aushkul,ridge_west,field,6.0,12.0,-50.0,200.0,705.34,505.34,9.835,9.831,0.102,13.669,0.294
aushkul,ridge_west,field,6.0,12.0,-50.0,300.0,805.34,505.34,10.374,10.371,-0.004,15.880,0.234
aushkul,ridge_west,field,6.0,12.0,-30.0,1.0,513.39,512.39,2.095,2.083,0.589,3.435,0.224
aushkul,ridge_west,field,6.0,12.0,-30.0,1.5,513.89,512.39,2.291,2.278,0.645,3.787,0.245
aushkul,ridge_west,field,6.0,12.0,-30.0,2.0,514.39,512.39,2.445,2.431,0.688,4.059,0.262
aushkul,ridge_west,field,6.0,12.0,-30.0,3.0,515.39,512.39,2.669,2.656,0.727,4.477,0.265
aushkul,ridge_west,field,6.0,12.0,-30.0,5.0,517.39,512.39,3.059,3.047,0.783,5.067,0.273
aushkul,ridge_west,field,6.0,12.0,-30.0,10.0,522.39,512.39,4.121,4.109,0.878,6.002,0.317
aushkul,ridge_west,field,6.0,12.0,-30.0,30.0,542.39,512.39,7.705,7.691,1.162,7.906,0.452
aushkul,ridge_west,field,6.0,12.0,-30.0,50.0,562.39,512.39,8.378,8.366,0.803,9.043,0.440
aushkul,ridge_west,field,6.0,12.0,-30.0,100.0,612.39,512.39,9.183,9.175,0.369,10.992,0.384
aushkul,ridge_west,field,6.0,12.0,-30.0,200.0,712.39,512.39,9.896,9.891,0.082,13.721,0.293
aushkul,ridge_west,field,6.0,12.0,-30.0,300.0,812.39,512.39,10.416,10.413,-0.012,15.938,0.234
aushkul,ridge_west,field,6.0,12.0,-20.0,1.0,516.73,515.73,2.214,2.203,0.594,3.442,0.221
aushkul,ridge_west,field,6.0,12.0,-20.0,1.5,517.23,515.73,2.420,2.408,0.648,3.795,0.242
aushkul,ridge_west,field,6.0,12.0,-20.0,2.0,517.73,515.73,2.577,2.565,0.683,4.067,0.253
aushkul,ridge_west,field,6.0,12.0,-20.0,3.0,518.73,515.73,2.823,2.811,0.722,4.486,0.256
aushkul,ridge_west,field,6.0,12.0,-20.0,5.0,520.73,515.73,3.263,3.252,0.775,5.077,0.267
aushkul,ridge_west,field,6.0,12.0,-20.0,10.0,525.73,515.73,4.413,4.402,0.874,6.014,0.314
aushkul,ridge_west,field,6.0,12.0,-20.0,30.0,545.73,515.73,7.889,7.876,1.101,7.921,0.445
aushkul,ridge_west,field,6.0,12.0,-20.0,50.0,565.73,515.73,8.517,8.506,0.736,9.061,0.436
aushkul,ridge_west,field,6.0,12.0,-20.0,100.0,615.73,515.73,9.241,9.233,0.336,11.013,0.382
aushkul,ridge_west,field,6.0,12.0,-20.0,200.0,715.73,515.73,9.921,9.917,0.073,13.746,0.293
aushkul,ridge_west,field,6.0,12.0,-20.0,300.0,815.73,515.73,10.435,10.432,-0.016,15.965,0.234
aushkul,ridge_west,field,6.0,12.0,-10.0,1.0,519.84,518.84,2.844,2.834,0.503,3.448,0.230
aushkul,ridge_west,field,6.0,12.0,-10.0,1.5,520.34,518.84,3.068,3.058,0.539,3.802,0.247
aushkul,ridge_west,field,6.0,12.0,-10.0,2.0,520.84,518.84,3.243,3.234,0.558,4.075,0.252
aushkul,ridge_west,field,6.0,12.0,-10.0,3.0,521.84,518.84,3.537,3.527,0.588,4.494,0.260
aushkul,ridge_west,field,6.0,12.0,-10.0,5.0,523.84,518.84,4.051,4.041,0.629,5.086,0.279
aushkul,ridge_west,field,6.0,12.0,-10.0,10.0,528.84,518.84,5.199,5.189,0.712,6.025,0.327
aushkul,ridge_west,field,6.0,12.0,-10.0,30.0,548.84,518.84,8.039,8.028,0.871,7.936,0.434
aushkul,ridge_west,field,6.0,12.0,-10.0,50.0,568.84,518.84,8.612,8.601,0.603,9.077,0.428
aushkul,ridge_west,field,6.0,12.0,-10.0,100.0,618.84,518.84,9.288,9.280,0.290,11.033,0.378
aushkul,ridge_west,field,6.0,12.0,-10.0,200.0,718.84,518.84,9.944,9.940,0.061,13.769,0.292
aushkul,ridge_west,field,6.0,12.0,-10.0,300.0,818.84,518.84,10.452,10.449,-0.021,15.990,0.234
aushkul,ridge_west,field,6.0,12.0,0.0,1.0,522.97,521.97,3.746,3.738,0.412,3.455,0.249
aushkul,ridge_west,field,6.0,12.0,0.0,1.5,523.47,521.97,3.946,3.938,0.425,3.809,0.256
aushkul,ridge_west,field,6.0,12.0,0.0,2.0,523.97,521.97,4.121,4.113,0.437,4.082,0.263
aushkul,ridge_west,field,6.0,12.0,0.0,3.0,524.97,521.97,4.420,4.412,0.457,4.502,0.273
aushkul,ridge_west,field,6.0,12.0,0.0,5.0,526.97,521.97,4.965,4.956,0.484,5.096,0.298
aushkul,ridge_west,field,6.0,12.0,0.0,10.0,531.97,521.97,6.047,6.037,0.548,6.036,0.346
aushkul,ridge_west,field,6.0,12.0,0.0,30.0,551.97,521.97,8.195,8.184,0.654,7.951,0.425
aushkul,ridge_west,field,6.0,12.0,0.0,50.0,571.97,521.97,8.708,8.698,0.479,9.094,0.420
aushkul,ridge_west,field,6.0,12.0,0.0,100.0,621.97,521.97,9.334,9.326,0.247,11.052,0.375
aushkul,ridge_west,field,6.0,12.0,0.0,200.0,721.97,521.97,9.967,9.963,0.050,13.792,0.292
aushkul,ridge_west,field,6.0,12.0,0.0,300.0,821.97,521.97,10.469,10.467,-0.025,16.016,0.234
aushkul,ridge_west,field,6.0,12.0,100.0,1.0,522.06,521.06,3.880,3.875,-0.004,3.453,0.192
aushkul,ridge_west,field,6.0,12.0,100.0,1.5,522.56,521.06,4.350,4.345,-0.004,3.807,0.215
aushkul,ridge_west,field,6.0,12.0,100.0,2.0,523.06,521.06,4.708,4.702,-0.004,4.080,0.232
aushkul,ridge_west,field,6.0,12.0,100.0,3.0,524.06,521.06,5.238,5.232,-0.005,4.500,0.258
aushkul,ridge_west,field,6.0,12.0,100.0,5.0,526.06,521.06,5.940,5.933,-0.005,5.093,0.293
aushkul,ridge_west,field,6.0,12.0,100.0,10.0,531.06,521.06,6.931,6.922,-0.006,6.033,0.342
aushkul,ridge_west,field,6.0,12.0,100.0,30.0,551.06,521.06,8.074,8.065,-0.008,7.947,0.386
aushkul,ridge_west,field,6.0,12.0,100.0,50.0,571.06,521.06,8.653,8.644,-0.010,9.089,0.393
aushkul,ridge_west,field,6.0,12.0,100.0,100.0,621.06,521.06,9.342,9.334,-0.004,11.047,0.372
aushkul,ridge_west,field,6.0,12.0,100.0,200.0,721.06,521.06,9.985,9.980,-0.028,13.785,0.307
aushkul,ridge_west,field,6.0,12.0,100.0,300.0,821.06,521.06,10.474,10.471,-0.056,16.008,0.251
aushkul,ridge_west,field,6.0,12.0,300.0,1.0,488.33,487.33,0.692,0.691,-0.066,3.383,0.029
aushkul,ridge_west,field,6.0,12.0,300.0,1.5,488.83,487.33,0.944,0.943,-0.080,3.730,0.035
aushkul,ridge_west,field,6.0,12.0,300.0,2.0,489.33,487.33,1.119,1.118,-0.090,3.998,0.039
aushkul,ridge_west,field,6.0,12.0,300.0,3.0,490.33,487.33,1.383,1.382,-0.101,4.409,0.037
aushkul,ridge_west,field,6.0,12.0,300.0,5.0,492.33,487.33,1.791,1.791,-0.113,4.990,0.022
aushkul,ridge_west,field,6.0,12.0,300.0,10.0,497.33,487.33,2.511,2.511,-0.134,5.911,-0.006
aushkul,ridge_west,field,6.0,12.0,300.0,30.0,517.33,487.33,4.624,4.624,-0.199,7.788,-0.011
aushkul,ridge_west,field,6.0,12.0,300.0,50.0,537.33,487.33,6.810,6.806,-0.240,8.910,0.233
aushkul,ridge_west,field,6.0,12.0,300.0,100.0,587.33,487.33,8.581,8.573,-0.183,10.836,0.369
aushkul,ridge_west,field,6.0,12.0,300.0,200.0,687.33,487.33,9.671,9.665,-0.121,13.536,0.358
aushkul,ridge_west,field,6.0,12.0,300.0,300.0,787.33,487.33,10.265,10.260,-0.099,15.734,0.307
aushkul,ridge_west,field,10.0,12.0,-3000.0,1.0,437.29,436.29,2.679,2.598,-0.046,5.462,0.655
aushkul,ridge_west,field,10.0,12.0,-3000.0,1.5,437.79,436.29,3.222,3.128,-0.055,6.022,0.772
aushkul,ridge_west,field,10.0,12.0,-3000.0,2.0,438.29,436.29,3.609,3.506,-0.060,6.455,0.854
aushkul,ridge_west,field,10.0,12.0,-3000.0,3.0,439.29,436.29,4.158,4.043,-0.069,7.119,0.970
aushkul,ridge_west,field,10.0,12.0,-3000.0,5.0,441.29,436.29,4.859,4.729,-0.079,8.058,1.117
aushkul,ridge_west,field,10.0,12.0,-3000.0,10.0,446.29,436.29,5.830,5.680,-0.093,9.546,1.315
aushkul,ridge_west,field,10.0,12.0,-3000.0,30.0,466.29,436.29,7.404,7.224,-0.116,12.582,1.621
aushkul,ridge_west,field,10.0,12.0,-3000.0,50.0,486.29,436.29,8.408,8.254,-0.152,14.400,1.599
aushkul,ridge_west,field,10.0,12.0,-3000.0,100.0,536.29,436.29,10.934,10.842,-0.260,17.527,1.422
aushkul,ridge_west,field,10.0,12.0,-3000.0,200.0,636.29,436.29,14.543,14.501,-0.396,21.931,1.109
aushkul,ridge_west,field,10.0,12.0,-3000.0,300.0,736.29,436.29,16.930,16.908,-0.473,25.530,0.856
aushkul,ridge_west,field,10.0,12.0,-1000.0,1.0,469.97,468.97,4.856,4.841,0.345,5.575,0.385
aushkul,ridge_west,field,10.0,12.0,-1000.0,1.5,470.47,468.97,5.560,5.541,0.357,6.147,0.449
aushkul,ridge_west,field,10.0,12.0,-1000.0,2.0,470.97,468.97,6.076,6.056,0.366,6.588,0.496
aushkul,ridge_west,field,10.0,12.0,-1000.0,3.0,471.97,468.97,6.831,6.808,0.381,7.266,0.566
aushkul,ridge_west,field,10.0,12.0,-1000.0,5.0,473.97,468.97,7.844,7.816,0.406,8.224,0.662
aushkul,ridge_west,field,10.0,12.0,-1000.0,10.0,478.97,468.97,9.390,9.355,0.456,9.742,0.815
aushkul,ridge_west,field,10.0,12.0,-1000.0,30.0,498.97,468.97,12.008,11.958,0.554,12.837,1.092
aushkul,ridge_west,field,10.0,12.0,-1000.0,50.0,518.97,468.97,13.093,13.043,0.490,14.688,1.145
aushkul,ridge_west,field,10.0,12.0,-1000.0,100.0,568.97,468.97,14.778,14.740,0.335,17.868,1.058
aushkul,ridge_west,field,10.0,12.0,-1000.0,200.0,668.97,468.97,16.833,16.813,0.106,22.333,0.832
aushkul,ridge_west,field,10.0,12.0,-1000.0,300.0,768.97,468.97,18.437,18.425,-0.026,25.973,0.657
aushkul,ridge_west,field,10.0,12.0,-300.0,1.0,481.69,480.69,5.690,5.676,0.090,5.615,-0.405
aushkul,ridge_west,field,10.0,12.0,-300.0,1.5,482.19,480.69,6.380,6.364,0.102,6.191,-0.455
aushkul,ridge_west,field,10.0,12.0,-300.0,2.0,482.69,480.69,6.902,6.884,0.110,6.636,-0.492
aushkul,ridge_west,field,10.0,12.0,-300.0,3.0,483.69,480.69,7.673,7.654,0.122,7.318,-0.548
aushkul,ridge_west,field,10.0,12.0,-300.0,5.0,485.69,480.69,8.689,8.666,0.139,8.283,-0.621
aushkul,ridge_west,field,10.0,12.0,-300.0,10.0,490.69,480.69,9.740,9.721,0.167,9.812,-0.603
aushkul,ridge_west,field,10.0,12.0,-300.0,30.0,510.69,480.69,11.587,11.587,0.316,12.929,-0.118
aushkul,ridge_west,field,10.0,12.0,-300.0,50.0,530.69,480.69,12.826,12.825,0.355,14.792,0.168
aushkul,ridge_west,field,10.0,12.0,-300.0,100.0,580.69,480.69,14.824,14.815,0.306,17.990,0.491
aushkul,ridge_west,field,10.0,12.0,-300.0,200.0,680.69,480.69,17.139,17.130,0.126,22.478,0.555
aushkul,ridge_west,field,10.0,12.0,-300.0,300.0,780.69,480.69,18.747,18.741,-0.003,26.132,0.477
aushkul,ridge_west,field,10.0,12.0,-150.0,1.0,485.71,484.71,0.422,0.422,0.084,5.629,-0.012
aushkul,ridge_west,field,10.0,12.0,-150.0,1.5,486.21,484.71,3.305,3.304,0.625,6.206,-0.054
aushkul,ridge_west,field,10.0,12.0,-150.0,2.0,486.71,484.71,4.056,4.055,0.690,6.652,-0.061
aushkul,ridge_west,field,10.0,12.0,-150.0,3.0,487.71,484.71,4.911,4.910,0.764,7.336,-0.061
aushkul,ridge_west,field,10.0,12.0,-150.0,5.0,489.71,484.71,5.490,5.490,0.833,8.304,-0.043
aushkul,ridge_west,field,10.0,12.0,-150.0,10.0,494.71,484.71,6.564,6.564,0.955,9.836,0.080
aushkul,ridge_west,field,10.0,12.0,-150.0,30.0,514.71,484.71,10.511,10.486,1.353,12.960,0.736
aushkul,ridge_west,field,10.0,12.0,-150.0,50.0,534.71,484.71,12.175,12.148,1.077,14.827,0.799
aushkul,ridge_west,field,10.0,12.0,-150.0,100.0,584.71,484.71,14.731,14.710,0.669,18.032,0.784
aushkul,ridge_west,field,10.0,12.0,-150.0,200.0,684.71,484.71,17.269,17.257,0.233,22.527,0.641
aushkul,ridge_west,field,10.0,12.0,-150.0,300.0,784.71,484.71,18.863,18.856,0.022,26.187,0.510
aushkul,ridge_west,field,10.0,12.0,-50.0,1.0,506.34,505.34,3.502,3.480,0.597,5.700,0.392
aushkul,ridge_west,field,10.0,12.0,-50.0,1.5,506.84,505.34,4.097,4.071,0.704,6.285,0.460
aushkul,ridge_west,field,10.0,12.0,-50.0,2.0,507.34,505.34,4.519,4.490,0.779,6.736,0.508
aushkul,ridge_west,field,10.0,12.0,-50.0,3.0,508.34,505.34,5.111,5.078,0.884,7.429,0.575
aushkul,ridge_west,field,10.0,12.0,-50.0,5.0,510.34,505.34,5.862,5.829,0.971,8.408,0.622
aushkul,ridge_west,field,10.0,12.0,-50.0,10.0,515.34,505.34,7.273,7.239,1.098,9.960,0.707
aushkul,ridge_west,field,10.0,12.0,-50.0,30.0,535.34,505.34,11.830,11.796,1.652,13.121,0.902
aushkul,ridge_west,field,10.0,12.0,-50.0,50.0,555.34,505.34,13.457,13.426,1.409,15.009,0.918
aushkul,ridge_west,field,10.0,12.0,-50.0,100.0,605.34,505.34,15.681,15.658,0.758,18.247,0.847
aushkul,ridge_west,field,10.0,12.0,-50.0,200.0,705.34,505.34,17.766,17.754,0.181,22.781,0.656
aushkul,ridge_west,field,10.0,12.0,-50.0,300.0,805.34,505.34,19.209,19.202,-0.022,26.467,0.512
aushkul,ridge_west,field,10.0,12.0,-30.0,1.0,513.39,512.39,3.408,3.375,1.112,5.725,0.475
aushkul,ridge_west,field,10.0,12.0,-30.0,1.5,513.89,512.39,3.729,3.692,1.218,6.312,0.520
aushkul,ridge_west,field,10.0,12.0,-30.0,2.0,514.39,512.39,3.980,3.941,1.299,6.765,0.555
aushkul,ridge_west,field,10.0,12.0,-30.0,3.0,515.39,512.39,4.350,4.313,1.372,7.461,0.566
aushkul,ridge_west,field,10.0,12.0,-30.0,5.0,517.39,512.39,4.994,4.960,1.477,8.444,0.587
aushkul,ridge_west,field,10.0,12.0,-30.0,10.0,522.39,512.39,6.763,6.731,1.658,10.003,0.666
aushkul,ridge_west,field,10.0,12.0,-30.0,30.0,542.39,512.39,12.793,12.761,2.192,13.176,0.912
aushkul,ridge_west,field,10.0,12.0,-30.0,50.0,562.39,512.39,14.138,14.109,1.510,15.072,0.918
aushkul,ridge_west,field,10.0,12.0,-30.0,100.0,612.39,512.39,16.005,15.983,0.689,18.321,0.842
aushkul,ridge_west,field,10.0,12.0,-30.0,200.0,712.39,512.39,17.910,17.898,0.145,22.868,0.651
aushkul,ridge_west,field,10.0,12.0,-30.0,300.0,812.39,512.39,19.314,19.308,-0.039,26.563,0.508
aushkul,ridge_west,field,10.0,12.0,-20.0,1.0,516.73,515.73,3.615,3.584,1.121,5.736,0.474
aushkul,ridge_west,field,10.0,12.0,-20.0,1.5,517.23,515.73,3.952,3.918,1.223,6.324,0.517
aushkul,ridge_west,field,10.0,12.0,-20.0,2.0,517.73,515.73,4.210,4.175,1.290,6.779,0.542
aushkul,ridge_west,field,10.0,12.0,-20.0,3.0,518.73,515.73,4.616,4.582,1.362,7.476,0.554
aushkul,ridge_west,field,10.0,12.0,-20.0,5.0,520.73,515.73,5.345,5.314,1.464,8.461,0.579
aushkul,ridge_west,field,10.0,12.0,-20.0,10.0,525.73,515.73,7.264,7.233,1.650,10.023,0.663
aushkul,ridge_west,field,10.0,12.0,-20.0,30.0,545.73,515.73,13.127,13.096,2.076,13.202,0.904
aushkul,ridge_west,field,10.0,12.0,-20.0,50.0,565.73,515.73,14.400,14.371,1.384,15.101,0.914
aushkul,ridge_west,field,10.0,12.0,-20.0,100.0,615.73,515.73,16.128,16.106,0.628,18.356,0.837
aushkul,ridge_west,field,10.0,12.0,-20.0,200.0,715.73,515.73,17.972,17.961,0.126,22.909,0.649
aushkul,ridge_west,field,10.0,12.0,-20.0,300.0,815.73,515.73,19.362,19.356,-0.047,26.608,0.506
aushkul,ridge_west,field,10.0,12.0,-10.0,1.0,519.84,518.84,4.664,4.638,0.949,5.747,0.490
aushkul,ridge_west,field,10.0,12.0,-10.0,1.5,520.34,518.84,5.032,5.005,1.019,6.336,0.526
aushkul,ridge_west,field,10.0,12.0,-10.0,2.0,520.84,518.84,5.322,5.295,1.053,6.791,0.538
aushkul,ridge_west,field,10.0,12.0,-10.0,3.0,521.84,518.84,5.807,5.780,1.109,7.490,0.558
aushkul,ridge_west,field,10.0,12.0,-10.0,5.0,523.84,518.84,6.660,6.633,1.187,8.477,0.596
aushkul,ridge_west,field,10.0,12.0,-10.0,10.0,528.84,518.84,8.574,8.546,1.343,10.041,0.687
aushkul,ridge_west,field,10.0,12.0,-10.0,30.0,548.84,518.84,13.407,13.377,1.642,13.227,0.890
aushkul,ridge_west,field,10.0,12.0,-10.0,50.0,568.84,518.84,14.589,14.561,1.134,15.129,0.902
aushkul,ridge_west,field,10.0,12.0,-10.0,100.0,618.84,518.84,16.230,16.209,0.541,18.388,0.830
aushkul,ridge_west,field,10.0,12.0,-10.0,200.0,718.84,518.84,18.029,18.017,0.104,22.948,0.646
aushkul,ridge_west,field,10.0,12.0,-10.0,300.0,818.84,518.84,19.407,19.400,-0.055,26.650,0.505
aushkul,ridge_west,field,10.0,12.0,0.0,1.0,522.97,521.97,6.166,6.143,0.777,5.758,0.528
aushkul,ridge_west,field,10.0,12.0,0.0,1.5,523.47,521.97,6.496,6.473,0.802,6.348,0.544
aushkul,ridge_west,field,10.0,12.0,0.0,2.0,523.97,521.97,6.785,6.762,0.825,6.804,0.558
aushkul,ridge_west,field,10.0,12.0,0.0,3.0,524.97,521.97,7.280,7.256,0.863,7.504,0.582
aushkul,ridge_west,field,10.0,12.0,0.0,5.0,526.97,521.97,8.184,8.160,0.914,8.493,0.630
aushkul,ridge_west,field,10.0,12.0,0.0,10.0,531.97,521.97,9.984,9.958,1.035,10.060,0.721
aushkul,ridge_west,field,10.0,12.0,0.0,30.0,551.97,521.97,13.699,13.671,1.232,13.251,0.879
aushkul,ridge_west,field,10.0,12.0,0.0,50.0,571.97,521.97,14.783,14.756,0.899,15.156,0.891
aushkul,ridge_west,field,10.0,12.0,0.0,100.0,621.97,521.97,16.332,16.311,0.459,18.421,0.824
aushkul,ridge_west,field,10.0,12.0,0.0,200.0,721.97,521.97,18.085,18.073,0.084,22.986,0.644
aushkul,ridge_west,field,10.0,12.0,0.0,300.0,821.97,521.97,19.451,19.444,-0.063,26.693,0.503
aushkul,ridge_west,field,10.0,12.0,100.0,1.0,522.06,521.06,6.404,6.391,-0.007,5.755,0.397
aushkul,ridge_west,field,10.0,12.0,100.0,1.5,522.56,521.06,7.180,7.166,-0.008,6.345,0.445
aushkul,ridge_west,field,10.0,12.0,100.0,2.0,523.06,521.06,7.770,7.755,-0.008,6.800,0.481
aushkul,ridge_west,field,10.0,12.0,100.0,3.0,524.06,521.06,8.646,8.629,-0.009,7.500,0.536
aushkul,ridge_west,field,10.0,12.0,100.0,5.0,526.06,521.06,9.804,9.785,-0.010,8.488,0.607
aushkul,ridge_west,field,10.0,12.0,100.0,10.0,531.06,521.06,11.439,11.417,-0.012,10.055,0.708
aushkul,ridge_west,field,10.0,12.0,100.0,30.0,551.06,521.06,13.503,13.479,-0.017,13.244,0.813
aushkul,ridge_west,field,10.0,12.0,100.0,50.0,571.06,521.06,14.703,14.679,-0.022,15.148,0.845
aushkul,ridge_west,field,10.0,12.0,100.0,100.0,621.06,521.06,16.350,16.330,-0.015,18.411,0.817
aushkul,ridge_west,field,10.0,12.0,100.0,200.0,721.06,521.06,18.116,18.103,-0.065,22.975,0.665
aushkul,ridge_west,field,10.0,12.0,100.0,300.0,821.06,521.06,19.458,19.451,-0.122,26.680,0.528
aushkul,ridge_west,field,10.0,12.0,300.0,1.0,488.33,487.33,1.029,1.026,-0.125,5.638,0.072
aushkul,ridge_west,field,10.0,12.0,300.0,1.5,488.83,487.33,1.427,1.424,-0.153,6.216,0.087
aushkul,ridge_west,field,10.0,12.0,300.0,2.0,489.33,487.33,1.704,1.701,-0.171,6.663,0.098
aushkul,ridge_west,field,10.0,12.0,300.0,3.0,490.33,487.33,2.121,2.118,-0.193,7.348,0.100
aushkul,ridge_west,field,10.0,12.0,300.0,5.0,492.33,487.33,2.759,2.758,-0.215,8.317,0.084
aushkul,ridge_west,field,10.0,12.0,300.0,10.0,497.33,487.33,3.894,3.894,-0.255,9.852,0.053
aushkul,ridge_west,field,10.0,12.0,300.0,30.0,517.33,487.33,7.367,7.366,-0.379,12.981,0.090
aushkul,ridge_west,field,10.0,12.0,300.0,50.0,537.33,487.33,11.191,11.179,-0.457,14.850,0.528
aushkul,ridge_west,field,10.0,12.0,300.0,100.0,587.33,487.33,14.831,14.810,-0.352,18.060,0.803
aushkul,ridge_west,field,10.0,12.0,300.0,200.0,687.33,487.33,17.422,17.405,-0.240,22.560,0.758
aushkul,ridge_west,field,10.0,12.0,300.0,300.0,787.33,487.33,18.957,18.947,-0.202,26.223,0.628
ongudai,kayancha_south,field,0.0,12.0,-3000.0,1.0,1096.18,1095.18,0.266,0.234,0.000,0.000,-0.126
ongudai,kayancha_south,field,0.0,12.0,-3000.0,1.5,1096.68,1095.18,0.349,0.308,0.000,0.000,-0.165
ongudai,kayancha_south,field,0.0,12.0,-3000.0,2.0,1097.18,1095.18,0.401,0.354,0.000,0.000,-0.190
ongudai,kayancha_south,field,0.0,12.0,-3000.0,3.0,1098.18,1095.18,0.470,0.414,0.000,0.000,-0.222
ongudai,kayancha_south,field,0.0,12.0,-3000.0,5.0,1100.18,1095.18,0.551,0.486,0.000,0.000,-0.260
ongudai,kayancha_south,field,0.0,12.0,-3000.0,10.0,1105.18,1095.18,0.657,0.579,0.000,0.000,-0.310
ongudai,kayancha_south,field,0.0,12.0,-3000.0,30.0,1125.18,1095.18,0.812,0.714,0.000,0.000,-0.387
ongudai,kayancha_south,field,0.0,12.0,-3000.0,50.0,1145.18,1095.18,0.830,0.718,0.000,0.000,-0.415
ongudai,kayancha_south,field,0.0,12.0,-3000.0,100.0,1195.18,1095.18,0.868,0.729,0.000,0.000,-0.472
ongudai,kayancha_south,field,0.0,12.0,-3000.0,200.0,1295.18,1095.18,0.914,0.744,0.000,0.000,-0.531
ongudai,kayancha_south,field,0.0,12.0,-3000.0,300.0,1395.18,1095.18,0.937,0.744,0.000,0.000,-0.569
ongudai,kayancha_south,field,0.0,12.0,-1000.0,1.0,1492.33,1491.33,0.181,-0.081,0.000,0.000,-0.162
ongudai,kayancha_south,field,0.0,12.0,-1000.0,1.5,1492.83,1491.33,0.214,-0.096,0.000,0.000,-0.192
ongudai,kayancha_south,field,0.0,12.0,-1000.0,2.0,1493.33,1491.33,0.237,-0.106,0.000,0.000,-0.212
ongudai,kayancha_south,field,0.0,12.0,-1000.0,3.0,1494.33,1491.33,0.269,-0.120,0.000,0.000,-0.241
ongudai,kayancha_south,field,0.0,12.0,-1000.0,5.0,1496.33,1491.33,0.307,-0.108,0.000,0.000,-0.288
ongudai,kayancha_south,field,0.0,12.0,-1000.0,10.0,1501.33,1491.33,0.401,-0.067,0.000,0.000,-0.395
ongudai,kayancha_south,field,0.0,12.0,-1000.0,30.0,1521.33,1491.33,0.769,0.087,0.000,0.000,-0.764
ongudai,kayancha_south,field,0.0,12.0,-1000.0,50.0,1541.33,1491.33,0.857,0.111,0.000,0.000,-0.850
ongudai,kayancha_south,field,0.0,12.0,-1000.0,100.0,1591.33,1491.33,0.958,0.140,0.000,0.000,-0.948
ongudai,kayancha_south,field,0.0,12.0,-1000.0,200.0,1691.33,1491.33,1.048,0.170,0.000,0.000,-1.034
ongudai,kayancha_south,field,0.0,12.0,-1000.0,300.0,1791.33,1491.33,1.069,0.182,0.000,0.000,-1.053
ongudai,kayancha_south,field,0.0,12.0,-300.0,1.0,1739.55,1738.55,0.392,-0.014,0.000,0.000,-0.392
ongudai,kayancha_south,field,0.0,12.0,-300.0,1.5,1740.05,1738.55,0.438,-0.016,0.000,0.000,-0.437
ongudai,kayancha_south,field,0.0,12.0,-300.0,2.0,1740.55,1738.55,0.472,-0.017,0.000,0.000,-0.472
ongudai,kayancha_south,field,0.0,12.0,-300.0,3.0,1741.55,1738.55,0.524,-0.019,0.000,0.000,-0.524
ongudai,kayancha_south,field,0.0,12.0,-300.0,5.0,1743.55,1738.55,0.570,-0.012,0.000,0.000,-0.570
ongudai,kayancha_south,field,0.0,12.0,-300.0,10.0,1748.55,1738.55,0.640,0.006,0.000,0.000,-0.640
ongudai,kayancha_south,field,0.0,12.0,-300.0,30.0,1768.55,1738.55,0.813,0.157,0.000,0.000,-0.798
ongudai,kayancha_south,field,0.0,12.0,-300.0,50.0,1788.55,1738.55,0.862,0.166,0.000,0.000,-0.845
ongudai,kayancha_south,field,0.0,12.0,-300.0,100.0,1838.55,1738.55,0.896,0.132,0.000,0.000,-0.887
ongudai,kayancha_south,field,0.0,12.0,-300.0,200.0,1938.55,1738.55,0.896,0.089,0.000,0.000,-0.892
ongudai,kayancha_south,field,0.0,12.0,-300.0,300.0,2038.55,1738.55,0.861,0.076,0.000,0.000,-0.857
ongudai,kayancha_south,field,0.0,12.0,-150.0,1.0,1809.93,1808.93,0.409,-0.028,0.000,0.000,-0.408
ongudai,kayancha_south,field,0.0,12.0,-150.0,1.5,1810.43,1808.93,0.442,-0.030,0.000,0.000,-0.441
ongudai,kayancha_south,field,0.0,12.0,-150.0,2.0,1810.93,1808.93,0.469,-0.032,0.000,0.000,-0.468
ongudai,kayancha_south,field,0.0,12.0,-150.0,3.0,1811.93,1808.93,0.510,-0.035,0.000,0.000,-0.509
ongudai,kayancha_south,field,0.0,12.0,-150.0,5.0,1813.93,1808.93,0.562,-0.037,0.000,0.000,-0.560
ongudai,kayancha_south,field,0.0,12.0,-150.0,10.0,1818.93,1808.93,0.621,-0.020,0.000,0.000,-0.620
ongudai,kayancha_south,field,0.0,12.0,-150.0,30.0,1838.93,1808.93,0.833,0.036,0.000,0.000,-0.832
ongudai,kayancha_south,field,0.0,12.0,-150.0,50.0,1858.93,1808.93,0.856,0.018,0.000,0.000,-0.856
ongudai,kayancha_south,field,0.0,12.0,-150.0,100.0,1908.93,1808.93,0.856,-0.000,0.000,0.000,-0.856
ongudai,kayancha_south,field,0.0,12.0,-150.0,200.0,2008.93,1808.93,0.809,-0.003,0.000,0.000,-0.809
ongudai,kayancha_south,field,0.0,12.0,-150.0,300.0,2108.93,1808.93,0.748,0.013,0.000,0.000,-0.748
ongudai,kayancha_south,field,0.0,12.0,-50.0,1.0,1849.54,1848.54,0.327,-0.069,0.000,0.000,-0.320
ongudai,kayancha_south,field,0.0,12.0,-50.0,1.5,1850.04,1848.54,0.372,-0.079,0.000,0.000,-0.364
ongudai,kayancha_south,field,0.0,12.0,-50.0,2.0,1850.54,1848.54,0.406,-0.087,0.000,0.000,-0.396
ongudai,kayancha_south,field,0.0,12.0,-50.0,3.0,1851.54,1848.54,0.455,-0.098,0.000,0.000,-0.444
ongudai,kayancha_south,field,0.0,12.0,-50.0,5.0,1853.54,1848.54,0.524,-0.119,0.000,0.000,-0.511
ongudai,kayancha_south,field,0.0,12.0,-50.0,10.0,1858.54,1848.54,0.645,-0.157,0.000,0.000,-0.625
ongudai,kayancha_south,field,0.0,12.0,-50.0,30.0,1878.54,1848.54,0.796,-0.133,0.000,0.000,-0.785
ongudai,kayancha_south,field,0.0,12.0,-50.0,50.0,1898.54,1848.54,0.807,-0.106,0.000,0.000,-0.800
ongudai,kayancha_south,field,0.0,12.0,-50.0,100.0,1948.54,1848.54,0.787,-0.089,0.000,0.000,-0.782
ongudai,kayancha_south,field,0.0,12.0,-50.0,200.0,2048.54,1848.54,0.726,-0.057,0.000,0.000,-0.724
ongudai,kayancha_south,field,0.0,12.0,-50.0,300.0,2148.54,1848.54,0.658,-0.021,0.000,0.000,-0.657
ongudai,kayancha_south,field,0.0,12.0,-30.0,1.0,1858.21,1857.21,0.504,-0.173,0.000,0.000,-0.473
ongudai,kayancha_south,field,0.0,12.0,-30.0,1.5,1858.71,1857.21,0.555,-0.191,0.000,0.000,-0.521
ongudai,kayancha_south,field,0.0,12.0,-30.0,2.0,1859.21,1857.21,0.595,-0.204,0.000,0.000,-0.559
ongudai,kayancha_south,field,0.0,12.0,-30.0,3.0,1860.21,1857.21,0.644,-0.220,0.000,0.000,-0.605
ongudai,kayancha_south,field,0.0,12.0,-30.0,5.0,1862.21,1857.21,0.704,-0.238,0.000,0.000,-0.663
ongudai,kayancha_south,field,0.0,12.0,-30.0,10.0,1867.21,1857.21,0.772,-0.249,0.000,0.000,-0.730
ongudai,kayancha_south,field,0.0,12.0,-30.0,30.0,1887.21,1857.21,0.800,-0.145,0.000,0.000,-0.787
ongudai,kayancha_south,field,0.0,12.0,-30.0,50.0,1907.21,1857.21,0.797,-0.125,0.000,0.000,-0.787
ongudai,kayancha_south,field,0.0,12.0,-30.0,100.0,1957.21,1857.21,0.771,-0.103,0.000,0.000,-0.764
ongudai,kayancha_south,field,0.0,12.0,-30.0,200.0,2057.21,1857.21,0.707,-0.066,0.000,0.000,-0.704
ongudai,kayancha_south,field,0.0,12.0,-30.0,300.0,2157.21,1857.21,0.638,-0.026,0.000,0.000,-0.637
ongudai,kayancha_south,field,0.0,12.0,-20.0,1.0,1862.10,1861.10,0.487,-0.166,0.000,0.000,-0.458
ongudai,kayancha_south,field,0.0,12.0,-20.0,1.5,1862.60,1861.10,0.545,-0.185,0.000,0.000,-0.513
ongudai,kayancha_south,field,0.0,12.0,-20.0,2.0,1863.10,1861.10,0.589,-0.200,0.000,0.000,-0.554
ongudai,kayancha_south,field,0.0,12.0,-20.0,3.0,1864.10,1861.10,0.637,-0.215,0.000,0.000,-0.600
ongudai,kayancha_south,field,0.0,12.0,-20.0,5.0,1866.10,1861.10,0.695,-0.231,0.000,0.000,-0.656
ongudai,kayancha_south,field,0.0,12.0,-20.0,10.0,1871.10,1861.10,0.757,-0.236,0.000,0.000,-0.720
ongudai,kayancha_south,field,0.0,12.0,-20.0,30.0,1891.10,1861.10,0.794,-0.148,0.000,0.000,-0.780
ongudai,kayancha_south,field,0.0,12.0,-20.0,50.0,1911.10,1861.10,0.788,-0.134,0.000,0.000,-0.777
ongudai,kayancha_south,field,0.0,12.0,-20.0,100.0,1961.10,1861.10,0.762,-0.111,0.000,0.000,-0.754
ongudai,kayancha_south,field,0.0,12.0,-20.0,200.0,2061.10,1861.10,0.698,-0.070,0.000,0.000,-0.694
ongudai,kayancha_south,field,0.0,12.0,-20.0,300.0,2161.10,1861.10,0.628,-0.028,0.000,0.000,-0.627
ongudai,kayancha_south,field,0.0,12.0,-10.0,1.0,1865.94,1864.94,0.447,-0.147,0.000,0.000,-0.422
ongudai,kayancha_south,field,0.0,12.0,-10.0,1.5,1866.44,1864.94,0.515,-0.169,0.000,0.000,-0.486
ongudai,kayancha_south,field,0.0,12.0,-10.0,2.0,1866.94,1864.94,0.563,-0.185,0.000,0.000,-0.532
ongudai,kayancha_south,field,0.0,12.0,-10.0,3.0,1867.94,1864.94,0.616,-0.201,0.000,0.000,-0.582
ongudai,kayancha_south,field,0.0,12.0,-10.0,5.0,1869.94,1864.94,0.675,-0.216,0.000,0.000,-0.640
ongudai,kayancha_south,field,0.0,12.0,-10.0,10.0,1874.94,1864.94,0.740,-0.221,0.000,0.000,-0.707
ongudai,kayancha_south,field,0.0,12.0,-10.0,30.0,1894.94,1864.94,0.786,-0.156,0.000,0.000,-0.770
ongudai,kayancha_south,field,0.0,12.0,-10.0,50.0,1914.94,1864.94,0.780,-0.144,0.000,0.000,-0.766
ongudai,kayancha_south,field,0.0,12.0,-10.0,100.0,1964.94,1864.94,0.753,-0.118,0.000,0.000,-0.743
ongudai,kayancha_south,field,0.0,12.0,-10.0,200.0,2064.94,1864.94,0.688,-0.074,0.000,0.000,-0.684
ongudai,kayancha_south,field,0.0,12.0,-10.0,300.0,2164.94,1864.94,0.618,-0.031,0.000,0.000,-0.617
ongudai,kayancha_south,field,0.0,12.0,0.0,1.0,1869.76,1868.76,0.512,-0.163,0.000,0.000,-0.485
ongudai,kayancha_south,field,0.0,12.0,0.0,1.5,1870.26,1868.76,0.557,-0.177,0.000,0.000,-0.528
ongudai,kayancha_south,field,0.0,12.0,0.0,2.0,1870.76,1868.76,0.582,-0.183,0.000,0.000,-0.552
ongudai,kayancha_south,field,0.0,12.0,0.0,3.0,1871.76,1868.76,0.619,-0.193,0.000,0.000,-0.589
ongudai,kayancha_south,field,0.0,12.0,0.0,5.0,1873.76,1868.76,0.671,-0.205,0.000,0.000,-0.639
ongudai,kayancha_south,field,0.0,12.0,0.0,10.0,1878.76,1868.76,0.733,-0.209,0.000,0.000,-0.703
ongudai,kayancha_south,field,0.0,12.0,0.0,30.0,1898.76,1868.76,0.777,-0.166,0.000,0.000,-0.759
ongudai,kayancha_south,field,0.0,12.0,0.0,50.0,1918.76,1868.76,0.771,-0.153,0.000,0.000,-0.756
ongudai,kayancha_south,field,0.0,12.0,0.0,100.0,1968.76,1868.76,0.744,-0.125,0.000,0.000,-0.733
ongudai,kayancha_south,field,0.0,12.0,0.0,200.0,2068.76,1868.76,0.678,-0.078,0.000,0.000,-0.674
ongudai,kayancha_south,field,0.0,12.0,0.0,300.0,2168.76,1868.76,0.607,-0.033,0.000,0.000,-0.607
ongudai,kayancha_south,field,0.0,12.0,100.0,1.0,1875.42,1874.42,0.372,-0.156,0.000,0.000,-0.337
ongudai,kayancha_south,field,0.0,12.0,100.0,1.5,1875.92,1874.42,0.422,-0.177,0.000,0.000,-0.383
ongudai,kayancha_south,field,0.0,12.0,100.0,2.0,1876.42,1874.42,0.459,-0.193,0.000,0.000,-0.417
ongudai,kayancha_south,field,0.0,12.0,100.0,3.0,1877.42,1874.42,0.514,-0.216,0.000,0.000,-0.466
ongudai,kayancha_south,field,0.0,12.0,100.0,5.0,1879.42,1874.42,0.585,-0.246,0.000,0.000,-0.531
ongudai,kayancha_south,field,0.0,12.0,100.0,10.0,1884.42,1874.42,0.684,-0.287,0.000,0.000,-0.620
ongudai,kayancha_south,field,0.0,12.0,100.0,30.0,1904.42,1874.42,0.719,-0.283,0.000,0.000,-0.662
ongudai,kayancha_south,field,0.0,12.0,100.0,50.0,1924.42,1874.42,0.709,-0.257,0.000,0.000,-0.661
ongudai,kayancha_south,field,0.0,12.0,100.0,100.0,1974.42,1874.42,0.673,-0.204,0.000,0.000,-0.642
ongudai,kayancha_south,field,0.0,12.0,100.0,200.0,2074.42,1874.42,0.601,-0.129,0.000,0.000,-0.588
ongudai,kayancha_south,field,0.0,12.0,100.0,300.0,2174.42,1874.42,0.528,-0.067,0.000,0.000,-0.524
ongudai,kayancha_south,field,0.0,12.0,300.0,1.0,1846.10,1845.10,0.263,-0.169,0.000,0.000,-0.201
ongudai,kayancha_south,field,0.0,12.0,300.0,1.5,1846.60,1845.10,0.309,-0.199,0.000,0.000,-0.237
ongudai,kayancha_south,field,0.0,12.0,300.0,2.0,1847.10,1845.10,0.343,-0.220,0.000,0.000,-0.263
ongudai,kayancha_south,field,0.0,12.0,300.0,3.0,1848.10,1845.10,0.389,-0.250,0.000,0.000,-0.299
ongudai,kayancha_south,field,0.0,12.0,300.0,5.0,1850.10,1845.10,0.448,-0.287,0.000,0.000,-0.344
ongudai,kayancha_south,field,0.0,12.0,300.0,10.0,1855.10,1845.10,0.523,-0.336,0.000,0.000,-0.401
ongudai,kayancha_south,field,0.0,12.0,300.0,30.0,1875.10,1845.10,0.585,-0.378,0.000,0.000,-0.446
ongudai,kayancha_south,field,0.0,12.0,300.0,50.0,1895.10,1845.10,0.586,-0.372,0.000,0.000,-0.454
ongudai,kayancha_south,field,0.0,12.0,300.0,100.0,1945.10,1845.10,0.563,-0.327,0.000,0.000,-0.458
ongudai,kayancha_south,field,0.0,12.0,300.0,200.0,2045.10,1845.10,0.490,-0.233,0.000,0.000,-0.431
ongudai,kayancha_south,field,0.0,12.0,300.0,300.0,2145.10,1845.10,0.410,-0.151,0.000,0.000,-0.381
ongudai,kayancha_south,field,3.0,12.0,-3000.0,1.0,1096.18,1095.18,0.698,0.693,0.022,1.244,-0.079
ongudai,kayancha_south,field,3.0,12.0,-3000.0,1.5,1096.68,1095.18,0.915,0.909,0.028,1.302,-0.103
ongudai,kayancha_south,field,3.0,12.0,-3000.0,2.0,1097.18,1095.18,1.052,1.046,0.033,1.345,-0.118
ongudai,kayancha_south,field,3.0,12.0,-3000.0,3.0,1098.18,1095.18,1.232,1.225,0.038,1.409,-0.138
ongudai,kayancha_south,field,3.0,12.0,-3000.0,5.0,1100.18,1095.18,1.446,1.437,0.045,1.496,-0.162
ongudai,kayancha_south,field,3.0,12.0,-3000.0,10.0,1105.18,1095.18,1.723,1.713,0.053,1.626,-0.192
ongudai,kayancha_south,field,3.0,12.0,-3000.0,30.0,1125.18,1095.18,2.135,2.122,0.067,1.879,-0.233
ongudai,kayancha_south,field,3.0,12.0,-3000.0,50.0,1145.18,1095.18,2.339,2.339,0.083,2.033,0.011
ongudai,kayancha_south,field,3.0,12.0,-3000.0,100.0,1195.18,1095.18,2.772,2.744,0.092,2.313,0.388
ongudai,kayancha_south,field,3.0,12.0,-3000.0,200.0,1295.18,1095.18,3.123,3.089,0.041,2.752,0.455
ongudai,kayancha_south,field,3.0,12.0,-3000.0,300.0,1395.18,1095.18,3.353,3.314,0.020,3.016,0.513
ongudai,kayancha_south,field,3.0,12.0,-1000.0,1.0,1492.33,1491.33,0.085,-0.043,0.010,1.794,-0.074
ongudai,kayancha_south,field,3.0,12.0,-1000.0,1.5,1492.83,1491.33,0.100,-0.051,0.012,1.879,-0.087
ongudai,kayancha_south,field,3.0,12.0,-1000.0,2.0,1493.33,1491.33,0.111,-0.056,0.013,1.941,-0.096
ongudai,kayancha_south,field,3.0,12.0,-1000.0,3.0,1494.33,1491.33,0.125,-0.063,0.015,2.033,-0.109
ongudai,kayancha_south,field,3.0,12.0,-1000.0,5.0,1496.33,1491.33,0.126,-0.039,0.015,2.156,-0.119
ongudai,kayancha_south,field,3.0,12.0,-1000.0,10.0,1501.33,1491.33,0.145,0.032,0.015,2.339,-0.142
ongudai,kayancha_south,field,3.0,12.0,-1000.0,30.0,1521.33,1491.33,0.419,0.370,0.004,2.686,-0.196
ongudai,kayancha_south,field,3.0,12.0,-1000.0,50.0,1541.33,1491.33,0.737,0.728,-0.027,2.887,-0.114
ongudai,kayancha_south,field,3.0,12.0,-1000.0,100.0,1591.33,1491.33,1.662,1.655,-0.078,3.236,0.147
ongudai,kayancha_south,field,3.0,12.0,-1000.0,200.0,1691.33,1491.33,2.963,2.918,0.064,3.749,0.512
ongudai,kayancha_south,field,3.0,12.0,-1000.0,300.0,1791.33,1491.33,3.564,3.505,0.179,4.018,0.648
ongudai,kayancha_south,field,3.0,12.0,-300.0,1.0,1739.55,1738.55,0.982,0.942,0.184,2.138,0.276
ongudai,kayancha_south,field,3.0,12.0,-300.0,1.5,1740.05,1738.55,1.095,1.051,0.205,2.238,0.307
ongudai,kayancha_south,field,3.0,12.0,-300.0,2.0,1740.55,1738.55,1.182,1.134,0.221,2.312,0.331
ongudai,kayancha_south,field,3.0,12.0,-300.0,3.0,1741.55,1738.55,1.310,1.258,0.246,2.421,0.367
ongudai,kayancha_south,field,3.0,12.0,-300.0,5.0,1743.55,1738.55,1.437,1.388,0.273,2.567,0.370
ongudai,kayancha_south,field,3.0,12.0,-300.0,10.0,1748.55,1738.55,1.653,1.616,0.325,2.784,0.351
ongudai,kayancha_south,field,3.0,12.0,-300.0,30.0,1768.55,1738.55,2.504,2.503,0.549,3.189,0.057
ongudai,kayancha_south,field,3.0,12.0,-300.0,50.0,1788.55,1738.55,2.847,2.846,0.612,3.420,0.057
ongudai,kayancha_south,field,3.0,12.0,-300.0,100.0,1838.55,1738.55,3.322,3.316,0.637,3.812,0.183
ongudai,kayancha_south,field,3.0,12.0,-300.0,200.0,1938.55,1738.55,3.885,3.867,0.564,4.372,0.376
ongudai,kayancha_south,field,3.0,12.0,-300.0,300.0,2038.55,1738.55,4.205,4.176,0.466,4.643,0.492
ongudai,kayancha_south,field,3.0,12.0,-150.0,1.0,1809.93,1808.93,1.131,1.093,0.294,2.236,0.291
ongudai,kayancha_south,field,3.0,12.0,-150.0,1.5,1810.43,1808.93,1.223,1.182,0.318,2.341,0.315
ongudai,kayancha_south,field,3.0,12.0,-150.0,2.0,1810.93,1808.93,1.298,1.254,0.337,2.418,0.334
ongudai,kayancha_south,field,3.0,12.0,-150.0,3.0,1811.93,1808.93,1.412,1.364,0.366,2.532,0.362
ongudai,kayancha_south,field,3.0,12.0,-150.0,5.0,1813.93,1808.93,1.564,1.517,0.407,2.685,0.383
ongudai,kayancha_south,field,3.0,12.0,-150.0,10.0,1818.93,1808.93,1.850,1.819,0.497,2.910,0.333
ongudai,kayancha_south,field,3.0,12.0,-150.0,30.0,1838.93,1808.93,2.937,2.932,0.816,3.332,0.169
ongudai,kayancha_south,field,3.0,12.0,-150.0,50.0,1858.93,1808.93,3.323,3.314,0.829,3.571,0.240
ongudai,kayancha_south,field,3.0,12.0,-150.0,100.0,1908.93,1808.93,3.869,3.853,0.738,3.976,0.349
ongudai,kayancha_south,field,3.0,12.0,-150.0,200.0,2008.93,1808.93,4.280,4.256,0.518,4.549,0.450
ongudai,kayancha_south,field,3.0,12.0,-150.0,300.0,2108.93,1808.93,4.456,4.426,0.390,4.821,0.519
ongudai,kayancha_south,field,3.0,12.0,-50.0,1.0,1849.54,1848.54,1.041,0.991,0.306,2.291,0.320
ongudai,kayancha_south,field,3.0,12.0,-50.0,1.5,1850.04,1848.54,1.183,1.125,0.346,2.398,0.365
ongudai,kayancha_south,field,3.0,12.0,-50.0,2.0,1850.54,1848.54,1.289,1.225,0.376,2.478,0.399
ongudai,kayancha_south,field,3.0,12.0,-50.0,3.0,1851.54,1848.54,1.443,1.371,0.420,2.594,0.448
ongudai,kayancha_south,field,3.0,12.0,-50.0,5.0,1853.54,1848.54,1.666,1.583,0.471,2.751,0.519
ongudai,kayancha_south,field,3.0,12.0,-50.0,10.0,1858.54,1848.54,2.078,1.977,0.556,2.982,0.642
ongudai,kayancha_south,field,3.0,12.0,-50.0,30.0,1878.54,1848.54,3.507,3.478,0.813,3.413,0.444
ongudai,kayancha_south,field,3.0,12.0,-50.0,50.0,1898.54,1848.54,4.010,3.995,0.757,3.657,0.341
ongudai,kayancha_south,field,3.0,12.0,-50.0,100.0,1948.54,1848.54,4.296,4.278,0.555,4.068,0.391
ongudai,kayancha_south,field,3.0,12.0,-50.0,200.0,2048.54,1848.54,4.473,4.449,0.382,4.649,0.463
ongudai,kayancha_south,field,3.0,12.0,-50.0,300.0,2148.54,1848.54,4.566,4.535,0.301,4.921,0.524
ongudai,kayancha_south,field,3.0,12.0,-30.0,1.0,1858.21,1857.21,1.454,1.313,0.284,2.303,0.625
ongudai,kayancha_south,field,3.0,12.0,-30.0,1.5,1858.71,1857.21,1.602,1.447,0.313,2.411,0.689
ongudai,kayancha_south,field,3.0,12.0,-30.0,2.0,1859.21,1857.21,1.718,1.551,0.335,2.491,0.739
ongudai,kayancha_south,field,3.0,12.0,-30.0,3.0,1860.21,1857.21,1.865,1.689,0.364,2.608,0.790
ongudai,kayancha_south,field,3.0,12.0,-30.0,5.0,1862.21,1857.21,2.059,1.878,0.403,2.765,0.844
ongudai,kayancha_south,field,3.0,12.0,-30.0,10.0,1867.21,1857.21,2.387,2.231,0.470,2.997,0.850
ongudai,kayancha_south,field,3.0,12.0,-30.0,30.0,1887.21,1857.21,3.822,3.810,0.739,3.430,0.307
ongudai,kayancha_south,field,3.0,12.0,-30.0,50.0,1907.21,1857.21,4.128,4.116,0.655,3.675,0.310
ongudai,kayancha_south,field,3.0,12.0,-30.0,100.0,1957.21,1857.21,4.351,4.335,0.490,4.089,0.383
ongudai,kayancha_south,field,3.0,12.0,-30.0,200.0,2057.21,1857.21,4.499,4.475,0.350,4.670,0.463
ongudai,kayancha_south,field,3.0,12.0,-30.0,300.0,2157.21,1857.21,4.582,4.552,0.282,4.943,0.525
ongudai,kayancha_south,field,3.0,12.0,-20.0,1.0,1862.10,1861.10,1.525,1.410,0.246,2.309,0.581
ongudai,kayancha_south,field,3.0,12.0,-20.0,1.5,1862.60,1861.10,1.708,1.579,0.274,2.417,0.650
ongudai,kayancha_south,field,3.0,12.0,-20.0,2.0,1863.10,1861.10,1.847,1.708,0.296,2.497,0.702
ongudai,kayancha_south,field,3.0,12.0,-20.0,3.0,1864.10,1861.10,2.015,1.872,0.322,2.614,0.745
ongudai,kayancha_south,field,3.0,12.0,-20.0,5.0,1866.10,1861.10,2.234,2.092,0.356,2.771,0.783
ongudai,kayancha_south,field,3.0,12.0,-20.0,10.0,1871.10,1861.10,2.608,2.495,0.417,3.004,0.759
ongudai,kayancha_south,field,3.0,12.0,-20.0,30.0,1891.10,1861.10,3.958,3.948,0.653,3.438,0.281
ongudai,kayancha_south,field,3.0,12.0,-20.0,50.0,1911.10,1861.10,4.168,4.156,0.572,3.684,0.318
ongudai,kayancha_south,field,3.0,12.0,-20.0,100.0,1961.10,1861.10,4.370,4.353,0.450,4.098,0.383
ongudai,kayancha_south,field,3.0,12.0,-20.0,200.0,2061.10,1861.10,4.509,4.485,0.334,4.680,0.464
ongudai,kayancha_south,field,3.0,12.0,-20.0,300.0,2161.10,1861.10,4.589,4.559,0.273,4.952,0.525
ongudai,kayancha_south,field,3.0,12.0,-10.0,1.0,1865.94,1864.94,1.538,1.458,0.199,2.314,0.491
ongudai,kayancha_south,field,3.0,12.0,-10.0,1.5,1866.44,1864.94,1.774,1.682,0.228,2.422,0.563
ongudai,kayancha_south,field,3.0,12.0,-10.0,2.0,1866.94,1864.94,1.944,1.844,0.249,2.502,0.616
ongudai,kayancha_south,field,3.0,12.0,-10.0,3.0,1867.94,1864.94,2.152,2.049,0.273,2.620,0.656
ongudai,kayancha_south,field,3.0,12.0,-10.0,5.0,1869.94,1864.94,2.412,2.313,0.302,2.778,0.682
ongudai,kayancha_south,field,3.0,12.0,-10.0,10.0,1874.94,1864.94,2.843,2.768,0.356,3.011,0.648
ongudai,kayancha_south,field,3.0,12.0,-10.0,30.0,1894.94,1864.94,4.019,4.009,0.546,3.446,0.282
ongudai,kayancha_south,field,3.0,12.0,-10.0,50.0,1914.94,1864.94,4.199,4.187,0.492,3.692,0.322
ongudai,kayancha_south,field,3.0,12.0,-10.0,100.0,1964.94,1864.94,4.385,4.368,0.413,4.107,0.382
ongudai,kayancha_south,field,3.0,12.0,-10.0,200.0,2064.94,1864.94,4.518,4.494,0.318,4.690,0.464
ongudai,kayancha_south,field,3.0,12.0,-10.0,300.0,2164.94,1864.94,4.596,4.566,0.263,4.962,0.526
ongudai,kayancha_south,field,3.0,12.0,0.0,1.0,1869.76,1868.76,1.948,1.885,0.193,2.319,0.491
ongudai,kayancha_south,field,3.0,12.0,0.0,1.5,1870.26,1868.76,2.122,2.054,0.209,2.428,0.534
ongudai,kayancha_south,field,3.0,12.0,0.0,2.0,1870.76,1868.76,2.238,2.171,0.218,2.508,0.545
ongudai,kayancha_south,field,3.0,12.0,0.0,3.0,1871.76,1868.76,2.419,2.353,0.232,2.626,0.558
ongudai,kayancha_south,field,3.0,12.0,0.0,5.0,1873.76,1868.76,2.680,2.618,0.253,2.784,0.570
ongudai,kayancha_south,field,3.0,12.0,0.0,10.0,1878.76,1868.76,3.134,3.090,0.296,3.018,0.524
ongudai,kayancha_south,field,3.0,12.0,0.0,30.0,1898.76,1868.76,4.056,4.046,0.440,3.454,0.287
ongudai,kayancha_south,field,3.0,12.0,0.0,50.0,1918.76,1868.76,4.224,4.212,0.421,3.700,0.322
ongudai,kayancha_south,field,3.0,12.0,0.0,100.0,1968.76,1868.76,4.397,4.381,0.378,4.116,0.380
ongudai,kayancha_south,field,3.0,12.0,0.0,200.0,2068.76,1868.76,4.526,4.502,0.302,4.700,0.464
ongudai,kayancha_south,field,3.0,12.0,0.0,300.0,2168.76,1868.76,4.602,4.572,0.254,4.972,0.526
ongudai,kayancha_south,field,3.0,12.0,100.0,1.0,1875.42,1874.42,1.851,1.848,0.014,2.327,0.090
ongudai,kayancha_south,field,3.0,12.0,100.0,1.5,1875.92,1874.42,2.101,2.098,0.015,2.436,0.102
ongudai,kayancha_south,field,3.0,12.0,100.0,2.0,1876.42,1874.42,2.287,2.285,0.017,2.517,0.112
ongudai,kayancha_south,field,3.0,12.0,100.0,3.0,1877.42,1874.42,2.559,2.556,0.019,2.635,0.125
ongudai,kayancha_south,field,3.0,12.0,100.0,5.0,1879.42,1874.42,2.913,2.909,0.021,2.794,0.142
ongudai,kayancha_south,field,3.0,12.0,100.0,10.0,1884.42,1874.42,3.405,3.401,0.025,3.028,0.166
ongudai,kayancha_south,field,3.0,12.0,100.0,30.0,1904.42,1874.42,3.866,3.861,0.058,3.465,0.210
ongudai,kayancha_south,field,3.0,12.0,100.0,50.0,1924.42,1874.42,4.096,4.088,0.090,3.713,0.250
ongudai,kayancha_south,field,3.0,12.0,100.0,100.0,1974.42,1874.42,4.369,4.356,0.142,4.129,0.334
ongudai,kayancha_south,field,3.0,12.0,100.0,200.0,2074.42,1874.42,4.550,4.528,0.174,4.714,0.445
ongudai,kayancha_south,field,3.0,12.0,100.0,300.0,2174.42,1874.42,4.629,4.601,0.173,4.986,0.515
ongudai,kayancha_south,field,3.0,12.0,300.0,1.0,1846.10,1845.10,0.914,0.913,-0.054,2.287,-0.052
ongudai,kayancha_south,field,3.0,12.0,300.0,1.5,1846.60,1845.10,1.074,1.072,-0.063,2.393,-0.061
ongudai,kayancha_south,field,3.0,12.0,300.0,2.0,1847.10,1845.10,1.187,1.185,-0.070,2.473,-0.067
ongudai,kayancha_south,field,3.0,12.0,300.0,3.0,1848.10,1845.10,1.348,1.346,-0.080,2.589,-0.076
ongudai,kayancha_south,field,3.0,12.0,300.0,5.0,1850.10,1845.10,1.550,1.548,-0.092,2.745,-0.087
ongudai,kayancha_south,field,3.0,12.0,300.0,10.0,1855.10,1845.10,1.855,1.852,-0.108,2.975,-0.106
ongudai,kayancha_south,field,3.0,12.0,300.0,30.0,1875.10,1845.10,2.879,2.879,-0.171,3.406,-0.027
ongudai,kayancha_south,field,3.0,12.0,300.0,50.0,1895.10,1845.10,3.628,3.627,-0.208,3.649,0.104
ongudai,kayancha_south,field,3.0,12.0,300.0,100.0,1945.10,1845.10,4.125,4.117,-0.151,4.060,0.261
ongudai,kayancha_south,field,3.0,12.0,300.0,200.0,2045.10,1845.10,4.444,4.426,-0.051,4.640,0.405
ongudai,kayancha_south,field,3.0,12.0,300.0,300.0,2145.10,1845.10,4.584,4.558,0.012,4.912,0.489
ongudai,kayancha_south,field,6.0,12.0,-3000.0,1.0,1096.18,1095.18,1.054,1.049,0.060,1.852,-0.094
ongudai,kayancha_south,field,6.0,12.0,-3000.0,1.5,1096.68,1095.18,1.382,1.377,0.078,2.043,-0.122
ongudai,kayancha_south,field,6.0,12.0,-3000.0,2.0,1097.18,1095.18,1.590,1.583,0.090,2.190,-0.140
ongudai,kayancha_south,field,6.0,12.0,-3000.0,3.0,1098.18,1095.18,1.862,1.855,0.105,2.416,-0.163
ongudai,kayancha_south,field,6.0,12.0,-3000.0,5.0,1100.18,1095.18,2.184,2.176,0.123,2.738,-0.190
ongudai,kayancha_south,field,6.0,12.0,-3000.0,10.0,1105.18,1095.18,2.603,2.593,0.146,3.251,-0.226
ongudai,kayancha_south,field,6.0,12.0,-3000.0,30.0,1125.18,1095.18,3.233,3.222,0.184,4.326,-0.272
ongudai,kayancha_south,field,6.0,12.0,-3000.0,50.0,1145.18,1095.18,3.638,3.636,0.231,4.996,0.121
ongudai,kayancha_south,field,6.0,12.0,-3000.0,100.0,1195.18,1095.18,4.527,4.469,0.259,6.213,0.723
ongudai,kayancha_south,field,6.0,12.0,-3000.0,200.0,1295.18,1095.18,5.477,5.413,0.131,8.076,0.836
ongudai,kayancha_south,field,6.0,12.0,-3000.0,300.0,1395.18,1095.18,6.215,6.139,0.077,9.716,0.970
ongudai,kayancha_south,field,6.0,12.0,-1000.0,1.0,1492.33,1491.33,0.389,-0.332,0.035,2.673,-0.202
ongudai,kayancha_south,field,6.0,12.0,-1000.0,1.5,1492.83,1491.33,0.424,-0.351,0.041,2.947,-0.238
ongudai,kayancha_south,field,6.0,12.0,-1000.0,2.0,1493.33,1491.33,0.449,-0.363,0.046,3.159,-0.263
ongudai,kayancha_south,field,6.0,12.0,-1000.0,3.0,1494.33,1491.33,0.482,-0.379,0.052,3.485,-0.298
ongudai,kayancha_south,field,6.0,12.0,-1000.0,5.0,1496.33,1491.33,0.481,-0.361,0.053,3.945,-0.318
ongudai,kayancha_south,field,6.0,12.0,-1000.0,10.0,1501.33,1491.33,0.464,-0.301,0.051,4.677,-0.353
ongudai,kayancha_south,field,6.0,12.0,-1000.0,30.0,1521.33,1491.33,0.408,0.038,0.017,6.182,-0.406
ongudai,kayancha_south,field,6.0,12.0,-1000.0,50.0,1541.33,1491.33,0.695,0.659,-0.087,7.094,-0.221
ongudai,kayancha_south,field,6.0,12.0,-1000.0,100.0,1591.33,1491.33,2.883,2.852,-0.254,8.691,0.425
ongudai,kayancha_south,field,6.0,12.0,-1000.0,200.0,1691.33,1491.33,6.314,6.173,0.113,11.003,1.329
ongudai,kayancha_south,field,6.0,12.0,-1000.0,300.0,1791.33,1491.33,7.814,7.659,0.408,12.942,1.547
ongudai,kayancha_south,field,6.0,12.0,-300.0,1.0,1739.55,1738.55,1.922,1.847,0.480,3.185,0.531
ongudai,kayancha_south,field,6.0,12.0,-300.0,1.5,1740.05,1738.55,2.144,2.060,0.535,3.512,0.591
ongudai,kayancha_south,field,6.0,12.0,-300.0,2.0,1740.55,1738.55,2.313,2.223,0.577,3.764,0.638
ongudai,kayancha_south,field,6.0,12.0,-300.0,3.0,1741.55,1738.55,2.566,2.466,0.640,4.151,0.707
ongudai,kayancha_south,field,6.0,12.0,-300.0,5.0,1743.55,1738.55,2.817,2.726,0.712,4.699,0.713
ongudai,kayancha_south,field,6.0,12.0,-300.0,10.0,1748.55,1738.55,3.254,3.184,0.848,5.567,0.673
ongudai,kayancha_south,field,6.0,12.0,-300.0,30.0,1768.55,1738.55,5.032,5.031,1.430,7.341,0.109
ongudai,kayancha_south,field,6.0,12.0,-300.0,50.0,1788.55,1738.55,5.840,5.838,1.594,8.404,0.134
ongudai,kayancha_south,field,6.0,12.0,-300.0,100.0,1838.55,1738.55,7.116,7.100,1.655,10.238,0.468
ongudai,kayancha_south,field,6.0,12.0,-300.0,200.0,1938.55,1738.55,8.773,8.721,1.448,12.830,0.953
ongudai,kayancha_south,field,6.0,12.0,-300.0,300.0,2038.55,1738.55,9.796,9.724,1.169,14.955,1.186
ongudai,kayancha_south,field,6.0,12.0,-150.0,1.0,1809.93,1808.93,2.331,2.247,0.777,3.331,0.621
ongudai,kayancha_south,field,6.0,12.0,-150.0,1.5,1810.43,1808.93,2.522,2.431,0.840,3.672,0.671
ongudai,kayancha_south,field,6.0,12.0,-150.0,2.0,1810.93,1808.93,2.675,2.578,0.892,3.936,0.712
ongudai,kayancha_south,field,6.0,12.0,-150.0,3.0,1811.93,1808.93,2.910,2.806,0.969,4.341,0.772
ongudai,kayancha_south,field,6.0,12.0,-150.0,5.0,1813.93,1808.93,3.228,3.122,1.078,4.913,0.818
ongudai,kayancha_south,field,6.0,12.0,-150.0,10.0,1818.93,1808.93,3.835,3.768,1.315,5.821,0.713
ongudai,kayancha_south,field,6.0,12.0,-150.0,30.0,1838.93,1808.93,6.165,6.154,2.157,7.670,0.367
ongudai,kayancha_south,field,6.0,12.0,-150.0,50.0,1858.93,1808.93,7.099,7.079,2.186,8.777,0.526
ongudai,kayancha_south,field,6.0,12.0,-150.0,100.0,1908.93,1808.93,8.545,8.507,1.936,10.678,0.805
ongudai,kayancha_south,field,6.0,12.0,-150.0,200.0,2008.93,1808.93,9.850,9.790,1.328,13.350,1.080
ongudai,kayancha_south,field,6.0,12.0,-150.0,300.0,2108.93,1808.93,10.541,10.471,0.973,15.528,1.213
ongudai,kayancha_south,field,6.0,12.0,-50.0,1.0,1849.54,1848.54,2.174,2.065,0.816,3.413,0.678
ongudai,kayancha_south,field,6.0,12.0,-50.0,1.5,1850.04,1848.54,2.470,2.346,0.923,3.763,0.774
ongudai,kayancha_south,field,6.0,12.0,-50.0,2.0,1850.54,1848.54,2.691,2.555,1.003,4.033,0.845
ongudai,kayancha_south,field,6.0,12.0,-50.0,3.0,1851.54,1848.54,3.013,2.859,1.119,4.448,0.949
ongudai,kayancha_south,field,6.0,12.0,-50.0,5.0,1853.54,1848.54,3.484,3.306,1.256,5.034,1.098
ongudai,kayancha_south,field,6.0,12.0,-50.0,10.0,1858.54,1848.54,4.355,4.139,1.482,5.963,1.355
ongudai,kayancha_south,field,6.0,12.0,-50.0,30.0,1878.54,1848.54,7.491,7.432,2.163,7.856,0.938
ongudai,kayancha_south,field,6.0,12.0,-50.0,50.0,1898.54,1848.54,8.712,8.681,2.006,8.987,0.736
ongudai,kayancha_south,field,6.0,12.0,-50.0,100.0,1948.54,1848.54,9.634,9.593,1.451,10.926,0.892
ongudai,kayancha_south,field,6.0,12.0,-50.0,200.0,2048.54,1848.54,10.405,10.347,0.966,13.642,1.094
ongudai,kayancha_south,field,6.0,12.0,-50.0,300.0,2148.54,1848.54,10.899,10.832,0.739,15.851,1.209
ongudai,kayancha_south,field,6.0,12.0,-30.0,1.0,1858.21,1857.21,3.053,2.757,0.753,3.431,1.313
ongudai,kayancha_south,field,6.0,12.0,-30.0,1.5,1858.71,1857.21,3.365,3.038,0.830,3.783,1.447
ongudai,kayancha_south,field,6.0,12.0,-30.0,2.0,1859.21,1857.21,3.607,3.256,0.889,4.054,1.552
ongudai,kayancha_south,field,6.0,12.0,-30.0,3.0,1860.21,1857.21,3.916,3.548,0.967,4.471,1.659
ongudai,kayancha_south,field,6.0,12.0,-30.0,5.0,1862.21,1857.21,4.326,3.947,1.070,5.061,1.772
ongudai,kayancha_south,field,6.0,12.0,-30.0,10.0,1867.21,1857.21,5.033,4.706,1.248,5.994,1.784
ongudai,kayancha_south,field,6.0,12.0,-30.0,30.0,1887.21,1857.21,8.215,8.190,1.960,7.897,0.641
ongudai,kayancha_south,field,6.0,12.0,-30.0,50.0,1907.21,1857.21,9.019,8.994,1.732,9.033,0.669
ongudai,kayancha_south,field,6.0,12.0,-30.0,100.0,1957.21,1857.21,9.798,9.759,1.278,10.980,0.877
ongudai,kayancha_south,field,6.0,12.0,-30.0,200.0,2057.21,1857.21,10.492,10.436,0.882,13.706,1.091
ongudai,kayancha_south,field,6.0,12.0,-30.0,300.0,2157.21,1857.21,10.962,10.895,0.689,15.922,1.207
ongudai,kayancha_south,field,6.0,12.0,-20.0,1.0,1862.10,1861.10,3.214,2.974,0.652,3.439,1.218
ongudai,kayancha_south,field,6.0,12.0,-20.0,1.5,1862.60,1861.10,3.600,3.332,0.728,3.791,1.361
ongudai,kayancha_south,field,6.0,12.0,-20.0,2.0,1863.10,1861.10,3.892,3.604,0.786,4.064,1.470
ongudai,kayancha_south,field,6.0,12.0,-20.0,3.0,1864.10,1861.10,4.249,3.952,0.855,4.482,1.560
ongudai,kayancha_south,field,6.0,12.0,-20.0,5.0,1866.10,1861.10,4.714,4.420,0.945,5.072,1.640
ongudai,kayancha_south,field,6.0,12.0,-20.0,10.0,1871.10,1861.10,5.523,5.290,1.106,6.008,1.588
ongudai,kayancha_south,field,6.0,12.0,-20.0,30.0,1891.10,1861.10,8.525,8.505,1.730,7.915,0.583
ongudai,kayancha_south,field,6.0,12.0,-20.0,50.0,1911.10,1861.10,9.130,9.104,1.512,9.053,0.685
ongudai,kayancha_south,field,6.0,12.0,-20.0,100.0,1961.10,1861.10,9.858,9.819,1.171,11.004,0.877
ongudai,kayancha_south,field,6.0,12.0,-20.0,200.0,2061.10,1861.10,10.528,10.472,0.837,13.735,1.091
ongudai,kayancha_south,field,6.0,12.0,-20.0,300.0,2161.10,1861.10,10.989,10.923,0.663,15.953,1.207
ongudai,kayancha_south,field,6.0,12.0,-10.0,1.0,1865.94,1864.94,3.255,3.090,0.528,3.447,1.025
ongudai,kayancha_south,field,6.0,12.0,-10.0,1.5,1866.44,1864.94,3.753,3.564,0.605,3.800,1.176
ongudai,kayancha_south,field,6.0,12.0,-10.0,2.0,1866.94,1864.94,4.115,3.908,0.661,4.073,1.286
ongudai,kayancha_south,field,6.0,12.0,-10.0,3.0,1867.94,1864.94,4.556,4.345,0.725,4.492,1.369
ongudai,kayancha_south,field,6.0,12.0,-10.0,5.0,1869.94,1864.94,5.111,4.909,0.802,5.084,1.423
ongudai,kayancha_south,field,6.0,12.0,-10.0,10.0,1874.94,1864.94,6.044,5.892,0.943,6.022,1.349
ongudai,kayancha_south,field,6.0,12.0,-10.0,30.0,1894.94,1864.94,8.676,8.657,1.446,7.933,0.584
ongudai,kayancha_south,field,6.0,12.0,-10.0,50.0,1914.94,1864.94,9.221,9.195,1.299,9.073,0.695
ongudai,kayancha_south,field,6.0,12.0,-10.0,100.0,1964.94,1864.94,9.909,9.871,1.071,11.029,0.875
ongudai,kayancha_south,field,6.0,12.0,-10.0,200.0,2064.94,1864.94,10.562,10.505,0.795,13.763,1.091
ongudai,kayancha_south,field,6.0,12.0,-10.0,300.0,2164.94,1864.94,11.015,10.949,0.638,15.984,1.207
ongudai,kayancha_south,field,6.0,12.0,0.0,1.0,1869.76,1868.76,4.137,4.008,0.511,3.455,1.022
ongudai,kayancha_south,field,6.0,12.0,0.0,1.5,1870.26,1868.76,4.508,4.369,0.555,3.809,1.110
ongudai,kayancha_south,field,6.0,12.0,0.0,2.0,1870.76,1868.76,4.755,4.618,0.578,4.082,1.133
ongudai,kayancha_south,field,6.0,12.0,0.0,3.0,1871.76,1868.76,5.142,5.010,0.615,4.502,1.159
ongudai,kayancha_south,field,6.0,12.0,0.0,5.0,1873.76,1868.76,5.702,5.578,0.672,5.096,1.182
ongudai,kayancha_south,field,6.0,12.0,0.0,10.0,1878.76,1868.76,6.686,6.598,0.786,6.036,1.084
ongudai,kayancha_south,field,6.0,12.0,0.0,30.0,1898.76,1868.76,8.782,8.762,1.164,7.951,0.595
ongudai,kayancha_south,field,6.0,12.0,0.0,50.0,1918.76,1868.76,9.299,9.273,1.109,9.094,0.696
ongudai,kayancha_south,field,6.0,12.0,0.0,100.0,1968.76,1868.76,9.955,9.916,0.978,11.052,0.871
ongudai,kayancha_south,field,6.0,12.0,0.0,200.0,2068.76,1868.76,10.594,10.538,0.754,13.792,1.091
ongudai,kayancha_south,field,6.0,12.0,0.0,300.0,2168.76,1868.76,11.040,10.974,0.614,16.016,1.206
ongudai,kayancha_south,field,6.0,12.0,100.0,1.0,1875.42,1874.42,3.940,3.936,0.035,3.466,0.165
ongudai,kayancha_south,field,6.0,12.0,100.0,1.5,1875.92,1874.42,4.472,4.469,0.040,3.822,0.188
ongudai,kayancha_south,field,6.0,12.0,100.0,2.0,1876.42,1874.42,4.869,4.865,0.044,4.096,0.205
ongudai,kayancha_south,field,6.0,12.0,100.0,3.0,1877.42,1874.42,5.448,5.443,0.049,4.518,0.229
ongudai,kayancha_south,field,6.0,12.0,100.0,5.0,1879.42,1874.42,6.201,6.195,0.056,5.113,0.261
ongudai,kayancha_south,field,6.0,12.0,100.0,10.0,1884.42,1874.42,7.249,7.242,0.065,6.056,0.305
ongudai,kayancha_south,field,6.0,12.0,100.0,30.0,1904.42,1874.42,8.400,8.390,0.148,7.977,0.416
ongudai,kayancha_south,field,6.0,12.0,100.0,50.0,1924.42,1874.42,9.066,9.051,0.227,9.124,0.527
ongudai,kayancha_south,field,6.0,12.0,100.0,100.0,1974.42,1874.42,9.945,9.916,0.350,11.088,0.759
ongudai,kayancha_south,field,6.0,12.0,100.0,200.0,2074.42,1874.42,10.689,10.638,0.413,13.833,1.039
ongudai,kayancha_south,field,6.0,12.0,100.0,300.0,2174.42,1874.42,11.136,11.073,0.402,16.062,1.180
ongudai,kayancha_south,field,6.0,12.0,300.0,1.0,1846.10,1845.10,1.395,1.382,-0.147,3.406,-0.189
ongudai,kayancha_south,field,6.0,12.0,300.0,1.5,1846.60,1845.10,1.717,1.703,-0.173,3.755,-0.221
ongudai,kayancha_south,field,6.0,12.0,300.0,2.0,1847.10,1845.10,1.951,1.935,-0.191,4.025,-0.245
ongudai,kayancha_south,field,6.0,12.0,300.0,3.0,1848.10,1845.10,2.287,2.270,-0.218,4.439,-0.277
ongudai,kayancha_south,field,6.0,12.0,300.0,5.0,1850.10,1845.10,2.724,2.706,-0.251,5.024,-0.319
ongudai,kayancha_south,field,6.0,12.0,300.0,10.0,1855.10,1845.10,3.426,3.405,-0.295,5.951,-0.378
ongudai,kayancha_south,field,6.0,12.0,300.0,30.0,1875.10,1845.10,5.941,5.939,-0.470,7.840,-0.158
ongudai,kayancha_south,field,6.0,12.0,300.0,50.0,1895.10,1845.10,7.875,7.872,-0.577,8.968,0.193
ongudai,kayancha_south,field,6.0,12.0,300.0,100.0,1945.10,1845.10,9.326,9.310,-0.436,10.904,0.559
ongudai,kayancha_south,field,6.0,12.0,300.0,200.0,2045.10,1845.10,10.431,10.390,-0.185,13.617,0.927
ongudai,kayancha_south,field,6.0,12.0,300.0,300.0,2145.10,1845.10,11.017,10.960,-0.028,15.823,1.121
ongudai,kayancha_south,field,10.0,12.0,-3000.0,1.0,1096.18,1095.18,1.313,1.306,0.072,3.087,-0.132
ongudai,kayancha_south,field,10.0,12.0,-3000.0,1.5,1096.68,1095.18,1.722,1.713,0.094,3.404,-0.172
ongudai,kayancha_south,field,10.0,12.0,-3000.0,2.0,1097.18,1095.18,1.980,1.970,0.108,3.650,-0.197
ongudai,kayancha_south,field,10.0,12.0,-3000.0,3.0,1098.18,1095.18,2.319,2.308,0.127,4.027,-0.230
ongudai,kayancha_south,field,10.0,12.0,-3000.0,5.0,1100.18,1095.18,2.721,2.708,0.149,4.563,-0.269
ongudai,kayancha_south,field,10.0,12.0,-3000.0,10.0,1105.18,1095.18,3.243,3.227,0.177,5.419,-0.319
ongudai,kayancha_south,field,10.0,12.0,-3000.0,30.0,1125.18,1095.18,4.036,4.017,0.224,7.209,-0.387
ongudai,kayancha_south,field,10.0,12.0,-3000.0,50.0,1145.18,1095.18,4.618,4.618,0.289,8.326,0.071
ongudai,kayancha_south,field,10.0,12.0,-3000.0,100.0,1195.18,1095.18,5.950,5.901,0.352,10.355,0.756
ongudai,kayancha_south,field,10.0,12.0,-3000.0,200.0,1295.18,1095.18,7.710,7.661,0.279,13.460,0.871
ongudai,kayancha_south,field,10.0,12.0,-3000.0,300.0,1395.18,1095.18,9.212,9.145,0.294,16.193,1.106
ongudai,kayancha_south,field,10.0,12.0,-1000.0,1.0,1492.33,1491.33,0.419,-0.214,0.115,4.455,-0.361
ongudai,kayancha_south,field,10.0,12.0,-1000.0,1.5,1492.83,1491.33,0.495,-0.252,0.136,4.912,-0.425
ongudai,kayancha_south,field,10.0,12.0,-1000.0,2.0,1493.33,1491.33,0.547,-0.279,0.151,5.265,-0.471
ongudai,kayancha_south,field,10.0,12.0,-1000.0,3.0,1494.33,1491.33,0.621,-0.317,0.171,5.808,-0.534
ongudai,kayancha_south,field,10.0,12.0,-1000.0,5.0,1496.33,1491.33,0.663,-0.327,0.186,6.575,-0.577
ongudai,kayancha_south,field,10.0,12.0,-1000.0,10.0,1501.33,1491.33,0.734,-0.325,0.215,7.795,-0.658
ongudai,kayancha_south,field,10.0,12.0,-1000.0,30.0,1521.33,1491.33,0.836,-0.148,0.277,10.303,-0.823
ongudai,kayancha_south,field,10.0,12.0,-1000.0,50.0,1541.33,1491.33,0.758,0.514,0.182,11.824,-0.557
ongudai,kayancha_south,field,10.0,12.0,-1000.0,100.0,1591.33,1491.33,3.712,3.685,0.012,14.485,0.447
ongudai,kayancha_south,field,10.0,12.0,-1000.0,200.0,1691.33,1491.33,9.427,9.239,0.610,18.338,1.872
ongudai,kayancha_south,field,10.0,12.0,-1000.0,300.0,1791.33,1491.33,12.043,11.850,1.089,21.570,2.151
ongudai,kayancha_south,field,10.0,12.0,-300.0,1.0,1739.55,1738.55,2.660,2.589,0.733,5.308,0.611
ongudai,kayancha_south,field,10.0,12.0,-300.0,1.5,1740.05,1738.55,2.967,2.888,0.817,5.853,0.681
ongudai,kayancha_south,field,10.0,12.0,-300.0,2.0,1740.55,1738.55,3.202,3.117,0.881,6.273,0.734
ongudai,kayancha_south,field,10.0,12.0,-300.0,3.0,1741.55,1738.55,3.552,3.457,0.977,6.919,0.813
ongudai,kayancha_south,field,10.0,12.0,-300.0,5.0,1743.55,1738.55,3.912,3.828,1.088,7.831,0.807
ongudai,kayancha_south,field,10.0,12.0,-300.0,10.0,1748.55,1738.55,4.548,4.489,1.296,9.279,0.728
ongudai,kayancha_south,field,10.0,12.0,-300.0,30.0,1768.55,1738.55,7.225,7.224,2.197,12.234,-0.102
ongudai,kayancha_south,field,10.0,12.0,-300.0,50.0,1788.55,1738.55,8.487,8.487,2.470,14.007,-0.058
ongudai,kayancha_south,field,10.0,12.0,-300.0,100.0,1838.55,1738.55,10.609,10.598,2.633,17.063,0.470
ongudai,kayancha_south,field,10.0,12.0,-300.0,200.0,1938.55,1738.55,13.550,13.493,2.438,21.383,1.240
ongudai,kayancha_south,field,10.0,12.0,-300.0,300.0,2038.55,1738.55,15.480,15.399,2.111,24.925,1.578
ongudai,kayancha_south,field,10.0,12.0,-150.0,1.0,1809.93,1808.93,3.316,3.231,1.157,5.551,0.748
ongudai,kayancha_south,field,10.0,12.0,-150.0,1.5,1810.43,1808.93,3.587,3.495,1.252,6.121,0.808
ongudai,kayancha_south,field,10.0,12.0,-150.0,2.0,1810.93,1808.93,3.805,3.707,1.328,6.560,0.857
ongudai,kayancha_south,field,10.0,12.0,-150.0,3.0,1811.93,1808.93,4.140,4.035,1.444,7.235,0.929
ongudai,kayancha_south,field,10.0,12.0,-150.0,5.0,1813.93,1808.93,4.600,4.495,1.607,8.189,0.978
ongudai,kayancha_south,field,10.0,12.0,-150.0,10.0,1818.93,1808.93,5.520,5.460,1.963,9.701,0.813
ongudai,kayancha_south,field,10.0,12.0,-150.0,30.0,1838.93,1808.93,9.041,9.038,3.230,12.784,0.264
ongudai,kayancha_south,field,10.0,12.0,-150.0,50.0,1858.93,1808.93,10.504,10.492,3.303,14.628,0.494
ongudai,kayancha_south,field,10.0,12.0,-150.0,100.0,1908.93,1808.93,12.896,12.862,3.023,17.797,0.940
ongudai,kayancha_south,field,10.0,12.0,-150.0,200.0,2008.93,1808.93,15.313,15.249,2.266,22.249,1.400
ongudai,kayancha_south,field,10.0,12.0,-150.0,300.0,2108.93,1808.93,16.743,16.667,1.827,25.881,1.598
ongudai,kayancha_south,field,10.0,12.0,-50.0,1.0,1849.54,1848.54,3.127,3.003,1.204,5.688,0.871
ongudai,kayancha_south,field,10.0,12.0,-50.0,1.5,1850.04,1848.54,3.553,3.411,1.363,6.271,0.994
ongudai,kayancha_south,field,10.0,12.0,-50.0,2.0,1850.54,1848.54,3.870,3.715,1.481,6.722,1.086
ongudai,kayancha_south,field,10.0,12.0,-50.0,3.0,1851.54,1848.54,4.333,4.158,1.654,7.413,1.220
ongudai,kayancha_south,field,10.0,12.0,-50.0,5.0,1853.54,1848.54,5.012,4.808,1.857,8.390,1.415
ongudai,kayancha_south,field,10.0,12.0,-50.0,10.0,1858.54,1848.54,6.272,6.023,2.196,9.939,1.752
ongudai,kayancha_south,field,10.0,12.0,-50.0,30.0,1878.54,1848.54,11.014,10.961,3.237,13.093,1.084
ongudai,kayancha_south,field,10.0,12.0,-50.0,50.0,1898.54,1848.54,12.947,12.923,3.054,14.978,0.790
ongudai,kayancha_south,field,10.0,12.0,-50.0,100.0,1948.54,1848.54,14.604,14.565,2.332,18.210,1.062
ongudai,kayancha_south,field,10.0,12.0,-50.0,200.0,2048.54,1848.54,16.225,16.164,1.752,22.737,1.409
ongudai,kayancha_south,field,10.0,12.0,-50.0,300.0,2148.54,1848.54,17.355,17.283,1.494,26.418,1.584
ongudai,kayancha_south,field,10.0,12.0,-30.0,1.0,1858.21,1857.21,4.355,3.989,1.134,5.718,1.746
ongudai,kayancha_south,field,10.0,12.0,-30.0,1.5,1858.71,1857.21,4.799,4.396,1.250,6.304,1.925
ongudai,kayancha_south,field,10.0,12.0,-30.0,2.0,1859.21,1857.21,5.145,4.712,1.340,6.757,2.065
ongudai,kayancha_south,field,10.0,12.0,-30.0,3.0,1860.21,1857.21,5.588,5.135,1.457,7.452,2.204
ongudai,kayancha_south,field,10.0,12.0,-30.0,5.0,1862.21,1857.21,6.180,5.716,1.612,8.434,2.349
ongudai,kayancha_south,field,10.0,12.0,-30.0,10.0,1867.21,1857.21,7.230,6.841,1.882,9.991,2.339
ongudai,kayancha_south,field,10.0,12.0,-30.0,30.0,1887.21,1857.21,12.123,12.106,2.973,13.161,0.633
ongudai,kayancha_south,field,10.0,12.0,-30.0,50.0,1907.21,1857.21,13.433,13.416,2.668,15.054,0.688
ongudai,kayancha_south,field,10.0,12.0,-30.0,100.0,1957.21,1857.21,14.876,14.839,2.088,18.300,1.040
ongudai,kayancha_south,field,10.0,12.0,-30.0,200.0,2057.21,1857.21,16.377,16.317,1.634,22.844,1.404
ongudai,kayancha_south,field,10.0,12.0,-30.0,300.0,2157.21,1857.21,17.468,17.396,1.424,26.536,1.579
ongudai,kayancha_south,field,10.0,12.0,-20.0,1.0,1862.10,1861.10,4.611,4.320,0.984,5.731,1.610
ongudai,kayancha_south,field,10.0,12.0,-20.0,1.5,1862.60,1861.10,5.164,4.841,1.099,6.319,1.800
ongudai,kayancha_south,field,10.0,12.0,-20.0,2.0,1863.10,1861.10,5.584,5.235,1.187,6.773,1.943
ongudai,kayancha_south,field,10.0,12.0,-20.0,3.0,1864.10,1861.10,6.100,5.743,1.292,7.470,2.057
ongudai,kayancha_south,field,10.0,12.0,-20.0,5.0,1866.10,1861.10,6.780,6.429,1.428,8.454,2.152
ongudai,kayancha_south,field,10.0,12.0,-20.0,10.0,1871.10,1861.10,7.988,7.721,1.673,10.014,2.050
ongudai,kayancha_south,field,10.0,12.0,-20.0,30.0,1891.10,1861.10,12.595,12.583,2.633,13.191,0.546
ongudai,kayancha_south,field,10.0,12.0,-20.0,50.0,1911.10,1861.10,13.607,13.589,2.344,15.089,0.712
ongudai,kayancha_south,field,10.0,12.0,-20.0,100.0,1961.10,1861.10,14.976,14.940,1.936,18.341,1.040
ongudai,kayancha_south,field,10.0,12.0,-20.0,200.0,2061.10,1861.10,16.440,16.380,1.571,22.892,1.404
ongudai,kayancha_south,field,10.0,12.0,-20.0,300.0,2161.10,1861.10,17.516,17.445,1.388,26.589,1.579
ongudai,kayancha_south,field,10.0,12.0,-10.0,1.0,1865.94,1864.94,4.699,4.504,0.799,5.745,1.338
ongudai,kayancha_south,field,10.0,12.0,-10.0,1.5,1866.44,1864.94,5.418,5.196,0.916,6.334,1.535
ongudai,kayancha_south,field,10.0,12.0,-10.0,2.0,1866.94,1864.94,5.941,5.699,1.002,6.788,1.678
ongudai,kayancha_south,field,10.0,12.0,-10.0,3.0,1867.94,1864.94,6.584,6.339,1.097,7.487,1.779
ongudai,kayancha_south,field,10.0,12.0,-10.0,5.0,1869.94,1864.94,7.400,7.169,1.216,8.473,1.835
ongudai,kayancha_south,field,10.0,12.0,-10.0,10.0,1874.94,1864.94,8.794,8.628,1.431,10.037,1.698
ongudai,kayancha_south,field,10.0,12.0,-10.0,30.0,1894.94,1864.94,12.829,12.817,2.212,13.221,0.548
ongudai,kayancha_south,field,10.0,12.0,-10.0,50.0,1914.94,1864.94,13.752,13.733,2.031,15.122,0.727
ongudai,kayancha_south,field,10.0,12.0,-10.0,100.0,1964.94,1864.94,15.063,15.027,1.792,18.381,1.038
ongudai,kayancha_south,field,10.0,12.0,-10.0,200.0,2064.94,1864.94,16.499,16.439,1.511,22.939,1.403
ongudai,kayancha_south,field,10.0,12.0,-10.0,300.0,2164.94,1864.94,17.563,17.492,1.353,26.641,1.578
ongudai,kayancha_south,field,10.0,12.0,0.0,1.0,1869.76,1868.76,6.006,5.863,0.776,5.758,1.304
ongudai,kayancha_south,field,10.0,12.0,0.0,1.5,1870.26,1868.76,6.545,6.391,0.843,6.348,1.416
ongudai,kayancha_south,field,10.0,12.0,0.0,2.0,1870.76,1868.76,6.908,6.757,0.879,6.804,1.439
ongudai,kayancha_south,field,10.0,12.0,0.0,3.0,1871.76,1868.76,7.478,7.334,0.936,7.504,1.462
ongudai,kayancha_south,field,10.0,12.0,0.0,5.0,1873.76,1868.76,8.304,8.172,1.022,8.493,1.475
ongudai,kayancha_south,field,10.0,12.0,0.0,10.0,1878.76,1868.76,9.775,9.688,1.198,10.060,1.303
ongudai,kayancha_south,field,10.0,12.0,0.0,30.0,1898.76,1868.76,12.997,12.985,1.796,13.251,0.566
ongudai,kayancha_south,field,10.0,12.0,0.0,50.0,1918.76,1868.76,13.879,13.860,1.754,15.156,0.730
ongudai,kayancha_south,field,10.0,12.0,0.0,100.0,1968.76,1868.76,15.141,15.106,1.660,18.421,1.033
ongudai,kayancha_south,field,10.0,12.0,0.0,200.0,2068.76,1868.76,16.555,16.496,1.454,22.986,1.401
ongudai,kayancha_south,field,10.0,12.0,0.0,300.0,2168.76,1868.76,17.608,17.537,1.319,26.693,1.576
ongudai,kayancha_south,field,10.0,12.0,100.0,1.0,1875.42,1874.42,5.745,5.744,0.068,5.777,0.078
ongudai,kayancha_south,field,10.0,12.0,100.0,1.5,1875.92,1874.42,6.522,6.521,0.077,6.370,0.089
ongudai,kayancha_south,field,10.0,12.0,100.0,2.0,1876.42,1874.42,7.100,7.099,0.084,6.827,0.097
ongudai,kayancha_south,field,10.0,12.0,100.0,3.0,1877.42,1874.42,7.944,7.943,0.094,7.529,0.109
ongudai,kayancha_south,field,10.0,12.0,100.0,5.0,1879.42,1874.42,9.042,9.041,0.107,8.522,0.124
ongudai,kayancha_south,field,10.0,12.0,100.0,10.0,1884.42,1874.42,10.570,10.569,0.125,10.094,0.145
ongudai,kayancha_south,field,10.0,12.0,100.0,30.0,1904.42,1874.42,12.355,12.352,0.291,13.295,0.291
ongudai,kayancha_south,field,10.0,12.0,100.0,50.0,1924.42,1874.42,13.465,13.457,0.458,15.206,0.465
ongudai,kayancha_south,field,10.0,12.0,100.0,100.0,1974.42,1874.42,15.072,15.048,0.743,18.480,0.851
ongudai,kayancha_south,field,10.0,12.0,100.0,200.0,2074.42,1874.42,16.652,16.600,0.957,23.056,1.315
ongudai,kayancha_south,field,10.0,12.0,100.0,300.0,2174.42,1874.42,17.710,17.644,1.008,26.769,1.533
ongudai,kayancha_south,field,10.0,12.0,300.0,1.0,1846.10,1845.10,1.599,1.558,-0.192,5.676,-0.357
ongudai,kayancha_south,field,10.0,12.0,300.0,1.5,1846.60,1845.10,2.058,2.015,-0.226,6.258,-0.419
ongudai,kayancha_south,field,10.0,12.0,300.0,2.0,1847.10,1845.10,2.394,2.349,-0.250,6.708,-0.463
ongudai,kayancha_south,field,10.0,12.0,300.0,3.0,1848.10,1845.10,2.885,2.837,-0.285,7.398,-0.526
ongudai,kayancha_south,field,10.0,12.0,300.0,5.0,1850.10,1845.10,3.538,3.486,-0.328,8.373,-0.604
ongudai,kayancha_south,field,10.0,12.0,300.0,10.0,1855.10,1845.10,4.593,4.537,-0.385,9.918,-0.716
ongudai,kayancha_south,field,10.0,12.0,300.0,30.0,1875.10,1845.10,8.360,8.347,-0.596,13.066,-0.465
ongudai,kayancha_south,field,10.0,12.0,300.0,50.0,1895.10,1845.10,11.278,11.278,-0.697,14.947,-0.005
ongudai,kayancha_south,field,10.0,12.0,300.0,100.0,1945.10,1845.10,13.819,13.809,-0.397,18.174,0.523
ongudai,kayancha_south,field,10.0,12.0,300.0,200.0,2045.10,1845.10,16.020,15.980,0.082,22.695,1.121
ongudai,kayancha_south,field,10.0,12.0,300.0,300.0,2145.10,1845.10,17.314,17.255,0.375,26.372,1.432
