step,train_loss,nll,div,val_loss,lr,time_s
1,5.17104,5.17048,0.02795,,2.778e-06,1.1
2,5.15678,5.15638,0.02023,,5.556e-06,1.1
3,5.14904,5.14864,0.02021,,8.333e-06,1.3
4,5.18203,5.18124,0.03956,,1.111e-05,1.4
5,5.14218,5.14163,0.02760,,1.389e-05,1.5
6,5.17839,5.17788,0.02551,,1.667e-05,1.7
7,5.14160,5.14103,0.02864,,1.944e-05,1.8
8,5.16951,5.16925,0.01291,,2.222e-05,2.0
9,5.17592,5.17567,0.01254,,2.500e-05,2.1
10,5.14799,5.14769,0.01460,,2.778e-05,2.2
20,5.14782,5.14776,0.00289,,5.556e-05,3.6
30,5.11655,5.11650,0.00258,,8.333e-05,5.0
40,5.05088,5.05084,0.00222,,1.111e-04,6.4
50,4.69751,4.69726,0.01249,,1.389e-04,7.8
60,18.15206,18.14964,0.12061,,1.667e-04,9.2
70,4.72139,4.72081,0.02895,,1.944e-04,10.6
80,4.09816,4.09790,0.01276,,2.222e-04,12.0
90,3.84219,3.84201,0.00911,,2.500e-04,13.4
100,3.58330,3.58324,0.00292,,2.778e-04,14.9
110,3.87554,3.87545,0.00451,,3.056e-04,16.2
120,3.75521,3.75497,0.01213,,3.333e-04,17.6
130,3.92742,3.92732,0.00523,,3.611e-04,19.0
140,3.72801,3.72790,0.00528,,3.889e-04,20.4
150,3.55111,3.55089,0.01122,,4.167e-04,21.8
160,3.59748,3.59727,0.01085,,4.444e-04,23.2
170,3.90226,3.90204,0.01126,,4.722e-04,24.6
180,3.57386,3.57335,0.02562,,5.000e-04,25.9
190,5.09497,5.09475,0.01123,,5.278e-04,27.4
200,4.54145,4.54131,0.00710,,5.556e-04,28.7
210,5.60818,5.60798,0.00966,,5.833e-04,30.1
220,3.99011,3.98964,0.02345,,6.111e-04,31.5
230,3.52952,3.52934,0.00928,,6.389e-04,32.8
240,3.61598,3.61581,0.00871,,6.667e-04,34.2
250,3.77171,3.77124,0.02322,,6.944e-04,35.6
260,3.59372,3.59359,0.00683,,7.222e-04,37.0
270,3.48648,3.48633,0.00760,,7.500e-04,38.4
280,3.86246,3.86227,0.00949,,7.778e-04,39.8
290,3.67187,3.67165,0.01103,,8.056e-04,41.2
300,3.36711,3.36665,0.02317,,8.333e-04,42.6
310,3.34309,3.34282,0.01346,,8.611e-04,43.9
320,3.18690,3.18665,0.01240,,8.889e-04,45.3
330,3.33431,3.33347,0.04240,,9.167e-04,46.7
340,3.45154,3.45131,0.01131,,9.444e-04,48.1
350,3.32642,3.32615,0.01396,,9.722e-04,49.5
360,3.40983,3.40960,0.01117,,1.000e-03,50.9
370,3.45236,3.45207,0.01490,,1.028e-03,52.3
380,3.41581,3.41560,0.01046,,1.056e-03,53.7
390,3.30712,3.30692,0.01005,,1.083e-03,55.1
400,3.34080,3.34057,0.01184,,1.111e-03,56.5
410,3.35203,3.35170,0.01666,,1.139e-03,57.9
420,4.01073,4.01037,0.01805,,1.167e-03,59.3
430,3.25389,3.25373,0.00819,,1.194e-03,60.7
440,3.51963,3.51940,0.01176,,1.222e-03,62.1
450,3.21451,3.21425,0.01282,,1.250e-03,63.4
460,3.28575,3.28550,0.01262,,1.278e-03,64.8
470,3.49823,3.49801,0.01090,,1.306e-03,66.2
480,3.46634,3.46595,0.01942,,1.333e-03,67.5
490,3.31072,3.31047,0.01241,,1.361e-03,68.8
500,3.29263,3.29249,0.00668,,1.389e-03,70.1
510,3.28661,3.28631,0.01479,,1.417e-03,71.5
520,3.16744,3.16717,0.01348,,1.444e-03,72.9
530,3.45799,3.45768,0.01540,,1.472e-03,74.2
540,3.41660,3.41628,0.01582,,1.500e-03,75.5
550,3.41430,3.41398,0.01591,,1.528e-03,76.9
560,3.44281,3.44253,0.01378,,1.556e-03,78.3
570,3.42218,3.42192,0.01325,,1.583e-03,79.6
580,3.27262,3.27235,0.01361,,1.611e-03,81.1
590,3.29746,3.29721,0.01234,,1.639e-03,82.4
600,3.43458,3.43426,0.01601,,1.667e-03,83.8
610,3.20078,3.20037,0.02020,,1.694e-03,85.1
620,3.17924,3.17898,0.01312,,1.722e-03,86.5
630,3.26784,3.26747,0.01854,,1.750e-03,87.9
640,3.33895,3.33866,0.01490,,1.778e-03,89.2
650,3.23654,3.23630,0.01218,,1.806e-03,90.6
660,3.25596,3.25571,0.01242,,1.833e-03,91.9
670,3.12349,3.12315,0.01707,,1.861e-03,93.3
680,3.22256,3.22239,0.00853,,1.889e-03,94.7
690,3.37389,3.37355,0.01677,,1.917e-03,96.0
700,3.16983,3.16959,0.01194,,1.944e-03,97.4
710,3.40371,3.40333,0.01880,,1.972e-03,98.8
720,3.26853,3.26835,0.00936,,2.000e-03,100.2
730,3.32924,3.32901,0.01122,,2.000e-03,101.6
740,3.38648,3.38617,0.01537,,2.000e-03,103.0
750,3.85947,3.85916,0.01541,,2.000e-03,104.4
760,3.38553,3.38511,0.02093,,2.000e-03,105.8
770,3.31903,3.31877,0.01319,,2.000e-03,107.2
780,3.10193,3.10171,0.01079,,2.000e-03,108.6
790,3.30459,3.30433,0.01302,,2.000e-03,110.0
800,3.15947,3.15921,0.01329,,2.000e-03,111.3
810,3.38269,3.38245,0.01199,,2.000e-03,112.7
820,3.58862,3.58837,0.01264,,2.000e-03,114.2
830,3.07950,3.07930,0.01001,,2.000e-03,115.6
840,3.31433,3.31404,0.01458,,2.000e-03,116.9
850,3.26833,3.26801,0.01606,,2.000e-03,118.3
860,2.93087,2.93062,0.01246,,2.000e-03,119.7
870,3.37622,3.37587,0.01710,,2.000e-03,121.1
880,3.18436,3.18410,0.01280,,2.000e-03,122.5
890,3.34443,3.34420,0.01127,,2.000e-03,123.9
900,3.25722,3.25698,0.01214,,2.000e-03,125.2
910,3.31179,3.31141,0.01909,,2.000e-03,126.7
920,3.09542,3.09514,0.01370,,2.000e-03,127.9
930,3.16813,3.16789,0.01175,,2.000e-03,129.1
940,2.92736,2.92714,0.01113,,2.000e-03,130.4
950,3.24866,3.24828,0.01880,,2.000e-03,131.6
960,3.33731,3.33707,0.01182,,1.999e-03,132.8
970,2.96571,2.96553,0.00889,,1.999e-03,134.1
980,3.10636,3.10615,0.01049,,1.999e-03,135.3
990,3.26797,3.26771,0.01332,,1.999e-03,136.5
1000,3.10560,3.10525,0.01730,3.02004,1.999e-03,138.2
1010,3.38957,3.38925,0.01592,,1.999e-03,139.4
1020,3.09170,3.09139,0.01550,,1.999e-03,140.7
1030,3.14838,3.14814,0.01230,,1.999e-03,142.1
1040,2.91017,2.90996,0.01056,,1.999e-03,143.5
1050,3.14716,3.14690,0.01306,,1.999e-03,144.9
1060,3.22612,3.22591,0.01041,,1.999e-03,146.3
1070,3.23614,3.23570,0.02156,,1.999e-03,147.6
1080,3.20612,3.20564,0.02378,,1.999e-03,149.0
1090,3.27993,3.27956,0.01849,,1.999e-03,150.4
1100,3.08349,3.08327,0.01116,,1.999e-03,151.8
1110,3.22260,3.22232,0.01387,,1.999e-03,153.2
1120,2.98616,2.98590,0.01293,,1.999e-03,154.6
1130,3.07627,3.07602,0.01266,,1.999e-03,156.0
1140,3.09379,3.09347,0.01607,,1.998e-03,157.3
1150,3.19192,3.19150,0.02107,,1.998e-03,158.7
1160,3.03690,3.03667,0.01138,,1.998e-03,160.1
1170,3.26253,3.26203,0.02473,,1.998e-03,161.5
1180,3.18825,3.18801,0.01217,,1.998e-03,162.7
1190,2.90089,2.90057,0.01587,,1.998e-03,164.0
1200,2.91536,2.91504,0.01619,,1.998e-03,165.2
1210,3.01515,3.01487,0.01436,,1.998e-03,166.5
1220,2.87429,2.87400,0.01423,,1.998e-03,167.6
1230,3.27184,3.27152,0.01596,,1.998e-03,168.8
1240,3.12237,3.12209,0.01392,,1.998e-03,169.9
1250,2.88226,2.88182,0.02209,,1.998e-03,171.2
1260,3.02195,3.02152,0.02160,,1.997e-03,172.5
1270,2.76672,2.76653,0.00983,,1.997e-03,173.7
1280,2.70127,2.70092,0.01722,,1.997e-03,175.1
1290,2.78785,2.78757,0.01393,,1.997e-03,176.4
1300,2.81195,2.81157,0.01925,,1.997e-03,177.8
1310,2.88190,2.88150,0.01988,,1.997e-03,179.2
1320,3.17234,3.17203,0.01576,,1.997e-03,180.6
1330,2.83374,2.83357,0.00865,,1.997e-03,182.0
1340,3.01859,3.01832,0.01379,,1.997e-03,183.4
1350,3.23207,3.23167,0.01994,,1.996e-03,184.9
1360,3.02678,3.02656,0.01113,,1.996e-03,186.2
1370,3.08579,3.08532,0.02343,,1.996e-03,187.6
1380,3.29454,3.29413,0.02024,,1.996e-03,189.0
1390,2.85622,2.85587,0.01739,,1.996e-03,190.4
1400,2.81149,2.81115,0.01716,,1.996e-03,191.7
1410,2.75705,2.75686,0.00963,,1.996e-03,193.2
1420,2.99334,2.99311,0.01163,,1.996e-03,194.5
1430,2.77101,2.77074,0.01354,,1.996e-03,195.9
1440,2.83983,2.83957,0.01291,,1.995e-03,197.3
1450,3.08635,3.08607,0.01391,,1.995e-03,198.6
1460,2.96467,2.96440,0.01331,,1.995e-03,200.0
1470,3.11257,3.11231,0.01284,,1.995e-03,201.3
1480,3.13899,3.13870,0.01432,,1.995e-03,202.6
1490,2.65108,2.65078,0.01517,,1.995e-03,204.0
1500,2.86499,2.86463,0.01793,,1.995e-03,205.5
1510,2.82067,2.82047,0.00998,,1.994e-03,206.8
1520,2.82576,2.82532,0.02210,,1.994e-03,208.1
1530,2.86196,2.86165,0.01529,,1.994e-03,209.4
1540,2.95275,2.95239,0.01796,,1.994e-03,210.8
1550,2.86945,2.86909,0.01775,,1.994e-03,212.2
1560,2.78890,2.78863,0.01369,,1.994e-03,213.6
1570,2.96359,2.96306,0.02650,,1.994e-03,215.0
1580,2.91658,2.91633,0.01267,,1.993e-03,216.4
1590,2.68178,2.68156,0.01078,,1.993e-03,217.8
1600,2.84497,2.84457,0.02020,,1.993e-03,219.2
1610,3.04873,3.04827,0.02295,,1.993e-03,220.6
1620,2.87258,2.87227,0.01536,,1.993e-03,222.0
1630,2.96928,2.96886,0.02077,,1.993e-03,223.4
1640,2.87631,2.87603,0.01413,,1.992e-03,224.7
1650,2.82087,2.82042,0.02261,,1.992e-03,226.1
1660,2.83167,2.83139,0.01416,,1.992e-03,227.5
1670,2.85404,2.85351,0.02636,,1.992e-03,228.9
1680,2.94609,2.94570,0.01934,,1.992e-03,230.3
1690,2.75019,2.74991,0.01415,,1.992e-03,231.7
1700,2.75330,2.75306,0.01214,,1.991e-03,233.1
1710,2.88560,2.88525,0.01728,,1.991e-03,234.5
1720,2.72016,2.71978,0.01890,,1.991e-03,235.9
1730,3.01406,3.01376,0.01491,,1.991e-03,237.3
1740,2.84766,2.84736,0.01501,,1.991e-03,238.7
1750,2.27840,2.27814,0.01341,,1.991e-03,240.1
1760,2.66301,2.66280,0.01057,,1.990e-03,241.4
1770,2.91011,2.90976,0.01744,,1.990e-03,242.9
1780,3.12342,3.12315,0.01359,,1.990e-03,244.3
1790,2.77840,2.77812,0.01417,,1.990e-03,245.6
1800,2.86176,2.86135,0.02048,,1.990e-03,247.2
1810,2.75756,2.75720,0.01839,,1.989e-03,248.5
1820,2.74947,2.74908,0.01952,,1.989e-03,249.9
1830,2.87809,2.87779,0.01469,,1.989e-03,251.3
1840,3.10006,3.09957,0.02459,,1.989e-03,252.7
1850,2.90943,2.90886,0.02822,,1.989e-03,254.2
1860,2.86501,2.86463,0.01869,,1.988e-03,255.6
1870,2.64242,2.64218,0.01198,,1.988e-03,257.0
1880,2.60138,2.60107,0.01558,,1.988e-03,258.4
1890,2.90675,2.90633,0.02113,,1.988e-03,259.8
1900,2.96871,2.96836,0.01750,,1.988e-03,261.2
1910,2.82771,2.82730,0.02054,,1.987e-03,262.6
1920,2.90292,2.90251,0.02047,,1.987e-03,264.0
1930,2.99897,2.99862,0.01773,,1.987e-03,265.4
1940,2.94269,2.94234,0.01729,,1.987e-03,266.8
1950,2.95901,2.95869,0.01641,,1.987e-03,268.2
1960,3.07616,3.07573,0.02183,,1.986e-03,269.6
1970,2.89723,2.89678,0.02263,,1.986e-03,271.0
1980,2.67902,2.67868,0.01675,,1.986e-03,272.4
1990,2.85470,2.85432,0.01884,,1.986e-03,273.7
2000,2.69498,2.69460,0.01911,2.65048,1.985e-03,275.6
2010,2.90829,2.90791,0.01906,,1.985e-03,277.0
2020,2.88804,2.88778,0.01324,,1.985e-03,278.4
2030,3.07452,3.07414,0.01889,,1.985e-03,279.8
2040,2.92850,2.92817,0.01676,,1.985e-03,281.1
2050,2.96664,2.96626,0.01922,,1.984e-03,282.5
2060,2.64205,2.64168,0.01857,,1.984e-03,283.9
2070,2.72649,2.72610,0.01947,,1.984e-03,285.2
2080,2.70221,2.70178,0.02118,,1.984e-03,286.6
2090,2.73872,2.73827,0.02261,,1.983e-03,287.9
2100,2.90594,2.90549,0.02246,,1.983e-03,289.2
2110,2.94102,2.94053,0.02485,,1.983e-03,290.6
2120,2.84729,2.84683,0.02294,,1.983e-03,292.1
2130,2.82746,2.82713,0.01639,,1.982e-03,293.5
2140,2.71885,2.71832,0.02617,,1.982e-03,294.9
2150,2.70413,2.70377,0.01826,,1.982e-03,296.4
2160,2.50937,2.50922,0.00775,,1.982e-03,297.8
2170,2.89310,2.89269,0.02039,,1.981e-03,299.2
2180,2.88613,2.88572,0.02070,,1.981e-03,300.6
2190,3.03078,3.03044,0.01672,,1.981e-03,302.0
2200,2.68885,2.68837,0.02426,,1.981e-03,303.4
2210,2.74382,2.74345,0.01824,,1.980e-03,304.8
2220,2.86558,2.86502,0.02794,,1.980e-03,306.2
2230,2.63944,2.63913,0.01536,,1.980e-03,307.6
2240,2.75649,2.75610,0.01937,,1.979e-03,309.0
2250,2.69391,2.69364,0.01397,,1.979e-03,310.4
2260,2.52493,2.52473,0.00997,,1.979e-03,311.8
2270,2.79793,2.79759,0.01702,,1.979e-03,313.1
2280,2.73914,2.73872,0.02083,,1.978e-03,314.5
2290,2.77464,2.77436,0.01393,,1.978e-03,315.9
2300,2.90841,2.90807,0.01736,,1.978e-03,317.2
2310,2.96686,2.96649,0.01833,,1.978e-03,318.6
2320,2.82003,2.81960,0.02129,,1.977e-03,320.0
2330,2.69553,2.69511,0.02116,,1.977e-03,321.3
2340,2.87781,2.87747,0.01694,,1.977e-03,322.7
2350,2.76608,2.76580,0.01402,,1.976e-03,324.1
2360,2.60032,2.59999,0.01671,,1.976e-03,325.5
2370,2.69346,2.69319,0.01343,,1.976e-03,326.9
2380,2.70603,2.70575,0.01393,,1.976e-03,328.3
2390,2.81220,2.81184,0.01793,,1.975e-03,329.6
2400,2.76281,2.76245,0.01784,,1.975e-03,331.0
2410,2.89486,2.89443,0.02184,,1.975e-03,332.3
2420,2.68449,2.68416,0.01697,,1.974e-03,333.8
2430,2.97350,2.97311,0.01954,,1.974e-03,335.2
2440,2.72562,2.72519,0.02159,,1.974e-03,336.6
2450,2.71842,2.71810,0.01624,,1.973e-03,337.9
2460,2.71749,2.71701,0.02397,,1.973e-03,339.3
2470,2.99524,2.99497,0.01310,,1.973e-03,340.7
2480,2.70612,2.70572,0.02022,,1.973e-03,342.1
2490,2.77404,2.77373,0.01521,,1.972e-03,343.5
2500,2.94040,2.94001,0.01961,,1.972e-03,344.8
2510,2.90063,2.90018,0.02205,,1.972e-03,346.2
2520,2.73810,2.73766,0.02202,,1.971e-03,347.6
2530,2.59018,2.58977,0.02025,,1.971e-03,349.1
2540,2.82234,2.82187,0.02388,,1.971e-03,350.5
2550,2.69514,2.69483,0.01538,,1.970e-03,351.8
2560,2.85446,2.85399,0.02394,,1.970e-03,353.1
2570,2.70322,2.70295,0.01328,,1.970e-03,354.5
2580,2.75349,2.75298,0.02534,,1.969e-03,355.8
2590,2.67742,2.67695,0.02316,,1.969e-03,357.1
2600,2.99133,2.99073,0.02990,,1.969e-03,358.5
2610,2.57943,2.57912,0.01549,,1.968e-03,359.8
2620,2.50260,2.50232,0.01408,,1.968e-03,361.2
2630,2.76917,2.76881,0.01808,,1.968e-03,362.5
2640,2.83734,2.83698,0.01816,,1.967e-03,363.9
2650,2.91350,2.91307,0.02168,,1.967e-03,365.3
2660,2.92936,2.92882,0.02698,,1.967e-03,366.7
2670,2.67450,2.67418,0.01600,,1.966e-03,368.1
2680,2.68500,2.68472,0.01413,,1.966e-03,369.6
2690,2.83747,2.83712,0.01752,,1.966e-03,371.0
2700,2.63018,2.62981,0.01838,,1.965e-03,372.3
2710,2.74537,2.74497,0.01972,,1.965e-03,373.8
2720,2.64050,2.64004,0.02295,,1.965e-03,375.1
2730,2.93022,2.92988,0.01681,,1.964e-03,376.6
2740,2.75633,2.75598,0.01732,,1.964e-03,378.0
2750,2.65093,2.65044,0.02472,,1.963e-03,379.4
2760,2.61928,2.61898,0.01493,,1.963e-03,380.7
2770,2.62261,2.62228,0.01677,,1.963e-03,382.1
2780,2.66624,2.66582,0.02114,,1.962e-03,383.5
2790,2.71219,2.71179,0.02007,,1.962e-03,384.9
2800,2.81962,2.81923,0.01939,,1.962e-03,386.2
2810,2.73762,2.73734,0.01356,,1.961e-03,387.6
2820,2.80158,2.80118,0.02012,,1.961e-03,389.0
2830,2.73690,2.73649,0.02074,,1.961e-03,390.3
2840,2.75505,2.75456,0.02439,,1.960e-03,391.7
2850,2.70506,2.70459,0.02380,,1.960e-03,393.1
2860,2.58036,2.58006,0.01536,,1.959e-03,394.5
2870,2.83942,2.83903,0.01922,,1.959e-03,395.9
2880,2.79900,2.79856,0.02180,,1.959e-03,397.3
2890,2.57781,2.57743,0.01895,,1.958e-03,398.7
2900,3.01751,3.01705,0.02300,,1.958e-03,400.1
2910,2.81447,2.81418,0.01484,,1.958e-03,401.5
2920,2.67659,2.67630,0.01447,,1.957e-03,402.9
2930,2.81805,2.81767,0.01901,,1.957e-03,404.2
2940,2.86677,2.86633,0.02189,,1.956e-03,405.7
2950,2.93775,2.93746,0.01455,,1.956e-03,407.1
2960,2.73690,2.73657,0.01669,,1.956e-03,408.4
2970,2.85345,2.85316,0.01463,,1.955e-03,409.8
2980,2.76249,2.76215,0.01675,,1.955e-03,411.2
2990,2.62068,2.62038,0.01498,,1.954e-03,412.6
3000,2.60960,2.60933,0.01344,2.50197,1.954e-03,414.4
3010,2.60705,2.60673,0.01605,,1.954e-03,415.8
3020,2.62165,2.62125,0.01992,,1.953e-03,417.2
3030,2.74162,2.74113,0.02451,,1.953e-03,418.6
3040,2.81974,2.81935,0.01921,,1.952e-03,420.0
3050,2.58854,2.58828,0.01291,,1.952e-03,421.4
3060,2.66867,2.66826,0.02025,,1.952e-03,422.8
3070,2.56574,2.56546,0.01371,,1.951e-03,424.2
3080,2.66840,2.66801,0.01929,,1.951e-03,425.6
3090,2.94873,2.94832,0.02051,,1.950e-03,427.0
3100,2.79648,2.79608,0.02013,,1.950e-03,428.4
3110,2.76655,2.76617,0.01871,,1.950e-03,429.8
3120,2.54221,2.54188,0.01649,,1.949e-03,431.1
3130,2.58765,2.58729,0.01782,,1.949e-03,432.5
3140,2.61747,2.61706,0.02084,,1.948e-03,433.9
3150,2.63150,2.63118,0.01617,,1.948e-03,435.3
3160,2.53523,2.53481,0.02130,,1.947e-03,436.7
3170,2.73132,2.73106,0.01304,,1.947e-03,438.1
3180,2.34956,2.34928,0.01377,,1.947e-03,439.5
3190,2.30472,2.30450,0.01107,,1.946e-03,440.9
3200,2.45230,2.45199,0.01553,,1.946e-03,442.3
3210,2.64947,2.64917,0.01481,,1.945e-03,443.6
3220,2.80805,2.80773,0.01596,,1.945e-03,445.0
3230,2.70592,2.70552,0.01993,,1.944e-03,446.4
3240,2.72185,2.72147,0.01884,,1.944e-03,447.8
3250,2.51378,2.51342,0.01802,,1.943e-03,449.2
3260,2.45459,2.45426,0.01625,,1.943e-03,450.6
3270,2.46095,2.46072,0.01128,,1.943e-03,451.9
3280,2.47401,2.47368,0.01658,,1.942e-03,453.3
3290,2.66236,2.66187,0.02481,,1.942e-03,454.7
3300,2.50703,2.50674,0.01474,,1.941e-03,456.1
3310,2.41374,2.41345,0.01454,,1.941e-03,457.5
3320,2.55010,2.54974,0.01820,,1.940e-03,458.9
3330,2.60757,2.60731,0.01290,,1.940e-03,460.3
3340,2.63962,2.63907,0.02743,,1.939e-03,461.6
3350,2.66549,2.66502,0.02356,,1.939e-03,463.1
3360,2.33189,2.33169,0.00989,,1.939e-03,464.4
3370,2.71186,2.71140,0.02301,,1.938e-03,465.8
3380,2.72519,2.72476,0.02178,,1.938e-03,467.2
3390,2.58165,2.58132,0.01668,,1.937e-03,468.6
3400,2.60453,2.60425,0.01383,,1.937e-03,470.0
3410,2.67744,2.67710,0.01718,,1.936e-03,471.4
3420,2.65761,2.65715,0.02292,,1.936e-03,472.8
3430,2.48297,2.48260,0.01894,,1.935e-03,474.2
3440,2.45493,2.45457,0.01769,,1.935e-03,475.6
3450,2.91888,2.91828,0.02991,,1.934e-03,477.0
3460,2.49246,2.49218,0.01386,,1.934e-03,478.3
3470,2.62637,2.62597,0.02004,,1.933e-03,479.7
3480,2.57835,2.57788,0.02390,,1.933e-03,481.1
3490,2.65715,2.65686,0.01465,,1.932e-03,482.5
3500,2.65464,2.65419,0.02252,,1.932e-03,484.0
3510,2.64374,2.64329,0.02258,,1.931e-03,485.4
3520,2.66463,2.66431,0.01629,,1.931e-03,486.8
3530,2.70789,2.70739,0.02505,,1.930e-03,488.2
3540,2.52098,2.52076,0.01125,,1.930e-03,489.6
3550,2.66275,2.66240,0.01767,,1.929e-03,491.0
3560,2.56204,2.56152,0.02585,,1.929e-03,492.4
3570,2.57455,2.57410,0.02246,,1.928e-03,493.8
3580,2.73249,2.73199,0.02487,,1.928e-03,495.2
3590,2.55061,2.55028,0.01647,,1.927e-03,496.6
3600,2.71131,2.71094,0.01818,,1.927e-03,498.0
3610,2.63479,2.63431,0.02398,,1.926e-03,499.4
3620,2.48509,2.48468,0.02061,,1.926e-03,500.9
3630,2.57544,2.57508,0.01815,,1.925e-03,502.3
3640,2.59368,2.59328,0.02031,,1.925e-03,503.6
3650,2.85679,2.85641,0.01863,,1.924e-03,505.0
3660,2.83935,2.83879,0.02767,,1.924e-03,506.4
3670,2.64819,2.64750,0.03446,,1.923e-03,507.8
3680,2.49515,2.49482,0.01633,,1.923e-03,509.2
3690,2.40784,2.40737,0.02322,,1.922e-03,510.6
3700,2.56247,2.56203,0.02188,,1.922e-03,511.9
3710,2.65873,2.65834,0.01973,,1.921e-03,513.3
3720,2.79056,2.79004,0.02615,,1.921e-03,514.7
3730,2.73041,2.73000,0.02082,,1.920e-03,516.2
3740,2.62457,2.62417,0.01974,,1.920e-03,517.6
3750,2.67209,2.67150,0.02902,,1.919e-03,519.0
3760,2.73450,2.73412,0.01912,,1.919e-03,520.4
3770,2.66026,2.65976,0.02501,,1.918e-03,521.8
3780,2.49362,2.49319,0.02126,,1.918e-03,523.2
3790,2.47222,2.47184,0.01906,,1.917e-03,524.6
3800,2.37712,2.37682,0.01519,,1.917e-03,526.0
3810,2.67436,2.67393,0.02138,,1.916e-03,527.4
3820,2.44532,2.44488,0.02213,,1.916e-03,528.8
3830,2.69403,2.69374,0.01428,,1.915e-03,530.2
3840,2.67210,2.67179,0.01552,,1.914e-03,531.6
3850,2.55420,2.55390,0.01496,,1.914e-03,533.0
3860,2.55258,2.55220,0.01922,,1.913e-03,534.4
3870,2.66328,2.66290,0.01864,,1.913e-03,535.8
3880,2.52810,2.52779,0.01539,,1.912e-03,537.1
3890,2.52153,2.52107,0.02313,,1.912e-03,538.5
3900,2.59566,2.59535,0.01588,,1.911e-03,540.0
3910,2.67301,2.67258,0.02173,,1.911e-03,541.3
3920,2.53878,2.53843,0.01733,,1.910e-03,542.6
3930,2.54555,2.54517,0.01906,,1.910e-03,543.9
3940,2.52931,2.52893,0.01892,,1.909e-03,545.3
3950,2.67805,2.67762,0.02166,,1.908e-03,546.6
3960,2.51705,2.51668,0.01832,,1.908e-03,548.0
3970,2.66746,2.66699,0.02320,,1.907e-03,549.3
3980,2.48501,2.48468,0.01682,,1.907e-03,550.7
3990,2.56650,2.56610,0.02006,,1.906e-03,552.1
4000,2.68224,2.68177,0.02340,2.40739,1.906e-03,553.9
4010,2.40441,2.40405,0.01788,,1.905e-03,555.4
4020,2.44660,2.44628,0.01592,,1.904e-03,556.8
4030,2.55175,2.55125,0.02487,,1.904e-03,558.2
4040,2.57950,2.57927,0.01152,,1.903e-03,559.5
4050,2.49990,2.49948,0.02073,,1.903e-03,560.9
4060,2.76724,2.76681,0.02159,,1.902e-03,562.2
4070,2.65431,2.65380,0.02570,,1.902e-03,563.6
4080,2.70347,2.70306,0.02072,,1.901e-03,564.9
4090,2.60600,2.60562,0.01899,,1.900e-03,566.2
4100,2.56365,2.56324,0.02061,,1.900e-03,567.6
4110,2.50614,2.50567,0.02337,,1.899e-03,569.0
4120,2.81339,2.81275,0.03196,,1.899e-03,570.3
4130,2.52753,2.52703,0.02513,,1.898e-03,571.6
4140,2.84307,2.84271,0.01800,,1.898e-03,572.9
4150,2.72960,2.72925,0.01757,,1.897e-03,574.2
4160,2.41385,2.41343,0.02093,,1.896e-03,575.5
4170,2.53471,2.53429,0.02076,,1.896e-03,576.8
4180,2.66521,2.66474,0.02343,,1.895e-03,578.1
4190,2.61952,2.61896,0.02786,,1.895e-03,579.5
4200,2.66488,2.66434,0.02679,,1.894e-03,580.8
4210,2.39777,2.39759,0.00876,,1.893e-03,582.1
4220,2.58992,2.58949,0.02137,,1.893e-03,583.5
4230,2.55098,2.55047,0.02553,,1.892e-03,584.8
4240,2.59801,2.59758,0.02164,,1.892e-03,586.2
4250,2.24826,2.24792,0.01683,,1.891e-03,587.5
4260,2.49937,2.49890,0.02348,,1.890e-03,588.8
4270,2.57193,2.57154,0.01956,,1.890e-03,590.2
4280,2.45635,2.45593,0.02101,,1.889e-03,591.5
4290,2.66672,2.66621,0.02544,,1.889e-03,592.8
4300,2.43993,2.43954,0.01924,,1.888e-03,594.2
4310,2.42627,2.42592,0.01712,,1.887e-03,595.5
4320,2.73490,2.73449,0.02049,,1.887e-03,596.9
4330,2.47974,2.47937,0.01870,,1.886e-03,598.3
4340,2.39069,2.39024,0.02223,,1.885e-03,599.5
4350,2.80349,2.80292,0.02886,,1.885e-03,600.7
4360,2.32867,2.32845,0.01087,,1.884e-03,602.0
4370,2.34504,2.34473,0.01571,,1.884e-03,603.4
4380,2.70628,2.70581,0.02378,,1.883e-03,604.7
4390,2.56643,2.56599,0.02191,,1.882e-03,606.0
4400,2.53235,2.53190,0.02261,,1.882e-03,607.4
4410,2.51971,2.51942,0.01460,,1.881e-03,608.7
4420,2.34566,2.34532,0.01694,,1.880e-03,610.0
4430,2.36215,2.36183,0.01606,,1.880e-03,611.3
4440,2.43736,2.43701,0.01743,,1.879e-03,612.6
4450,2.55236,2.55206,0.01493,,1.879e-03,614.0
4460,2.37757,2.37731,0.01301,,1.878e-03,615.2
4470,2.69821,2.69775,0.02298,,1.877e-03,616.6
4480,2.41263,2.41218,0.02286,,1.877e-03,617.9
4490,2.55474,2.55424,0.02498,,1.876e-03,619.3
4500,2.73939,2.73890,0.02438,,1.875e-03,620.6
4510,2.56710,2.56658,0.02598,,1.875e-03,621.9
4520,2.68977,2.68932,0.02264,,1.874e-03,623.3
4530,2.47497,2.47464,0.01673,,1.873e-03,624.6
4540,2.47726,2.47694,0.01610,,1.873e-03,625.9
4550,2.61464,2.61425,0.01960,,1.872e-03,627.3
4560,2.83090,2.83048,0.02092,,1.871e-03,628.6
4570,2.31643,2.31610,0.01690,,1.871e-03,630.0
4580,2.78967,2.78922,0.02269,,1.870e-03,631.4
4590,2.54965,2.54919,0.02282,,1.869e-03,632.6
4600,2.73175,2.73137,0.01916,,1.869e-03,634.0
4610,2.70890,2.70852,0.01913,,1.868e-03,635.3
4620,2.66985,2.66955,0.01477,,1.867e-03,636.6
4630,2.63118,2.63073,0.02242,,1.867e-03,637.9
4640,2.61479,2.61445,0.01672,,1.866e-03,639.2
4650,2.70040,2.70012,0.01383,,1.865e-03,640.6
4660,2.69353,2.69305,0.02364,,1.865e-03,641.9
4670,2.44113,2.44083,0.01463,,1.864e-03,643.2
4680,2.51382,2.51350,0.01632,,1.863e-03,644.5
4690,2.55952,2.55914,0.01924,,1.863e-03,645.9
4700,2.56045,2.56010,0.01765,,1.862e-03,647.3
4710,2.52870,2.52830,0.02007,,1.861e-03,648.6
4720,2.49723,2.49686,0.01879,,1.861e-03,650.0
4730,2.56241,2.56212,0.01447,,1.860e-03,651.3
4740,2.79385,2.79355,0.01536,,1.859e-03,652.7
4750,2.65771,2.65735,0.01773,,1.859e-03,654.0
4760,2.55156,2.55122,0.01699,,1.858e-03,655.4
4770,2.41920,2.41876,0.02235,,1.857e-03,656.7
4780,2.55409,2.55374,0.01746,,1.857e-03,658.1
4790,2.38866,2.38833,0.01678,,1.856e-03,659.4
4800,2.52238,2.52208,0.01481,,1.855e-03,660.7
4810,2.43051,2.43016,0.01713,,1.855e-03,662.1
4820,2.35415,2.35378,0.01849,,1.854e-03,663.4
4830,2.36903,2.36871,0.01601,,1.853e-03,664.7
4840,2.84526,2.84471,0.02764,,1.852e-03,666.1
4850,2.62642,2.62593,0.02418,,1.852e-03,667.4
4860,2.40480,2.40446,0.01696,,1.851e-03,668.8
4870,2.72155,2.72105,0.02504,,1.850e-03,670.1
4880,2.56410,2.56365,0.02221,,1.850e-03,671.5
4890,2.79162,2.79118,0.02248,,1.849e-03,672.8
4900,2.58217,2.58171,0.02292,,1.848e-03,674.1
4910,2.78976,2.78923,0.02649,,1.848e-03,675.5
4920,2.51578,2.51549,0.01475,,1.847e-03,676.9
4930,2.55477,2.55441,0.01796,,1.846e-03,678.2
4940,2.64684,2.64644,0.01977,,1.845e-03,679.5
4950,2.55168,2.55141,0.01338,,1.845e-03,680.9
4960,2.50377,2.50333,0.02222,,1.844e-03,682.3
4970,2.69665,2.69626,0.01931,,1.843e-03,683.6
4980,2.56204,2.56172,0.01574,,1.843e-03,685.0
4990,2.56465,2.56423,0.02054,,1.842e-03,686.3
5000,2.39647,2.39614,0.01686,2.35311,1.841e-03,688.1
5010,2.52720,2.52670,0.02496,,1.840e-03,689.5
5020,2.54085,2.54047,0.01891,,1.840e-03,690.8
5030,2.48053,2.48013,0.02010,,1.839e-03,692.2
5040,2.49735,2.49692,0.02169,,1.838e-03,693.6
5050,2.51353,2.51303,0.02466,,1.837e-03,694.9
5060,2.34991,2.34953,0.01904,,1.837e-03,696.2
5070,2.59333,2.59287,0.02289,,1.836e-03,697.5
5080,2.66296,2.66259,0.01882,,1.835e-03,698.7
5090,2.47737,2.47701,0.01829,,1.835e-03,700.0
5100,2.30946,2.30912,0.01707,,1.834e-03,701.3
5110,2.48855,2.48831,0.01223,,1.833e-03,702.5
5120,2.40332,2.40290,0.02080,,1.832e-03,703.9
5130,2.35367,2.35327,0.02001,,1.832e-03,705.3
5140,2.79682,2.79625,0.02871,,1.831e-03,706.7
5150,2.42672,2.42629,0.02161,,1.830e-03,708.0
5160,2.54537,2.54471,0.03308,,1.829e-03,709.4
5170,2.42188,2.42149,0.01977,,1.829e-03,710.7
5180,2.43026,2.42998,0.01392,,1.828e-03,712.1
5190,2.55302,2.55260,0.02120,,1.827e-03,713.4
5200,2.37135,2.37096,0.01954,,1.826e-03,714.7
5210,2.27978,2.27934,0.02159,,1.826e-03,716.1
5220,2.50966,2.50914,0.02619,,1.825e-03,717.4
5230,2.35992,2.35948,0.02229,,1.824e-03,718.7
5240,2.60588,2.60546,0.02123,,1.823e-03,720.1
5250,2.55592,2.55553,0.01927,,1.823e-03,721.5
5260,2.45509,2.45476,0.01618,,1.822e-03,722.8
5270,2.50384,2.50337,0.02386,,1.821e-03,724.1
5280,2.40128,2.40084,0.02162,,1.820e-03,725.5
5290,2.47026,2.46984,0.02120,,1.820e-03,726.8
5300,2.40894,2.40850,0.02168,,1.819e-03,728.2
5310,2.42935,2.42891,0.02169,,1.818e-03,729.6
5320,2.51086,2.51043,0.02157,,1.817e-03,730.9
5330,2.57815,2.57788,0.01379,,1.816e-03,732.2
5340,2.44627,2.44594,0.01636,,1.816e-03,733.6
5350,2.54214,2.54180,0.01681,,1.815e-03,735.0
5360,2.58338,2.58294,0.02199,,1.814e-03,736.4
5370,2.44613,2.44576,0.01824,,1.813e-03,737.7
5380,2.56837,2.56796,0.02075,,1.813e-03,739.1
5390,2.42145,2.42103,0.02099,,1.812e-03,740.5
5400,2.40448,2.40404,0.02185,,1.811e-03,741.9
5410,2.42015,2.41971,0.02231,,1.810e-03,743.3
5420,2.23799,2.23764,0.01748,,1.809e-03,744.7
5430,2.35976,2.35945,0.01542,,1.809e-03,746.1
5440,2.57604,2.57577,0.01373,,1.808e-03,747.5
5450,2.39694,2.39665,0.01423,,1.807e-03,748.9
5460,2.77781,2.77744,0.01843,,1.806e-03,750.3
5470,2.39945,2.39900,0.02251,,1.806e-03,751.7
5480,2.56983,2.56946,0.01842,,1.805e-03,753.1
5490,2.85805,2.85763,0.02097,,1.804e-03,754.5
5500,2.63579,2.63545,0.01662,,1.803e-03,755.9
5510,2.79766,2.79733,0.01669,,1.802e-03,757.2
5520,2.80209,2.80165,0.02237,,1.802e-03,758.6
5530,2.32826,2.32780,0.02267,,1.801e-03,759.9
5540,2.37675,2.37643,0.01561,,1.800e-03,761.2
5550,2.62899,2.62863,0.01822,,1.799e-03,762.6
5560,2.66568,2.66533,0.01755,,1.798e-03,764.0
5570,2.39170,2.39141,0.01440,,1.798e-03,765.4
5580,2.42307,2.42271,0.01821,,1.797e-03,766.7
5590,2.39479,2.39435,0.02169,,1.796e-03,768.1
5600,2.54262,2.54211,0.02566,,1.795e-03,769.5
5610,2.29382,2.29345,0.01835,,1.794e-03,770.9
5620,2.59797,2.59755,0.02078,,1.794e-03,772.2
5630,2.54841,2.54805,0.01837,,1.793e-03,773.5
5640,2.33412,2.33367,0.02274,,1.792e-03,774.9
5650,2.72200,2.72161,0.01965,,1.791e-03,776.2
5660,2.32648,2.32616,0.01590,,1.790e-03,777.5
5670,2.23511,2.23475,0.01791,,1.789e-03,778.8
5680,2.54195,2.54155,0.01992,,1.789e-03,780.2
5690,2.09552,2.09520,0.01581,,1.788e-03,781.6
5700,2.45540,2.45496,0.02242,,1.787e-03,782.9
5710,2.18933,2.18883,0.02515,,1.786e-03,784.3
5720,2.83244,2.83201,0.02113,,1.785e-03,785.7
5730,2.62236,2.62197,0.01954,,1.785e-03,787.0
5740,2.46813,2.46778,0.01755,,1.784e-03,788.4
5750,2.25303,2.25270,0.01659,,1.783e-03,789.8
5760,2.36759,2.36723,0.01790,,1.782e-03,791.2
5770,2.51156,2.51118,0.01912,,1.781e-03,792.6
5780,2.45797,2.45750,0.02366,,1.780e-03,794.0
5790,2.72616,2.72563,0.02642,,1.780e-03,795.4
5800,2.38878,2.38828,0.02535,,1.779e-03,796.8
5810,2.65598,2.65546,0.02624,,1.778e-03,798.2
5820,2.32773,2.32744,0.01480,,1.777e-03,799.6
5830,2.44198,2.44161,0.01880,,1.776e-03,801.0
5840,2.46164,2.46127,0.01882,,1.775e-03,802.4
5850,2.50915,2.50879,0.01816,,1.774e-03,803.8
5860,2.56014,2.55975,0.01964,,1.774e-03,805.2
5870,2.43972,2.43929,0.02183,,1.773e-03,806.6
5880,2.63060,2.63020,0.01993,,1.772e-03,808.0
5890,2.62196,2.62141,0.02753,,1.771e-03,809.4
5900,2.72699,2.72647,0.02567,,1.770e-03,810.8
5910,2.52060,2.52018,0.02054,,1.769e-03,812.1
5920,2.49335,2.49296,0.01939,,1.769e-03,813.5
5930,2.58411,2.58364,0.02343,,1.768e-03,814.9
5940,2.58609,2.58547,0.03063,,1.767e-03,816.3
5950,2.26674,2.26630,0.02180,,1.766e-03,817.6
5960,2.61295,2.61248,0.02319,,1.765e-03,819.0
5970,2.44405,2.44374,0.01534,,1.764e-03,820.4
5980,2.58923,2.58894,0.01452,,1.763e-03,821.6
5990,2.55008,2.54955,0.02667,,1.763e-03,823.0
6000,2.53352,2.53316,0.01781,2.30909,1.762e-03,824.9
6010,2.33477,2.33436,0.02023,,1.761e-03,826.3
6020,2.50389,2.50344,0.02226,,1.760e-03,827.6
6030,2.32816,2.32778,0.01877,,1.759e-03,829.1
6040,2.50286,2.50244,0.02121,,1.758e-03,830.5
6050,2.42297,2.42274,0.01131,,1.757e-03,831.8
6060,2.51094,2.51046,0.02373,,1.756e-03,833.2
6070,2.39482,2.39445,0.01848,,1.756e-03,834.5
6080,2.45789,2.45733,0.02779,,1.755e-03,835.9
6090,2.53821,2.53786,0.01726,,1.754e-03,837.3
6100,2.65218,2.65178,0.01991,,1.753e-03,838.7
6110,2.32279,2.32250,0.01471,,1.752e-03,840.0
6120,2.60786,2.60758,0.01400,,1.751e-03,841.4
6130,2.52980,2.52935,0.02287,,1.750e-03,842.8
6140,2.39038,2.39004,0.01705,,1.749e-03,844.2
6150,2.65547,2.65501,0.02307,,1.749e-03,845.6
6160,2.45446,2.45395,0.02554,,1.748e-03,847.0
6170,2.39907,2.39873,0.01691,,1.747e-03,848.4
6180,2.55712,2.55670,0.02126,,1.746e-03,849.8
6190,2.64508,2.64458,0.02543,,1.745e-03,851.2
6200,2.47499,2.47455,0.02196,,1.744e-03,852.6
6210,2.20962,2.20934,0.01401,,1.743e-03,854.0
6220,2.55572,2.55538,0.01718,,1.742e-03,855.3
6230,2.82447,2.82373,0.03690,,1.741e-03,856.7
6240,2.32853,2.32814,0.01925,,1.741e-03,858.1
6250,2.72302,2.72277,0.01205,,1.740e-03,859.5
6260,2.43241,2.43193,0.02437,,1.739e-03,860.9
6270,2.48063,2.48009,0.02696,,1.738e-03,862.3
6280,2.62588,2.62539,0.02456,,1.737e-03,863.7
6290,2.69825,2.69774,0.02539,,1.736e-03,865.0
6300,2.50479,2.50435,0.02195,,1.735e-03,866.4
6310,2.18114,2.18078,0.01839,,1.734e-03,867.8
6320,2.58532,2.58485,0.02347,,1.733e-03,869.2
6330,2.48340,2.48297,0.02160,,1.732e-03,870.6
6340,2.28684,2.28651,0.01637,,1.732e-03,872.0
6350,2.46651,2.46613,0.01924,,1.731e-03,873.3
6360,2.55201,2.55160,0.02056,,1.730e-03,874.7
6370,2.69391,2.69352,0.01978,,1.729e-03,876.1
6380,2.45450,2.45415,0.01747,,1.728e-03,877.5
6390,2.53673,2.53627,0.02275,,1.727e-03,878.9
6400,2.29632,2.29595,0.01821,,1.726e-03,880.3
6410,2.45929,2.45893,0.01769,,1.725e-03,881.7
6420,2.54118,2.54089,0.01469,,1.724e-03,883.0
6430,2.41253,2.41218,0.01782,,1.723e-03,884.4
6440,2.23248,2.23217,0.01557,,1.722e-03,885.8
6450,2.39100,2.39050,0.02504,,1.721e-03,887.2
6460,2.51376,2.51336,0.02036,,1.720e-03,888.6
6470,2.38398,2.38361,0.01815,,1.720e-03,890.0
6480,2.47006,2.46958,0.02404,,1.719e-03,891.4
6490,2.55874,2.55827,0.02332,,1.718e-03,892.8
6500,2.56238,2.56196,0.02129,,1.717e-03,894.1
6510,2.66594,2.66545,0.02461,,1.716e-03,895.3
6520,2.37443,2.37400,0.02159,,1.715e-03,896.7
6530,2.41292,2.41261,0.01587,,1.714e-03,898.0
6540,2.48746,2.48705,0.02065,,1.713e-03,899.4
6550,2.38162,2.38125,0.01833,,1.712e-03,900.7
6560,2.81029,2.80985,0.02164,,1.711e-03,902.1
6570,2.25221,2.25188,0.01633,,1.710e-03,903.6
6580,2.43402,2.43343,0.02971,,1.709e-03,904.9
6590,2.63717,2.63679,0.01864,,1.708e-03,906.3
6600,2.45781,2.45728,0.02672,,1.707e-03,907.7
6610,2.39533,2.39501,0.01558,,1.706e-03,909.0
6620,2.57202,2.57163,0.01946,,1.706e-03,910.3
6630,2.20092,2.20051,0.02065,,1.705e-03,911.7
6640,2.53993,2.53941,0.02588,,1.704e-03,913.0
6650,2.53552,2.53494,0.02869,,1.703e-03,914.3
6660,2.64186,2.64152,0.01656,,1.702e-03,915.6
6670,2.39383,2.39348,0.01719,,1.701e-03,917.0
6680,2.55744,2.55697,0.02391,,1.700e-03,918.3
6690,2.57108,2.57076,0.01586,,1.699e-03,919.8
6700,2.56797,2.56749,0.02400,,1.698e-03,921.2
6710,2.44662,2.44625,0.01825,,1.697e-03,922.6
6720,2.57074,2.57030,0.02207,,1.696e-03,923.9
6730,2.52709,2.52681,0.01391,,1.695e-03,925.3
6740,2.41942,2.41896,0.02274,,1.694e-03,926.7
6750,2.50969,2.50932,0.01812,,1.693e-03,928.1
6760,2.44347,2.44299,0.02393,,1.692e-03,929.5
6770,2.29241,2.29209,0.01613,,1.691e-03,930.9
6780,2.25268,2.25225,0.02148,,1.690e-03,932.4
6790,2.34947,2.34910,0.01847,,1.689e-03,933.8
6800,2.62768,2.62726,0.02087,,1.688e-03,935.2
6810,2.65803,2.65742,0.03060,,1.687e-03,936.6
6820,2.54448,2.54407,0.02056,,1.686e-03,938.0
6830,2.60111,2.60072,0.01948,,1.685e-03,939.4
6840,2.22010,2.21968,0.02090,,1.684e-03,940.8
6850,2.36777,2.36737,0.02014,,1.683e-03,942.2
6860,2.36597,2.36562,0.01755,,1.683e-03,943.6
6870,2.68459,2.68398,0.03049,,1.682e-03,945.0
6880,2.40968,2.40922,0.02325,,1.681e-03,946.4
6890,2.41349,2.41303,0.02296,,1.680e-03,947.8
6900,2.31815,2.31774,0.02031,,1.679e-03,949.2
6910,2.31119,2.31071,0.02390,,1.678e-03,950.5
6920,2.42781,2.42740,0.02055,,1.677e-03,952.0
6930,2.32872,2.32834,0.01915,,1.676e-03,953.4
6940,2.54841,2.54810,0.01557,,1.675e-03,954.7
6950,2.66055,2.66025,0.01496,,1.674e-03,956.1
6960,2.52545,2.52508,0.01834,,1.673e-03,957.5
6970,2.39157,2.39109,0.02375,,1.672e-03,958.9
6980,2.62286,2.62249,0.01860,,1.671e-03,960.3
6990,2.54102,2.54047,0.02781,,1.670e-03,961.7
7000,2.39564,2.39511,0.02635,2.27667,1.669e-03,963.5
7010,2.49955,2.49926,0.01455,,1.668e-03,964.9
7020,2.48838,2.48788,0.02506,,1.667e-03,966.3
7030,2.35343,2.35304,0.01945,,1.666e-03,967.7
7040,2.52784,2.52748,0.01782,,1.665e-03,969.2
7050,2.35720,2.35663,0.02881,,1.664e-03,970.5
7060,2.53855,2.53815,0.02002,,1.663e-03,971.9
7070,2.42557,2.42509,0.02406,,1.662e-03,973.3
7080,2.54941,2.54893,0.02365,,1.661e-03,974.6
7090,2.54890,2.54837,0.02624,,1.660e-03,976.0
7100,2.35896,2.35854,0.02075,,1.659e-03,977.4
7110,2.29538,2.29499,0.01927,,1.658e-03,978.8
7120,2.40823,2.40787,0.01799,,1.657e-03,980.3
7130,2.31094,2.31062,0.01575,,1.656e-03,981.7
7140,2.45199,2.45168,0.01528,,1.655e-03,983.1
7150,2.42800,2.42764,0.01799,,1.654e-03,984.5
7160,2.45508,2.45448,0.03026,,1.653e-03,985.9
7170,2.27195,2.27160,0.01742,,1.652e-03,987.3
7180,2.35344,2.35276,0.03417,,1.651e-03,988.7
7190,2.35485,2.35453,0.01622,,1.650e-03,990.1
7200,2.42439,2.42406,0.01668,,1.649e-03,991.5
7210,2.44906,2.44855,0.02502,,1.648e-03,992.9
7220,2.49394,2.49358,0.01768,,1.647e-03,994.3
7230,2.47214,2.47180,0.01672,,1.646e-03,995.7
7240,2.38372,2.38339,0.01671,,1.645e-03,997.1
7250,2.50834,2.50796,0.01904,,1.644e-03,998.5
7260,2.45269,2.45213,0.02786,,1.643e-03,999.8
7270,2.45996,2.45950,0.02284,,1.642e-03,1001.2
7280,2.44900,2.44861,0.01955,,1.641e-03,1002.6
7290,2.31147,2.31108,0.01954,,1.640e-03,1004.0
7300,2.29475,2.29426,0.02430,,1.638e-03,1005.4
7310,2.34220,2.34178,0.02126,,1.637e-03,1006.7
7320,2.33219,2.33188,0.01592,,1.636e-03,1008.1
7330,2.42827,2.42781,0.02272,,1.635e-03,1009.5
7340,2.40827,2.40785,0.02125,,1.634e-03,1011.0
7350,2.48247,2.48202,0.02276,,1.633e-03,1012.3
7360,2.37731,2.37689,0.02078,,1.632e-03,1013.7
7370,2.58966,2.58925,0.02009,,1.631e-03,1015.2
7380,2.66169,2.66104,0.03232,,1.630e-03,1016.6
7390,2.44259,2.44199,0.03011,,1.629e-03,1017.9
7400,2.40174,2.40136,0.01909,,1.628e-03,1019.3
7410,2.32202,2.32167,0.01747,,1.627e-03,1020.7
7420,2.35946,2.35917,0.01433,,1.626e-03,1022.1
7430,2.41987,2.41951,0.01802,,1.625e-03,1023.5
7440,2.58585,2.58529,0.02767,,1.624e-03,1024.8
7450,2.30243,2.30213,0.01488,,1.623e-03,1026.2
7460,2.52747,2.52700,0.02343,,1.622e-03,1027.6
7470,2.72939,2.72900,0.01938,,1.621e-03,1029.0
7480,2.32719,2.32674,0.02229,,1.620e-03,1030.4
7490,2.52850,2.52815,0.01735,,1.619e-03,1031.8
7500,2.39889,2.39857,0.01597,,1.618e-03,1033.1
7510,2.21306,2.21265,0.02021,,1.617e-03,1034.5
7520,2.48746,2.48705,0.02053,,1.616e-03,1035.8
7530,2.71955,2.71914,0.02060,,1.615e-03,1037.2
7540,2.42555,2.42514,0.02067,,1.614e-03,1038.6
7550,2.65315,2.65257,0.02923,,1.612e-03,1040.0
7560,2.38594,2.38555,0.01922,,1.611e-03,1041.3
7570,2.17225,2.17181,0.02201,,1.610e-03,1042.7
7580,2.60028,2.59987,0.02068,,1.609e-03,1044.1
7590,2.54425,2.54387,0.01897,,1.608e-03,1045.6
7600,2.61617,2.61568,0.02441,,1.607e-03,1046.9
7610,2.66894,2.66861,0.01637,,1.606e-03,1048.3
7620,2.31505,2.31477,0.01421,,1.605e-03,1049.7
7630,2.43216,2.43161,0.02740,,1.604e-03,1051.1
7640,2.33050,2.33020,0.01483,,1.603e-03,1052.5
7650,2.40337,2.40302,0.01768,,1.602e-03,1053.9
7660,2.17006,2.16958,0.02422,,1.601e-03,1055.3
7670,2.25598,2.25575,0.01188,,1.600e-03,1056.7
7680,2.56216,2.56184,0.01616,,1.599e-03,1058.1
7690,2.57364,2.57314,0.02501,,1.598e-03,1059.5
7700,2.52653,2.52608,0.02224,,1.597e-03,1060.9
7710,2.46779,2.46738,0.02052,,1.595e-03,1062.3
7720,2.32163,2.32118,0.02286,,1.594e-03,1063.7
7730,2.44248,2.44218,0.01496,,1.593e-03,1065.1
7740,2.50791,2.50747,0.02168,,1.592e-03,1066.5
7750,2.49190,2.49151,0.01952,,1.591e-03,1067.8
7760,2.60635,2.60590,0.02226,,1.590e-03,1069.2
7770,2.37861,2.37837,0.01225,,1.589e-03,1070.6
7780,2.20222,2.20178,0.02214,,1.588e-03,1072.0
7790,2.17336,2.17305,0.01550,,1.587e-03,1073.4
7800,2.49084,2.49042,0.02124,,1.586e-03,1074.8
7810,2.54721,2.54683,0.01885,,1.585e-03,1076.2
7820,2.23968,2.23942,0.01304,,1.584e-03,1077.5
7830,2.44840,2.44795,0.02240,,1.583e-03,1079.0
7840,2.55511,2.55451,0.03000,,1.581e-03,1080.3
7850,2.31909,2.31871,0.01943,,1.580e-03,1081.7
7860,2.40547,2.40492,0.02763,,1.579e-03,1083.1
7870,2.36577,2.36534,0.02183,,1.578e-03,1084.5
7880,2.40994,2.40948,0.02313,,1.577e-03,1085.9
7890,2.50885,2.50834,0.02550,,1.576e-03,1087.3
7900,2.22653,2.22624,0.01459,,1.575e-03,1088.7
7910,2.39888,2.39860,0.01373,,1.574e-03,1090.1
7920,2.60013,2.59969,0.02176,,1.573e-03,1091.5
7930,2.46296,2.46263,0.01669,,1.572e-03,1092.9
7940,2.28331,2.28289,0.02080,,1.571e-03,1094.3
7950,2.51040,2.50994,0.02295,,1.570e-03,1095.8
7960,2.48690,2.48636,0.02731,,1.568e-03,1097.1
7970,2.48299,2.48253,0.02334,,1.567e-03,1098.5
7980,2.32746,2.32726,0.00995,,1.566e-03,1099.9
7990,2.11849,2.11815,0.01676,,1.565e-03,1101.3
8000,2.53960,2.53919,0.02062,2.24878,1.564e-03,1103.1
8010,2.43450,2.43399,0.02547,,1.563e-03,1104.7
8020,2.48708,2.48663,0.02248,,1.562e-03,1106.1
8030,2.39648,2.39608,0.01977,,1.561e-03,1107.6
8040,2.34921,2.34885,0.01837,,1.560e-03,1108.9
8050,2.50631,2.50585,0.02279,,1.559e-03,1110.3
8060,2.38922,2.38872,0.02481,,1.557e-03,1111.7
8070,2.58483,2.58448,0.01727,,1.556e-03,1113.0
8080,2.38762,2.38718,0.02210,,1.555e-03,1114.4
8090,2.28993,2.28952,0.02005,,1.554e-03,1115.7
8100,2.20578,2.20544,0.01665,,1.553e-03,1117.1
8110,2.36239,2.36209,0.01493,,1.552e-03,1118.5
8120,2.41438,2.41398,0.01984,,1.551e-03,1119.9
8130,2.38228,2.38175,0.02656,,1.550e-03,1121.3
8140,2.58255,2.58207,0.02358,,1.549e-03,1122.7
8150,2.40079,2.40048,0.01557,,1.547e-03,1124.1
8160,2.51276,2.51230,0.02320,,1.546e-03,1125.4
8170,2.68536,2.68498,0.01911,,1.545e-03,1126.8
8180,2.24655,2.24615,0.02005,,1.544e-03,1128.2
8190,2.37712,2.37678,0.01714,,1.543e-03,1129.5
8200,2.37853,2.37819,0.01694,,1.542e-03,1130.9
8210,2.33670,2.33634,0.01793,,1.541e-03,1132.3
8220,2.57036,2.56978,0.02929,,1.540e-03,1133.7
8230,2.55880,2.55821,0.02937,,1.538e-03,1135.0
8240,2.29705,2.29667,0.01900,,1.537e-03,1136.4
8250,2.30419,2.30386,0.01666,,1.536e-03,1137.8
8260,2.16447,2.16410,0.01830,,1.535e-03,1139.2
8270,2.61163,2.61122,0.02035,,1.534e-03,1140.6
8280,2.38130,2.38080,0.02475,,1.533e-03,1142.0
8290,2.54059,2.54016,0.02124,,1.532e-03,1143.4
8300,2.46245,2.46193,0.02588,,1.531e-03,1144.8
8310,2.47989,2.47941,0.02417,,1.529e-03,1146.2
8320,2.36454,2.36417,0.01836,,1.528e-03,1147.6
8330,2.43995,2.43936,0.02928,,1.527e-03,1149.0
8340,2.23795,2.23768,0.01361,,1.526e-03,1150.4
8350,2.09644,2.09626,0.00933,,1.525e-03,1151.7
8360,2.37845,2.37806,0.01970,,1.524e-03,1153.1
8370,2.40994,2.40964,0.01479,,1.523e-03,1154.5
8380,2.54495,2.54446,0.02440,,1.522e-03,1155.9
8390,2.67608,2.67553,0.02709,,1.520e-03,1157.2
8400,2.36944,2.36906,0.01904,,1.519e-03,1158.6
8410,2.65365,2.65319,0.02338,,1.518e-03,1160.0
8420,2.29047,2.29009,0.01925,,1.517e-03,1161.4
8430,2.45529,2.45496,0.01667,,1.516e-03,1162.8
8440,2.28506,2.28467,0.01934,,1.515e-03,1164.2
8450,2.23523,2.23474,0.02438,,1.514e-03,1165.6
8460,2.48556,2.48518,0.01898,,1.512e-03,1167.0
8470,2.52431,2.52391,0.02015,,1.511e-03,1168.4
8480,2.48420,2.48390,0.01499,,1.510e-03,1169.8
8490,2.27069,2.27038,0.01562,,1.509e-03,1171.3
8500,2.53234,2.53188,0.02292,,1.508e-03,1172.7
8510,2.31366,2.31332,0.01693,,1.507e-03,1174.1
8520,2.25677,2.25624,0.02658,,1.506e-03,1175.4
8530,2.31093,2.31063,0.01520,,1.504e-03,1176.8
8540,2.49189,2.49153,0.01792,,1.503e-03,1178.1
8550,2.32638,2.32596,0.02110,,1.502e-03,1179.5
8560,2.54290,2.54236,0.02720,,1.501e-03,1180.9
8570,2.20667,2.20623,0.02220,,1.500e-03,1182.3
8580,2.38167,2.38119,0.02407,,1.499e-03,1183.6
8590,2.58199,2.58156,0.02162,,1.497e-03,1184.9
8600,2.36453,2.36407,0.02342,,1.496e-03,1186.3
8610,2.46694,2.46651,0.02107,,1.495e-03,1187.6
8620,2.44685,2.44640,0.02234,,1.494e-03,1189.0
8630,2.55943,2.55889,0.02714,,1.493e-03,1190.3
8640,2.20936,2.20907,0.01439,,1.492e-03,1191.6
8650,2.36913,2.36877,0.01791,,1.491e-03,1192.9
8660,2.22903,2.22878,0.01269,,1.489e-03,1194.3
8670,2.24640,2.24591,0.02442,,1.488e-03,1195.6
8680,2.50057,2.50013,0.02179,,1.487e-03,1196.9
8690,2.58225,2.58187,0.01901,,1.486e-03,1198.2
8700,2.41623,2.41575,0.02426,,1.485e-03,1199.5
8710,2.49059,2.49006,0.02651,,1.484e-03,1200.8
8720,2.20001,2.19966,0.01761,,1.482e-03,1202.1
8730,2.30029,2.30001,0.01417,,1.481e-03,1203.4
8740,2.24643,2.24601,0.02098,,1.480e-03,1204.7
8750,2.28218,2.28176,0.02124,,1.479e-03,1206.1
8760,2.24321,2.24291,0.01514,,1.478e-03,1207.5
8770,2.48543,2.48503,0.01981,,1.477e-03,1208.8
8780,2.41026,2.40970,0.02798,,1.475e-03,1210.2
8790,2.35445,2.35402,0.02146,,1.474e-03,1211.6
8800,2.32723,2.32688,0.01750,,1.473e-03,1212.9
8810,2.22672,2.22628,0.02167,,1.472e-03,1214.1
8820,2.27948,2.27907,0.02065,,1.471e-03,1215.2
8830,2.30426,2.30384,0.02107,,1.470e-03,1216.7
8840,2.43039,2.43004,0.01765,,1.468e-03,1218.0
8850,2.47192,2.47137,0.02781,,1.467e-03,1219.4
8860,2.23690,2.23641,0.02448,,1.466e-03,1220.8
8870,2.08578,2.08538,0.01966,,1.465e-03,1222.2
8880,2.49425,2.49386,0.01957,,1.464e-03,1223.6
8890,2.27343,2.27302,0.02041,,1.462e-03,1225.0
8900,2.51614,2.51575,0.01970,,1.461e-03,1226.3
8910,2.34511,2.34472,0.01925,,1.460e-03,1227.8
8920,2.67122,2.67080,0.02114,,1.459e-03,1229.1
8930,2.29520,2.29479,0.02035,,1.458e-03,1230.4
8940,2.47254,2.47214,0.02026,,1.457e-03,1231.8
8950,2.27226,2.27188,0.01918,,1.455e-03,1233.2
8960,2.24313,2.24271,0.02076,,1.454e-03,1234.6
8970,2.29924,2.29881,0.02124,,1.453e-03,1236.0
8980,2.26491,2.26466,0.01264,,1.452e-03,1237.4
8990,2.30037,2.29985,0.02562,,1.451e-03,1238.8
9000,2.26557,2.26509,0.02399,2.22348,1.449e-03,1240.7
9010,2.39592,2.39552,0.02010,,1.448e-03,1242.1
9020,2.33915,2.33886,0.01468,,1.447e-03,1243.5
9030,2.43756,2.43715,0.02050,,1.446e-03,1244.9
9040,2.38287,2.38252,0.01779,,1.445e-03,1246.3
9050,2.37731,2.37689,0.02098,,1.443e-03,1247.7
9060,2.20106,2.20074,0.01590,,1.442e-03,1249.1
9070,2.23772,2.23721,0.02556,,1.441e-03,1250.5
9080,2.51130,2.51074,0.02771,,1.440e-03,1251.9
9090,2.53626,2.53572,0.02729,,1.439e-03,1253.3
9100,2.36024,2.35979,0.02261,,1.437e-03,1254.6
9110,2.42749,2.42714,0.01758,,1.436e-03,1256.0
9120,2.36749,2.36706,0.02154,,1.435e-03,1257.4
9130,2.53577,2.53525,0.02596,,1.434e-03,1258.8
9140,2.49781,2.49746,0.01774,,1.433e-03,1260.2
9150,2.34003,2.33954,0.02457,,1.431e-03,1261.6
9160,2.46403,2.46359,0.02237,,1.430e-03,1262.9
9170,2.39802,2.39757,0.02238,,1.429e-03,1264.3
9180,2.33672,2.33643,0.01420,,1.428e-03,1265.7
9190,2.37410,2.37375,0.01731,,1.427e-03,1267.1
9200,2.18356,2.18321,0.01715,,1.425e-03,1268.5
9210,2.49358,2.49309,0.02470,,1.424e-03,1269.9
9220,2.19324,2.19294,0.01524,,1.423e-03,1271.3
9230,2.34296,2.34265,0.01533,,1.422e-03,1272.7
9240,2.43497,2.43464,0.01653,,1.421e-03,1274.1
9250,2.20259,2.20226,0.01677,,1.419e-03,1275.5
9260,2.47315,2.47262,0.02644,,1.418e-03,1276.9
9270,2.34736,2.34699,0.01838,,1.417e-03,1278.3
9280,2.27476,2.27438,0.01863,,1.416e-03,1279.7
9290,2.38233,2.38194,0.01935,,1.415e-03,1281.1
9300,2.34593,2.34557,0.01795,,1.413e-03,1282.5
9310,2.45831,2.45805,0.01312,,1.412e-03,1283.9
9320,2.53206,2.53163,0.02167,,1.411e-03,1285.3
9330,2.33065,2.33027,0.01898,,1.410e-03,1286.7
9340,2.29799,2.29755,0.02205,,1.409e-03,1288.1
9350,2.38145,2.38088,0.02864,,1.407e-03,1289.5
9360,2.21236,2.21186,0.02501,,1.406e-03,1290.9
9370,2.06578,2.06542,0.01761,,1.405e-03,1292.2
9380,2.09149,2.09120,0.01444,,1.404e-03,1293.6
9390,2.15627,2.15603,0.01185,,1.402e-03,1295.0
9400,2.49717,2.49666,0.02538,,1.401e-03,1296.4
9410,2.30474,2.30437,0.01838,,1.400e-03,1297.8
9420,2.36545,2.36478,0.03361,,1.399e-03,1299.2
9430,2.53860,2.53819,0.02021,,1.398e-03,1300.6
9440,2.44848,2.44803,0.02251,,1.396e-03,1301.9
9450,2.42301,2.42258,0.02126,,1.395e-03,1303.4
9460,2.20285,2.20250,0.01751,,1.394e-03,1304.8
9470,2.38103,2.38050,0.02637,,1.393e-03,1306.1
9480,2.35581,2.35542,0.01985,,1.391e-03,1307.5
9490,2.23703,2.23659,0.02187,,1.390e-03,1308.9
9500,2.31978,2.31948,0.01477,,1.389e-03,1310.2
9510,2.31737,2.31676,0.03071,,1.388e-03,1311.6
9520,2.57687,2.57639,0.02362,,1.387e-03,1313.0
9530,2.32762,2.32727,0.01757,,1.385e-03,1314.4
9540,2.48126,2.48083,0.02133,,1.384e-03,1315.8
9550,2.29095,2.29059,0.01813,,1.383e-03,1317.1
9560,2.20177,2.20146,0.01538,,1.382e-03,1318.4
9570,2.28177,2.28141,0.01795,,1.380e-03,1319.8
9580,2.35633,2.35607,0.01292,,1.379e-03,1321.2
9590,2.19378,2.19335,0.02149,,1.378e-03,1322.6
9600,2.26608,2.26570,0.01872,,1.377e-03,1324.0
9610,2.48493,2.48419,0.03701,,1.376e-03,1325.4
9620,2.60836,2.60790,0.02293,,1.374e-03,1326.8
9630,2.45078,2.45047,0.01570,,1.373e-03,1328.2
9640,2.32943,2.32890,0.02637,,1.372e-03,1329.6
9650,2.37435,2.37380,0.02723,,1.371e-03,1331.0
9660,2.17489,2.17451,0.01914,,1.369e-03,1332.4
9670,2.20726,2.20684,0.02108,,1.368e-03,1333.8
9680,2.22592,2.22561,0.01529,,1.367e-03,1335.2
9690,2.46981,2.46932,0.02430,,1.366e-03,1336.6
9700,2.40330,2.40292,0.01903,,1.364e-03,1338.0
9710,2.35337,2.35297,0.01973,,1.363e-03,1339.4
9720,2.28036,2.27986,0.02499,,1.362e-03,1340.8
9730,2.50521,2.50483,0.01895,,1.361e-03,1342.2
9740,2.44324,2.44286,0.01930,,1.359e-03,1343.7
9750,2.32673,2.32616,0.02861,,1.358e-03,1345.0
9760,2.13421,2.13382,0.01979,,1.357e-03,1346.4
9770,2.51620,2.51567,0.02636,,1.356e-03,1347.7
9780,2.18349,2.18323,0.01320,,1.354e-03,1349.1
9790,2.26903,2.26863,0.01986,,1.353e-03,1350.5
9800,2.41386,2.41351,0.01756,,1.352e-03,1351.9
9810,2.39885,2.39831,0.02721,,1.351e-03,1353.3
9820,2.52410,2.52383,0.01364,,1.349e-03,1354.6
9830,2.33309,2.33273,0.01760,,1.348e-03,1356.0
9840,2.42105,2.42040,0.03219,,1.347e-03,1357.4
9850,2.28683,2.28651,0.01598,,1.346e-03,1358.8
9860,2.48232,2.48188,0.02229,,1.345e-03,1360.2
9870,2.18923,2.18886,0.01844,,1.343e-03,1361.5
9880,2.35674,2.35632,0.02117,,1.342e-03,1362.8
9890,2.22316,2.22281,0.01742,,1.341e-03,1364.2
9900,2.33429,2.33387,0.02102,,1.340e-03,1365.4
9910,2.30836,2.30798,0.01905,,1.338e-03,1366.8
9920,2.57721,2.57679,0.02106,,1.337e-03,1368.1
9930,2.52542,2.52492,0.02490,,1.336e-03,1369.4
9940,2.41900,2.41859,0.02043,,1.335e-03,1370.8
9950,2.39204,2.39151,0.02643,,1.333e-03,1372.2
9960,2.18335,2.18304,0.01558,,1.332e-03,1373.6
9970,2.13545,2.13516,0.01412,,1.331e-03,1374.9
9980,2.51731,2.51672,0.02980,,1.329e-03,1376.2
9990,2.47254,2.47185,0.03490,,1.328e-03,1377.5
10000,2.23634,2.23607,0.01372,2.19752,1.327e-03,1379.4
10010,2.39797,2.39750,0.02318,,1.326e-03,1380.8
10020,2.29646,2.29595,0.02501,,1.324e-03,1382.1
10030,2.46939,2.46896,0.02159,,1.323e-03,1383.5
10040,2.52952,2.52912,0.01994,,1.322e-03,1384.8
10050,2.19416,2.19375,0.02013,,1.321e-03,1386.2
10060,2.33095,2.33049,0.02320,,1.319e-03,1387.5
10070,2.41980,2.41915,0.03278,,1.318e-03,1389.0
10080,2.16773,2.16738,0.01762,,1.317e-03,1390.3
10090,2.47596,2.47549,0.02357,,1.316e-03,1391.8
10100,2.30513,2.30477,0.01789,,1.314e-03,1393.2
10110,2.43337,2.43269,0.03433,,1.313e-03,1394.5
10120,2.41814,2.41766,0.02401,,1.312e-03,1395.9
10130,2.44459,2.44415,0.02183,,1.311e-03,1397.3
10140,2.33992,2.33958,0.01685,,1.309e-03,1398.7
10150,2.27825,2.27780,0.02240,,1.308e-03,1400.1
10160,2.27097,2.27061,0.01811,,1.307e-03,1401.5
10170,2.18788,2.18731,0.02835,,1.306e-03,1402.9
10180,2.42728,2.42674,0.02670,,1.304e-03,1404.3
10190,2.25796,2.25752,0.02211,,1.303e-03,1405.7
10200,2.09978,2.09938,0.02007,,1.302e-03,1407.0
10210,2.29201,2.29151,0.02497,,1.300e-03,1408.5
10220,2.47732,2.47684,0.02370,,1.299e-03,1409.9
10230,2.39271,2.39239,0.01582,,1.298e-03,1411.3
10240,2.42752,2.42714,0.01887,,1.297e-03,1412.7
10250,2.38871,2.38842,0.01464,,1.295e-03,1414.0
10260,2.43929,2.43876,0.02627,,1.294e-03,1415.4
10270,2.53395,2.53353,0.02103,,1.293e-03,1416.7
10280,2.20985,2.20956,0.01426,,1.292e-03,1418.1
10290,2.23598,2.23549,0.02456,,1.290e-03,1419.5
10300,2.18473,2.18437,0.01789,,1.289e-03,1420.9
10310,2.29449,2.29406,0.02143,,1.288e-03,1422.3
10320,2.55014,2.54970,0.02156,,1.287e-03,1423.6
10330,2.27540,2.27507,0.01626,,1.285e-03,1425.0
10340,2.61089,2.61044,0.02259,,1.284e-03,1426.3
10350,2.45235,2.45192,0.02136,,1.283e-03,1427.7
10360,2.24121,2.24088,0.01613,,1.281e-03,1429.1
10370,2.28857,2.28812,0.02272,,1.280e-03,1430.4
10380,2.37776,2.37739,0.01820,,1.279e-03,1431.8
10390,2.36133,2.36093,0.01986,,1.278e-03,1433.1
10400,2.22852,2.22804,0.02407,,1.276e-03,1434.3
10410,2.49181,2.49139,0.02086,,1.275e-03,1435.7
10420,2.27300,2.27262,0.01888,,1.274e-03,1437.1
10430,2.33708,2.33667,0.02036,,1.272e-03,1438.4
10440,2.44197,2.44159,0.01919,,1.271e-03,1439.8
10450,2.29230,2.29168,0.03088,,1.270e-03,1441.2
10460,2.56343,2.56294,0.02413,,1.269e-03,1442.6
10470,2.31238,2.31206,0.01600,,1.267e-03,1444.0
10480,2.26753,2.26710,0.02154,,1.266e-03,1445.4
10490,2.40983,2.40928,0.02725,,1.265e-03,1446.8
10500,2.30429,2.30394,0.01777,,1.264e-03,1448.2
10510,2.30772,2.30735,0.01862,,1.262e-03,1449.6
10520,2.51833,2.51788,0.02259,,1.261e-03,1451.0
10530,2.46221,2.46181,0.01987,,1.260e-03,1452.3
10540,2.25416,2.25378,0.01899,,1.258e-03,1453.7
10550,2.32033,2.31984,0.02471,,1.257e-03,1455.1
10560,2.54871,2.54817,0.02660,,1.256e-03,1456.5
10570,2.39036,2.38996,0.01982,,1.255e-03,1457.9
10580,2.36180,2.36130,0.02468,,1.253e-03,1459.3
10590,2.51659,2.51606,0.02654,,1.252e-03,1460.7
10600,2.41909,2.41866,0.02182,,1.251e-03,1462.1
10610,2.32337,2.32293,0.02155,,1.249e-03,1463.5
10620,2.40543,2.40514,0.01428,,1.248e-03,1464.9
10630,2.27134,2.27103,0.01549,,1.247e-03,1466.3
10640,2.17157,2.17109,0.02411,,1.246e-03,1467.7
10650,2.31490,2.31443,0.02337,,1.244e-03,1469.1
10660,2.57527,2.57485,0.02109,,1.243e-03,1470.5
10670,1.95941,1.95903,0.01899,,1.242e-03,1471.9
10680,2.23787,2.23758,0.01410,,1.240e-03,1473.3
10690,2.44602,2.44563,0.01916,,1.239e-03,1474.7
10700,2.34040,2.33999,0.02073,,1.238e-03,1476.1
10710,2.20536,2.20470,0.03286,,1.237e-03,1477.5
10720,2.50780,2.50739,0.02019,,1.235e-03,1478.9
10730,2.41584,2.41539,0.02250,,1.234e-03,1480.3
10740,2.38291,2.38241,0.02542,,1.233e-03,1481.7
10750,2.23275,2.23243,0.01605,,1.231e-03,1483.1
10760,2.24812,2.24772,0.02006,,1.230e-03,1484.5
10770,2.21881,2.21826,0.02746,,1.229e-03,1485.9
10780,2.45657,2.45603,0.02677,,1.228e-03,1487.3
10790,2.14277,2.14250,0.01330,,1.226e-03,1488.7
10800,2.20695,2.20674,0.01053,,1.225e-03,1490.0
10810,2.28314,2.28278,0.01816,,1.224e-03,1491.5
10820,2.29079,2.29044,0.01753,,1.222e-03,1492.8
10830,2.34961,2.34913,0.02375,,1.221e-03,1494.2
10840,2.31035,2.30996,0.01979,,1.220e-03,1495.6
10850,2.42874,2.42826,0.02387,,1.218e-03,1497.0
10860,2.20559,2.20529,0.01489,,1.217e-03,1498.5
10870,2.37401,2.37359,0.02118,,1.216e-03,1499.8
10880,2.13814,2.13785,0.01458,,1.215e-03,1501.3
10890,2.23870,2.23836,0.01673,,1.213e-03,1502.7
10900,2.47259,2.47208,0.02564,,1.212e-03,1504.1
10910,2.02003,2.01968,0.01768,,1.211e-03,1505.5
10920,2.43420,2.43388,0.01589,,1.209e-03,1506.9
10930,2.22447,2.22392,0.02726,,1.208e-03,1508.2
10940,2.33515,2.33465,0.02487,,1.207e-03,1509.6
10950,2.12912,2.12885,0.01369,,1.205e-03,1511.0
10960,2.24581,2.24535,0.02327,,1.204e-03,1512.4
10970,2.17336,2.17290,0.02307,,1.203e-03,1513.8
10980,2.37397,2.37353,0.02228,,1.202e-03,1515.2
10990,2.55112,2.55049,0.03187,,1.200e-03,1516.6
11000,2.05429,2.05386,0.02130,2.17622,1.199e-03,1518.5
11010,2.30962,2.30911,0.02540,,1.198e-03,1520.0
11020,2.36190,2.36147,0.02121,,1.196e-03,1521.4
11030,2.24408,2.24358,0.02492,,1.195e-03,1522.7
11040,2.19802,2.19770,0.01626,,1.194e-03,1524.2
11050,2.49242,2.49198,0.02202,,1.192e-03,1525.5
11060,2.17022,2.16974,0.02420,,1.191e-03,1526.9
11070,2.29725,2.29683,0.02091,,1.190e-03,1528.3
11080,2.33749,2.33716,0.01634,,1.189e-03,1529.7
11090,2.26221,2.26176,0.02244,,1.187e-03,1531.1
11100,2.27515,2.27463,0.02622,,1.186e-03,1532.5
11110,2.38955,2.38897,0.02892,,1.185e-03,1533.9
11120,2.13156,2.13119,0.01823,,1.183e-03,1535.3
11130,2.28104,2.28048,0.02796,,1.182e-03,1536.8
11140,2.20795,2.20755,0.01959,,1.181e-03,1538.2
11150,2.43136,2.43067,0.03443,,1.179e-03,1539.6
11160,2.50611,2.50560,0.02579,,1.178e-03,1541.0
11170,2.25887,2.25859,0.01400,,1.177e-03,1542.4
11180,2.40579,2.40528,0.02512,,1.176e-03,1543.8
11190,2.22909,2.22861,0.02355,,1.174e-03,1545.2
11200,2.11744,2.11703,0.02009,,1.173e-03,1546.6
11210,2.01289,2.01262,0.01305,,1.172e-03,1548.0
11220,2.32742,2.32683,0.02943,,1.170e-03,1549.4
11230,2.23774,2.23728,0.02290,,1.169e-03,1550.8
11240,2.21542,2.21501,0.02040,,1.168e-03,1552.2
11250,2.22120,2.22083,0.01849,,1.166e-03,1553.5
11260,2.32939,2.32892,0.02373,,1.165e-03,1554.9
11270,2.11828,2.11786,0.02081,,1.164e-03,1556.2
11280,2.23078,2.23029,0.02415,,1.162e-03,1557.6
11290,2.20416,2.20376,0.02037,,1.161e-03,1559.1
11300,2.19620,2.19578,0.02097,,1.160e-03,1560.5
11310,2.10058,2.10023,0.01726,,1.159e-03,1561.8
11320,2.25136,2.25124,0.00598,,1.157e-03,1563.2
11330,2.31726,2.31677,0.02443,,1.156e-03,1564.6
11340,2.46022,2.45978,0.02195,,1.155e-03,1565.9
11350,2.39344,2.39292,0.02580,,1.153e-03,1567.4
11360,2.13472,2.13429,0.02155,,1.152e-03,1568.7
11370,2.00460,2.00431,0.01466,,1.151e-03,1570.1
11380,2.39476,2.39433,0.02149,,1.149e-03,1571.5
11390,2.36025,2.35983,0.02114,,1.148e-03,1572.9
11400,2.16236,2.16192,0.02235,,1.147e-03,1574.3
11410,2.51793,2.51756,0.01862,,1.145e-03,1575.7
11420,2.27835,2.27791,0.02184,,1.144e-03,1577.0
11430,2.24145,2.24115,0.01514,,1.143e-03,1578.4
11440,2.17912,2.17882,0.01504,,1.141e-03,1579.8
11450,2.19490,2.19453,0.01869,,1.140e-03,1581.3
11460,2.25812,2.25763,0.02475,,1.139e-03,1582.7
11470,2.29078,2.29046,0.01563,,1.138e-03,1584.0
11480,2.25552,2.25523,0.01417,,1.136e-03,1585.4
11490,2.21495,2.21452,0.02169,,1.135e-03,1586.8
11500,2.29980,2.29927,0.02653,,1.134e-03,1588.2
11510,2.22742,2.22698,0.02197,,1.132e-03,1589.6
11520,2.31509,2.31450,0.02948,,1.131e-03,1590.9
11530,2.39551,2.39515,0.01785,,1.130e-03,1592.3
11540,2.43423,2.43373,0.02480,,1.128e-03,1593.6
11550,2.01622,2.01587,0.01773,,1.127e-03,1595.0
11560,2.28348,2.28310,0.01897,,1.126e-03,1596.4
11570,2.05322,2.05276,0.02269,,1.124e-03,1597.8
11580,2.14643,2.14599,0.02199,,1.123e-03,1599.1
11590,2.13029,2.12999,0.01537,,1.122e-03,1600.5
11600,2.27696,2.27652,0.02220,,1.120e-03,1601.9
11610,2.39288,2.39249,0.01998,,1.119e-03,1603.3
11620,2.35643,2.35602,0.02050,,1.118e-03,1604.7
11630,2.09645,2.09609,0.01804,,1.117e-03,1606.1
11640,2.17454,2.17413,0.02015,,1.115e-03,1607.5
11650,2.28454,2.28401,0.02661,,1.114e-03,1608.9
11660,2.37492,2.37441,0.02524,,1.113e-03,1610.3
11670,2.45067,2.45030,0.01855,,1.111e-03,1611.7
11680,2.26248,2.26216,0.01570,,1.110e-03,1613.1
11690,2.10431,2.10391,0.01995,,1.109e-03,1614.5
11700,2.24203,2.24143,0.02958,,1.107e-03,1615.8
11710,2.18341,2.18299,0.02077,,1.106e-03,1617.2
11720,2.01041,2.01001,0.01973,,1.105e-03,1618.5
11730,2.44442,2.44382,0.03002,,1.103e-03,1619.9
11740,2.15563,2.15538,0.01258,,1.102e-03,1621.3
11750,2.32831,2.32777,0.02728,,1.101e-03,1622.7
11760,2.21065,2.21033,0.01635,,1.099e-03,1624.1
11770,1.98311,1.98274,0.01847,,1.098e-03,1625.5
11780,2.45517,2.45474,0.02166,,1.097e-03,1626.9
11790,2.43474,2.43423,0.02530,,1.095e-03,1628.4
11800,2.18158,2.18125,0.01672,,1.094e-03,1629.8
11810,2.19845,2.19805,0.01997,,1.093e-03,1631.2
11820,2.22801,2.22766,0.01744,,1.091e-03,1632.6
11830,2.25699,2.25665,0.01702,,1.090e-03,1634.0
11840,2.26901,2.26846,0.02780,,1.089e-03,1635.3
11850,1.93298,1.93255,0.02119,,1.088e-03,1636.7
11860,2.14793,2.14748,0.02260,,1.086e-03,1638.1
11870,2.12969,2.12931,0.01908,,1.085e-03,1639.3
11880,2.08113,2.08083,0.01508,,1.084e-03,1640.7
11890,2.12046,2.12008,0.01906,,1.082e-03,1642.1
11900,2.20471,2.20419,0.02585,,1.081e-03,1643.5
11910,2.40025,2.39972,0.02645,,1.080e-03,1644.9
11920,2.39637,2.39587,0.02512,,1.078e-03,1646.4
11930,2.26298,2.26272,0.01300,,1.077e-03,1647.8
11940,2.09348,2.09302,0.02323,,1.076e-03,1649.1
11950,2.20032,2.19992,0.02015,,1.074e-03,1650.5
11960,2.41035,2.40980,0.02771,,1.073e-03,1651.9
11970,2.29854,2.29810,0.02207,,1.072e-03,1653.2
11980,2.33506,2.33468,0.01868,,1.070e-03,1654.6
11990,2.24440,2.24409,0.01537,,1.069e-03,1655.9
12000,2.37189,2.37148,0.02083,2.15921,1.068e-03,1657.7
12010,2.41100,2.41062,0.01896,,1.066e-03,1659.3
12020,2.16530,2.16495,0.01755,,1.065e-03,1660.7
12030,2.35661,2.35618,0.02141,,1.064e-03,1662.1
12040,2.25403,2.25359,0.02196,,1.062e-03,1663.5
12050,2.23809,2.23774,0.01733,,1.061e-03,1664.9
12060,2.42698,2.42644,0.02716,,1.060e-03,1666.1
12070,2.35471,2.35402,0.03426,,1.058e-03,1667.4
12080,2.14795,2.14766,0.01445,,1.057e-03,1668.8
12090,2.40552,2.40500,0.02578,,1.056e-03,1670.1
12100,2.08421,2.08384,0.01856,,1.055e-03,1671.5
12110,2.17990,2.17951,0.01932,,1.053e-03,1672.9
12120,2.21031,2.20989,0.02130,,1.052e-03,1674.3
12130,2.44808,2.44763,0.02238,,1.051e-03,1675.7
12140,2.17029,2.16991,0.01896,,1.049e-03,1677.1
12150,2.46911,2.46881,0.01509,,1.048e-03,1678.5
12160,2.01069,2.01037,0.01579,,1.047e-03,1679.9
12170,2.39576,2.39530,0.02292,,1.045e-03,1681.2
12180,2.22051,2.22000,0.02556,,1.044e-03,1682.6
12190,2.31594,2.31549,0.02249,,1.043e-03,1684.0
12200,2.29727,2.29680,0.02356,,1.041e-03,1685.4
12210,2.08473,2.08445,0.01399,,1.040e-03,1686.8
12220,2.31965,2.31923,0.02130,,1.039e-03,1688.2
12230,2.25325,2.25281,0.02161,,1.037e-03,1689.5
12240,2.25544,2.25508,0.01819,,1.036e-03,1690.9
12250,2.20143,2.20097,0.02331,,1.035e-03,1692.2
12260,2.16560,2.16514,0.02290,,1.033e-03,1693.6
12270,2.26350,2.26297,0.02695,,1.032e-03,1695.0
12280,2.20465,2.20427,0.01896,,1.031e-03,1696.4
12290,2.21742,2.21695,0.02360,,1.029e-03,1697.8
12300,2.30827,2.30775,0.02634,,1.028e-03,1699.2
12310,2.12867,2.12839,0.01399,,1.027e-03,1700.6
12320,1.91731,1.91695,0.01809,,1.025e-03,1702.0
12330,2.20255,2.20218,0.01876,,1.024e-03,1703.4
12340,2.55716,2.55675,0.02060,,1.023e-03,1704.8
12350,2.18970,2.18922,0.02398,,1.021e-03,1706.2
12360,2.42281,2.42238,0.02158,,1.020e-03,1707.6
12370,2.35872,2.35828,0.02188,,1.019e-03,1709.0
12380,2.40236,2.40181,0.02753,,1.017e-03,1710.4
12390,2.45176,2.45112,0.03184,,1.016e-03,1711.8
12400,2.14984,2.14944,0.02017,,1.015e-03,1713.1
12410,2.14092,2.14053,0.01964,,1.014e-03,1714.5
12420,1.95221,1.95192,0.01464,,1.012e-03,1715.9
12430,2.34281,2.34248,0.01639,,1.011e-03,1717.3
12440,2.28280,2.28249,0.01530,,1.010e-03,1718.7
12450,2.18190,2.18154,0.01808,,1.008e-03,1719.9
12460,2.15526,2.15488,0.01915,,1.007e-03,1721.3
12470,2.24138,2.24101,0.01843,,1.006e-03,1722.7
12480,2.39833,2.39782,0.02532,,1.004e-03,1724.1
12490,2.13617,2.13569,0.02394,,1.003e-03,1725.5
12500,2.22720,2.22681,0.01956,,1.002e-03,1726.9
12510,2.03328,2.03287,0.02047,,1.000e-03,1728.3
12520,2.17149,2.17119,0.01503,,9.990e-04,1729.7
12530,2.38411,2.38373,0.01866,,9.977e-04,1731.1
12540,2.45675,2.45629,0.02319,,9.963e-04,1732.4
12550,2.43733,2.43682,0.02515,,9.950e-04,1733.8
12560,2.23071,2.23025,0.02323,,9.937e-04,1735.2
12570,2.54291,2.54253,0.01925,,9.924e-04,1736.6
12580,2.35340,2.35303,0.01833,,9.910e-04,1737.9
12590,2.20537,2.20498,0.01933,,9.897e-04,1739.3
12600,2.43897,2.43828,0.03471,,9.884e-04,1740.7
12610,2.10904,2.10863,0.02077,,9.871e-04,1742.0
12620,2.20807,2.20760,0.02345,,9.858e-04,1743.4
12630,2.28386,2.28330,0.02795,,9.844e-04,1744.8
12640,2.37812,2.37771,0.02038,,9.831e-04,1746.2
12650,2.08183,2.08148,0.01733,,9.818e-04,1747.6
12660,2.08551,2.08513,0.01934,,9.805e-04,1749.0
12670,2.25352,2.25301,0.02556,,9.791e-04,1750.4
12680,2.35149,2.35109,0.01964,,9.778e-04,1751.7
12690,1.94142,1.94113,0.01437,,9.765e-04,1753.2
12700,2.34385,2.34344,0.02052,,9.752e-04,1754.5
12710,2.21948,2.21914,0.01706,,9.739e-04,1755.9
12720,2.33775,2.33729,0.02323,,9.725e-04,1757.3
12730,2.27893,2.27852,0.02069,,9.712e-04,1758.7
12740,2.31552,2.31518,0.01724,,9.699e-04,1760.1
12750,2.29140,2.29089,0.02531,,9.686e-04,1761.5
12760,2.35386,2.35351,0.01751,,9.673e-04,1762.9
12770,2.33257,2.33211,0.02330,,9.659e-04,1764.3
12780,2.22470,2.22439,0.01552,,9.646e-04,1765.7
12790,1.92928,1.92888,0.01997,,9.633e-04,1767.1
12800,2.11176,2.11133,0.02134,,9.620e-04,1768.5
12810,2.30909,2.30853,0.02790,,9.607e-04,1769.9
12820,2.36390,2.36349,0.02069,,9.593e-04,1771.2
12830,2.08415,2.08387,0.01416,,9.580e-04,1772.7
12840,2.38354,2.38317,0.01892,,9.567e-04,1774.1
12850,2.29531,2.29494,0.01834,,9.554e-04,1775.4
12860,2.25614,2.25559,0.02746,,9.541e-04,1776.8
12870,2.14378,2.14339,0.01957,,9.527e-04,1778.2
12880,2.27091,2.27035,0.02817,,9.514e-04,1779.6
12890,2.30721,2.30660,0.03043,,9.501e-04,1781.0
12900,2.21103,2.21060,0.02149,,9.488e-04,1782.4
12910,2.40704,2.40663,0.02053,,9.475e-04,1783.8
12920,2.05206,2.05161,0.02260,,9.461e-04,1785.2
12930,2.22950,2.22911,0.01941,,9.448e-04,1786.6
12940,2.10745,2.10694,0.02572,,9.435e-04,1788.0
12950,2.15121,2.15086,0.01785,,9.422e-04,1789.4
12960,2.04745,2.04701,0.02171,,9.409e-04,1790.8
12970,2.44280,2.44224,0.02777,,9.396e-04,1792.2
12980,2.18424,2.18373,0.02554,,9.382e-04,1793.5
12990,2.29737,2.29683,0.02690,,9.369e-04,1795.0
13000,2.21883,2.21827,0.02791,2.13844,9.356e-04,1796.9
13010,2.36282,2.36227,0.02715,,9.343e-04,1798.3
13020,2.50870,2.50819,0.02559,,9.330e-04,1799.7
13030,2.53034,2.52997,0.01850,,9.316e-04,1801.1
13040,2.11100,2.11055,0.02255,,9.303e-04,1802.5
13050,2.38138,2.38087,0.02546,,9.290e-04,1803.9
13060,2.24920,2.24889,0.01589,,9.277e-04,1805.3
13070,1.99611,1.99584,0.01342,,9.264e-04,1806.6
13080,1.99934,1.99902,0.01561,,9.251e-04,1808.0
13090,2.06897,2.06854,0.02161,,9.237e-04,1809.5
13100,2.07803,2.07766,0.01832,,9.224e-04,1810.9
13110,2.16308,2.16267,0.02064,,9.211e-04,1812.3
13120,2.10209,2.10178,0.01522,,9.198e-04,1813.7
13130,2.28502,2.28452,0.02498,,9.185e-04,1815.1
13140,2.07527,2.07492,0.01773,,9.172e-04,1816.5
13150,2.27266,2.27232,0.01718,,9.159e-04,1817.9
13160,2.25562,2.25524,0.01902,,9.145e-04,1819.2
13170,2.20350,2.20311,0.01960,,9.132e-04,1820.5
13180,1.98756,1.98723,0.01649,,9.119e-04,1821.9
13190,2.17850,2.17814,0.01846,,9.106e-04,1823.3
13200,2.22623,2.22583,0.01993,,9.093e-04,1824.6
13210,2.19407,2.19366,0.02083,,9.080e-04,1825.8
13220,2.16572,2.16528,0.02223,,9.067e-04,1827.1
13230,2.07976,2.07929,0.02306,,9.053e-04,1828.4
13240,2.39583,2.39542,0.02053,,9.040e-04,1829.6
13250,2.24007,2.23964,0.02165,,9.027e-04,1831.0
13260,2.27531,2.27480,0.02547,,9.014e-04,1832.3
13270,2.02339,2.02303,0.01764,,9.001e-04,1833.7
13280,2.26201,2.26142,0.02936,,8.988e-04,1835.0
13290,2.60585,2.60519,0.03288,,8.975e-04,1836.4
13300,2.29197,2.29154,0.02165,,8.962e-04,1837.7
13310,2.18528,2.18471,0.02851,,8.948e-04,1839.1
13320,2.25761,2.25717,0.02237,,8.935e-04,1840.3
13330,2.36055,2.36014,0.02073,,8.922e-04,1841.6
13340,2.20788,2.20753,0.01752,,8.909e-04,1842.8
13350,2.27890,2.27843,0.02367,,8.896e-04,1844.0
13360,2.05969,2.05916,0.02615,,8.883e-04,1845.3
13370,1.97635,1.97601,0.01705,,8.870e-04,1846.6
13380,2.25059,2.25020,0.01973,,8.857e-04,1847.9
13390,2.21138,2.21108,0.01483,,8.844e-04,1849.1
13400,2.16388,2.16355,0.01614,,8.830e-04,1850.4
13410,2.18603,2.18554,0.02414,,8.817e-04,1851.6
13420,2.13576,2.13532,0.02197,,8.804e-04,1852.9
13430,2.27263,2.27216,0.02377,,8.791e-04,1854.1
13440,2.29022,2.28993,0.01448,,8.778e-04,1855.3
13450,2.58281,2.58219,0.03096,,8.765e-04,1856.6
13460,2.14427,2.14382,0.02271,,8.752e-04,1858.0
13470,2.24794,2.24764,0.01490,,8.739e-04,1859.2
13480,2.21789,2.21756,0.01609,,8.726e-04,1860.4
13490,2.16351,2.16321,0.01491,,8.713e-04,1861.7
13500,2.37932,2.37891,0.02049,,8.700e-04,1862.9
13510,2.27509,2.27455,0.02730,,8.687e-04,1864.2
13520,2.29429,2.29392,0.01877,,8.673e-04,1865.5
13530,2.22790,2.22747,0.02150,,8.660e-04,1866.9
13540,2.28045,2.28019,0.01294,,8.647e-04,1868.3
13550,2.18286,2.18240,0.02305,,8.634e-04,1869.7
13560,2.34040,2.34004,0.01786,,8.621e-04,1871.0
13570,2.07708,2.07676,0.01602,,8.608e-04,1872.4
13580,2.34302,2.34264,0.01868,,8.595e-04,1873.7
13590,2.08356,2.08319,0.01854,,8.582e-04,1875.1
13600,2.26398,2.26335,0.03149,,8.569e-04,1876.5
13610,2.06340,2.06318,0.01069,,8.556e-04,1877.9
13620,2.17299,2.17257,0.02121,,8.543e-04,1879.2
13630,2.26121,2.26087,0.01731,,8.530e-04,1880.6
13640,2.00841,2.00788,0.02648,,8.517e-04,1882.0
13650,2.24740,2.24675,0.03262,,8.504e-04,1883.4
13660,2.16397,2.16363,0.01656,,8.491e-04,1884.7
13670,2.07517,2.07481,0.01813,,8.478e-04,1886.1
13680,2.10453,2.10405,0.02374,,8.465e-04,1887.4
13690,1.93511,1.93470,0.02056,,8.452e-04,1888.8
13700,2.02596,2.02554,0.02130,,8.439e-04,1890.1
13710,2.02777,2.02752,0.01245,,8.426e-04,1891.5
13720,2.28822,2.28771,0.02514,,8.413e-04,1892.9
13730,2.15881,2.15850,0.01562,,8.400e-04,1894.3
13740,2.01697,2.01659,0.01926,,8.387e-04,1895.6
13750,2.11647,2.11618,0.01442,,8.374e-04,1897.0
13760,2.15338,2.15302,0.01764,,8.361e-04,1898.3
13770,2.37340,2.37277,0.03143,,8.348e-04,1899.7
13780,2.25122,2.25074,0.02396,,8.335e-04,1901.1
13790,2.03227,2.03190,0.01849,,8.322e-04,1902.4
13800,2.11766,2.11742,0.01246,,8.309e-04,1903.8
13810,2.04517,2.04479,0.01896,,8.296e-04,1905.2
13820,2.18933,2.18889,0.02209,,8.283e-04,1906.6
13830,2.21054,2.21006,0.02420,,8.270e-04,1908.0
13840,2.23141,2.23081,0.02971,,8.257e-04,1909.3
13850,2.09951,2.09919,0.01578,,8.244e-04,1910.7
13860,2.31571,2.31529,0.02070,,8.231e-04,1912.0
13870,2.26192,2.26154,0.01923,,8.218e-04,1913.3
13880,2.47060,2.47015,0.02265,,8.205e-04,1914.7
13890,2.18135,2.18085,0.02460,,8.192e-04,1916.1
13900,2.08067,2.08022,0.02254,,8.179e-04,1917.4
13910,2.04318,2.04285,0.01646,,8.166e-04,1918.8
13920,2.26128,2.26090,0.01896,,8.153e-04,1920.1
13930,2.36089,2.36026,0.03153,,8.140e-04,1921.5
13940,1.98164,1.98122,0.02092,,8.128e-04,1922.9
13950,2.29200,2.29146,0.02715,,8.115e-04,1924.3
13960,1.96858,1.96815,0.02118,,8.102e-04,1925.6
13970,2.07567,2.07527,0.01999,,8.089e-04,1927.0
13980,2.24125,2.24080,0.02258,,8.076e-04,1928.3
13990,2.03129,2.03094,0.01748,,8.063e-04,1929.6
14000,2.22335,2.22290,0.02296,2.12243,8.050e-04,1931.5
14010,2.08902,2.08868,0.01673,,8.037e-04,1932.9
14020,2.24601,2.24555,0.02281,,8.024e-04,1934.3
14030,2.29588,2.29543,0.02254,,8.011e-04,1935.6
14040,2.17442,2.17411,0.01538,,7.998e-04,1937.0
14050,1.99693,1.99668,0.01256,,7.986e-04,1938.4
14060,2.16739,2.16687,0.02622,,7.973e-04,1939.8
14070,2.24782,2.24732,0.02505,,7.960e-04,1941.1
14080,2.59824,2.59783,0.02080,,7.947e-04,1942.4
14090,2.00495,2.00465,0.01486,,7.934e-04,1943.8
14100,2.26159,2.26125,0.01689,,7.921e-04,1945.2
14110,2.13033,2.13003,0.01502,,7.908e-04,1946.6
14120,2.41617,2.41570,0.02342,,7.896e-04,1948.0
14130,2.41645,2.41606,0.01965,,7.883e-04,1949.4
14140,2.17225,2.17187,0.01908,,7.870e-04,1950.7
14150,2.24231,2.24191,0.01987,,7.857e-04,1952.1
14160,2.13978,2.13933,0.02237,,7.844e-04,1953.5
14170,2.16160,2.16123,0.01879,,7.831e-04,1954.9
14180,2.02322,2.02282,0.02038,,7.818e-04,1956.2
14190,1.94718,1.94675,0.02157,,7.806e-04,1957.6
14200,2.07061,2.07025,0.01803,,7.793e-04,1958.9
14210,2.23345,2.23303,0.02101,,7.780e-04,1960.3
14220,2.30828,2.30767,0.03070,,7.767e-04,1961.7
14230,2.42429,2.42386,0.02157,,7.754e-04,1963.0
14240,2.26424,2.26376,0.02420,,7.742e-04,1964.4
14250,2.19709,2.19660,0.02462,,7.729e-04,1965.8
14260,2.27153,2.27099,0.02678,,7.716e-04,1967.2
14270,2.39103,2.39048,0.02760,,7.703e-04,1968.5
14280,1.98224,1.98190,0.01698,,7.690e-04,1969.8
14290,2.37736,2.37695,0.02059,,7.678e-04,1971.2
14300,2.42256,2.42192,0.03211,,7.665e-04,1972.6
14310,2.07923,2.07881,0.02058,,7.652e-04,1973.9
14320,2.25452,2.25413,0.01946,,7.639e-04,1975.3
14330,2.22620,2.22581,0.01977,,7.627e-04,1976.7
14340,2.23794,2.23755,0.01901,,7.614e-04,1978.1
14350,2.43023,2.42965,0.02907,,7.601e-04,1979.5
14360,1.98950,1.98903,0.02311,,7.588e-04,1980.9
14370,2.00464,2.00430,0.01749,,7.576e-04,1982.3
14380,1.98559,1.98529,0.01495,,7.563e-04,1983.6
14390,2.21901,2.21853,0.02428,,7.550e-04,1985.0
14400,2.38009,2.37954,0.02766,,7.537e-04,1986.4
14410,2.08935,2.08891,0.02191,,7.525e-04,1987.7
14420,2.28104,2.28056,0.02397,,7.512e-04,1989.1
14430,2.30898,2.30860,0.01879,,7.499e-04,1990.4
14440,2.03839,2.03806,0.01623,,7.486e-04,1991.8
14450,2.05981,2.05959,0.01102,,7.474e-04,1993.1
14460,2.31564,2.31514,0.02494,,7.461e-04,1994.5
14470,2.03109,2.03071,0.01908,,7.448e-04,1995.9
14480,2.18451,2.18422,0.01471,,7.436e-04,1997.3
14490,2.26422,2.26387,0.01792,,7.423e-04,1998.7
14500,2.25473,2.25438,0.01746,,7.410e-04,2000.1
14510,2.11085,2.11039,0.02304,,7.398e-04,2001.5
14520,1.92501,1.92461,0.02012,,7.385e-04,2002.8
14530,2.11898,2.11861,0.01808,,7.372e-04,2004.2
14540,1.98834,1.98790,0.02205,,7.360e-04,2005.5
14550,2.19823,2.19773,0.02472,,7.347e-04,2006.8
14560,2.22071,2.22030,0.02027,,7.334e-04,2008.1
14570,2.23657,2.23613,0.02227,,7.322e-04,2009.4
14580,2.18705,2.18664,0.02048,,7.309e-04,2010.8
14590,2.13150,2.13095,0.02752,,7.296e-04,2012.1
14600,2.05347,2.05298,0.02446,,7.284e-04,2013.5
14610,2.29406,2.29347,0.02931,,7.271e-04,2014.9
14620,2.07519,2.07482,0.01849,,7.259e-04,2016.2
14630,2.34951,2.34888,0.03161,,7.246e-04,2017.5
14640,2.14254,2.14206,0.02395,,7.233e-04,2018.9
14650,2.00401,2.00362,0.01934,,7.221e-04,2020.2
14660,2.31465,2.31421,0.02212,,7.208e-04,2021.5
14670,2.22516,2.22483,0.01645,,7.196e-04,2022.8
14680,2.46136,2.46094,0.02104,,7.183e-04,2024.1
14690,2.15208,2.15166,0.02138,,7.170e-04,2025.5
14700,1.94825,1.94805,0.00997,,7.158e-04,2026.7
14710,2.26690,2.26628,0.03113,,7.145e-04,2028.1
14720,2.18854,2.18811,0.02180,,7.133e-04,2029.4
14730,2.18105,2.18058,0.02351,,7.120e-04,2030.8
14740,2.17979,2.17929,0.02524,,7.108e-04,2032.2
14750,1.97646,1.97614,0.01615,,7.095e-04,2033.6
14760,2.22701,2.22655,0.02328,,7.082e-04,2035.0
14770,2.01267,2.01241,0.01312,,7.070e-04,2036.4
14780,1.99019,1.98993,0.01304,,7.057e-04,2037.7
14790,2.49456,2.49400,0.02804,,7.045e-04,2039.1
14800,2.42982,2.42929,0.02609,,7.032e-04,2040.4
14810,2.16148,2.16103,0.02231,,7.020e-04,2041.8
14820,2.09218,2.09178,0.01976,,7.007e-04,2043.2
14830,1.97203,1.97160,0.02190,,6.995e-04,2044.5
14840,2.10495,2.10449,0.02286,,6.982e-04,2045.8
14850,2.17944,2.17904,0.01984,,6.970e-04,2047.2
14860,2.22647,2.22604,0.02138,,6.957e-04,2048.5
14870,2.20075,2.20021,0.02674,,6.945e-04,2049.9
14880,2.18608,2.18550,0.02910,,6.932e-04,2051.3
14890,2.04055,2.04016,0.01925,,6.920e-04,2052.6
14900,2.21400,2.21353,0.02354,,6.908e-04,2054.0
14910,2.27316,2.27254,0.03096,,6.895e-04,2055.3
14920,2.12391,2.12337,0.02689,,6.883e-04,2056.7
14930,1.97585,1.97547,0.01888,,6.870e-04,2058.0
14940,2.35654,2.35602,0.02580,,6.858e-04,2059.4
14950,2.10393,2.10348,0.02292,,6.845e-04,2060.8
14960,2.23206,2.23168,0.01911,,6.833e-04,2062.2
14970,2.23281,2.23228,0.02649,,6.820e-04,2063.5
14980,2.12999,2.12966,0.01654,,6.808e-04,2064.9
14990,2.15830,2.15795,0.01772,,6.796e-04,2066.3
15000,2.13795,2.13753,0.02068,2.11094,6.783e-04,2068.1
15010,2.00217,2.00178,0.01936,,6.771e-04,2069.5
15020,2.03817,2.03779,0.01909,,6.758e-04,2070.8
15030,2.06700,2.06656,0.02228,,6.746e-04,2072.2
15040,1.98134,1.98092,0.02061,,6.734e-04,2073.5
15050,1.94514,1.94475,0.01953,,6.721e-04,2074.9
15060,2.23216,2.23176,0.02019,,6.709e-04,2076.2
15070,2.13763,2.13725,0.01863,,6.697e-04,2077.6
15080,2.03443,2.03402,0.02061,,6.684e-04,2079.0
15090,2.27162,2.27108,0.02676,,6.672e-04,2080.3
15100,1.87065,1.87025,0.02032,,6.660e-04,2081.7
15110,1.86326,1.86288,0.01899,,6.647e-04,2083.1
15120,2.17191,2.17145,0.02328,,6.635e-04,2084.4
15130,1.95745,1.95704,0.02075,,6.623e-04,2085.8
15140,2.04635,2.04597,0.01874,,6.610e-04,2087.2
15150,2.07904,2.07858,0.02309,,6.598e-04,2088.6
15160,2.34739,2.34683,0.02824,,6.586e-04,2090.0
15170,2.15618,2.15575,0.02181,,6.573e-04,2091.4
15180,2.30853,2.30796,0.02810,,6.561e-04,2092.8
15190,2.10986,2.10952,0.01716,,6.549e-04,2094.2
15200,2.05757,2.05711,0.02307,,6.537e-04,2095.5
15210,2.13457,2.13410,0.02321,,6.524e-04,2096.9
15220,1.75633,1.75596,0.01840,,6.512e-04,2098.3
15230,2.07716,2.07673,0.02157,,6.500e-04,2099.8
15240,2.13018,2.12967,0.02553,,6.488e-04,2101.1
15250,2.27875,2.27827,0.02402,,6.475e-04,2102.5
15260,1.98597,1.98558,0.01981,,6.463e-04,2103.9
15270,2.04175,2.04137,0.01914,,6.451e-04,2105.3
15280,2.13352,2.13316,0.01798,,6.439e-04,2106.7
15290,1.87531,1.87507,0.01162,,6.427e-04,2108.1
15300,2.22687,2.22646,0.02019,,6.414e-04,2109.5
15310,2.37520,2.37476,0.02214,,6.402e-04,2110.9
15320,2.15875,2.15824,0.02567,,6.390e-04,2112.2
15330,2.21876,2.21834,0.02110,,6.378e-04,2113.6
15340,2.16517,2.16464,0.02605,,6.366e-04,2115.1
15350,2.14480,2.14427,0.02694,,6.353e-04,2116.5
15360,2.02489,2.02452,0.01853,,6.341e-04,2117.8
15370,2.34709,2.34663,0.02300,,6.329e-04,2119.2
15380,2.12767,2.12721,0.02279,,6.317e-04,2120.6
15390,2.26110,2.26036,0.03694,,6.305e-04,2121.9
15400,2.21792,2.21759,0.01659,,6.293e-04,2123.3
15410,1.98923,1.98893,0.01490,,6.281e-04,2124.8
15420,2.04613,2.04568,0.02281,,6.268e-04,2126.2
15430,2.30625,2.30567,0.02907,,6.256e-04,2127.5
15440,2.27302,2.27257,0.02236,,6.244e-04,2128.9
15450,2.18491,2.18445,0.02285,,6.232e-04,2130.2
15460,2.04759,2.04721,0.01884,,6.220e-04,2131.6
15470,2.31378,2.31328,0.02525,,6.208e-04,2133.0
15480,2.05666,2.05638,0.01385,,6.196e-04,2134.4
15490,2.24802,2.24751,0.02555,,6.184e-04,2135.8
15500,2.32724,2.32684,0.02006,,6.172e-04,2137.2
15510,2.31190,2.31144,0.02278,,6.160e-04,2138.5
15520,2.38668,2.38637,0.01570,,6.148e-04,2140.0
15530,2.00252,2.00221,0.01531,,6.136e-04,2141.3
15540,2.26605,2.26560,0.02237,,6.124e-04,2142.7
15550,2.18025,2.17985,0.02013,,6.112e-04,2144.1
15560,2.15372,2.15339,0.01629,,6.100e-04,2145.5
15570,2.16230,2.16188,0.02121,,6.088e-04,2146.9
15580,2.04805,2.04760,0.02225,,6.076e-04,2148.3
15590,2.12764,2.12723,0.02047,,6.064e-04,2149.7
15600,2.28303,2.28248,0.02724,,6.052e-04,2151.0
15610,2.04758,2.04720,0.01888,,6.040e-04,2152.4
15620,2.24982,2.24936,0.02320,,6.028e-04,2153.8
15630,2.10307,2.10260,0.02346,,6.016e-04,2155.2
15640,1.98529,1.98491,0.01873,,6.004e-04,2156.6
15650,2.17845,2.17809,0.01815,,5.992e-04,2158.0
15660,1.97380,1.97354,0.01277,,5.980e-04,2159.3
15670,2.18077,2.18038,0.01981,,5.968e-04,2160.6
15680,2.18001,2.17937,0.03222,,5.956e-04,2162.0
15690,2.08997,2.08952,0.02266,,5.944e-04,2163.4
15700,1.96131,1.96072,0.02938,,5.932e-04,2164.7
15710,1.91367,1.91337,0.01481,,5.920e-04,2166.1
15720,2.11739,2.11701,0.01883,,5.908e-04,2167.5
15730,2.13064,2.13020,0.02195,,5.896e-04,2168.9
15740,2.03382,2.03335,0.02368,,5.885e-04,2170.3
15750,2.06037,2.05999,0.01930,,5.873e-04,2171.7
15760,1.91660,1.91625,0.01773,,5.861e-04,2173.1
15770,2.14502,2.14457,0.02266,,5.849e-04,2174.4
15780,2.28271,2.28227,0.02176,,5.837e-04,2175.8
15790,2.13664,2.13622,0.02098,,5.825e-04,2177.2
15800,2.02776,2.02734,0.02127,,5.813e-04,2178.6
15810,2.17242,2.17203,0.01931,,5.802e-04,2180.0
15820,2.16272,2.16233,0.01961,,5.790e-04,2181.4
15830,1.98522,1.98482,0.01986,,5.778e-04,2182.8
15840,2.23956,2.23904,0.02593,,5.766e-04,2184.2
15850,2.17697,2.17662,0.01764,,5.754e-04,2185.6
15860,2.27456,2.27407,0.02469,,5.743e-04,2187.0
15870,2.16106,2.16049,0.02839,,5.731e-04,2188.4
15880,2.02470,2.02431,0.01981,,5.719e-04,2189.8
15890,2.23448,2.23417,0.01549,,5.707e-04,2191.1
15900,2.21286,2.21243,0.02191,,5.696e-04,2192.5
15910,2.40164,2.40103,0.03038,,5.684e-04,2193.8
15920,2.27592,2.27549,0.02118,,5.672e-04,2195.2
15930,2.35199,2.35147,0.02607,,5.660e-04,2196.6
15940,2.27950,2.27903,0.02339,,5.649e-04,2198.0
15950,2.16876,2.16840,0.01790,,5.637e-04,2199.4
15960,2.03554,2.03523,0.01531,,5.625e-04,2200.7
15970,2.15415,2.15377,0.01854,,5.614e-04,2202.0
15980,2.35669,2.35614,0.02738,,5.602e-04,2203.3
15990,2.20982,2.20932,0.02513,,5.590e-04,2204.7
16000,2.22721,2.22666,0.02762,2.10079,5.579e-04,2206.5
16010,2.35455,2.35427,0.01414,,5.567e-04,2208.2
16020,1.89650,1.89614,0.01787,,5.555e-04,2209.5
16030,2.52432,2.52390,0.02118,,5.544e-04,2210.9
16040,2.24811,2.24772,0.01947,,5.532e-04,2212.2
16050,2.26502,2.26467,0.01733,,5.520e-04,2213.6
16060,2.09454,2.09412,0.02119,,5.509e-04,2215.0
16070,2.23767,2.23719,0.02384,,5.497e-04,2216.3
16080,2.01250,2.01216,0.01672,,5.486e-04,2217.7
16090,2.05087,2.05045,0.02070,,5.474e-04,2219.0
16100,2.21584,2.21550,0.01722,,5.462e-04,2220.4
16110,2.37283,2.37230,0.02681,,5.451e-04,2221.8
16120,2.04163,2.04123,0.02008,,5.439e-04,2223.2
16130,2.05492,2.05462,0.01497,,5.428e-04,2224.5
16140,2.00920,2.00884,0.01836,,5.416e-04,2225.9
16150,2.04847,2.04793,0.02683,,5.405e-04,2227.2
16160,1.99275,1.99237,0.01882,,5.393e-04,2228.6
16170,2.22393,2.22344,0.02418,,5.382e-04,2230.0
16180,2.22136,2.22089,0.02377,,5.370e-04,2231.4
16190,2.13123,2.13091,0.01636,,5.359e-04,2232.7
16200,2.39243,2.39186,0.02834,,5.347e-04,2234.1
16210,2.05873,2.05836,0.01857,,5.336e-04,2235.4
16220,2.21473,2.21426,0.02319,,5.324e-04,2236.7
16230,2.03817,2.03767,0.02501,,5.313e-04,2238.1
16240,2.12826,2.12792,0.01710,,5.301e-04,2239.5
16250,2.25954,2.25891,0.03138,,5.290e-04,2240.9
16260,2.06725,2.06679,0.02275,,5.278e-04,2242.3
16270,2.13847,2.13802,0.02258,,5.267e-04,2243.6
16280,2.05865,2.05813,0.02602,,5.255e-04,2245.0
16290,2.02350,2.02304,0.02295,,5.244e-04,2246.4
16300,2.13748,2.13705,0.02176,,5.233e-04,2247.8
16310,2.04725,2.04668,0.02859,,5.221e-04,2249.2
16320,2.14656,2.14619,0.01874,,5.210e-04,2250.6
16330,2.19790,2.19750,0.01991,,5.198e-04,2252.0
16340,2.20970,2.20920,0.02509,,5.187e-04,2253.3
16350,1.96368,1.96332,0.01764,,5.176e-04,2254.6
16360,2.23782,2.23739,0.02156,,5.164e-04,2256.0
16370,2.13322,2.13272,0.02496,,5.153e-04,2257.3
16380,2.08812,2.08772,0.02025,,5.142e-04,2258.7
16390,1.97711,1.97673,0.01880,,5.130e-04,2260.1
16400,2.10948,2.10903,0.02279,,5.119e-04,2261.4
16410,2.01491,2.01464,0.01323,,5.108e-04,2262.8
16420,2.18655,2.18604,0.02566,,5.096e-04,2264.2
16430,2.19694,2.19655,0.01950,,5.085e-04,2265.6
16440,2.32926,2.32875,0.02546,,5.074e-04,2266.9
16450,1.89465,1.89429,0.01791,,5.063e-04,2268.3
16460,2.16064,2.16018,0.02322,,5.051e-04,2269.7
16470,2.46462,2.46405,0.02851,,5.040e-04,2271.1
16480,2.13116,2.13087,0.01448,,5.029e-04,2272.5
16490,1.75350,1.75320,0.01513,,5.018e-04,2273.8
16500,2.02259,2.02213,0.02315,,5.006e-04,2275.1
16510,2.11984,2.11926,0.02903,,4.995e-04,2276.5
16520,2.10288,2.10247,0.02040,,4.984e-04,2277.9
16530,2.07657,2.07615,0.02096,,4.973e-04,2279.3
16540,1.84591,1.84562,0.01462,,4.962e-04,2280.6
16550,2.06591,2.06539,0.02587,,4.950e-04,2282.0
16560,2.14810,2.14770,0.02032,,4.939e-04,2283.3
16570,2.11381,2.11342,0.01948,,4.928e-04,2284.7
16580,1.82592,1.82558,0.01708,,4.917e-04,2286.1
16590,1.98707,1.98675,0.01611,,4.906e-04,2287.5
16600,2.30282,2.30217,0.03289,,4.895e-04,2288.9
16610,1.96352,1.96320,0.01624,,4.884e-04,2290.3
16620,2.10158,2.10122,0.01789,,4.873e-04,2291.7
16630,1.85599,1.85571,0.01423,,4.861e-04,2293.1
16640,2.13836,2.13780,0.02793,,4.850e-04,2294.5
16650,2.11553,2.11488,0.03233,,4.839e-04,2295.9
16660,1.99934,1.99906,0.01360,,4.828e-04,2297.3
16670,2.40310,2.40257,0.02654,,4.817e-04,2298.6
16680,2.12323,2.12293,0.01508,,4.806e-04,2300.0
16690,1.99379,1.99349,0.01524,,4.795e-04,2301.4
16700,2.11224,2.11158,0.03307,,4.784e-04,2302.7
16710,2.25125,2.25080,0.02264,,4.773e-04,2304.1
16720,2.07368,2.07324,0.02177,,4.762e-04,2305.5
16730,2.28874,2.28833,0.02070,,4.751e-04,2306.9
16740,2.14787,2.14751,0.01755,,4.740e-04,2308.3
16750,2.25181,2.25135,0.02336,,4.729e-04,2309.7
16760,2.01023,2.00981,0.02054,,4.718e-04,2311.0
16770,2.23743,2.23710,0.01677,,4.707e-04,2312.4
16780,2.10480,2.10425,0.02737,,4.696e-04,2313.8
16790,2.30936,2.30889,0.02352,,4.685e-04,2315.2
16800,2.07919,2.07876,0.02125,,4.674e-04,2316.5
16810,1.95870,1.95829,0.02075,,4.663e-04,2317.9
16820,2.11110,2.11071,0.01942,,4.652e-04,2319.2
16830,1.94947,1.94910,0.01870,,4.642e-04,2320.6
16840,2.43970,2.43913,0.02885,,4.631e-04,2322.0
16850,2.30232,2.30178,0.02678,,4.620e-04,2323.4
16860,2.34128,2.34068,0.02964,,4.609e-04,2324.8
16870,2.05711,2.05676,0.01762,,4.598e-04,2326.2
16880,2.30234,2.30181,0.02615,,4.587e-04,2327.6
16890,2.14073,2.14033,0.01998,,4.576e-04,2329.0
16900,1.83696,1.83666,0.01508,,4.566e-04,2330.4
16910,2.14142,2.14094,0.02415,,4.555e-04,2331.8
16920,1.93956,1.93920,0.01822,,4.544e-04,2333.1
16930,2.02527,2.02477,0.02520,,4.533e-04,2334.5
16940,2.06713,2.06677,0.01818,,4.522e-04,2335.9
16950,2.33547,2.33486,0.03091,,4.512e-04,2337.4
16960,2.10019,2.09977,0.02125,,4.501e-04,2338.8
16970,2.11857,2.11819,0.01918,,4.490e-04,2340.1
16980,2.19206,2.19165,0.02062,,4.479e-04,2341.5
16990,2.05679,2.05634,0.02268,,4.469e-04,2342.8
17000,2.27053,2.27015,0.01866,2.09714,4.458e-04,2344.7
17010,1.99679,1.99650,0.01465,,4.447e-04,2346.0
17020,1.77029,1.77002,0.01367,,4.436e-04,2347.4
17030,2.27998,2.27945,0.02648,,4.426e-04,2348.8
17040,2.32203,2.32156,0.02360,,4.415e-04,2350.1
17050,2.19922,2.19872,0.02479,,4.404e-04,2351.5
17060,2.16577,2.16531,0.02324,,4.394e-04,2352.9
17070,2.25587,2.25523,0.03171,,4.383e-04,2354.3
17080,2.20947,2.20912,0.01726,,4.373e-04,2355.6
17090,2.15097,2.15053,0.02213,,4.362e-04,2357.0
17100,2.10201,2.10143,0.02903,,4.351e-04,2358.4
17110,2.02749,2.02705,0.02196,,4.341e-04,2359.8
17120,1.90997,1.90957,0.01990,,4.330e-04,2361.2
17130,2.37949,2.37898,0.02549,,4.319e-04,2362.6
17140,2.05836,2.05793,0.02163,,4.309e-04,2364.0
17150,2.01368,2.01306,0.03115,,4.298e-04,2365.4
17160,2.31427,2.31388,0.01980,,4.288e-04,2366.8
17170,2.15943,2.15896,0.02344,,4.277e-04,2368.2
17180,2.14881,2.14833,0.02430,,4.267e-04,2369.6
17190,2.05703,2.05648,0.02702,,4.256e-04,2370.9
17200,2.33625,2.33569,0.02794,,4.246e-04,2372.3
17210,2.16764,2.16713,0.02529,,4.235e-04,2373.7
17220,2.16256,2.16210,0.02320,,4.225e-04,2375.1
17230,2.11870,2.11822,0.02417,,4.214e-04,2376.5
17240,1.98507,1.98469,0.01930,,4.204e-04,2377.9
17250,2.02706,2.02667,0.01975,,4.193e-04,2379.3
17260,2.22508,2.22454,0.02683,,4.183e-04,2380.7
17270,2.09184,2.09138,0.02295,,4.172e-04,2382.0
17280,2.20241,2.20188,0.02684,,4.162e-04,2383.4
17290,2.18572,2.18517,0.02775,,4.152e-04,2384.8
17300,2.17143,2.17083,0.02998,,4.141e-04,2386.2
17310,2.12103,2.12056,0.02366,,4.131e-04,2387.6
17320,2.23311,2.23265,0.02308,,4.120e-04,2388.9
17330,2.28630,2.28592,0.01924,,4.110e-04,2390.3
17340,1.95557,1.95519,0.01906,,4.100e-04,2391.7
17350,2.10853,2.10821,0.01620,,4.089e-04,2393.0
17360,2.22028,2.21980,0.02368,,4.079e-04,2394.3
17370,1.77320,1.77291,0.01443,,4.069e-04,2395.8
17380,2.07219,2.07194,0.01279,,4.058e-04,2397.2
17390,2.24338,2.24296,0.02133,,4.048e-04,2398.5
17400,2.11330,2.11292,0.01907,,4.038e-04,2399.9
17410,1.87749,1.87712,0.01868,,4.028e-04,2401.2
17420,2.10974,2.10945,0.01466,,4.017e-04,2402.6
17430,2.15733,2.15695,0.01907,,4.007e-04,2404.0
17440,2.19614,2.19560,0.02706,,3.997e-04,2405.3
17450,2.09133,2.09091,0.02113,,3.987e-04,2406.7
17460,2.18205,2.18165,0.02027,,3.976e-04,2408.0
17470,1.97499,1.97466,0.01653,,3.966e-04,2409.4
17480,2.05619,2.05584,0.01781,,3.956e-04,2410.8
17490,2.16480,2.16420,0.03030,,3.946e-04,2412.1
17500,2.03652,2.03608,0.02195,,3.936e-04,2413.5
17510,2.13149,2.13111,0.01886,,3.925e-04,2414.9
17520,2.01425,2.01394,0.01591,,3.915e-04,2416.3
17530,2.24794,2.24748,0.02282,,3.905e-04,2417.7
17540,2.12836,2.12782,0.02705,,3.895e-04,2419.1
17550,2.28905,2.28864,0.02042,,3.885e-04,2420.4
17560,2.21028,2.20982,0.02328,,3.875e-04,2421.8
17570,1.95906,1.95863,0.02157,,3.865e-04,2423.2
17580,1.96325,1.96292,0.01633,,3.855e-04,2424.6
17590,2.05821,2.05782,0.01929,,3.844e-04,2425.9
17600,2.04658,2.04622,0.01794,,3.834e-04,2427.4
17610,2.25752,2.25705,0.02343,,3.824e-04,2428.8
17620,1.96840,1.96801,0.01964,,3.814e-04,2430.1
17630,2.31427,2.31378,0.02443,,3.804e-04,2431.5
17640,2.10248,2.10192,0.02774,,3.794e-04,2432.8
17650,2.03695,2.03652,0.02143,,3.784e-04,2434.2
17660,2.08783,2.08742,0.02041,,3.774e-04,2435.6
17670,2.29476,2.29426,0.02524,,3.764e-04,2437.0
17680,2.09924,2.09888,0.01810,,3.754e-04,2438.4
17690,1.95599,1.95567,0.01598,,3.744e-04,2439.8
17700,2.24739,2.24701,0.01880,,3.734e-04,2441.1
17710,2.17356,2.17299,0.02885,,3.725e-04,2442.5
17720,1.92607,1.92573,0.01706,,3.715e-04,2443.9
17730,2.38434,2.38355,0.03953,,3.705e-04,2445.3
17740,1.98590,1.98522,0.03392,,3.695e-04,2446.7
17750,1.99131,1.99097,0.01705,,3.685e-04,2448.1
17760,2.38924,2.38871,0.02624,,3.675e-04,2449.4
17770,2.13470,2.13424,0.02296,,3.665e-04,2450.8
17780,1.84620,1.84571,0.02469,,3.655e-04,2452.2
17790,1.95768,1.95713,0.02740,,3.645e-04,2453.6
17800,2.12800,2.12762,0.01892,,3.636e-04,2455.0
17810,1.92136,1.92104,0.01566,,3.626e-04,2456.4
17820,2.17459,2.17413,0.02278,,3.616e-04,2457.7
17830,2.17245,2.17209,0.01810,,3.606e-04,2459.0
17840,2.03239,2.03196,0.02148,,3.596e-04,2460.4
17850,1.95796,1.95757,0.01928,,3.587e-04,2461.8
17860,1.99979,1.99947,0.01571,,3.577e-04,2463.2
17870,2.05723,2.05686,0.01819,,3.567e-04,2464.5
17880,2.26452,2.26400,0.02608,,3.557e-04,2466.0
17890,1.99972,1.99939,0.01633,,3.548e-04,2467.4
17900,1.68441,1.68418,0.01153,,3.538e-04,2468.7
17910,1.84294,1.84263,0.01538,,3.528e-04,2470.1
17920,1.97259,1.97214,0.02263,,3.519e-04,2471.5
17930,1.97429,1.97388,0.02052,,3.509e-04,2472.9
17940,2.00442,2.00393,0.02433,,3.499e-04,2474.3
17950,2.04667,2.04621,0.02341,,3.490e-04,2475.7
17960,2.34965,2.34923,0.02131,,3.480e-04,2477.0
17970,1.95113,1.95066,0.02336,,3.470e-04,2478.3
17980,1.96859,1.96826,0.01664,,3.461e-04,2479.7
17990,2.22606,2.22568,0.01913,,3.451e-04,2481.0
18000,2.10555,2.10521,0.01695,2.10226,3.442e-04,2482.9
18010,1.93117,1.93071,0.02282,,3.432e-04,2484.2
18020,2.16204,2.16166,0.01913,,3.423e-04,2485.6
18030,1.91640,1.91593,0.02343,,3.413e-04,2487.0
18040,2.00444,2.00409,0.01767,,3.403e-04,2488.4
18050,1.94942,1.94905,0.01896,,3.394e-04,2489.7
18060,1.93983,1.93947,0.01813,,3.384e-04,2491.1
18070,1.95968,1.95920,0.02385,,3.375e-04,2492.4
18080,1.95934,1.95909,0.01251,,3.365e-04,2493.8
18090,1.98548,1.98505,0.02138,,3.356e-04,2495.2
18100,1.99078,1.99039,0.01919,,3.347e-04,2496.6
18110,1.92201,1.92161,0.02001,,3.337e-04,2498.0
18120,2.14504,2.14455,0.02472,,3.328e-04,2499.3
18130,2.05413,2.05377,0.01809,,3.318e-04,2500.7
18140,1.99763,1.99713,0.02490,,3.309e-04,2502.1
18150,2.06087,2.06044,0.02147,,3.299e-04,2503.4
18160,1.94872,1.94825,0.02321,,3.290e-04,2504.8
18170,1.93951,1.93909,0.02101,,3.281e-04,2506.1
18180,2.08259,2.08207,0.02611,,3.271e-04,2507.5
18190,2.09962,2.09922,0.02009,,3.262e-04,2508.8
18200,2.15430,2.15388,0.02100,,3.253e-04,2510.2
18210,1.93425,1.93385,0.01996,,3.243e-04,2511.6
18220,2.18043,2.18009,0.01719,,3.234e-04,2512.9
18230,1.85803,1.85777,0.01293,,3.225e-04,2514.3
18240,2.21736,2.21687,0.02419,,3.215e-04,2515.7
18250,2.13546,2.13497,0.02418,,3.206e-04,2517.0
18260,2.04299,2.04257,0.02124,,3.197e-04,2518.3
18270,1.96364,1.96317,0.02368,,3.188e-04,2519.7
18280,2.20102,2.20063,0.01941,,3.178e-04,2521.1
18290,1.94831,1.94788,0.02142,,3.169e-04,2522.5
18300,2.12624,2.12571,0.02678,,3.160e-04,2524.0
18310,1.79901,1.79886,0.00739,,3.151e-04,2525.3
18320,1.81774,1.81735,0.01955,,3.142e-04,2526.7
18330,2.08026,2.07976,0.02540,,3.132e-04,2528.0
18340,2.21062,2.21012,0.02512,,3.123e-04,2529.4
18350,1.97471,1.97426,0.02269,,3.114e-04,2530.8
18360,2.20629,2.20597,0.01563,,3.105e-04,2532.2
18370,1.90971,1.90924,0.02374,,3.096e-04,2533.5
18380,1.69579,1.69552,0.01356,,3.087e-04,2534.9
18390,2.15103,2.15057,0.02268,,3.078e-04,2536.3
18400,2.24009,2.23963,0.02318,,3.069e-04,2537.6
18410,1.95265,1.95231,0.01678,,3.060e-04,2539.0
18420,2.01411,2.01377,0.01723,,3.050e-04,2540.4
18430,2.08329,2.08278,0.02513,,3.041e-04,2541.7
18440,1.99761,1.99712,0.02412,,3.032e-04,2543.1
18450,1.99496,1.99450,0.02337,,3.023e-04,2544.4
18460,2.11575,2.11549,0.01318,,3.014e-04,2545.8
18470,2.01397,2.01361,0.01756,,3.005e-04,2547.2
18480,2.12890,2.12831,0.02979,,2.996e-04,2548.6
18490,2.06849,2.06802,0.02323,,2.988e-04,2550.0
18500,2.03204,2.03170,0.01693,,2.979e-04,2551.3
18510,2.09117,2.09072,0.02227,,2.970e-04,2552.7
18520,1.98062,1.98011,0.02562,,2.961e-04,2554.1
18530,2.17749,2.17699,0.02515,,2.952e-04,2555.5
18540,2.08004,2.07964,0.02023,,2.943e-04,2556.8
18550,1.95109,1.95069,0.02003,,2.934e-04,2558.2
18560,2.08876,2.08830,0.02283,,2.925e-04,2559.6
18570,2.03482,2.03452,0.01523,,2.916e-04,2561.0
18580,1.85490,1.85447,0.02164,,2.907e-04,2562.4
18590,1.95614,1.95562,0.02648,,2.899e-04,2563.7
18600,2.13062,2.13010,0.02586,,2.890e-04,2565.2
18610,2.29985,2.29933,0.02604,,2.881e-04,2566.6
18620,2.11011,2.10975,0.01806,,2.872e-04,2567.9
18630,1.93310,1.93282,0.01396,,2.863e-04,2569.3
18640,2.07752,2.07710,0.02104,,2.855e-04,2570.7
18650,2.21448,2.21401,0.02342,,2.846e-04,2572.1
18660,2.11526,2.11485,0.02032,,2.837e-04,2573.5
18670,1.95781,1.95738,0.02136,,2.828e-04,2575.0
18680,1.97151,1.97125,0.01293,,2.820e-04,2576.3
18690,2.13741,2.13694,0.02333,,2.811e-04,2577.7
18700,2.15585,2.15535,0.02524,,2.802e-04,2579.1
18710,2.04873,2.04838,0.01770,,2.794e-04,2580.5
18720,1.98149,1.98113,0.01819,,2.785e-04,2581.9
18730,1.96565,1.96527,0.01914,,2.776e-04,2583.2
18740,2.00727,2.00680,0.02350,,2.768e-04,2584.6
18750,2.14286,2.14246,0.02025,,2.759e-04,2586.0
18760,2.10123,2.10089,0.01701,,2.751e-04,2587.4
18770,1.80912,1.80873,0.01959,,2.742e-04,2588.7
18780,1.92005,1.91966,0.01945,,2.733e-04,2590.0
18790,2.07469,2.07430,0.01962,,2.725e-04,2591.3
18800,1.99767,1.99710,0.02872,,2.716e-04,2592.6
18810,2.15002,2.14936,0.03317,,2.708e-04,2593.9
18820,2.21993,2.21941,0.02610,,2.699e-04,2595.2
18830,1.71461,1.71428,0.01664,,2.691e-04,2596.5
18840,2.08833,2.08787,0.02325,,2.682e-04,2597.8
18850,1.88199,1.88157,0.02111,,2.674e-04,2599.1
18860,2.09535,2.09474,0.03017,,2.665e-04,2600.5
18870,1.93992,1.93943,0.02406,,2.657e-04,2601.8
18880,1.85697,1.85647,0.02509,,2.648e-04,2603.2
18890,2.30234,2.30172,0.03118,,2.640e-04,2604.5
18900,1.99326,1.99285,0.02058,,2.632e-04,2605.9
18910,1.93810,1.93773,0.01883,,2.623e-04,2607.3
18920,2.08016,2.07966,0.02525,,2.615e-04,2608.6
18930,1.96191,1.96138,0.02668,,2.606e-04,2610.0
18940,1.77226,1.77197,0.01431,,2.598e-04,2611.4
18950,1.88222,1.88193,0.01464,,2.590e-04,2612.6
18960,2.28233,2.28189,0.02182,,2.581e-04,2613.8
18970,2.32830,2.32776,0.02701,,2.573e-04,2615.1
18980,1.69917,1.69881,0.01759,,2.565e-04,2616.5
18990,2.00298,2.00252,0.02313,,2.557e-04,2617.8
19000,1.89652,1.89617,0.01744,2.10948,2.548e-04,2619.6
19010,2.16395,2.16342,0.02687,,2.540e-04,2621.0
19020,2.04625,2.04574,0.02563,,2.532e-04,2622.4
19030,1.76815,1.76777,0.01906,,2.524e-04,2623.7
19040,2.09356,2.09293,0.03170,,2.515e-04,2625.1
19050,1.89217,1.89175,0.02077,,2.507e-04,2626.5
19060,1.91261,1.91212,0.02436,,2.499e-04,2627.8
19070,2.06407,2.06361,0.02320,,2.491e-04,2629.0
19080,2.05377,2.05342,0.01747,,2.483e-04,2630.3
19090,2.02231,2.02187,0.02203,,2.475e-04,2631.7
19100,1.92134,1.92093,0.02091,,2.466e-04,2633.0
19110,1.94177,1.94130,0.02352,,2.458e-04,2634.4
19120,2.12658,2.12606,0.02597,,2.450e-04,2635.8
19130,1.95904,1.95869,0.01745,,2.442e-04,2637.2
19140,1.95839,1.95812,0.01344,,2.434e-04,2638.6
19150,1.93259,1.93207,0.02591,,2.426e-04,2640.0
19160,1.79898,1.79863,0.01727,,2.418e-04,2641.3
19170,2.23527,2.23490,0.01882,,2.410e-04,2642.7
19180,1.92987,1.92945,0.02111,,2.402e-04,2644.1
19190,2.16992,2.16957,0.01775,,2.394e-04,2645.4
19200,1.84210,1.84167,0.02177,,2.386e-04,2646.7
19210,1.91501,1.91459,0.02088,,2.378e-04,2648.1
19220,1.84241,1.84201,0.01978,,2.370e-04,2649.5
19230,1.99234,1.99197,0.01822,,2.362e-04,2650.9
19240,1.79721,1.79686,0.01765,,2.354e-04,2652.3
19250,2.05528,2.05473,0.02790,,2.346e-04,2653.7
19260,1.84733,1.84687,0.02261,,2.338e-04,2655.1
19270,2.03529,2.03479,0.02523,,2.330e-04,2656.4
19280,1.98150,1.98113,0.01883,,2.322e-04,2657.8
19290,1.89235,1.89205,0.01509,,2.315e-04,2659.2
19300,2.01641,2.01610,0.01517,,2.307e-04,2660.6
19310,1.79774,1.79736,0.01890,,2.299e-04,2662.0
19320,1.92842,1.92775,0.03350,,2.291e-04,2663.3
19330,1.88170,1.88140,0.01535,,2.283e-04,2664.7
19340,1.98186,1.98139,0.02330,,2.276e-04,2666.1
19350,2.12621,2.12552,0.03491,,2.268e-04,2667.4
19360,1.97293,1.97254,0.01914,,2.260e-04,2668.8
19370,2.18454,2.18409,0.02277,,2.252e-04,2670.2
19380,2.12970,2.12927,0.02189,,2.245e-04,2671.6
19390,2.05521,2.05481,0.02001,,2.237e-04,2673.0
19400,2.02963,2.02926,0.01826,,2.229e-04,2674.4
19410,2.08979,2.08932,0.02385,,2.221e-04,2675.8
19420,2.06607,2.06557,0.02514,,2.214e-04,2677.1
19430,2.25811,2.25780,0.01550,,2.206e-04,2678.5
19440,2.04559,2.04521,0.01861,,2.198e-04,2679.9
19450,2.09405,2.09359,0.02295,,2.191e-04,2681.2
19460,2.20739,2.20696,0.02107,,2.183e-04,2682.6
19470,1.95989,1.95944,0.02234,,2.176e-04,2684.0
19480,2.29430,2.29378,0.02598,,2.168e-04,2685.3
19490,2.03041,2.02997,0.02191,,2.160e-04,2686.7
19500,2.01196,2.01159,0.01859,,2.153e-04,2688.1
19510,1.75008,1.74957,0.02563,,2.145e-04,2689.5
19520,2.16606,2.16557,0.02449,,2.138e-04,2690.9
19530,2.00206,2.00166,0.01975,,2.130e-04,2692.3
19540,1.91742,1.91698,0.02168,,2.123e-04,2693.6
19550,1.97270,1.97232,0.01897,,2.115e-04,2695.0
19560,2.15270,2.15234,0.01834,,2.108e-04,2696.4
19570,1.93801,1.93771,0.01498,,2.100e-04,2697.8
19580,2.21097,2.21047,0.02518,,2.093e-04,2699.2
19590,2.13977,2.13935,0.02084,,2.086e-04,2700.6
19600,2.10358,2.10320,0.01930,,2.078e-04,2702.0
19610,2.17957,2.17916,0.02040,,2.071e-04,2703.3
19620,2.06278,2.06229,0.02436,,2.063e-04,2704.8
19630,2.21339,2.21276,0.03148,,2.056e-04,2706.2
19640,2.37957,2.37910,0.02377,,2.049e-04,2707.6
19650,2.07096,2.07045,0.02538,,2.041e-04,2709.0
19660,1.86859,1.86813,0.02279,,2.034e-04,2710.3
19670,1.93178,1.93139,0.01970,,2.027e-04,2711.7
19680,1.96786,1.96757,0.01412,,2.019e-04,2713.1
19690,2.15309,2.15268,0.02035,,2.012e-04,2714.5
19700,1.91432,1.91398,0.01731,,2.005e-04,2715.8
19710,2.14964,2.14910,0.02661,,1.998e-04,2717.2
19720,1.94047,1.94007,0.02021,,1.990e-04,2718.5
19730,1.74344,1.74310,0.01704,,1.983e-04,2719.9
19740,1.92186,1.92147,0.01961,,1.976e-04,2721.3
19750,1.98259,1.98224,0.01749,,1.969e-04,2722.7
19760,1.97683,1.97632,0.02539,,1.962e-04,2724.0
19770,1.98173,1.98148,0.01224,,1.954e-04,2725.4
19780,2.04966,2.04923,0.02114,,1.947e-04,2726.8
19790,2.05776,2.05733,0.02150,,1.940e-04,2728.1
19800,1.99054,1.99013,0.02038,,1.933e-04,2729.6
19810,2.13873,2.13815,0.02932,,1.926e-04,2731.0
19820,1.92448,1.92400,0.02382,,1.919e-04,2732.3
19830,2.09531,2.09479,0.02589,,1.912e-04,2733.7
19840,2.01468,2.01418,0.02496,,1.905e-04,2735.1
19850,2.01662,2.01613,0.02414,,1.898e-04,2736.5
19860,2.21174,2.21123,0.02555,,1.891e-04,2737.9
19870,2.01342,2.01297,0.02249,,1.884e-04,2739.2
19880,2.06715,2.06664,0.02557,,1.877e-04,2740.6
19890,2.16931,2.16886,0.02261,,1.870e-04,2742.0
19900,2.00603,2.00555,0.02417,,1.863e-04,2743.4
19910,1.66219,1.66183,0.01812,,1.856e-04,2744.8
19920,2.13860,2.13815,0.02229,,1.849e-04,2746.2
19930,2.00148,2.00114,0.01712,,1.842e-04,2747.6
19940,2.17477,2.17434,0.02140,,1.835e-04,2749.0
19950,2.00821,2.00792,0.01465,,1.828e-04,2750.4
19960,2.20704,2.20641,0.03120,,1.821e-04,2751.8
19970,2.08133,2.08079,0.02676,,1.815e-04,2753.2
19980,2.02493,2.02472,0.01033,,1.808e-04,2754.5
19990,1.96981,1.96940,0.02063,,1.801e-04,2755.9
20000,2.06849,2.06803,0.02298,2.11667,1.794e-04,2757.7
20010,1.89460,1.89428,0.01609,,1.787e-04,2759.4
20020,1.85814,1.85772,0.02118,,1.781e-04,2760.8
20030,2.14318,2.14282,0.01830,,1.774e-04,2762.1
20040,1.82923,1.82898,0.01224,,1.767e-04,2763.5
20050,2.19942,2.19883,0.02942,,1.760e-04,2764.9
20060,1.99931,1.99896,0.01758,,1.754e-04,2766.3
20070,2.08937,2.08891,0.02256,,1.747e-04,2767.6
20080,1.79702,1.79671,0.01542,,1.740e-04,2769.0
20090,1.96534,1.96499,0.01718,,1.734e-04,2770.4
20100,1.87444,1.87396,0.02399,,1.727e-04,2771.8
20110,1.80974,1.80928,0.02330,,1.720e-04,2773.1
20120,2.03334,2.03290,0.02219,,1.714e-04,2774.6
20130,1.93257,1.93202,0.02733,,1.707e-04,2775.9
20140,2.05831,2.05789,0.02113,,1.700e-04,2777.3
20150,2.12580,2.12523,0.02887,,1.694e-04,2778.7
20160,2.02498,2.02445,0.02637,,1.687e-04,2780.1
20170,2.06723,2.06659,0.03215,,1.681e-04,2781.4
20180,2.15239,2.15190,0.02452,,1.674e-04,2782.8
20190,2.33720,2.33657,0.03146,,1.668e-04,2784.2
20200,2.03296,2.03247,0.02481,,1.661e-04,2785.5
20210,2.08769,2.08718,0.02518,,1.655e-04,2786.8
20220,2.18061,2.18020,0.02066,,1.648e-04,2788.2
20230,2.17754,2.17712,0.02113,,1.642e-04,2789.5
20240,1.85788,1.85756,0.01611,,1.635e-04,2790.9
20250,2.24335,2.24287,0.02421,,1.629e-04,2792.3
20260,1.88628,1.88579,0.02458,,1.623e-04,2793.8
20270,1.89404,1.89359,0.02275,,1.616e-04,2795.1
20280,1.85205,1.85163,0.02121,,1.610e-04,2796.5
20290,2.18621,2.18569,0.02619,,1.603e-04,2798.0
20300,2.04407,2.04367,0.01987,,1.597e-04,2799.3
20310,2.03360,2.03308,0.02600,,1.591e-04,2800.8
20320,1.78709,1.78668,0.02037,,1.584e-04,2802.1
20330,1.92198,1.92165,0.01634,,1.578e-04,2803.5
20340,1.86068,1.86033,0.01759,,1.572e-04,2804.9
20350,2.05588,2.05535,0.02641,,1.566e-04,2806.2
20360,2.02891,2.02843,0.02378,,1.559e-04,2807.6
20370,1.79690,1.79651,0.01947,,1.553e-04,2809.0
20380,2.09204,2.09152,0.02598,,1.547e-04,2810.4
20390,2.01830,2.01779,0.02553,,1.541e-04,2811.8
20400,2.17579,2.17535,0.02188,,1.535e-04,2813.1
20410,1.91786,1.91746,0.01988,,1.528e-04,2814.5
20420,1.91686,1.91637,0.02447,,1.522e-04,2815.9
20430,2.04998,2.04951,0.02348,,1.516e-04,2817.3
20440,1.80968,1.80931,0.01856,,1.510e-04,2818.7
20450,1.95729,1.95690,0.01937,,1.504e-04,2820.0
20460,2.08736,2.08695,0.02048,,1.498e-04,2821.4
20470,1.75483,1.75458,0.01245,,1.492e-04,2822.8
20480,2.28175,2.28118,0.02855,,1.486e-04,2824.2
20490,2.00750,2.00709,0.02062,,1.480e-04,2825.6
20500,1.75321,1.75286,0.01765,,1.474e-04,2826.9
20510,1.95344,1.95293,0.02568,,1.468e-04,2828.3
20520,2.19588,2.19545,0.02127,,1.462e-04,2829.7
20530,1.98836,1.98797,0.01949,,1.456e-04,2831.1
20540,1.90171,1.90130,0.02040,,1.450e-04,2832.5
20550,1.97360,1.97316,0.02221,,1.444e-04,2833.9
20560,2.11910,2.11868,0.02111,,1.438e-04,2835.3
20570,1.96182,1.96141,0.02089,,1.432e-04,2836.7
20580,2.07062,2.07021,0.02046,,1.426e-04,2838.1
20590,1.96299,1.96245,0.02694,,1.420e-04,2839.5
20600,1.96097,1.96064,0.01650,,1.414e-04,2840.9
20610,2.16455,2.16392,0.03164,,1.408e-04,2842.3
20620,2.11172,2.11129,0.02153,,1.402e-04,2843.7
20630,2.05383,2.05351,0.01605,,1.397e-04,2845.0
20640,2.26147,2.26104,0.02134,,1.391e-04,2846.4
20650,1.98079,1.98025,0.02712,,1.385e-04,2847.8
20660,2.06860,2.06829,0.01550,,1.379e-04,2849.2
20670,2.01273,2.01217,0.02780,,1.374e-04,2850.6
20680,1.85490,1.85444,0.02305,,1.368e-04,2851.9
20690,1.74445,1.74401,0.02221,,1.362e-04,2853.3
20700,1.99554,1.99514,0.02001,,1.356e-04,2854.7
20710,2.05701,2.05667,0.01690,,1.351e-04,2856.0
20720,1.99805,1.99762,0.02160,,1.345e-04,2857.4
20730,2.26465,2.26410,0.02772,,1.339e-04,2858.7
20740,2.10256,2.10214,0.02065,,1.334e-04,2860.1
20750,2.06964,2.06915,0.02455,,1.328e-04,2861.5
20760,1.83185,1.83155,0.01503,,1.322e-04,2862.9
20770,2.13687,2.13648,0.01968,,1.317e-04,2864.2
20780,1.96587,1.96523,0.03176,,1.311e-04,2865.6
20790,1.81744,1.81700,0.02217,,1.306e-04,2866.8
20800,2.10502,2.10459,0.02119,,1.300e-04,2868.2
20810,1.90503,1.90464,0.01989,,1.295e-04,2869.5
20820,1.96811,1.96765,0.02303,,1.289e-04,2870.8
20830,2.12531,2.12489,0.02093,,1.284e-04,2872.2
20840,1.90748,1.90703,0.02212,,1.278e-04,2873.5
20850,2.06828,2.06783,0.02227,,1.273e-04,2874.9
20860,1.96266,1.96216,0.02509,,1.267e-04,2876.2
20870,1.70475,1.70421,0.02676,,1.262e-04,2877.6
20880,2.15710,2.15676,0.01705,,1.256e-04,2879.0
20890,2.18915,2.18866,0.02457,,1.251e-04,2880.4
20900,2.16686,2.16636,0.02526,,1.246e-04,2881.8
20910,2.06441,2.06388,0.02646,,1.240e-04,2883.2
20920,1.96480,1.96426,0.02699,,1.235e-04,2884.5
20930,1.74110,1.74073,0.01870,,1.230e-04,2885.9
20940,1.76682,1.76647,0.01739,,1.224e-04,2887.3
20950,2.18986,2.18939,0.02332,,1.219e-04,2888.7
20960,1.75358,1.75328,0.01471,,1.214e-04,2890.0
20970,2.00692,2.00656,0.01804,,1.208e-04,2891.5
20980,1.85599,1.85568,0.01553,,1.203e-04,2892.9
20990,1.93664,1.93608,0.02786,,1.198e-04,2894.3
21000,1.77853,1.77798,0.02723,2.13041,1.193e-04,2896.1
21010,1.85703,1.85672,0.01568,,1.188e-04,2897.5
21020,1.92920,1.92880,0.02030,,1.182e-04,2898.8
21030,2.35577,2.35528,0.02428,,1.177e-04,2900.2
21040,2.12346,2.12301,0.02224,,1.172e-04,2901.6
21050,2.01275,2.01223,0.02597,,1.167e-04,2902.9
21060,1.95247,1.95185,0.03089,,1.162e-04,2904.3
21070,1.89376,1.89321,0.02777,,1.157e-04,2905.6
21080,1.94525,1.94497,0.01379,,1.152e-04,2906.9
21090,2.13478,2.13433,0.02271,,1.146e-04,2908.3
21100,2.05520,2.05464,0.02808,,1.141e-04,2909.6
21110,2.21920,2.21871,0.02448,,1.136e-04,2911.0
21120,2.03868,2.03829,0.01937,,1.131e-04,2912.4
21130,2.22461,2.22417,0.02182,,1.126e-04,2913.7
21140,1.98621,1.98574,0.02346,,1.121e-04,2915.1
21150,2.10036,2.09996,0.02027,,1.116e-04,2916.5
21160,1.69586,1.69553,0.01609,,1.111e-04,2917.9
21170,2.37300,2.37241,0.02954,,1.107e-04,2919.2
21180,1.85335,1.85295,0.01979,,1.102e-04,2920.6
21190,1.83948,1.83919,0.01426,,1.097e-04,2921.9
21200,1.85924,1.85884,0.02004,,1.092e-04,2923.2
21210,2.18327,2.18269,0.02859,,1.087e-04,2924.6
21220,2.00205,2.00174,0.01564,,1.082e-04,2926.0
21230,1.70597,1.70553,0.02222,,1.077e-04,2927.3
21240,1.64365,1.64337,0.01405,,1.072e-04,2928.7
21250,2.10810,2.10764,0.02313,,1.068e-04,2930.0
21260,2.28416,2.28352,0.03173,,1.063e-04,2931.4
21270,2.03661,2.03615,0.02266,,1.058e-04,2932.8
21280,2.04292,2.04246,0.02279,,1.053e-04,2934.1
21290,1.97057,1.97018,0.01951,,1.049e-04,2935.5
21300,2.04431,2.04378,0.02672,,1.044e-04,2936.9
21310,1.95222,1.95185,0.01885,,1.039e-04,2938.1
21320,1.89229,1.89178,0.02548,,1.034e-04,2939.5
21330,2.28200,2.28156,0.02201,,1.030e-04,2940.9
21340,2.08808,2.08750,0.02898,,1.025e-04,2942.2
21350,2.27346,2.27295,0.02546,,1.020e-04,2943.5
21360,2.01334,2.01274,0.02960,,1.016e-04,2944.9
21370,2.26693,2.26637,0.02772,,1.011e-04,2946.3
21380,2.10933,2.10887,0.02320,,1.007e-04,2947.6
21390,2.13771,2.13724,0.02344,,1.002e-04,2949.0
21400,2.11922,2.11861,0.03041,,9.975e-05,2950.4
21410,2.22256,2.22202,0.02680,,9.930e-05,2951.7
21420,2.14843,2.14799,0.02196,,9.885e-05,2953.1
21430,2.22819,2.22771,0.02398,,9.839e-05,2954.4
21440,1.85664,1.85628,0.01812,,9.795e-05,2955.8
21450,2.02563,2.02499,0.03188,,9.750e-05,2957.2
21460,2.10436,2.10390,0.02327,,9.705e-05,2958.6
21470,2.05409,2.05365,0.02199,,9.661e-05,2960.0
21480,1.88466,1.88441,0.01232,,9.617e-05,2961.4
21490,1.85923,1.85888,0.01758,,9.573e-05,2962.7
21500,2.04800,2.04763,0.01851,,9.529e-05,2964.2
21510,1.76533,1.76504,0.01477,,9.485e-05,2965.5
21520,2.10032,2.09967,0.03224,,9.442e-05,2966.9
21530,1.96036,1.96007,0.01452,,9.398e-05,2968.3
21540,1.89734,1.89691,0.02146,,9.355e-05,2969.7
21550,1.88175,1.88145,0.01518,,9.312e-05,2971.0
21560,1.74956,1.74917,0.01958,,9.269e-05,2972.4
21570,2.03108,2.03070,0.01863,,9.226e-05,2973.7
21580,1.99657,1.99616,0.02057,,9.184e-05,2975.1
21590,2.09925,2.09880,0.02264,,9.141e-05,2976.5
21600,1.84654,1.84619,0.01740,,9.099e-05,2977.9
21610,2.22927,2.22856,0.03542,,9.057e-05,2979.2
21620,1.73094,1.73059,0.01758,,9.015e-05,2980.6
21630,1.96791,1.96740,0.02562,,8.974e-05,2982.0
21640,2.14442,2.14404,0.01869,,8.932e-05,2983.4
21650,1.96500,1.96450,0.02493,,8.891e-05,2984.8
21660,2.24919,2.24864,0.02773,,8.850e-05,2986.2
21670,1.99763,1.99702,0.03055,,8.809e-05,2987.6
21680,2.00519,2.00477,0.02095,,8.768e-05,2989.0
21690,1.75804,1.75764,0.02030,,8.727e-05,2990.3
21700,2.05555,2.05503,0.02645,,8.687e-05,2991.8
21710,1.68344,1.68313,0.01545,,8.646e-05,2993.2
21720,2.08909,2.08869,0.02005,,8.606e-05,2994.5
21730,1.96269,1.96227,0.02078,,8.566e-05,2995.9
21740,1.99779,1.99717,0.03120,,8.526e-05,2997.2
21750,1.94118,1.94075,0.02139,,8.487e-05,2998.6
21760,1.97327,1.97279,0.02384,,8.447e-05,2999.9
21770,1.84710,1.84664,0.02271,,8.408e-05,3001.3
21780,2.04583,2.04536,0.02387,,8.369e-05,3002.6
21790,1.99955,1.99909,0.02339,,8.330e-05,3003.8
21800,1.92880,1.92837,0.02129,,8.291e-05,3005.1
21810,1.87373,1.87331,0.02120,,8.253e-05,3006.5
21820,2.12766,2.12718,0.02403,,8.214e-05,3007.8
21830,2.08996,2.08963,0.01623,,8.176e-05,3009.2
21840,1.75371,1.75333,0.01895,,8.138e-05,3010.6
21850,1.93335,1.93292,0.02147,,8.100e-05,3012.0
21860,2.05303,2.05264,0.01991,,8.062e-05,3013.4
21870,1.97454,1.97400,0.02703,,8.024e-05,3014.8
21880,1.79450,1.79400,0.02536,,7.987e-05,3016.2
21890,2.04527,2.04490,0.01849,,7.950e-05,3017.6
21900,2.10299,2.10240,0.02977,,7.913e-05,3019.0
21910,2.12649,2.12602,0.02362,,7.876e-05,3020.4
21920,1.67941,1.67893,0.02376,,7.839e-05,3021.8
21930,2.31216,2.31173,0.02150,,7.802e-05,3023.2
21940,1.83788,1.83758,0.01511,,7.766e-05,3024.6
21950,2.03829,2.03765,0.03209,,7.730e-05,3026.0
21960,1.89378,1.89338,0.02002,,7.694e-05,3027.4
21970,2.26935,2.26885,0.02508,,7.658e-05,3028.8
21980,2.05716,2.05665,0.02523,,7.622e-05,3030.2
21990,2.01989,2.01942,0.02352,,7.587e-05,3031.5
22000,2.00709,2.00670,0.01937,2.14320,7.551e-05,3033.4
22010,1.90113,1.90078,0.01755,,7.516e-05,3034.8
22020,1.83028,1.83002,0.01299,,7.481e-05,3036.1
22030,2.05923,2.05873,0.02472,,7.446e-05,3037.7
22040,2.06539,2.06482,0.02858,,7.412e-05,3039.0
22050,2.11904,2.11851,0.02664,,7.377e-05,3040.4
22060,1.90326,1.90287,0.01934,,7.343e-05,3041.8
22070,1.97666,1.97631,0.01730,,7.309e-05,3043.2
22080,1.98396,1.98353,0.02192,,7.275e-05,3044.6
22090,1.94321,1.94285,0.01792,,7.241e-05,3045.9
22100,2.04124,2.04082,0.02096,,7.207e-05,3047.3
22110,2.08027,2.07979,0.02425,,7.174e-05,3048.8
22120,2.13877,2.13818,0.02926,,7.140e-05,3050.2
22130,2.20971,2.20927,0.02217,,7.107e-05,3051.6
22140,2.17989,2.17928,0.03055,,7.074e-05,3053.0
22150,1.79626,1.79584,0.02122,,7.041e-05,3054.3
22160,1.92191,1.92152,0.01935,,7.009e-05,3055.7
22170,2.08037,2.07986,0.02580,,6.976e-05,3057.1
22180,1.83424,1.83377,0.02367,,6.944e-05,3058.5
22190,1.79916,1.79873,0.02152,,6.912e-05,3059.8
22200,1.80463,1.80432,0.01558,,6.880e-05,3061.2
22210,2.12669,2.12620,0.02449,,6.848e-05,3062.6
22220,1.83723,1.83691,0.01604,,6.817e-05,3064.0
22230,2.17856,2.17808,0.02432,,6.785e-05,3065.3
22240,1.86676,1.86647,0.01415,,6.754e-05,3066.7
22250,2.07677,2.07638,0.01947,,6.723e-05,3068.1
22260,2.09281,2.09231,0.02522,,6.692e-05,3069.5
22270,2.06420,2.06375,0.02264,,6.662e-05,3070.8
22280,2.04208,2.04157,0.02537,,6.631e-05,3072.1
22290,2.09703,2.09660,0.02156,,6.601e-05,3073.5
22300,1.88956,1.88923,0.01635,,6.571e-05,3074.9
22310,1.85127,1.85092,0.01716,,6.541e-05,3076.3
22320,1.93827,1.93791,0.01808,,6.511e-05,3077.6
22330,1.83120,1.83088,0.01569,,6.481e-05,3079.1
22340,2.17365,2.17330,0.01756,,6.452e-05,3080.4
22350,1.97744,1.97693,0.02535,,6.422e-05,3081.9
22360,1.93571,1.93544,0.01359,,6.393e-05,3083.2
22370,1.76005,1.75963,0.02126,,6.364e-05,3084.6
22380,1.92120,1.92082,0.01910,,6.335e-05,3086.0
22390,2.02663,2.02624,0.01941,,6.307e-05,3087.4
22400,1.99906,1.99867,0.01974,,6.278e-05,3088.9
22410,2.03882,2.03846,0.01849,,6.250e-05,3090.2
22420,1.86914,1.86879,0.01743,,6.222e-05,3091.6
22430,2.09343,2.09302,0.02037,,6.194e-05,3093.0
22440,1.86718,1.86656,0.03074,,6.166e-05,3094.4
22450,2.21632,2.21579,0.02659,,6.139e-05,3095.7
22460,1.95406,1.95353,0.02671,,6.111e-05,3097.1
22470,1.97959,1.97914,0.02219,,6.084e-05,3098.5
22480,2.15036,2.14997,0.01959,,6.057e-05,3099.8
22490,1.91686,1.91653,0.01675,,6.030e-05,3101.3
22500,1.87804,1.87752,0.02622,,6.004e-05,3102.6
22510,1.82143,1.82107,0.01782,,5.977e-05,3104.0
22520,1.84680,1.84638,0.02061,,5.951e-05,3105.4
22530,2.12334,2.12264,0.03527,,5.925e-05,3106.8
22540,1.77551,1.77514,0.01858,,5.899e-05,3108.2
22550,1.93634,1.93593,0.02071,,5.873e-05,3109.6
22560,2.02198,2.02136,0.03090,,5.847e-05,3111.0
22570,2.00060,2.00018,0.02073,,5.822e-05,3112.3
22580,1.78349,1.78315,0.01728,,5.796e-05,3113.7
22590,1.68549,1.68516,0.01696,,5.771e-05,3115.1
22600,2.10835,2.10783,0.02636,,5.746e-05,3116.5
22610,2.08147,2.08109,0.01891,,5.722e-05,3117.9
22620,2.02980,2.02948,0.01633,,5.697e-05,3119.2
22630,1.92592,1.92559,0.01625,,5.672e-05,3120.6
22640,2.15493,2.15451,0.02084,,5.648e-05,3122.0
22650,1.72158,1.72118,0.01982,,5.624e-05,3123.3
22660,2.02837,2.02785,0.02598,,5.600e-05,3124.7
22670,2.05991,2.05937,0.02687,,5.577e-05,3126.1
22680,1.97434,1.97394,0.02005,,5.553e-05,3127.5
22690,1.79104,1.79068,0.01830,,5.530e-05,3129.0
22700,1.77211,1.77172,0.01939,,5.506e-05,3130.4
22710,1.88418,1.88382,0.01785,,5.483e-05,3131.9
22720,1.94185,1.94139,0.02329,,5.461e-05,3133.3
22730,2.20101,2.20036,0.03278,,5.438e-05,3134.7
22740,1.94296,1.94254,0.02094,,5.416e-05,3136.0
22750,1.64097,1.64062,0.01795,,5.393e-05,3137.4
22760,2.12497,2.12451,0.02278,,5.371e-05,3138.8
22770,1.98663,1.98611,0.02587,,5.349e-05,3140.2
22780,1.81906,1.81885,0.01051,,5.327e-05,3141.5
22790,1.99352,1.99284,0.03409,,5.306e-05,3142.9
22800,1.88764,1.88723,0.02075,,5.284e-05,3144.3
22810,1.83644,1.83604,0.01983,,5.263e-05,3145.6
22820,2.04208,2.04168,0.02007,,5.242e-05,3147.0
22830,2.06899,2.06859,0.01982,,5.221e-05,3148.4
22840,1.89074,1.89023,0.02528,,5.200e-05,3149.8
22850,1.99414,1.99381,0.01644,,5.180e-05,3151.2
22860,2.07419,2.07381,0.01876,,5.159e-05,3152.6
22870,1.75652,1.75613,0.01955,,5.139e-05,3154.0
22880,1.93149,1.93101,0.02427,,5.119e-05,3155.3
22890,2.09691,2.09631,0.03013,,5.099e-05,3156.7
22900,2.03613,2.03575,0.01895,,5.080e-05,3158.1
22910,1.94576,1.94534,0.02122,,5.060e-05,3159.5
22920,1.69712,1.69675,0.01843,,5.041e-05,3160.8
22930,2.06321,2.06264,0.02851,,5.022e-05,3162.2
22940,2.22386,2.22325,0.03060,,5.003e-05,3163.6
22950,2.01614,2.01567,0.02335,,4.984e-05,3164.9
22960,1.95788,1.95750,0.01907,,4.965e-05,3166.3
22970,2.04457,2.04416,0.02048,,4.947e-05,3167.7
22980,1.97178,1.97138,0.02006,,4.929e-05,3169.1
22990,2.08685,2.08649,0.01821,,4.911e-05,3170.4
23000,2.01171,2.01133,0.01893,2.15503,4.893e-05,3172.3
23010,1.95960,1.95909,0.02502,,4.875e-05,3173.6
23020,1.99006,1.98974,0.01609,,4.857e-05,3175.0
23030,1.81105,1.81076,0.01467,,4.840e-05,3176.4
23040,2.29758,2.29711,0.02370,,4.823e-05,3177.7
23050,1.98741,1.98699,0.02108,,4.806e-05,3179.1
23060,1.93522,1.93480,0.02115,,4.789e-05,3180.5
23070,1.82475,1.82426,0.02450,,4.772e-05,3181.9
23080,2.07555,2.07520,0.01743,,4.756e-05,3183.3
23090,1.97663,1.97612,0.02564,,4.740e-05,3184.7
23100,2.01164,2.01122,0.02087,,4.724e-05,3186.1
23110,2.01534,2.01501,0.01643,,4.708e-05,3187.5
23120,1.83417,1.83383,0.01720,,4.692e-05,3188.8
23130,1.91844,1.91790,0.02725,,4.676e-05,3190.2
23140,2.10810,2.10751,0.02944,,4.661e-05,3191.6
23150,1.89601,1.89544,0.02826,,4.646e-05,3193.0
23160,2.00609,2.00555,0.02719,,4.630e-05,3194.4
23170,1.71494,1.71470,0.01194,,4.616e-05,3195.8
23180,1.84754,1.84706,0.02415,,4.601e-05,3197.1
23190,1.85475,1.85421,0.02679,,4.586e-05,3198.5
23200,1.88964,1.88916,0.02414,,4.572e-05,3199.9
23210,2.14365,2.14317,0.02391,,4.558e-05,3201.3
23220,1.96468,1.96423,0.02259,,4.544e-05,3202.7
23230,1.97152,1.97104,0.02389,,4.530e-05,3204.1
23240,1.89482,1.89443,0.01931,,4.516e-05,3205.4
23250,1.87438,1.87403,0.01745,,4.503e-05,3206.8
23260,2.21484,2.21425,0.02908,,4.490e-05,3208.2
23270,1.85617,1.85576,0.02018,,4.476e-05,3209.6
23280,2.18420,2.18364,0.02774,,4.464e-05,3210.9
23290,2.06259,2.06209,0.02469,,4.451e-05,3212.3
23300,1.84984,1.84942,0.02110,,4.438e-05,3213.7
23310,2.05390,2.05341,0.02431,,4.426e-05,3215.1
23320,1.69671,1.69642,0.01458,,4.414e-05,3216.4
23330,2.12767,2.12713,0.02692,,4.401e-05,3217.8
23340,1.84412,1.84362,0.02480,,4.390e-05,3219.1
23350,2.02086,2.02030,0.02809,,4.378e-05,3220.5
23360,1.81994,1.81963,0.01561,,4.366e-05,3221.9
23370,1.91971,1.91946,0.01266,,4.355e-05,3223.2
23380,1.88679,1.88639,0.02016,,4.344e-05,3224.4
23390,2.01953,2.01910,0.02146,,4.333e-05,3225.8
23400,2.03715,2.03668,0.02339,,4.322e-05,3227.1
23410,1.83309,1.83272,0.01880,,4.312e-05,3228.4
23420,2.06941,2.06890,0.02541,,4.301e-05,3229.8
23430,1.95751,1.95706,0.02205,,4.291e-05,3231.2
23440,2.09444,2.09403,0.02051,,4.281e-05,3232.5
23450,1.99715,1.99663,0.02626,,4.271e-05,3233.9
23460,1.96679,1.96642,0.01846,,4.261e-05,3235.3
23470,1.86525,1.86494,0.01577,,4.251e-05,3236.7
23480,2.12675,2.12620,0.02777,,4.242e-05,3238.1
23490,1.99468,1.99432,0.01798,,4.233e-05,3239.4
23500,2.27870,2.27806,0.03202,,4.224e-05,3240.8
23510,1.87872,1.87829,0.02146,,4.215e-05,3242.2
23520,1.93354,1.93290,0.03192,,4.206e-05,3243.5
23530,2.04131,2.04086,0.02262,,4.198e-05,3244.9
23540,1.85981,1.85938,0.02156,,4.190e-05,3246.3
23550,2.07700,2.07658,0.02074,,4.181e-05,3247.7
23560,1.89544,1.89510,0.01714,,4.173e-05,3249.1
23570,1.76432,1.76399,0.01617,,4.166e-05,3250.4
23580,2.03316,2.03278,0.01899,,4.158e-05,3251.8
23590,1.83193,1.83151,0.02132,,4.151e-05,3253.2
23600,1.85214,1.85178,0.01773,,4.143e-05,3254.5
23610,1.91087,1.91067,0.01016,,4.136e-05,3255.9
23620,1.98934,1.98872,0.03118,,4.130e-05,3257.3
23630,2.15067,2.15031,0.01808,,4.123e-05,3258.7
23640,1.82708,1.82664,0.02203,,4.116e-05,3260.1
23650,1.93295,1.93255,0.02036,,4.110e-05,3261.4
23660,2.16381,2.16336,0.02279,,4.104e-05,3262.8
23670,2.04517,2.04471,0.02298,,4.098e-05,3264.2
23680,2.00005,1.99960,0.02268,,4.092e-05,3265.5
23690,2.11685,2.11627,0.02907,,4.086e-05,3267.0
23700,2.01212,2.01158,0.02693,,4.081e-05,3268.3
23710,2.02078,2.02012,0.03302,,4.076e-05,3269.7
23720,1.91838,1.91798,0.02017,,4.070e-05,3271.1
23730,1.91772,1.91730,0.02113,,4.066e-05,3272.4
23740,2.00245,2.00199,0.02280,,4.061e-05,3273.8
23750,2.08517,2.08468,0.02492,,4.056e-05,3275.3
23760,2.04910,2.04868,0.02070,,4.052e-05,3276.6
23770,1.91693,1.91642,0.02533,,4.048e-05,3278.0
23780,2.02773,2.02726,0.02368,,4.044e-05,3279.4
23790,1.93709,1.93672,0.01816,,4.040e-05,3280.8
23800,2.01301,2.01263,0.01876,,4.036e-05,3282.2
23810,1.87068,1.87025,0.02191,,4.033e-05,3283.6
23820,2.08854,2.08818,0.01813,,4.029e-05,3285.0
23830,2.09847,2.09797,0.02522,,4.026e-05,3286.3
23840,1.94238,1.94200,0.01901,,4.023e-05,3287.7
23850,1.89515,1.89465,0.02501,,4.020e-05,3289.1
23860,1.71639,1.71600,0.01929,,4.018e-05,3290.5
23870,2.05791,2.05735,0.02808,,4.015e-05,3291.8
23880,2.12665,2.12621,0.02201,,4.013e-05,3293.3
23890,1.71358,1.71317,0.02053,,4.011e-05,3294.6
23900,2.11409,2.11359,0.02507,,4.009e-05,3296.0
23910,2.16596,2.16529,0.03315,,4.007e-05,3297.4
23920,1.65604,1.65563,0.02061,,4.006e-05,3298.8
23930,1.81887,1.81853,0.01680,,4.004e-05,3300.2
23940,2.07882,2.07837,0.02272,,4.003e-05,3301.6
23950,2.03678,2.03629,0.02483,,4.002e-05,3303.0
23960,2.16197,2.16146,0.02545,,4.002e-05,3304.4
23970,1.98179,1.98131,0.02369,,4.001e-05,3305.8
23980,1.77714,1.77681,0.01684,,4.000e-05,3307.2
23990,1.97998,1.97956,0.02131,,4.000e-05,3308.6
24000,1.97758,1.97718,0.02011,2.16659,4.000e-05,3310.3
